ISO-10303-21;
HEADER;
FILE_DESCRIPTION (( 'STEP AP214' ),
    '1' );
FILE_NAME ('Same_Sky_MJ1-2502.step',
    '2025-04-24T18:41:30',
    ( '' ),
    ( '' ),
    'SwSTEP 2.0',
    'SolidWorks 2025',
    '' );
FILE_SCHEMA (( 'AUTOMOTIVE_DESIGN' ));
ENDSEC;

DATA;
#1 = DIRECTION ( 'NONE',  ( 0.000000000000000000, 0.000000000000000000, 1.000000000000000000 ) ) ;
#2 = CARTESIAN_POINT ( 'NONE',  ( -0.04554986537257683238, 0.07078824971347662254, 0.2783661417322488840 ) ) ;
#3 = CARTESIAN_POINT ( 'NONE',  ( 0.02904809784745669352, 0.06801198387208662322, 0.3792381896191339141 ) ) ;
#4 = EDGE_LOOP ( 'NONE', ( #1956, #4345, #1780, #1167 ) ) ;
#5 = EDGE_CURVE ( 'NONE', #1178, #4563, #1213, .T. ) ;
#6 = CARTESIAN_POINT ( 'NONE',  ( -0.07086613317832575476, -0.009276418885007844603, 0.3488338922691197053 ) ) ;
#7 = CARTESIAN_POINT ( 'NONE',  ( -0.03276132817106191392, -0.06283976244659876531, 0.3754754882840480867 ) ) ;
#8 = CARTESIAN_POINT ( 'NONE',  ( -0.008934865743543320832, -0.07087194302552821124, 0.3135781739823181868 ) ) ;
#9 = FACE_OUTER_BOUND ( 'NONE', #4700, .T. ) ;
#10 = CARTESIAN_POINT ( 'NONE',  ( -0.06536022305283399614, -0.02738740209874139173, 0.3142367993996075248 ) ) ;
#11 = EDGE_CURVE ( 'NONE', #4591, #1468, #53, .T. ) ;
#12 = CARTESIAN_POINT ( 'NONE',  ( 0.05993296369515523081, 0.03783596781967567269, 0.3206351631200557994 ) ) ;
#13 = CARTESIAN_POINT ( 'NONE',  ( -0.04116376383462706096, 0.05864848279162067357, 0.3060349887552885062 ) ) ;
#14 = ORIENTED_EDGE ( 'NONE', *, *, #3704, .F. ) ;
#15 = ORIENTED_EDGE ( 'NONE', *, *, #2276, .F. ) ;
#16 = CARTESIAN_POINT ( 'NONE',  ( -0.01334566264986257640, 0.07776350206960361278, 0.3558544719092196496 ) ) ;
#17 = CARTESIAN_POINT ( 'NONE',  ( -0.07551623667551181363, -0.02065889699310629810, 0.2768269897333858198 ) ) ;
#18 = CARTESIAN_POINT ( 'NONE',  ( -0.06956940413138051893, 0.01349568741968867197, 0.2887493125367520119 ) ) ;
#19 = CARTESIAN_POINT ( 'NONE',  ( 0.03414848886618668949, 0.06211096418721785001, 0.2828523821969496921 ) ) ;
#20 = CARTESIAN_POINT ( 'NONE',  ( 0.02362204724409448786, -0.3661417322834645272, 0.1889763779527559029 ) ) ;
#21 = ORIENTED_EDGE ( 'NONE', *, *, #3049, .F. ) ;
#22 = B_SPLINE_CURVE_WITH_KNOTS ( 'NONE', 3,
 ( #1107, #2936, #1087, #3298, #2883, #3613, #1781, #2471, #620, #4346, #4701, #2089, #1420, #1063, #3559, #2521, #3269, #4726, #1448, #1728, #2913, #3196, #1372, #4371, #1008, #2836, #1396, #4295, #2114, #3944, #645, #3585, #3223, #287, #1757, #4679, #2860, #1563, #111, #428, #3320, #4414, #1132, #3340, #3778, #16, #475, #2309, #454, #2591, #814, #91, #2982, #2956, #1586, #1926, #4063, #3709, #4038, #789, #4514, #3391, #1947, #3413, #2618, #4439, #768, #2234, #38, #3054, #1491, #1228, #744, #3029, #405, #2285, #4487, #1157, #1876, #2212, #1204, #2666, #3687, #3731, #4086, #1515, #4111, #4465, #1854, #2259, #1900, #4136, #839, #383, #3368, #1179, #67, #1539, #3008, #2641, #3758, #2079, #997, #3525, #3160, #4254, #2461, #139 ),
 .UNSPECIFIED., .F., .F.,
 ( 4, 2, 2, 2, 2, 2, 2, 2, 2, 2, 2, 2, 2, 2, 2, 2, 2, 2, 2, 2, 2, 2, 2, 2, 2, 2, 2, 2, 2, 2, 2, 2, 2, 2, 2, 2, 2, 2, 2, 2, 2, 2, 2, 2, 2, 2, 2, 2, 2, 2, 2, 2, 2, 4 ),
 ( 9.697399036122160616E-19, 0.0003911283077276635819, 0.0007822566154553261880, 0.001173384923182988144, 0.001564513230910650641, 0.002346769846365974552, 0.003129026461821299114, 0.003520154769548961178, 0.003911283077276623242, 0.004302411385004286173, 0.004693539692731948237, 0.005084668000459611169, 0.005475796308187273233, 0.005866924615914936164, 0.006258052923642598228, 0.007040309539097923223, 0.007822566154553249954, 0.008213694462280912018, 0.008604822770008574082, 0.008995951077736236146, 0.009387079385463899944, 0.009778207693191562008, 0.01016933600091922234, 0.01056046430864688267, 0.01095159261637454473, 0.01134272092410220506, 0.01173384923182986712, 0.01251610584728519125, 0.01290723415501285332, 0.01329836246274051538, 0.01368949077046817744, 0.01408061907819583951, 0.01486287569365116711, 0.01525400400137882917, 0.01564513230910648950, 0.01603626061683415330, 0.01642738892456181363, 0.01720964554001714122, 0.01760077384774480155, 0.01799190215547246535, 0.01838303046320012568, 0.01877415877092778948, 0.01955641538638311708, 0.01994754369411077741, 0.02033867200183844121, 0.02072980030956610500, 0.02112092861729376533, 0.02190318523274908946, 0.02229431354047675326, 0.02268544184820441706, 0.02307657015593208086, 0.02346769846365974119, 0.02424995507911506878, 0.02503221169457038944 ),
 .UNSPECIFIED. ) ;
#23 = CARTESIAN_POINT ( 'NONE',  ( 0.07086614173228344971, 0.009272532146198129988, 0.3035583585421044450 ) ) ;
#24 = CARTESIAN_POINT ( 'NONE',  ( -0.07874278495359787744, -0.02975442740177878034, 0.3219980314959496326 ) ) ;
#25 = CARTESIAN_POINT ( 'NONE',  ( -0.06455925202728346468, 0.05040293120279527861, 0.3377053786491732157 ) ) ;
#26 = VERTEX_POINT ( 'NONE', #20 ) ;
#27 = CARTESIAN_POINT ( 'NONE',  ( -0.03569297545152496504, 0.06191904762727135081, 0.3490904581357863190 ) ) ;
#28 = CYLINDRICAL_SURFACE ( 'NONE', #3744, 0.03937007874015747977 ) ;
#29 = CARTESIAN_POINT ( 'NONE',  ( 0.07086614173228350522, -0.009276353496258011450, 0.3775412554425162659 ) ) ;
#30 = LINE ( 'NONE', #3723, #2815 ) ;
#31 = CARTESIAN_POINT ( 'NONE',  ( -0.06543758424854939637, -0.02720179902500763358, 0.3142277056143663594 ) ) ;
#32 = CARTESIAN_POINT ( 'NONE',  ( 0.04762292602634798228, 0.05248474821575774274, 0.3214951695702916723 ) ) ;
#33 = EDGE_CURVE ( 'NONE', #4109, #3006, #1425, .T. ) ;
#34 = CARTESIAN_POINT ( 'NONE',  ( 0.003646369867198439793, 0.07086852772737624317, 0.3039741077095702848 ) ) ;
#35 = ORIENTED_EDGE ( 'NONE', *, *, #1927, .F. ) ;
#36 = ADVANCED_FACE ( 'NONE', ( #679 ), #2940, .T. ) ;
#37 = EDGE_LOOP ( 'NONE', ( #3611, #209, #1155, #1331 ) ) ;
#38 = CARTESIAN_POINT ( 'NONE',  ( 0.05044253122357213182, -0.06067092248665902077, 0.3476525814547231641 ) ) ;
#39 = EDGE_CURVE ( 'NONE', #329, #211, #46, .T. ) ;
#40 = CARTESIAN_POINT ( 'NONE',  ( -0.1377952755905511861, 0.000000000000000000, 0.2440944881889763884 ) ) ;
#41 = CARTESIAN_POINT ( 'NONE',  ( -0.06883096234753463549, 0.01721438230863262323, 0.2885898107174566518 ) ) ;
#42 = AXIS2_PLACEMENT_3D ( 'NONE', #3377, #1550, #1187 ) ;
#43 = VECTOR ( 'NONE', #3719, 39.37007874015748143 ) ;
#44 = VECTOR ( 'NONE', #671, 39.37007874015748143 ) ;
#45 = CARTESIAN_POINT ( 'NONE',  ( 0.02824089076248303271, 0.06500838472483454200, 0.2831331828095710046 ) ) ;
#46 = LINE ( 'NONE', #1112, #3121 ) ;
#47 = ORIENTED_EDGE ( 'NONE', *, *, #1695, .T. ) ;
#48 = EDGE_CURVE ( 'NONE', #4242, #1611, #2737, .T. ) ;
#49 = AXIS2_PLACEMENT_3D ( 'NONE', #4468, #2172, #4328 ) ;
#50 = DIRECTION ( 'NONE',  ( -0.000000000000000000, -0.000000000000000000, -1.000000000000000000 ) ) ;
#51 = CARTESIAN_POINT ( 'NONE',  ( 0.02854481418566929413, -0.06850709921598426011, 0.3577513104077558737 ) ) ;
#52 = VECTOR ( 'NONE', #3483, 39.37007874015748143 ) ;
#53 = CIRCLE ( 'NONE', #3891, 0.07086614173463602617 ) ;
#54 = DIRECTION ( 'NONE',  ( 0.000000000000000000, -1.000000000000000000, 0.000000000000000000 ) ) ;
#55 = EDGE_LOOP ( 'NONE', ( #3203, #2781, #4199, #1105 ) ) ;
#56 = FACE_OUTER_BOUND ( 'NONE', #1236, .T. ) ;
#57 = CARTESIAN_POINT ( 'NONE',  ( -0.01781079028089256958, -0.06863226233695934875, 0.3761892035556739233 ) ) ;
#58 = CARTESIAN_POINT ( 'NONE',  ( 0.03568955322710772732, -0.06192185856914403375, 0.3746704870692056932 ) ) ;
#59 = LINE ( 'NONE', #3680, #2663 ) ;
#60 = CARTESIAN_POINT ( 'NONE',  ( -0.05509986209011719788, -0.04456595063606411805, 0.2914736802008585648 ) ) ;
#61 = CARTESIAN_POINT ( 'NONE',  ( -0.04355059279409836254, 0.05666927516796314152, 0.3652384339590351581 ) ) ;
#62 = AXIS2_PLACEMENT_3D ( 'NONE', #4511, #3796, #3775 ) ;
#63 = CARTESIAN_POINT ( 'NONE',  ( 0.06228097371212304445, 0.03381058612986220790, 0.3204383807079953517 ) ) ;
#64 = DIRECTION ( 'NONE',  ( 0.000000000000000000, -1.000000000000000000, 0.000000000000000000 ) ) ;
#65 = VERTEX_POINT ( 'NONE', #1858 ) ;
#66 = ORIENTED_EDGE ( 'NONE', *, *, #2474, .T. ) ;
#67 = CARTESIAN_POINT ( 'NONE',  ( -0.03766695575049548717, 0.06934074729651830415, 0.3371888037831632934 ) ) ;
#68 = EDGE_CURVE ( 'NONE', #2447, #836, #4051, .T. ) ;
#69 = AXIS2_PLACEMENT_3D ( 'NONE', #2515, #4337, #2951 ) ;
#70 = LINE ( 'NONE', #1540, #817 ) ;
#71 = DIRECTION ( 'NONE',  ( 0.000000000000000000, -1.000000000000000000, 0.000000000000000000 ) ) ;
#72 = DIRECTION ( 'NONE',  ( -1.000000000000000000, 0.000000000000000000, 0.000000000000000000 ) ) ;
#73 = CARTESIAN_POINT ( 'NONE',  ( -0.0002568412062583135458, 0.07086574877772106040, 0.2844559418328350686 ) ) ;
#74 = CARTESIAN_POINT ( 'NONE',  ( -0.07086614173228346358, -2.134256245050204869E-18, 0.2736530378450535705 ) ) ;
#75 = ORIENTED_EDGE ( 'NONE', *, *, #3316, .F. ) ;
#76 = DIRECTION ( 'NONE',  ( 0.000000000000000000, 0.000000000000000000, -1.000000000000000000 ) ) ;
#77 = FACE_OUTER_BOUND ( 'NONE', #4678, .T. ) ;
#78 = EDGE_CURVE ( 'NONE', #3152, #1875, #4324, .T. ) ;
#79 = CARTESIAN_POINT ( 'NONE',  ( 0.03937007874015747977, -0.1771653543307086520, 0.01968503937007873988 ) ) ;
#80 = ORIENTED_EDGE ( 'NONE', *, *, #919, .T. ) ;
#81 = CARTESIAN_POINT ( 'NONE',  ( -0.07084497315921356453, 0.009278894600157992084, 0.3519618643821447734 ) ) ;
#82 = PRODUCT ( 'Same_Sky_MJ1-2502', 'Same_Sky_MJ1-2502', '', ( #4277 ) ) ;
#83 = DIRECTION ( 'NONE',  ( -1.000000000000000000, 0.000000000000000000, 0.000000000000000000 ) ) ;
#84 = CARTESIAN_POINT ( 'NONE',  ( -0.09448818897637795144, -0.1968503937007874127, 0.01771653543307086590 ) ) ;
#85 = CARTESIAN_POINT ( 'NONE',  ( 0.07374552168122046336, -0.02628860865159842602, 0.2957714354632677289 ) ) ;
#86 = CARTESIAN_POINT ( 'NONE',  ( -0.07086463617076318999, -6.634278630303562406E-08, 0.3681087307873528447 ) ) ;
#87 = CARTESIAN_POINT ( 'NONE',  ( 0.06655306093530224953, 0.02435668274848732523, 0.3199962481254339797 ) ) ;
#88 = CARTESIAN_POINT ( 'NONE',  ( 0.06629773539986284769, -0.02504032007275444269, 0.3217156947522297750 ) ) ;
#89 = VERTEX_POINT ( 'NONE', #2571 ) ;
#90 = ORIENTED_EDGE ( 'NONE', *, *, #3245, .T. ) ;
#91 = CARTESIAN_POINT ( 'NONE',  ( 0.03207232156234020998, 0.07208754536248661304, 0.3540094589672994618 ) ) ;
#92 = CARTESIAN_POINT ( 'NONE',  ( 0.004425006858787401860, -0.07816600154893700581, 0.3204588794971653387 ) ) ;
#93 = CARTESIAN_POINT ( 'NONE',  ( -0.06991311500881181029, 0.01161248727661521978, 0.2888301684452744822 ) ) ;
#94 = CARTESIAN_POINT ( 'NONE',  ( -0.04633114923531496399, -0.07126192910901575639, 0.3232122684128740375 ) ) ;
#95 = FACE_OUTER_BOUND ( 'NONE', #372, .T. ) ;
#96 = DIRECTION ( 'NONE',  ( 0.000000000000000000, 0.000000000000000000, 1.000000000000000000 ) ) ;
#97 = ORIENTED_EDGE ( 'NONE', *, *, #4018, .T. ) ;
#98 = CARTESIAN_POINT ( 'NONE',  ( -0.1370078740157480435, -0.1161417322834645688, 0.07677165354330708902 ) ) ;
#99 = CARTESIAN_POINT ( 'NONE',  ( 0.07602596566783464960, -0.03046979884483858383, 0.3681154836360630012 ) ) ;
#100 = EDGE_LOOP ( 'NONE', ( #3007, #366, #2298, #884 ) ) ;
#101 = DIRECTION ( 'NONE',  ( -1.000000000000000000, 0.000000000000000000, 0.000000000000000000 ) ) ;
#102 = EDGE_CURVE ( 'NONE', #4422, #698, #749, .T. ) ;
#103 = CARTESIAN_POINT ( 'NONE',  ( 0.04355055495885247485, -0.05666930379199683343, 0.2806256858604134208 ) ) ;
#104 = CARTESIAN_POINT ( 'NONE',  ( -0.08406120489720472766, -0.004493761091330709251, 0.3414875347366141400 ) ) ;
#105 = CARTESIAN_POINT ( 'NONE',  ( 0.07490201796566929582, -0.02278553527376378160, 0.3156041126285826781 ) ) ;
#106 = CARTESIAN_POINT ( 'NONE',  ( 0.04133858267716535029, -0.1968503937007874127, 0.01771653543307086590 ) ) ;
#107 = DIRECTION ( 'NONE',  ( 0.000000000000000000, 0.000000000000000000, -1.000000000000000000 ) ) ;
#108 = PLANE ( 'NONE',  #2296 ) ;
#109 = ORIENTED_EDGE ( 'NONE', *, *, #544, .F. ) ;
#110 = EDGE_LOOP ( 'NONE', ( #2675, #191, #2319, #3510 ) ) ;
#111 = CARTESIAN_POINT ( 'NONE',  ( -0.06129013545254703710, 0.04967349652061851806, 0.3581157832130087981 ) ) ;
#112 = CARTESIAN_POINT ( 'NONE',  ( 0.04940046482452756932, 0.05188428484917323447, 0.3245935020087795109 ) ) ;
#113 = CARTESIAN_POINT ( 'NONE',  ( -0.07049089435578617668, 0.007312706741104246962, 0.3283964958061895145 ) ) ;
#114 = CARTESIAN_POINT ( 'NONE',  ( 0.04175620853350393152, 0.06766188047818898210, 0.3331286069956692630 ) ) ;
#115 = CARTESIAN_POINT ( 'NONE',  ( -0.09448818897637795144, -0.1968503937007874127, -0.1673228346456692994 ) ) ;
#116 = DIRECTION ( 'NONE',  ( -1.000000000000000000, 0.000000000000000000, 0.000000000000000000 ) ) ;
#117 = ORIENTED_EDGE ( 'NONE', *, *, #691, .F. ) ;
#118 = DIRECTION ( 'NONE',  ( 0.000000000000000000, 0.000000000000000000, 1.000000000000000000 ) ) ;
#119 = CIRCLE ( 'NONE', #3273, 0.04330708661417323468 ) ;
#120 = CARTESIAN_POINT ( 'NONE',  ( 0.07051043183417608773, -0.007208557163567321131, 0.3382513222357245719 ) ) ;
#121 = CARTESIAN_POINT ( 'NONE',  ( -0.08037232125909449243, 0.01576842252279921086, 0.3588602342922047606 ) ) ;
#122 = ORIENTED_EDGE ( 'NONE', *, *, #364, .T. ) ;
#123 = VECTOR ( 'NONE', #1795, 39.37007874015748143 ) ;
#124 = DIRECTION ( 'NONE',  ( -1.000000000000000000, 0.000000000000000000, 0.000000000000000000 ) ) ;
#125 = EDGE_CURVE ( 'NONE', #857, #3169, #3363, .T. ) ;
#126 = CARTESIAN_POINT ( 'NONE',  ( 0.02362204724409448786, -0.3661417322834645272, -0.1692913385826771699 ) ) ;
#127 = CARTESIAN_POINT ( 'NONE',  ( 0.01990877841027952760, -0.08179316244429134242, 0.3469895032405511670 ) ) ;
#128 = VECTOR ( 'NONE', #1650, 39.37007874015748143 ) ;
#129 = VECTOR ( 'NONE', #3302, 39.37007874015748143 ) ;
#130 = EDGE_CURVE ( 'NONE', #1522, #3466, #4375, .T. ) ;
#131 = CARTESIAN_POINT ( 'NONE',  ( 0.05009456208724409609, 0.06016889846051180768, 0.2799052937311024003 ) ) ;
#132 = CARTESIAN_POINT ( 'NONE',  ( 0.07086614173228347746, 0.009276359024941269182, 0.3586777554943098578 ) ) ;
#133 = CIRCLE ( 'NONE', #4495, 0.07086614173228346358 ) ;
#134 = CARTESIAN_POINT ( 'NONE',  ( -0.07086614173228346358, -5.202249597309881928E-18, 0.3326796081838216401 ) ) ;
#135 = EDGE_CURVE ( 'NONE', #3076, #3233, #4505, .T. ) ;
#136 = FACE_OUTER_BOUND ( 'NONE', #657, .T. ) ;
#137 = VECTOR ( 'NONE', #4175, 39.37007874015748143 ) ;
#138 = EDGE_LOOP ( 'NONE', ( #3221, #2918, #1897, #2350, #21, #643, #1185, #531, #1227, #2701 ) ) ;
#139 = CARTESIAN_POINT ( 'NONE',  ( 0.06369242165591929017, 0.04627521176796574320, 0.3326775795002799296 ) ) ;
#140 = CARTESIAN_POINT ( 'NONE',  ( -0.04267478054303149720, -0.06563806933279527078, 0.3184756117805905284 ) ) ;
#141 = CARTESIAN_POINT ( 'NONE',  ( -0.06848509520644487092, 0.01823199907910031184, 0.3279250320674254593 ) ) ;
#142 = CARTESIAN_POINT ( 'NONE',  ( 0.07086614173228346358, 0.000000000000000000, 0.2637795275590551491 ) ) ;
#143 = CARTESIAN_POINT ( 'NONE',  ( 0.000000000000000000, 0.000000000000000000, 0.3779527559046311214 ) ) ;
#144 = ORIENTED_EDGE ( 'NONE', *, *, #4533, .T. ) ;
#145 = AXIS2_PLACEMENT_3D ( 'NONE', #4096, #3808, #508 ) ;
#146 = PLANE ( 'NONE',  #2035 ) ;
#147 = CARTESIAN_POINT ( 'NONE',  ( 0.02717791446660360391, -0.06544743178852549526, 0.3348619757295420163 ) ) ;
#148 = EDGE_CURVE ( 'NONE', #2384, #3351, #704, .T. ) ;
#149 = AXIS2_PLACEMENT_3D ( 'NONE', #290, #3249, #648 ) ;
#150 = CARTESIAN_POINT ( 'NONE',  ( 0.02833936744816151557, -0.06495423705002031922, 0.2955578651317095074 ) ) ;
#151 = CARTESIAN_POINT ( 'NONE',  ( 0.02506505232852756365, 0.07797497242645669291, 0.3535715203814567276 ) ) ;
#152 = ORIENTED_EDGE ( 'NONE', *, *, #4448, .F. ) ;
#153 = LINE ( 'NONE', #4148, #3353 ) ;
#154 = CARTESIAN_POINT ( 'NONE',  ( 0.06902168574814843138, -0.01854906267112982690, 0.2826764646884604715 ) ) ;
#155 = CARTESIAN_POINT ( 'NONE',  ( 0.04405991321893700657, -0.07173150147917323194, 0.3873372722694881642 ) ) ;
#156 = CARTESIAN_POINT ( 'NONE',  ( -0.04055000736803150013, 0.06301805776972441153, 0.2870091882799212790 ) ) ;
#157 = ADVANCED_FACE ( 'NONE', ( #3975 ), #2168, .T. ) ;
#158 = DIRECTION ( 'NONE',  ( 0.000000000000000000, -1.000000000000000000, 0.000000000000000000 ) ) ;
#159 = CARTESIAN_POINT ( 'NONE',  ( -0.1358267716535433156, -0.1948818897637795422, 0.2047244094488188948 ) ) ;
#160 = DIRECTION ( 'NONE',  ( 1.000000000000000000, 0.000000000000000000, 0.000000000000000000 ) ) ;
#161 = ORIENTED_EDGE ( 'NONE', *, *, #3486, .T. ) ;
#162 = EDGE_CURVE ( 'NONE', #503, #1538, #2917, .T. ) ;
#163 = CARTESIAN_POINT ( 'NONE',  ( -0.1358267716535433156, 0.003937007874015747977, -0.2244094488188976555 ) ) ;
#164 = PLANE ( 'NONE',  #2357 ) ;
#165 = CARTESIAN_POINT ( 'NONE',  ( 0.04133858267716535029, -0.1968503937007874127, -0.1673228346456692994 ) ) ;
#166 = VERTEX_POINT ( 'NONE', #4759 ) ;
#167 = EDGE_LOOP ( 'NONE', ( #4253, #3943, #3927, #1357, #3487, #1418 ) ) ;
#168 = CARTESIAN_POINT ( 'NONE',  ( 0.08131961144870079872, -0.02473779646271653809, 0.3108674559963386375 ) ) ;
#169 = CARTESIAN_POINT ( 'NONE',  ( 0.07062589153834387956, -0.005867932832604950445, 0.3383092826248107476 ) ) ;
#170 = CARTESIAN_POINT ( 'NONE',  ( 0.03915033377157613181, -0.05910836275919800764, 0.2961200654162294832 ) ) ;
#171 = CARTESIAN_POINT ( 'NONE',  ( 0.06745266871160858491, -0.02173204049484823291, 0.2982354511138987085 ) ) ;
#172 = ORIENTED_EDGE ( 'NONE', *, *, #925, .F. ) ;
#173 = DIRECTION ( 'NONE',  ( 0.000000000000000000, 0.000000000000000000, -1.000000000000000000 ) ) ;
#174 = CARTESIAN_POINT ( 'NONE',  ( -0.06491544131688976871, -0.04821045384307086346, 0.3401841651221653717 ) ) ;
#175 = CARTESIAN_POINT ( 'NONE',  ( 0.06945047409779528391, 0.02813592530126378041, 0.3405574166264173641 ) ) ;
#176 = CARTESIAN_POINT ( 'NONE',  ( -0.03523115911375590548, 0.06670891643236220858, 0.3426579184029921454 ) ) ;
#177 = CARTESIAN_POINT ( 'NONE',  ( -0.06902168574814833424, -0.01854906267113024324, 0.3334999295392433449 ) ) ;
#178 = DIRECTION ( 'NONE',  ( 0.000000000000000000, 0.000000000000000000, 1.000000000000000000 ) ) ;
#179 = EDGE_LOOP ( 'NONE', ( #185, #1768, #2989, #4220 ) ) ;
#180 = CARTESIAN_POINT ( 'NONE',  ( 0.03937007874015747977, -0.1771653543307086520, -0.1850393700787401619 ) ) ;
#181 = FILL_AREA_STYLE_COLOUR ( '', #2736 ) ;
#182 = ADVANCED_FACE ( 'NONE', ( #3034 ), #4161, .F. ) ;
#183 = CARTESIAN_POINT ( 'NONE',  ( 0.07086614173228346358, 4.161799677847898146E-17, 0.3031820823672685128 ) ) ;
#184 = ORIENTED_EDGE ( 'NONE', *, *, #2710, .T. ) ;
#185 = ORIENTED_EDGE ( 'NONE', *, *, #599, .F. ) ;
#186 = DIRECTION ( 'NONE',  ( 0.000000000000000000, 0.000000000000000000, -1.000000000000000000 ) ) ;
#187 = CARTESIAN_POINT ( 'NONE',  ( 0.06918766205114645906, -0.01541951804810287249, 0.3378950665345182847 ) ) ;
#188 = CARTESIAN_POINT ( 'NONE',  ( 0.007608751173807925053, -0.07047369472462751416, 0.2946185354170940407 ) ) ;
#189 = EDGE_CURVE ( 'NONE', #3466, #166, #2714, .T. ) ;
#190 = CARTESIAN_POINT ( 'NONE',  ( -0.02673115187351313149, -0.06888663440255847481, 0.3783277369306436988 ) ) ;
#191 = ORIENTED_EDGE ( 'NONE', *, *, #2745, .F. ) ;
#192 =( NAMED_UNIT ( * ) PLANE_ANGLE_UNIT ( ) SI_UNIT ( $, .RADIAN. ) );
#193 = VECTOR ( 'NONE', #2620, 39.37007874015748143 ) ;
#194 = CARTESIAN_POINT ( 'NONE',  ( 0.03197013193487854149, 0.06346376358747295165, 0.3066247110080732030 ) ) ;
#195 = CARTESIAN_POINT ( 'NONE',  ( -0.04628658969283464680, 0.06630093797259843658, 0.3548560811326771924 ) ) ;
#196 = CARTESIAN_POINT ( 'NONE',  ( -0.04736511345988188987, 0.06650159520980315764, 0.3005671472136220435 ) ) ;
#197 = CIRCLE ( 'NONE', #3197, 0.03937007874015747977 ) ;
#198 = VECTOR ( 'NONE', #3857, 39.37007874015748143 ) ;
#199 = CARTESIAN_POINT ( 'NONE',  ( -0.03833446171841731892, 0.06497523118814960141, 0.3624905955683465075 ) ) ;
#200 = ORIENTED_EDGE ( 'NONE', *, *, #4189, .F. ) ;
#201 = VECTOR ( 'NONE', #471, 39.37007874015748143 ) ;
#202 = CARTESIAN_POINT ( 'NONE',  ( -0.05606523916677737251, -0.04335715788758079392, 0.3741330599929769685 ) ) ;
#203 = CARTESIAN_POINT ( 'NONE',  ( -0.1370078740157480435, 0.08031496062992127261, -0.06299212598425196763 ) ) ;
#204 = CARTESIAN_POINT ( 'NONE',  ( -0.02697905438275277970, -0.06552981979946953528, 0.3167124508322875509 ) ) ;
#205 = VECTOR ( 'NONE', #2398, 39.37007874015748143 ) ;
#206 = CARTESIAN_POINT ( 'NONE',  ( -0.07874015748031495954, -0.05905511811023622659, 0.2440944881889763884 ) ) ;
#207 = FILL_AREA_STYLE ('',( #181 ) ) ;
#208 = DIRECTION ( 'NONE',  ( -1.000000000000000000, 0.000000000000000000, 0.000000000000000000 ) ) ;
#209 = ORIENTED_EDGE ( 'NONE', *, *, #2957, .T. ) ;
#210 = EDGE_CURVE ( 'NONE', #1881, #1600, #3083, .T. ) ;
#211 = VERTEX_POINT ( 'NONE', #74 ) ;
#212 = VECTOR ( 'NONE', #2349, 39.37007874015748143 ) ;
#213 = CARTESIAN_POINT ( 'NONE',  ( 0.04133858267716535029, -0.1771653543307086520, -0.1673228346456692994 ) ) ;
#214 = CARTESIAN_POINT ( 'NONE',  ( 0.03949131964674546663, -0.05883909414713187763, 0.3355071617628633263 ) ) ;
#215 = CARTESIAN_POINT ( 'NONE',  ( -0.1358267716535433156, -0.1161417322834645688, 0.1456692913385826960 ) ) ;
#216 = CARTESIAN_POINT ( 'NONE',  ( -0.08464566929133858497, -0.1948818897637795422, -0.1673228346456692994 ) ) ;
#217 = EDGE_LOOP ( 'NONE', ( #2335, #3380 ) ) ;
#218 = CARTESIAN_POINT ( 'NONE',  ( -0.05667000882507095688, 0.04354583656373343936, 0.3109792037379023877 ) ) ;
#219 = EDGE_CURVE ( 'NONE', #1843, #731, #4542, .T. ) ;
#220 = VECTOR ( 'NONE', #826, 39.37007874015748143 ) ;
#221 = CARTESIAN_POINT ( 'NONE',  ( 0.07325309911862205869, -0.01191690092202755784, 0.3412454048959054909 ) ) ;
#222 = CARTESIAN_POINT ( 'NONE',  ( -0.002692714793041732241, 0.08160064609011812020, 0.3184165566624409527 ) ) ;
#223 = CARTESIAN_POINT ( 'NONE',  ( 0.05306495669381890157, 0.05362246551122047677, 0.3386913829699606526 ) ) ;
#224 = ORIENTED_EDGE ( 'NONE', *, *, #4049, .T. ) ;
#225 = CYLINDRICAL_SURFACE ( 'NONE', #1044, 0.07086614173228346358 ) ;
#226 = CARTESIAN_POINT ( 'NONE',  ( -0.07061572631604810801, -0.006044828434467707824, 0.3723379739030085456 ) ) ;
#227 = CARTESIAN_POINT ( 'NONE',  ( -0.02362204724409448786, -0.3661417322834645272, 0.2047244094488188948 ) ) ;
#228 = CARTESIAN_POINT ( 'NONE',  ( 0.1377952755905511861, -0.1968503937007874127, -0.2047244094488188948 ) ) ;
#229 = CARTESIAN_POINT ( 'NONE',  ( 0.05049834188348652220, -0.04972186044496211543, 0.3204080251744153562 ) ) ;
#230 = CARTESIAN_POINT ( 'NONE',  ( -0.01107009159157380969, 0.06999173572157420253, 0.3243034163918282475 ) ) ;
#231 = DIRECTION ( 'NONE',  ( 0.000000000000000000, 1.000000000000000000, 0.000000000000000000 ) ) ;
#232 = CARTESIAN_POINT ( 'NONE',  ( -0.07874015748031495954, 0.000000000000000000, 0.2440944881889763884 ) ) ;
#233 = VERTEX_POINT ( 'NONE', #2334 ) ;
#234 = ORIENTED_EDGE ( 'NONE', *, *, #2538, .T. ) ;
#235 = CARTESIAN_POINT ( 'NONE',  ( -0.03937007874015747977, -0.1968503937007874127, -0.1850393700787401619 ) ) ;
#236 = CARTESIAN_POINT ( 'NONE',  ( -0.03082273129506355597, -0.06394151457332729327, 0.3322402547042911936 ) ) ;
#237 = CARTESIAN_POINT ( 'NONE',  ( -0.06994831929359617007, -0.01139712799770718071, 0.2898626770908143691 ) ) ;
#238 = CARTESIAN_POINT ( 'NONE',  ( -0.07452113666965864969, -0.008937960590703728989, 0.3765017492961168499 ) ) ;
#239 = VERTEX_POINT ( 'NONE', #1210 ) ;
#240 = LENGTH_MEASURE_WITH_UNIT ( LENGTH_MEASURE( 0.02539999999999999897 ), #603 );
#241 = CARTESIAN_POINT ( 'NONE',  ( 0.02305447564225950041, 0.06701549785943532178, 0.3070650975734207089 ) ) ;
#242 = CARTESIAN_POINT ( 'NONE',  ( 0.07032953031161418012, -0.03264173992620472697, 0.3828965435392519545 ) ) ;
#244 = CARTESIAN_POINT ( 'NONE',  ( -0.05044518578787401258, 0.06419656737661416646, 0.3203998243789764055 ) ) ;
#243 = B_SPLINE_CURVE_WITH_KNOTS ( 'NONE', 3,
 ( #2996, #1168, #2630, #1218, #2270, #3019, #4477, #1190, #2652, #2299, #466, #1938, #1574, #4501, #2676, #2320, #3790, #487, #3875, #265, #3205, #3542, #2746, #4634, #651, #628, #3111, #2072, #3153, #3518 ),
 .UNSPECIFIED., .F., .F.,
 ( 4, 2, 2, 2, 2, 2, 1, 1, 1, 1, 2, 2, 2, 2, 2, 2, 4 ),
 ( 0.000000000000000000, 0.1249999999999990008, 0.2499999999999980016, 0.3749999999999970024, 0.4374999999999964473, 0.4687499999999962252, 0.4843749999999960587, 0.4921874999999960032, 0.4960937499999960032, 0.4980468749999959477, 0.4990234374999959477, 0.4999999999999959477, 0.6249999999999968914, 0.7499999999999978906, 0.8749999999999988898, 0.9374999999999993339, 1.000000000000000000 ),
 .UNSPECIFIED. ) ;
#245 = CARTESIAN_POINT ( 'NONE',  ( 0.06702622255940944573, -0.02686286850548425670, 0.3775275609833464996 ) ) ;
#246 = EDGE_LOOP ( 'NONE', ( #4369, #2169 ) ) ;
#247 = EDGE_CURVE ( 'NONE', #4282, #3006, #2671, .T. ) ;
#248 = CARTESIAN_POINT ( 'NONE',  ( 0.03937007874015747977, -0.2165354330708661457, 0.2047244094488188948 ) ) ;
#249 = DIRECTION ( 'NONE',  ( 0.000000000000000000, 0.000000000000000000, -1.000000000000000000 ) ) ;
#250 = CARTESIAN_POINT ( 'NONE',  ( 0.06957636243500842088, -0.01534279093395686001, 0.3181925126379685498 ) ) ;
#251 = PLANE ( 'NONE',  #3672 ) ;
#252 = CARTESIAN_POINT ( 'NONE',  ( 0.02711673021022025648, -0.06547284400484569555, 0.3191760429390770870 ) ) ;
#253 = EDGE_CURVE ( 'NONE', #495, #4422, #4022, .T. ) ;
#254 = CARTESIAN_POINT ( 'NONE',  ( -0.05651959642299939079, 0.04282531384152112736, 0.3266793224637842830 ) ) ;
#255 = CARTESIAN_POINT ( 'NONE',  ( -0.09448818897637795144, -0.1968503937007874127, 0.03740157480314960925 ) ) ;
#256 = DIRECTION ( 'NONE',  ( 0.000000000000000000, -1.000000000000000000, 0.000000000000000000 ) ) ;
#257 = ORIENTED_EDGE ( 'NONE', *, *, #102, .F. ) ;
#258 = ORIENTED_EDGE ( 'NONE', *, *, #4018, .F. ) ;
#259 = CARTESIAN_POINT ( 'NONE',  ( 0.04353203861618184373, -0.05664837116770039815, 0.3593368793971773445 ) ) ;
#260 = CARTESIAN_POINT ( 'NONE',  ( 0.08143528221346456319, 0.02435431355462598299, 0.2930180465475590856 ) ) ;
#261 = CARTESIAN_POINT ( 'NONE',  ( -0.04055464705807939468, -0.05817443083668780851, 0.3317430121679616484 ) ) ;
#262 = CARTESIAN_POINT ( 'NONE',  ( 0.000000000000000000, 0.000000000000000000, 0.2440944881889763884 ) ) ;
#263 = CARTESIAN_POINT ( 'NONE',  ( 0.05732689935781046936, 0.04165007720580810729, 0.3248095520482495724 ) ) ;
#264 = ORIENTED_EDGE ( 'NONE', *, *, #3334, .F. ) ;
#265 = CARTESIAN_POINT ( 'NONE',  ( 0.004007798793611562667, 0.07086892637944207374, 0.2882067746925354168 ) ) ;
#266 = CARTESIAN_POINT ( 'NONE',  ( -0.04620237208593993422, 0.05373427011994214714, 0.3103021755883090260 ) ) ;
#267 = CARTESIAN_POINT ( 'NONE',  ( 0.01755203239961811157, -0.07211071456551181036, 0.3375774258932677241 ) ) ;
#268 = CARTESIAN_POINT ( 'NONE',  ( 0.07703310905779527096, 0.02705210243232677308, 0.3144500212293701025 ) ) ;
#269 = CARTESIAN_POINT ( 'NONE',  ( 0.07214863524594487820, 0.002948258217859055057, 0.3788497394610629843 ) ) ;
#270 = EDGE_LOOP ( 'NONE', ( #1163, #4391, #3061, #1005, #1086, #320 ) ) ;
#271 = ADVANCED_FACE ( 'NONE', ( #4179 ), #2694, .T. ) ;
#272 = CYLINDRICAL_SURFACE ( 'NONE', #1061, 0.09842519685039370636 ) ;
#273 = CARTESIAN_POINT ( 'NONE',  ( -0.07050688342604617687, -0.007248326970020816523, 0.3723911934690208314 ) ) ;
#274 = DIRECTION ( 'NONE',  ( 0.000000000000000000, 0.000000000000000000, 1.000000000000000000 ) ) ;
#275 = AXIS2_PLACEMENT_3D ( 'NONE', #2260, #3732, #430 ) ;
#276 = AXIS2_PLACEMENT_3D ( 'NONE', #3609, #2159, #978 ) ;
#277 = DIRECTION ( 'NONE',  ( 0.000000000000000000, 0.000000000000000000, -1.000000000000000000 ) ) ;
#278 = CARTESIAN_POINT ( 'NONE',  ( 0.02736786472659352709, -0.06536830480200200855, 0.3191870450234958190 ) ) ;
#279 = AXIS2_PLACEMENT_3D ( 'NONE', #2536, #4010, #536 ) ;
#280 = EDGE_CURVE ( 'NONE', #3659, #4308, #3060, .T. ) ;
#281 = CARTESIAN_POINT ( 'NONE',  ( -0.02839755238853184510, 0.06496036905049132337, 0.3250801272175624090 ) ) ;
#282 = VECTOR ( 'NONE', #1429, 39.37007874015748143 ) ;
#283 = DIRECTION ( 'NONE',  ( 0.000000000000000000, 0.000000000000000000, 1.000000000000000000 ) ) ;
#284 = FACE_OUTER_BOUND ( 'NONE', #1144, .T. ) ;
#285 = ORIENTED_EDGE ( 'NONE', *, *, #1114, .F. ) ;
#286 = ORIENTED_EDGE ( 'NONE', *, *, #481, .F. ) ;
#287 = CARTESIAN_POINT ( 'NONE',  ( -0.07696427078035550373, 0.01736736457268076364, 0.3595501593841492483 ) ) ;
#288 = CARTESIAN_POINT ( 'NONE',  ( 0.07822192121047244484, 0.02339331484129133706, 0.2898806874317716997 ) ) ;
#289 = CARTESIAN_POINT ( 'NONE',  ( 0.0001770686393948700098, -0.07086595146023011438, 0.3336659777350949319 ) ) ;
#290 = CARTESIAN_POINT ( 'NONE',  ( 0.03937007874015747977, -0.1968503937007874127, 0.2047244094488188948 ) ) ;
#291 = VERTEX_POINT ( 'NONE', #820 ) ;
#292 = CARTESIAN_POINT ( 'NONE',  ( 0.02561775713193954751, 0.06607641191215427034, 0.3069404170785599573 ) ) ;
#293 = CARTESIAN_POINT ( 'NONE',  ( 0.04878896759574802983, 0.05592237446559054914, 0.3247394993840945210 ) ) ;
#294 = CARTESIAN_POINT ( 'NONE',  ( -0.07323691380303150311, -0.02767393147372047141, 0.3275037189278346417 ) ) ;
#295 = CARTESIAN_POINT ( 'NONE',  ( 0.07124176655712599615, 0.02751848447327559163, 0.3342318453764960839 ) ) ;
#296 = EDGE_LOOP ( 'NONE', ( #3846, #3789, #80, #573 ) ) ;
#297 = DIRECTION ( 'NONE',  ( 1.000000000000000000, 0.000000000000000000, 0.000000000000000000 ) ) ;
#298 = VECTOR ( 'NONE', #1267, 39.37007874015748143 ) ;
#299 = CARTESIAN_POINT ( 'NONE',  ( -0.06982121435898654138, -0.01213066948712840723, 0.3726044601833466974 ) ) ;
#300 = CARTESIAN_POINT ( 'NONE',  ( 0.007627440588954054884, -0.07047992408814159060, 0.3143148682392095106 ) ) ;
#301 = CARTESIAN_POINT ( 'NONE',  ( -0.1377952755905511861, -0.2165354330708661457, 0.2440944881889763884 ) ) ;
#302 = VECTOR ( 'NONE', #2498, 39.37007874015748143 ) ;
#303 = CYLINDRICAL_SURFACE ( 'NONE', #1076, 0.04330708661417324162 ) ;
#304 = CARTESIAN_POINT ( 'NONE',  ( -0.06289764663149297053, 0.03268254466320848900, 0.3272131044309736780 ) ) ;
#305 = B_SPLINE_SURFACE_WITH_KNOTS ( 'NONE', 3, 3, ( 
 ( #4574, #1603, #3837, #1288, #2704, #1960, #104, #3092, #3792, #127, #3426, #534, #2008, #2366, #4190, #556, #4529, #2026, #3069, #513, #1576, #4479, #3859, #3813, #1265, #490, #1243, #4171, #874, #2724, #1193, #155, #3475, #2654, #3113 ),
 ( #2345, #4552, #1987, #3495, #2322, #3451, #1628, #174, #4126, #898, #4212, #2748, #921, #3022, #2386, #195, #1940, #830, #4503, #2301, #468, #3406, #1220, #2679, #4150, #852, #3930, #938, #1038, #2433, #2149, #4636, #630, #4664, #1765 ),
 ( #606, #2844, #4594, #1737, #3155, #2868, #1353, #3207, #4250, #1665, #3177, #3622, #654, #3951, #2503, #1382, #3980, #682, #964, #4304, #1405, #4279, #3907, #4327, #2097, #2123, #3136, #993, #2406, #1306, #3594, #3230, #242, #2479, #4686 ),
 ( #2767, #4228, #293, #3877, #2819, #2075, #577, #2049, #1017, #267, #3520, #221, #1690, #4614, #1328, #2789, #3544, #1713, #2456, #3568, #51, #4025, #390, #1499, #4425, #317, #2553, #1116, #4094, #1165, #1141, #370, #1861, #4401, #797 ) ),
 .UNSPECIFIED., .F., .F., .F.,
 ( 4, 4 ),
 ( 4, 1, 1, 1, 1, 1, 1, 1, 1, 1, 1, 1, 1, 1, 1, 1, 1, 1, 1, 1, 1, 1, 1, 1, 1, 1, 1, 1, 1, 1, 1, 1, 4 ),
 ( -0.09766691155401999169, 1.097666911553999869 ),
 ( -0.01849462365589999921, 0.01155913978493999968, 0.04161290322578000550, 0.07166666666661999918, 0.1017204301074999956, 0.1317741935483000004, 0.1618279569890999914, 0.1918817204300000134, 0.2219354838707999766, 0.2519892473117000264, 0.2820430107524999896, 0.3120967741934000395, 0.3421505376342000027, 0.3722043010750000214, 0.4022580645159000157, 0.4323118279566999789, 0.4623655913976000287, 0.4924193548383999919, 0.5224731182791999551, 0.5525268817201000049, 0.5825806451608999126, 0.6126344086018000734, 0.6426881720425999811, 0.6727419354835000309, 0.7027956989242999386, 0.7328494623650999573, 0.7629032258060000071, 0.7929569892468000258, 0.8230107526876999646, 0.8530645161284999833, 0.8831182795693000021, 0.9131720430101999408, 0.9432258064510000706 ),
 .UNSPECIFIED. ) ;
#306 = FACE_OUTER_BOUND ( 'NONE', #3768, .T. ) ;
#307 = CARTESIAN_POINT ( 'NONE',  ( -0.06692913385803425652, -4.917872972976016554E-18, 0.3858267716540669245 ) ) ;
#308 = EDGE_LOOP ( 'NONE', ( #2152, #2686, #4512, #1369 ) ) ;
#309 = ORIENTED_EDGE ( 'NONE', *, *, #3952, .T. ) ;
#310 = CARTESIAN_POINT ( 'NONE',  ( 0.06191517748281961941, -0.03569183742097588319, 0.3605659642423560407 ) ) ;
#311 = CARTESIAN_POINT ( 'NONE',  ( -0.07637437760889763394, -0.02885948058942519948, 0.3196297031798031041 ) ) ;
#312 = CARTESIAN_POINT ( 'NONE',  ( -0.02660279719598196771, -0.06568354690434903553, 0.3324328859506471279 ) ) ;
#313 = CARTESIAN_POINT ( 'NONE',  ( -0.07085787236605488315, -0.002757113784979816230, 0.2894639414532089172 ) ) ;
#314 = CARTESIAN_POINT ( 'NONE',  ( 0.03937007874015747977, -0.1968503937007874127, 0.1889763779527559029 ) ) ;
#315 = ORIENTED_EDGE ( 'NONE', *, *, #599, .T. ) ;
#316 = FACE_OUTER_BOUND ( 'NONE', #3220, .T. ) ;
#317 = CARTESIAN_POINT ( 'NONE',  ( -0.01329549050020866277, 0.07301547047622047870, 0.3669212579143307784 ) ) ;
#318 = CARTESIAN_POINT ( 'NONE',  ( 0.000000000000000000, 0.000000000000000000, 0.3858267716462102648 ) ) ;
#319 = CARTESIAN_POINT ( 'NONE',  ( -0.006008308936921259724, -0.07844289375629921734, 0.3672863073187401795 ) ) ;
#320 = ORIENTED_EDGE ( 'NONE', *, *, #3834, .T. ) ;
#321 = CARTESIAN_POINT ( 'NONE',  ( -0.03568097998163616280, 0.06189958358540713357, 0.3687733517622501234 ) ) ;
#322 = CARTESIAN_POINT ( 'NONE',  ( 0.03738707884935302955, -0.06021260499000350569, 0.3787103831142076271 ) ) ;
#323 = CARTESIAN_POINT ( 'NONE',  ( 0.000000000000000000, 0.000000000000000000, 0.2637795275590551491 ) ) ;
#324 = CARTESIAN_POINT ( 'NONE',  ( -0.03937007874015747977, -0.1771653543307086520, -0.1692913385826771699 ) ) ;
#325 = CARTESIAN_POINT ( 'NONE',  ( -0.1377952755905511861, -0.2165354330708661457, -0.2440944881889763884 ) ) ;
#326 = CARTESIAN_POINT ( 'NONE',  ( -0.02358022391564935927, 0.06682652424070481545, 0.3248505133262686861 ) ) ;
#327 = DIRECTION ( 'NONE',  ( 0.000000000000000000, -1.000000000000000000, 0.000000000000000000 ) ) ;
#328 = CARTESIAN_POINT ( 'NONE',  ( 0.04113107968323011926, 0.05352100913671631321, 0.3858267716540849102 ) ) ;
#329 = VERTEX_POINT ( 'NONE', #502 ) ;
#330 = VERTEX_POINT ( 'NONE', #1976 ) ;
#331 = CARTESIAN_POINT ( 'NONE',  ( 0.07086613373094212409, -8.981492053506142341E-09, 0.3622047320313508401 ) ) ;
#332 = CARTESIAN_POINT ( 'NONE',  ( 0.07500856020755906906, 0.02243231612768110603, 0.2867433283160236712 ) ) ;
#333 = EDGE_CURVE ( 'NONE', #3869, #777, #441, .T. ) ;
#334 = CARTESIAN_POINT ( 'NONE',  ( -0.06325153467977699673, -0.03196372116677834163, 0.3302000181409696644 ) ) ;
#335 = CARTESIAN_POINT ( 'NONE',  ( -0.01214114036830494722, 0.06986802436224714974, 0.2849670561014515657 ) ) ;
#336 = DIRECTION ( 'NONE',  ( -1.000000000000000000, 0.000000000000000000, 0.000000000000000000 ) ) ;
#337 = VERTEX_POINT ( 'NONE', #3013 ) ;
#338 = FACE_BOUND ( 'NONE', #2735, .T. ) ;
#339 = DIRECTION ( 'NONE',  ( 1.000000000000000000, 0.000000000000000000, 0.000000000000000000 ) ) ;
#340 = EDGE_CURVE ( 'NONE', #2258, #495, #4444, .T. ) ;
#341 = CARTESIAN_POINT ( 'NONE',  ( 0.04133858267716535029, -0.1968503937007874127, 0.03740157480314960925 ) ) ;
#342 = CARTESIAN_POINT ( 'NONE',  ( 0.04982889137023622378, 0.06088030149629920784, 0.3752193781848819354 ) ) ;
#343 = ORIENTED_EDGE ( 'NONE', *, *, #3020, .T. ) ;
#344 = CARTESIAN_POINT ( 'NONE',  ( -0.04355038303608099043, 0.05667820467791379047, 0.3495006590281226622 ) ) ;
#345 = CARTESIAN_POINT ( 'NONE',  ( 0.06931271579619527334, -0.01473310485603480414, 0.3812387408674208777 ) ) ;
#346 = CARTESIAN_POINT ( 'NONE',  ( -0.03568949525644742049, -0.06192189198133119660, 0.3713896089282791024 ) ) ;
#347 = DIRECTION ( 'NONE',  ( 0.6507913734862516009, 7.969895724526476751E-17, -0.7592566023393395591 ) ) ;
#348 = DIRECTION ( 'NONE',  ( 0.000000000000000000, 0.000000000000000000, 1.000000000000000000 ) ) ;
#349 = VECTOR ( 'NONE', #801, 39.37007874015748143 ) ;
#350 = AXIS2_PLACEMENT_3D ( 'NONE', #2932, #1103, #4389 ) ;
#351 = CARTESIAN_POINT ( 'NONE',  ( 0.04702808516891375523, 0.05301969929132360065, 0.3215321703280268339 ) ) ;
#352 = CARTESIAN_POINT ( 'NONE',  ( -0.1370078740157480435, 0.08031496062992127261, -0.1318897637795275746 ) ) ;
#353 = CARTESIAN_POINT ( 'NONE',  ( -0.02362204724409448786, -0.3661417322834645272, 0.1889763779527559029 ) ) ;
#354 = AXIS2_PLACEMENT_3D ( 'NONE', #1022, #4334, #3212 ) ;
#355 = VECTOR ( 'NONE', #3077, 39.37007874015748143 ) ;
#356 = ORIENTED_EDGE ( 'NONE', *, *, #162, .T. ) ;
#357 = ORIENTED_EDGE ( 'NONE', *, *, #68, .F. ) ;
#358 = CARTESIAN_POINT ( 'NONE',  ( -0.04356265100764926401, -0.05667109682805267917, 0.3552399299132408261 ) ) ;
#359 = VECTOR ( 'NONE', #1014, 39.37007874015748143 ) ;
#360 = VECTOR ( 'NONE', #1868, 39.37007874015748143 ) ;
#361 = CARTESIAN_POINT ( 'NONE',  ( 0.05382253005885826586, 0.05652868835937007591, 0.3308682202403149808 ) ) ;
#362 = VECTOR ( 'NONE', #2961, 39.37007874015748143 ) ;
#363 = CARTESIAN_POINT ( 'NONE',  ( -0.06560939547547400830, 0.02678725244034974029, 0.2881550634126650579 ) ) ;
#364 = EDGE_CURVE ( 'NONE', #3896, #1177, #2434, .T. ) ;
#365 = CARTESIAN_POINT ( 'NONE',  ( 0.02989510121085889663, 0.06429281953502229141, 0.2830556911151305144 ) ) ;
#366 = ORIENTED_EDGE ( 'NONE', *, *, #2963, .T. ) ;
#367 = ORIENTED_EDGE ( 'NONE', *, *, #1191, .T. ) ;
#368 = AXIS2_PLACEMENT_3D ( 'NONE', #1932, #4519, #96 ) ;
#369 = CARTESIAN_POINT ( 'NONE',  ( 0.07870993927996582096, 7.596881436390119345E-08, 0.2716531433858972444 ) ) ;
#370 = CARTESIAN_POINT ( 'NONE',  ( 0.03884422280493701057, -0.06324012513937007918, 0.3779251949221653084 ) ) ;
#371 = CARTESIAN_POINT ( 'NONE',  ( 0.05463085924826771578, -0.05661144725287401563, 0.3699306642741339024 ) ) ;
#372 = EDGE_LOOP ( 'NONE', ( #1029, #4117 ) ) ;
#373 = CARTESIAN_POINT ( 'NONE',  ( 0.06191699099101581616, 0.03569264985332885887, 0.3638468959675067449 ) ) ;
#374 = ADVANCED_FACE ( 'NONE', ( #2314 ), #2623, .T. ) ;
#375 = CARTESIAN_POINT ( 'NONE',  ( 0.04599491093565549055, -0.05418408511121474563, 0.3791878824469520071 ) ) ;
#376 = CARTESIAN_POINT ( 'NONE',  ( -0.009276320324159290781, -0.07086614607449187586, 0.3726199382311265462 ) ) ;
#377 = CARTESIAN_POINT ( 'NONE',  ( 0.07086614173228346358, 0.000000000000000000, 0.2440944881889763884 ) ) ;
#378 = DIRECTION ( 'NONE',  ( 1.000000000000000000, 0.000000000000000000, 0.000000000000000000 ) ) ;
#379 = CARTESIAN_POINT ( 'NONE',  ( -0.0005030634030952154008, 0.07086583195058272777, 0.3238403168292495193 ) ) ;
#380 = CARTESIAN_POINT ( 'NONE',  ( 0.05848176614950906238, 0.03370678215070126160, 0.3858267716540849102 ) ) ;
#381 = ORIENTED_EDGE ( 'NONE', *, *, #2740, .F. ) ;
#382 = ORIENTED_EDGE ( 'NONE', *, *, #2014, .F. ) ;
#383 = CARTESIAN_POINT ( 'NONE',  ( -0.06179539277732672836, 0.04986294213838871059, 0.3384253015297155609 ) ) ;
#384 = CARTESIAN_POINT ( 'NONE',  ( -0.04541935188614173308, 0.06376970587031496884, 0.2926931314655905614 ) ) ;
#385 = CARTESIAN_POINT ( 'NONE',  ( 0.07086614173228346358, 0.01484207476646825195, 0.3235136784776426744 ) ) ;
#386 = CARTESIAN_POINT ( 'NONE',  ( -0.002931452408763782561, 0.07081272090540971509, 0.2845700093924100060 ) ) ;
#387 = CARTESIAN_POINT ( 'NONE',  ( 0.1377952755905511861, 0.1574803149606299191, -0.2440944881889763884 ) ) ;
#388 = ORIENTED_EDGE ( 'NONE', *, *, #3187, .F. ) ;
#389 = CARTESIAN_POINT ( 'NONE',  ( 0.06530759704647044750, 0.02751317961280345947, 0.3044028166264254875 ) ) ;
#390 = CARTESIAN_POINT ( 'NONE',  ( 0.07421507970366142404, -0.0003885927922651180892, 0.3614192894103936959 ) ) ;
#391 = CARTESIAN_POINT ( 'NONE',  ( 0.02871026097085039447, 0.07670791834712599455, 0.3337388432161023655 ) ) ;
#392 = ORIENTED_EDGE ( 'NONE', *, *, #846, .F. ) ;
#393 = DIRECTION ( 'NONE',  ( 1.000000000000000000, 0.000000000000000000, 0.000000000000000000 ) ) ;
#394 = CARTESIAN_POINT ( 'NONE',  ( 0.03260204899378971177, -0.06296661201935183083, 0.3784692151277895267 ) ) ;
#395 = PLANE ( 'NONE',  #3503 ) ;
#396 = ADVANCED_FACE ( 'NONE', ( #4091 ), #2264, .T. ) ;
#397 = LINE ( 'NONE', #1100, #360 ) ;
#398 = EDGE_CURVE ( 'NONE', #566, #233, #3396, .T. ) ;
#399 = CARTESIAN_POINT ( 'NONE',  ( -0.05669828294877258396, -0.04257579854490976118, 0.3150285997122302395 ) ) ;
#400 = CARTESIAN_POINT ( 'NONE',  ( 0.05415185551799123892, 0.04573288981551975468, 0.3210634343739393048 ) ) ;
#401 = EDGE_CURVE ( 'NONE', #1945, #2218, #1906, .T. ) ;
#402 = CARTESIAN_POINT ( 'NONE',  ( -0.001307841208161137758, 0.07085538497002731584, 0.3041908857545573275 ) ) ;
#403 = EDGE_LOOP ( 'NONE', ( #2934, #4549, #2146, #4143 ) ) ;
#404 = ORIENTED_EDGE ( 'NONE', *, *, #3787, .F. ) ;
#405 = CARTESIAN_POINT ( 'NONE',  ( -0.002136873267011978137, -0.07936218325661778539, 0.3454094406595350497 ) ) ;
#406 = CARTESIAN_POINT ( 'NONE',  ( -0.07218714781795275426, 0.02011427686186220351, 0.3113717172317322923 ) ) ;
#407 = CARTESIAN_POINT ( 'NONE',  ( -0.1377952755905511861, 0.003937007874015747977, -0.2244094488188976555 ) ) ;
#408 = CARTESIAN_POINT ( 'NONE',  ( 0.02665372929566309571, 0.06566307171353169547, 0.2832085853319910029 ) ) ;
#409 = DIRECTION ( 'NONE',  ( 0.000000000000000000, 1.000000000000000000, 0.000000000000000000 ) ) ;
#410 = VERTEX_POINT ( 'NONE', #4142 ) ;
#411 = DIRECTION ( 'NONE',  ( 0.000000000000000000, 0.000000000000000000, 1.000000000000000000 ) ) ;
#412 = CARTESIAN_POINT ( 'NONE',  ( -0.04915648521346702160, -0.06833295777181901121, 0.3041486220470914215 ) ) ;
#413 = CARTESIAN_POINT ( 'NONE',  ( 0.06370046716593109892, 0.04628115340484888901, 0.3720463033649019646 ) ) ;
#414 = ORIENTED_EDGE ( 'NONE', *, *, #568, .F. ) ;
#415 = CARTESIAN_POINT ( 'NONE',  ( -0.04355051769215448343, -0.05666933198586045911, 0.3512948890050707762 ) ) ;
#416 = CARTESIAN_POINT ( 'NONE',  ( -0.007549028590823972373, -0.07046300673606059606, 0.3766383867108516470 ) ) ;
#417 = CARTESIAN_POINT ( 'NONE',  ( 0.07086714985510826625, 6.057601512396889740E-08, 0.3779513652101322840 ) ) ;
#418 = DIRECTION ( 'NONE',  ( 0.000000000000000000, -1.000000000000000000, 0.000000000000000000 ) ) ;
#419 = CARTESIAN_POINT ( 'NONE',  ( -0.01609287275930168168, -0.06901545967520683611, 0.2935501013225408351 ) ) ;
#420 = ADVANCED_FACE ( 'NONE', ( #844 ), #3784, .T. ) ;
#421 = CARTESIAN_POINT ( 'NONE',  ( -0.07086614173228346358, 7.018821800284349095E-14, 0.3090223966059421068 ) ) ;
#422 = CARTESIAN_POINT ( 'NONE',  ( 0.03297464387380413114, 0.06272705699578592919, 0.3222926221224253762 ) ) ;
#423 = CARTESIAN_POINT ( 'NONE',  ( -0.06518714765082231355, 0.01751855918934510509, 0.3858267716540849657 ) ) ;
#424 = ORIENTED_EDGE ( 'NONE', *, *, #219, .T. ) ;
#425 = EDGE_LOOP ( 'NONE', ( #4428, #4317, #2423, #4403 ) ) ;
#426 = AXIS2_PLACEMENT_3D ( 'NONE', #2670, #4141, #2313 ) ;
#427 = EDGE_CURVE ( 'NONE', #2782, #496, #3770, .T. ) ;
#428 = CARTESIAN_POINT ( 'NONE',  ( -0.05432395038777383667, 0.05721289673485606408, 0.3576988188010967185 ) ) ;
#429 = EDGE_CURVE ( 'NONE', #1874, #211, #3736, .T. ) ;
#430 = DIRECTION ( 'NONE',  ( 0.000000000000000000, -1.000000000000000000, 0.000000000000000000 ) ) ;
#431 = CARTESIAN_POINT ( 'NONE',  ( -0.1358267716535433156, -0.1161417322834645688, 0.05905511811023621271 ) ) ;
#432 = VECTOR ( 'NONE', #2463, 39.37007874015748143 ) ;
#433 = CARTESIAN_POINT ( 'NONE',  ( 0.0008010852736929133765, -0.08499527070251969296, 0.3053628589639764135 ) ) ;
#434 = CARTESIAN_POINT ( 'NONE',  ( 0.008172595153736649659, 0.07062768314231192279, 0.2840866296389545909 ) ) ;
#435 = CARTESIAN_POINT ( 'NONE',  ( -0.08464566929133858497, -0.1968503937007874127, -0.2047244094488188948 ) ) ;
#436 = ORIENTED_EDGE ( 'NONE', *, *, #189, .T. ) ;
#437 = CIRCLE ( 'NONE', #3821, 0.09842519685039370636 ) ;
#438 = CARTESIAN_POINT ( 'NONE',  ( 0.04133858267716535029, -0.1968503937007874127, 0.2047244094488188948 ) ) ;
#439 = PLANE ( 'NONE',  #42 ) ;
#440 = VECTOR ( 'NONE', #2755, 39.37007874015748143 ) ;
#441 = CIRCLE ( 'NONE', #825, 0.05118110236054684847 ) ;
#442 = CARTESIAN_POINT ( 'NONE',  ( -0.04860783624789520585, 0.05366170903906053447, 0.3300562561386311544 ) ) ;
#443 = ORIENTED_EDGE ( 'NONE', *, *, #4673, .T. ) ;
#444 = CARTESIAN_POINT ( 'NONE',  ( -0.07509580125073687940, -3.041315149196542921E-17, 0.3762989930300589814 ) ) ;
#445 = CARTESIAN_POINT ( 'NONE',  ( -0.05666930379199691670, -0.04355055495885237077, 0.2757038166731006767 ) ) ;
#446 = CARTESIAN_POINT ( 'NONE',  ( -0.01854902483914975045, -0.06902169554367841575, 0.3722098284635107501 ) ) ;
#447 = CARTESIAN_POINT ( 'NONE',  ( 0.03681322429540945240, 0.05965225459342519965, 0.3425406843429527615 ) ) ;
#448 = CARTESIAN_POINT ( 'NONE',  ( 0.02642770286518820316, -0.06576711621113917605, 0.2954626823091437426 ) ) ;
#449 = CARTESIAN_POINT ( 'NONE',  ( 0.07086613828711398055, 1.520203197747039567E-10, 0.3582677130902645612 ) ) ;
#450 = CARTESIAN_POINT ( 'NONE',  ( 0.06626253856787849006, 0.02514674046161057691, 0.3200328807200084613 ) ) ;
#451 = CARTESIAN_POINT ( 'NONE',  ( 0.000000000000000000, -0.3661417322834645272, 0.1889763779527559029 ) ) ;
#452 = ORIENTED_EDGE ( 'NONE', *, *, #752, .T. ) ;
#453 = VERTEX_POINT ( 'NONE', #4551 ) ;
#454 = CARTESIAN_POINT ( 'NONE',  ( 0.007242966350300298305, 0.07856509196915083260, 0.3550288631495180369 ) ) ;
#455 = CARTESIAN_POINT ( 'NONE',  ( 0.04231539976700787048, 0.06184638262956693167, 0.3054219140820866318 ) ) ;
#456 = CARTESIAN_POINT ( 'NONE',  ( -0.06383517471388769349, 0.03079718934250125217, 0.2879546021069939177 ) ) ;
#457 = DIRECTION ( 'NONE',  ( 0.000000000000000000, 0.000000000000000000, 1.000000000000000000 ) ) ;
#458 = CARTESIAN_POINT ( 'NONE',  ( 0.05905511810436386150, 0.000000000000000000, 0.3858267716462102648 ) ) ;
#459 = B_SPLINE_CURVE_WITH_KNOTS ( 'NONE', 3,
 ( #3693, #3347, #2241, #369 ),
 .UNSPECIFIED., .F., .F.,
 ( 4, 4 ),
 ( 2.168404344971008868E-19, 0.0002823072613149395010 ),
 .UNSPECIFIED. ) ;
#460 = DIRECTION ( 'NONE',  ( 1.000000000000000000, 0.000000000000000000, 0.000000000000000000 ) ) ;
#461 = ADVANCED_FACE ( 'NONE', ( #4149 ), #4573, .F. ) ;
#462 = ORIENTED_EDGE ( 'NONE', *, *, #2224, .F. ) ;
#463 = CARTESIAN_POINT ( 'NONE',  ( -0.06902168574814838975, 0.01854906267112996568, 0.2728308033203762362 ) ) ;
#464 = CARTESIAN_POINT ( 'NONE',  ( 0.05511630547617173137, 0.05363391219926853803, 0.3751096284341658427 ) ) ;
#465 = VERTEX_POINT ( 'NONE', #2747 ) ;
#466 = CARTESIAN_POINT ( 'NONE',  ( -0.01102610899915215832, 0.07005638348396282800, 0.2888810159190304261 ) ) ;
#467 = DIRECTION ( 'NONE',  ( 0.000000000000000000, 0.000000000000000000, 1.000000000000000000 ) ) ;
#468 = CARTESIAN_POINT ( 'NONE',  ( 0.03109999318820472550, -0.07463948810787401911, 0.3640260286392913436 ) ) ;
#469 = FACE_OUTER_BOUND ( 'NONE', #3485, .T. ) ;
#470 = CARTESIAN_POINT ( 'NONE',  ( 0.07874015748031495954, 0.000000000000000000, 0.2440944881889763884 ) ) ;
#471 = DIRECTION ( 'NONE',  ( 0.000000000000000000, 0.000000000000000000, 1.000000000000000000 ) ) ;
#472 = CARTESIAN_POINT ( 'NONE',  ( 0.1377952755905511861, -0.1968503937007874127, -0.2440944881889763884 ) ) ;
#473 = VERTEX_POINT ( 'NONE', #851 ) ;
#474 = VERTEX_POINT ( 'NONE', #126 ) ;
#475 = CARTESIAN_POINT ( 'NONE',  ( -0.008266313366852320182, 0.07847276883008999504, 0.3556459053424258498 ) ) ;
#476 = CARTESIAN_POINT ( 'NONE',  ( 0.04489955996043307890, -0.05999664671228347596, 0.2994721109324803288 ) ) ;
#477 = DIRECTION ( 'NONE',  ( 1.000000000000000000, 0.000000000000000000, 0.000000000000000000 ) ) ;
#478 = CARTESIAN_POINT ( 'NONE',  ( 0.06369242165591929017, 0.04627521176796574320, 0.3326775795002799296 ) ) ;
#479 = CARTESIAN_POINT ( 'NONE',  ( 0.01699054548637881495, -0.06902979065524397773, 0.2989869268705719896 ) ) ;
#480 = CARTESIAN_POINT ( 'NONE',  ( 0.000000000000000000, 0.000000000000000000, 0.2440944881889763884 ) ) ;
#481 = EDGE_CURVE ( 'NONE', #1501, #4070, #4131, .T. ) ;
#482 = VERTEX_POINT ( 'NONE', #3812 ) ;
#483 = EDGE_CURVE ( 'NONE', #2647, #3582, #1264, .T. ) ;
#484 = CARTESIAN_POINT ( 'NONE',  ( 0.05118110236054684847, 0.000000000000000000, 0.3779527559046311214 ) ) ;
#485 = CARTESIAN_POINT ( 'NONE',  ( 0.05443168838555226263, 0.04579432551848217070, 0.3801361742291876067 ) ) ;
#486 = ORIENTED_EDGE ( 'NONE', *, *, #5, .T. ) ;
#487 = CARTESIAN_POINT ( 'NONE',  ( -0.0002233311723538373452, 0.07086584341409622734, 0.2883961035076328394 ) ) ;
#488 = CARTESIAN_POINT ( 'NONE',  ( -0.03937007874015747977, -0.1968503937007874127, 0.03543307086614173179 ) ) ;
#489 = EDGE_CURVE ( 'NONE', #465, #65, #1192, .T. ) ;
#490 = CARTESIAN_POINT ( 'NONE',  ( -0.01508070223432677291, 0.08281940171570867371, 0.3763333352616142213 ) ) ;
#491 = CARTESIAN_POINT ( 'NONE',  ( 0.07169322122421259436, -0.02180940467901968174, 0.3187414717443700640 ) ) ;
#492 = DIRECTION ( 'NONE',  ( 0.000000000000000000, 1.000000000000000000, 0.000000000000000000 ) ) ;
#493 = DIRECTION ( 'NONE',  ( 1.000000000000000000, 0.000000000000000000, 0.000000000000000000 ) ) ;
#494 = LINE ( 'NONE', #472, #1753 ) ;
#495 = VERTEX_POINT ( 'NONE', #1959 ) ;
#496 = VERTEX_POINT ( 'NONE', #1939 ) ;
#497 = DIRECTION ( 'NONE',  ( 1.000000000000000000, 0.000000000000000000, 0.000000000000000000 ) ) ;
#498 = PLANE ( 'NONE',  #2583 ) ;
#499 = CARTESIAN_POINT ( 'NONE',  ( -0.06980488577050188159, 0.01230908400835577232, 0.3281845816656750459 ) ) ;
#500 = DIRECTION ( 'NONE',  ( 1.000000000000000000, 0.000000000000000000, 0.000000000000000000 ) ) ;
#501 = CARTESIAN_POINT ( 'NONE',  ( -0.05666420312826694894, -0.04355755579940707306, 0.2953765049715618152 ) ) ;
#502 = CARTESIAN_POINT ( 'NONE',  ( -0.07086614173228346358, 8.678599364036359818E-18, 0.2637795275590551491 ) ) ;
#503 = VERTEX_POINT ( 'NONE', #1915 ) ;
#504 = CIRCLE ( 'NONE', #4354, 0.09842519685039370636 ) ;
#505 = CARTESIAN_POINT ( 'NONE',  ( 0.06192187004085293600, 0.03568953404203226154, 0.2654306925982797272 ) ) ;
#506 = CARTESIAN_POINT ( 'NONE',  ( 0.05053641169784028192, -0.04968346743960484757, 0.3361393451152199230 ) ) ;
#507 = ADVANCED_FACE ( 'NONE', ( #1602 ), #3449, .T. ) ;
#508 = DIRECTION ( 'NONE',  ( 1.000000000000000000, 0.000000000000000000, 0.000000000000000000 ) ) ;
#509 = ORIENTED_EDGE ( 'NONE', *, *, #427, .T. ) ;
#510 = VECTOR ( 'NONE', #3170, 39.37007874015748143 ) ;
#511 = DIRECTION ( 'NONE',  ( 0.000000000000000000, -1.000000000000000000, 0.000000000000000000 ) ) ;
#512 = CARTESIAN_POINT ( 'NONE',  ( 0.1377952755905511861, -0.2165354330708661457, -0.2440944881889763884 ) ) ;
#513 = CARTESIAN_POINT ( 'NONE',  ( -0.01594714232427165215, -0.08265693929610236357, 0.3653293982537401674 ) ) ;
#514 = VECTOR ( 'NONE', #927, 39.37007874015748143 ) ;
#515 = CARTESIAN_POINT ( 'NONE',  ( 0.04518178792059055621, 0.05978439714724409493, 0.3028753300121260206 ) ) ;
#516 = CARTESIAN_POINT ( 'NONE',  ( 0.04355053974085261459, 0.05666931593958159791, 0.3611380099185819148 ) ) ;
#517 = ADVANCED_FACE ( 'NONE', ( #4528 ), #976, .T. ) ;
#518 = CARTESIAN_POINT ( 'NONE',  ( 0.04355055495885247485, -0.05666930379199683343, 0.3396523397049056037 ) ) ;
#519 = CARTESIAN_POINT ( 'NONE',  ( -0.07874015748031495954, -0.05905511811023622659, 0.2637795275590551491 ) ) ;
#520 = ORIENTED_EDGE ( 'NONE', *, *, #2246, .T. ) ;
#521 = DIRECTION ( 'NONE',  ( 0.000000000000000000, 0.000000000000000000, -1.000000000000000000 ) ) ;
#522 = CARTESIAN_POINT ( 'NONE',  ( -0.08464566929133858497, -0.1771653543307086520, 0.1870078740157480324 ) ) ;
#523 = DIRECTION ( 'NONE',  ( 0.000000000000000000, 0.000000000000000000, 1.000000000000000000 ) ) ;
#524 = CARTESIAN_POINT ( 'NONE',  ( -0.1377952755905511861, 0.1574803149606299191, -0.2440944881889763884 ) ) ;
#525 = ORIENTED_EDGE ( 'NONE', *, *, #1682, .F. ) ;
#526 = CARTESIAN_POINT ( 'NONE',  ( 0.000000000000000000, 0.000000000000000000, 0.3779527559046311214 ) ) ;
#527 = CARTESIAN_POINT ( 'NONE',  ( 0.06966315871131262272, -0.01300523707067798712, 0.3380001927405389961 ) ) ;
#528 = AXIS2_PLACEMENT_3D ( 'NONE', #2117, #703, #4273 ) ;
#529 = CARTESIAN_POINT ( 'NONE',  ( -0.06754951267554146210, -0.02144180329161110218, 0.2903286232604649908 ) ) ;
#530 = CARTESIAN_POINT ( 'NONE',  ( 0.07002718372893854126, -0.01088517348966525598, 0.2987068572623097773 ) ) ;
#531 = ORIENTED_EDGE ( 'NONE', *, *, #3020, .F. ) ;
#532 = CARTESIAN_POINT ( 'NONE',  ( 0.04133858267716535029, -0.1968503937007874127, 0.1870078740157480324 ) ) ;
#533 = CARTESIAN_POINT ( 'NONE',  ( -0.04355055495885210015, -0.05666930379199712486, 0.2765241282043194859 ) ) ;
#534 = CARTESIAN_POINT ( 'NONE',  ( 0.08308893722468502219, -0.01351700671416929296, 0.3506574822431889893 ) ) ;
#536 = DIRECTION ( 'NONE',  ( 0.000000000000000000, 0.000000000000000000, 1.000000000000000000 ) ) ;
#535 = B_SPLINE_CURVE_WITH_KNOTS ( 'NONE', 3,
 ( #449, #132, #2277, #4554, #876, #516, #1605, #4531, #901, #3072, #2658, #1920, #61, #1532, #3002, #3386, #1558, #86 ),
 .UNSPECIFIED., .F., .F.,
 ( 4, 2, 2, 2, 2, 2, 2, 2, 4 ),
 ( 0.000000000000000000, 0.1250000000000000278, 0.2500000000000000555, 0.3750000000000001110, 0.5000000000000001110, 0.6250000000000001110, 0.7500000000000002220, 0.8750000000000002220, 1.000000000000000000 ),
 .UNSPECIFIED. ) ;
#537 = CARTESIAN_POINT ( 'NONE',  ( 0.02780367954932677285, 0.06509835566614173563, 0.3823755487348818871 ) ) ;
#538 = EDGE_CURVE ( 'NONE', #3443, #4181, #4478, .T. ) ;
#539 = EDGE_CURVE ( 'NONE', #4633, #1762, #4125, .T. ) ;
#540 = DIRECTION ( 'NONE',  ( 0.000000000000000000, -1.000000000000000000, 0.000000000000000000 ) ) ;
#541 = ADVANCED_FACE ( 'NONE', ( #1986 ), #1627, .T. ) ;
#542 = DIRECTION ( 'NONE',  ( 0.000000000000000000, 0.000000000000000000, -1.000000000000000000 ) ) ;
#543 = ORIENTED_EDGE ( 'NONE', *, *, #1747, .T. ) ;
#544 = EDGE_CURVE ( 'NONE', #329, #4221, #133, .T. ) ;
#545 = CARTESIAN_POINT ( 'NONE',  ( -0.1358267716535433156, -0.1161417322834645688, 0.07677165354330708902 ) ) ;
#546 = CARTESIAN_POINT ( 'NONE',  ( 0.07085274558965197478, 0.000000000000000000, 0.2637929185553019584 ) ) ;
#547 = LINE ( 'NONE', #1951, #1351 ) ;
#548 = ORIENTED_EDGE ( 'NONE', *, *, #652, .F. ) ;
#549 = ORIENTED_EDGE ( 'NONE', *, *, #483, .T. ) ;
#550 = CYLINDRICAL_SURFACE ( 'NONE', #3272, 0.04330708661417324162 ) ;
#551 = CARTESIAN_POINT ( 'NONE',  ( 0.01474179658682478640, -0.06931069724391128450, 0.3343061771773763735 ) ) ;
#552 = CARTESIAN_POINT ( 'NONE',  ( -0.01369129395361526856, -0.06953599467939242107, 0.2936636998787101049 ) ) ;
#553 = CARTESIAN_POINT ( 'NONE',  ( 0.04492298395337934735, -0.05625835551041152849, 0.3800790752113186732 ) ) ;
#554 = ORIENTED_EDGE ( 'NONE', *, *, #945, .T. ) ;
#555 = CARTESIAN_POINT ( 'NONE',  ( 0.02419287636084246559, 0.06661825335044951890, 0.3070101960962258181 ) ) ;
#556 = CARTESIAN_POINT ( 'NONE',  ( -0.04818804544818897084, 0.06902458430149606416, 0.3579934402484646339 ) ) ;
#557 = CARTESIAN_POINT ( 'NONE',  ( 0.05224060930940944980, 0.06274652948519685025, 0.2767679346153149589 ) ) ;
#558 = CARTESIAN_POINT ( 'NONE',  ( 0.05047973635720472141, 0.05606342694208661659, 0.3585240601352756018 ) ) ;
#559 = CARTESIAN_POINT ( 'NONE',  ( 0.04133858267716535029, -0.2165354330708661457, 0.2047244094488188948 ) ) ;
#560 = EDGE_CURVE ( 'NONE', #89, #1062, #4754, .T. ) ;
#561 = CARTESIAN_POINT ( 'NONE',  ( 0.01089249090688857412, -0.07008727701377522046, 0.3184043065346425228 ) ) ;
#562 = CARTESIAN_POINT ( 'NONE',  ( -0.07086614173228346358, 6.201188232805630922E-14, 0.3287088629685929742 ) ) ;
#563 = CARTESIAN_POINT ( 'NONE',  ( 0.04133858267716535029, -0.1771653543307086520, -0.1673228346456692994 ) ) ;
#564 = FACE_BOUND ( 'NONE', #1741, .T. ) ;
#565 = VERTEX_POINT ( 'NONE', #4377 ) ;
#566 = VERTEX_POINT ( 'NONE', #4071 ) ;
#567 = B_SPLINE_CURVE_WITH_KNOTS ( 'NONE', 3,
 ( #3420, #1186, #463, #2698, #4449, #1596, #4472, #2716, #2673, #3063, #4118, #1523, #3036, #2001, #505, #1980, #2358, #4545 ),
 .UNSPECIFIED., .F., .F.,
 ( 4, 2, 2, 2, 2, 2, 2, 2, 4 ),
 ( 0.000000000000000000, 0.1250000000000000278, 0.2500000000000000555, 0.3750000000000001110, 0.5000000000000001110, 0.6250000000000001110, 0.7500000000000002220, 0.8750000000000001110, 1.000000000000000000 ),
 .UNSPECIFIED. ) ;
#568 = EDGE_CURVE ( 'NONE', #2053, #1256, #459, .T. ) ;
#569 = DIRECTION ( 'NONE',  ( -1.000000000000000000, 0.000000000000000000, 0.000000000000000000 ) ) ;
#570 = CARTESIAN_POINT ( 'NONE',  ( 0.03960346114332749523, -0.05876358334520914023, 0.3355133895200219096 ) ) ;
#571 = CARTESIAN_POINT ( 'NONE',  ( -0.05572042872654524998, -0.04378648004881689759, 0.2914284619812482768 ) ) ;
#572 = CARTESIAN_POINT ( 'NONE',  ( 0.05802366523959301414, -0.04069616879482054750, 0.2972651155806029233 ) ) ;
#573 = ORIENTED_EDGE ( 'NONE', *, *, #2392, .F. ) ;
#574 = CIRCLE ( 'NONE', #1443, 0.05118110236054684847 ) ;
#575 = VECTOR ( 'NONE', #71, 39.37007874015748143 ) ;
#576 = CARTESIAN_POINT ( 'NONE',  ( 0.04205587214796169954, 0.05708504341814899657, 0.3060919989771820338 ) ) ;
#577 = CARTESIAN_POINT ( 'NONE',  ( -0.07411027243874016013, -0.003961802107877952610, 0.3320754573893307526 ) ) ;
#578 = CARTESIAN_POINT ( 'NONE',  ( -0.07752931424259842941, 0.02559534277104331262, 0.3025504149301574963 ) ) ;
#579 = CIRCLE ( 'NONE', #1125, 0.02362204724409448786 ) ;
#580 = CIRCLE ( 'NONE', #2804, 0.09842519685039370636 ) ;
#581 = CARTESIAN_POINT ( 'NONE',  ( -0.03669221629986221117, 0.06219169723570865810, 0.3656279546841338934 ) ) ;
#582 = ORIENTED_EDGE ( 'NONE', *, *, #1142, .T. ) ;
#583 = LINE ( 'NONE', #2483, #1613 ) ;
#584 = AXIS2_PLACEMENT_3D ( 'NONE', #588, #2057, #1123 ) ;
#585 = LINE ( 'NONE', #2511, #1278 ) ;
#586 = AXIS2_PLACEMENT_3D ( 'NONE', #387, #3276, #2217 ) ;
#587 = LINE ( 'NONE', #2441, #1355 ) ;
#588 = CARTESIAN_POINT ( 'NONE',  ( -0.1358267716535433156, -0.1161417322834645688, 0.1023622047244094474 ) ) ;
#589 = CARTESIAN_POINT ( 'NONE',  ( 0.03236331610249201796, -0.06305528839955212850, 0.3194129538862484630 ) ) ;
#590 = VECTOR ( 'NONE', #2552, 39.37007874015748143 ) ;
#591 = CARTESIAN_POINT ( 'NONE',  ( -0.02274991913940731247, 0.06711344396287399761, 0.3248129286869873011 ) ) ;
#592 = CARTESIAN_POINT ( 'NONE',  ( -0.1377952755905511861, -0.1771653543307086520, 0.01968503937007873988 ) ) ;
#593 = B_SPLINE_CURVE_WITH_KNOTS ( 'NONE', 3,
 ( #988, #2402, #957, #916, #891, #4590, #530, #3539, #601, #3926, #3873, #2004, #3471, #171, #2383, #1644, #3132, #2453, #625, #1303, #4569, #1282, #2743, #572, #3855, #2044, #3516, #4661, #1377, #4301, #649, #3590, #1732, #2118, #1012, #3202, #2841, #2476, #3948, #1281, #170, #915, #1623, #1506, #4459, #2761, #150, #3491, #1919, #3131, #1302, #448, #1643, #782, #2741, #3515, #188, #1149, #3107, #1259, #3087, #4547, #3830, #890, #3001, #934, #4589, #552, #4433, #1173, #419, #3470, #2634, #2042, #4224, #2975, #2400, #4104, #2022, #2612, #2251, #3872, #4080, #60, #4568, #1660, #3724, #2719, #571, #1890, #4207, #4184, #2003, #3360, #1531, #2361, #2382, #804, #2274, #3750, #3385, #529, #3854, #4246, #4350, #3562, #3538, #237, #2839, #1707, #1683, #2092, #313, #1323, #956 ),
 .UNSPECIFIED., .F., .F.,
 ( 4, 2, 2, 2, 1, 2, 2, 2, 1, 2, 2, 2, 2, 2, 2, 2, 2, 2, 2, 1, 2, 2, 2, 2, 1, 2, 2, 2, 2, 2, 2, 1, 1, 1, 1, 2, 2, 2, 2, 2, 1, 2, 2, 2, 2, 2, 2, 2, 1, 2, 2, 2, 2, 2, 2, 1, 2, 2, 2, 2, 2, 2, 4 ),
 ( 0.000000000000000000, 0.03124999999999930611, 0.04687499999999895917, 0.05078124999999887590, 0.05468749999999878569, 0.06249999999999862610, 0.09374999999999794609, 0.1015624999999976963, 0.1093749999999974326, 0.1249999999999969885, 0.1406249999999965583, 0.1562499999999960865, 0.1874999999999951983, 0.2031249999999947820, 0.2187499999999943379, 0.2499999999999935052, 0.2812499999999926725, 0.2851562499999925060, 0.2871093749999923950, 0.2890624999999922839, 0.2968749999999922839, 0.3124999999999922839, 0.3437499999999922284, 0.3593749999999921729, 0.3671874999999921729, 0.3710937499999921729, 0.3730468749999921729, 0.3749999999999921729, 0.4374999999999888978, 0.4687499999999872879, 0.4843749999999864553, 0.4921874999999860667, 0.4960937499999859002, 0.4980468749999857891, 0.4990234374999857336, 0.4995117187499857336, 0.4999999999999857336, 0.5624999999999876765, 0.5703124999999880096, 0.5742187499999881206, 0.5781249999999882316, 0.5937499999999887867, 0.6249999999999898970, 0.6874999999999920064, 0.7499999999999942268, 0.7812499999999953371, 0.7851562499999954481, 0.7871093749999955591, 0.7890624999999955591, 0.7968749999999955591, 0.8124999999999956701, 0.8749999999999965583, 0.8906249999999967804, 0.8925781249999967804, 0.8945312499999968914, 0.8984374999999970024, 0.9062499999999972244, 0.9374999999999980016, 0.9453124999999982236, 0.9492187499999983347, 0.9531249999999984457, 0.9687499999999990008, 1.000000000000000000 ),
 .UNSPECIFIED. ) ;
#594 = CARTESIAN_POINT ( 'NONE',  ( -0.1358267716535433156, -0.03149606299212598381, -0.2244094488188976555 ) ) ;
#595 = VERTEX_POINT ( 'NONE', #706 ) ;
#596 = ORIENTED_EDGE ( 'NONE', *, *, #2636, .F. ) ;
#597 = CARTESIAN_POINT ( 'NONE',  ( -0.07936939808047245581, 0.03041934545883070648, 0.2811184402483858369 ) ) ;
#598 = CARTESIAN_POINT ( 'NONE',  ( 0.04394407275291765252, -0.05560817425598010844, 0.3357563580100400014 ) ) ;
#599 = EDGE_CURVE ( 'NONE', #2782, #4438, #3326, .T. ) ;
#600 = DIRECTION ( 'NONE',  ( 0.000000000000000000, 0.000000000000000000, 1.000000000000000000 ) ) ;
#601 = CARTESIAN_POINT ( 'NONE',  ( 0.06960352211096663966, -0.01338032284414670571, 0.2986002398286800030 ) ) ;
#602 = ORIENTED_EDGE ( 'NONE', *, *, #4446, .T. ) ;
#603 =( LENGTH_UNIT ( ) NAMED_UNIT ( * ) SI_UNIT ( $, .METRE. ) );
#604 = CARTESIAN_POINT ( 'NONE',  ( -0.04406486133538269068, 0.05554892724544879118, 0.3101773904603243870 ) ) ;
#605 = VECTOR ( 'NONE', #54, 39.37007874015748143 ) ;
#606 = CARTESIAN_POINT ( 'NONE',  ( 0.07061857596673229431, 0.01939856519705118049, 0.3260428689985432893 ) ) ;
#607 = CARTESIAN_POINT ( 'NONE',  ( 0.05382253005885826586, 0.05652868835937007591, 0.3356048768725590215 ) ) ;
#608 = CARTESIAN_POINT ( 'NONE',  ( -0.07033544656988188759, -0.01634169199049606211, 0.3695944901172047437 ) ) ;
#609 = ORIENTED_EDGE ( 'NONE', *, *, #2963, .F. ) ;
#610 = CARTESIAN_POINT ( 'NONE',  ( 0.06157295452703855781, 0.04473555675689271094, 0.3353031168152734165 ) ) ;
#611 = CARTESIAN_POINT ( 'NONE',  ( -0.06976968421989059033, -0.01242724427489332560, 0.3726173496812022479 ) ) ;
#612 = LINE ( 'NONE', #4642, #4046 ) ;
#613 = DIRECTION ( 'NONE',  ( 1.000000000000000000, 0.000000000000000000, 0.000000000000000000 ) ) ;
#614 = CARTESIAN_POINT ( 'NONE',  ( -0.03482343330754893856, -0.06189376292736441937, 0.3163182364195865626 ) ) ;
#615 = CARTESIAN_POINT ( 'NONE',  ( -0.002152393171756075783, 0.07083531164689854664, 0.3239142639824157399 ) ) ;
#616 = CARTESIAN_POINT ( 'NONE',  ( 0.04133858267716535029, -0.1968503937007874127, 0.03740157480314960925 ) ) ;
#617 = PLANE ( 'NONE',  #3886 ) ;
#618 = ORIENTED_EDGE ( 'NONE', *, *, #4739, .T. ) ;
#619 = ORIENTED_EDGE ( 'NONE', *, *, #1169, .T. ) ;
#620 = CARTESIAN_POINT ( 'NONE',  ( 0.07856607841592434804, -0.007263242817833838461, 0.3697903549641398113 ) ) ;
#621 = CARTESIAN_POINT ( 'NONE',  ( -0.04931087503326771898, 0.06923348454948818897, 0.2989678496971259758 ) ) ;
#622 = CARTESIAN_POINT ( 'NONE',  ( -0.06188665459800559571, -0.03456636710707196303, 0.3303271480558329642 ) ) ;
#623 = ADVANCED_FACE ( 'NONE', ( #1860, #1476 ), #2219, .T. ) ;
#624 = PLANE ( 'NONE',  #1230 ) ;
#625 = CARTESIAN_POINT ( 'NONE',  ( 0.06485012144649610066, -0.02860827713487672230, 0.2979049970555244231 ) ) ;
#626 = ORIENTED_EDGE ( 'NONE', *, *, #3313, .F. ) ;
#627 = EDGE_CURVE ( 'NONE', #410, #1274, #3644, .T. ) ;
#628 = CARTESIAN_POINT ( 'NONE',  ( 0.06324175986425861762, 0.03252455145413184895, 0.2849680468669693045 ) ) ;
#629 = CARTESIAN_POINT ( 'NONE',  ( 0.05409389751609591096, 0.04601492965844221350, 0.3053856073627609913 ) ) ;
#630 = CARTESIAN_POINT ( 'NONE',  ( 0.07334244203047245170, -0.03404010957699606099, 0.3860339026550000385 ) ) ;
#631 = CARTESIAN_POINT ( 'NONE',  ( 0.07255889147913385795, 0.02939521403013779441, 0.3374200575106299782 ) ) ;
#632 = FACE_OUTER_BOUND ( 'NONE', #3534, .T. ) ;
#633 = ORIENTED_EDGE ( 'NONE', *, *, #4544, .T. ) ;
#634 = DIRECTION ( 'NONE',  ( 0.000000000000000000, -1.000000000000000000, 0.000000000000000000 ) ) ;
#635 = ADVANCED_FACE ( 'NONE', ( #2866 ), #1069, .T. ) ;
#636 = CARTESIAN_POINT ( 'NONE',  ( -0.06056672393724894798, -0.03679261889978776429, 0.3737747760136811981 ) ) ;
#637 = LINE ( 'NONE', #1437, #4343 ) ;
#638 = CARTESIAN_POINT ( 'NONE',  ( 0.07085924652560039727, 3.132569493496177037E-07, 0.2795206664978011624 ) ) ;
#639 = CARTESIAN_POINT ( 'NONE',  ( 0.01479170885586890763, -0.06930567502290997661, 0.3185882371373591759 ) ) ;
#640 = CARTESIAN_POINT ( 'NONE',  ( -0.04109159418274296177, 0.05774732268398140994, 0.3257546494877077703 ) ) ;
#641 = DIRECTION ( 'NONE',  ( 0.000000000000000000, 0.000000000000000000, -1.000000000000000000 ) ) ;
#642 = CARTESIAN_POINT ( 'NONE',  ( 0.02362204724409448786, -0.3661417322834645272, 0.01968503937007873988 ) ) ;
#643 = ORIENTED_EDGE ( 'NONE', *, *, #560, .F. ) ;
#644 = ORIENTED_EDGE ( 'NONE', *, *, #3278, .T. ) ;
#645 = CARTESIAN_POINT ( 'NONE',  ( -0.07416514451627156945, -0.02835387519649210444, 0.3613860943091659061 ) ) ;
#646 = CARTESIAN_POINT ( 'NONE',  ( -0.08464566929133858497, -0.1948818897637795422, -0.2440944881889763884 ) ) ;
#647 = CARTESIAN_POINT ( 'NONE',  ( -0.07086614173228346358, 6.201188232805630922E-14, 0.3287088629685929742 ) ) ;
#648 = DIRECTION ( 'NONE',  ( 1.000000000000000000, 0.000000000000000000, 0.000000000000000000 ) ) ;
#649 = CARTESIAN_POINT ( 'NONE',  ( 0.04811905973072145432, -0.05214360250963165355, 0.2966116454217639919 ) ) ;
#650 = ORIENTED_EDGE ( 'NONE', *, *, #1039, .T. ) ;
#651 = CARTESIAN_POINT ( 'NONE',  ( 0.05378552756035053645, 0.04765032471115578788, 0.2857490635413880709 ) ) ;
#652 = EDGE_CURVE ( 'NONE', #1552, #3097, #4643, .T. ) ;
#653 = CARTESIAN_POINT ( 'NONE',  ( -0.02821196588598340327, 0.06501875416711751232, 0.3093835122000550553 ) ) ;
#654 = CARTESIAN_POINT ( 'NONE',  ( 0.07066821496811023784, 0.03190792253333464557, 0.3462167535129921370 ) ) ;
#655 = CARTESIAN_POINT ( 'NONE',  ( -0.07864895496629921434, 0.02191479928048819040, 0.3223830920955511603 ) ) ;
#656 = CARTESIAN_POINT ( 'NONE',  ( -0.005022094473602361706, 0.07851214085952755439, 0.3381983808095669342 ) ) ;
#657 = EDGE_LOOP ( 'NONE', ( #3267, #3304, #3447, #2688 ) ) ;
#658 = AXIS2_PLACEMENT_3D ( 'NONE', #2467, #641, #327 ) ;
#659 = CARTESIAN_POINT ( 'NONE',  ( 0.07874015748031495954, -0.05905511811023622659, 0.2637795275590551491 ) ) ;
#660 = CARTESIAN_POINT ( 'NONE',  ( -0.07026489392412843538, -0.009235229882201661730, 0.3724783032404974659 ) ) ;
#661 = CARTESIAN_POINT ( 'NONE',  ( 0.04133858267716535029, -0.1771653543307086520, 0.01771653543307086590 ) ) ;
#662 = VECTOR ( 'NONE', #2849, 39.37007874015748143 ) ;
#663 = AXIS2_PLACEMENT_3D ( 'NONE', #1984, #1957, #3402 ) ;
#664 = VECTOR ( 'NONE', #283, 39.37007874015748143 ) ;
#665 = DIRECTION ( 'NONE',  ( 1.000000000000000000, 0.000000000000000000, 0.000000000000000000 ) ) ;
#666 = EDGE_CURVE ( 'NONE', #1670, #3584, #4326, .T. ) ;
#667 = CARTESIAN_POINT ( 'NONE',  ( -0.03090938073266266337, -0.06390331203293880824, 0.3165158289288521054 ) ) ;
#668 = VECTOR ( 'NONE', #4259, 39.37007874015748143 ) ;
#669 = CARTESIAN_POINT ( 'NONE',  ( -0.01339606330196410101, 0.06958998299352109340, 0.3244032611409041755 ) ) ;
#670 = CONICAL_SURFACE ( 'NONE', #3127, 0.05905511810436386150, 0.7853981633974476129 ) ;
#671 = DIRECTION ( 'NONE',  ( 0.000000000000000000, 0.000000000000000000, -1.000000000000000000 ) ) ;
#672 = CARTESIAN_POINT ( 'NONE',  ( -0.03937007874015747977, -0.1968503937007874127, 0.2047244094488188948 ) ) ;
#673 = ORIENTED_EDGE ( 'NONE', *, *, #1935, .F. ) ;
#674 = ORIENTED_EDGE ( 'NONE', *, *, #2074, .T. ) ;
#675 = CARTESIAN_POINT ( 'NONE',  ( 0.06899309168975251150, -0.01854006557038696476, 0.3613853541391459645 ) ) ;
#676 = CARTESIAN_POINT ( 'NONE',  ( 0.07690477421007874126, -0.02741481064261417147, 0.2878974197152362469 ) ) ;
#677 = CARTESIAN_POINT ( 'NONE',  ( -0.02393205967345051616, -0.06670579915918278813, 0.3325565222322627301 ) ) ;
#678 = LINE ( 'NONE', #4682, #764 ) ;
#679 = FACE_OUTER_BOUND ( 'NONE', #4325, .T. ) ;
#680 = VERTEX_POINT ( 'NONE', #3305 ) ;
#681 = CARTESIAN_POINT ( 'NONE',  ( 0.000000000000000000, 0.000000000000000000, 0.3719645681934791170 ) ) ;
#682 = CARTESIAN_POINT ( 'NONE',  ( -0.07584342374988188584, -0.01612101737704724549, 0.3553867010195669307 ) ) ;
#683 = DIRECTION ( 'NONE',  ( 1.000000000000000000, 0.000000000000000000, 0.000000000000000000 ) ) ;
#684 = CARTESIAN_POINT ( 'NONE',  ( 0.08190292022543306516, -0.0005146179978625984143, 0.3496049849483858218 ) ) ;
#685 = ORIENTED_EDGE ( 'NONE', *, *, #1988, .F. ) ;
#686 = CARTESIAN_POINT ( 'NONE',  ( -0.05118110236220472370, 6.267877318470704827E-18, 0.3858267716535432879 ) ) ;
#687 = VECTOR ( 'NONE', #1223, 39.37007874015748143 ) ;
#688 = CARTESIAN_POINT ( 'NONE',  ( -0.04857537650706530985, -0.05195942666616797795, 0.3746275478251599456 ) ) ;
#689 = LINE ( 'NONE', #1362, #2501 ) ;
#690 = DIRECTION ( 'NONE',  ( 1.000000000000000000, 0.000000000000000000, 0.000000000000000000 ) ) ;
#691 = EDGE_CURVE ( 'NONE', #330, #1693, #1498, .T. ) ;
#692 = CARTESIAN_POINT ( 'NONE',  ( -0.07086614173228346358, -9.584624658083720144E-13, 0.3130236445506169307 ) ) ;
#693 = ADVANCED_FACE ( 'NONE', ( #2574 ), #1140, .T. ) ;
#694 = CARTESIAN_POINT ( 'NONE',  ( -0.04889059759800860883, 0.05132050079707222573, 0.3261935442221807202 ) ) ;
#695 = FACE_OUTER_BOUND ( 'NONE', #1489, .T. ) ;
#696 = CARTESIAN_POINT ( 'NONE',  ( 0.03370678215070143507, 0.05848176614950893054, 0.3858267716540849657 ) ) ;
#697 = ORIENTED_EDGE ( 'NONE', *, *, #3187, .T. ) ;
#698 = VERTEX_POINT ( 'NONE', #1811 ) ;
#699 = CARTESIAN_POINT ( 'NONE',  ( -0.01854565758155932512, -0.06902133884270497677, 0.3564690147584183011 ) ) ;
#700 = ADVANCED_FACE ( 'NONE', ( #1882 ), #3897, .T. ) ;
#701 = CARTESIAN_POINT ( 'NONE',  ( 0.0007378651036854330528, -0.07828760098271653201, 0.3006262023317322618 ) ) ;
#702 = CARTESIAN_POINT ( 'NONE',  ( 0.002716580042645568623, -0.07081629067779400544, 0.3337810695089928892 ) ) ;
#703 = DIRECTION ( 'NONE',  ( -0.000000000000000000, 1.000000000000000000, 0.000000000000000000 ) ) ;
#704 = LINE ( 'NONE', #2499, #3978 ) ;
#705 = EDGE_LOOP ( 'NONE', ( #4226, #4392 ) ) ;
#706 = CARTESIAN_POINT ( 'NONE',  ( -0.07086120964652618814, 2.293296030158259821E-07, 0.3523671346371220481 ) ) ;
#707 = CARTESIAN_POINT ( 'NONE',  ( 0.04753293248675743987, 0.06947210581236538951, 0.3140649606297685748 ) ) ;
#708 = CARTESIAN_POINT ( 'NONE',  ( -0.1377952755905511861, 0.003937007874015747977, -0.2244094488188976555 ) ) ;
#709 = CARTESIAN_POINT ( 'NONE',  ( 0.02555465481959055124, -0.07098078150389763863, 0.3717458449122047481 ) ) ;
#710 = ORIENTED_EDGE ( 'NONE', *, *, #539, .T. ) ;
#711 = CARTESIAN_POINT ( 'NONE',  ( 0.009276386211404712492, -0.07086613745531210318, 0.3537558857410215141 ) ) ;
#712 = CARTESIAN_POINT ( 'NONE',  ( 0.05905511810969048259, 0.000000000000000000, 0.3858267716515368928 ) ) ;
#713 = CARTESIAN_POINT ( 'NONE',  ( -0.08464566929133858497, -0.1948818897637795422, 0.03740157480314960925 ) ) ;
#714 = PLANE ( 'NONE',  #1739 ) ;
#715 = CARTESIAN_POINT ( 'NONE',  ( 0.03937007874015747977, -0.1771653543307086520, 0.2047244094488188948 ) ) ;
#716 = ADVANCED_FACE ( 'NONE', ( #316 ), #1427, .T. ) ;
#717 = CARTESIAN_POINT ( 'NONE',  ( 0.06732312951956631597, 0.02213427133304943575, 0.3198913300888708289 ) ) ;
#718 = CARTESIAN_POINT ( 'NONE',  ( 0.06692913385805553117, 0.008761003134982991644, 0.3858267716540849102 ) ) ;
#719 = EDGE_LOOP ( 'NONE', ( #2807, #1426, #2196, #2941 ) ) ;
#720 = ORIENTED_EDGE ( 'NONE', *, *, #758, .T. ) ;
#721 = DIRECTION ( 'NONE',  ( 0.000000000000000000, 0.000000000000000000, 1.000000000000000000 ) ) ;
#722 = CARTESIAN_POINT ( 'NONE',  ( 0.07811081470728345466, -0.02376166586797637953, 0.3077300968805511405 ) ) ;
#723 = CARTESIAN_POINT ( 'NONE',  ( 0.004368057958095110035, -0.07073989223086372957, 0.3338549919785798736 ) ) ;
#724 = CARTESIAN_POINT ( 'NONE',  ( 0.04867972769700436991, 0.05150613044810678498, 0.2820717292370300000 ) ) ;
#725 = DIRECTION ( 'NONE',  ( 0.000000000000000000, 0.000000000000000000, 1.000000000000000000 ) ) ;
#726 = ADVANCED_FACE ( 'NONE', ( #338, #1454 ), #2919, .T. ) ;
#727 = EDGE_LOOP ( 'NONE', ( #1325, #257, #1118, #2409, #996, #3308 ) ) ;
#728 = CARTESIAN_POINT ( 'NONE',  ( 0.07874015748031495954, -0.05905511811023622659, 0.2637795275590551491 ) ) ;
#729 = CARTESIAN_POINT ( 'NONE',  ( -0.08005700430892791208, -0.02601209752143382459, 0.3021653543305559686 ) ) ;
#730 = CARTESIAN_POINT ( 'NONE',  ( -0.07640171706559055476, 0.01876606266544488325, 0.3421649162425983715 ) ) ;
#731 = VERTEX_POINT ( 'NONE', #1934 ) ;
#732 = CARTESIAN_POINT ( 'NONE',  ( 0.05666772236520428718, 0.04354352238379728679, 0.3642574339503995007 ) ) ;
#733 = CARTESIAN_POINT ( 'NONE',  ( -0.008138127657380105420, -0.07039745983544370977, 0.3766130048614423353 ) ) ;
#734 = CARTESIAN_POINT ( 'NONE',  ( 0.06902168686096217531, -0.01854905714786915516, 0.3771311456749005253 ) ) ;
#735 = DIRECTION ( 'NONE',  ( 0.000000000000000000, -1.000000000000000000, 0.000000000000000000 ) ) ;
#736 = PLANE ( 'NONE',  #69 ) ;
#737 = VECTOR ( 'NONE', #3766, 39.37007874015748143 ) ;
#738 = CARTESIAN_POINT ( 'NONE',  ( 0.06994464739626696237, 0.01142378838920714464, 0.3193837140705395039 ) ) ;
#739 = CARTESIAN_POINT ( 'NONE',  ( 0.07086614173228346358, 4.695363739110448401E-17, 0.3228657416923393364 ) ) ;
#740 = CARTESIAN_POINT ( 'NONE',  ( 0.06518714765082235518, 0.01751855918934498019, 0.3858267716540849102 ) ) ;
#741 = VECTOR ( 'NONE', #1697, 39.37007874015748143 ) ;
#742 = ORIENTED_EDGE ( 'NONE', *, *, #3765, .T. ) ;
#743 = ORIENTED_EDGE ( 'NONE', *, *, #979, .T. ) ;
#744 = CARTESIAN_POINT ( 'NONE',  ( 0.02338409634100369408, -0.07536316750470381520, 0.3464158047862708201 ) ) ;
#745 = VECTOR ( 'NONE', #2390, 39.37007874015748143 ) ;
#746 = CARTESIAN_POINT ( 'NONE',  ( -0.07764906817724410992, -0.02522971164504724320, 0.2997970260144094401 ) ) ;
#747 = CARTESIAN_POINT ( 'NONE',  ( -0.1377952755905511861, 0.1574803149606299191, 0.2440944881889763884 ) ) ;
#748 = CARTESIAN_POINT ( 'NONE',  ( 0.06953341116351811901, 0.01518216200327597402, 0.2801838446338913990 ) ) ;
#749 = LINE ( 'NONE', #4351, #362 ) ;
#750 = ORIENTED_EDGE ( 'NONE', *, *, #807, .T. ) ;
#751 = CARTESIAN_POINT ( 'NONE',  ( 0.000000000000000000, 0.000000000000000000, 0.3858267716515368928 ) ) ;
#752 = EDGE_CURVE ( 'NONE', #777, #3869, #574, .T. ) ;
#753 = CARTESIAN_POINT ( 'NONE',  ( -0.1377952755905511861, -0.2165354330708661457, 0.2047244094488188948 ) ) ;
#754 = CARTESIAN_POINT ( 'NONE',  ( 0.02407600851969291314, 0.07489815205090551153, 0.3567088794972047006 ) ) ;
#755 = ORIENTED_EDGE ( 'NONE', *, *, #2930, .T. ) ;
#756 = CARTESIAN_POINT ( 'NONE',  ( 0.009269893661697836684, 0.07086834119963066059, 0.3470394536741157610 ) ) ;
#757 = CARTESIAN_POINT ( 'NONE',  ( 0.01401949932960792206, -0.06947346307931785703, 0.3776134383059468469 ) ) ;
#758 = EDGE_CURVE ( 'NONE', #3351, #1703, #3786, .T. ) ;
#759 = CARTESIAN_POINT ( 'NONE',  ( -0.03858168328168801176, -0.05985413602794651539, 0.3121713379414420841 ) ) ;
#760 = LINE ( 'NONE', #377, #2431 ) ;
#761 = CARTESIAN_POINT ( 'NONE',  ( -0.04685659875509965572, -0.05319057115354287879, 0.3156689304449070699 ) ) ;
#762 = VECTOR ( 'NONE', #1174, 39.37007874015748143 ) ;
#763 = CARTESIAN_POINT ( 'NONE',  ( 0.01185016337737143308, 0.06987985298682006241, 0.3232682957186943651 ) ) ;
#764 = VECTOR ( 'NONE', #1402, 39.37007874015748143 ) ;
#765 = CARTESIAN_POINT ( 'NONE',  ( -0.02213453356899304156, 0.06751794842291115872, 0.3051160596923408463 ) ) ;
#766 = ORIENTED_EDGE ( 'NONE', *, *, #1721, .F. ) ;
#767 = ORIENTED_EDGE ( 'NONE', *, *, #3334, .T. ) ;
#768 = CARTESIAN_POINT ( 'NONE',  ( 0.06133660812431006998, -0.04963543875844157044, 0.3482591918550728138 ) ) ;
#769 = CARTESIAN_POINT ( 'NONE',  ( -0.05044518578787401258, 0.06419656737661416646, 0.3156631677467322539 ) ) ;
#770 = CARTESIAN_POINT ( 'NONE',  ( -0.05766461298782590145, 0.04125641405814536866, 0.2873934335962129438 ) ) ;
#771 = CARTESIAN_POINT ( 'NONE',  ( -0.007916837916479096959, 0.07043188495342699029, 0.2847839237772662457 ) ) ;
#772 = DIRECTION ( 'NONE',  ( 1.000000000000000000, 0.000000000000000000, 0.000000000000000000 ) ) ;
#773 = ORIENTED_EDGE ( 'NONE', *, *, #2636, .T. ) ;
#774 = CARTESIAN_POINT ( 'NONE',  ( 0.04133858267716535029, -0.1948818897637795422, 0.03740157480314960925 ) ) ;
#775 = DIRECTION ( 'NONE',  ( 1.000000000000000000, 0.000000000000000000, 0.000000000000000000 ) ) ;
#776 = CARTESIAN_POINT ( 'NONE',  ( -0.07977952571322835529, -0.01853592320731496310, 0.3601824127699213007 ) ) ;
#777 = VERTEX_POINT ( 'NONE', #484 ) ;
#778 = CARTESIAN_POINT ( 'NONE',  ( 0.03568647166779010532, 0.06193033632756114737, 0.3654890478990817093 ) ) ;
#779 = CARTESIAN_POINT ( 'NONE',  ( 0.02726403297730215294, -0.06541436626377242214, 0.3782191995935267337 ) ) ;
#780 = LINE ( 'NONE', #3332, #966 ) ;
#781 = DIRECTION ( 'NONE',  ( 0.000000000000000000, 0.000000000000000000, 1.000000000000000000 ) ) ;
#782 = CARTESIAN_POINT ( 'NONE',  ( 0.01678282542524347706, -0.06887724358534273728, 0.2950209962835709798 ) ) ;
#783 = FACE_OUTER_BOUND ( 'NONE', #37, .T. ) ;
#784 = EDGE_CURVE ( 'NONE', #211, #4221, #567, .T. ) ;
#785 = CARTESIAN_POINT ( 'NONE',  ( 0.01634552122518026507, 0.06896254280259374314, 0.3230584483972783749 ) ) ;
#786 = CARTESIAN_POINT ( 'NONE',  ( -0.04885064934826631455, 0.05217112662752875635, 0.3064667980385020751 ) ) ;
#787 = ORIENTED_EDGE ( 'NONE', *, *, #247, .T. ) ;
#788 = ORIENTED_EDGE ( 'NONE', *, *, #3963, .F. ) ;
#789 = CARTESIAN_POINT ( 'NONE',  ( 0.07774278898812676808, 0.01341134053408462798, 0.3509383210284638954 ) ) ;
#790 = CARTESIAN_POINT ( 'NONE',  ( -0.07115949690433071018, 0.02349242647763385983, 0.2915390400663386283 ) ) ;
#791 = CARTESIAN_POINT ( 'NONE',  ( -0.06480588742717356687, 0.02869794403764666657, 0.2880610536829343316 ) ) ;
#792 = CYLINDRICAL_SURFACE ( 'NONE', #49, 0.05118110236220472370 ) ;
#793 = CARTESIAN_POINT ( 'NONE',  ( -0.03444540987654191866, 0.06197551668536794428, 0.2860268474502170033 ) ) ;
#794 = CARTESIAN_POINT ( 'NONE',  ( 0.000000000000000000, 0.000000000000000000, 0.2440944881889763884 ) ) ;
#795 = ORIENTED_EDGE ( 'NONE', *, *, #1135, .T. ) ;
#796 = FACE_OUTER_BOUND ( 'NONE', #2112, .T. ) ;
#797 = CARTESIAN_POINT ( 'NONE',  ( 0.06930163102476377679, 0.01053037978472834771, 0.3815931739247638288 ) ) ;
#798 = DIRECTION ( 'NONE',  ( 0.000000000000000000, 0.000000000000000000, 1.000000000000000000 ) ) ;
#799 = ORIENTED_EDGE ( 'NONE', *, *, #1809, .F. ) ;
#800 = DIRECTION ( 'NONE',  ( 0.000000000000000000, 1.000000000000000000, 0.000000000000000000 ) ) ;
#801 = DIRECTION ( 'NONE',  ( 0.000000000000000000, 0.000000000000000000, 1.000000000000000000 ) ) ;
#802 = CARTESIAN_POINT ( 'NONE',  ( -0.06290407364865564788, -0.03297147798764921839, 0.3105451290662460395 ) ) ;
#803 = CARTESIAN_POINT ( 'NONE',  ( -0.07086614173228346358, 2.497079806708740244E-16, 0.2933397959751299355 ) ) ;
#804 = CARTESIAN_POINT ( 'NONE',  ( -0.06692947225244962051, -0.02329637536612000695, 0.2904135530353784134 ) ) ;
#805 = CARTESIAN_POINT ( 'NONE',  ( -0.06605596162040540398, 0.02964640663849822666, 0.3471104451005201930 ) ) ;
#806 = CARTESIAN_POINT ( 'NONE',  ( 0.001783529534951843951, 0.07086730703721838553, 0.3237368664854358702 ) ) ;
#807 = EDGE_CURVE ( 'NONE', #233, #495, #2317, .T. ) ;
#808 = B_SPLINE_SURFACE_WITH_KNOTS ( 'NONE', 3, 3, ( 
 ( #2100, #4230, #2437, #1649, #3546, #4307, #4281, #2010, #968, #2052, #2408, #3879, #3910, #1692, #2846, #1669, #4596, #4252, #2821, #3477, #581, #3570, #995, #608, #940, #2791, #2368, #1356, #3523, #245, #269, #3209, #4666, #537, #923 ),
 ( #3115, #1384, #223, #4638, #3839, #176, #4577, #3179, #1292, #3157, #2077, #3861, #1330, #2750, #4214, #2388, #1715, #558, #2028, #3497, #199, #3138, #1095, #1791, #2554, #2507, #2221, #709, #4026, #3624, #1019, #2530, #1500, #3, #3307 ),
 ( #295, #2481, #3955, #2151, #656, #3256, #4402, #730, #4711, #1117, #1042, #2126, #2576, #1430, #2195, #4052, #4358, #1842, #754, #2173, #2899, #2871, #3673, #1457, #3596, #3232, #319, #1478, #371, #2945, #3328, #2922, #342, #1767, #1072 ),
 ( #4005, #3697, #3648, #391, #1862, #1815, #25, #4688, #2966, #1408, #4329, #3982, #4380, #3284, #4740, #684, #4498, #3767, #151, #3742, #1912, #1572, #121, #776, #1188, #870, #1599, #3037, #3017, #99, #1624, #3422, #2650, #2318, #3065 ) ),
 .UNSPECIFIED., .F., .F., .F.,
 ( 4, 4 ),
 ( 4, 1, 1, 1, 1, 1, 1, 1, 1, 1, 1, 1, 1, 1, 1, 1, 1, 1, 1, 1, 1, 1, 1, 1, 1, 1, 1, 1, 1, 1, 1, 1, 4 ),
 ( -0.09766691155401999169, 1.097666911553999869 ),
 ( -0.01333333333331000042, 0.008333333333318999198, 0.02999999999995000069, 0.05166666666657999951, 0.07333333333321000180, 0.09499999999984000409, 0.1166666666664999963, 0.1383333333330999948, 0.1599999999996999933, 0.1816666666663999952, 0.2033333333329999937, 0.2249999999996000200, 0.2466666666662999940, 0.2683333333328999926, 0.2899999999994999911, 0.3116666666660999896, 0.3333333333328000192, 0.3549999999994000177, 0.3766666666659999607, 0.3983333333326999903, 0.4199999999992999888, 0.4416666666658999874, 0.4633333333326000170, 0.4849999999992000155, 0.5066666666657999585, 0.5283333333323999570, 0.5499999999990999866, 0.5716666666657000961, 0.5933333333322999836, 0.6149999999990000132, 0.6366666666656000118, 0.6583333333322000103, 0.6799999999988999289 ),
 .UNSPECIFIED. ) ;
#809 = CARTESIAN_POINT ( 'NONE',  ( 0.06654995751008428717, -0.02436728217037927371, 0.3217470837010873441 ) ) ;
#810 = VERTEX_POINT ( 'NONE', #3444 ) ;
#811 = VERTEX_POINT ( 'NONE', #4182 ) ;
#812 = AXIS2_PLACEMENT_3D ( 'NONE', #4164, #118, #2991 ) ;
#813 = AXIS2_PLACEMENT_3D ( 'NONE', #115, #4518, #1298 ) ;
#814 = CARTESIAN_POINT ( 'NONE',  ( 0.02236455464854945202, 0.07566031466136302619, 0.3544297493664621546 ) ) ;
#815 = CARTESIAN_POINT ( 'NONE',  ( 0.001059362923853149688, 0.07492960597492126507, 0.2875725046333070800 ) ) ;
#816 = CARTESIAN_POINT ( 'NONE',  ( -0.06114139635739419820, 0.03584810551888249069, 0.2876890445813286012 ) ) ;
#817 = VECTOR ( 'NONE', #1719, 39.37007874015748143 ) ;
#818 = PLANE ( 'NONE',  #1056 ) ;
#819 = CARTESIAN_POINT ( 'NONE',  ( 0.04325982648893850896, 0.05617981882103911806, 0.2823913110350467770 ) ) ;
#820 = CARTESIAN_POINT ( 'NONE',  ( -0.02362204724409448786, -0.3661417322834645272, -0.1850393700787401619 ) ) ;
#821 = ORIENTED_EDGE ( 'NONE', *, *, #1039, .F. ) ;
#822 = CIRCLE ( 'NONE', #2505, 0.02362204724409448786 ) ;
#823 = CARTESIAN_POINT ( 'NONE',  ( -0.03937007874015747977, -0.1968503937007874127, 0.01968503937007873988 ) ) ;
#824 = CARTESIAN_POINT ( 'NONE',  ( 0.07086614173303523723, 8.678599364128425433E-18, 0.3812335958003126302 ) ) ;
#825 = AXIS2_PLACEMENT_3D ( 'NONE', #143, #1999, #2988 ) ;
#826 = DIRECTION ( 'NONE',  ( 0.000000000000000000, 1.000000000000000000, 0.000000000000000000 ) ) ;
#827 = EDGE_LOOP ( 'NONE', ( #1755, #554 ) ) ;
#828 = CARTESIAN_POINT ( 'NONE',  ( -0.05665129942876039743, 0.04353936050357509052, 0.3503210608127979575 ) ) ;
#829 = CARTESIAN_POINT ( 'NONE',  ( 0.009276356260600027159, -0.07086614173228343583, 0.2789850627979758579 ) ) ;
#830 = CARTESIAN_POINT ( 'NONE',  ( -0.07909255024338582296, -0.01681164053302362099, 0.3585240601353150147 ) ) ;
#831 = CARTESIAN_POINT ( 'NONE',  ( 0.004793011812460629822, 0.07814376839397638164, 0.2818885614475984402 ) ) ;
#832 = DIRECTION ( 'NONE',  ( 0.000000000000000000, 0.000000000000000000, -1.000000000000000000 ) ) ;
#833 = CARTESIAN_POINT ( 'NONE',  ( -0.04355055495885210015, -0.05666930379199712486, 0.3355507329277974127 ) ) ;
#834 = ADVANCED_FACE ( 'NONE', ( #3399 ), #146, .F. ) ;
#835 = DIRECTION ( 'NONE',  ( 0.000000000000000000, 0.000000000000000000, 1.000000000000000000 ) ) ;
#836 = VERTEX_POINT ( 'NONE', #98 ) ;
#837 = EDGE_CURVE ( 'NONE', #565, #1907, #886, .T. ) ;
#838 = ORIENTED_EDGE ( 'NONE', *, *, #2128, .T. ) ;
#839 = CARTESIAN_POINT ( 'NONE',  ( -0.06982858086886477300, 0.03674067589455515259, 0.3390293700533374976 ) ) ;
#840 = CARTESIAN_POINT ( 'NONE',  ( 0.05161149744169291065, 0.05420648660429133736, 0.3277308611245275949 ) ) ;
#841 = CARTESIAN_POINT ( 'NONE',  ( 0.04133858267716535029, -0.1968503937007874127, 0.03740157480314960925 ) ) ;
#842 = LINE ( 'NONE', #3011, #3592 ) ;
#843 = PLANE ( 'NONE',  #813 ) ;
#844 = FACE_OUTER_BOUND ( 'NONE', #2045, .T. ) ;
#845 = ORIENTED_EDGE ( 'NONE', *, *, #247, .F. ) ;
#846 = EDGE_CURVE ( 'NONE', #2127, #4725, #3828, .T. ) ;
#847 = CARTESIAN_POINT ( 'NONE',  ( -0.1377952755905511861, 0.1574803149606299191, -0.2047244094488188948 ) ) ;
#848 = CARTESIAN_POINT ( 'NONE',  ( 0.03543236593514369898, 0.06137077229947697499, 0.3812322849789416823 ) ) ;
#849 = EDGE_LOOP ( 'NONE', ( #509, #1395, #2900, #1320 ) ) ;
#850 = DIRECTION ( 'NONE',  ( 0.000000000000000000, 0.000000000000000000, 1.000000000000000000 ) ) ;
#851 = CARTESIAN_POINT ( 'NONE',  ( 0.02362204724409448786, -0.3661417322834645272, 0.2047244094488188948 ) ) ;
#852 = CARTESIAN_POINT ( 'NONE',  ( -0.01448563165633858299, 0.07955142463586614698, 0.3731959761458660818 ) ) ;
#853 = CARTESIAN_POINT ( 'NONE',  ( -0.04630060354543306944, 0.05892217004826771909, 0.3266745426105118200 ) ) ;
#854 = PLANE ( 'NONE',  #4284 ) ;
#855 = DIRECTION ( 'NONE',  ( 1.000000000000000000, 0.000000000000000000, 0.000000000000000000 ) ) ;
#856 = FACE_OUTER_BOUND ( 'NONE', #4243, .T. ) ;
#857 = VERTEX_POINT ( 'NONE', #2337 ) ;
#858 = VERTEX_POINT ( 'NONE', #1237 ) ;
#859 = PLANE ( 'NONE',  #3198 ) ;
#860 = ADVANCED_FACE ( 'NONE', ( #4496 ), #1954, .F. ) ;
#861 = CARTESIAN_POINT ( 'NONE',  ( 0.04767555247496063631, -0.05781474183700788250, 0.3193047880979527631 ) ) ;
#862 = DIRECTION ( 'NONE',  ( 0.000000000000000000, 0.000000000000000000, 1.000000000000000000 ) ) ;
#863 =( NAMED_UNIT ( * ) PLANE_ANGLE_UNIT ( ) SI_UNIT ( $, .RADIAN. ) );
#864 = CARTESIAN_POINT ( 'NONE',  ( 0.006287766929495357607, -0.07061246260823449139, 0.2985066149505148925 ) ) ;
#865 = CARTESIAN_POINT ( 'NONE',  ( 0.000000000000000000, 0.000000000000000000, 0.2440944881889763884 ) ) ;
#866 = ORIENTED_EDGE ( 'NONE', *, *, #4612, .F. ) ;
#867 = FACE_OUTER_BOUND ( 'NONE', #2770, .T. ) ;
#868 = CARTESIAN_POINT ( 'NONE',  ( 0.02719755663663811149, -0.06543933642234266157, 0.3348628875865819476 ) ) ;
#869 = ADVANCED_FACE ( 'NONE', ( #867 ), #1164, .T. ) ;
#870 = CARTESIAN_POINT ( 'NONE',  ( -0.03915682212660236139, -0.07193814322429134545, 0.3628267697252756108 ) ) ;
#871 = EDGE_LOOP ( 'NONE', ( #2174, #910, #35, #4318 ) ) ;
#872 = CARTESIAN_POINT ( 'NONE',  ( 0.03980174439023625999, 0.06771751859007969776, 0.3727494285867230528 ) ) ;
#873 = DIRECTION ( 'NONE',  ( 0.000000000000000000, 0.000000000000000000, 1.000000000000000000 ) ) ;
#874 = CARTESIAN_POINT ( 'NONE',  ( -0.07862150919921259695, -0.03008551725923622189, 0.3818353037655511928 ) ) ;
#875 = CARTESIAN_POINT ( 'NONE',  ( -0.002824392530928346214, -0.07488384885074803043, 0.2949422591459842646 ) ) ;
#876 = CARTESIAN_POINT ( 'NONE',  ( 0.05666929555377855920, 0.04355056626748028681, 0.3603179251104912106 ) ) ;
#877 = PLANE ( 'NONE',  #2896 ) ;
#878 = CYLINDRICAL_SURFACE ( 'NONE', #1911, 0.09842519685039370636 ) ;
#879 = ORIENTED_EDGE ( 'NONE', *, *, #2043, .F. ) ;
#880 = DIRECTION ( 'NONE',  ( 1.000000000000000000, 0.000000000000000000, 0.000000000000000000 ) ) ;
#881 = FACE_OUTER_BOUND ( 'NONE', #4248, .T. ) ;
#882 = CARTESIAN_POINT ( 'NONE',  ( 0.06462449670211030395, -0.02999885268546018113, 0.3018084495193133487 ) ) ;
#883 = DIRECTION ( 'NONE',  ( 0.000000000000000000, -1.000000000000000000, 0.000000000000000000 ) ) ;
#884 = ORIENTED_EDGE ( 'NONE', *, *, #1052, .F. ) ;
#885 = AXIS2_PLACEMENT_3D ( 'NONE', #2201, #1171, #2535 ) ;
#886 = LINE ( 'NONE', #1570, #2512 ) ;
#887 = AXIS2_PLACEMENT_3D ( 'NONE', #1495, #2756, #3484 ) ;
#888 = CARTESIAN_POINT ( 'NONE',  ( 0.02715319145109674689, -0.06545772253306496313, 0.3348607553153477578 ) ) ;
#889 = ADVANCED_FACE ( 'NONE', ( #796 ), #2266, .T. ) ;
#890 = CARTESIAN_POINT ( 'NONE',  ( 0.0001727007466700529860, -0.07086595728841386943, 0.2942972859345593384 ) ) ;
#891 = CARTESIAN_POINT ( 'NONE',  ( 0.07028464941587471426, -0.009143627592046035119, 0.2987812242344272673 ) ) ;
#892 = ORIENTED_EDGE ( 'NONE', *, *, #2799, .T. ) ;
#893 = VECTOR ( 'NONE', #4336, 39.37007874015748143 ) ;
#894 = EDGE_CURVE ( 'NONE', #1727, #1670, #504, .T. ) ;
#895 = CARTESIAN_POINT ( 'NONE',  ( 0.06370046716593109892, 0.04628115340484888901, 0.3720463033649019646 ) ) ;
#896 = ADVANCED_FACE ( 'NONE', ( #4271 ), #1321, .T. ) ;
#897 = DIRECTION ( 'NONE',  ( 1.000000000000000000, 0.000000000000000000, 0.000000000000000000 ) ) ;
#898 = CARTESIAN_POINT ( 'NONE',  ( 0.01912319640674015747, -0.07856567981803150302, 0.3438521441248031385 ) ) ;
#899 = CIRCLE ( 'NONE', #3362, 0.02362204724409448786 ) ;
#900 = CARTESIAN_POINT ( 'NONE',  ( 0.04231539976700787048, 0.06184638262956693167, 0.3227080071774409142 ) ) ;
#901 = CARTESIAN_POINT ( 'NONE',  ( 0.009276325852842418410, 0.07086614607449444325, 0.3627781795347632121 ) ) ;
#902 = ADVANCED_FACE ( 'NONE', ( #954 ), #550, .T. ) ;
#903 = CARTESIAN_POINT ( 'NONE',  ( 0.07086236152429645219, -1.732587077300809368E-07, 0.3425234644488815428 ) ) ;
#904 = CARTESIAN_POINT ( 'NONE',  ( 0.07086614173228349134, -0.007468157911377362908, 0.3225263438963274498 ) ) ;
#905 = VERTEX_POINT ( 'NONE', #1729 ) ;
#906 = CARTESIAN_POINT ( 'NONE',  ( -0.05905511810436386150, 7.232166135977811178E-18, 0.3858267716462102648 ) ) ;
#907 = CARTESIAN_POINT ( 'NONE',  ( 0.03937007874015747977, -0.3740157480314960647, -0.1692913385826771699 ) ) ;
#908 = CARTESIAN_POINT ( 'NONE',  ( 0.003429133538059033100, -0.07078956525034581226, 0.2983797926949420254 ) ) ;
#909 = ORIENTED_EDGE ( 'NONE', *, *, #894, .T. ) ;
#910 = ORIENTED_EDGE ( 'NONE', *, *, #538, .T. ) ;
#911 = VECTOR ( 'NONE', #1962, 39.37007874015748143 ) ;
#912 = CARTESIAN_POINT ( 'NONE',  ( 0.08019763358948819865, 0.02816340434939763882, 0.3128507237128740348 ) ) ;
#913 = CARTESIAN_POINT ( 'NONE',  ( 0.02140038122319747049, -0.06756288068672272606, 0.3345969711730944485 ) ) ;
#914 = AXIS2_PLACEMENT_3D ( 'NONE', #3244, #721, #4393 ) ;
#915 = CARTESIAN_POINT ( 'NONE',  ( 0.03721600624234010224, -0.06037123629792303520, 0.2960159703106953200 ) ) ;
#916 = CARTESIAN_POINT ( 'NONE',  ( 0.07042884758020631630, -0.007949225111587495188, 0.2988324724390891696 ) ) ;
#917 = ORIENTED_EDGE ( 'NONE', *, *, #1571, .T. ) ;
#918 = CARTESIAN_POINT ( 'NONE',  ( 0.06370046716593109892, 0.04628115340484888901, 0.3720463033649019646 ) ) ;
#919 = EDGE_CURVE ( 'NONE', #905, #3874, #983, .T. ) ;
#920 = DIRECTION ( 'NONE',  ( 0.000000000000000000, 0.000000000000000000, -1.000000000000000000 ) ) ;
#921 = CARTESIAN_POINT ( 'NONE',  ( 0.07369563591177165363, 0.03327485550305905176, 0.3493541126287401655 ) ) ;
#922 = CARTESIAN_POINT ( 'NONE',  ( -0.04450296488897637071, -0.06844999922102362744, 0.3263496275286220105 ) ) ;
#923 = CARTESIAN_POINT ( 'NONE',  ( 0.01828423600396456711, 0.06767046382917323022, 0.3828162748941338900 ) ) ;
#924 = CARTESIAN_POINT ( 'NONE',  ( -0.08464566929133858497, -0.1968503937007874127, 0.03740157480314960925 ) ) ;
#925 = EDGE_CURVE ( 'NONE', #4001, #3242, #2809, .T. ) ;
#926 = CARTESIAN_POINT ( 'NONE',  ( 0.02896493707758510464, -0.06468098884832368389, 0.3192576773871084184 ) ) ;
#927 = DIRECTION ( 'NONE',  ( 0.000000000000000000, 1.000000000000000000, 0.000000000000000000 ) ) ;
#928 = CARTESIAN_POINT ( 'NONE',  ( 0.06605585651023089533, 0.02964669918865360521, 0.3398876861103252711 ) ) ;
#929 = FACE_BOUND ( 'NONE', #941, .T. ) ;
#930 = VERTEX_POINT ( 'NONE', #3148 ) ;
#931 = VERTEX_POINT ( 'NONE', #3945 ) ;
#932 = DIRECTION ( 'NONE',  ( -1.000000000000000000, 0.000000000000000000, 0.000000000000000000 ) ) ;
#933 = CARTESIAN_POINT ( 'NONE',  ( 0.01401812334576877858, -0.06946058103020874563, 0.3342750762436537681 ) ) ;
#934 = CARTESIAN_POINT ( 'NONE',  ( -0.002127092931437635920, -0.07086754421953583849, 0.2941981588267950642 ) ) ;
#935 = CARTESIAN_POINT ( 'NONE',  ( -0.07500702185604156413, -0.004497677317717509692, 0.3764025689905281524 ) ) ;
#936 = VERTEX_POINT ( 'NONE', #1641 ) ;
#937 = CARTESIAN_POINT ( 'NONE',  ( 0.009815841666269718713, 0.07019989146488626874, 0.3076407736801023973 ) ) ;
#938 = CARTESIAN_POINT ( 'NONE',  ( -0.07891216470299211583, 0.01763895243503149635, 0.3768639551484645467 ) ) ;
#939 = CARTESIAN_POINT ( 'NONE',  ( 0.004998344073216535316, 0.08149144147673229033, 0.2787512023318504117 ) ) ;
#940 = CARTESIAN_POINT ( 'NONE',  ( -0.05747080360314960751, -0.04371764720543307170, 0.3709166685949212283 ) ) ;
#941 = EDGE_LOOP ( 'NONE', ( #3757, #3146 ) ) ;
#942 = DIRECTION ( 'NONE',  ( 1.000000000000000000, 0.000000000000000000, 0.000000000000000000 ) ) ;
#943 =( GEOMETRIC_REPRESENTATION_CONTEXT ( 3 ) GLOBAL_UNCERTAINTY_ASSIGNED_CONTEXT ( ( #3375 ) ) GLOBAL_UNIT_ASSIGNED_CONTEXT ( ( #1688, #192, #3565 ) ) REPRESENTATION_CONTEXT ( 'NONE', 'WORKASPACE' ) );
#944 = CARTESIAN_POINT ( 'NONE',  ( -0.05283842970398587580, -0.04722422394785485977, 0.3743529893776999518 ) ) ;
#945 = EDGE_CURVE ( 'NONE', #1113, #474, #4500, .T. ) ;
#946 = CARTESIAN_POINT ( 'NONE',  ( 0.07086614173228346358, -6.744196377952519170E-14, 0.3188652703202823346 ) ) ;
#947 = CARTESIAN_POINT ( 'NONE',  ( -0.1358267716535433156, 0.08031496062992127261, -0.1496062992125984370 ) ) ;
#948 = CARTESIAN_POINT ( 'NONE',  ( 0.01619030135840492449, -0.06899340606197429393, 0.3186544341792696411 ) ) ;
#949 = EDGE_CURVE ( 'NONE', #2141, #1600, #3512, .T. ) ;
#950 = CARTESIAN_POINT ( 'NONE',  ( -0.02338347325888139386, 0.06689548264518394016, 0.3248414826587274762 ) ) ;
#951 = DIRECTION ( 'NONE',  ( 1.000000000000000000, 0.000000000000000000, 0.000000000000000000 ) ) ;
#952 = VERTEX_POINT ( 'NONE', #213 ) ;
#953 = EDGE_LOOP ( 'NONE', ( #1007, #3035, #356, #1211 ) ) ;
#954 = FACE_OUTER_BOUND ( 'NONE', #4753, .T. ) ;
#955 = CARTESIAN_POINT ( 'NONE',  ( 0.04017906220555823166, -0.05837291838234504732, 0.3355453765998536730 ) ) ;
#956 = CARTESIAN_POINT ( 'NONE',  ( -0.07086614173228346358, 6.639991316787953049E-14, 0.2893388413180736363 ) ) ;
#957 = CARTESIAN_POINT ( 'NONE',  ( 0.07076683384536852639, -0.004428887210876372195, 0.2989844876256195216 ) ) ;
#958 = ORIENTED_EDGE ( 'NONE', *, *, #2993, .F. ) ;
#959 = AXIS2_PLACEMENT_3D ( 'NONE', #681, #4735, #4707 ) ;
#960 = VECTOR ( 'NONE', #511, 39.37007874015748143 ) ;
#961 = PLANE ( 'NONE',  #3721 ) ;
#962 = AXIS2_PLACEMENT_3D ( 'NONE', #2110, #3265, #1444 ) ;
#963 = CARTESIAN_POINT ( 'NONE',  ( 0.04976021247468571246, 0.05045738032547473356, 0.3056531292245940334 ) ) ;
#964 = CARTESIAN_POINT ( 'NONE',  ( -0.05430834739921260035, -0.05534180635055118563, 0.3572206905208661909 ) ) ;
#965 = CARTESIAN_POINT ( 'NONE',  ( 0.07914502539173227935, -0.02005674896870472332, 0.3322994306783070839 ) ) ;
#966 = VECTOR ( 'NONE', #4030, 39.37007874015748143 ) ;
#967 = CARTESIAN_POINT ( 'NONE',  ( -0.03937007874015747977, -0.1771653543307086520, 0.2047244094488188948 ) ) ;
#968 = CARTESIAN_POINT ( 'NONE',  ( -0.07102716443342520225, -0.01301029770555905442, 0.3497618129518503816 ) ) ;
#969 = ORIENTED_EDGE ( 'NONE', *, *, #3811, .T. ) ;
#970 = CARTESIAN_POINT ( 'NONE',  ( 0.03937007874015747977, -0.1968503937007874127, 0.1889763779527559029 ) ) ;
#971 = CIRCLE ( 'NONE', #1663, 0.02362204724409448786 ) ;
#972 = LINE ( 'NONE', #2440, #3047 ) ;
#973 = CARTESIAN_POINT ( 'NONE',  ( 0.0001223996704337183123, -0.07086604112607304551, 0.3139816943233443292 ) ) ;
#974 = CARTESIAN_POINT ( 'NONE',  ( 0.000000000000000000, 0.000000000000000000, 0.2440944881889763884 ) ) ;
#975 = CARTESIAN_POINT ( 'NONE',  ( 0.05447308427328146491, -0.04534585969767706420, 0.3206795482464693259 ) ) ;
#976 = CONICAL_SURFACE ( 'NONE', #1598, 0.07881102253953385650, 0.7086262721675555820 ) ;
#977 = CARTESIAN_POINT ( 'NONE',  ( -0.02367992276013970721, 0.06679133042302204393, 0.3248551039328694268 ) ) ;
#978 = DIRECTION ( 'NONE',  ( 1.000000000000000000, 0.000000000000000000, 0.000000000000000000 ) ) ;
#979 = EDGE_CURVE ( 'NONE', #2403, #2589, #197, .T. ) ;
#980 = DIRECTION ( 'NONE',  ( 0.000000000000000000, 0.000000000000000000, -1.000000000000000000 ) ) ;
#981 = ORIENTED_EDGE ( 'NONE', *, *, #2894, .F. ) ;
#982 = ORIENTED_EDGE ( 'NONE', *, *, #3954, .F. ) ;
#983 = LINE ( 'NONE', #235, #205 ) ;
#984 = CARTESIAN_POINT ( 'NONE',  ( -0.05006899390963810703, -0.05015083176642466667, 0.3311777105556477085 ) ) ;
#985 = CARTESIAN_POINT ( 'NONE',  ( 0.000000000000000000, -0.3661417322834645272, 0.01968503937007873988 ) ) ;
#986 = ADVANCED_FACE ( 'NONE', ( #3560 ), #1547, .T. ) ;
#987 = CIRCLE ( 'NONE', #1608, 0.02559055118110236185 ) ;
#988 = CARTESIAN_POINT ( 'NONE',  ( 0.07086614173228346358, -6.983446503022657650E-14, 0.2991802568311701105 ) ) ;
#989 = ORIENTED_EDGE ( 'NONE', *, *, #4076, .T. ) ;
#990 = SHAPE_DEFINITION_REPRESENTATION ( #2533, #2828 ) ;
#991 = CARTESIAN_POINT ( 'NONE',  ( 0.04993963213909664162, 0.05027980823996027610, 0.3056424615684902313 ) ) ;
#992 = VECTOR ( 'NONE', #3654, 39.37007874015748143 ) ;
#993 = CARTESIAN_POINT ( 'NONE',  ( -0.07567044845779527518, 0.01691434325896456689, 0.3737265960327165182 ) ) ;
#994 = CARTESIAN_POINT ( 'NONE',  ( -0.07936939808047245581, 0.03041934545883070648, 0.2795803786491338760 ) ) ;
#995 = CARTESIAN_POINT ( 'NONE',  ( -0.07085806862185040078, 0.01390180036724015730, 0.3682723116395275609 ) ) ;
#996 = ORIENTED_EDGE ( 'NONE', *, *, #3254, .T. ) ;
#997 = CARTESIAN_POINT ( 'NONE',  ( 0.007138185913665002179, 0.07858446783144774905, 0.3353414571368863450 ) ) ;
#998 = DIRECTION ( 'NONE',  ( 0.000000000000000000, 0.000000000000000000, 1.000000000000000000 ) ) ;
#999 = DIRECTION ( 'NONE',  ( 0.000000000000000000, 1.000000000000000000, 0.000000000000000000 ) ) ;
#1000 = DIRECTION ( 'NONE',  ( 0.000000000000000000, 1.000000000000000000, 0.000000000000000000 ) ) ;
#1001 = CARTESIAN_POINT ( 'NONE',  ( 0.06395265880113926160, -0.03078397923333720324, 0.3214531245936272930 ) ) ;
#1002 = CARTESIAN_POINT ( 'NONE',  ( -0.04394080074873431274, 0.05559890453110147984, 0.3259144280275709238 ) ) ;
#1003 = PLANE ( 'NONE',  #658 ) ;
#1004 = LINE ( 'NONE', #3941, #3116 ) ;
#1005 = ORIENTED_EDGE ( 'NONE', *, *, #1871, .F. ) ;
#1006 = EDGE_CURVE ( 'NONE', #1068, #496, #2202, .T. ) ;
#1007 = ORIENTED_EDGE ( 'NONE', *, *, #1486, .F. ) ;
#1008 = CARTESIAN_POINT ( 'NONE',  ( -0.03675254544254169531, -0.06981236428034338914, 0.3636546681901176026 ) ) ;
#1009 = CARTESIAN_POINT ( 'NONE',  ( 0.07355213781169291087, -0.03019592761063386033, 0.2712021016657873984 ) ) ;
#1010 = CARTESIAN_POINT ( 'NONE',  ( -0.02150814230183038106, -0.06753962438654777245, 0.3326692933701108079 ) ) ;
#1011 = CARTESIAN_POINT ( 'NONE',  ( 0.000000000000000000, 0.000000000000000000, 0.2440944881889763884 ) ) ;
#1012 = CARTESIAN_POINT ( 'NONE',  ( 0.04411379555646180450, -0.05546196217815071994, 0.2963905603090999374 ) ) ;
#1013 = ORIENTED_EDGE ( 'NONE', *, *, #2286, .T. ) ;
#1014 = DIRECTION ( 'NONE',  ( -1.000000000000000000, 0.000000000000000000, 0.000000000000000000 ) ) ;
#1015 = CARTESIAN_POINT ( 'NONE',  ( -0.04605702937152095916, 0.05385871165486359052, 0.3102931107552925893 ) ) ;
#1016 = ADVANCED_FACE ( 'NONE', ( #1902 ), #498, .T. ) ;
#1017 = CARTESIAN_POINT ( 'NONE',  ( -0.02521291637244488237, -0.06980213536523621753, 0.3357434363919292175 ) ) ;
#1018 = CARTESIAN_POINT ( 'NONE',  ( 0.05161149744169291065, 0.05420648660429133736, 0.3387422359883464629 ) ) ;
#1019 = CARTESIAN_POINT ( 'NONE',  ( 0.07537781510039369415, 0.003080214366509842396, 0.3757123803452755983 ) ) ;
#1020 = ORIENTED_EDGE ( 'NONE', *, *, #3984, .F. ) ;
#1021 = LINE ( 'NONE', #3799, #1439 ) ;
#1022 = CARTESIAN_POINT ( 'NONE',  ( -0.1377952755905511861, 0.08031496062992127261, -0.1062992125984252023 ) ) ;
#1023 = DIRECTION ( 'NONE',  ( 0.000000000000000000, 0.000000000000000000, 1.000000000000000000 ) ) ;
#1024 = LINE ( 'NONE', #2487, #3435 ) ;
#1025 = CARTESIAN_POINT ( 'NONE',  ( -0.01971595275496601171, -0.06810772059472865181, 0.3170562080003098693 ) ) ;
#1026 = CARTESIAN_POINT ( 'NONE',  ( -0.01881245546211979258, 0.06841337466061121753, 0.3246375900067983156 ) ) ;
#1027 = DIRECTION ( 'NONE',  ( 0.000000000000000000, 1.000000000000000000, 0.000000000000000000 ) ) ;
#1028 = LINE ( 'NONE', #232, #3193 ) ;
#1029 = ORIENTED_EDGE ( 'NONE', *, *, #1607, .F. ) ;
#1030 = EDGE_LOOP ( 'NONE', ( #462, #4605, #4464 ) ) ;
#1031 = CARTESIAN_POINT ( 'NONE',  ( -0.06190376611082006042, -0.03567623480674077946, 0.3540108450680569674 ) ) ;
#1032 = CARTESIAN_POINT ( 'NONE',  ( 0.07566730886043307458, 0.03065450275905118316, 0.3295460417625984406 ) ) ;
#1033 = CARTESIAN_POINT ( 'NONE',  ( -0.04995768618127467697, -0.05026178096918914456, 0.3311849343855611250 ) ) ;
#1034 = CYLINDRICAL_SURFACE ( 'NONE', #3073, 0.07086614173228346358 ) ;
#1035 = DIRECTION ( 'NONE',  ( 1.000000000000000000, 0.000000000000000000, 0.000000000000000000 ) ) ;
#1036 = ORIENTED_EDGE ( 'NONE', *, *, #666, .F. ) ;
#1037 = CARTESIAN_POINT ( 'NONE',  ( 0.06266133376077401285, 0.03313839081103998885, 0.3046866432705770400 ) ) ;
#1038 = CARTESIAN_POINT ( 'NONE',  ( -0.07551917707988189954, -0.02889837054240550901, 0.3786979446498031643 ) ) ;
#1039 = EDGE_CURVE ( 'NONE', #3006, #1945, #1158, .T. ) ;
#1040 = CARTESIAN_POINT ( 'NONE',  ( 0.05732596141165243603, 0.04165011081472346638, 0.3405440398708138305 ) ) ;
#1041 = ADVANCED_FACE ( 'NONE', ( #1517 ), #4441, .F. ) ;
#1042 = CARTESIAN_POINT ( 'NONE',  ( -0.04082501008228347356, -0.06725106631834645854, 0.3461314516756692217 ) ) ;
#1043 = VERTEX_POINT ( 'NONE', #3369 ) ;
#1044 = AXIS2_PLACEMENT_3D ( 'NONE', #4429, #4742, #1819 ) ;
#1045 = VECTOR ( 'NONE', #980, 39.37007874015748143 ) ;
#1046 = LINE ( 'NONE', #1793, #3885 ) ;
#1047 = CARTESIAN_POINT ( 'NONE',  ( -0.05387614131111669036, -0.04604181671236302897, 0.3742848905659053038 ) ) ;
#1048 = CARTESIAN_POINT ( 'NONE',  ( 0.0003559745079576004108, -0.07086533306478476346, 0.3139920962603031662 ) ) ;
#1049 = VECTOR ( 'NONE', #3098, 39.37007874015748854 ) ;
#1050 = CARTESIAN_POINT ( 'NONE',  ( -0.02362204724409448786, -0.3661417322834645272, 0.03543307086614173179 ) ) ;
#1051 = DIRECTION ( 'NONE',  ( -1.000000000000000000, 0.000000000000000000, 0.000000000000000000 ) ) ;
#1052 = EDGE_CURVE ( 'NONE', #3233, #2222, #70, .T. ) ;
#1053 = CIRCLE ( 'NONE', #2973, 0.02559055118110236185 ) ;
#1054 = AXIS2_PLACEMENT_3D ( 'NONE', #2596, #4069, #772 ) ;
#1055 = CARTESIAN_POINT ( 'NONE',  ( -0.04421945583579183631, 0.05537720748494232015, 0.3259300561722828782 ) ) ;
#1056 = AXIS2_PLACEMENT_3D ( 'NONE', #3646, #2290, #3032 ) ;
#1057 = AXIS2_PLACEMENT_3D ( 'NONE', #3021, #467, #3791 ) ;
#1058 = FACE_OUTER_BOUND ( 'NONE', #2397, .T. ) ;
#1059 = CARTESIAN_POINT ( 'NONE',  ( -0.008761003134983064503, 0.06692913385805550341, 0.3858267716540849102 ) ) ;
#1060 = ORIENTED_EDGE ( 'NONE', *, *, #2597, .T. ) ;
#1061 = AXIS2_PLACEMENT_3D ( 'NONE', #2689, #3912, #1970 ) ;
#1062 = VERTEX_POINT ( 'NONE', #2875 ) ;
#1063 = CARTESIAN_POINT ( 'NONE',  ( 0.04212900136427093212, -0.06670372457734861926, 0.3669279871644928193 ) ) ;
#1064 = CARTESIAN_POINT ( 'NONE',  ( 0.05224060930940944980, 0.06274652948519685025, 0.2720312779830708627 ) ) ;
#1065 = LINE ( 'NONE', #1541, #575 ) ;
#1066 = DIRECTION ( 'NONE',  ( 1.000000000000000000, 0.000000000000000000, 0.000000000000000000 ) ) ;
#1067 = ORIENTED_EDGE ( 'NONE', *, *, #2457, .F. ) ;
#1068 = VERTEX_POINT ( 'NONE', #3574 ) ;
#1069 = CYLINDRICAL_SURFACE ( 'NONE', #2886, 0.07086614173228346358 ) ;
#1070 = CARTESIAN_POINT ( 'NONE',  ( 0.07942194399155920459, 0.02789100155124206795, 0.3120816929132331219 ) ) ;
#1071 = CARTESIAN_POINT ( 'NONE',  ( -0.05251747690889763814, 0.06683376604094488915, 0.3172624652632283215 ) ) ;
#1072 = CARTESIAN_POINT ( 'NONE',  ( 0.01992094295881102761, 0.07372796159881889189, 0.3765415566625984756 ) ) ;
#1073 = EDGE_LOOP ( 'NONE', ( #1678, #618, #90, #2240 ) ) ;
#1074 = EDGE_CURVE ( 'NONE', #3743, #89, #587, .T. ) ;
#1075 = FACE_OUTER_BOUND ( 'NONE', #4677, .T. ) ;
#1076 = AXIS2_PLACEMENT_3D ( 'NONE', #4058, #1051, #2906 ) ;
#1077 = CARTESIAN_POINT ( 'NONE',  ( 0.01499694000384844961, -0.06926672017101115353, 0.3776584647139458184 ) ) ;
#1078 = CARTESIAN_POINT ( 'NONE',  ( 0.0001160876314360603415, -0.07086608141237725478, 0.3139814133980931010 ) ) ;
#1079 = CYLINDRICAL_SURFACE ( 'NONE', #279, 0.02559055118110236185 ) ;
#1080 = CARTESIAN_POINT ( 'NONE',  ( -0.1377952755905511861, -0.1161417322834645688, 0.1023622047244094474 ) ) ;
#1081 = EDGE_CURVE ( 'NONE', #4725, #1043, #4311, .T. ) ;
#1082 = CARTESIAN_POINT ( 'NONE',  ( 0.01884379783802087385, 0.06831550201524429211, 0.3229431743031839219 ) ) ;
#1083 = DIRECTION ( 'NONE',  ( 0.000000000000000000, 0.000000000000000000, -1.000000000000000000 ) ) ;
#1084 = CARTESIAN_POINT ( 'NONE',  ( -0.01751855918934503570, 0.06518714765082231355, 0.3858267716540849657 ) ) ;
#1085 = ORIENTED_EDGE ( 'NONE', *, *, #1579, .F. ) ;
#1086 = ORIENTED_EDGE ( 'NONE', *, *, #2832, .T. ) ;
#1087 = CARTESIAN_POINT ( 'NONE',  ( 0.06935185009368959042, 0.03763386832156467854, 0.3716403851939796277 ) ) ;
#1088 = CARTESIAN_POINT ( 'NONE',  ( 0.04420932383086614847, 0.06461446122421260485, 0.3085592731978740177 ) ) ;
#1089 = CARTESIAN_POINT ( 'NONE',  ( -0.05033781677587349096, -0.04988240342591110377, 0.3311602465662836781 ) ) ;
#1090 = CARTESIAN_POINT ( 'NONE',  ( 0.05005880794104337200, 0.05016100252348337091, 0.2819830184469743761 ) ) ;
#1091 = DIRECTION ( 'NONE',  ( 1.000000000000000000, 0.000000000000000000, 0.000000000000000000 ) ) ;
#1092 = EDGE_LOOP ( 'NONE', ( #3089, #4203, #720, #520, #2923, #388, #2162, #2140 ) ) ;
#1093 = DIRECTION ( 'NONE',  ( 1.000000000000000000, 0.000000000000000000, 0.000000000000000000 ) ) ;
#1094 = CARTESIAN_POINT ( 'NONE',  ( 0.04133858267716535029, -0.1968503937007874127, 0.2047244094488188948 ) ) ;
#1095 = CARTESIAN_POINT ( 'NONE',  ( -0.07402948616755905542, 0.01452400775255905697, 0.3651349525237401195 ) ) ;
#1096 = VERTEX_POINT ( 'NONE', #3883 ) ;
#1097 = CARTESIAN_POINT ( 'NONE',  ( 0.07086512002061740034, 0.009270142187534276615, 0.3626152820188291437 ) ) ;
#1098 = CARTESIAN_POINT ( 'NONE',  ( -0.003565665295288385304, -0.07081053058239880627, 0.3768114287341174373 ) ) ;
#1099 = LINE ( 'NONE', #1647, #3581 ) ;
#1100 = CARTESIAN_POINT ( 'NONE',  ( -0.08464566929133858497, -0.1968503937007874127, 0.2047244094488188948 ) ) ;
#1101 = PLANE ( 'NONE',  #1296 ) ;
#1102 = CARTESIAN_POINT ( 'NONE',  ( 0.05701193684029048220, 0.04211308141258754412, 0.3208583271957762273 ) ) ;
#1103 = DIRECTION ( 'NONE',  ( 0.000000000000000000, 0.000000000000000000, 1.000000000000000000 ) ) ;
#1104 = CARTESIAN_POINT ( 'NONE',  ( -0.05848176614950896524, 0.03370678215070135875, 0.3858267716540847991 ) ) ;
#1105 = ORIENTED_EDGE ( 'NONE', *, *, #2033, .F. ) ;
#1106 = ORIENTED_EDGE ( 'NONE', *, *, #1486, .T. ) ;
#1107 = CARTESIAN_POINT ( 'NONE',  ( 0.06370046716593109892, 0.04628115340484888901, 0.3720463033649019646 ) ) ;
#1108 = EDGE_CURVE ( 'NONE', #3250, #2183, #637, .T. ) ;
#1109 = CARTESIAN_POINT ( 'NONE',  ( 0.08239630756736221473, -0.02088068136498819061, 0.3307001331618109607 ) ) ;
#1110 = CARTESIAN_POINT ( 'NONE',  ( -0.04622596569530926930, 0.05399374598863198454, 0.2866502974706118811 ) ) ;
#1111 = CARTESIAN_POINT ( 'NONE',  ( 0.07086411672770602521, 0.008037895451749129186, 0.2798672864775429425 ) ) ;
#1112 = CARTESIAN_POINT ( 'NONE',  ( -0.07086614173228346358, 8.678599364036359818E-18, 0.2440944881889763884 ) ) ;
#1113 = VERTEX_POINT ( 'NONE', #3261 ) ;
#1114 = EDGE_CURVE ( 'NONE', #1068, #3798, #689, .T. ) ;
#1115 = CARTESIAN_POINT ( 'NONE',  ( 0.06542074454207290335, 0.02724256263195144398, 0.3043894004148214316 ) ) ;
#1116 = CARTESIAN_POINT ( 'NONE',  ( -0.07242873221259843453, 0.01618973408274803141, 0.3705892369169291323 ) ) ;
#1117 = CARTESIAN_POINT ( 'NONE',  ( -0.06478949974637795983, -0.04462855684696850206, 0.3448092731979921499 ) ) ;
#1118 = ORIENTED_EDGE ( 'NONE', *, *, #253, .F. ) ;
#1119 = CARTESIAN_POINT ( 'NONE',  ( 0.07086236152429645219, -1.732587077300809368E-07, 0.3425234644488815428 ) ) ;
#1120 = CARTESIAN_POINT ( 'NONE',  ( -0.02622929738518756104, -0.06597118006400476409, 0.3758030471564487440 ) ) ;
#1121 = CARTESIAN_POINT ( 'NONE',  ( -0.06902166949548417529, -0.01854912176529613724, 0.3689289503225841593 ) ) ;
#1123 = DIRECTION ( 'NONE',  ( 0.000000000000000000, 0.000000000000000000, 1.000000000000000000 ) ) ;
#1122 = B_SPLINE_CURVE_WITH_KNOTS ( 'NONE', 3,
 ( #4225, #3831, #3088, #1261, #4208, #2720, #553, #1708, #4610, #3492, #3173, #3109, #4548, #4632, #190, #1324, #1348, #1661, #3902, #4274, #2763, #2093, #3563, #238, #935, #2429 ),
 .UNSPECIFIED., .F., .F.,
 ( 4, 2, 2, 2, 2, 2, 2, 2, 2, 2, 2, 2, 4 ),
 ( -0.005408084951688135918, -0.004732075819006500289, -0.004394071252665682908, -0.004056066686324865528, -0.003718062119984047280, -0.003380057553643229899, -0.002704048420961595138, -0.002028039288279959943, -0.001352030155598325616, -0.001014025589257507368, -0.0006760210229166899870, -0.0003380164565758726064, -1.189023505522579516E-08 ),
 .UNSPECIFIED. ) ;
#1124 = CARTESIAN_POINT ( 'NONE',  ( -0.05233852502219936420, -0.04800233651337829088, 0.3153423343039437055 ) ) ;
#1125 = AXIS2_PLACEMENT_3D ( 'NONE', #3290, #1916, #2927 ) ;
#1126 = STYLED_ITEM ( 'NONE', ( #3802 ), #2678 ) ;
#1127 = CARTESIAN_POINT ( 'NONE',  ( 0.05514042169752876588, 0.04451490456989724842, 0.3209930863764766662 ) ) ;
#1128 = CARTESIAN_POINT ( 'NONE',  ( 0.06692913385803425652, 3.278581981968503961E-18, 0.3858267716540669245 ) ) ;
#1129 = VECTOR ( 'NONE', #2619, 39.37007874015748143 ) ;
#1130 = EDGE_LOOP ( 'NONE', ( #2955, #1625, #2071, #2024 ) ) ;
#1131 = ORIENTED_EDGE ( 'NONE', *, *, #3455, .F. ) ;
#1132 = CARTESIAN_POINT ( 'NONE',  ( -0.03763485135335555010, 0.06934743329963236058, 0.3568781197948595052 ) ) ;
#1133 = EDGE_CURVE ( 'NONE', #3856, #4563, #1745, .T. ) ;
#1134 = CARTESIAN_POINT ( 'NONE',  ( -0.07434440557338582722, 0.02454388462454724570, 0.2946763991821260142 ) ) ;
#1135 = EDGE_CURVE ( 'NONE', #3584, #3798, #2105, .T. ) ;
#1136 = LINE ( 'NONE', #1206, #3348 ) ;
#1137 = CARTESIAN_POINT ( 'NONE',  ( 0.01913893206269641142, 0.06827120386181839695, 0.2835668899275599619 ) ) ;
#1138 = CARTESIAN_POINT ( 'NONE',  ( -0.1377952755905511861, -0.03149606299212598381, -0.2047244094488188948 ) ) ;
#1139 = ORIENTED_EDGE ( 'NONE', *, *, #1081, .T. ) ;
#1140 = PLANE ( 'NONE',  #1827 ) ;
#1141 = CARTESIAN_POINT ( 'NONE',  ( -0.002564260277561417056, -0.07417148002003937091, 0.3760912054208661037 ) ) ;
#1142 = EDGE_CURVE ( 'NONE', #239, #595, #612, .T. ) ;
#1143 = LINE ( 'NONE', #1884, #605 ) ;
#1144 = EDGE_LOOP ( 'NONE', ( #2912, #2664, #4134, #619 ) ) ;
#1145 = CARTESIAN_POINT ( 'NONE',  ( 0.01855418688026787624, 0.06902039380708775707, 0.3663101238648748259 ) ) ;
#1146 = CARTESIAN_POINT ( 'NONE',  ( -0.009872555956519967271, -0.07018051477529585469, 0.3765380799476589768 ) ) ;
#1147 = CARTESIAN_POINT ( 'NONE',  ( 0.06192187527524452978, -0.03568952424178129662, 0.3763109261396687666 ) ) ;
#1148 = DIRECTION ( 'NONE',  ( 0.000000000000000000, 0.000000000000000000, -1.000000000000000000 ) ) ;
#1149 = CARTESIAN_POINT ( 'NONE',  ( 0.004895478067250940910, -0.07069962304242040363, 0.2945010759295027536 ) ) ;
#1150 = DIRECTION ( 'NONE',  ( 1.000000000000000000, 0.000000000000000000, 0.000000000000000000 ) ) ;
#1151 = VECTOR ( 'NONE', #4366, 39.37007874015748143 ) ;
#1152 = CARTESIAN_POINT ( 'NONE',  ( 0.04102647563269559705, 0.05782984164620443707, 0.3218846340108604265 ) ) ;
#1153 = AXIS2_PLACEMENT_3D ( 'NONE', #3181, #4640, #2439 ) ;
#1154 = DIRECTION ( 'NONE',  ( 0.000000000000000000, 0.000000000000000000, 1.000000000000000000 ) ) ;
#1155 = ORIENTED_EDGE ( 'NONE', *, *, #4365, .T. ) ;
#1156 = ORIENTED_EDGE ( 'NONE', *, *, #807, .F. ) ;
#1157 = CARTESIAN_POINT ( 'NONE',  ( -0.03208499773759279639, -0.07208752137517610015, 0.3441577009951214405 ) ) ;
#1158 = LINE ( 'NONE', #40, #1129 ) ;
#1159 = LINE ( 'NONE', #431, #193 ) ;
#1160 = LINE ( 'NONE', #4114, #282 ) ;
#1161 = CARTESIAN_POINT ( 'NONE',  ( 0.05095654149185612630, 0.04926460323518709605, 0.2819242366197802774 ) ) ;
#1162 = CARTESIAN_POINT ( 'NONE',  ( -0.08464566929133858497, -0.1968503937007874127, -0.1870078740157480324 ) ) ;
#1163 = ORIENTED_EDGE ( 'NONE', *, *, #2572, .F. ) ;
#1164 = CYLINDRICAL_SURFACE ( 'NONE', #1667, 0.02559055118110236185 ) ;
#1165 = CARTESIAN_POINT ( 'NONE',  ( -0.04311858254641732363, -0.06040551080381890287, 0.3742572159195669546 ) ) ;
#1166 = CARTESIAN_POINT ( 'NONE',  ( 0.07086714985510826625, 6.057601512396889740E-08, 0.3779513652101322840 ) ) ;
#1167 = ORIENTED_EDGE ( 'NONE', *, *, #2255, .T. ) ;
#1168 = CARTESIAN_POINT ( 'NONE',  ( -0.07086614173228342195, 0.007381631943472431734, 0.2930140498722937914 ) ) ;
#1169 = EDGE_CURVE ( 'NONE', #4586, #2493, #3987, .T. ) ;
#1170 = CARTESIAN_POINT ( 'NONE',  ( 0.01962319341133186845, -0.06810889283773774450, 0.3778705130083784836 ) ) ;
#1171 = DIRECTION ( 'NONE',  ( 0.000000000000000000, 0.000000000000000000, 1.000000000000000000 ) ) ;
#1172 = FACE_BOUND ( 'NONE', #1937, .T. ) ;
#1173 = CARTESIAN_POINT ( 'NONE',  ( -0.01581129442076559602, -0.06908121363234262513, 0.2935634766511752147 ) ) ;
#1174 = DIRECTION ( 'NONE',  ( 1.000000000000000000, 0.000000000000000000, 0.000000000000000000 ) ) ;
#1175 = CARTESIAN_POINT ( 'NONE',  ( 0.03676078911620345863, 0.06060280312637415789, 0.3221080850271944573 ) ) ;
#1176 = CARTESIAN_POINT ( 'NONE',  ( 0.07086614173236510661, 0.007438408296439660665, 0.2995124248990610472 ) ) ;
#1177 = VERTEX_POINT ( 'NONE', #3236 ) ;
#1178 = VERTEX_POINT ( 'NONE', #2486 ) ;
#1179 = CARTESIAN_POINT ( 'NONE',  ( -0.04216966335301895047, 0.06668570070599651178, 0.3374001513424181309 ) ) ;
#1180 = CARTESIAN_POINT ( 'NONE',  ( 0.07046263303314961868, -0.01293840350372047442, 0.2624511135573228682 ) ) ;
#1181 = CARTESIAN_POINT ( 'NONE',  ( -0.06962996333638347968, 0.01317962369849965711, 0.2887628743189659120 ) ) ;
#1182 = CARTESIAN_POINT ( 'NONE',  ( -0.1377952755905511861, 0.000000000000000000, -0.2440944881889763884 ) ) ;
#1183 = CARTESIAN_POINT ( 'NONE',  ( 0.03300684034384816778, 0.06271957975069843150, 0.2829072365539365141 ) ) ;
#1184 = DIRECTION ( 'NONE',  ( 1.000000000000000000, 0.000000000000000000, 0.000000000000000000 ) ) ;
#1185 = ORIENTED_EDGE ( 'NONE', *, *, #3605, .F. ) ;
#1186 = CARTESIAN_POINT ( 'NONE',  ( -0.07086614173228347746, 0.009276356260599647255, 0.2732419205827149034 ) ) ;
#1187 = DIRECTION ( 'NONE',  ( 0.000000000000000000, 1.000000000000000000, 0.000000000000000000 ) ) ;
#1188 = CARTESIAN_POINT ( 'NONE',  ( -0.06518752176055118974, -0.04958770192637795143, 0.3615045912475984835 ) ) ;
#1189 = ORIENTED_EDGE ( 'NONE', *, *, #3576, .T. ) ;
#1190 = CARTESIAN_POINT ( 'NONE',  ( -0.02643826678274923195, 0.06594791835990963802, 0.2895936188447712500 ) ) ;
#1191 = EDGE_CURVE ( 'NONE', #1983, #3210, #2825, .T. ) ;
#1192 = LINE ( 'NONE', #488, #3499 ) ;
#1193 = CARTESIAN_POINT ( 'NONE',  ( -0.002908568562812992222, -0.08413063094118111707, 0.3855032827681496577 ) ) ;
#1194 = EDGE_CURVE ( 'NONE', #4221, #329, #2968, .T. ) ;
#1195 = CARTESIAN_POINT ( 'NONE',  ( 0.07500856020755906906, 0.02243231612767716474, 0.2977547031798031818 ) ) ;
#1196 = CARTESIAN_POINT ( 'NONE',  ( 0.000000000000000000, -0.3740157480314960647, 0.1889763779527559029 ) ) ;
#1197 = DIRECTION ( 'NONE',  ( -1.000000000000000000, 0.000000000000000000, 0.000000000000000000 ) ) ;
#1198 = EDGE_CURVE ( 'NONE', #291, #1113, #2795, .T. ) ;
#1199 = CARTESIAN_POINT ( 'NONE',  ( 0.07086614173228346358, -6.983446503022657650E-14, 0.2991802568311701105 ) ) ;
#1200 = ORIENTED_EDGE ( 'NONE', *, *, #752, .F. ) ;
#1201 = ORIENTED_EDGE ( 'NONE', *, *, #1276, .T. ) ;
#1202 = AXIS2_PLACEMENT_3D ( 'NONE', #4047, #411, #1093 ) ;
#1203 = VECTOR ( 'NONE', #951, 39.37007874015748143 ) ;
#1204 = CARTESIAN_POINT ( 'NONE',  ( -0.04965353414328061571, -0.06130471001363205913, 0.3433502764575484534 ) ) ;
#1205 = CARTESIAN_POINT ( 'NONE',  ( -0.07541805139208661302, 0.02101453807141338836, 0.3145090763475196227 ) ) ;
#1206 = CARTESIAN_POINT ( 'NONE',  ( 0.04133858267716535029, -0.1771653543307086520, 0.03740157480314960925 ) ) ;
#1207 = AXIS2_PLACEMENT_3D ( 'NONE', #1428, #339, #1789 ) ;
#1208 = CARTESIAN_POINT ( 'NONE',  ( -0.07951184141496062119, -0.03004502970470866383, 0.3212290006962992273 ) ) ;
#1209 = CARTESIAN_POINT ( 'NONE',  ( 0.06129819822936100754, -0.03614166548317327560, 0.3015005711169567171 ) ) ;
#1210 = CARTESIAN_POINT ( 'NONE',  ( -0.07086467090631043408, -6.534585637998307175E-08, 0.3484237261464613877 ) ) ;
#1211 = ORIENTED_EDGE ( 'NONE', *, *, #3078, .T. ) ;
#1212 = VECTOR ( 'NONE', #1000, 39.37007874015748143 ) ;
#1213 = CIRCLE ( 'NONE', #2132, 0.02559055118110236185 ) ;
#1214 = DIRECTION ( 'NONE',  ( 0.000000000000000000, -1.000000000000000000, 0.000000000000000000 ) ) ;
#1215 = VECTOR ( 'NONE', #2527, 39.37007874015748143 ) ;
#1216 = CARTESIAN_POINT ( 'NONE',  ( 0.03937007874015747977, -0.1968503937007874127, 0.03543307086614173179 ) ) ;
#1217 = ORIENTED_EDGE ( 'NONE', *, *, #4456, .F. ) ;
#1218 = CARTESIAN_POINT ( 'NONE',  ( -0.06426682367602652712, 0.03100199344338457411, 0.2919282133715493943 ) ) ;
#1219 = DIRECTION ( 'NONE',  ( 1.000000000000000000, 0.000000000000000000, 0.000000000000000000 ) ) ;
#1220 = CARTESIAN_POINT ( 'NONE',  ( 0.08085841646141730954, -0.0004233775392803150201, 0.3676940076419291104 ) ) ;
#1221 = CARTESIAN_POINT ( 'NONE',  ( 0.07272449576417322481, 0.01805952271815748286, 0.2810593851303543333 ) ) ;
#1222 = EDGE_CURVE ( 'NONE', #3481, #1043, #4670, .T. ) ;
#1223 = DIRECTION ( 'NONE',  ( 0.000000000000000000, 0.000000000000000000, 1.000000000000000000 ) ) ;
#1224 = CARTESIAN_POINT ( 'NONE',  ( -0.07086614173228346358, -0.009276356260599931750, 0.3330897688615325203 ) ) ;
#1225 = DIRECTION ( 'NONE',  ( -1.000000000000000000, 0.000000000000000000, 0.000000000000000000 ) ) ;
#1226 = EDGE_LOOP ( 'NONE', ( #2378, #2847, #3346, #2307, #4520, #2787 ) ) ;
#1227 = ORIENTED_EDGE ( 'NONE', *, *, #2389, .F. ) ;
#1228 = CARTESIAN_POINT ( 'NONE',  ( 0.02830876745110598447, -0.07364829855382815094, 0.3466274572473532212 ) ) ;
#1229 = EDGE_CURVE ( 'NONE', #4359, #3743, #3003, .T. ) ;
#1230 = AXIS2_PLACEMENT_3D ( 'NONE', #1731, #3227, #3900 ) ;
#1231 = CARTESIAN_POINT ( 'NONE',  ( 0.07255889147913385795, 0.02939521403013779441, 0.3264086826468109992 ) ) ;
#1232 = CARTESIAN_POINT ( 'NONE',  ( -0.07025837592639888607, 0.009287206461132879384, 0.3283129905009808391 ) ) ;
#1233 =( CONVERSION_BASED_UNIT ( 'INCH', #3144 ) LENGTH_UNIT ( ) NAMED_UNIT ( #1869 ) );
#1234 = CARTESIAN_POINT ( 'NONE',  ( 0.0004829440825235833609, -0.07086473150278037314, 0.2982496657403481133 ) ) ;
#1235 = DIRECTION ( 'NONE',  ( 1.000000000000000000, 0.000000000000000000, 0.000000000000000000 ) ) ;
#1236 = EDGE_LOOP ( 'NONE', ( #2542, #3827, #2629, #3180 ) ) ;
#1237 = CARTESIAN_POINT ( 'NONE',  ( -0.07086463617076318999, -6.634278630303562406E-08, 0.3681087307873528447 ) ) ;
#1238 = CARTESIAN_POINT ( 'NONE',  ( 0.03948823969581474053, -0.05884103103999097084, 0.3355069916047418999 ) ) ;
#1239 = CARTESIAN_POINT ( 'NONE',  ( 0.04571701936733941346, 0.05449663375256205700, 0.3806884767978419015 ) ) ;
#1240 = VERTEX_POINT ( 'NONE', #1461 ) ;
#1241 = CARTESIAN_POINT ( 'NONE',  ( -0.06192752362626949281, 0.03568822082138169149, 0.3507312617051362436 ) ) ;
#1242 = DIRECTION ( 'NONE',  ( 0.000000000000000000, 0.000000000000000000, -1.000000000000000000 ) ) ;
#1243 = CARTESIAN_POINT ( 'NONE',  ( -0.05832906443047243539, 0.06069762313137795628, 0.3781673247629527279 ) ) ;
#1244 = CARTESIAN_POINT ( 'NONE',  ( 0.001106777173676377945, 0.07828325463771654280, 0.3017212386128740320 ) ) ;
#1245 = DIRECTION ( 'NONE',  ( 1.000000000000000000, 0.000000000000000000, 0.000000000000000000 ) ) ;
#1246 = CARTESIAN_POINT ( 'NONE',  ( 0.07086614173228346358, -6.983446503022657650E-14, 0.2991802568311701105 ) ) ;
#1247 = CARTESIAN_POINT ( 'NONE',  ( -0.1358267716535433156, 0.08031496062992127261, -0.06299212598425196763 ) ) ;
#1248 = ORIENTED_EDGE ( 'NONE', *, *, #3929, .T. ) ;
#1249 = CARTESIAN_POINT ( 'NONE',  ( 0.000000000000000000, 0.000000000000000000, 0.2637795275590551491 ) ) ;
#1250 = LINE ( 'NONE', #180, #1589 ) ;
#1251 = CARTESIAN_POINT ( 'NONE',  ( -0.09448818897637795144, -0.1771653543307086520, 0.01771653543307086590 ) ) ;
#1252 = ADVANCED_FACE ( 'NONE', ( #3311 ), #395, .F. ) ;
#1253 = CARTESIAN_POINT ( 'NONE',  ( -0.06191862917455832893, -0.03569560119291696754, 0.2949690935151051407 ) ) ;
#1254 = DIRECTION ( 'NONE',  ( -1.000000000000000000, 0.000000000000000000, 0.000000000000000000 ) ) ;
#1255 = EDGE_CURVE ( 'NONE', #482, #337, #1482, .T. ) ;
#1256 = VERTEX_POINT ( 'NONE', #1504 ) ;
#1257 = CARTESIAN_POINT ( 'NONE',  ( -0.08464566929133858497, -0.1948818897637795422, -0.2047244094488188948 ) ) ;
#1258 = CARTESIAN_POINT ( 'NONE',  ( 0.04663684811260933316, -0.05340921368671069230, 0.3359096683062781086 ) ) ;
#1259 = CARTESIAN_POINT ( 'NONE',  ( 0.001795133829339096501, -0.07084598918091450370, 0.2943672308118147063 ) ) ;
#1260 = EDGE_CURVE ( 'NONE', #4053, #1561, #3722, .T. ) ;
#1261 = CARTESIAN_POINT ( 'NONE',  ( 0.05710516669304697979, -0.04324231321214141305, 0.3805052487766646396 ) ) ;
#1262 = ORIENTED_EDGE ( 'NONE', *, *, #3615, .T. ) ;
#1263 = CARTESIAN_POINT ( 'NONE',  ( -0.05162123565999193753, 0.05852414420850492877, 0.3748449874542414961 ) ) ;
#1264 = LINE ( 'NONE', #1575, #349 ) ;
#1265 = CARTESIAN_POINT ( 'NONE',  ( 0.03318952451994488378, 0.07736237097460629819, 0.3744993457603149611 ) ) ;
#1266 = CARTESIAN_POINT ( 'NONE',  ( -0.04084659619669291780, -0.06282613944480315571, 0.3326243457601574249 ) ) ;
#1267 = DIRECTION ( 'NONE',  ( 0.000000000000000000, 0.000000000000000000, 1.000000000000000000 ) ) ;
#1268 = FACE_OUTER_BOUND ( 'NONE', #1092, .T. ) ;
#1269 = FACE_OUTER_BOUND ( 'NONE', #4163, .T. ) ;
#1270 = ORIENTED_EDGE ( 'NONE', *, *, #130, .T. ) ;
#1271 = DIRECTION ( 'NONE',  ( 0.000000000000000000, 0.000000000000000000, 1.000000000000000000 ) ) ;
#1272 = DIRECTION ( 'NONE',  ( 1.000000000000000000, 0.000000000000000000, 0.000000000000000000 ) ) ;
#1273 = CARTESIAN_POINT ( 'NONE',  ( -0.009257530563027064133, -0.07086882750020645494, 0.2978216702820059569 ) ) ;
#1274 = VERTEX_POINT ( 'NONE', #713 ) ;
#1275 = VECTOR ( 'NONE', #4750, 39.37007874015748143 ) ;
#1276 = EDGE_CURVE ( 'NONE', #4422, #2113, #780, .T. ) ;
#1277 = EDGE_LOOP ( 'NONE', ( #2269, #3411 ) ) ;
#1278 = VECTOR ( 'NONE', #4255, 39.37007874015748143 ) ;
#1279 = CARTESIAN_POINT ( 'NONE',  ( -0.05283184096996063062, -0.06658554497401575345, 0.2850849756814567426 ) ) ;
#1280 = CARTESIAN_POINT ( 'NONE',  ( 0.06560982943781208665, -0.02678424366617321306, 0.3373532430769588530 ) ) ;
#1281 = CARTESIAN_POINT ( 'NONE',  ( 0.04155919301595201870, -0.05741225714191745128, 0.2962509919912728051 ) ) ;
#1282 = CARTESIAN_POINT ( 'NONE',  ( 0.06096264602267279648, -0.03624489885772302911, 0.2975079019634385702 ) ) ;
#1283 = VERTEX_POINT ( 'NONE', #1529 ) ;
#1284 = AXIS2_PLACEMENT_3D ( 'NONE', #3862, #1197, #2683 ) ;
#1285 = DIRECTION ( 'NONE',  ( 0.000000000000000000, 0.000000000000000000, 1.000000000000000000 ) ) ;
#1286 = DIRECTION ( 'NONE',  ( 1.000000000000000000, 0.000000000000000000, 0.000000000000000000 ) ) ;
#1287 = EDGE_CURVE ( 'NONE', #858, #2018, #4524, .T. ) ;
#1288 = CARTESIAN_POINT ( 'NONE',  ( 0.01107490347174409397, 0.08345076854295274682, 0.3359855662327165815 ) ) ;
#1289 = VECTOR ( 'NONE', #1790, 39.37007874015748143 ) ;
#1290 = AXIS2_PLACEMENT_3D ( 'NONE', #2864, #2550, #1035 ) ;
#1291 = CARTESIAN_POINT ( 'NONE',  ( -0.04571935412972440854, -0.06355496495539371404, 0.3096543094789763750 ) ) ;
#1292 = CARTESIAN_POINT ( 'NONE',  ( -0.07420615025519684826, -0.01359260381720472401, 0.3466244538360629956 ) ) ;
#1293 = CARTESIAN_POINT ( 'NONE',  ( -0.08464566929133858497, -0.1968503937007874127, 0.01771653543307086590 ) ) ;
#1294 = CARTESIAN_POINT ( 'NONE',  ( 0.02723415726515822713, -0.06542412376514637751, 0.3191811826433511023 ) ) ;
#1295 = DIRECTION ( 'NONE',  ( -1.000000000000000000, 0.000000000000000000, 0.000000000000000000 ) ) ;
#1296 = AXIS2_PLACEMENT_3D ( 'NONE', #3263, #4434, #1150 ) ;
#1297 = CARTESIAN_POINT ( 'NONE',  ( -0.1377952755905511861, -0.1771653543307086520, -0.1692913385826771699 ) ) ;
#1298 = DIRECTION ( 'NONE',  ( 0.000000000000000000, 0.000000000000000000, 1.000000000000000000 ) ) ;
#1299 = ORIENTED_EDGE ( 'NONE', *, *, #1958, .T. ) ;
#1300 = CARTESIAN_POINT ( 'NONE',  ( -0.04633114923531496399, -0.07126192910901575639, 0.3247503300121259429 ) ) ;
#1301 = CARTESIAN_POINT ( 'NONE',  ( 0.06778659062816624892, -0.02070143945724986501, 0.3376503343797342960 ) ) ;
#1302 = CARTESIAN_POINT ( 'NONE',  ( 0.02771031985715975351, -0.06522379684080727158, 0.2955262941270474508 ) ) ;
#1303 = CARTESIAN_POINT ( 'NONE',  ( 0.06369419279494904773, -0.03109623597948912160, 0.2977783659822020312 ) ) ;
#1304 = VERTEX_POINT ( 'NONE', #2272 ) ;
#1305 = CARTESIAN_POINT ( 'NONE',  ( 0.000000000000000000, 0.000000000000000000, 0.2637795275590551491 ) ) ;
#1306 = CARTESIAN_POINT ( 'NONE',  ( -0.04504845492220472397, -0.06310909983110236932, 0.3773945750353149831 ) ) ;
#1307 = CARTESIAN_POINT ( 'NONE',  ( -0.04931087503326771898, 0.06923348454948818897, 0.2974297880978740150 ) ) ;
#1308 = VECTOR ( 'NONE', #800, 39.37007874015748143 ) ;
#1309 = DIRECTION ( 'NONE',  ( 0.000000000000000000, 0.000000000000000000, 1.000000000000000000 ) ) ;
#1310 = ORIENTED_EDGE ( 'NONE', *, *, #4567, .T. ) ;
#1311 = EDGE_CURVE ( 'NONE', #4181, #473, #579, .T. ) ;
#1312 = CARTESIAN_POINT ( 'NONE',  ( -0.06897552879924966074, -0.01671563554879811758, 0.3728036258912599821 ) ) ;
#1313 = CARTESIAN_POINT ( 'NONE',  ( 0.04518178792059055621, 0.05978439714724409493, 0.2855892369167716827 ) ) ;
#1314 = LINE ( 'NONE', #2775, #3505 ) ;
#1315 = CARTESIAN_POINT ( 'NONE',  ( 0.0003693838661983823188, -0.07086531746504669271, 0.3179324294257528938 ) ) ;
#1316 = LINE ( 'NONE', #1949, #3051 ) ;
#1317 = CARTESIAN_POINT ( 'NONE',  ( 0.000000000000000000, -0.3661417322834645272, -0.1850393700787401619 ) ) ;
#1318 = CARTESIAN_POINT ( 'NONE',  ( -0.1358267716535433156, -0.1161417322834645688, 0.1023622047244094474 ) ) ;
#1319 = ORIENTED_EDGE ( 'NONE', *, *, #1006, .T. ) ;
#1320 = ORIENTED_EDGE ( 'NONE', *, *, #4474, .T. ) ;
#1321 = PLANE ( 'NONE',  #2288 ) ;
#1322 = CARTESIAN_POINT ( 'NONE',  ( 0.07011838954971250093, -0.01029229546056418219, 0.3381179076678773043 ) ) ;
#1323 = CARTESIAN_POINT ( 'NONE',  ( -0.07086614173228442115, -0.0009858423291824868363, 0.2893832821794298238 ) ) ;
#1324 = CARTESIAN_POINT ( 'NONE',  ( -0.04255208678386573212, -0.06084951319998032487, 0.3779039868523436096 ) ) ;
#1325 = ORIENTED_EDGE ( 'NONE', *, *, #1747, .F. ) ;
#1326 = CARTESIAN_POINT ( 'NONE',  ( 0.04133858267716535029, -0.1968503937007874127, 0.2047244094488188948 ) ) ;
#1327 = CARTESIAN_POINT ( 'NONE',  ( -0.01857600667935795785, 0.06901389431646037798, 0.3089306207996450060 ) ) ;
#1328 = CARTESIAN_POINT ( 'NONE',  ( -0.001787362222476771836, 0.07419457120417322082, 0.3467473733998425733 ) ) ;
#1329 = CARTESIAN_POINT ( 'NONE',  ( -0.07623755495685040351, 0.02921902618961811152, 0.2827177377648819045 ) ) ;
#1330 = CARTESIAN_POINT ( 'NONE',  ( 0.02218263214205905623, -0.07210577268625983915, 0.3519131677468503860 ) ) ;
#1331 = ORIENTED_EDGE ( 'NONE', *, *, #4099, .F. ) ;
#1332 = ADVANCED_FACE ( 'NONE', ( #3383 ), #2610, .T. ) ;
#1333 = FACE_OUTER_BOUND ( 'NONE', #2147, .T. ) ;
#1334 = CARTESIAN_POINT ( 'NONE',  ( -0.03537689268729769798, -0.06141290715534569039, 0.3753407270298537157 ) ) ;
#1335 = ADVANCED_FACE ( 'NONE', ( #4457 ), #1734, .F. ) ;
#1336 = CARTESIAN_POINT ( 'NONE',  ( 0.01022191365003166826, -0.07017447907662625883, 0.3144299894846279142 ) ) ;
#1337 = CARTESIAN_POINT ( 'NONE',  ( 0.03937007874015747977, -0.1771653543307086520, -0.2440944881889763884 ) ) ;
#1338 = CARTESIAN_POINT ( 'NONE',  ( 0.02657525024460056021, -0.06569694851100836563, 0.3191523589417035178 ) ) ;
#1339 = EDGE_CURVE ( 'NONE', #731, #2127, #1099, .T. ) ;
#1340 = CARTESIAN_POINT ( 'NONE',  ( -0.009351464437407476862, 0.07025645211189378292, 0.3242295224267358611 ) ) ;
#1341 = CARTESIAN_POINT ( 'NONE',  ( 0.000000000000000000, -0.3661417322834645272, 0.1889763779527559029 ) ) ;
#1342 = CARTESIAN_POINT ( 'NONE',  ( -0.1377952755905511861, 0.003937007874015747977, -0.2047244094488188948 ) ) ;
#1343 = ORIENTED_EDGE ( 'NONE', *, *, #162, .F. ) ;
#1344 = EDGE_LOOP ( 'NONE', ( #117, #4655, #2757, #755 ) ) ;
#1345 = CARTESIAN_POINT ( 'NONE',  ( -0.08198645632385827275, -0.02242894813876772017, 0.2831017079649212898 ) ) ;
#1346 = CARTESIAN_POINT ( 'NONE',  ( -0.06096674066923609553, -0.03614595097991381983, 0.3304061545860923488 ) ) ;
#1347 = DIRECTION ( 'NONE',  ( 1.000000000000000000, 0.000000000000000000, 0.000000000000000000 ) ) ;
#1348 = CARTESIAN_POINT ( 'NONE',  ( -0.04979974778859535406, -0.05530076594235348864, 0.3777084338786675932 ) ) ;
#1349 = ORIENTED_EDGE ( 'NONE', *, *, #1775, .F. ) ;
#1350 = DIRECTION ( 'NONE',  ( 0.000000000000000000, 0.000000000000000000, -1.000000000000000000 ) ) ;
#1351 = VECTOR ( 'NONE', #3762, 39.37007874015748143 ) ;
#1352 = CARTESIAN_POINT ( 'NONE',  ( 0.01468708843138773722, 0.06933305860876901039, 0.3074504753661745915 ) ) ;
#1353 = CARTESIAN_POINT ( 'NONE',  ( -0.07742724992492125424, -0.004139121769023622506, 0.3352128165050787256 ) ) ;
#1354 = CARTESIAN_POINT ( 'NONE',  ( 0.005203676333996062539, 0.08483911455948818514, 0.2756138432160630258 ) ) ;
#1355 = VECTOR ( 'NONE', #2412, 39.37007874015748143 ) ;
#1356 = CARTESIAN_POINT ( 'NONE',  ( 0.02445989535466929279, -0.06793997023358268328, 0.3748832040279921340 ) ) ;
#1357 = ORIENTED_EDGE ( 'NONE', *, *, #3990, .T. ) ;
#1358 = DIRECTION ( 'NONE',  ( 0.000000000000000000, 0.000000000000000000, 1.000000000000000000 ) ) ;
#1359 = AXIS2_PLACEMENT_3D ( 'NONE', #3262, #2228, #3312 ) ;
#1360 = CARTESIAN_POINT ( 'NONE',  ( -0.06129847593486232454, -0.03556551839500744078, 0.3737095222004183093 ) ) ;
#1361 = VECTOR ( 'NONE', #336, 39.37007874015748143 ) ;
#1362 = CARTESIAN_POINT ( 'NONE',  ( -0.07874015748031495954, 0.05905511811023622659, 0.2440944881889763884 ) ) ;
#1363 = CARTESIAN_POINT ( 'NONE',  ( -0.1358267716535433156, -0.1161417322834645688, 0.1279527559055118058 ) ) ;
#1364 = ADVANCED_FACE ( 'NONE', ( #3042 ), #305, .T. ) ;
#1365 = CARTESIAN_POINT ( 'NONE',  ( -0.02571543208163235700, -0.06603669883618033809, 0.3167746026931593240 ) ) ;
#1366 = CARTESIAN_POINT ( 'NONE',  ( -0.04417729695602816420, 0.05541081861143753312, 0.3259277052903253313 ) ) ;
#1367 = DIRECTION ( 'NONE',  ( 0.000000000000000000, -1.000000000000000000, 0.000000000000000000 ) ) ;
#1368 = CARTESIAN_POINT ( 'NONE',  ( 0.03937007874015747977, -0.3740157480314960647, 0.2047244094488188948 ) ) ;
#1369 = ORIENTED_EDGE ( 'NONE', *, *, #979, .F. ) ;
#1370 = ORIENTED_EDGE ( 'NONE', *, *, #1339, .T. ) ;
#1371 = EDGE_CURVE ( 'NONE', #3755, #2460, #2920, .T. ) ;
#1372 = CARTESIAN_POINT ( 'NONE',  ( -0.02242701313176089645, -0.07564449571489473279, 0.3642549461277240219 ) ) ;
#1373 = CARTESIAN_POINT ( 'NONE',  ( -0.08083889634484252296, -0.02626614964422047463, 0.3029343851301968815 ) ) ;
#1374 = CARTESIAN_POINT ( 'NONE',  ( -0.05826783487163914727, -0.04045060540119744391, 0.3306259339379228890 ) ) ;
#1375 = FACE_OUTER_BOUND ( 'NONE', #3390, .T. ) ;
#1376 = AXIS2_PLACEMENT_3D ( 'NONE', #2994, #4452, #798 ) ;
#1377 = CARTESIAN_POINT ( 'NONE',  ( 0.05375469451728832893, -0.04624198095084131738, 0.2969598592171866502 ) ) ;
#1378 = ORIENTED_EDGE ( 'NONE', *, *, #1169, .F. ) ;
#1379 = APPLICATION_PROTOCOL_DEFINITION ( 'draft international standard', 'automotive_design', 1998, #4695 ) ;
#1380 = CARTESIAN_POINT ( 'NONE',  ( -0.04585689285094146639, 0.05402928620894462824, 0.3102809496177693083 ) ) ;
#1381 = AXIS2_PLACEMENT_3D ( 'NONE', #4690, #297, #4232 ) ;
#1382 = CARTESIAN_POINT ( 'NONE',  ( -0.04438513393744095148, 0.06357729164377953768, 0.3517187220169291084 ) ) ;
#1383 = CARTESIAN_POINT ( 'NONE',  ( 0.04766606313641732345, -0.07037602022464567453, 0.2875134495152362746 ) ) ;
#1384 = CARTESIAN_POINT ( 'NONE',  ( 0.06460305408035434127, 0.03599815748435039597, 0.3378099306514960598 ) ) ;
#1385 = ORIENTED_EDGE ( 'NONE', *, *, #4683, .F. ) ;
#1386 = DIRECTION ( 'NONE',  ( 0.000000000000000000, 1.000000000000000000, 0.000000000000000000 ) ) ;
#1387 = CARTESIAN_POINT ( 'NONE',  ( -0.06227341272196366961, -0.03383611832436984185, 0.3736188616616898939 ) ) ;
#1388 = CARTESIAN_POINT ( 'NONE',  ( -0.1377952755905511861, -0.1968503937007874127, 0.2047244094488188948 ) ) ;
#1389 = CARTESIAN_POINT ( 'NONE',  ( 0.07086613373094212409, -8.981492053506142341E-09, 0.3622047320313508401 ) ) ;
#1390 = CARTESIAN_POINT ( 'NONE',  ( 0.03543063050548742737, -0.06141705615808529251, 0.3195585901581924348 ) ) ;
#1391 = CARTESIAN_POINT ( 'NONE',  ( -0.05793993834808604942, 0.04086408416595192772, 0.3267840224856211062 ) ) ;
#1392 = LINE ( 'NONE', #4013, #44 ) ;
#1393 = LINE ( 'NONE', #3867, #4119 ) ;
#1394 = EDGE_LOOP ( 'NONE', ( #710, #4557, #697, #2327 ) ) ;
#1395 = ORIENTED_EDGE ( 'NONE', *, *, #1006, .F. ) ;
#1396 = CARTESIAN_POINT ( 'NONE',  ( -0.04964575494727142130, -0.06132501962638102488, 0.3630243472959333584 ) ) ;
#1397 = EDGE_CURVE ( 'NONE', #166, #3126, #2992, .T. ) ;
#1398 = CARTESIAN_POINT ( 'NONE',  ( -0.04450296488897637071, -0.06844999922102362744, 0.3216129708963779699 ) ) ;
#1399 = EDGE_CURVE ( 'NONE', #2859, #3856, #3432, .T. ) ;
#1400 = CARTESIAN_POINT ( 'NONE',  ( -0.07086614173228689140, -0.003771911544314943566, 0.3288723996378040138 ) ) ;
#1401 = EDGE_CURVE ( 'NONE', #4689, #1256, #2798, .T. ) ;
#1402 = DIRECTION ( 'NONE',  ( -1.000000000000000000, 0.000000000000000000, 0.000000000000000000 ) ) ;
#1403 = ORIENTED_EDGE ( 'NONE', *, *, #33, .T. ) ;
#1404 = CARTESIAN_POINT ( 'NONE',  ( 0.02695268075904273461, 0.06554075161770125946, 0.3068743857664827379 ) ) ;
#1405 = CARTESIAN_POINT ( 'NONE',  ( 0.02982240368686614462, -0.07157329366196851783, 0.3608886695235039577 ) ) ;
#1406 = ADVANCED_FACE ( 'NONE', ( #1455 ), #2965, .F. ) ;
#1407 = CARTESIAN_POINT ( 'NONE',  ( 0.004425006858787401860, -0.07816600154893700581, 0.3314702543609449048 ) ) ;
#1408 = CARTESIAN_POINT ( 'NONE',  ( -0.06745105610637795734, -0.04646190051803149312, 0.3416719140822047085 ) ) ;
#1409 = ORIENTED_EDGE ( 'NONE', *, *, #3576, .F. ) ;
#1410 = CARTESIAN_POINT ( 'NONE',  ( 0.05666931190641417981, -0.04355054382016223385, 0.3562168824769723074 ) ) ;
#1411 = CARTESIAN_POINT ( 'NONE',  ( -0.05301222484845889010, -0.04702903807594784741, 0.3743417052746795814 ) ) ;
#1412 = CARTESIAN_POINT ( 'NONE',  ( 0.004333937817254501432, -0.07073880683848099427, 0.3141687372825703317 ) ) ;
#1413 = DIRECTION ( 'NONE',  ( -1.000000000000000000, 0.000000000000000000, 0.000000000000000000 ) ) ;
#1414 = CARTESIAN_POINT ( 'NONE',  ( -0.06509564691614340426, -0.02801240265597873536, 0.3142674922988785702 ) ) ;
#1415 = CARTESIAN_POINT ( 'NONE',  ( -0.06143129691536013126, 0.03533391935814485241, 0.3270745817660226096 ) ) ;
#1416 = DIRECTION ( 'NONE',  ( 1.000000000000000000, 0.000000000000000000, 0.000000000000000000 ) ) ;
#1417 = CARTESIAN_POINT ( 'NONE',  ( 0.03937007874015747977, -0.3740157480314960647, -1.065259842546456781 ) ) ;
#1418 = ORIENTED_EDGE ( 'NONE', *, *, #1963, .F. ) ;
#1419 = ORIENTED_EDGE ( 'NONE', *, *, #78, .F. ) ;
#1420 = CARTESIAN_POINT ( 'NONE',  ( 0.05459598662333964292, -0.05763902807233167030, 0.3675519043986530399 ) ) ;
#1421 = CARTESIAN_POINT ( 'NONE',  ( 0.07923440342484251719, 0.01967611454262204601, 0.2700480102665354654 ) ) ;
#1422 = CARTESIAN_POINT ( 'NONE',  ( -0.07057729467469039952, -0.008442729105577657239, 0.3290822642521920582 ) ) ;
#1423 = EDGE_CURVE ( 'NONE', #3097, #1552, #1508, .T. ) ;
#1424 = LINE ( 'NONE', #4323, #302 ) ;
#1425 = LINE ( 'NONE', #4000, #1361 ) ;
#1426 = ORIENTED_EDGE ( 'NONE', *, *, #4558, .T. ) ;
#1427 = PLANE ( 'NONE',  #3511 ) ;
#1428 = CARTESIAN_POINT ( 'NONE',  ( -0.1370078740157480435, 0.08031496062992127261, -0.1062992125984252023 ) ) ;
#1429 = DIRECTION ( 'NONE',  ( 1.000000000000000000, 0.000000000000000000, 0.000000000000000000 ) ) ;
#1430 = CARTESIAN_POINT ( 'NONE',  ( 0.05190345221870078934, -0.05912206876114173282, 0.3500979871087401274 ) ) ;
#1431 = EDGE_LOOP ( 'NONE', ( #1810, #1020, #4027, #3564 ) ) ;
#1432 = AXIS2_PLACEMENT_3D ( 'NONE', #794, #4470, #460 ) ;
#1433 = AXIS2_PLACEMENT_3D ( 'NONE', #2831, #4315, #3918 ) ;
#1434 = CARTESIAN_POINT ( 'NONE',  ( 0.03569526327727846893, 0.06192691035194407972, 0.3458088509971146141 ) ) ;
#1435 = ADVANCED_FACE ( 'NONE', ( #77 ), #439, .F. ) ;
#1436 = CARTESIAN_POINT ( 'NONE',  ( 0.05874513524562212374, -0.03969253967309297609, 0.3800442801128826043 ) ) ;
#1437 = CARTESIAN_POINT ( 'NONE',  ( -0.07086614173228346358, 8.678599364036359818E-18, 0.2440944881889763884 ) ) ;
#1438 = VECTOR ( 'NONE', #1588, 39.37007874015748143 ) ;
#1439 = VECTOR ( 'NONE', #4537, 39.37007874015748143 ) ;
#1440 = FACE_OUTER_BOUND ( 'NONE', #1953, .T. ) ;
#1441 = CARTESIAN_POINT ( 'NONE',  ( -0.03937007874015747977, -0.3740157480314960647, -1.065259842546456781 ) ) ;
#1442 = CARTESIAN_POINT ( 'NONE',  ( -0.06180148029689395278, 0.03467973775399250946, 0.3271087267122312348 ) ) ;
#1443 = AXIS2_PLACEMENT_3D ( 'NONE', #526, #2295, #1214 ) ;
#1444 = DIRECTION ( 'NONE',  ( 1.000000000000000000, 0.000000000000000000, 0.000000000000000000 ) ) ;
#1445 = CARTESIAN_POINT ( 'NONE',  ( 0.02143760322995029791, 0.06781708550771699262, 0.3031751764447376263 ) ) ;
#1446 = ORIENTED_EDGE ( 'NONE', *, *, #3278, .F. ) ;
#1447 = ORIENTED_EDGE ( 'NONE', *, *, #2627, .F. ) ;
#1448 = CARTESIAN_POINT ( 'NONE',  ( 0.008208640511166704137, -0.07846102884812601597, 0.3654950281245437083 ) ) ;
#1449 = CARTESIAN_POINT ( 'NONE',  ( 0.05194321278708660672, -0.06299000811862204285, 0.3255795063294881775 ) ) ;
#1450 = CARTESIAN_POINT ( 'NONE',  ( -0.06809022620566304584, -0.01969317693148305709, 0.3296151090173584097 ) ) ;
#1451 = CARTESIAN_POINT ( 'NONE',  ( -0.03636697804343638762, 0.06087926913922243194, 0.2861253067605231126 ) ) ;
#1452 = DIRECTION ( 'NONE',  ( 0.000000000000000000, 0.000000000000000000, 1.000000000000000000 ) ) ;
#1453 = ORIENTED_EDGE ( 'NONE', *, *, #1371, .T. ) ;
#1454 = FACE_OUTER_BOUND ( 'NONE', #3277, .T. ) ;
#1455 = FACE_OUTER_BOUND ( 'NONE', #1526, .T. ) ;
#1456 = FACE_OUTER_BOUND ( 'NONE', #3776, .T. ) ;
#1457 = CARTESIAN_POINT ( 'NONE',  ( -0.07663149933208661391, -0.01780451280184252097, 0.3633197718856693292 ) ) ;
#1458 = ORIENTED_EDGE ( 'NONE', *, *, #2776, .T. ) ;
#1459 = CARTESIAN_POINT ( 'NONE',  ( 0.04354288640031071106, 0.05667129401086720697, 0.3453986501047781599 ) ) ;
#1460 = FACE_OUTER_BOUND ( 'NONE', #308, .T. ) ;
#1461 = CARTESIAN_POINT ( 'NONE',  ( -0.1370078740157480435, -0.1161417322834645688, 0.1456692913385826960 ) ) ;
#1462 = DIRECTION ( 'NONE',  ( 0.000000000000000000, 0.000000000000000000, -1.000000000000000000 ) ) ;
#1463 = EDGE_CURVE ( 'NONE', #2859, #1178, #3016, .T. ) ;
#1464 = FACE_OUTER_BOUND ( 'NONE', #1073, .T. ) ;
#1465 = CARTESIAN_POINT ( 'NONE',  ( 0.06948322498108827627, 0.01395519498033998690, 0.3195027268101187090 ) ) ;
#1466 = PLANE ( 'NONE',  #350 ) ;
#1467 = CARTESIAN_POINT ( 'NONE',  ( 0.008761003134983201546, 0.06692913385805548954, 0.3858267716540849657 ) ) ;
#1468 = VERTEX_POINT ( 'NONE', #824 ) ;
#1469 = EDGE_LOOP ( 'NONE', ( #2598, #3319, #548, #3911 ) ) ;
#1470 = CARTESIAN_POINT ( 'NONE',  ( 0.07085843978913071439, 3.303486762273646120E-07, 0.3385749785893480412 ) ) ;
#1471 = CARTESIAN_POINT ( 'NONE',  ( -0.002692714793041732241, 0.08160064609011812020, 0.3136799000301968010 ) ) ;
#1472 = CARTESIAN_POINT ( 'NONE',  ( 0.06605598519086440523, 0.02964631592386858527, 0.3241616152629462344 ) ) ;
#1473 = CARTESIAN_POINT ( 'NONE',  ( 0.03695935821855713538, 0.06047342332877377047, 0.2827148649476834974 ) ) ;
#1474 = CARTESIAN_POINT ( 'NONE',  ( 0.000000000000000000, 0.000000000000000000, 0.3812335958003126302 ) ) ;
#1475 = ORIENTED_EDGE ( 'NONE', *, *, #2545, .T. ) ;
#1476 = FACE_OUTER_BOUND ( 'NONE', #179, .T. ) ;
#1477 = CARTESIAN_POINT ( 'NONE',  ( 0.08159935189888188611, -0.02067871870589573294, 0.3299311023621700478 ) ) ;
#1478 = CARTESIAN_POINT ( 'NONE',  ( 0.02664941428498031339, -0.07402159277401575144, 0.3686084857964567196 ) ) ;
#1479 = ORIENTED_EDGE ( 'NONE', *, *, #1632, .T. ) ;
#1480 = CARTESIAN_POINT ( 'NONE',  ( -0.06902166973972043151, -0.01854912087726244205, 0.3492440583917783004 ) ) ;
#1481 = CARTESIAN_POINT ( 'NONE',  ( -0.01413840349528874135, -0.06944975085932551806, 0.3763518685262282615 ) ) ;
#1482 = LINE ( 'NONE', #3652, #4647 ) ;
#1483 = CARTESIAN_POINT ( 'NONE',  ( -0.03937007874015747977, -0.1968503937007874127, -0.1692913385826771699 ) ) ;
#1484 = EDGE_CURVE ( 'NONE', #4563, #1178, #3668, .T. ) ;
#1485 = LINE ( 'NONE', #4408, #1151 ) ;
#1486 = EDGE_CURVE ( 'NONE', #1304, #952, #2485, .T. ) ;
#1487 = CARTESIAN_POINT ( 'NONE',  ( 0.07003163418705925236, 0.01086245661019781365, 0.3193574695553050846 ) ) ;
#1488 = CARTESIAN_POINT ( 'NONE',  ( -0.09448818897637795144, -0.1968503937007874127, -0.1870078740157480324 ) ) ;
#1489 = EDGE_LOOP ( 'NONE', ( #3713, #3401, #685, #367 ) ) ;
#1490 = EDGE_LOOP ( 'NONE', ( #958, #866, #3535, #3412, #2119, #1497, #879, #1419 ) ) ;
#1491 = CARTESIAN_POINT ( 'NONE',  ( 0.03768833147918035364, -0.06930739940461423665, 0.3470430853224608092 ) ) ;
#1492 = EDGE_CURVE ( 'NONE', #3698, #698, #3959, .T. ) ;
#1493 = CARTESIAN_POINT ( 'NONE',  ( 0.004998344073216535316, 0.08149144147673229033, 0.2740145456995669582 ) ) ;
#1494 = CARTESIAN_POINT ( 'NONE',  ( -0.05154225763636113844, 0.04864149948046485317, 0.2869711433526478950 ) ) ;
#1495 = CARTESIAN_POINT ( 'NONE',  ( -0.03937007874015747977, -0.1968503937007874127, -0.1692913385826771699 ) ) ;
#1496 = CARTESIAN_POINT ( 'NONE',  ( -0.1370078740157480435, -0.1161417322834645688, 0.1023622047244094474 ) ) ;
#1497 = ORIENTED_EDGE ( 'NONE', *, *, #3843, .F. ) ;
#1498 = LINE ( 'NONE', #2502, #2197 ) ;
#1499 = CARTESIAN_POINT ( 'NONE',  ( 0.06207299568169291626, 0.04068135033614173057, 0.3632532789116929006 ) ) ;
#1500 = CARTESIAN_POINT ( 'NONE',  ( 0.04778191765948819336, 0.05837933522401574787, 0.3783567373006693213 ) ) ;
#1501 = VERTEX_POINT ( 'NONE', #3573 ) ;
#1502 = CARTESIAN_POINT ( 'NONE',  ( -0.1377952755905511861, 0.08031496062992127261, -0.08070866141732284393 ) ) ;
#1503 = CARTESIAN_POINT ( 'NONE',  ( 0.04019345730926162513, -0.05836920445414180841, 0.3788607137680901626 ) ) ;
#1504 = CARTESIAN_POINT ( 'NONE',  ( 0.07870993927996582096, 7.596881436390119345E-08, 0.2716531433858972444 ) ) ;
#1505 = CARTESIAN_POINT ( 'NONE',  ( -0.08464566929133858497, -0.1968503937007874127, -0.2047244094488188948 ) ) ;
#1506 = CARTESIAN_POINT ( 'NONE',  ( 0.03250654587799059470, -0.06299058996296402757, 0.2957699559747398177 ) ) ;
#1507 = CARTESIAN_POINT ( 'NONE',  ( -0.06901943193687942735, -0.01856024552488752186, 0.3138046480516100689 ) ) ;
#1508 = CIRCLE ( 'NONE', #2120, 0.05905511810969048259 ) ;
#1509 = AXIS2_PLACEMENT_3D ( 'NONE', #2970, #393, #2199 ) ;
#1510 = EDGE_CURVE ( 'NONE', #26, #473, #972, .T. ) ;
#1511 = CARTESIAN_POINT ( 'NONE',  ( 0.003993124423233375235, 0.07080019435614437473, 0.3236355141598618590 ) ) ;
#1512 = CARTESIAN_POINT ( 'NONE',  ( -0.02718469812717769912, 0.06563445713687938998, 0.3053504011661211659 ) ) ;
#1513 = ORIENTED_EDGE ( 'NONE', *, *, #925, .T. ) ;
#1514 = ORIENTED_EDGE ( 'NONE', *, *, #3514, .F. ) ;
#1515 = CARTESIAN_POINT ( 'NONE',  ( -0.07776533839765470413, -0.01336185148843300335, 0.3410905933698005210 ) ) ;
#1516 = VECTOR ( 'NONE', #2712, 39.37007874015748143 ) ;
#1517 = FACE_OUTER_BOUND ( 'NONE', #2881, .T. ) ;
#1518 = DIRECTION ( 'NONE',  ( 1.000000000000000000, 0.000000000000000000, 0.000000000000000000 ) ) ;
#1519 = CARTESIAN_POINT ( 'NONE',  ( 0.03599939488915693958, 0.06104484827464367463, 0.2827620464065860872 ) ) ;
#1520 = CARTESIAN_POINT ( 'NONE',  ( -0.09448818897637795144, -0.1948818897637795422, -0.1870078740157480324 ) ) ;
#1521 = EDGE_CURVE ( 'NONE', #858, #2935, #585, .T. ) ;
#1522 = VERTEX_POINT ( 'NONE', #1744 ) ;
#1523 = CARTESIAN_POINT ( 'NONE',  ( 0.03568953404203221297, 0.06192187004085297070, 0.2670751616476344514 ) ) ;
#1524 = CARTESIAN_POINT ( 'NONE',  ( 0.05043572231526467775, -0.06739429553584068422, 0.3081151574801622717 ) ) ;
#1525 = CARTESIAN_POINT ( 'NONE',  ( 0.06692913385803425652, 3.278581981968503961E-18, 0.3858267716540669245 ) ) ;
#1526 = EDGE_LOOP ( 'NONE', ( #2477, #3976, #3718, #1779, #3066, #200, #4760, #3714 ) ) ;
#1527 = CARTESIAN_POINT ( 'NONE',  ( -0.07086120964652618814, 2.293296030158259821E-07, 0.3523671346371220481 ) ) ;
#1528 = CARTESIAN_POINT ( 'NONE',  ( -0.01088220271526393716, -0.07002775107318207071, 0.3764942250762978171 ) ) ;
#1529 = CARTESIAN_POINT ( 'NONE',  ( -0.03937007874015747977, -0.1771653543307086520, -0.1692913385826771699 ) ) ;
#1530 = DIRECTION ( 'NONE',  ( 1.000000000000000000, 0.000000000000000000, 0.000000000000000000 ) ) ;
#1531 = CARTESIAN_POINT ( 'NONE',  ( -0.06589582778079974834, -0.02614782869884539618, 0.2905440748162768649 ) ) ;
#1532 = CARTESIAN_POINT ( 'NONE',  ( -0.05666933632537216742, 0.04355051321421540139, 0.3660585187671259733 ) ) ;
#1533 = VECTOR ( 'NONE', #2340, 39.37007874015748143 ) ;
#1534 = CARTESIAN_POINT ( 'NONE',  ( 0.06247410480243634906, 0.03345219168457901765, 0.3204212635271714293 ) ) ;
#1535 = AXIS2_PLACEMENT_3D ( 'NONE', #4618, #1770, #3598 ) ;
#1536 = CARTESIAN_POINT ( 'NONE',  ( -0.0006774728901810961887, 0.07086323097922681002, 0.3041633011438602541 ) ) ;
#1537 = ORIENTED_EDGE ( 'NONE', *, *, #4040, .F. ) ;
#1538 = VERTEX_POINT ( 'NONE', #4310 ) ;
#1539 = CARTESIAN_POINT ( 'NONE',  ( -0.02829310595300402881, 0.07365839177243001246, 0.3367781243019413728 ) ) ;
#1540 = CARTESIAN_POINT ( 'NONE',  ( 0.02362204724409448786, -0.3661417322834645272, 0.2047244094488188948 ) ) ;
#1541 = CARTESIAN_POINT ( 'NONE',  ( -0.1377952755905511861, 0.000000000000000000, -0.2440944881889763884 ) ) ;
#1542 = CARTESIAN_POINT ( 'NONE',  ( 0.07877572624181103378, 0.03191379148792519715, 0.3311453392790945083 ) ) ;
#1543 = CARTESIAN_POINT ( 'NONE',  ( -0.006438313744645323029, 0.07058649980453569894, 0.2847202377911352555 ) ) ;
#1544 = DIRECTION ( 'NONE',  ( 1.000000000000000000, 0.000000000000000000, 0.000000000000000000 ) ) ;
#1545 = ADVANCED_FACE ( 'NONE', ( #3550 ), #3599, .F. ) ;
#1546 = ORIENTED_EDGE ( 'NONE', *, *, #4456, .T. ) ;
#1547 = B_SPLINE_SURFACE_WITH_KNOTS ( 'NONE', 3, 3, ( 
 ( #1009, #3898, #4629, #4607, #2783, #4244, #597, #1345, #1279, #2067, #3923, #4205, #260, #3536, #2810, #621, #3199, #1373, #1658, #4296, #2837, #168, #912, #3129, #3852, #2380, #2020, #4587, #1300, #2759, #4222, #1109, #4019, #3616, #4320 ),
 ( #1759, #2143, #1421, #1064, #1493, #2186, #3225, #2884, #4372, #2958, #3270, #676, #288, #2213, #2592, #4415, #4039, #746, #3688, #4728, #4680, #722, #3587, #4065, #1471, #769, #3661, #311, #1398, #1855, #1449, #2937, #1032, #361, #4348 ),
 ( #1833, #3246, #2522, #4756, #2861, #3299, #1782, #17, #2914, #4395, #3997, #2495, #332, #3972, #2568, #384, #1134, #3321, #4702, #701, #2165, #3638, #1805, #1088, #2546, #3439, #1205, #4515, #140, #92, #2984, #1971, #1231, #840, #3780 ),
 ( #1928, #1180, #4087, #2310, #3009, #4112, #2642, #2690, #4158, #1587, #3414, #4538, #3759, #1313, #815, #4488, #790, #3710, #3079, #3030, #476, #4466, #2287, #455, #3392, #1948, #406, #4138, #3055, #1877, #861, #1564, #2667, #112, #2330 ) ),
 .UNSPECIFIED., .F., .F., .F.,
 ( 4, 4 ),
 ( 4, 1, 1, 1, 1, 1, 1, 1, 1, 1, 1, 1, 1, 1, 1, 1, 1, 1, 1, 1, 1, 1, 1, 1, 1, 1, 1, 1, 1, 1, 1, 1, 4 ),
 ( -0.09766691155401999169, 1.097666911553999869 ),
 ( -0.02000000000000000042, 0.01250000000000000069, 0.04499999999999999833, 0.07749999999999999944, 0.1100000000000000006, 0.1424999999999999878, 0.1749999999999999889, 0.2074999999999999900, 0.2399999999999999911, 0.2725000000000000200, 0.3049999999999999933, 0.3375000000000000222, 0.3699999999999999956, 0.4025000000000000244, 0.4349999999999999978, 0.4675000000000000266, 0.5000000000000000000, 0.5324999999999999734, 0.5649999999999999467, 0.5975000000000000311, 0.6300000000000000044, 0.6624999999999999778, 0.6949999999999999512, 0.7275000000000000355, 0.7600000000000000089, 0.7924999999999999822, 0.8249999999999999556, 0.8575000000000000400, 0.8900000000000000133, 0.9224999999999999867, 0.9549999999999999600, 0.9875000000000000444, 1.020000000000000018 ),
 .UNSPECIFIED. ) ;
#1548 = EDGE_CURVE ( 'NONE', #2935, #4591, #1610, .T. ) ;
#1549 = DIRECTION ( 'NONE',  ( -1.000000000000000000, 0.000000000000000000, 0.000000000000000000 ) ) ;
#1550 = DIRECTION ( 'NONE',  ( 1.000000000000000000, 0.000000000000000000, 0.000000000000000000 ) ) ;
#1551 = CARTESIAN_POINT ( 'NONE',  ( -0.1377952755905511861, -0.2165354330708661457, 0.2047244094488188948 ) ) ;
#1552 = VERTEX_POINT ( 'NONE', #712 ) ;
#1553 = LINE ( 'NONE', #2006, #2942 ) ;
#1554 = CARTESIAN_POINT ( 'NONE',  ( 0.06192187004085305396, -0.03568953404203200480, 0.2818561531572417178 ) ) ;
#1555 = ADVANCED_FACE ( 'NONE', ( #1460 ), #28, .T. ) ;
#1556 = CARTESIAN_POINT ( 'NONE',  ( 0.009276386668355294032, -0.07086613739005950818, 0.3734401577663580829 ) ) ;
#1557 = DIRECTION ( 'NONE',  ( 1.000000000000000000, 0.000000000000000000, 0.000000000000000000 ) ) ;
#1558 = CARTESIAN_POINT ( 'NONE',  ( -0.07086615041668987980, 0.009276292680741536276, 0.3676986883833072151 ) ) ;
#1559 = CARTESIAN_POINT ( 'NONE',  ( -0.1377952755905511861, -0.2165354330708661457, 0.2047244094488188948 ) ) ;
#1560 = CARTESIAN_POINT ( 'NONE',  ( 0.06595581219884993907, -0.02592180949179974034, 0.3216747798481912057 ) ) ;
#1561 = VERTEX_POINT ( 'NONE', #4383 ) ;
#1562 = ORIENTED_EDGE ( 'NONE', *, *, #1463, .F. ) ;
#1563 = CARTESIAN_POINT ( 'NONE',  ( -0.06445127074404508050, 0.04550467989643916522, 0.3583235050942603084 ) ) ;
#1564 = CARTESIAN_POINT ( 'NONE',  ( 0.07264246104051182151, -0.01840888417629921170, 0.3212880558144882159 ) ) ;
#1565 = CARTESIAN_POINT ( 'NONE',  ( -0.05093227475211725697, 0.04927469103374035320, 0.2869335356158240202 ) ) ;
#1566 = FACE_OUTER_BOUND ( 'NONE', #110, .T. ) ;
#1567 = CARTESIAN_POINT ( 'NONE',  ( 0.0001314771331737743239, -0.07086603247156093854, 0.2982342061381619280 ) ) ;
#1568 = DIRECTION ( 'NONE',  ( 0.000000000000000000, 0.000000000000000000, 1.000000000000000000 ) ) ;
#1569 = VERTEX_POINT ( 'NONE', #967 ) ;
#1570 = CARTESIAN_POINT ( 'NONE',  ( -0.09448818897637795144, -0.1771653543307086520, 0.03740157480314960925 ) ) ;
#1571 = EDGE_CURVE ( 'NONE', #1274, #2141, #2436, .T. ) ;
#1572 = CARTESIAN_POINT ( 'NONE',  ( -0.06686188832370078272, 0.04730582483007874511, 0.3575380558145275778 ) ) ;
#1573 = ORIENTED_EDGE ( 'NONE', *, *, #2136, .F. ) ;
#1574 = CARTESIAN_POINT ( 'NONE',  ( -0.004904368228923384684, 0.07071986294495305470, 0.2886056449574601612 ) ) ;
#1575 = CARTESIAN_POINT ( 'NONE',  ( -0.1358267716535433156, 0.1574803149606299191, -0.2440944881889763884 ) ) ;
#1576 = CARTESIAN_POINT ( 'NONE',  ( 0.03237758268940551382, -0.07770568255385827683, 0.3671633877550393721 ) ) ;
#1577 = CARTESIAN_POINT ( 'NONE',  ( -0.07115949690433071018, 0.02349242647763385983, 0.3088251331616929662 ) ) ;
#1578 = FACE_OUTER_BOUND ( 'NONE', #4036, .T. ) ;
#1579 = EDGE_CURVE ( 'NONE', #3869, #3097, #3415, .T. ) ;
#1580 = CARTESIAN_POINT ( 'NONE',  ( 0.01854906267113034385, -0.06902168574814826485, 0.3384218576717730742 ) ) ;
#1581 = DIRECTION ( 'NONE',  ( -1.000000000000000000, 0.000000000000000000, 0.000000000000000000 ) ) ;
#1582 = ORIENTED_EDGE ( 'NONE', *, *, #4737, .T. ) ;
#1583 = ORIENTED_EDGE ( 'NONE', *, *, #3071, .F. ) ;
#1584 = AXIS2_PLACEMENT_3D ( 'NONE', #751, #50, #2943 ) ;
#1585 = VECTOR ( 'NONE', #1518, 39.37007874015748143 ) ;
#1586 = CARTESIAN_POINT ( 'NONE',  ( 0.05762963210844657125, 0.05459901515214297257, 0.3527859162874079635 ) ) ;
#1587 = CARTESIAN_POINT ( 'NONE',  ( -0.002824392530928346214, -0.07488384885074803043, 0.2776561660506692841 ) ) ;
#1588 = DIRECTION ( 'NONE',  ( 0.000000000000000000, 0.000000000000000000, 1.000000000000000000 ) ) ;
#1589 = VECTOR ( 'NONE', #3823, 39.37007874015748143 ) ;
#1590 = DIRECTION ( 'NONE',  ( 0.000000000000000000, 0.000000000000000000, 1.000000000000000000 ) ) ;
#1591 = CARTESIAN_POINT ( 'NONE',  ( -0.1377952755905511861, -0.03149606299212598381, -0.2047244094488188948 ) ) ;
#1592 = DIRECTION ( 'NONE',  ( 0.000000000000000000, 0.000000000000000000, 1.000000000000000000 ) ) ;
#1593 = ORIENTED_EDGE ( 'NONE', *, *, #837, .F. ) ;
#1594 = VECTOR ( 'NONE', #1148, 39.37007874015748143 ) ;
#1595 = AXIS2_PLACEMENT_3D ( 'NONE', #4044, #4705, #2889 ) ;
#1596 = CARTESIAN_POINT ( 'NONE',  ( -0.04355055495885231526, 0.05666930379199695139, 0.2707752170086828447 ) ) ;
#1597 = CARTESIAN_POINT ( 'NONE',  ( 0.04098322331995066237, -0.05781525856206092689, 0.3355901507319921095 ) ) ;
#1598 = AXIS2_PLACEMENT_3D ( 'NONE', #2343, #1242, #83 ) ;
#1599 = CARTESIAN_POINT ( 'NONE',  ( -0.006255130612220473341, -0.08166533232409448062, 0.3641489482029921509 ) ) ;
#1600 = VERTEX_POINT ( 'NONE', #2754 ) ;
#1601 = CARTESIAN_POINT ( 'NONE',  ( 0.04133858267716535029, -0.1771653543307086520, 0.01771653543307086590 ) ) ;
#1602 = FACE_OUTER_BOUND ( 'NONE', #1030, .T. ) ;
#1603 = CARTESIAN_POINT ( 'NONE',  ( 0.07255964992015748183, 0.03602091755544094276, 0.3329289170638582984 ) ) ;
#1604 = CARTESIAN_POINT ( 'NONE',  ( 0.001059362923853149688, 0.07492960597492126507, 0.3048585977286220605 ) ) ;
#1605 = CARTESIAN_POINT ( 'NONE',  ( 0.03568951485695325693, 0.06192188151255587775, 0.3615480523226272669 ) ) ;
#1606 = CARTESIAN_POINT ( 'NONE',  ( 0.000000000000000000, -0.3661417322834645272, 0.03543307086614173179 ) ) ;
#1607 = EDGE_CURVE ( 'NONE', #2019, #2814, #1657, .T. ) ;
#1608 = AXIS2_PLACEMENT_3D ( 'NONE', #1080, #378, #348 ) ;
#1609 = FACE_OUTER_BOUND ( 'NONE', #849, .T. ) ;
#1610 = B_SPLINE_CURVE_WITH_KNOTS ( 'NONE', 3,
 ( #3140, #4285, #4641, #226, #273, #660, #4669, #3882, #299, #611, #1312, #3235, #2462, #2772, #2874, #2080, #3986, #1718, #3935, #1387, #1771, #1360, #3182, #2824, #636, #4691, #4599, #3526, #202, #2104, #1047, #1696, #1411, #944, #4233, #688, #2411, #2055, #4619, #1334, #2794, #2226, #1887, #7, #2926, #3356, #1120, #4430, #57, #1481, #2902, #1528, #1146, #3720, #733, #2971, #416, #1845, #1098, #4008, #3700, #4714, #3310, #4743, #2154, #4077, #1866, #757, #1077, #2998, #2534, #1170, #4455, #2631, #2200, #779, #2557, #4100, #3627, #4029, #394, #3331, #322, #4055, #1503, #1794, #2247, #3677, #2948, #375, #4405, #2581, #3651, #3260, #1436, #2608, #4361, #345 ),
 .UNSPECIFIED., .F., .F.,
 ( 4, 2, 2, 1, 2, 2, 2, 2, 2, 2, 2, 1, 1, 2, 2, 2, 1, 1, 1, 2, 2, 2, 2, 2, 2, 2, 2, 2, 2, 1, 1, 2, 2, 2, 1, 1, 2, 2, 2, 2, 2, 2, 2, 1, 2, 2, 2, 1, 1, 1, 2, 2, 2, 2, 2, 4 ),
 ( 0.000000000000000000, 0.03125000000000081879, 0.04687500000000122818, 0.05468750000000139472, 0.05859375000000149186, 0.06250000000000158207, 0.09375000000000216493, 0.1250000000000027478, 0.1562500000000033029, 0.1718750000000036360, 0.1796875000000038303, 0.1835937500000038858, 0.1855468750000039413, 0.1865234375000039968, 0.1875000000000040523, 0.2187500000000051070, 0.2343750000000056621, 0.2421875000000059952, 0.2460937500000061062, 0.2480468750000061617, 0.2500000000000062172, 0.3125000000000059952, 0.3437500000000059952, 0.3593750000000059952, 0.3671875000000059397, 0.3750000000000059397, 0.4375000000000059397, 0.4687500000000060507, 0.4843750000000061062, 0.4921875000000060507, 0.4960937500000060507, 0.4980468750000060507, 0.5000000000000059952, 0.5312500000000058842, 0.5468750000000058842, 0.5546875000000058842, 0.5585937500000058842, 0.5625000000000058842, 0.5937500000000057732, 0.6093750000000057732, 0.6250000000000056621, 0.6562500000000056621, 0.6718750000000056621, 0.6796875000000055511, 0.6835937500000055511, 0.6875000000000055511, 0.7187500000000057732, 0.7343750000000057732, 0.7421875000000057732, 0.7460937500000057732, 0.7480468750000057732, 0.7500000000000056621, 0.8125000000000042188, 0.8437500000000034417, 0.8750000000000026645, 1.000000000000000000 ),
 .UNSPECIFIED. ) ;
#1611 = VERTEX_POINT ( 'NONE', #4539 ) ;
#1612 = LINE ( 'NONE', #3234, #3614 ) ;
#1613 = VECTOR ( 'NONE', #2103, 39.37007874015748143 ) ;
#1614 = CARTESIAN_POINT ( 'NONE',  ( -0.1377952755905511861, 0.000000000000000000, -0.2440944881889763884 ) ) ;
#1615 = EDGE_CURVE ( 'NONE', #1538, #3509, #4217, .T. ) ;
#1616 = CARTESIAN_POINT ( 'NONE',  ( -0.1377952755905511861, -0.1968503937007874127, -0.1673228346456692994 ) ) ;
#1617 = DIRECTION ( 'NONE',  ( 1.000000000000000000, 0.000000000000000000, 0.000000000000000000 ) ) ;
#1618 = CARTESIAN_POINT ( 'NONE',  ( -0.06902099674334065404, -0.01855248209636649326, 0.2941543701124350041 ) ) ;
#1619 = DIRECTION ( 'NONE',  ( 0.000000000000000000, 0.000000000000000000, 1.000000000000000000 ) ) ;
#1620 = ORIENTED_EDGE ( 'NONE', *, *, #1682, .T. ) ;
#1621 = DIRECTION ( 'NONE',  ( 0.000000000000000000, -1.000000000000000000, 0.000000000000000000 ) ) ;
#1622 = CARTESIAN_POINT ( 'NONE',  ( 0.05827482812020913505, -0.04038098919161053901, 0.3366580929109445064 ) ) ;
#1623 = CARTESIAN_POINT ( 'NONE',  ( 0.03375395638329691667, -0.06232825197795068689, 0.2958346115691360412 ) ) ;
#1624 = CARTESIAN_POINT ( 'NONE',  ( 0.08183617480929135379, 0.003344126664345275189, 0.3694376621137401839 ) ) ;
#1625 = ORIENTED_EDGE ( 'NONE', *, *, #1108, .T. ) ;
#1626 = DIRECTION ( 'NONE',  ( 1.000000000000000000, 0.000000000000000000, 0.000000000000000000 ) ) ;
#1627 = CYLINDRICAL_SURFACE ( 'NONE', #2207, 0.07086614173228346358 ) ;
#1628 = CARTESIAN_POINT ( 'NONE',  ( -0.08074422741106299095, -0.004316441430185039355, 0.3383501756208661670 ) ) ;
#1629 = CARTESIAN_POINT ( 'NONE',  ( 0.04767555247496063631, -0.05781474183700788250, 0.3365908811932677436 ) ) ;
#1630 = DIRECTION ( 'NONE',  ( 0.000000000000000000, 0.000000000000000000, 1.000000000000000000 ) ) ;
#1631 = DIRECTION ( 'NONE',  ( 1.000000000000000000, 0.000000000000000000, 0.000000000000000000 ) ) ;
#1632 = EDGE_CURVE ( 'NONE', #1569, #1881, #4516, .T. ) ;
#1633 = DIRECTION ( 'NONE',  ( -0.000000000000000000, 1.000000000000000000, 0.000000000000000000 ) ) ;
#1634 = VERTEX_POINT ( 'NONE', #3119 ) ;
#1635 = CARTESIAN_POINT ( 'NONE',  ( -0.06956082447657108148, 0.01358805743604414758, 0.3281295628719956836 ) ) ;
#1636 = CARTESIAN_POINT ( 'NONE',  ( -0.1370078740157480435, -0.1161417322834645688, 0.1023622047244094474 ) ) ;
#1637 = CARTESIAN_POINT ( 'NONE',  ( 0.04998831384485264567, -0.05186419484714675787, 0.3006378441549713010 ) ) ;
#1638 = ORIENTED_EDGE ( 'NONE', *, *, #2832, .F. ) ;
#1639 = ORIENTED_EDGE ( 'NONE', *, *, #2661, .F. ) ;
#1640 = ADVANCED_FACE ( 'NONE', ( #4559 ), #3080, .F. ) ;
#1641 = CARTESIAN_POINT ( 'NONE',  ( 0.03937007874015747977, -0.3740157480314960647, 0.03543307086614173179 ) ) ;
#1642 = CARTESIAN_POINT ( 'NONE',  ( 0.01797829055551236968, -0.06854607023400678678, 0.3344463480359894381 ) ) ;
#1643 = CARTESIAN_POINT ( 'NONE',  ( 0.02362039208128933684, -0.06697209715503141259, 0.2953291292326036266 ) ) ;
#1644 = CARTESIAN_POINT ( 'NONE',  ( 0.06675937710099665023, -0.02380652316749849381, 0.2981395089877508231 ) ) ;
#1645 = ORIENTED_EDGE ( 'NONE', *, *, #4421, .T. ) ;
#1646 = CARTESIAN_POINT ( 'NONE',  ( -0.07086614173228346358, -2.134256245050204869E-18, 0.2736530378450535705 ) ) ;
#1647 = CARTESIAN_POINT ( 'NONE',  ( -0.1377952755905511861, -0.1968503937007874127, 0.1870078740157480324 ) ) ;
#1648 = CARTESIAN_POINT ( 'NONE',  ( 0.07597944959452755664, 0.01886781863038976617, 0.2779220260145669474 ) ) ;
#1649 = CARTESIAN_POINT ( 'NONE',  ( 0.02531161984817322658, 0.06762744757066928292, 0.3431509205634252213 ) ) ;
#1650 = DIRECTION ( 'NONE',  ( 0.000000000000000000, 1.000000000000000000, 0.000000000000000000 ) ) ;
#1651 = CARTESIAN_POINT ( 'NONE',  ( 0.05324346495357357850, -0.04679817289324651047, 0.3205927016493516635 ) ) ;
#1652 = DIRECTION ( 'NONE',  ( -1.000000000000000000, 0.000000000000000000, 0.000000000000000000 ) ) ;
#1653 = CARTESIAN_POINT ( 'NONE',  ( 0.008645059214992631413, -0.07039331035433847583, 0.2986114658692582413 ) ) ;
#1654 = ORIENTED_EDGE ( 'NONE', *, *, #1287, .T. ) ;
#1655 = AXIS2_PLACEMENT_3D ( 'NONE', #2780, #3556, #4241 ) ;
#1656 = ORIENTED_EDGE ( 'NONE', *, *, #4095, .T. ) ;
#1657 = CIRCLE ( 'NONE', #2039, 0.04330708661417323468 ) ;
#1658 = CARTESIAN_POINT ( 'NONE',  ( -0.04963658142283464830, -0.06900034466610235895, 0.3049176528467322789 ) ) ;
#1659 = CARTESIAN_POINT ( 'NONE',  ( 0.06595454874027135983, -0.02592788133942254200, 0.3373960289015965897 ) ) ;
#1660 = CARTESIAN_POINT ( 'NONE',  ( -0.05540752529498176038, -0.04418170202188321377, 0.2914511763361861130 ) ) ;
#1661 = CARTESIAN_POINT ( 'NONE',  ( -0.05875220017479922813, -0.04544128654396535627, 0.3774117896800081029 ) ) ;
#1662 = ORIENTED_EDGE ( 'NONE', *, *, #2765, .F. ) ;
#1663 = AXIS2_PLACEMENT_3D ( 'NONE', #3915, #277, #613 ) ;
#1664 = CARTESIAN_POINT ( 'NONE',  ( 0.03631695548370585808, 0.06102985227775740984, 0.3064007421791106189 ) ) ;
#1665 = CARTESIAN_POINT ( 'NONE',  ( 0.01833761440315747823, -0.07533819719177164975, 0.3407147850090157526 ) ) ;
#1666 = VECTOR ( 'NONE', #231, 39.37007874015748143 ) ;
#1667 = AXIS2_PLACEMENT_3D ( 'NONE', #2625, #1549, #4093 ) ;
#1668 = CARTESIAN_POINT ( 'NONE',  ( 0.08143528221346456319, 0.02435431355462598299, 0.2914799849482677674 ) ) ;
#1669 = CARTESIAN_POINT ( 'NONE',  ( 0.07220747952468503650, -0.0004536989456625984589, 0.3590170622956693203 ) ) ;
#1670 = VERTEX_POINT ( 'NONE', #206 ) ;
#1671 = CARTESIAN_POINT ( 'NONE',  ( -0.09448818897637795144, -0.1771653543307086520, -0.1673228346456692994 ) ) ;
#1672 = DIRECTION ( 'NONE',  ( 0.000000000000000000, -1.000000000000000000, 0.000000000000000000 ) ) ;
#1673 = CARTESIAN_POINT ( 'NONE',  ( -0.02665036697401975199, -0.06566432426308659032, 0.3167287816030581737 ) ) ;
#1674 = CARTESIAN_POINT ( 'NONE',  ( -0.09448818897637795144, -0.1771653543307086520, -0.1870078740157480324 ) ) ;
#1675 = SURFACE_STYLE_USAGE ( .BOTH. , #4517 ) ;
#1676 = PLANE ( 'NONE',  #3500 ) ;
#1677 = ORIENTED_EDGE ( 'NONE', *, *, #11, .F. ) ;
#1678 = ORIENTED_EDGE ( 'NONE', *, *, #4657, .F. ) ;
#1679 = VECTOR ( 'NONE', #158, 39.37007874015748143 ) ;
#1680 = DIRECTION ( 'NONE',  ( 1.000000000000000000, 0.000000000000000000, 0.000000000000000000 ) ) ;
#1681 = CARTESIAN_POINT ( 'NONE',  ( 0.06959752939956849460, -0.01334927494898227769, 0.3379852250606304453 ) ) ;
#1682 = EDGE_CURVE ( 'NONE', #2281, #1802, #1250, .T. ) ;
#1683 = CARTESIAN_POINT ( 'NONE',  ( -0.07043005813744479537, -0.008038151181860936356, 0.2897067514287188783 ) ) ;
#1684 = LINE ( 'NONE', #2070, #4064 ) ;
#1685 = ORIENTED_EDGE ( 'NONE', *, *, #949, .F. ) ;
#1686 = ADVANCED_FACE ( 'NONE', ( #4159 ), #3482, .T. ) ;
#1687 = B_SPLINE_CURVE_WITH_KNOTS ( 'NONE', 3,
 ( #4028, #6, #1480, #2947, #4007, #415, #4075, #3330, #3985, #711, #3259, #4404, #2175, #1410, #2873, #2153, #3626, #3650 ),
 .UNSPECIFIED., .F., .F.,
 ( 4, 2, 2, 2, 2, 2, 2, 2, 4 ),
 ( 0.000000000000000000, 0.1250000000000000000, 0.2500000000000000000, 0.3750000000000000000, 0.5000000000000000000, 0.6250000000000000000, 0.7500000000000000000, 0.8750000000000000000, 1.000000000000000000 ),
 .UNSPECIFIED. ) ;
#1688 =( CONVERSION_BASED_UNIT ( 'INCH', #240 ) LENGTH_UNIT ( ) NAMED_UNIT ( #1804 ) );
#1689 = CARTESIAN_POINT ( 'NONE',  ( 0.04633011648384902786, 0.05363490216453450227, 0.3058528530032518233 ) ) ;
#1690 = CARTESIAN_POINT ( 'NONE',  ( 0.06764079402437007948, 0.03054098956367716847, 0.3430793943972047511 ) ) ;
#1691 = CARTESIAN_POINT ( 'NONE',  ( -0.04267478054303149720, -0.06563806933279527078, 0.3294869866444095075 ) ) ;
#1692 = CARTESIAN_POINT ( 'NONE',  ( 0.04763905863944881830, -0.05426459282011811269, 0.3563727053402755973 ) ) ;
#1693 = VERTEX_POINT ( 'NONE', #163 ) ;
#1694 = FACE_OUTER_BOUND ( 'NONE', #2469, .T. ) ;
#1695 = EDGE_CURVE ( 'NONE', #3582, #4282, #1316, .T. ) ;
#1696 = CARTESIAN_POINT ( 'NONE',  ( -0.05327243468816203475, -0.04673516671743506434, 0.3743247409723741148 ) ) ;
#1697 = DIRECTION ( 'NONE',  ( 0.000000000000000000, 0.000000000000000000, 1.000000000000000000 ) ) ;
#1698 = CARTESIAN_POINT ( 'NONE',  ( -0.1358267716535433156, -0.1948818897637795422, -0.2047244094488188948 ) ) ;
#1699 = CARTESIAN_POINT ( 'NONE',  ( 0.02524393250990993390, -0.06625802863767590867, 0.3190880994258622483 ) ) ;
#1700 = CARTESIAN_POINT ( 'NONE',  ( -0.04308483111178609132, 0.05626631611930109356, 0.3258663425416883919 ) ) ;
#1701 = CARTESIAN_POINT ( 'NONE',  ( 0.05118110236220472370, 0.000000000000000000, 0.3858267716535432879 ) ) ;
#1702 = LINE ( 'NONE', #3894, #1045 ) ;
#1703 = VERTEX_POINT ( 'NONE', #2393 ) ;
#1704 = ORIENTED_EDGE ( 'NONE', *, *, #1276, .F. ) ;
#1705 = DIRECTION ( 'NONE',  ( -1.000000000000000000, 0.000000000000000000, 0.000000000000000000 ) ) ;
#1706 = CARTESIAN_POINT ( 'NONE',  ( -0.04537339272421398589, -0.05445518763081526326, 0.3314687679925178987 ) ) ;
#1707 = CARTESIAN_POINT ( 'NONE',  ( -0.07014637823400179939, -0.01010152786272785520, 0.2898024364903595829 ) ) ;
#1708 = CARTESIAN_POINT ( 'NONE',  ( 0.03773891306146299335, -0.06152592354359703863, 0.3798635096588932614 ) ) ;
#1709 = ORIENTED_EDGE ( 'NONE', *, *, #280, .F. ) ;
#1710 = APPLICATION_PROTOCOL_DEFINITION ( 'draft international standard', 'automotive_design', 1998, #1918 ) ;
#1711 = EDGE_CURVE ( 'NONE', #857, #3126, #4177, .T. ) ;
#1712 = CARTESIAN_POINT ( 'NONE',  ( 0.004613964232058002934, 0.07075398754271103319, 0.3078599687937811913 ) ) ;
#1713 = CARTESIAN_POINT ( 'NONE',  ( -0.07259429725637794872, -0.01543039422119291300, 0.3522493419037795448 ) ) ;
#1714 = CARTESIAN_POINT ( 'NONE',  ( 0.07992378975385827644, -0.01467566846239370081, 0.2703251293053543503 ) ) ;
#1715 = CARTESIAN_POINT ( 'NONE',  ( 0.06901464196362204484, 0.03046786533080708681, 0.3572018816575983635 ) ) ;
#1716 = EDGE_LOOP ( 'NONE', ( #4712, #743, #1299, #4061 ) ) ;
#1717 = DIRECTION ( 'NONE',  ( 1.000000000000000000, 0.000000000000000000, 0.000000000000000000 ) ) ;
#1718 = CARTESIAN_POINT ( 'NONE',  ( -0.06370542593780710583, -0.03108333418185830338, 0.3734772063911418472 ) ) ;
#1719 = DIRECTION ( 'NONE',  ( 0.000000000000000000, 0.000000000000000000, 1.000000000000000000 ) ) ;
#1720 = DIRECTION ( 'NONE',  ( -1.000000000000000000, 0.000000000000000000, 0.000000000000000000 ) ) ;
#1721 = EDGE_CURVE ( 'NONE', #2460, #2493, #2730, .T. ) ;
#1722 = CARTESIAN_POINT ( 'NONE',  ( 0.03080955808594136244, -0.06383676876766641861, 0.3193407730597571659 ) ) ;
#1723 = CARTESIAN_POINT ( 'NONE',  ( -0.06404884260296150877, 0.03051595088568747477, 0.3273262685364763946 ) ) ;
#1724 = CARTESIAN_POINT ( 'NONE',  ( -0.1377952755905511861, -0.1968503937007874127, 0.01771653543307086590 ) ) ;
#1725 = LINE ( 'NONE', #2857, #3740 ) ;
#1726 = ORIENTED_EDGE ( 'NONE', *, *, #4095, .F. ) ;
#1727 = VERTEX_POINT ( 'NONE', #3865 ) ;
#1728 = CARTESIAN_POINT ( 'NONE',  ( -0.002046311925987082895, -0.07887047696103710592, 0.3650848928157233719 ) ) ;
#1729 = CARTESIAN_POINT ( 'NONE',  ( -0.03937007874015747977, -0.3740157480314960647, -0.1850393700787401619 ) ) ;
#1730 = CARTESIAN_POINT ( 'NONE',  ( -0.02680351715003827587, -0.06560169871130812347, 0.3324236890044098836 ) ) ;
#1731 = CARTESIAN_POINT ( 'NONE',  ( 0.03937007874015747977, -0.1968503937007874127, 0.03543307086614173179 ) ) ;
#1732 = CARTESIAN_POINT ( 'NONE',  ( 0.04470316746134274377, -0.05498971935217332463, 0.2964226497110349912 ) ) ;
#1733 = VERTEX_POINT ( 'NONE', #2711 ) ;
#1734 = CONICAL_SURFACE ( 'NONE', #885, 0.05905511810436386150, 0.7853981633974476129 ) ;
#1735 = VECTOR ( 'NONE', #3189, 39.37007874015748143 ) ;
#1736 = CARTESIAN_POINT ( 'NONE',  ( -0.03209839939121926500, 0.06318047154560524348, 0.3095681828406128822 ) ) ;
#1737 = CARTESIAN_POINT ( 'NONE',  ( 0.01020089255262992059, 0.07686498807984251669, 0.3297108480011811671 ) ) ;
#1738 = CARTESIAN_POINT ( 'NONE',  ( 0.05194321278708660672, -0.06299000811862204285, 0.3303161629617323292 ) ) ;
#1739 = AXIS2_PLACEMENT_3D ( 'NONE', #3333, #2584, #735 ) ;
#1740 = DIRECTION ( 'NONE',  ( 1.000000000000000000, 0.000000000000000000, 0.000000000000000000 ) ) ;
#1741 = EDGE_LOOP ( 'NONE', ( #2696, #122 ) ) ;
#1742 = CYLINDRICAL_SURFACE ( 'NONE', #1153, 0.03937007874015747977 ) ;
#1743 = AXIS2_PLACEMENT_3D ( 'NONE', #1746, #4621, #690 ) ;
#1744 = CARTESIAN_POINT ( 'NONE',  ( 0.03937007874015747977, -0.3740157480314960647, 0.1889763779527559029 ) ) ;
#1745 = LINE ( 'NONE', #2056, #123 ) ;
#1746 = CARTESIAN_POINT ( 'NONE',  ( 0.000000000000000000, -0.3661417322834645272, -0.1850393700787401619 ) ) ;
#1747 = EDGE_CURVE ( 'NONE', #698, #1304, #3462, .T. ) ;
#1748 = CARTESIAN_POINT ( 'NONE',  ( -0.04543951226412377975, -0.05439445712334176064, 0.3157488738491271429 ) ) ;
#1749 = EDGE_CURVE ( 'NONE', #3243, #4308, #4200, .T. ) ;
#1750 = B_SPLINE_CURVE_WITH_KNOTS ( 'NONE', 3,
 ( #3676, #1097, #4382, #373, #732, #2901, #778, #1145, #1865, #4331, #4360, #321, #3309, #2532, #1886, #2606, #3355, #2245 ),
 .UNSPECIFIED., .F., .F.,
 ( 4, 2, 2, 2, 2, 2, 2, 2, 4 ),
 ( 0.000000000000000000, 0.1250000000000000278, 0.2500000000000000555, 0.3750000000000001110, 0.5000000000000001110, 0.6250000000000001110, 0.7500000000000002220, 0.8750000000000001110, 1.000000000000000000 ),
 .UNSPECIFIED. ) ;
#1751 = EDGE_CURVE ( 'NONE', #836, #1611, #3781, .T. ) ;
#1752 = CARTESIAN_POINT ( 'NONE',  ( -0.02548152608096793462, 0.06613383606177848650, 0.3249392413443458194 ) ) ;
#1753 = VECTOR ( 'NONE', #542, 39.37007874015748143 ) ;
#1754 = DIRECTION ( 'NONE',  ( 0.000000000000000000, 0.000000000000000000, -1.000000000000000000 ) ) ;
#1755 = ORIENTED_EDGE ( 'NONE', *, *, #3787, .T. ) ;
#1756 = ORIENTED_EDGE ( 'NONE', *, *, #1194, .T. ) ;
#1757 = CARTESIAN_POINT ( 'NONE',  ( -0.07564615227419678456, 0.02243991998722980399, 0.3593328897939939703 ) ) ;
#1758 = EDGE_CURVE ( 'NONE', #1831, #4359, #4290, .T. ) ;
#1759 = CARTESIAN_POINT ( 'NONE',  ( 0.07064983840405511528, -0.02900442420331889731, 0.2680647425500000125 ) ) ;
#1760 = CARTESIAN_POINT ( 'NONE',  ( -0.06890461719449288147, -0.01658771782485454760, 0.3294673480098091467 ) ) ;
#1761 = PLANE ( 'NONE',  #528 ) ;
#1762 = VERTEX_POINT ( 'NONE', #3774 ) ;
#1763 = CARTESIAN_POINT ( 'NONE',  ( 0.01960949780018823169, 0.06810887826774171538, 0.3072284660599003403 ) ) ;
#1764 = CIRCLE ( 'NONE', #3904, 0.05118110236220472370 ) ;
#1765 = CARTESIAN_POINT ( 'NONE',  ( 0.07550514215212598967, 0.01147300302759055209, 0.3878678921562992432 ) ) ;
#1766 = CARTESIAN_POINT ( 'NONE',  ( -0.07875134649968504319, -0.02154392256598031130, 0.2847010054814173574 ) ) ;
#1767 = CARTESIAN_POINT ( 'NONE',  ( 0.03029251614510236612, 0.07092561207826772463, 0.3761008305033464727 ) ) ;
#1768 = ORIENTED_EDGE ( 'NONE', *, *, #4474, .F. ) ;
#1769 = B_SPLINE_CURVE_WITH_KNOTS ( 'NONE', 3,
 ( #478, #4710, #3416, #3981 ),
 .UNSPECIFIED., .F., .F.,
 ( 4, 4 ),
 ( 0.000000000000000000, 1.000000000000000000 ),
 .UNSPECIFIED. ) ;
#1770 = DIRECTION ( 'NONE',  ( 1.000000000000000000, 0.000000000000000000, 0.000000000000000000 ) ) ;
#1771 = CARTESIAN_POINT ( 'NONE',  ( -0.06163375215096806442, -0.03497887302326049136, 0.3736786655310423977 ) ) ;
#1772 = DIRECTION ( 'NONE',  ( 0.000000000000000000, 0.000000000000000000, 1.000000000000000000 ) ) ;
#1773 = LINE ( 'NONE', #4600, #1212 ) ;
#1774 = CARTESIAN_POINT ( 'NONE',  ( -0.04985973020761703262, -0.05035894954942126550, 0.3154930046974946389 ) ) ;
#1775 = EDGE_CURVE ( 'NONE', #1522, #3169, #4483, .T. ) ;
#1776 = CARTESIAN_POINT ( 'NONE',  ( -0.03917936768419439525, 0.05906069591788235679, 0.3256487381568268225 ) ) ;
#1777 = CARTESIAN_POINT ( 'NONE',  ( -0.08464566929133858497, -0.1968503937007874127, -0.1673228346456692994 ) ) ;
#1778 = DIRECTION ( 'NONE',  ( 1.000000000000000000, 0.000000000000000000, 0.000000000000000000 ) ) ;
#1779 = ORIENTED_EDGE ( 'NONE', *, *, #1695, .F. ) ;
#1780 = ORIENTED_EDGE ( 'NONE', *, *, #2252, .F. ) ;
#1781 = CARTESIAN_POINT ( 'NONE',  ( 0.07847116763305124476, 0.008258192609685422944, 0.3704114939457280875 ) ) ;
#1782 = CARTESIAN_POINT ( 'NONE',  ( -0.07310571183318897992, 0.02801870692046457001, 0.2748437220168504225 ) ) ;
#1783 = CARTESIAN_POINT ( 'NONE',  ( -0.06771874206888488235, -0.02092106978110765472, 0.3296737975912901741 ) ) ;
#1784 = FACE_BOUND ( 'NONE', #705, .T. ) ;
#1785 = DIRECTION ( 'NONE',  ( 0.000000000000000000, 0.000000000000000000, 1.000000000000000000 ) ) ;
#1786 = ADVANCED_FACE ( 'NONE', ( #4132 ), #877, .F. ) ;
#1787 = ORIENTED_EDGE ( 'NONE', *, *, #1812, .T. ) ;
#1788 = CARTESIAN_POINT ( 'NONE',  ( 0.000000000000000000, 0.000000000000000000, 0.2440944881889763884 ) ) ;
#1789 = DIRECTION ( 'NONE',  ( 0.000000000000000000, 0.000000000000000000, 1.000000000000000000 ) ) ;
#1790 = DIRECTION ( 'NONE',  ( 1.000000000000000000, 0.000000000000000000, 0.000000000000000000 ) ) ;
#1791 = CARTESIAN_POINT ( 'NONE',  ( -0.07348347295102362897, -0.01707310239596456641, 0.3664571310014567151 ) ) ;
#1792 = VERTEX_POINT ( 'NONE', #1246 ) ;
#1793 = CARTESIAN_POINT ( 'NONE',  ( -0.09448818897637795144, -0.1948818897637795422, 0.01771653543307086590 ) ) ;
#1794 = CARTESIAN_POINT ( 'NONE',  ( 0.04090537958169406657, -0.05786946482316456669, 0.3789002301268912243 ) ) ;
#1795 = DIRECTION ( 'NONE',  ( -1.000000000000000000, 0.000000000000000000, 0.000000000000000000 ) ) ;
#1796 = CARTESIAN_POINT ( 'NONE',  ( -0.08464566929133858497, -0.1968503937007874127, -0.1870078740157480324 ) ) ;
#1797 = CARTESIAN_POINT ( 'NONE',  ( -0.06195420031591217930, -0.03445910505752118602, 0.3145918039709132419 ) ) ;
#1798 = CARTESIAN_POINT ( 'NONE',  ( -0.05005329930571640606, 0.05020358998970228526, 0.3262620040311977609 ) ) ;
#1799 = FACE_OUTER_BOUND ( 'NONE', #1226, .T. ) ;
#1800 = CARTESIAN_POINT ( 'NONE',  ( -0.002565446671428772696, 0.07082495903810956395, 0.3042459289429199076 ) ) ;
#1801 = ORIENTED_EDGE ( 'NONE', *, *, #4535, .T. ) ;
#1802 = VERTEX_POINT ( 'NONE', #3795 ) ;
#1803 = CARTESIAN_POINT ( 'NONE',  ( 0.009272358553302190165, -0.07084025752802391995, 0.3576980996036024929 ) ) ;
#1804 = DIMENSIONAL_EXPONENTS ( 1.000000000000000000, 0.000000000000000000, 0.000000000000000000, 0.000000000000000000, 0.000000000000000000, 0.000000000000000000, 0.000000000000000000 ) ;
#1805 = CARTESIAN_POINT ( 'NONE',  ( 0.07386858452625984228, 0.02594080051473228454, 0.3065760054813386204 ) ) ;
#1806 = CARTESIAN_POINT ( 'NONE',  ( -0.06545083000852899846, -0.02716982385211140841, 0.3299717935073158692 ) ) ;
#1807 = CARTESIAN_POINT ( 'NONE',  ( 0.03813456473364494614, 0.05973306379901515556, 0.2826562961757855263 ) ) ;
#1808 = ORIENTED_EDGE ( 'NONE', *, *, #68, .T. ) ;
#1809 = EDGE_CURVE ( 'NONE', #4725, #1634, #3409, .T. ) ;
#1810 = ORIENTED_EDGE ( 'NONE', *, *, #2098, .T. ) ;
#1811 = CARTESIAN_POINT ( 'NONE',  ( -0.09448818897637795144, -0.1771653543307086520, -0.1870078740157480324 ) ) ;
#1812 = EDGE_CURVE ( 'NONE', #2222, #1995, #822, .T. ) ;
#1813 = CARTESIAN_POINT ( 'NONE',  ( -0.05232083948967110321, -0.06594151456692479152, 0.2843159448818158297 ) ) ;
#1814 = LINE ( 'NONE', #522, #3752 ) ;
#1815 = CARTESIAN_POINT ( 'NONE',  ( -0.03824975945679134209, 0.07242452622464568002, 0.3363832001714567310 ) ) ;
#1816 = ORIENTED_EDGE ( 'NONE', *, *, #2064, .T. ) ;
#1817 = VECTOR ( 'NONE', #3442, 39.37007874015748143 ) ;
#1818 = AXIS2_PLACEMENT_3D ( 'NONE', #1318, #2468, #3167 ) ;
#1819 = DIRECTION ( 'NONE',  ( 1.000000000000000000, 0.000000000000000000, 0.000000000000000000 ) ) ;
#1820 = DIRECTION ( 'NONE',  ( 0.000000000000000000, 0.000000000000000000, 1.000000000000000000 ) ) ;
#1821 = CARTESIAN_POINT ( 'NONE',  ( -0.04926325948368666385, -0.05140307278226347726, 0.3115647289582277879 ) ) ;
#1822 = AXIS2_PLACEMENT_3D ( 'NONE', #2131, #3161, #3913 ) ;
#1823 = CARTESIAN_POINT ( 'NONE',  ( 0.07086613828711398055, 1.520203197747039567E-10, 0.3582677130902645612 ) ) ;
#1824 = CARTESIAN_POINT ( 'NONE',  ( -0.05839252189749777333, -0.04029349477896300435, 0.3149005812960204431 ) ) ;
#1825 = AXIS2_PLACEMENT_3D ( 'NONE', #1496, #4732, #3691 ) ;
#1826 = CARTESIAN_POINT ( 'NONE',  ( 0.06867084031789461029, 0.01778587524811774817, 0.3196835614699966577 ) ) ;
#1827 = AXIS2_PLACEMENT_3D ( 'NONE', #2148, #3715, #2600 ) ;
#1828 = DIRECTION ( 'NONE',  ( 0.000000000000000000, 1.000000000000000000, 0.000000000000000000 ) ) ;
#1829 = PLANE ( 'NONE',  #3062 ) ;
#1830 = VERTEX_POINT ( 'NONE', #159 ) ;
#1831 = VERTEX_POINT ( 'NONE', #3074 ) ;
#1832 = CARTESIAN_POINT ( 'NONE',  ( -0.07086120964652618814, 2.293296030158259821E-07, 0.3523671346371220481 ) ) ;
#1833 = CARTESIAN_POINT ( 'NONE',  ( 0.06774753899637794841, -0.02781292079600787559, 0.2649273834342519840 ) ) ;
#1834 = CARTESIAN_POINT ( 'NONE',  ( -0.06518025759299070354, 0.02782269486976063008, 0.2881045157858557748 ) ) ;
#1835 = CARTESIAN_POINT ( 'NONE',  ( 0.05620544494991114304, 0.04324160549305647999, 0.2815658322420660498 ) ) ;
#1836 = CARTESIAN_POINT ( 'NONE',  ( -0.03937007874015747977, -0.1968503937007874127, 0.03543307086614173179 ) ) ;
#1837 = ORIENTED_EDGE ( 'NONE', *, *, #1052, .T. ) ;
#1838 = DIRECTION ( 'NONE',  ( 1.000000000000000000, 0.000000000000000000, 0.000000000000000000 ) ) ;
#1839 = CARTESIAN_POINT ( 'NONE',  ( 0.05075274927544996123, 0.06715587537940045926, 0.2942322834644529039 ) ) ;
#1840 = EDGE_CURVE ( 'NONE', #2647, #330, #2707, .T. ) ;
#1841 = EDGE_CURVE ( 'NONE', #2734, #810, #2235, .T. ) ;
#1842 = CARTESIAN_POINT ( 'NONE',  ( 0.05264228441559055255, 0.05846517987992126686, 0.3553867010195275733 ) ) ;
#1843 = VERTEX_POINT ( 'NONE', #924 ) ;
#1844 = LINE ( 'NONE', #686, #43 ) ;
#1845 = CARTESIAN_POINT ( 'NONE',  ( -0.005575245356220272404, -0.07067124194395933701, 0.3767233412096148149 ) ) ;
#1846 = DIRECTION ( 'NONE',  ( 0.000000000000000000, -1.000000000000000000, 0.000000000000000000 ) ) ;
#1847 = DIRECTION ( 'NONE',  ( 0.000000000000000000, 0.000000000000000000, 1.000000000000000000 ) ) ;
#1848 = CARTESIAN_POINT ( 'NONE',  ( -0.1358267716535433156, 0.08031496062992127261, -0.1062992125984252023 ) ) ;
#1849 = ADVANCED_FACE ( 'NONE', ( #1991 ), #3117, .F. ) ;
#1850 = CARTESIAN_POINT ( 'NONE',  ( 0.06797710962198756646, 0.02010633501680020307, 0.3197945909782117790 ) ) ;
#1851 = CARTESIAN_POINT ( 'NONE',  ( -0.06692913385803425652, -4.917872972976016554E-18, 0.3858267716540669245 ) ) ;
#1852 = VERTEX_POINT ( 'NONE', #4555 ) ;
#1853 = EDGE_LOOP ( 'NONE', ( #845, #4231, #2981, #821 ) ) ;
#1854 = CARTESIAN_POINT ( 'NONE',  ( -0.07856656191453738336, 0.007216842336929255551, 0.3402694382321452271 ) ) ;
#1855 = CARTESIAN_POINT ( 'NONE',  ( 0.004614573815681102809, -0.08151462709834646214, 0.3235962386129134227 ) ) ;
#1856 = CARTESIAN_POINT ( 'NONE',  ( -0.05981352358383011658, 0.03801011616153036204, 0.2875718818212991690 ) ) ;
#1857 = CARTESIAN_POINT ( 'NONE',  ( 0.03864942742050885005, 0.05939923365375105596, 0.2826304401871485572 ) ) ;
#1858 = CARTESIAN_POINT ( 'NONE',  ( -0.03937007874015747977, -0.3740157480314960647, 0.03543307086614173179 ) ) ;
#1859 = ORIENTED_EDGE ( 'NONE', *, *, #3696, .F. ) ;
#1860 = FACE_BOUND ( 'NONE', #2257, .T. ) ;
#1861 = CARTESIAN_POINT ( 'NONE',  ( 0.06731661859279527982, -0.03124337027534252256, 0.3797591844234645686 ) ) ;
#1862 = CARTESIAN_POINT ( 'NONE',  ( -0.005228402402185038794, 0.08173742410232284761, 0.3350610216937795482 ) ) ;
#1863 = ORIENTED_EDGE ( 'NONE', *, *, #3287, .T. ) ;
#1864 = ADVANCED_FACE ( 'NONE', ( #1268 ), #2011, .T. ) ;
#1865 = CARTESIAN_POINT ( 'NONE',  ( 0.009272080566323970610, 0.07084055487472909474, 0.3667206618477732993 ) ) ;
#1866 = CARTESIAN_POINT ( 'NONE',  ( 0.01082201929975945033, -0.07006784800922233325, 0.3774661124229841680 ) ) ;
#1867 = CARTESIAN_POINT ( 'NONE',  ( -0.04355051712358733867, -0.05666933241600573962, 0.3709794991606631953 ) ) ;
#1868 = DIRECTION ( 'NONE',  ( 0.000000000000000000, 0.000000000000000000, 1.000000000000000000 ) ) ;
#1869 = DIMENSIONAL_EXPONENTS ( 1.000000000000000000, 0.000000000000000000, 0.000000000000000000, 0.000000000000000000, 0.000000000000000000, 0.000000000000000000, 0.000000000000000000 ) ;
#1870 = CARTESIAN_POINT ( 'NONE',  ( -0.06396151314654401066, -0.03054200126762681572, 0.3143928452394612605 ) ) ;
#1871 = EDGE_CURVE ( 'NONE', #453, #1561, #3025, .T. ) ;
#1872 = CARTESIAN_POINT ( 'NONE',  ( 0.05524427917385644343, 0.04438591198058141479, 0.3209856808528798733 ) ) ;
#1873 = CARTESIAN_POINT ( 'NONE',  ( -0.1377952755905511861, -0.2165354330708661457, 0.2047244094488188948 ) ) ;
#1874 = VERTEX_POINT ( 'NONE', #2305 ) ;
#1875 = VERTEX_POINT ( 'NONE', #2029 ) ;
#1876 = CARTESIAN_POINT ( 'NONE',  ( -0.03669746172511336585, -0.06984760082513113977, 0.3439645921902373393 ) ) ;
#1877 = CARTESIAN_POINT ( 'NONE',  ( 0.004235439902224409463, -0.07481737599952756335, 0.3173215203813780083 ) ) ;
#1878 = CARTESIAN_POINT ( 'NONE',  ( -0.1377952755905511861, 0.1574803149606299191, -0.2047244094488188948 ) ) ;
#1879 = CARTESIAN_POINT ( 'NONE',  ( 0.02244505875312284224, 0.06722709178695057686, 0.2834092746829282583 ) ) ;
#1880 = DIRECTION ( 'NONE',  ( 1.000000000000000000, 2.664535259100375303E-15, 0.000000000000000000 ) ) ;
#1881 = VERTEX_POINT ( 'NONE', #4153 ) ;
#1882 = FACE_OUTER_BOUND ( 'NONE', #167, .T. ) ;
#1883 = CARTESIAN_POINT ( 'NONE',  ( -0.07993353674527589603, 0.02638906705018671806, 0.3001820866140205157 ) ) ;
#1884 = CARTESIAN_POINT ( 'NONE',  ( 0.1377952755905511861, -0.2165354330708661457, 0.2440944881889763884 ) ) ;
#1885 = ORIENTED_EDGE ( 'NONE', *, *, #4189, .T. ) ;
#1886 = CARTESIAN_POINT ( 'NONE',  ( -0.06190403363790450419, 0.03567677303205674111, 0.3704155036938222012 ) ) ;
#1887 = CARTESIAN_POINT ( 'NONE',  ( -0.03337422242590696447, -0.06251674300945787854, 0.3754439404911331657 ) ) ;
#1888 = DIRECTION ( 'NONE',  ( 0.000000000000000000, 1.000000000000000000, 0.000000000000000000 ) ) ;
#1889 = LINE ( 'NONE', #2559, #4264 ) ;
#1890 = CARTESIAN_POINT ( 'NONE',  ( -0.05613668293431823414, -0.04325202448370678993, 0.2913983695013456221 ) ) ;
#1891 = VECTOR ( 'NONE', #4584, 39.37007874015748143 ) ;
#1892 = CARTESIAN_POINT ( 'NONE',  ( 0.000000000000000000, -0.3661417322834645272, -0.1692913385826771699 ) ) ;
#1893 = VECTOR ( 'NONE', #999, 39.37007874015748143 ) ;
#1894 = CARTESIAN_POINT ( 'NONE',  ( 0.05289392211736643201, 0.04722678072231312196, 0.3211522648434362304 ) ) ;
#1895 = EDGE_CURVE ( 'NONE', #4045, #3243, #3501, .T. ) ;
#1896 = CARTESIAN_POINT ( 'NONE',  ( -0.01138204589420665526, 0.06998742952536674000, 0.3046335491206514923 ) ) ;
#1897 = ORIENTED_EDGE ( 'NONE', *, *, #429, .F. ) ;
#1898 = ADVANCED_FACE ( 'NONE', ( #3163 ), #2106, .T. ) ;
#1899 = EDGE_LOOP ( 'NONE', ( #1403, #650, #2543, #258 ) ) ;
#1900 = CARTESIAN_POINT ( 'NONE',  ( -0.07566397084646286908, 0.02234810803488932948, 0.3396645451925146553 ) ) ;
#1901 = VECTOR ( 'NONE', #2669, 39.37007874015748143 ) ;
#1902 = FACE_OUTER_BOUND ( 'NONE', #2232, .T. ) ;
#1903 = CARTESIAN_POINT ( 'NONE',  ( -0.07031944399131917489, 0.008868020553944743270, 0.2889484383263149492 ) ) ;
#1904 = CARTESIAN_POINT ( 'NONE',  ( 0.05092831243830708843, -0.06805251480598424607, 0.3073461266805118108 ) ) ;
#1905 = CARTESIAN_POINT ( 'NONE',  ( 0.02347131777214902723, 0.06687356224131606186, 0.2833602874249216419 ) ) ;
#1906 = LINE ( 'NONE', #3373, #2050 ) ;
#1907 = VERTEX_POINT ( 'NONE', #3214 ) ;
#1908 = EDGE_CURVE ( 'NONE', #4438, #3584, #437, .T. ) ;
#1909 = DIRECTION ( 'NONE',  ( 0.000000000000000000, 0.000000000000000000, -1.000000000000000000 ) ) ;
#1910 = DIRECTION ( 'NONE',  ( -0.000000000000000000, -0.000000000000000000, -1.000000000000000000 ) ) ;
#1911 = AXIS2_PLACEMENT_3D ( 'NONE', #3754, #835, #3410 ) ;
#1912 = CARTESIAN_POINT ( 'NONE',  ( -0.04161895255582677422, 0.07054229909287401679, 0.3562158773368110931 ) ) ;
#1913 = VERTEX_POINT ( 'NONE', #228 ) ;
#1914 = CARTESIAN_POINT ( 'NONE',  ( -0.07525624191970119170, 0.008128128831232844798, 0.3761118122496153182 ) ) ;
#1915 = CARTESIAN_POINT ( 'NONE',  ( 0.04133858267716535029, -0.1968503937007874127, -0.1870078740157480324 ) ) ;
#1916 = DIRECTION ( 'NONE',  ( 0.000000000000000000, 0.000000000000000000, -1.000000000000000000 ) ) ;
#1917 = CARTESIAN_POINT ( 'NONE',  ( -0.04657775406047243855, -0.05870333270307086931, 0.2929589914294882247 ) ) ;
#1918 = APPLICATION_CONTEXT ( 'automotive_design' ) ;
#1919 = CARTESIAN_POINT ( 'NONE',  ( 0.02781924614040113750, -0.06517744316121328041, 0.2955317260972719628 ) ) ;
#1920 = CARTESIAN_POINT ( 'NONE',  ( -0.03568957282760347460, 0.06192184810035052805, 0.3648283915549898615 ) ) ;
#1921 = CARTESIAN_POINT ( 'NONE',  ( 0.03417830346969717020, 0.06208002311631843906, 0.3222347142141744891 ) ) ;
#1922 = CARTESIAN_POINT ( 'NONE',  ( 0.1377952755905511861, -0.2165354330708661457, 0.2047244094488188948 ) ) ;
#1923 = ORIENTED_EDGE ( 'NONE', *, *, #78, .T. ) ;
#1924 = B_SPLINE_CURVE_WITH_KNOTS ( 'NONE', 3,
 ( #4475, #2268, #3400, #442, #2813, #2023, #3151, #2362, #4247, #263 ),
 .UNSPECIFIED., .F., .F.,
 ( 4, 2, 2, 2, 4 ),
 ( 0.000000000000000000, 0.2499999999999999445, 0.4999999999999998890, 0.7499999999999998890, 1.000000000000000000 ),
 .UNSPECIFIED. ) ;
#1925 = ORIENTED_EDGE ( 'NONE', *, *, #3843, .T. ) ;
#1926 = CARTESIAN_POINT ( 'NONE',  ( 0.06669607659211276851, 0.04214570834103745223, 0.3521632623946627794 ) ) ;
#1927 = EDGE_CURVE ( 'NONE', #473, #4181, #971, .T. ) ;
#1928 = CARTESIAN_POINT ( 'NONE',  ( 0.06484523958874015281, -0.02662141738869291605, 0.2617900243184645426 ) ) ;
#1929 = CARTESIAN_POINT ( 'NONE',  ( -0.05407655746822254139, 0.04581529531589572518, 0.2871357277194560020 ) ) ;
#1930 = DIRECTION ( 'NONE',  ( 1.000000000000000000, 0.000000000000000000, 0.000000000000000000 ) ) ;
#1931 = FACE_OUTER_BOUND ( 'NONE', #2000, .T. ) ;
#1932 = CARTESIAN_POINT ( 'NONE',  ( -0.1358267716535433156, 0.08031496062992127261, -0.1062992125984252023 ) ) ;
#1933 = VERTEX_POINT ( 'NONE', #1389 ) ;
#1934 = CARTESIAN_POINT ( 'NONE',  ( -0.08464566929133858497, -0.1968503937007874127, 0.1870078740157480324 ) ) ;
#1935 = EDGE_CURVE ( 'NONE', #291, #4412, #4195, .T. ) ;
#1936 = LINE ( 'NONE', #79, #2682 ) ;
#1937 = EDGE_LOOP ( 'NONE', ( #4499, #3102 ) ) ;
#1938 = CARTESIAN_POINT ( 'NONE',  ( -0.006956928268451120084, 0.07053705883229753615, 0.2886977746473343154 ) ) ;
#1939 = CARTESIAN_POINT ( 'NONE',  ( 0.07874015748031495954, 0.05905511811023622659, 0.2440944881889763884 ) ) ;
#1940 = CARTESIAN_POINT ( 'NONE',  ( -0.07521241492759841996, 0.02968763045732283196, 0.3566900706340157545 ) ) ;
#1941 = CARTESIAN_POINT ( 'NONE',  ( -0.07434440557338582722, 0.02454388462454724570, 0.3056877740459055248 ) ) ;
#1942 = FACE_OUTER_BOUND ( 'NONE', #4147, .T. ) ;
#1943 = CARTESIAN_POINT ( 'NONE',  ( -0.08464566929133858497, -0.1968503937007874127, -0.2047244094488188948 ) ) ;
#1944 = CARTESIAN_POINT ( 'NONE',  ( -0.1377952755905511861, -0.1968503937007874127, 0.2047244094488188948 ) ) ;
#1945 = VERTEX_POINT ( 'NONE', #301 ) ;
#1946 = ORIENTED_EDGE ( 'NONE', *, *, #1222, .T. ) ;
#1947 = CARTESIAN_POINT ( 'NONE',  ( 0.07858325817662958901, -0.007159647624768357595, 0.3501080291350350815 ) ) ;
#1948 = CARTESIAN_POINT ( 'NONE',  ( -0.04630060354543306944, 0.05892217004826771909, 0.3093884495151968395 ) ) ;
#1949 = CARTESIAN_POINT ( 'NONE',  ( -0.1377952755905511861, 0.1574803149606299191, 0.2047244094488188948 ) ) ;
#1950 = FACE_OUTER_BOUND ( 'NONE', #246, .T. ) ;
#1951 = CARTESIAN_POINT ( 'NONE',  ( -0.03937007874015747977, -0.1968503937007874127, 0.2047244094488188948 ) ) ;
#1952 = DIRECTION ( 'NONE',  ( 0.000000000000000000, 0.000000000000000000, 1.000000000000000000 ) ) ;
#1953 = EDGE_LOOP ( 'NONE', ( #1562, #1537, #4741, #4302 ) ) ;
#1954 = PLANE ( 'NONE',  #812 ) ;
#1955 = CARTESIAN_POINT ( 'NONE',  ( 0.07005389972202352711, 0.01235830442159800181, 0.3784926465271568063 ) ) ;
#1956 = ORIENTED_EDGE ( 'NONE', *, *, #919, .F. ) ;
#1957 = DIRECTION ( 'NONE',  ( 1.000000000000000000, 0.000000000000000000, 0.000000000000000000 ) ) ;
#1958 = EDGE_CURVE ( 'NONE', #2589, #1802, #2082, .T. ) ;
#1959 = CARTESIAN_POINT ( 'NONE',  ( -0.08464566929133858497, -0.1948818897637795422, -0.1870078740157480324 ) ) ;
#1960 = CARTESIAN_POINT ( 'NONE',  ( -0.07254794451622047224, 0.04269997748374016605, 0.3396535452353149354 ) ) ;
#1961 = CARTESIAN_POINT ( 'NONE',  ( 0.04202348668964566575, -0.06204510199905512169, 0.2969255268625197175 ) ) ;
#1962 = DIRECTION ( 'NONE',  ( 1.000000000000000000, 0.000000000000000000, 0.000000000000000000 ) ) ;
#1963 = EDGE_CURVE ( 'NONE', #3242, #2590, #3552, .T. ) ;
#1964 = CARTESIAN_POINT ( 'NONE',  ( 0.009276356260600027159, -0.07086614173228343583, 0.3380116969940623051 ) ) ;
#1965 = PLANE ( 'NONE',  #3600 ) ;
#1966 = ORIENTED_EDGE ( 'NONE', *, *, #4421, .F. ) ;
#1967 = VERTEX_POINT ( 'NONE', #1698 ) ;
#1968 = VECTOR ( 'NONE', #3468, 39.37007874015748143 ) ;
#1969 = VECTOR ( 'NONE', #3101, 39.37007874015748854 ) ;
#1970 = DIRECTION ( 'NONE',  ( 1.000000000000000000, 0.000000000000000000, 0.000000000000000000 ) ) ;
#1971 = CARTESIAN_POINT ( 'NONE',  ( 0.07589374321610237173, -0.01923281657258267899, 0.3244254149302755463 ) ) ;
#1972 = CARTESIAN_POINT ( 'NONE',  ( -0.06909325086528661508, 0.01579399565503283517, 0.3280336379174021433 ) ) ;
#1973 = AXIS2_PLACEMENT_3D ( 'NONE', #323, #3213, #4286 ) ;
#1974 = CARTESIAN_POINT ( 'NONE',  ( 0.07085843978913071439, 3.303486762273646120E-07, 0.3385749785893480412 ) ) ;
#1975 = CARTESIAN_POINT ( 'NONE',  ( -0.04354113293066918383, -0.05667682353920122651, 0.2961914273947185983 ) ) ;
#1976 = CARTESIAN_POINT ( 'NONE',  ( -0.1358267716535433156, 0.003937007874015747977, -0.2047244094488188948 ) ) ;
#1977 = ORIENTED_EDGE ( 'NONE', *, *, #2687, .F. ) ;
#1978 = VECTOR ( 'NONE', #3847, 39.37007874015748143 ) ;
#1979 = VECTOR ( 'NONE', #3804, 39.37007874015748143 ) ;
#1980 = CARTESIAN_POINT ( 'NONE',  ( 0.06902168574814836199, 0.01854906267113011140, 0.2646084580736023373 ) ) ;
#1981 = CARTESIAN_POINT ( 'NONE',  ( 0.02622925327199283549, -0.06584079092718657378, 0.3348161959273404653 ) ) ;
#1982 = DIRECTION ( 'NONE',  ( 0.000000000000000000, 0.000000000000000000, 1.000000000000000000 ) ) ;
#1983 = VERTEX_POINT ( 'NONE', #2156 ) ;
#1984 = CARTESIAN_POINT ( 'NONE',  ( 0.04133858267716535029, -0.1968503937007874127, 0.1870078740157480324 ) ) ;
#1985 = ADVANCED_FACE ( 'NONE', ( #3961 ), #251, .T. ) ;
#1986 = FACE_OUTER_BOUND ( 'NONE', #4370, .T. ) ;
#1987 = CARTESIAN_POINT ( 'NONE',  ( 0.05315629487070865772, 0.06092824614759842494, 0.3310142176156299354 ) ) ;
#1988 = EDGE_CURVE ( 'NONE', #1983, #2384, #1773, .T. ) ;
#1989 = CARTESIAN_POINT ( 'NONE',  ( -0.002471481036868504108, 0.07489632766106299466, 0.3246912748939763671 ) ) ;
#1990 = CARTESIAN_POINT ( 'NONE',  ( -0.07086467090631043408, -6.534585637998307175E-08, 0.3484237261464613877 ) ) ;
#1991 = FACE_OUTER_BOUND ( 'NONE', #3764, .T. ) ;
#1992 = EDGE_CURVE ( 'NONE', #166, #1569, #2796, .T. ) ;
#1993 = AXIS2_PLACEMENT_3D ( 'NONE', #1892, #832, #3816 ) ;
#1994 = CARTESIAN_POINT ( 'NONE',  ( 0.06971852025924903107, 0.01450936211722917563, 0.2998288814256719337 ) ) ;
#1995 = VERTEX_POINT ( 'NONE', #1050 ) ;
#1996 = DIRECTION ( 'NONE',  ( -1.000000000000000000, 0.000000000000000000, 0.000000000000000000 ) ) ;
#1997 = CARTESIAN_POINT ( 'NONE',  ( -0.07509580125073687940, -3.041315149196542921E-17, 0.3762989930300589814 ) ) ;
#1998 = CARTESIAN_POINT ( 'NONE',  ( 0.06941232011655444623, -0.01606818447995848886, 0.3024648118207490244 ) ) ;
#1999 = DIRECTION ( 'NONE',  ( 0.000000000000000000, 0.000000000000000000, 1.000000000000000000 ) ) ;
#2000 = EDGE_LOOP ( 'NONE', ( #414, #3174, #1639 ) ) ;
#2001 = CARTESIAN_POINT ( 'NONE',  ( 0.05666930379199700690, 0.04355055495885228056, 0.2658418098606183388 ) ) ;
#2002 = CARTESIAN_POINT ( 'NONE',  ( 0.02013501951111401622, -0.06795651121968264430, 0.3345408229942507528 ) ) ;
#2003 = CARTESIAN_POINT ( 'NONE',  ( -0.06150728713536292303, -0.03586710397911667403, 0.2910033176754621698 ) ) ;
#2004 = CARTESIAN_POINT ( 'NONE',  ( 0.06779998227039522873, -0.02064090585971405448, 0.2982842804307371254 ) ) ;
#2005 = ORIENTED_EDGE ( 'NONE', *, *, #4270, .F. ) ;
#2006 = CARTESIAN_POINT ( 'NONE',  ( -0.1377952755905511861, -0.2165354330708661457, -0.2440944881889763884 ) ) ;
#2007 = CARTESIAN_POINT ( 'NONE',  ( -0.02362204724409448786, -0.3661417322834645272, 0.2047244094488188948 ) ) ;
#2008 = CARTESIAN_POINT ( 'NONE',  ( 0.07672305685547244070, 0.03464178847271653927, 0.3524914717445275514 ) ) ;
#2009 = CARTESIAN_POINT ( 'NONE',  ( 0.07046263303314961868, -0.01293840350372047442, 0.2797372066526771506 ) ) ;
#2010 = CARTESIAN_POINT ( 'NONE',  ( -0.07012454324062993016, 0.01722424080746850356, 0.3484396344741731988 ) ) ;
#2011 = PLANE ( 'NONE',  #1284 ) ;
#2012 = CARTESIAN_POINT ( 'NONE',  ( 0.000000000000000000, -0.3661417322834645272, 0.2047244094488188948 ) ) ;
#2013 = ORIENTED_EDGE ( 'NONE', *, *, #3704, .T. ) ;
#2014 = EDGE_CURVE ( 'NONE', #731, #2141, #2514, .T. ) ;
#2015 = CARTESIAN_POINT ( 'NONE',  ( -0.1370078740157480435, 0.08031496062992127261, -0.1062992125984252023 ) ) ;
#2016 = CARTESIAN_POINT ( 'NONE',  ( 0.04133858267716535029, -0.1771653543307086520, 0.03740157480314960925 ) ) ;
#2017 = CARTESIAN_POINT ( 'NONE',  ( 0.0009950634120564686141, -0.07086028020743558031, 0.2982722215797270482 ) ) ;
#2018 = VERTEX_POINT ( 'NONE', #3988 ) ;
#2019 = VERTEX_POINT ( 'NONE', #203 ) ;
#2020 = CARTESIAN_POINT ( 'NONE',  ( -0.08187985854039370182, 0.02281506049003936831, 0.3207837945790551482 ) ) ;
#2021 = CARTESIAN_POINT ( 'NONE',  ( 0.04839798909445405806, -0.05182178796580422242, 0.3360117927031754381 ) ) ;
#2022 = CARTESIAN_POINT ( 'NONE',  ( -0.04254033552835972953, -0.05687115765055623939, 0.2922662945700355563 ) ) ;
#2023 = CARTESIAN_POINT ( 'NONE',  ( -0.007782931833417456452, 0.07198421169792280916, 0.3280887421047380959 ) ) ;
#2024 = ORIENTED_EDGE ( 'NONE', *, *, #3615, .F. ) ;
#2025 = CARTESIAN_POINT ( 'NONE',  ( -0.04522933930525926960, 0.05456052661910563290, 0.3102438667593373500 ) ) ;
#2026 = CARTESIAN_POINT ( 'NONE',  ( -0.08234167673688977396, -0.01750226368887795522, 0.3616614192511024006 ) ) ;
#2027 = CARTESIAN_POINT ( 'NONE',  ( 0.04922621977539369531, 0.06513597643145668803, 0.2966006117805511932 ) ) ;
#2028 = CARTESIAN_POINT ( 'NONE',  ( 0.02308696471114173726, 0.07182133167527558759, 0.3598462386129921420 ) ) ;
#2029 = CARTESIAN_POINT ( 'NONE',  ( -0.1358267716535433156, -0.03149606299212598381, -0.2047244094488188948 ) ) ;
#2030 = CARTESIAN_POINT ( 'NONE',  ( 0.0001141272141464352310, -0.07086613752507438246, 0.3179214911546686673 ) ) ;
#2031 = CARTESIAN_POINT ( 'NONE',  ( -0.1377952755905511861, -0.1771653543307086520, 0.2047244094488188948 ) ) ;
#2032 = LINE ( 'NONE', #3506, #1516 ) ;
#2033 = EDGE_CURVE ( 'NONE', #2447, #4242, #4287, .T. ) ;
#2034 = CARTESIAN_POINT ( 'NONE',  ( -0.03937007874015747977, -0.2165354330708661457, 0.2047244094488188948 ) ) ;
#2035 = AXIS2_PLACEMENT_3D ( 'NONE', #4521, #1909, #1621 ) ;
#2036 = ORIENTED_EDGE ( 'NONE', *, *, #1222, .F. ) ;
#2037 = AXIS2_PLACEMENT_3D ( 'NONE', #3059, #523, #3417 ) ;
#2038 = ORIENTED_EDGE ( 'NONE', *, *, #4533, .F. ) ;
#2039 = AXIS2_PLACEMENT_3D ( 'NONE', #2015, #477, #862 ) ;
#2040 = CARTESIAN_POINT ( 'NONE',  ( -0.07874015748031495954, 0.05905511811023622659, 0.2440944881889763884 ) ) ;
#2041 = CARTESIAN_POINT ( 'NONE',  ( 0.06980747546055612873, -0.01221633487853755404, 0.3380344795325773144 ) ) ;
#2042 = CARTESIAN_POINT ( 'NONE',  ( -0.01960573734046583069, -0.06811026545786491582, 0.2933838238796747655 ) ) ;
#2043 = EDGE_CURVE ( 'NONE', #1875, #1967, #3937, .T. ) ;
#2044 = CARTESIAN_POINT ( 'NONE',  ( 0.05686362176161952053, -0.04229299689101839732, 0.2971773336697710599 ) ) ;
#2045 = EDGE_LOOP ( 'NONE', ( #2013, #582, #3641, #1409, #773 ) ) ;
#2046 = AXIS2_PLACEMENT_3D ( 'NONE', #1836, #3619, #1785 ) ;
#2047 = LINE ( 'NONE', #4210, #198 ) ;
#2048 = CARTESIAN_POINT ( 'NONE',  ( -0.04033628567169045970, 0.05831277202156016914, 0.3099774103459300711 ) ) ;
#2049 = CARTESIAN_POINT ( 'NONE',  ( -0.05958198122307086647, -0.04424947743342520085, 0.3339094468906299573 ) ) ;
#2050 = VECTOR ( 'NONE', #4116, 39.37007874015748143 ) ;
#2051 = CARTESIAN_POINT ( 'NONE',  ( 0.0007694751889511811322, -0.08164143584263780506, 0.3085002180797637439 ) ) ;
#2052 = CARTESIAN_POINT ( 'NONE',  ( -0.05946638702641732915, -0.04096186950472441302, 0.3510839914295275643 ) ) ;
#2053 = VERTEX_POINT ( 'NONE', #638 ) ;
#2054 = CARTESIAN_POINT ( 'NONE',  ( -0.08464566929133858497, -0.1968503937007874127, 0.1870078740157480324 ) ) ;
#2055 = CARTESIAN_POINT ( 'NONE',  ( -0.03923724031681606605, -0.05906139617679091736, 0.3751395663137702674 ) ) ;
#2056 = CARTESIAN_POINT ( 'NONE',  ( -0.1358267716535433156, 0.08031496062992127261, -0.08070866141732284393 ) ) ;
#2057 = DIRECTION ( 'NONE',  ( -1.000000000000000000, 0.000000000000000000, 0.000000000000000000 ) ) ;
#2058 = CARTESIAN_POINT ( 'NONE',  ( 0.04320594386926148583, -0.05636269815103092662, 0.3199588499936824038 ) ) ;
#2059 = CARTESIAN_POINT ( 'NONE',  ( -0.02118042262381834157, 0.06763515566852007499, 0.3247427499409734630 ) ) ;
#2060 = VECTOR ( 'NONE', #4694, 39.37007874015748143 ) ;
#2061 = CARTESIAN_POINT ( 'NONE',  ( -0.1358267716535433156, 0.1574803149606299191, -0.2047244094488188948 ) ) ;
#2062 = LINE ( 'NONE', #3533, #4719 ) ;
#2063 = ORIENTED_EDGE ( 'NONE', *, *, #539, .F. ) ;
#2064 = EDGE_CURVE ( 'NONE', #482, #4109, #1024, .T. ) ;
#2065 = ORIENTED_EDGE ( 'NONE', *, *, #2983, .F. ) ;
#2066 = CIRCLE ( 'NONE', #145, 0.03937007874015747977 ) ;
#2067 = CARTESIAN_POINT ( 'NONE',  ( -0.003203629286906299438, -0.08493865093988189896, 0.2870682433979527826 ) ) ;
#2068 = CARTESIAN_POINT ( 'NONE',  ( 0.06741429167621561247, -0.02189219635015319035, 0.3375935399936413339 ) ) ;
#2069 = CARTESIAN_POINT ( 'NONE',  ( 0.1377952755905511861, 0.1574803149606299191, 0.2440944881889763884 ) ) ;
#2070 = CARTESIAN_POINT ( 'NONE',  ( 0.07086614173228346358, 0.000000000000000000, 0.2440944881889763884 ) ) ;
#2071 = ORIENTED_EDGE ( 'NONE', *, *, #4708, .T. ) ;
#2072 = CARTESIAN_POINT ( 'NONE',  ( 0.06974934672189037066, 0.01416286822953822903, 0.2841163734467481161 ) ) ;
#2073 = CARTESIAN_POINT ( 'NONE',  ( 0.01625497925110750211, 0.06901559482427420400, 0.3073826171770018267 ) ) ;
#2074 = EDGE_CURVE ( 'NONE', #3659, #3466, #3141, .T. ) ;
#2075 = CARTESIAN_POINT ( 'NONE',  ( -0.06395991991244094621, 0.03764527249303937367, 0.3302414678879921350 ) ) ;
#2076 = CARTESIAN_POINT ( 'NONE',  ( -0.003077217034859055459, -0.08158705024350393353, 0.2886675409144488502 ) ) ;
#2077 = CARTESIAN_POINT ( 'NONE',  ( -0.03914791633016929950, -0.06448838866255905689, 0.3492688107914567186 ) ) ;
#2078 = ORIENTED_EDGE ( 'NONE', *, *, #3313, .T. ) ;
#2079 = CARTESIAN_POINT ( 'NONE',  ( 0.002015495811106952397, 0.07887591359881149233, 0.3355534943935450376 ) ) ;
#2080 = CARTESIAN_POINT ( 'NONE',  ( -0.06557914939904278817, -0.02694901775005835096, 0.3732702746260117554 ) ) ;
#2081 = CARTESIAN_POINT ( 'NONE',  ( 0.0006770919174118429987, -0.07086327168508577135, 0.3140063890104483058 ) ) ;
#2082 = LINE ( 'NONE', #4312, #3586 ) ;
#2083 = CARTESIAN_POINT ( 'NONE',  ( -0.04258310958963888032, -0.05669809174738265484, 0.3159074614990680097 ) ) ;
#2084 = CARTESIAN_POINT ( 'NONE',  ( -0.001085199523720103542, 0.07085983625630083715, 0.3238665172078142862 ) ) ;
#2085 = LINE ( 'NONE', #1724, #3429 ) ;
#2086 = DIRECTION ( 'NONE',  ( 0.000000000000000000, 0.000000000000000000, 1.000000000000000000 ) ) ;
#2087 = ORIENTED_EDGE ( 'NONE', *, *, #1133, .F. ) ;
#2088 = ORIENTED_EDGE ( 'NONE', *, *, #1758, .F. ) ;
#2089 = CARTESIAN_POINT ( 'NONE',  ( 0.06177708112859983669, -0.04988690295741955716, 0.3679390827096878369 ) ) ;
#2090 = CARTESIAN_POINT ( 'NONE',  ( -0.1358267716535433156, -0.1161417322834645688, 0.1023622047244094474 ) ) ;
#2091 = CARTESIAN_POINT ( 'NONE',  ( -0.05655493988992360554, -0.04274210546823052626, 0.3307494665205458761 ) ) ;
#2092 = CARTESIAN_POINT ( 'NONE',  ( -0.07057289027113898550, -0.006573264024104628553, 0.2896392579825119995 ) ) ;
#2093 = CARTESIAN_POINT ( 'NONE',  ( -0.07148389318884888766, -0.02204284595893903076, 0.3767918981514048471 ) ) ;
#2094 = ORIENTED_EDGE ( 'NONE', *, *, #3901, .T. ) ;
#2095 = DIRECTION ( 'NONE',  ( 0.000000000000000000, -1.000000000000000000, 0.000000000000000000 ) ) ;
#2096 = CARTESIAN_POINT ( 'NONE',  ( 0.05824610117937694537, 0.04043241404374919856, 0.3050733387336978519 ) ) ;
#2097 = CARTESIAN_POINT ( 'NONE',  ( 0.03057026856854330732, 0.07125707559811024494, 0.3682246275287795467 ) ) ;
#2098 = EDGE_CURVE ( 'NONE', #465, #3933, #1314, .T. ) ;
#2099 = CARTESIAN_POINT ( 'NONE',  ( 0.07923440342484251719, 0.01967611454262204601, 0.2747846668988188634 ) ) ;
#2100 = CARTESIAN_POINT ( 'NONE',  ( 0.06538853485696850820, 0.02525756263706299340, 0.3405065636080314428 ) ) ;
#2101 = VERTEX_POINT ( 'NONE', #947 ) ;
#2102 = ADVANCED_FACE ( 'NONE', ( #2413 ), #3887, .T. ) ;
#2103 = DIRECTION ( 'NONE',  ( 0.000000000000000000, -1.000000000000000000, 0.000000000000000000 ) ) ;
#2104 = CARTESIAN_POINT ( 'NONE',  ( -0.05506919313183222808, -0.04462450334529747403, 0.3742041216152756089 ) ) ;
#2105 = LINE ( 'NONE', #3527, #3967 ) ;
#2106 = CYLINDRICAL_SURFACE ( 'NONE', #4127, 0.07086614173228346358 ) ;
#2107 = CARTESIAN_POINT ( 'NONE',  ( 0.0002112419284621112631, -0.07086584625726187470, 0.3179256518726167879 ) ) ;
#2108 = ADVANCED_FACE ( 'NONE', ( #2950, #3000 ), #2178, .T. ) ;
#2109 = CARTESIAN_POINT ( 'NONE',  ( -0.03066228035162694293, 0.06395150328507534510, 0.3251933209776162181 ) ) ;
#2110 = CARTESIAN_POINT ( 'NONE',  ( 0.000000000000000000, -0.3661417322834645272, 0.2047244094488188948 ) ) ;
#2111 = DIRECTION ( 'NONE',  ( 0.000000000000000000, 0.000000000000000000, -1.000000000000000000 ) ) ;
#2112 = EDGE_LOOP ( 'NONE', ( #3366, #674, #436, #2492, #1479, #892, #66, #1863 ) ) ;
#2113 = VERTEX_POINT ( 'NONE', #4432 ) ;
#2114 = CARTESIAN_POINT ( 'NONE',  ( -0.06068949456749701821, -0.05042416066890578058, 0.3624135795850119690 ) ) ;
#2115 = CARTESIAN_POINT ( 'NONE',  ( 0.000000000000000000, -0.3740157480314960647, -0.1692913385826771699 ) ) ;
#2116 = CARTESIAN_POINT ( 'NONE',  ( -0.05218102263496739168, -0.04816176308387462579, 0.3310511033126223857 ) ) ;
#2117 = CARTESIAN_POINT ( 'NONE',  ( -0.1377952755905511861, 0.003937007874015747977, -0.2047244094488188948 ) ) ;
#2118 = CARTESIAN_POINT ( 'NONE',  ( 0.04416569728782919479, -0.05542104144800225063, 0.2963933688366079400 ) ) ;
#2119 = ORIENTED_EDGE ( 'NONE', *, *, #398, .T. ) ;
#2120 = AXIS2_PLACEMENT_3D ( 'NONE', #4473, #1910, #3741 ) ;
#2121 = AXIS2_PLACEMENT_3D ( 'NONE', #1341, #2801, #2879 ) ;
#2122 = CARTESIAN_POINT ( 'NONE',  ( 0.01282565466054304965, 0.06969691838360816960, 0.3075218380630452275 ) ) ;
#2123 = CARTESIAN_POINT ( 'NONE',  ( -0.01389056107819685269, 0.07628344755606299155, 0.3700586170300787514 ) ) ;
#2124 = CARTESIAN_POINT ( 'NONE',  ( 0.04010854712082676660, 0.06499200518326771203, 0.3362659661114173471 ) ) ;
#2125 = AXIS2_PLACEMENT_3D ( 'NONE', #1182, #72, #1590 ) ;
#2126 = CARTESIAN_POINT ( 'NONE',  ( -0.009696804956354330637, -0.07807278232287402642, 0.3474536301533858174 ) ) ;
#2127 = VERTEX_POINT ( 'NONE', #2974 ) ;
#2128 = EDGE_CURVE ( 'NONE', #1792, #1062, #59, .T. ) ;
#2129 = CARTESIAN_POINT ( 'NONE',  ( 0.000000000000000000, 0.000000000000000000, 0.2440944881889763884 ) ) ;
#2130 = AXIS2_PLACEMENT_3D ( 'NONE', #1317, #2779, #1272 ) ;
#2131 = CARTESIAN_POINT ( 'NONE',  ( 0.000000000000000000, -0.3661417322834645272, 0.2047244094488188948 ) ) ;
#2132 = AXIS2_PLACEMENT_3D ( 'NONE', #3345, #1091, #3324 ) ;
#2133 = DIRECTION ( 'NONE',  ( 0.000000000000000000, 0.000000000000000000, 1.000000000000000000 ) ) ;
#2134 = DIRECTION ( 'NONE',  ( 0.000000000000000000, 0.000000000000000000, 1.000000000000000000 ) ) ;
#2135 = CARTESIAN_POINT ( 'NONE',  ( 0.01751354904480613775, -0.06867393406692724744, 0.3187172438871079261 ) ) ;
#2136 = EDGE_CURVE ( 'NONE', #566, #2258, #4458, .T. ) ;
#2137 = CARTESIAN_POINT ( 'NONE',  ( -0.01154328233626132627, 0.06991397898317099069, 0.3243237298527628099 ) ) ;
#2138 = CARTESIAN_POINT ( 'NONE',  ( 0.07874015748031495954, 0.05905511811023622659, 0.2637795275590551491 ) ) ;
#2139 = FACE_BOUND ( 'NONE', #1431, .T. ) ;
#2140 = ORIENTED_EDGE ( 'NONE', *, *, #3159, .T. ) ;
#2141 = VERTEX_POINT ( 'NONE', #4407 ) ;
#2142 = CARTESIAN_POINT ( 'NONE',  ( 0.07086796965521849345, -0.009270233049750957813, 0.3617950490875409542 ) ) ;
#2143 = CARTESIAN_POINT ( 'NONE',  ( 0.07677007084696850503, -0.01409658014283464607, 0.2687258317888582826 ) ) ;
#2144 = CARTESIAN_POINT ( 'NONE',  ( 0.0009674925274591156905, -0.07086042780614978942, 0.3337020279729568939 ) ) ;
#2145 = LINE ( 'NONE', #2888, #2997 ) ;
#2146 = ORIENTED_EDGE ( 'NONE', *, *, #2924, .F. ) ;
#2147 = EDGE_LOOP ( 'NONE', ( #2758, #2531, #3822, #2525 ) ) ;
#2148 = CARTESIAN_POINT ( 'NONE',  ( -0.1377952755905511861, -0.2165354330708661457, -0.2440944881889763884 ) ) ;
#2149 = CARTESIAN_POINT ( 'NONE',  ( -0.002793799134357874241, -0.08081091396748031619, 0.3823659236524015181 ) ) ;
#2150 = CARTESIAN_POINT ( 'NONE',  ( -0.03937007874015747977, -0.3740157480314960647, -0.1692913385826771699 ) ) ;
#2151 = CARTESIAN_POINT ( 'NONE',  ( 0.02757738059662598329, 0.07368109475496062433, 0.3368762023318898069 ) ) ;
#2152 = ORIENTED_EDGE ( 'NONE', *, *, #3675, .T. ) ;
#2153 = CARTESIAN_POINT ( 'NONE',  ( 0.06902168684423944101, -0.01854905723086960195, 0.3574473808449476486 ) ) ;
#2154 = CARTESIAN_POINT ( 'NONE',  ( 0.005139853245087526445, -0.07068039952387270008, 0.3772043318999339645 ) ) ;
#2155 = CARTESIAN_POINT ( 'NONE',  ( -0.1377952755905511861, -0.03149606299212598381, -0.2244094488188976555 ) ) ;
#2156 = CARTESIAN_POINT ( 'NONE',  ( -0.1377952755905511861, -0.03149606299212598381, -0.2244094488188976555 ) ) ;
#2157 = CYLINDRICAL_SURFACE ( 'NONE', #2603, 0.04330708661417323468 ) ;
#2158 = CARTESIAN_POINT ( 'NONE',  ( -0.03578533909246937178, 0.06118004159943025988, 0.3254640010234797765 ) ) ;
#2159 = DIRECTION ( 'NONE',  ( 0.000000000000000000, 0.000000000000000000, 1.000000000000000000 ) ) ;
#2160 = CARTESIAN_POINT ( 'NONE',  ( -0.0002265989122405809547, 0.07086583150571092171, 0.3041435723438198901 ) ) ;
#2161 = VERTEX_POINT ( 'NONE', #1823 ) ;
#2162 = ORIENTED_EDGE ( 'NONE', *, *, #2993, .T. ) ;
#2163 = CARTESIAN_POINT ( 'NONE',  ( -0.1358267716535433156, 0.000000000000000000, 0.2047244094488188948 ) ) ;
#2164 = ADVANCED_FACE ( 'NONE', ( #4031 ), #2250, .T. ) ;
#2165 = CARTESIAN_POINT ( 'NONE',  ( 0.04690914411956693258, -0.06268193607696850855, 0.3026094700482677147 ) ) ;
#2166 = CARTESIAN_POINT ( 'NONE',  ( -0.06535201915002422646, -0.02740668878968044106, 0.3299828974964489903 ) ) ;
#2167 = DIRECTION ( 'NONE',  ( 0.000000000000000000, 1.000000000000000000, 0.000000000000000000 ) ) ;
#2168 = PLANE ( 'NONE',  #2046 ) ;
#2169 = ORIENTED_EDGE ( 'NONE', *, *, #5, .F. ) ;
#2170 = DIRECTION ( 'NONE',  ( 0.000000000000000000, 0.000000000000000000, -1.000000000000000000 ) ) ;
#2171 = CARTESIAN_POINT ( 'NONE',  ( -0.04883392912956666804, 0.06856384267366756602, 0.2981988188974932785 ) ) ;
#2172 = DIRECTION ( 'NONE',  ( 0.000000000000000000, 0.000000000000000000, 1.000000000000000000 ) ) ;
#2173 = CARTESIAN_POINT ( 'NONE',  ( -0.008714973637066929582, 0.07818846846807085693, 0.3580310579749212962 ) ) ;
#2174 = ORIENTED_EDGE ( 'NONE', *, *, #3603, .F. ) ;
#2175 = CARTESIAN_POINT ( 'NONE',  ( 0.04355056994816131066, -0.05666929182695544520, 0.3553965502316553948 ) ) ;
#2176 = CARTESIAN_POINT ( 'NONE',  ( 0.000000000000000000, -0.3740157480314960647, -1.065259842546456781 ) ) ;
#2177 = CARTESIAN_POINT ( 'NONE',  ( -0.06192184186303022891, -0.03568958221242585216, 0.3697491698578159180 ) ) ;
#2178 = PLANE ( 'NONE',  #4050 ) ;
#2179 = CARTESIAN_POINT ( 'NONE',  ( -0.007783299538882920525, 0.07198416312259028893, 0.3438272424856672060 ) ) ;
#2180 = CARTESIAN_POINT ( 'NONE',  ( 0.03465754613446703908, 0.06181272424154905798, 0.3222114823826476293 ) ) ;
#2181 = CARTESIAN_POINT ( 'NONE',  ( 0.1377952755905511861, -0.1968503937007874127, -0.2047244094488188948 ) ) ;
#2182 = CARTESIAN_POINT ( 'NONE',  ( -0.06062560141540754288, 0.03782855204240474778, 0.3072812517191332304 ) ) ;
#2183 = VERTEX_POINT ( 'NONE', #803 ) ;
#2184 = EDGE_LOOP ( 'NONE', ( #3667, #3437, #2038, #2316 ) ) ;
#2185 = CARTESIAN_POINT ( 'NONE',  ( -0.05667075809436435130, -0.04355620647132659590, 0.3544205400164529007 ) ) ;
#2186 = CARTESIAN_POINT ( 'NONE',  ( -0.04417982701590551786, 0.06865909704712598594, 0.2759978134161023555 ) ) ;
#2187 = EDGE_CURVE ( 'NONE', #4001, #1468, #3702, .T. ) ;
#2188 = CARTESIAN_POINT ( 'NONE',  ( -0.06954915900735204881, 0.01360042280098934693, 0.2887448190753582611 ) ) ;
#2189 = CARTESIAN_POINT ( 'NONE',  ( 0.04938215152574965822, 0.05082872510518798154, 0.2820269281302731357 ) ) ;
#2190 = CARTESIAN_POINT ( 'NONE',  ( 0.04133858267716535029, -0.1968503937007874127, 0.2047244094488188948 ) ) ;
#2191 = ORIENTED_EDGE ( 'NONE', *, *, #3670, .F. ) ;
#2192 = DIRECTION ( 'NONE',  ( 1.000000000000000000, 0.000000000000000000, 0.000000000000000000 ) ) ;
#2193 = CARTESIAN_POINT ( 'NONE',  ( 0.001189983471897975483, 0.08416850417803209417, 0.2962155511809578257 ) ) ;
#2194 = EDGE_CURVE ( 'NONE', #3509, #453, #397, .T. ) ;
#2195 = CARTESIAN_POINT ( 'NONE',  ( 0.07156627929814961264, -0.03267499096121259661, 0.3514201655864567231 ) ) ;
#2196 = ORIENTED_EDGE ( 'NONE', *, *, #3817, .T. ) ;
#2197 = VECTOR ( 'NONE', #2964, 39.37007874015748143 ) ;
#2198 = CIRCLE ( 'NONE', #1818, 0.04330708661417324162 ) ;
#2199 = DIRECTION ( 'NONE',  ( 0.000000000000000000, 1.000000000000000000, 0.000000000000000000 ) ) ;
#2200 = CARTESIAN_POINT ( 'NONE',  ( 0.02548790959803184583, -0.06613563665836232064, 0.3781372879429915623 ) ) ;
#2201 = CARTESIAN_POINT ( 'NONE',  ( 0.000000000000000000, 0.000000000000000000, 0.3858267716462102648 ) ) ;
#2202 = CIRCLE ( 'NONE', #4417, 0.09842519685039370636 ) ;
#2203 = CARTESIAN_POINT ( 'NONE',  ( 0.07881102253953385650, 9.651566649057004956E-18, 0.3719645681934791170 ) ) ;
#2204 = CARTESIAN_POINT ( 'NONE',  ( -0.04997376291676498827, -0.05024579102807000264, 0.3154861871187810141 ) ) ;
#2205 = VECTOR ( 'NONE', #1619, 39.37007874015748143 ) ;
#2206 = CARTESIAN_POINT ( 'NONE',  ( 0.06690033561926277128, 0.02337839300380691737, 0.3199503952703491305 ) ) ;
#2207 = AXIS2_PLACEMENT_3D ( 'NONE', #2723, #4188, #897 ) ;
#2208 = LINE ( 'NONE', #3294, #1275 ) ;
#2209 = FACE_OUTER_BOUND ( 'NONE', #3692, .T. ) ;
#2210 = ORIENTED_EDGE ( 'NONE', *, *, #1751, .F. ) ;
#2211 = ORIENTED_EDGE ( 'NONE', *, *, #2957, .F. ) ;
#2212 = CARTESIAN_POINT ( 'NONE',  ( -0.04547692391785247701, -0.06446815184294643619, 0.3435612196381293559 ) ) ;
#2213 = CARTESIAN_POINT ( 'NONE',  ( 0.04922621977539369531, 0.06513597643145668803, 0.2918639551483070971 ) ) ;
#2214 = CARTESIAN_POINT ( 'NONE',  ( -0.05293524643675143193, 0.04714051783260107820, 0.2870593476405973732 ) ) ;
#2215 = ADVANCED_FACE ( 'NONE', ( #1172, #3291 ), #714, .T. ) ;
#2216 = CARTESIAN_POINT ( 'NONE',  ( 0.04594092500502503645, 0.05397228162248452615, 0.2822379950012861016 ) ) ;
#2217 = DIRECTION ( 'NONE',  ( 1.000000000000000000, 0.000000000000000000, 0.000000000000000000 ) ) ;
#2218 = VERTEX_POINT ( 'NONE', #2633 ) ;
#2219 = PLANE ( 'NONE',  #1202 ) ;
#2220 = CARTESIAN_POINT ( 'NONE',  ( 0.04720502622430076262, -0.06969532748611681483, 0.2882824803148554826 ) ) ;
#2221 = CARTESIAN_POINT ( 'NONE',  ( -0.005761487262106300238, -0.07522045518842519762, 0.3704236664345275654 ) ) ;
#2222 = VERTEX_POINT ( 'NONE', #4057 ) ;
#2223 = CARTESIAN_POINT ( 'NONE',  ( -0.009272317185879678375, 0.07088020779830465912, 0.3478598554587822300 ) ) ;
#2224 = EDGE_CURVE ( 'NONE', #2018, #1468, #760, .T. ) ;
#2225 = AXIS2_PLACEMENT_3D ( 'NONE', #985, #3999, #4704 ) ;
#2226 = CARTESIAN_POINT ( 'NONE',  ( -0.03369180397617479311, -0.06234657337931261145, 0.3754275952558398521 ) ) ;
#2227 = CARTESIAN_POINT ( 'NONE',  ( -0.07095692179296067548, -0.003356373117867253019, 0.3091707151629115025 ) ) ;
#2228 = DIRECTION ( 'NONE',  ( -1.000000000000000000, 0.000000000000000000, 0.000000000000000000 ) ) ;
#2229 = CARTESIAN_POINT ( 'NONE',  ( -0.04848271917367934919, -0.05169278734578695855, 0.3155745263762973485 ) ) ;
#2230 = CARTESIAN_POINT ( 'NONE',  ( 0.04531629490485310219, 0.05448734338563945151, 0.3216365951150849112 ) ) ;
#2231 = CARTESIAN_POINT ( 'NONE',  ( -0.005067294461345048934, 0.07070598392657294340, 0.3043555111875141383 ) ) ;
#2232 = EDGE_LOOP ( 'NONE', ( #3942, #2191 ) ) ;
#2233 = ORIENTED_EDGE ( 'NONE', *, *, #4297, .T. ) ;
#2234 = CARTESIAN_POINT ( 'NONE',  ( 0.05436653370026152399, -0.05718989940874772554, 0.3478530602433373420 ) ) ;
#2235 = B_SPLINE_CURVE_WITH_KNOTS ( 'NONE', 3,
 ( #903, #2752, #4579, #4174, #2348, #518, #4532, #1580, #1964, #3048, #4215, #2727, #833, #4509, #3433, #177, #1224, #134 ),
 .UNSPECIFIED., .F., .F.,
 ( 4, 2, 2, 2, 2, 2, 2, 2, 4 ),
 ( 0.000000000000000000, 0.1250000000000000833, 0.2500000000000001665, 0.3750000000000001110, 0.5000000000000001110, 0.6250000000000002220, 0.7500000000000001110, 0.8750000000000001110, 1.000000000000000000 ),
 .UNSPECIFIED. ) ;
#2236 = DIRECTION ( 'NONE',  ( -1.000000000000000000, 0.000000000000000000, 0.000000000000000000 ) ) ;
#2237 = LINE ( 'NONE', #407, #1585 ) ;
#2238 = CARTESIAN_POINT ( 'NONE',  ( -0.02801955258872017990, 0.06509218577247083415, 0.2857025034311700962 ) ) ;
#2239 = VERTEX_POINT ( 'NONE', #4745 ) ;
#2240 = ORIENTED_EDGE ( 'NONE', *, *, #3486, .F. ) ;
#2241 = CARTESIAN_POINT ( 'NONE',  ( 0.07609073750790637525, 5.752171456903090332E-16, 0.2742733477870313852 ) ) ;
#2242 = CARTESIAN_POINT ( 'NONE',  ( 0.06744218136703457323, 0.04109677102127334142, 0.3324231637349237545 ) ) ;
#2243 = CARTESIAN_POINT ( 'NONE',  ( 0.04531447236857007871, 0.05869748969684781409, 0.3781715581627108635 ) ) ;
#2244 = ORIENTED_EDGE ( 'NONE', *, *, #4558, .F. ) ;
#2245 = CARTESIAN_POINT ( 'NONE',  ( -0.07086093398949114275, 2.558280235588704959E-07, 0.3720524494407205229 ) ) ;
#2246 = EDGE_CURVE ( 'NONE', #1703, #337, #30, .T. ) ;
#2247 = CARTESIAN_POINT ( 'NONE',  ( 0.04120572506504460719, -0.05765515145122240837, 0.3789170590410272377 ) ) ;
#2248 = CARTESIAN_POINT ( 'NONE',  ( -0.06036953489105503085, -0.03753274357838792818, 0.3107758267799357599 ) ) ;
#2249 = ADVANCED_FACE ( 'NONE', ( #9 ), #2928, .F. ) ;
#2250 = CYLINDRICAL_SURFACE ( 'NONE', #1359, 0.02559055118110236185 ) ;
#2251 = CARTESIAN_POINT ( 'NONE',  ( -0.05141101963559424615, -0.04884076379828027753, 0.2917306286693976403 ) ) ;
#2252 = EDGE_CURVE ( 'NONE', #1283, #2403, #4364, .T. ) ;
#2253 = FACE_OUTER_BOUND ( 'NONE', #1899, .T. ) ;
#2254 = CARTESIAN_POINT ( 'NONE',  ( 0.04576665007574486771, 0.05411256413368895762, 0.3216094592080215864 ) ) ;
#2255 = EDGE_CURVE ( 'NONE', #1283, #3874, #3629, .T. ) ;
#2256 = CARTESIAN_POINT ( 'NONE',  ( -0.01412409286579066614, 0.06947837075611763835, 0.3047553290655846681 ) ) ;
#2257 = EDGE_LOOP ( 'NONE', ( #1756, #3192 ) ) ;
#2258 = VERTEX_POINT ( 'NONE', #1796 ) ;
#2259 = CARTESIAN_POINT ( 'NONE',  ( -0.07695543580728711475, 0.01738328146440587182, 0.3398692456667621320 ) ) ;
#2260 = CARTESIAN_POINT ( 'NONE',  ( -0.08464566929133858497, -0.1968503937007874127, 0.1870078740157480324 ) ) ;
#2261 = DIRECTION ( 'NONE',  ( -1.000000000000000000, 0.000000000000000000, 0.000000000000000000 ) ) ;
#2262 = FACE_OUTER_BOUND ( 'NONE', #1469, .T. ) ;
#2263 = CARTESIAN_POINT ( 'NONE',  ( -0.03025786661943621891, 0.06409697781952534978, 0.2858148497982752612 ) ) ;
#2264 = CYLINDRICAL_SURFACE ( 'NONE', #3663, 0.07086614173228346358 ) ;
#2265 = ORIENTED_EDGE ( 'NONE', *, *, #219, .F. ) ;
#2266 = PLANE ( 'NONE',  #3428 ) ;
#2267 = CARTESIAN_POINT ( 'NONE',  ( 0.06369242165591929017, 0.04627521176796574320, 0.3326775795002799296 ) ) ;
#2268 = CARTESIAN_POINT ( 'NONE',  ( -0.07086614173228349134, 0.01484219382958237160, 0.3320237701725239354 ) ) ;
#2269 = ORIENTED_EDGE ( 'NONE', *, *, #2751, .T. ) ;
#2270 = CARTESIAN_POINT ( 'NONE',  ( -0.05998061884453916026, 0.03886271408167068370, 0.2915373083533717713 ) ) ;
#2271 = CARTESIAN_POINT ( 'NONE',  ( -0.06902168574814833424, -0.01854906267113024324, 0.2744733493762723797 ) ) ;
#2272 = CARTESIAN_POINT ( 'NONE',  ( 0.04133858267716535029, -0.1771653543307086520, -0.1870078740157480324 ) ) ;
#2273 = CARTESIAN_POINT ( 'NONE',  ( -0.07009944999696850199, -0.02648838235843700706, 0.3306410780436220276 ) ) ;
#2274 = CARTESIAN_POINT ( 'NONE',  ( -0.06694457929581601463, -0.02325192117491341193, 0.2904115284953008302 ) ) ;
#2275 = VECTOR ( 'NONE', #4292, 39.37007874015748143 ) ;
#2276 = EDGE_CURVE ( 'NONE', #2460, #1843, #1889, .T. ) ;
#2277 = CARTESIAN_POINT ( 'NONE',  ( 0.06902168463533425724, 0.01854906819439080395, 0.3590877978983552654 ) ) ;
#2278 = CARTESIAN_POINT ( 'NONE',  ( 0.06091843443472511055, 0.03621130782987862923, 0.3205546073669184870 ) ) ;
#2279 = DIRECTION ( 'NONE',  ( 0.000000000000000000, 0.000000000000000000, 1.000000000000000000 ) ) ;
#2280 = VECTOR ( 'NONE', #1652, 39.37007874015748143 ) ;
#2281 = VERTEX_POINT ( 'NONE', #4716 ) ;
#2282 = VECTOR ( 'NONE', #409, 39.37007874015748143 ) ;
#2283 = ORIENTED_EDGE ( 'NONE', *, *, #1571, .F. ) ;
#2284 = ADVANCED_FACE ( 'NONE', ( #1440 ), #1079, .T. ) ;
#2285 = CARTESIAN_POINT ( 'NONE',  ( -0.01734618800385801310, -0.07696898141468111465, 0.3447829032633190072 ) ) ;
#2286 = EDGE_CURVE ( 'NONE', #836, #2447, #1053, .T. ) ;
#2287 = CARTESIAN_POINT ( 'NONE',  ( 0.07070405999456692847, 0.02482949859766929099, 0.3034386463655511790 ) ) ;
#2288 = AXIS2_PLACEMENT_3D ( 'NONE', #2040, #932, #2426 ) ;
#2289 = CARTESIAN_POINT ( 'NONE',  ( -0.05917645153449130335, 0.03898985876395957145, 0.2875181825587406204 ) ) ;
#2290 = DIRECTION ( 'NONE',  ( 1.000000000000000000, 0.000000000000000000, 0.000000000000000000 ) ) ;
#2291 = CARTESIAN_POINT ( 'NONE',  ( 0.02433619968222164656, -0.06719954215984001722, 0.2993184451982265348 ) ) ;
#2292 = CARTESIAN_POINT ( 'NONE',  ( -0.08464566929133858497, -0.1968503937007874127, 0.2047244094488188948 ) ) ;
#2293 = ORIENTED_EDGE ( 'NONE', *, *, #483, .F. ) ;
#2294 = B_SPLINE_CURVE_WITH_KNOTS ( 'NONE', 3,
 ( #183, #4202, #1998, #882, #1209, #1637, #2333, #2291, #479, #1653, #864, #908, #2693, #3849, #2017, #1234, #2354, #1567, #3464, #4219, #2377, #1273, #3082, #4541, #1975, #501, #1253, #1618, #3783, #3123 ),
 .UNSPECIFIED., .F., .F.,
 ( 4, 2, 2, 2, 2, 2, 2, 1, 1, 1, 1, 2, 2, 2, 2, 2, 4 ),
 ( 0.000000000000000000, 0.06249999999999883427, 0.1249999999999976685, 0.2499999999999953371, 0.3749999999999930056, 0.4374999999999918399, 0.4687499999999912292, 0.4843749999999908962, 0.4921874999999907296, 0.4960937499999906186, 0.4980468749999906741, 0.4990234374999906186, 0.4999999999999906186, 0.6249999999999930056, 0.7499999999999954481, 0.8749999999999977796, 1.000000000000000000 ),
 .UNSPECIFIED. ) ;
#2295 = DIRECTION ( 'NONE',  ( 0.000000000000000000, 0.000000000000000000, 1.000000000000000000 ) ) ;
#2296 = AXIS2_PLACEMENT_3D ( 'NONE', #2708, #1581, #178 ) ;
#2297 = FACE_OUTER_BOUND ( 'NONE', #3643, .T. ) ;
#2298 = ORIENTED_EDGE ( 'NONE', *, *, #1812, .F. ) ;
#2299 = CARTESIAN_POINT ( 'NONE',  ( -0.01369081429169895919, 0.06958242777494932918, 0.2890018192894249771 ) ) ;
#2300 = CARTESIAN_POINT ( 'NONE',  ( -0.06192187004085283886, -0.03568953404203238644, 0.2752936609074912999 ) ) ;
#2301 = CARTESIAN_POINT ( 'NONE',  ( -0.01531788282074015954, -0.07939537283326773831, 0.3621920391379527260 ) ) ;
#2302 = CARTESIAN_POINT ( 'NONE',  ( -0.04236491719196850553, 0.06583857740846456308, 0.2838718291641338931 ) ) ;
#2303 = CARTESIAN_POINT ( 'NONE',  ( -0.09448818897637795144, -0.1968503937007874127, 0.03740157480314960925 ) ) ;
#2304 = VECTOR ( 'NONE', #3932, 39.37007874015748143 ) ;
#2305 = CARTESIAN_POINT ( 'NONE',  ( 0.07086614173228346358, 5.175571394246748868E-17, 0.2834967762196791696 ) ) ;
#2306 = FACE_OUTER_BOUND ( 'NONE', #2482, .T. ) ;
#2307 = ORIENTED_EDGE ( 'NONE', *, *, #3078, .F. ) ;
#2308 = ORIENTED_EDGE ( 'NONE', *, *, #1463, .T. ) ;
#2309 = CARTESIAN_POINT ( 'NONE',  ( 0.002007794898782173064, 0.07888066202801125026, 0.3552312547152225441 ) ) ;
#2310 = CARTESIAN_POINT ( 'NONE',  ( 0.04794851486507873545, 0.05759126743586614333, 0.2657565597515354483 ) ) ;
#2311 = CARTESIAN_POINT ( 'NONE',  ( -0.1377952755905511861, -0.2165354330708661457, 0.2047244094488188948 ) ) ;
#2312 = CARTESIAN_POINT ( 'NONE',  ( -0.1377952755905511861, 0.003937007874015747977, -0.2047244094488188948 ) ) ;
#2313 = DIRECTION ( 'NONE',  ( 0.000000000000000000, 0.000000000000000000, 1.000000000000000000 ) ) ;
#2314 = FACE_OUTER_BOUND ( 'NONE', #3674, .T. ) ;
#2315 = ADVANCED_FACE ( 'NONE', ( #469 ), #4333, .T. ) ;
#2316 = ORIENTED_EDGE ( 'NONE', *, *, #3817, .F. ) ;
#2317 = LINE ( 'NONE', #1257, #737 ) ;
#2318 = CARTESIAN_POINT ( 'NONE',  ( 0.03153693444323228678, 0.07383924028421259833, 0.3729634713875984442 ) ) ;
#2319 = ORIENTED_EDGE ( 'NONE', *, *, #2194, .T. ) ;
#2320 = CARTESIAN_POINT ( 'NONE',  ( -0.0006590015602548780684, 0.07086345228688435693, 0.2884155981181897865 ) ) ;
#2321 = CARTESIAN_POINT ( 'NONE',  ( 0.04133858267716535029, -0.1968503937007874127, -0.1870078740157480324 ) ) ;
#2322 = CARTESIAN_POINT ( 'NONE',  ( -0.03542102237900787015, 0.07268810290196850432, 0.3346821966182282893 ) ) ;
#2323 = CARTESIAN_POINT ( 'NONE',  ( 0.07058626915248031319, -0.02516240666035432852, 0.2989087945790551148 ) ) ;
#2324 = CARTESIAN_POINT ( 'NONE',  ( -0.07086614173228346358, 8.678599364036359818E-18, 0.2440944881889763884 ) ) ;
#2325 = DIRECTION ( 'NONE',  ( 0.000000000000000000, 1.000000000000000000, 0.000000000000000000 ) ) ;
#2326 = CARTESIAN_POINT ( 'NONE',  ( 0.04488661911373067331, 0.05563726214546218379, 0.3019991681873979705 ) ) ;
#2327 = ORIENTED_EDGE ( 'NONE', *, *, #2599, .T. ) ;
#2328 = EDGE_LOOP ( 'NONE', ( #1808, #1013 ) ) ;
#2329 = DIRECTION ( 'NONE',  ( 1.000000000000000000, 0.000000000000000000, 0.000000000000000000 ) ) ;
#2330 = CARTESIAN_POINT ( 'NONE',  ( 0.03681322429540945240, 0.05965225459342519965, 0.3252545912476378365 ) ) ;
#2331 = DIRECTION ( 'NONE',  ( 1.000000000000000000, 0.000000000000000000, 0.000000000000000000 ) ) ;
#2332 =( LENGTH_UNIT ( ) NAMED_UNIT ( * ) SI_UNIT ( $, .METRE. ) );
#2333 = CARTESIAN_POINT ( 'NONE',  ( 0.04080990394275003236, -0.05867351039139037661, 0.3001439038404261628 ) ) ;
#2334 = CARTESIAN_POINT ( 'NONE',  ( -0.08464566929133858497, -0.1948818897637795422, -0.2047244094488188948 ) ) ;
#2335 = ORIENTED_EDGE ( 'NONE', *, *, #4040, .T. ) ;
#2336 = ADVANCED_FACE ( 'NONE', ( #1456 ), #792, .F. ) ;
#2337 = CARTESIAN_POINT ( 'NONE',  ( -0.03937007874015747977, -0.3740157480314960647, 0.2047244094488188948 ) ) ;
#2338 = CARTESIAN_POINT ( 'NONE',  ( 0.02469662383102684891, -0.06646175081882306490, 0.3347449103296348816 ) ) ;
#2339 = B_SPLINE_CURVE_WITH_KNOTS ( 'NONE', 3,
 ( #3266, #3706, #4035, #3993, #2182, #786, #13, #1512, #765, #2256, #1896, #3295, #2231, #1800, #402, #1536, #2979, #2160, #3337, #34, #3365, #1445, #3657, #2326, #4484, #2372, #4556, #1994, #1176, #1199 ),
 .UNSPECIFIED., .F., .F.,
 ( 4, 2, 2, 2, 2, 2, 1, 1, 1, 1, 2, 2, 2, 2, 2, 2, 4 ),
 ( 0.000000000000000000, 0.1249999999999988898, 0.2499999999999978351, 0.3749999999999967248, 0.4374999999999961142, 0.4687499999999958367, 0.4843749999999956701, 0.4921874999999956146, 0.4960937499999956146, 0.4980468749999955591, 0.4990234374999955591, 0.4999999999999955591, 0.6249999999999966693, 0.7499999999999977796, 0.8749999999999988898, 0.9374999999999994449, 1.000000000000000000 ),
 .UNSPECIFIED. ) ;
#2340 = DIRECTION ( 'NONE',  ( 0.000000000000000000, -1.000000000000000000, 0.000000000000000000 ) ) ;
#2341 = EDGE_LOOP ( 'NONE', ( #2508, #75, #2962, #1620 ) ) ;
#2342 = CARTESIAN_POINT ( 'NONE',  ( 0.06369242165591929017, 0.04627521176796574320, 0.3326775795002799296 ) ) ;
#2343 = CARTESIAN_POINT ( 'NONE',  ( 0.000000000000000000, 0.000000000000000000, 0.3719645681934791170 ) ) ;
#2344 = ADVANCED_FACE ( 'NONE', ( #1950 ), #4379, .T. ) ;
#2345 = CARTESIAN_POINT ( 'NONE',  ( 0.07364387037937007718, 0.02022959825175590920, 0.3291802281143307307 ) ) ;
#2346 = CARTESIAN_POINT ( 'NONE',  ( -0.1370078740157480435, -0.1161417322834645688, 0.1023622047244094474 ) ) ;
#2347 = CARTESIAN_POINT ( 'NONE',  ( -0.07874015748031495954, 0.05905511811023622659, 0.2637795275590551491 ) ) ;
#2348 = CARTESIAN_POINT ( 'NONE',  ( 0.05666930379199720813, -0.04355055495885198913, 0.3404726610603271975 ) ) ;
#2349 = DIRECTION ( 'NONE',  ( 0.000000000000000000, 0.000000000000000000, 1.000000000000000000 ) ) ;
#2350 = ORIENTED_EDGE ( 'NONE', *, *, #4708, .F. ) ;
#2351 = VECTOR ( 'NONE', #4431, 39.37007874015748143 ) ;
#2352 = CARTESIAN_POINT ( 'NONE',  ( -0.07078868466118133640, 0.004167328877515405483, 0.3285297515588700423 ) ) ;
#2353 = VECTOR ( 'NONE', #540, 39.37007874015748143 ) ;
#2354 = CARTESIAN_POINT ( 'NONE',  ( 0.0002455253169038684540, -0.07086576984181475192, 0.2982392205505717819 ) ) ;
#2355 = CARTESIAN_POINT ( 'NONE',  ( -0.1377952755905511861, -0.1771653543307086520, 0.1889763779527559029 ) ) ;
#2356 = ORIENTED_EDGE ( 'NONE', *, *, #2064, .F. ) ;
#2357 = AXIS2_PLACEMENT_3D ( 'NONE', #3532, #3099, #4218 ) ;
#2358 = CARTESIAN_POINT ( 'NONE',  ( 0.07086614173228347746, 0.009276356260599782563, 0.2641973408112635591 ) ) ;
#2359 = CARTESIAN_POINT ( 'NONE',  ( 0.02774286331768646002, -0.06520976975875637793, 0.3348901245993042841 ) ) ;
#2360 = EDGE_CURVE ( 'NONE', #4344, #905, #3358, .T. ) ;
#2361 = CARTESIAN_POINT ( 'NONE',  ( -0.06667335126414852819, -0.02401814556663662073, 0.2904465089861161808 ) ) ;
#2362 = CARTESIAN_POINT ( 'NONE',  ( 0.03601479723250822912, 0.06281110683626188462, 0.3261212280708453148 ) ) ;
#2363 = VERTEX_POINT ( 'NONE', #1040 ) ;
#2364 = LINE ( 'NONE', #3810, #960 ) ;
#2365 = CARTESIAN_POINT ( 'NONE',  ( 0.01854906267113034385, -0.06902168574814826485, 0.2793952185635852348 ) ) ;
#2366 = CARTESIAN_POINT ( 'NONE',  ( 0.04480844368007873973, 0.07126488853098425502, 0.3543254612458267561 ) ) ;
#2367 = CARTESIAN_POINT ( 'NONE',  ( 0.07264246104051182151, -0.01840888417629921170, 0.3385741489098424983 ) ) ;
#2368 = CARTESIAN_POINT ( 'NONE',  ( -0.005514665586807086621, -0.07199801662062993435, 0.3735610255502755939 ) ) ;
#2369 = ADVANCED_FACE ( 'NONE', ( #2262 ), #670, .F. ) ;
#2370 = CARTESIAN_POINT ( 'NONE',  ( 0.000000000000000000, -0.3661417322834645272, 0.2047244094488188948 ) ) ;
#2371 = B_SPLINE_CURVE_WITH_KNOTS ( 'NONE', 3,
 ( #1166, #4146, #1955, #4525, #4427, #3717, #485, #1239, #4121, #848 ),
 .UNSPECIFIED., .F., .F.,
 ( 4, 2, 2, 2, 4 ),
 ( 0.000000000000000000, 0.0004698065658277919229, 0.0009396131316555838458, 0.001409419697483376257, 0.001879226263311168559 ),
 .UNSPECIFIED. ) ;
#2372 = CARTESIAN_POINT ( 'NONE',  ( 0.06290780833798138849, 0.03315906288707454880, 0.3007154048400856872 ) ) ;
#2373 = ORIENTED_EDGE ( 'NONE', *, *, #39, .T. ) ;
#2374 = AXIS2_PLACEMENT_3D ( 'NONE', #1011, #4300, #1347 ) ;
#2375 = DIRECTION ( 'NONE',  ( 0.000000000000000000, 0.000000000000000000, 1.000000000000000000 ) ) ;
#2376 = DIRECTION ( 'NONE',  ( -1.000000000000000000, 0.000000000000000000, 0.000000000000000000 ) ) ;
#2377 = CARTESIAN_POINT ( 'NONE',  ( 9.302160009660365083E-05, -0.07086611775075056519, 0.2982325153596340206 ) ) ;
#2378 = ORIENTED_EDGE ( 'NONE', *, *, #2422, .F. ) ;
#2379 = EDGE_LOOP ( 'NONE', ( #3649, #1513, #3014, #2792, #3038 ) ) ;
#2380 = CARTESIAN_POINT ( 'NONE',  ( -0.05251747690889763814, 0.06683376604094488915, 0.3188005268624803379 ) ) ;
#2381 = CARTESIAN_POINT ( 'NONE',  ( 0.06398044355870315114, -0.03071790445625843455, 0.3371555668131935302 ) ) ;
#2382 = CARTESIAN_POINT ( 'NONE',  ( -0.06675916045791592535, -0.02377914277137520987, 0.2904355815368504512 ) ) ;
#2383 = CARTESIAN_POINT ( 'NONE',  ( 0.06718944088194483966, -0.02253314905838297091, 0.2981986660944737633 ) ) ;
#2384 = VERTEX_POINT ( 'NONE', #708 ) ;
#2385 = CARTESIAN_POINT ( 'NONE',  ( -0.02980162021575603198, 0.06431348986012980218, 0.3094585885822132010 ) ) ;
#2386 = CARTESIAN_POINT ( 'NONE',  ( -0.001947357323264173280, 0.08083607215078739139, 0.3530220916313779878 ) ) ;
#2387 = CARTESIAN_POINT ( 'NONE',  ( -0.04417982701590551786, 0.06865909704712598594, 0.2807344700483858646 ) ) ;
#2388 = CARTESIAN_POINT ( 'NONE',  ( 0.07543929309161417907, -0.0004740052964696850639, 0.3558797031799212363 ) ) ;
#2389 = EDGE_CURVE ( 'NONE', #4689, #1733, #1769, .T. ) ;
#2390 = DIRECTION ( 'NONE',  ( 0.000000000000000000, 1.000000000000000000, 0.000000000000000000 ) ) ;
#2391 = CARTESIAN_POINT ( 'NONE',  ( 0.0001064587936828191632, -0.07086608113502158857, 0.3179211662080692058 ) ) ;
#2392 = EDGE_CURVE ( 'NONE', #2281, #3874, #842, .T. ) ;
#2393 = CARTESIAN_POINT ( 'NONE',  ( -0.1377952755905511861, 0.1574803149606299191, -0.2047244094488188948 ) ) ;
#2394 = SURFACE_STYLE_FILL_AREA ( #207 ) ;
#2395 = CARTESIAN_POINT ( 'NONE',  ( -0.09448818897637795144, -0.1948818897637795422, 0.01771653543307086590 ) ) ;
#2396 = ORIENTED_EDGE ( 'NONE', *, *, #3696, .T. ) ;
#2397 = EDGE_LOOP ( 'NONE', ( #2805, #4352, #989, #1262, #3785 ) ) ;
#2398 = DIRECTION ( 'NONE',  ( 0.000000000000000000, 1.000000000000000000, 0.000000000000000000 ) ) ;
#2399 = CARTESIAN_POINT ( 'NONE',  ( 0.01136628884521715364, -0.06998984438204271241, 0.3341613147694382779 ) ) ;
#2400 = CARTESIAN_POINT ( 'NONE',  ( -0.03138935788887458472, -0.06369333733536169939, 0.2928288430595522573 ) ) ;
#2401 = AXIS2_PLACEMENT_3D ( 'NONE', #3473, #1285, #3905 ) ;
#2402 = CARTESIAN_POINT ( 'NONE',  ( 0.07086614173228140967, -0.002166161006348944155, 0.2990835251800318950 ) ) ;
#2403 = VERTEX_POINT ( 'NONE', #2150 ) ;
#2404 = CARTESIAN_POINT ( 'NONE',  ( -0.1377952755905511861, -0.03149606299212598381, -0.2244094488188976555 ) ) ;
#2405 = CARTESIAN_POINT ( 'NONE',  ( 0.01368193630496964547, 0.06953286950538915823, 0.3074888735252050975 ) ) ;
#2406 = CARTESIAN_POINT ( 'NONE',  ( -0.07241684496059055953, -0.02771122382544882051, 0.3755605855340157229 ) ) ;
#2407 = CARTESIAN_POINT ( 'NONE',  ( -0.07541805139208661302, 0.02101453807141338836, 0.3255204512112991888 ) ) ;
#2408 = CARTESIAN_POINT ( 'NONE',  ( -0.03747082257798819288, -0.06172571100685039780, 0.3524061699072047471 ) ) ;
#2409 = ORIENTED_EDGE ( 'NONE', *, *, #340, .F. ) ;
#2410 = LINE ( 'NONE', #2054, #355 ) ;
#2411 = CARTESIAN_POINT ( 'NONE',  ( -0.04453153802631486941, -0.05530934458463521164, 0.3748542946318928482 ) ) ;
#2412 = DIRECTION ( 'NONE',  ( 0.000000000000000000, 0.000000000000000000, 1.000000000000000000 ) ) ;
#2413 = FACE_OUTER_BOUND ( 'NONE', #55, .T. ) ;
#2414 = EDGE_CURVE ( 'NONE', #3351, #330, #3623, .T. ) ;
#2415 = CARTESIAN_POINT ( 'NONE',  ( 0.05192231697485052283, -0.04823394039169114078, 0.3205030083635134752 ) ) ;
#2416 = CARTESIAN_POINT ( 'NONE',  ( -0.03812116114135118833, 0.05975312101649070395, 0.3255906084639815234 ) ) ;
#2417 = DIRECTION ( 'NONE',  ( 1.000000000000000000, 0.000000000000000000, 0.000000000000000000 ) ) ;
#2418 = DIRECTION ( 'NONE',  ( 0.000000000000000000, 0.000000000000000000, 1.000000000000000000 ) ) ;
#2419 = VECTOR ( 'NONE', #1838, 39.37007874015748143 ) ;
#2420 = ORIENTED_EDGE ( 'NONE', *, *, #1711, .F. ) ;
#2421 = AXIS2_PLACEMENT_3D ( 'NONE', #3579, #1083, #1367 ) ;
#2422 = EDGE_CURVE ( 'NONE', #2113, #4053, #1160, .T. ) ;
#2423 = ORIENTED_EDGE ( 'NONE', *, *, #2687, .T. ) ;
#2424 = ADVANCED_FACE ( 'NONE', ( #1566 ), #818, .F. ) ;
#2425 = VECTOR ( 'NONE', #4120, 39.37007874015748143 ) ;
#2426 = DIRECTION ( 'NONE',  ( 0.000000000000000000, 0.000000000000000000, 1.000000000000000000 ) ) ;
#2427 = CARTESIAN_POINT ( 'NONE',  ( 0.03558580835338831516, -0.06144786880086091502, 0.3352904073677214769 ) ) ;
#2428 = DIRECTION ( 'NONE',  ( -1.000000000000000000, 0.000000000000000000, 0.000000000000000000 ) ) ;
#2429 = CARTESIAN_POINT ( 'NONE',  ( -0.07509580125073687940, -3.041315149196542921E-17, 0.3762989930300589814 ) ) ;
#2430 = ORIENTED_EDGE ( 'NONE', *, *, #2776, .F. ) ;
#2431 = VECTOR ( 'NONE', #1847, 39.37007874015748143 ) ;
#2432 = CARTESIAN_POINT ( 'NONE',  ( 0.002288963767391508173, 0.07086731308574646671, 0.3079639567150219137 ) ) ;
#2433 = CARTESIAN_POINT ( 'NONE',  ( -0.04697832729787401740, -0.06581268885846457140, 0.3805319341511023690 ) ) ;
#2434 = CIRCLE ( 'NONE', #4508, 0.04330708661417324162 ) ;
#2435 = CARTESIAN_POINT ( 'NONE',  ( -0.002582097914681889470, 0.07824848687559055049, 0.3215539157782283386 ) ) ;
#2436 = LINE ( 'NONE', #3909, #1438 ) ;
#2437 = CARTESIAN_POINT ( 'NONE',  ( 0.05079165799307086560, 0.05132528317519685634, 0.3418287420857086256 ) ) ;
#2438 = ORIENTED_EDGE ( 'NONE', *, *, #3779, .F. ) ;
#2439 = DIRECTION ( 'NONE',  ( 1.000000000000000000, 0.000000000000000000, 0.000000000000000000 ) ) ;
#2440 = CARTESIAN_POINT ( 'NONE',  ( 0.02362204724409448786, -0.3661417322834645272, 0.2047244094488188948 ) ) ;
#2441 = CARTESIAN_POINT ( 'NONE',  ( -0.07086614173228346358, 8.678599364036359818E-18, 0.2440944881889763884 ) ) ;
#2442 = CARTESIAN_POINT ( 'NONE',  ( 0.000000000000000000, 0.000000000000000000, 0.2637795275590551491 ) ) ;
#2443 = CARTESIAN_POINT ( 'NONE',  ( 0.01833845529753077783, -0.06845690734767771735, 0.3187565361997070079 ) ) ;
#2444 = CARTESIAN_POINT ( 'NONE',  ( -0.02311628347939781447, 0.06698820906854535684, 0.3248293869729135808 ) ) ;
#2445 = CARTESIAN_POINT ( 'NONE',  ( -0.1370078740157480435, 0.08031496062992127261, -0.1496062992125984370 ) ) ;
#2446 = DIRECTION ( 'NONE',  ( 0.000000000000000000, -1.000000000000000000, 0.000000000000000000 ) ) ;
#2447 = VERTEX_POINT ( 'NONE', #3761 ) ;
#2448 = ORIENTED_EDGE ( 'NONE', *, *, #4322, .T. ) ;
#2449 = DIRECTION ( 'NONE',  ( 0.000000000000000000, 0.000000000000000000, 1.000000000000000000 ) ) ;
#2450 = CARTESIAN_POINT ( 'NONE',  ( -0.02611033536980483793, -0.06588162014280961321, 0.3324555281167627108 ) ) ;
#2451 = EDGE_CURVE ( 'NONE', #3169, #4308, #2895, .T. ) ;
#2452 = CARTESIAN_POINT ( 'NONE',  ( -0.02362204724409448786, -0.3661417322834645272, 0.2047244094488188948 ) ) ;
#2453 = CARTESIAN_POINT ( 'NONE',  ( 0.06534750197113314840, -0.02744382137615044431, 0.2979630064887384133 ) ) ;
#2454 = ORIENTED_EDGE ( 'NONE', *, *, #1260, .T. ) ;
#2455 = CARTESIAN_POINT ( 'NONE',  ( 0.05006805728484429313, 0.05015181564797965147, 0.3056348085184823482 ) ) ;
#2456 = CARTESIAN_POINT ( 'NONE',  ( -0.05198178193539370467, -0.05297096758401575317, 0.3540833314051181624 ) ) ;
#2457 = EDGE_CURVE ( 'NONE', #1727, #4438, #4738, .T. ) ;
#2458 = CARTESIAN_POINT ( 'NONE',  ( -0.08198645632385827275, -0.02242894813876772017, 0.2815636463656299160 ) ) ;
#2459 = CARTESIAN_POINT ( 'NONE',  ( -0.1358267716535433156, -0.1161417322834645688, 0.05905511811023621271 ) ) ;
#2460 = VERTEX_POINT ( 'NONE', #341 ) ;
#2461 = CARTESIAN_POINT ( 'NONE',  ( 0.05758106316588215007, 0.05469562541493566687, 0.3330958031246509243 ) ) ;
#2462 = CARTESIAN_POINT ( 'NONE',  ( -0.06680482733042336640, -0.02374927199635198591, 0.3731187843601807552 ) ) ;
#2463 = DIRECTION ( 'NONE',  ( 1.000000000000000000, 0.000000000000000000, 0.000000000000000000 ) ) ;
#2464 = CARTESIAN_POINT ( 'NONE',  ( -0.03937007874015747977, -0.1771653543307086520, -0.2440944881889763884 ) ) ;
#2465 = CARTESIAN_POINT ( 'NONE',  ( -0.02616980396824399036, -0.06585826973295663689, 0.3167524792722913318 ) ) ;
#2466 = CARTESIAN_POINT ( 'NONE',  ( -0.03444487300436199773, 0.06194617165424001759, 0.3253920163845623881 ) ) ;
#2467 = CARTESIAN_POINT ( 'NONE',  ( -0.1377952755905511861, 0.003937007874015747977, -0.2244094488188976555 ) ) ;
#2468 = DIRECTION ( 'NONE',  ( 1.000000000000000000, 0.000000000000000000, 0.000000000000000000 ) ) ;
#2469 = EDGE_LOOP ( 'NONE', ( #2566, #1349, #1270, #4447, #4110 ) ) ;
#2470 = ORIENTED_EDGE ( 'NONE', *, *, #1758, .T. ) ;
#2471 = CARTESIAN_POINT ( 'NONE',  ( 0.07888383934558924893, -0.002031221886826532503, 0.3699959605305166432 ) ) ;
#2472 = DIRECTION ( 'NONE',  ( 0.000000000000000000, 0.000000000000000000, -1.000000000000000000 ) ) ;
#2473 = CARTESIAN_POINT ( 'NONE',  ( -0.04926276148739495986, -0.05094501173696432128, 0.3312296850762411760 ) ) ;
#2474 = EDGE_CURVE ( 'NONE', #2239, #811, #1814, .T. ) ;
#2475 = FACE_OUTER_BOUND ( 'NONE', #4562, .T. ) ;
#2476 = CARTESIAN_POINT ( 'NONE',  ( 0.04324704928693272332, -0.05614242510859132618, 0.2963432867483034028 ) ) ;
#2477 = ORIENTED_EDGE ( 'NONE', *, *, #2907, .F. ) ;
#2478 = CARTESIAN_POINT ( 'NONE',  ( -0.04674986467749699809, 0.05326157188239214607, 0.3103363787235423610 ) ) ;
#2479 = CARTESIAN_POINT ( 'NONE',  ( 0.07455012254291339124, -0.003126222882449606558, 0.3841192032067716755 ) ) ;
#2480 = CARTESIAN_POINT ( 'NONE',  ( -0.04767796777610236458, -0.06627765481090551469, 0.3065169503632283465 ) ) ;
#2481 = CARTESIAN_POINT ( 'NONE',  ( 0.06737064399381889612, 0.03754031580760629899, 0.3346725715357480313 ) ) ;
#2482 = EDGE_LOOP ( 'NONE', ( #3228, #3612 ) ) ;
#2483 = CARTESIAN_POINT ( 'NONE',  ( 0.03937007874015747977, -0.1968503937007874127, -0.1850393700787401619 ) ) ;
#2484 = EDGE_CURVE ( 'NONE', #1995, #2222, #899, .T. ) ;
#2485 = LINE ( 'NONE', #3498, #662 ) ;
#2486 = CARTESIAN_POINT ( 'NONE',  ( -0.1377952755905511861, 0.08031496062992127261, -0.1318897637795275746 ) ) ;
#2487 = CARTESIAN_POINT ( 'NONE',  ( 0.1377952755905511861, 0.1574803149606299191, -0.2440944881889763884 ) ) ;
#2488 = CARTESIAN_POINT ( 'NONE',  ( 0.0007451494551902857096, -0.07086280295640817739, 0.3179485871106104700 ) ) ;
#2489 = CARTESIAN_POINT ( 'NONE',  ( -0.04344089564985122859, 0.05599149353444302785, 0.3258863528401521603 ) ) ;
#2490 = DIRECTION ( 'NONE',  ( 0.000000000000000000, 1.000000000000000000, 0.000000000000000000 ) ) ;
#2491 = DIRECTION ( 'NONE',  ( 0.000000000000000000, 0.000000000000000000, 1.000000000000000000 ) ) ;
#2492 = ORIENTED_EDGE ( 'NONE', *, *, #1992, .T. ) ;
#2493 = VERTEX_POINT ( 'NONE', #2016 ) ;
#2494 = CARTESIAN_POINT ( 'NONE',  ( -0.03568082438582326210, -0.06189915994690201040, 0.3556496248616329292 ) ) ;
#2495 = CARTESIAN_POINT ( 'NONE',  ( 0.07374552168122046336, -0.02628860865159842602, 0.2847600605994882184 ) ) ;
#2496 = CARTESIAN_POINT ( 'NONE',  ( -0.06863524797259978882, -0.01765549648257736318, 0.3295180980329163734 ) ) ;
#2497 = VECTOR ( 'NONE', #4467, 39.37007874015748143 ) ;
#2498 = DIRECTION ( 'NONE',  ( 0.000000000000000000, -1.000000000000000000, 0.000000000000000000 ) ) ;
#2499 = CARTESIAN_POINT ( 'NONE',  ( -0.1377952755905511861, 0.003937007874015747977, -0.2440944881889763884 ) ) ;
#2500 = ORIENTED_EDGE ( 'NONE', *, *, #3247, .T. ) ;
#2501 = VECTOR ( 'NONE', #1023, 39.37007874015748143 ) ;
#2502 = CARTESIAN_POINT ( 'NONE',  ( -0.1358267716535433156, 0.003937007874015747977, -0.2440944881889763884 ) ) ;
#2503 = CARTESIAN_POINT ( 'NONE',  ( -0.001867359772822441101, 0.07751532167748031998, 0.3498847325155906018 ) ) ;
#2504 = CARTESIAN_POINT ( 'NONE',  ( 0.004804140772244095206, -0.08486325264779526201, 0.3251955361294094904 ) ) ;
#2505 = AXIS2_PLACEMENT_3D ( 'NONE', #1606, #107, #493 ) ;
#2506 = VECTOR ( 'NONE', #3666, 39.37007874015748143 ) ;
#2507 = CARTESIAN_POINT ( 'NONE',  ( -0.03606663807391338739, -0.06626091787952756440, 0.3691014879568109697 ) ) ;
#2508 = ORIENTED_EDGE ( 'NONE', *, *, #1958, .F. ) ;
#2509 = DIRECTION ( 'NONE',  ( -1.000000000000000000, 0.000000000000000000, 0.000000000000000000 ) ) ;
#2510 = CIRCLE ( 'NONE', #2130, 0.02362204724409448786 ) ;
#2511 = CARTESIAN_POINT ( 'NONE',  ( -0.07086614173228346358, 8.678599364036359818E-18, 0.2440944881889763884 ) ) ;
#2512 = VECTOR ( 'NONE', #4144, 39.37007874015748143 ) ;
#2513 = CARTESIAN_POINT ( 'NONE',  ( 0.0001995660840338653764, -0.07086588140908875455, 0.3139851313856021897 ) ) ;
#2514 = LINE ( 'NONE', #4645, #3283 ) ;
#2515 = CARTESIAN_POINT ( 'NONE',  ( 0.03937007874015747977, -0.1968503937007874127, 0.01968503937007873988 ) ) ;
#2516 = CARTESIAN_POINT ( 'NONE',  ( -0.06208556984790979116, 0.03416802099093455003, 0.3271354736850814460 ) ) ;
#2517 = PLANE ( 'NONE',  #3354 ) ;
#2518 = CARTESIAN_POINT ( 'NONE',  ( 0.05352100913671643811, 0.04113107968322993885, 0.3858267716540849657 ) ) ;
#2519 = ORIENTED_EDGE ( 'NONE', *, *, #2451, .T. ) ;
#2520 = EDGE_LOOP ( 'NONE', ( #285, #626, #3367, #795 ) ) ;
#2521 = CARTESIAN_POINT ( 'NONE',  ( 0.02826754796102181125, -0.07367307839200039343, 0.3663035191574809391 ) ) ;
#2522 = CARTESIAN_POINT ( 'NONE',  ( 0.07597944959452755664, 0.01886781863038976617, 0.2669106511507873813 ) ) ;
#2523 = CARTESIAN_POINT ( 'NONE',  ( -0.04249635052229335658, -0.05677421139856967530, 0.3316358767885121961 ) ) ;
#2524 = PLANE ( 'NONE',  #4523 ) ;
#2525 = ORIENTED_EDGE ( 'NONE', *, *, #2128, .F. ) ;
#2526 = EDGE_LOOP ( 'NONE', ( #2438, #4376, #1189, #2672 ) ) ;
#2527 = DIRECTION ( 'NONE',  ( 0.000000000000000000, 0.000000000000000000, 1.000000000000000000 ) ) ;
#2528 = CARTESIAN_POINT ( 'NONE',  ( 0.08053306982790452151, -0.02449852691654985648, 0.3100984251966976690 ) ) ;
#2529 = CARTESIAN_POINT ( 'NONE',  ( 0.05407704294303150583, -0.06557764125952757206, 0.3271788038459843007 ) ) ;
#2530 = CARTESIAN_POINT ( 'NONE',  ( 0.06750301670346457728, 0.03368501686942519668, 0.3770345588229921385 ) ) ;
#2531 = ORIENTED_EDGE ( 'NONE', *, *, #1074, .T. ) ;
#2532 = CARTESIAN_POINT ( 'NONE',  ( -0.05666816964636629123, 0.04355535906871903229, 0.3700049657109287238 ) ) ;
#2533 = PRODUCT_DEFINITION_SHAPE ( 'NONE', 'NONE',  #2774 ) ;
#2534 = CARTESIAN_POINT ( 'NONE',  ( 0.01763586085736339182, -0.06864005037804277176, 0.3777797357083411134 ) ) ;
#2535 = DIRECTION ( 'NONE',  ( 1.000000000000000000, 0.000000000000000000, 0.000000000000000000 ) ) ;
#2536 = CARTESIAN_POINT ( 'NONE',  ( -0.1358267716535433156, 0.08031496062992127261, -0.1062992125984252023 ) ) ;
#2537 = CARTESIAN_POINT ( 'NONE',  ( -0.09448818897637795144, -0.1771653543307086520, -0.1673228346456692994 ) ) ;
#2538 = EDGE_CURVE ( 'NONE', #3325, #1907, #3892, .T. ) ;
#2539 = CARTESIAN_POINT ( 'NONE',  ( 0.05608087602132655336, 0.04332655458472325916, 0.3209257359499746998 ) ) ;
#2540 = CYLINDRICAL_SURFACE ( 'NONE', #1433, 0.05118110236220472370 ) ;
#2541 = DIRECTION ( 'NONE',  ( 0.000000000000000000, 0.000000000000000000, -1.000000000000000000 ) ) ;
#2542 = ORIENTED_EDGE ( 'NONE', *, *, #3287, .F. ) ;
#2543 = ORIENTED_EDGE ( 'NONE', *, *, #401, .T. ) ;
#2544 = CARTESIAN_POINT ( 'NONE',  ( -0.06902910339984320853, -0.01854314741598282745, 0.3531914551712669326 ) ) ;
#2545 = EDGE_CURVE ( 'NONE', #1283, #1802, #4560, .T. ) ;
#2546 = CARTESIAN_POINT ( 'NONE',  ( -0.002582097914681889470, 0.07824848687559055049, 0.3105425409144094151 ) ) ;
#2547 = B_SPLINE_CURVE_WITH_KNOTS ( 'NONE', 3,
 ( #4197, #904, #4462, #2638, #4108, #809, #88, #1560, #3026, #4216, #3863, #4237, #3938, #1001, #2827, #3962, #3553, #975, #1651, #2415, #4623, #229, #3577, #2058, #3216, #1390, #589, #1722, #926, #4289, #3604, #278, #1294, #252, #1338, #1699, #3164, #3186, #2443, #2135, #948, #4672, #639, #4580, #3142, #561, #4646, #4601, #3118, #2853, #2753, #2488, #1315, #2107, #2391, #2030, #2777, #3530, #1025, #3888, #3916, #4313, #1365, #2465, #1673, #2797, #3502, #204, #667, #614, #4261, #2083, #1748, #761, #2229, #3703, #4746, #1774, #2204, #2976, #4032, #1124, #399, #1824, #3314, #1797, #3292, #1870, #3335, #1414, #2560, #10, #31, #1507, #4386, #692 ),
 .UNSPECIFIED., .F., .F.,
 ( 4, 2, 2, 2, 1, 1, 2, 2, 2, 2, 1, 2, 2, 2, 2, 1, 1, 1, 1, 2, 2, 2, 2, 2, 1, 2, 2, 2, 2, 1, 1, 1, 2, 2, 2, 2, 2, 1, 1, 2, 2, 2, 2, 1, 1, 1, 1, 2, 2, 2, 2, 2, 1, 1, 1, 2, 2, 4 ),
 ( 0.000000000000000000, 0.06250000000000684175, 0.09375000000001026956, 0.1093750000000120459, 0.1171875000000130174, 0.1210937500000134615, 0.1230468750000136974, 0.1250000000000139055, 0.1875000000000221489, 0.2187500000000262290, 0.2343750000000281719, 0.2421875000000290601, 0.2500000000000299760, 0.3125000000000370814, 0.3437500000000406342, 0.3593750000000424660, 0.3671875000000432987, 0.3710937500000437983, 0.3730468750000440203, 0.3740234375000441869, 0.3750000000000443534, 0.4062500000000501821, 0.4218750000000531797, 0.4296875000000546230, 0.4335937500000553446, 0.4355468750000557332, 0.4375000000000561218, 0.4687500000000618394, 0.4843750000000646705, 0.4921875000000661693, 0.4960937500000668354, 0.4980468750000672240, 0.4990234375000673905, 0.5000000000000676126, 0.5625000000000788258, 0.5937500000000843769, 0.6093750000000873746, 0.6171875000000888178, 0.6210937500000894840, 0.6230468750000898170, 0.6250000000000901501, 0.6875000000001034728, 0.7187500000001101341, 0.7343750000001133538, 0.7421875000001150191, 0.7460937500001159073, 0.7480468750001163514, 0.7490234375001165734, 0.7500000000001167955, 0.8125000000000880407, 0.8437500000000737188, 0.8593750000000665024, 0.8671875000000629496, 0.8710937500000611733, 0.8730468750000602851, 0.8740234375000598410, 0.8750000000000593969, 1.000000000000000000 ),
 .UNSPECIFIED. ) ;
#2548 = CARTESIAN_POINT ( 'NONE',  ( -0.06508334705447961499, -0.02804067513844141560, 0.3300126883969218272 ) ) ;
#2549 = CARTESIAN_POINT ( 'NONE',  ( -0.02757830555205484716, 0.06528023274133620824, 0.2856803860740390610 ) ) ;
#2550 = DIRECTION ( 'NONE',  ( 0.000000000000000000, 0.000000000000000000, 1.000000000000000000 ) ) ;
#2551 = EDGE_LOOP ( 'NONE', ( #981, #3730, #4453, #3374 ) ) ;
#2552 = DIRECTION ( 'NONE',  ( 0.000000000000000000, -1.000000000000000000, 0.000000000000000000 ) ) ;
#2553 = CARTESIAN_POINT ( 'NONE',  ( -0.05142423144330708629, 0.05351240672980314694, 0.3687552474156298721 ) ) ;
#2554 = CARTESIAN_POINT ( 'NONE',  ( -0.06004304298905512732, -0.04567433211228345835, 0.3677793094791338979 ) ) ;
#2555 = ORIENTED_EDGE ( 'NONE', *, *, #4238, .T. ) ;
#2556 = PLANE ( 'NONE',  #1509 ) ;
#2557 = CARTESIAN_POINT ( 'NONE',  ( 0.02818149058340825228, -0.06502784687324603130, 0.3782616772104829828 ) ) ;
#2558 = CARTESIAN_POINT ( 'NONE',  ( -0.03216241693706832494, -0.06362483044002949228, 0.3124988446923552265 ) ) ;
#2559 = CARTESIAN_POINT ( 'NONE',  ( -0.1377952755905511861, -0.1968503937007874127, 0.03740157480314960925 ) ) ;
#2560 = CARTESIAN_POINT ( 'NONE',  ( -0.06525459091071882101, -0.02763814241784509976, 0.3142491040283225678 ) ) ;
#2561 = EDGE_CURVE ( 'NONE', #1240, #680, #4353, .T. ) ;
#2562 = CARTESIAN_POINT ( 'NONE',  ( 0.06124677744034810745, 0.03565363988856699862, 0.3205272685233193641 ) ) ;
#2563 = LINE ( 'NONE', #4034, #2657 ) ;
#2564 = DIRECTION ( 'NONE',  ( 0.000000000000000000, 0.000000000000000000, -1.000000000000000000 ) ) ;
#2565 = ORIENTED_EDGE ( 'NONE', *, *, #2799, .F. ) ;
#2566 = ORIENTED_EDGE ( 'NONE', *, *, #2451, .F. ) ;
#2567 = CARTESIAN_POINT ( 'NONE',  ( 0.01855460134213959139, -0.06902312249078944306, 0.3581077945519980932 ) ) ;
#2568 = CARTESIAN_POINT ( 'NONE',  ( 0.001106777173676377945, 0.07828325463771654280, 0.2907098637490551640 ) ) ;
#2569 = CARTESIAN_POINT ( 'NONE',  ( -0.07086614173228159008, 0.002041327227469279422, 0.2892468201726995369 ) ) ;
#2570 = CARTESIAN_POINT ( 'NONE',  ( 0.05851540515654115454, 0.04021030544461767081, 0.2813970916085505869 ) ) ;
#2571 = CARTESIAN_POINT ( 'NONE',  ( -0.07086614173228346358, -9.584624658083720144E-13, 0.3130236445506169307 ) ) ;
#2572 = EDGE_CURVE ( 'NONE', #1907, #4586, #4540, .T. ) ;
#2573 = ORIENTED_EDGE ( 'NONE', *, *, #2457, .T. ) ;
#2574 = FACE_OUTER_BOUND ( 'NONE', #1394, .T. ) ;
#2575 = CARTESIAN_POINT ( 'NONE',  ( 0.05386061652454286752, 0.06469233049774995858, 0.2743996062991861939 ) ) ;
#2576 = CARTESIAN_POINT ( 'NONE',  ( 0.02313293441263779282, -0.07519477849299212313, 0.3487758086310630001 ) ) ;
#2577 = EDGE_LOOP ( 'NONE', ( #525, #3880, #3956, #1475 ) ) ;
#2578 = VECTOR ( 'NONE', #3015, 39.37007874015748143 ) ;
#2579 = VECTOR ( 'NONE', #4676, 39.37007874015748143 ) ;
#2580 = CARTESIAN_POINT ( 'NONE',  ( 0.06901779333093142899, 0.01855773934078404699, 0.3433476456430911150 ) ) ;
#2581 = CARTESIAN_POINT ( 'NONE',  ( 0.05392885205904592721, -0.04601929910022763137, 0.3796971537037164834 ) ) ;
#2582 = CARTESIAN_POINT ( 'NONE',  ( 0.01854908945658495165, -0.06902167817823065543, 0.3738502675339739345 ) ) ;
#2583 = AXIS2_PLACEMENT_3D ( 'NONE', #1614, #2236, #3342 ) ;
#2584 = DIRECTION ( 'NONE',  ( 0.000000000000000000, 0.000000000000000000, -1.000000000000000000 ) ) ;
#2585 = CARTESIAN_POINT ( 'NONE',  ( 0.04860769376086838955, 0.05366182627735752164, 0.3412006803937847610 ) ) ;
#2586 = VECTOR ( 'NONE', #855, 39.37007874015748143 ) ;
#2587 = CARTESIAN_POINT ( 'NONE',  ( 0.07046004062166894011, 0.007665806714243882623, 0.3192093539135658631 ) ) ;
#2588 = CYLINDRICAL_SURFACE ( 'NONE', #4362, 0.07086614173228346358 ) ;
#2589 = VERTEX_POINT ( 'NONE', #907 ) ;
#2590 = VERTEX_POINT ( 'NONE', #1997 ) ;
#2591 = CARTESIAN_POINT ( 'NONE',  ( 0.01739732115751936245, 0.07695056580002922197, 0.3546295612249251161 ) ) ;
#2592 = CARTESIAN_POINT ( 'NONE',  ( 0.001154191423133464622, 0.08163690330055117794, 0.2938472228648424944 ) ) ;
#2593 = CARTESIAN_POINT ( 'NONE',  ( 0.07086614173228346358, 4.695363739110448401E-17, 0.3228657416923393364 ) ) ;
#2594 = VECTOR ( 'NONE', #2953, 39.37007874015748143 ) ;
#2595 = CARTESIAN_POINT ( 'NONE',  ( -0.004117547647142698851, 0.07074892032334575975, 0.2846207459948356666 ) ) ;
#2596 = CARTESIAN_POINT ( 'NONE',  ( 0.000000000000000000, -0.3740157480314960647, 0.2047244094488188948 ) ) ;
#2597 = EDGE_CURVE ( 'NONE', #952, #3698, #3463, .T. ) ;
#2598 = ORIENTED_EDGE ( 'NONE', *, *, #333, .F. ) ;
#2599 = EDGE_CURVE ( 'NONE', #3658, #4633, #2032, .T. ) ;
#2600 = DIRECTION ( 'NONE',  ( 0.000000000000000000, 0.000000000000000000, -1.000000000000000000 ) ) ;
#2601 = ADVANCED_FACE ( 'NONE', ( #881 ), #164, .T. ) ;
#2602 = CARTESIAN_POINT ( 'NONE',  ( -0.003172643061970357829, -0.08411710515296601243, 0.2862992125983200298 ) ) ;
#2603 = AXIS2_PLACEMENT_3D ( 'NONE', #1848, #2613, #4717 ) ;
#2604 = CARTESIAN_POINT ( 'NONE',  ( 0.03543236593514369898, 0.06137077229947697499, 0.3812322849789416823 ) ) ;
#2605 = EDGE_LOOP ( 'NONE', ( #1036, #3809, #2573, #2882 ) ) ;
#2606 = CARTESIAN_POINT ( 'NONE',  ( -0.06903073369195868170, 0.01854523542426166766, 0.3712365796596089895 ) ) ;
#2607 = CIRCLE ( 'NONE', #2225, 0.02362204724409448786 ) ;
#2608 = CARTESIAN_POINT ( 'NONE',  ( 0.06435142771820639984, -0.03086642006382897888, 0.3805001232080229556 ) ) ;
#2609 = EDGE_CURVE ( 'NONE', #4186, #1096, #4201, .T. ) ;
#2610 = PLANE ( 'NONE',  #3815 ) ;
#2611 = CARTESIAN_POINT ( 'NONE',  ( -0.08464566929133858497, -0.1968503937007874127, 0.2047244094488188948 ) ) ;
#2612 = CARTESIAN_POINT ( 'NONE',  ( -0.04621543057361278406, -0.05396071863364684806, 0.2920592065099435475 ) ) ;
#2613 = DIRECTION ( 'NONE',  ( -1.000000000000000000, 0.000000000000000000, 0.000000000000000000 ) ) ;
#2614 = CARTESIAN_POINT ( 'NONE',  ( 0.05029277542244579846, 0.04994086544475734302, 0.3213249589219772662 ) ) ;
#2615 = CARTESIAN_POINT ( 'NONE',  ( 0.01751855918934517448, 0.06518714765082227192, 0.3858267716540849102 ) ) ;
#2616 = EDGE_LOOP ( 'NONE', ( #1787, #4733 ) ) ;
#2617 = ORIENTED_EDGE ( 'NONE', *, *, #4067, .T. ) ;
#2618 = CARTESIAN_POINT ( 'NONE',  ( 0.07252778091459044507, -0.03231173141272282445, 0.3491009639228176975 ) ) ;
#2619 = DIRECTION ( 'NONE',  ( 0.000000000000000000, -1.000000000000000000, 0.000000000000000000 ) ) ;
#2620 = DIRECTION ( 'NONE',  ( -1.000000000000000000, 0.000000000000000000, 0.000000000000000000 ) ) ;
#2621 = CARTESIAN_POINT ( 'NONE',  ( 0.08019763358948819865, 0.02816340434939763882, 0.3113126621135827166 ) ) ;
#2622 = CARTESIAN_POINT ( 'NONE',  ( 0.07085924652560039727, 3.132569493496177037E-07, 0.2795206664978011624 ) ) ;
#2623 = CYLINDRICAL_SURFACE ( 'NONE', #368, 0.04330708661417323468 ) ;
#2624 = ORIENTED_EDGE ( 'NONE', *, *, #4737, .F. ) ;
#2625 = CARTESIAN_POINT ( 'NONE',  ( -0.1358267716535433156, -0.1161417322834645688, 0.1023622047244094474 ) ) ;
#2626 = CARTESIAN_POINT ( 'NONE',  ( -0.03937007874015747977, -0.1968503937007874127, 0.1889763779527559029 ) ) ;
#2627 = EDGE_CURVE ( 'NONE', #4412, #291, #2510, .T. ) ;
#2628 = LINE ( 'NONE', #2674, #1533 ) ;
#2629 = ORIENTED_EDGE ( 'NONE', *, *, #846, .T. ) ;
#2630 = CARTESIAN_POINT ( 'NONE',  ( -0.06970275360426479716, 0.01526022158595012959, 0.2926665841310105987 ) ) ;
#2631 = CARTESIAN_POINT ( 'NONE',  ( 0.02438235795029316394, -0.06654757895997176487, 0.3780867382871369031 ) ) ;
#2632 = CARTESIAN_POINT ( 'NONE',  ( -0.06857707881963798213, -0.02026277570351412219, 0.3099256427030953609 ) ) ;
#2633 = CARTESIAN_POINT ( 'NONE',  ( 0.1377952755905511861, -0.2165354330708661457, 0.2440944881889763884 ) ) ;
#2634 = CARTESIAN_POINT ( 'NONE',  ( -0.01816320215611767416, -0.06851315084199136041, 0.2934519960026963914 ) ) ;
#2635 = CARTESIAN_POINT ( 'NONE',  ( 0.000000000000000000, -0.3740157480314960647, -1.065259842546456781 ) ) ;
#2636 = EDGE_CURVE ( 'NONE', #4268, #2363, #2742, .T. ) ;
#2637 = CARTESIAN_POINT ( 'NONE',  ( 0.06516862956634848769, 0.02791212783770648242, 0.3201609705772880399 ) ) ;
#2638 = CARTESIAN_POINT ( 'NONE',  ( 0.06796259484228084347, -0.02021092109157720737, 0.3219410395608602871 ) ) ;
#2639 = ORIENTED_EDGE ( 'NONE', *, *, #4099, .T. ) ;
#2640 = ORIENTED_EDGE ( 'NONE', *, *, #691, .T. ) ;
#2641 = CARTESIAN_POINT ( 'NONE',  ( -0.01344011200199904735, 0.07773840425545448796, 0.3361776140033450599 ) ) ;
#2642 = CARTESIAN_POINT ( 'NONE',  ( -0.06997386870956692762, 0.02681838765125590593, 0.2717063629011023940 ) ) ;
#2643 = CARTESIAN_POINT ( 'NONE',  ( -0.06693448480402228173, 0.02331028650382054729, 0.2883177033635461739 ) ) ;
#2644 = DIRECTION ( 'NONE',  ( -1.000000000000000000, 0.000000000000000000, 0.000000000000000000 ) ) ;
#2645 = CARTESIAN_POINT ( 'NONE',  ( 0.04135852974241853441, 0.05759641347810343787, 0.2824934036684936811 ) ) ;
#2646 = DIRECTION ( 'NONE',  ( 0.000000000000000000, 1.000000000000000000, 0.000000000000000000 ) ) ;
#2647 = VERTEX_POINT ( 'NONE', #2061 ) ;
#2648 = CARTESIAN_POINT ( 'NONE',  ( 0.000000000000000000, 0.000000000000000000, 0.2440944881889763884 ) ) ;
#2649 = CARTESIAN_POINT ( 'NONE',  ( -0.1358267716535433156, 0.08031496062992127261, -0.1318897637795275746 ) ) ;
#2650 = CARTESIAN_POINT ( 'NONE',  ( 0.05187586508145669573, 0.06338126776822834707, 0.3720820190691339069 ) ) ;
#2651 = ORIENTED_EDGE ( 'NONE', *, *, #568, .T. ) ;
#2652 = CARTESIAN_POINT ( 'NONE',  ( -0.02149376000486043908, 0.06773919657699310759, 0.2893601569683998398 ) ) ;
#2653 = DIRECTION ( 'NONE',  ( 0.000000000000000000, 0.000000000000000000, 1.000000000000000000 ) ) ;
#2654 = CARTESIAN_POINT ( 'NONE',  ( 0.08093756567968506122, -0.003394077182483464655, 0.3903939214383070899 ) ) ;
#2655 = CARTESIAN_POINT ( 'NONE',  ( 0.04720400384811023614, 0.06246018678925197021, 0.2997379708963385792 ) ) ;
#2656 = VECTOR ( 'NONE', #124, 39.37007874015748143 ) ;
#2657 = VECTOR ( 'NONE', #1828, 39.37007874015748143 ) ;
#2658 = CARTESIAN_POINT ( 'NONE',  ( -0.01854910050310516062, 0.06902167595259768584, 0.3640083067468991573 ) ) ;
#2659 = VECTOR ( 'NONE', #3801, 39.37007874015748143 ) ;
#2660 = CARTESIAN_POINT ( 'NONE',  ( 0.03937007874015747977, -0.3740157480314960647, -1.038248460694094488 ) ) ;
#2661 = EDGE_CURVE ( 'NONE', #1256, #4221, #3848, .T. ) ;
#2662 = PLANE ( 'NONE',  #4276 ) ;
#2663 = VECTOR ( 'NONE', #781, 39.37007874015748143 ) ;
#2664 = ORIENTED_EDGE ( 'NONE', *, *, #837, .T. ) ;
#2665 = ORIENTED_EDGE ( 'NONE', *, *, #2136, .T. ) ;
#2666 = CARTESIAN_POINT ( 'NONE',  ( -0.05720162445683778241, -0.05433980655751874389, 0.3429337819417871414 ) ) ;
#2667 = CARTESIAN_POINT ( 'NONE',  ( 0.06945047409779528391, 0.02813592530126378041, 0.3232713235310630262 ) ) ;
#2668 = CARTESIAN_POINT ( 'NONE',  ( -0.06802651049331984168, 0.02000126590313180963, 0.2884670750467785982 ) ) ;
#2669 = DIRECTION ( 'NONE',  ( 0.000000000000000000, 1.000000000000000000, 0.000000000000000000 ) ) ;
#2670 = CARTESIAN_POINT ( 'NONE',  ( -0.1370078740157480435, 0.000000000000000000, -0.2440944881889763884 ) ) ;
#2671 = LINE ( 'NONE', #524, #1979 ) ;
#2672 = ORIENTED_EDGE ( 'NONE', *, *, #1841, .T. ) ;
#2673 = CARTESIAN_POINT ( 'NONE',  ( -0.009276356260599862361, 0.07086614173228346358, 0.2691307479593278984 ) ) ;
#2674 = CARTESIAN_POINT ( 'NONE',  ( -0.08464566929133858497, -0.1968503937007874127, 0.03740157480314960925 ) ) ;
#2675 = ORIENTED_EDGE ( 'NONE', *, *, #1260, .F. ) ;
#2676 = CARTESIAN_POINT ( 'NONE',  ( -0.001268224342253928411, 0.07085628813559546879, 0.2884428590222252731 ) ) ;
#2677 = CARTESIAN_POINT ( 'NONE',  ( -0.07086614173228346358, -0.009276356260599931750, 0.2740631936106630584 ) ) ;
#2678 = MANIFOLD_SOLID_BREP ( 'NONE', #2816 ) ;
#2679 = CARTESIAN_POINT ( 'NONE',  ( 0.06762943805862205171, 0.04432292710370079603, 0.3695279971432283150 ) ) ;
#2680 = CARTESIAN_POINT ( 'NONE',  ( 0.04420932383086614847, 0.06461446122421260485, 0.3195706480616535283 ) ) ;
#2681 = CYLINDRICAL_SURFACE ( 'NONE', #4749, 0.03937007874015747977 ) ;
#2682 = VECTOR ( 'NONE', #1982, 39.37007874015748143 ) ;
#2683 = DIRECTION ( 'NONE',  ( 0.000000000000000000, 0.000000000000000000, 1.000000000000000000 ) ) ;
#2684 = ADVANCED_FACE ( 'NONE', ( #4721 ), #3058, .F. ) ;
#2685 = CARTESIAN_POINT ( 'NONE',  ( -0.08464566929133858497, -0.1968503937007874127, 0.2047244094488188948 ) ) ;
#2686 = ORIENTED_EDGE ( 'NONE', *, *, #2360, .F. ) ;
#2687 = EDGE_CURVE ( 'NONE', #4359, #2872, #3633, .T. ) ;
#2688 = ORIENTED_EDGE ( 'NONE', *, *, #1311, .F. ) ;
#2689 = CARTESIAN_POINT ( 'NONE',  ( 0.000000000000000000, 0.000000000000000000, 0.2440944881889763884 ) ) ;
#2690 = CARTESIAN_POINT ( 'NONE',  ( -0.07228112685133858406, -0.01977387142031890310, 0.2736896306175984339 ) ) ;
#2691 = CARTESIAN_POINT ( 'NONE',  ( -0.07014373265024116677, 0.01012138087004118940, 0.3282776943307688100 ) ) ;
#2692 = CARTESIAN_POINT ( 'NONE',  ( 0.07086614173228346358, 0.01484226761861676472, 0.3392313323498365452 ) ) ;
#2693 = CARTESIAN_POINT ( 'NONE',  ( 0.002588597098836322580, -0.07082258318354726911, 0.2983425942968412903 ) ) ;
#2694 = CYLINDRICAL_SURFACE ( 'NONE', #1432, 0.07086614173228346358 ) ;
#2695 = PRODUCT_RELATED_PRODUCT_CATEGORY ( 'part', '', ( #82 ) ) ;
#2696 = ORIENTED_EDGE ( 'NONE', *, *, #3222, .T. ) ;
#2697 = ADVANCED_FACE ( 'NONE', ( #4625 ), #3166, .F. ) ;
#2698 = CARTESIAN_POINT ( 'NONE',  ( -0.06192187004085299151, 0.03568953404203213664, 0.2720085687956988463 ) ) ;
#2699 = CARTESIAN_POINT ( 'NONE',  ( 0.03250766144294366805, -0.06300711998042796136, 0.3351319432918637431 ) ) ;
#2700 = PLANE ( 'NONE',  #3529 ) ;
#2701 = ORIENTED_EDGE ( 'NONE', *, *, #1401, .T. ) ;
#2702 = CARTESIAN_POINT ( 'NONE',  ( -0.007452415555249119680, 0.07856182232731859227, 0.3737810464424223267 ) ) ;
#2703 = CARTESIAN_POINT ( 'NONE',  ( 0.05666930379199720813, -0.04355055495885198913, 0.2814459973916322300 ) ) ;
#2704 = CARTESIAN_POINT ( 'NONE',  ( -0.03687612000684645924, 0.07567413433192912708, 0.3378195557340157307 ) ) ;
#2705 = CARTESIAN_POINT ( 'NONE',  ( -0.07218714781795275426, 0.02011427686186220351, 0.3286578103270865747 ) ) ;
#2706 = LINE ( 'NONE', #2324, #687 ) ;
#2707 = LINE ( 'NONE', #3478, #2353 ) ;
#2708 = CARTESIAN_POINT ( 'NONE',  ( -0.1370078740157480435, 0.000000000000000000, -0.2440944881889763884 ) ) ;
#2709 = EDGE_LOOP ( 'NONE', ( #2078, #1319, #3777, #909 ) ) ;
#2710 = EDGE_CURVE ( 'NONE', #1913, #1762, #3656, .T. ) ;
#2711 = CARTESIAN_POINT ( 'NONE',  ( 0.05732689935781046936, 0.04165007720580810729, 0.3248095520482495724 ) ) ;
#2712 = DIRECTION ( 'NONE',  ( 1.000000000000000000, 0.000000000000000000, 0.000000000000000000 ) ) ;
#2713 = DIRECTION ( 'NONE',  ( 1.000000000000000000, 0.000000000000000000, 0.000000000000000000 ) ) ;
#2714 = LINE ( 'NONE', #2355, #2897 ) ;
#2715 = ORIENTED_EDGE ( 'NONE', *, *, #1191, .F. ) ;
#2716 = CARTESIAN_POINT ( 'NONE',  ( -0.01854906267113017385, 0.06902168574814833424, 0.2695418652216666211 ) ) ;
#2717 = CARTESIAN_POINT ( 'NONE',  ( 0.03977624537370687274, -0.05864708073364682805, 0.3355229861513385203 ) ) ;
#2718 = ADVANCED_FACE ( 'NONE', ( #3218 ), #2540, .F. ) ;
#2719 = CARTESIAN_POINT ( 'NONE',  ( -0.05557096621630615990, -0.04397614406752490407, 0.2914392644851374614 ) ) ;
#2720 = CARTESIAN_POINT ( 'NONE',  ( 0.04831113482566166267, -0.05324733254418374806, 0.3801908570500906470 ) ) ;
#2721 = ORIENTED_EDGE ( 'NONE', *, *, #4180, .F. ) ;
#2722 = PLANE ( 'NONE',  #663 ) ;
#2723 = CARTESIAN_POINT ( 'NONE',  ( 0.000000000000000000, 0.000000000000000000, 0.2440944881889763884 ) ) ;
#2724 = CARTESIAN_POINT ( 'NONE',  ( -0.04890819967370078208, -0.06851627788574803091, 0.3836692932668504530 ) ) ;
#2725 = CARTESIAN_POINT ( 'NONE',  ( 0.0007062550189460630682, -0.07493376612283465799, 0.3147749363112992693 ) ) ;
#2726 = CARTESIAN_POINT ( 'NONE',  ( 0.04133858267716535029, -0.1968503937007874127, 0.01771653543307086590 ) ) ;
#2727 = CARTESIAN_POINT ( 'NONE',  ( -0.03568953404203206031, -0.06192187004085302621, 0.3359608936055082373 ) ) ;
#2728 = DIRECTION ( 'NONE',  ( 0.000000000000000000, 0.000000000000000000, 1.000000000000000000 ) ) ;
#2729 = ORIENTED_EDGE ( 'NONE', *, *, #427, .F. ) ;
#2730 = LINE ( 'NONE', #841, #514 ) ;
#2731 = VECTOR ( 'NONE', #347, 39.37007874015748854 ) ;
#2732 = DIRECTION ( 'NONE',  ( 1.000000000000000000, 0.000000000000000000, 0.000000000000000000 ) ) ;
#2733 = LINE ( 'NONE', #165, #1891 ) ;
#2734 = VERTEX_POINT ( 'NONE', #3992 ) ;
#2735 = EDGE_LOOP ( 'NONE', ( #3797, #4269 ) ) ;
#2736 = COLOUR_RGB ( '',0.7921568627450980005, 0.8196078431372548767, 0.9333333333333333481 ) ;
#2737 = CIRCLE ( 'NONE', #1595, 0.02559055118110236185 ) ;
#2738 = DIRECTION ( 'NONE',  ( 0.000000000000000000, 0.000000000000000000, 1.000000000000000000 ) ) ;
#2739 = CARTESIAN_POINT ( 'NONE',  ( 0.01683527313060304703, -0.06884044776269943045, 0.3343965473843598657 ) ) ;
#2740 = EDGE_CURVE ( 'NONE', #1501, #777, #3555, .T. ) ;
#2741 = CARTESIAN_POINT ( 'NONE',  ( 0.01406345974501644648, -0.06951768148455000906, 0.2949003180781896716 ) ) ;
#2742 = B_SPLINE_CURVE_WITH_KNOTS ( 'NONE', 3,
 ( #1974, #2692, #928, #4240 ),
 .UNSPECIFIED., .F., .F.,
 ( 4, 4 ),
 ( 0.000000000000000000, 1.000000000000000000 ),
 .UNSPECIFIED. ) ;
#2743 = CARTESIAN_POINT ( 'NONE',  ( 0.05967208280659670738, -0.03827575722586352286, 0.2973976461313422859 ) ) ;
#2744 = ORIENTED_EDGE ( 'NONE', *, *, #2894, .T. ) ;
#2745 = EDGE_CURVE ( 'NONE', #3509, #4053, #4675, .T. ) ;
#2746 = CARTESIAN_POINT ( 'NONE',  ( 0.03003444767628038123, 0.06485420928718069189, 0.2870284699070178025 ) ) ;
#2747 = CARTESIAN_POINT ( 'NONE',  ( -0.03937007874015747977, -0.1771653543307086520, 0.03543307086614173179 ) ) ;
#2748 = CARTESIAN_POINT ( 'NONE',  ( 0.07981032452267716737, -0.01298363811676771749, 0.3475201231274410163 ) ) ;
#2749 = CARTESIAN_POINT ( 'NONE',  ( -0.04347359031271653962, 0.06103781653059055234, 0.3068418654451574579 ) ) ;
#2750 = CARTESIAN_POINT ( 'NONE',  ( 0.04977125542901573996, -0.05669333079066929404, 0.3532353462245275688 ) ) ;
#2751 = EDGE_CURVE ( 'NONE', #26, #3443, #2969, .T. ) ;
#2752 = CARTESIAN_POINT ( 'NONE',  ( 0.07086614173228350522, -0.009276356260599492864, 0.3421133037711705516 ) ) ;
#2753 = CARTESIAN_POINT ( 'NONE',  ( 0.001523725283500385790, -0.07085228152013225977, 0.3179822760571505147 ) ) ;
#2754 = CARTESIAN_POINT ( 'NONE',  ( -0.08464566929133858497, -0.1948818897637795422, 0.2047244094488188948 ) ) ;
#2755 = DIRECTION ( 'NONE',  ( -1.000000000000000000, 0.000000000000000000, 0.000000000000000000 ) ) ;
#2756 = DIRECTION ( 'NONE',  ( -1.000000000000000000, 0.000000000000000000, 0.000000000000000000 ) ) ;
#2757 = ORIENTED_EDGE ( 'NONE', *, *, #148, .F. ) ;
#2758 = ORIENTED_EDGE ( 'NONE', *, *, #3461, .F. ) ;
#2759 = CARTESIAN_POINT ( 'NONE',  ( 0.004804140772244095206, -0.08486325264779526201, 0.3267335977287007531 ) ) ;
#2760 = CARTESIAN_POINT ( 'NONE',  ( 0.02722712531419363077, -0.06542692705505180617, 0.3348644124680711376 ) ) ;
#2761 = CARTESIAN_POINT ( 'NONE',  ( 0.02944188396458300924, -0.06446942696055710242, 0.2956134488509229996 ) ) ;
#2762 = B_SPLINE_CURVE_WITH_KNOTS ( 'NONE', 3,
 ( #444, #1914, #4124, #4550, #4098, #1263, #3090, #2702, #3381, #3067, #872, #3769, #3745, #895 ),
 .UNSPECIFIED., .F., .F.,
 ( 4, 2, 2, 2, 2, 2, 4 ),
 ( -1.189023505538842548E-08, 0.0006108244296451385228, 0.001221660749525331838, 0.002443333389285718901, 0.003665006029046105965, 0.004275842348926299497, 0.004886678668806493028 ),
 .UNSPECIFIED. ) ;
#2763 = CARTESIAN_POINT ( 'NONE',  ( -0.06820601518125653240, -0.03030163001013471899, 0.3769919910507968375 ) ) ;
#2764 = ORIENTED_EDGE ( 'NONE', *, *, #3125, .T. ) ;
#2765 = EDGE_CURVE ( 'NONE', #3018, #1096, #2909, .T. ) ;
#2766 = CARTESIAN_POINT ( 'NONE',  ( -0.04804995236265879183, 0.05211100290628952608, 0.3104181278290264467 ) ) ;
#2767 = CARTESIAN_POINT ( 'NONE',  ( 0.06759328155405512628, 0.01856753214235039307, 0.3229055098827952608 ) ) ;
#2768 = CARTESIAN_POINT ( 'NONE',  ( -0.08071422291161417517, 0.02664680091795276068, 0.2994130558143701104 ) ) ;
#2769 = CARTESIAN_POINT ( 'NONE',  ( -0.03937007874015747977, -0.1771653543307086520, 0.03543307086614173179 ) ) ;
#2770 = EDGE_LOOP ( 'NONE', ( #2210, #357, #3968, #3547 ) ) ;
#2771 = DIRECTION ( 'NONE',  ( 0.000000000000000000, 0.000000000000000000, -1.000000000000000000 ) ) ;
#2772 = CARTESIAN_POINT ( 'NONE',  ( -0.06629465699801037615, -0.02504348875331230753, 0.3731788294694196040 ) ) ;
#2773 = CARTESIAN_POINT ( 'NONE',  ( 0.000000000000000000, 0.000000000000000000, 0.2440944881889763884 ) ) ;
#2774 = PRODUCT_DEFINITION ( 'UNKNOWN', '', #2869, #3467 ) ;
#2775 = CARTESIAN_POINT ( 'NONE',  ( -0.1377952755905511861, -0.1771653543307086520, 0.03543307086614173179 ) ) ;
#2776 = EDGE_CURVE ( 'NONE', #565, #410, #4341, .T. ) ;
#2777 = CARTESIAN_POINT ( 'NONE',  ( -0.007132344855919832069, -0.07086640778999088452, 0.3176119900906073656 ) ) ;
#2778 = CARTESIAN_POINT ( 'NONE',  ( 0.000000000000000000, 0.000000000000000000, -0.2047244094488188948 ) ) ;
#2779 = DIRECTION ( 'NONE',  ( 0.000000000000000000, 0.000000000000000000, 1.000000000000000000 ) ) ;
#2780 = CARTESIAN_POINT ( 'NONE',  ( -0.1358267716535433156, 0.000000000000000000, -0.2440944881889763884 ) ) ;
#2781 = ORIENTED_EDGE ( 'NONE', *, *, #1751, .T. ) ;
#2782 = VERTEX_POINT ( 'NONE', #2138 ) ;
#2783 = CARTESIAN_POINT ( 'NONE',  ( 0.005203676333996062539, 0.08483911455948818514, 0.2771519048153543441 ) ) ;
#2784 = CARTESIAN_POINT ( 'NONE',  ( 0.04258494690941186378, -0.05666225249812559261, 0.3356796719366979542 ) ) ;
#2785 = CYLINDRICAL_SURFACE ( 'NONE', #2374, 0.07086614173228346358 ) ;
#2786 = CARTESIAN_POINT ( 'NONE',  ( -0.05118110236220472370, 6.267877318470704827E-18, -0.2047244094488188948 ) ) ;
#2787 = ORIENTED_EDGE ( 'NONE', *, *, #2745, .T. ) ;
#2788 = CARTESIAN_POINT ( 'NONE',  ( -0.03256651356164126654, 0.06294045934566008804, 0.3095906309947235591 ) ) ;
#2789 = CARTESIAN_POINT ( 'NONE',  ( -0.04248367818208662050, 0.06085364531488189621, 0.3485813629011417780 ) ) ;
#2790 = CARTESIAN_POINT ( 'NONE',  ( 0.04891872827917322780, -0.06536722544129920653, 0.3104834857962991967 ) ) ;
#2791 = CARTESIAN_POINT ( 'NONE',  ( -0.03452154604736220461, -0.06342230520724409515, 0.3722388470725984111 ) ) ;
#2792 = ORIENTED_EDGE ( 'NONE', *, *, #4067, .F. ) ;
#2793 = CYLINDRICAL_SURFACE ( 'NONE', #4445, 0.07086614173228346358 ) ;
#2794 = CARTESIAN_POINT ( 'NONE',  ( -0.03467692621055181584, -0.06180844685543371297, 0.3753768455334536291 ) ) ;
#2795 = LINE ( 'NONE', #227, #741 ) ;
#2796 = LINE ( 'NONE', #2464, #893 ) ;
#2797 = CARTESIAN_POINT ( 'NONE',  ( -0.02684577795302979866, -0.06558444199375854100, 0.3167190782423399131 ) ) ;
#2798 = B_SPLINE_CURVE_WITH_KNOTS ( 'NONE', 3,
 ( #2267, #2242, #2893, #1477, #4378, #3253, #3716, #24, #3694, #4003, #4356, #707, #1070, #2528, #1524, #3671, #412, #729, #1883, #2171, #2193, #1839, #3327, #3645, #2220, #2602, #1813, #3349, #3306, #2, #2944, #2575, #4048, #3281, #4736 ),
 .UNSPECIFIED., .F., .F.,
 ( 4, 1, 1, 1, 1, 1, 1, 1, 1, 1, 1, 1, 1, 1, 1, 1, 1, 1, 1, 1, 1, 1, 1, 1, 1, 1, 1, 1, 1, 1, 1, 1, 4 ),
 ( 0.000000000000000000, 0.0004850133615875170485, 0.001745395090548526422, 0.003005776819509531784, 0.004266158548470537146, 0.005526540277431542074, 0.006786922006392551339, 0.008047303735353556267, 0.009307685464314562063, 0.01056806719327556612, 0.01182844892223657712, 0.01308883065119758118, 0.01434921238015858698, 0.01560959410911959104, 0.01686997583808060031, 0.01813035756704160437, 0.01939073929600261190, 0.02065112102496361596, 0.02191150275392462002, 0.02317188448288562755, 0.02443226621184663508, 0.02569264794080764261, 0.02695302966976865361, 0.02821341139872965767, 0.02947379312769066520, 0.03073417485665166926, 0.03199455658561266985, 0.03325493831457367738, 0.03451532004353468491, 0.03577570177249569244, 0.03703608350145669303, 0.03829646523041770750, 0.03878147615229673301 ),
 .UNSPECIFIED. ) ;
#2799 = EDGE_CURVE ( 'NONE', #1881, #2239, #1392, .T. ) ;
#2800 = CARTESIAN_POINT ( 'NONE',  ( -0.006630631023912224309, 0.07058221300059543124, 0.3241118162565913563 ) ) ;
#2801 = DIRECTION ( 'NONE',  ( 0.000000000000000000, 0.000000000000000000, 1.000000000000000000 ) ) ;
#2802 = CARTESIAN_POINT ( 'NONE',  ( -0.1377952755905511861, -0.1771653543307086520, -0.2440944881889763884 ) ) ;
#2803 = AXIS2_PLACEMENT_3D ( 'NONE', #823, #3806, #3085 ) ;
#2804 = AXIS2_PLACEMENT_3D ( 'NONE', #1249, #2771, #942 ) ;
#2805 = ORIENTED_EDGE ( 'NONE', *, *, #39, .F. ) ;
#2806 = VECTOR ( 'NONE', #2490, 39.37007874015748143 ) ;
#2807 = ORIENTED_EDGE ( 'NONE', *, *, #1142, .F. ) ;
#2808 = ADVANCED_FACE ( 'NONE', ( #1058 ), #3940, .T. ) ;
#2809 = CIRCLE ( 'NONE', #4576, 0.06692913385805550341 ) ;
#2810 = CARTESIAN_POINT ( 'NONE',  ( 0.001201605672955511749, 0.08499055196334646956, 0.2969845819805905784 ) ) ;
#2811 = CARTESIAN_POINT ( 'NONE',  ( 0.008956599544912714761, -0.07033322734984903679, 0.3340570805899834017 ) ) ;
#2812 = FACE_OUTER_BOUND ( 'NONE', #1344, .T. ) ;
#2813 = CARTESIAN_POINT ( 'NONE',  ( -0.03601448064281063954, 0.06281128836223315304, 0.3294004181273335052 ) ) ;
#2814 = VERTEX_POINT ( 'NONE', #2445 ) ;
#2815 = VECTOR ( 'NONE', #1462, 39.37007874015748143 ) ;
#2816 = CLOSED_SHELL ( 'NONE', ( #3695, #3631, #4137, #1898, #4305, #271, #420, #4107, #2808, #396, #4482, #3404, #635, #541, #2684, #2102, #2164, #182, #1849, #700, #2369, #2718, #1686, #3957, #3921, #1364, #2344, #1016, #2315, #3043, #1332, #1555, #3642, #157, #3841, #3103, #986, #3457, #2108, #2215, #726, #4102, #3135, #3566, #4450, #3183, #4332, #3549, #889, #4129, #3108, #3274, #3726, #834, #4166, #2840, #4747, #716, #4162, #1406, #623, #1786, #1041, #4598, #3421, #2697, #2249, #3398, #461, #2852, #2424, #1252, #1435, #2829, #1864, #693, #3341, #3479, #1985, #2601, #4409, #896, #3541, #3507, #860, #36, #3606, #4510, #2336, #1335, #517, #1640, #1545, #2284, #869, #3488, #507, #374, #902 ) ) ;
#2817 = LINE ( 'NONE', #3175, #359 ) ;
#2818 = CARTESIAN_POINT ( 'NONE',  ( 0.04884901190909899521, 0.05134434620648482828, 0.3057070166661073340 ) ) ;
#2819 = CARTESIAN_POINT ( 'NONE',  ( -0.03251082712332283714, 0.06671604004204724492, 0.3284074783866929859 ) ) ;
#2820 = CARTESIAN_POINT ( 'NONE',  ( 0.07566730886043307458, 0.03065450275905118316, 0.3342826983948425368 ) ) ;
#2821 = CARTESIAN_POINT ( 'NONE',  ( 0.02209792090230709022, 0.06874451129972440622, 0.3629835977287401705 ) ) ;
#2822 = ORIENTED_EDGE ( 'NONE', *, *, #2898, .T. ) ;
#2823 = CARTESIAN_POINT ( 'NONE',  ( 0.000000000000000000, 0.000000000000000000, -0.2047244094488188948 ) ) ;
#2824 = CARTESIAN_POINT ( 'NONE',  ( -0.06069233750656713444, -0.03658505590920535511, 0.3737636948449730157 ) ) ;
#2825 = LINE ( 'NONE', #2155, #432 ) ;
#2826 = CARTESIAN_POINT ( 'NONE',  ( -0.07881102253953385650, 0.000000000000000000, 0.3719645681934791170 ) ) ;
#2827 = CARTESIAN_POINT ( 'NONE',  ( 0.06200247370586781104, -0.03462995139691314034, 0.3212670806875092544 ) ) ;
#2828 = ADVANCED_BREP_SHAPE_REPRESENTATION ( 'Same_Sky_MJ1-2502', ( #2678, #2401 ), #943 ) ;
#2829 = ADVANCED_FACE ( 'NONE', ( #306 ), #2517, .F. ) ;
#2830 = CARTESIAN_POINT ( 'NONE',  ( -0.04593367648062730152, 0.05403356090316295546, 0.3260229419106399074 ) ) ;
#2831 = CARTESIAN_POINT ( 'NONE',  ( 0.000000000000000000, 0.000000000000000000, 0.3858267716535432879 ) ) ;
#2832 = EDGE_CURVE ( 'NONE', #453, #3755, #2085, .T. ) ;
#2833 = FACE_OUTER_BOUND ( 'NONE', #727, .T. ) ;
#2834 = ORIENTED_EDGE ( 'NONE', *, *, #3159, .F. ) ;
#2835 = ORIENTED_EDGE ( 'NONE', *, *, #2484, .F. ) ;
#2836 = CARTESIAN_POINT ( 'NONE',  ( -0.04555452948125919554, -0.06441785973079471039, 0.3632360557870140116 ) ) ;
#2837 = CARTESIAN_POINT ( 'NONE',  ( 0.05092831243830708843, -0.06805251480598424607, 0.3088841882798031846 ) ) ;
#2838 = CARTESIAN_POINT ( 'NONE',  ( -0.01958317018428189227, -0.06813835821469846343, 0.3327588908893016617 ) ) ;
#2839 = CARTESIAN_POINT ( 'NONE',  ( -0.07008433727453415585, -0.01052578769381218478, 0.2898221394153817076 ) ) ;
#2840 = ADVANCED_FACE ( 'NONE', ( #695 ), #1003, .F. ) ;
#2841 = CARTESIAN_POINT ( 'NONE',  ( 0.04362600960260028943, -0.05584813391926853055, 0.2963639964297557494 ) ) ;
#2842 = ORIENTED_EDGE ( 'NONE', *, *, #3049, .T. ) ;
#2843 = DIRECTION ( 'NONE',  ( 1.000000000000000000, 0.000000000000000000, 0.000000000000000000 ) ) ;
#2844 = CARTESIAN_POINT ( 'NONE',  ( 0.06683337641543307672, 0.03317821329708267597, 0.3266541988323228840 ) ) ;
#2845 = CARTESIAN_POINT ( 'NONE',  ( 0.004614573815681102809, -0.08151462709834646214, 0.3283328952451968763 ) ) ;
#2846 = CARTESIAN_POINT ( 'NONE',  ( 0.06568638559397638188, -0.02999040996145669463, 0.3576948838179921375 ) ) ;
#2847 = ORIENTED_EDGE ( 'NONE', *, *, #4234, .F. ) ;
#2848 = CARTESIAN_POINT ( 'NONE',  ( 0.05945131017871100459, 0.04319408547470825893, 0.3379258133990498680 ) ) ;
#2849 = DIRECTION ( 'NONE',  ( 0.000000000000000000, 0.000000000000000000, 1.000000000000000000 ) ) ;
#2850 = CARTESIAN_POINT ( 'NONE',  ( 0.06516645494038920960, -0.02876591649640914891, 0.3175728567786317291 ) ) ;
#2851 = CARTESIAN_POINT ( 'NONE',  ( -0.1377952755905511861, 0.1574803149606299191, -0.2440944881889763884 ) ) ;
#2852 = ADVANCED_FACE ( 'NONE', ( #1799 ), #1466, .F. ) ;
#2853 = CARTESIAN_POINT ( 'NONE',  ( 0.002237341136293388797, -0.07083255540150107388, 0.3180135070001699482 ) ) ;
#2854 = B_SPLINE_CURVE_WITH_KNOTS ( 'NONE', 3,
 ( #3490, #3807, #4223, #169, #120, #3086, #1322, #3469, #2041, #527, #1681, #4608, #3829, #187, #4165, #1301, #2068, #3513, #4522, #1659, #4566, #1280, #3106, #2381, #4206, #1622, #4245, #3149, #3871, #3064, #4546, #506, #2021, #1258, #598, #2784, #1597, #955, #2717, #570, #1238, #214, #2427, #2699, #3445, #4183, #2359, #3899, #3130, #2760, #147, #888, #868, #1981, #2338, #913, #2002, #1642, #2739, #3853, #551, #4588, #933, #2399, #2811, #4703, #723, #702, #3171, #2144, #3226, #3588, #289, #3617, #2862, #4020, #2838, #1010, #677, #3998, #4630, #2450, #312, #1730, #3537, #4730, #236, #4373, #261, #2523, #1706, #4272, #3200, #2473, #2915, #4659, #1033, #984, #1089, #2116, #2091, #1374, #1346, #622, #334, #4321, #3946, #2548, #3924, #2166, #3639, #1806, #4681, #3561, #1783, #1450, #2496, #1760, #4298, #3973, #3248, #1422, #1400, #647 ),
 .UNSPECIFIED., .F., .F.,
 ( 4, 2, 2, 2, 1, 1, 2, 2, 2, 2, 1, 1, 2, 2, 2, 2, 1, 2, 2, 2, 1, 1, 1, 1, 2, 2, 2, 2, 2, 1, 2, 2, 2, 2, 1, 1, 2, 2, 2, 2, 1, 1, 1, 2, 2, 2, 2, 2, 1, 1, 2, 2, 2, 2, 1, 1, 1, 1, 2, 2, 2, 2, 2, 1, 1, 1, 1, 2, 2, 2, 2, 1, 2, 2, 4 ),
 ( 0.000000000000000000, 0.03125000000000254657, 0.04687500000000381639, 0.05468750000000444089, 0.05859375000000473233, 0.06054687500000489886, 0.06152343750000498906, 0.06250000000000506539, 0.09375000000000900668, 0.1093750000000109635, 0.1171875000000119488, 0.1210937500000124206, 0.1230468750000126565, 0.1250000000000128786, 0.1875000000000220379, 0.2187500000000265343, 0.2343750000000287548, 0.2421875000000298650, 0.2500000000000309752, 0.2812500000000354161, 0.2968750000000376366, 0.3046875000000388023, 0.3085937500000393574, 0.3105468750000396350, 0.3115234375000397460, 0.3125000000000399125, 0.3437500000000451861, 0.3593750000000478506, 0.3671875000000491274, 0.3710937500000496825, 0.3730468750000499600, 0.3750000000000502376, 0.4062500000000547340, 0.4218750000000570100, 0.4296875000000581757, 0.4335937500000587863, 0.4355468750000590084, 0.4375000000000592859, 0.4687500000000632827, 0.4843750000000652811, 0.4921875000000662803, 0.4960937500000667244, 0.4980468750000669464, 0.4990234375000670575, 0.5000000000000671685, 0.5625000000000722755, 0.5937500000000748290, 0.6093750000000760503, 0.6171875000000767164, 0.6210937500000771605, 0.6230468750000773825, 0.6250000000000777156, 0.6875000000000850431, 0.7187500000000887068, 0.7343750000000905942, 0.7421875000000915934, 0.7460937500000921485, 0.7480468750000923706, 0.7490234375000924816, 0.7500000000000925926, 0.8125000000000728306, 0.8437500000000630607, 0.8593750000000581757, 0.8671875000000557332, 0.8710937500000544009, 0.8730468750000538458, 0.8740234375000536238, 0.8745117187500534017, 0.8750000000000531797, 0.9062500000000398570, 0.9218750000000333067, 0.9296875000000298650, 0.9335937500000281997, 0.9375000000000265343, 1.000000000000000000 ),
 .UNSPECIFIED. ) ;
#2855 = CARTESIAN_POINT ( 'NONE',  ( -0.05415788069579580144, 0.04570343268387918462, 0.3265206280832257391 ) ) ;
#2856 =( NAMED_UNIT ( * ) SI_UNIT ( $, .STERADIAN. ) SOLID_ANGLE_UNIT ( ) );
#2857 = CARTESIAN_POINT ( 'NONE',  ( 0.04133858267716535029, -0.1771653543307086520, -0.2440944881889763884 ) ) ;
#2858 = ORIENTED_EDGE ( 'NONE', *, *, #2740, .T. ) ;
#2859 = VERTEX_POINT ( 'NONE', #352 ) ;
#2860 = CARTESIAN_POINT ( 'NONE',  ( -0.06984021937166891292, 0.03671208187750809454, 0.3587227780693060253 ) ) ;
#2861 = CARTESIAN_POINT ( 'NONE',  ( 0.004793011812460629822, 0.07814376839397638164, 0.2708771865838189297 ) ) ;
#2862 = CARTESIAN_POINT ( 'NONE',  ( -0.007019555819532476842, -0.07087073306437731424, 0.3333366293308830941 ) ) ;
#2863 = CARTESIAN_POINT ( 'NONE',  ( 0.07085944316896161665, -1.819790231955586740E-07, 0.2637862235489247809 ) ) ;
#2864 = CARTESIAN_POINT ( 'NONE',  ( 0.000000000000000000, -0.3661417322834645272, 0.01968503937007873988 ) ) ;
#2865 = EDGE_LOOP ( 'NONE', ( #3251, #602 ) ) ;
#2866 = FACE_OUTER_BOUND ( 'NONE', #719, .T. ) ;
#2867 = EDGE_CURVE ( 'NONE', #503, #1304, #2563, .T. ) ;
#2868 = CARTESIAN_POINT ( 'NONE',  ( -0.06682259478035433575, 0.03933017415661023419, 0.3333788270037795765 ) ) ;
#2869 = PRODUCT_DEFINITION_FORMATION_WITH_SPECIFIED_SOURCE ( 'ANY', '', #82, .NOT_KNOWN. ) ;
#2870 = CARTESIAN_POINT ( 'NONE',  ( 0.07822192121047244484, 0.02339331484129133706, 0.2946173440640551533 ) ) ;
#2871 = CARTESIAN_POINT ( 'NONE',  ( -0.06422357998015748581, 0.04543918068523621762, 0.3606754149302755508 ) ) ;
#2872 = VERTEX_POINT ( 'NONE', #739 ) ;
#2873 = CARTESIAN_POINT ( 'NONE',  ( 0.06192187519658506195, -0.03568952438905392821, 0.3566270485996306805 ) ) ;
#2874 = CARTESIAN_POINT ( 'NONE',  ( -0.06602073143053385773, -0.02575688684651763344, 0.3732126360090267103 ) ) ;
#2875 = CARTESIAN_POINT ( 'NONE',  ( 0.07086614173228346358, 4.161799677847898146E-17, 0.3031820823672685128 ) ) ;
#2876 = DIRECTION ( 'NONE',  ( -0.6507913734862516009, 0.000000000000000000, -0.7592566023393395591 ) ) ;
#2877 = CARTESIAN_POINT ( 'NONE',  ( 0.07086614173228346358, 0.000000000000000000, 0.2440944881889763884 ) ) ;
#2878 = CARTESIAN_POINT ( 'NONE',  ( -0.05468179866283057883, 0.04507599253241302562, 0.3265553938648418919 ) ) ;
#2879 = DIRECTION ( 'NONE',  ( 1.000000000000000000, 0.000000000000000000, 0.000000000000000000 ) ) ;
#2880 = LINE ( 'NONE', #4653, #2579 ) ;
#2881 = EDGE_LOOP ( 'NONE', ( #443, #3052, #152, #382, #1370 ) ) ;
#2882 = ORIENTED_EDGE ( 'NONE', *, *, #1908, .T. ) ;
#2883 = CARTESIAN_POINT ( 'NONE',  ( 0.07534957761823767031, 0.02337184678363898871, 0.3710319772436612706 ) ) ;
#2884 = CARTESIAN_POINT ( 'NONE',  ( -0.07875134649968504319, -0.02154392256598031130, 0.2799643488491732612 ) ) ;
#2885 = LINE ( 'NONE', #4349, #3045 ) ;
#2886 = AXIS2_PLACEMENT_3D ( 'NONE', #1788, #1, #2192 ) ;
#2887 = PRESENTATION_LAYER_ASSIGNMENT (  '', '', ( #1126 ) ) ;
#2888 = CARTESIAN_POINT ( 'NONE',  ( 0.1377952755905511861, -0.2165354330708661457, -0.2440944881889763884 ) ) ;
#2889 = DIRECTION ( 'NONE',  ( 0.000000000000000000, 0.000000000000000000, 1.000000000000000000 ) ) ;
#2890 = EDGE_LOOP ( 'NONE', ( #2088, #3895, #224, #343, #1977 ) ) ;
#2891 = VECTOR ( 'NONE', #4709, 39.37007874015748143 ) ;
#2892 = CARTESIAN_POINT ( 'NONE',  ( -0.1377952755905511861, -0.1948818897637795422, -0.2440944881889763884 ) ) ;
#2893 = CARTESIAN_POINT ( 'NONE',  ( 0.07874905143362927185, 0.02088369821133823079, 0.3315076776679658499 ) ) ;
#2894 = EDGE_CURVE ( 'NONE', #1703, #2647, #2208, .T. ) ;
#2895 = LINE ( 'NONE', #4357, #1901 ) ;
#2896 = AXIS2_PLACEMENT_3D ( 'NONE', #1943, #1631, #2325 ) ;
#2897 = VECTOR ( 'NONE', #116, 39.37007874015748143 ) ;
#2898 = EDGE_CURVE ( 'NONE', #4268, #1831, #2854, .T. ) ;
#2899 = CARTESIAN_POINT ( 'NONE',  ( -0.03997670713728346953, 0.06775876514043306653, 0.3593532364525984235 ) ) ;
#2900 = ORIENTED_EDGE ( 'NONE', *, *, #1114, .T. ) ;
#2901 = CARTESIAN_POINT ( 'NONE',  ( 0.04353169646364905832, 0.05664889324430885664, 0.3650785099161870662 ) ) ;
#2902 = CARTESIAN_POINT ( 'NONE',  ( -0.01286508037094977706, -0.06969927964992263247, 0.3764077907850650329 ) ) ;
#2903 = AXIS2_PLACEMENT_3D ( 'NONE', #2321, #1286, #4502 ) ;
#2904 = CARTESIAN_POINT ( 'NONE',  ( 0.1377952755905511861, -0.2165354330708661457, 0.2047244094488188948 ) ) ;
#2905 = DIRECTION ( 'NONE',  ( 1.000000000000000000, 0.000000000000000000, 0.000000000000000000 ) ) ;
#2906 = DIRECTION ( 'NONE',  ( 0.000000000000000000, 0.000000000000000000, 1.000000000000000000 ) ) ;
#2907 = EDGE_CURVE ( 'NONE', #3243, #1569, #2885, .T. ) ;
#2908 = CARTESIAN_POINT ( 'NONE',  ( 0.06720237106026770435, 0.02249625514765645623, 0.3199085755222718652 ) ) ;
#2909 = LINE ( 'NONE', #4266, #2806 ) ;
#2910 = CARTESIAN_POINT ( 'NONE',  ( -0.05352100913671636179, 0.04113107968323005681, 0.3858267716540849102 ) ) ;
#2911 = ORIENTED_EDGE ( 'NONE', *, *, #125, .T. ) ;
#2912 = ORIENTED_EDGE ( 'NONE', *, *, #2983, .T. ) ;
#2913 = CARTESIAN_POINT ( 'NONE',  ( -0.007179150412009097440, -0.07858199733547302501, 0.3648755870566200987 ) ) ;
#2914 = CARTESIAN_POINT ( 'NONE',  ( -0.04866244969700788542, -0.06133073679338583301, 0.2788102574499212727 ) ) ;
#2915 = CARTESIAN_POINT ( 'NONE',  ( -0.04966858781097426706, -0.05054792538865976459, 0.3312036218630956541 ) ) ;
#2916 = CARTESIAN_POINT ( 'NONE',  ( 0.04987651332528082043, 0.05034232107960752434, 0.2819949193848056979 ) ) ;
#2917 = LINE ( 'NONE', #2190, #129 ) ;
#2918 = ORIENTED_EDGE ( 'NONE', *, *, #784, .F. ) ;
#2919 = PLANE ( 'NONE',  #2803 ) ;
#2920 = LINE ( 'NONE', #1094, #4123 ) ;
#2921 = CARTESIAN_POINT ( 'NONE',  ( 0.000000000000000000, -0.3740157480314960647, -0.1850393700787401619 ) ) ;
#2922 = CARTESIAN_POINT ( 'NONE',  ( 0.07039484079452755505, 0.03512808042543700410, 0.3738971997072047526 ) ) ;
#2923 = ORIENTED_EDGE ( 'NONE', *, *, #2924, .T. ) ;
#2924 = EDGE_CURVE ( 'NONE', #337, #3658, #1065, .T. ) ;
#2925 = CARTESIAN_POINT ( 'NONE',  ( 0.01854318983720915429, 0.06900065963733774399, 0.3466292527817829150 ) ) ;
#2926 = CARTESIAN_POINT ( 'NONE',  ( -0.03251017444359863284, -0.06297010338333998425, 0.3754884148439416869 ) ) ;
#2927 = DIRECTION ( 'NONE',  ( 1.000000000000000000, 0.000000000000000000, 0.000000000000000000 ) ) ;
#2928 = PLANE ( 'NONE',  #4578 ) ;
#2929 = LINE ( 'NONE', #2877, #2060 ) ;
#2930 = EDGE_CURVE ( 'NONE', #2384, #1693, #2237, .T. ) ;
#2931 = CARTESIAN_POINT ( 'NONE',  ( 0.009283346722344897051, 0.07026660959013061869, 0.3233886291257118684 ) ) ;
#2932 = CARTESIAN_POINT ( 'NONE',  ( 0.04133858267716535029, -0.1968503937007874127, -0.1673228346456692994 ) ) ;
#2933 = DIRECTION ( 'NONE',  ( 1.000000000000000000, 0.000000000000000000, 0.000000000000000000 ) ) ;
#2934 = ORIENTED_EDGE ( 'NONE', *, *, #4238, .F. ) ;
#2935 = VERTEX_POINT ( 'NONE', #4416 ) ;
#2936 = CARTESIAN_POINT ( 'NONE',  ( 0.06675950429335604508, 0.04207341988907893626, 0.3718362328600380851 ) ) ;
#2937 = CARTESIAN_POINT ( 'NONE',  ( 0.07914502539173227935, -0.02005674896870866114, 0.3275627740460236303 ) ) ;
#2938 = CARTESIAN_POINT ( 'NONE',  ( -0.06570456372196457895, 0.02655316958183831857, 0.2881662973755657053 ) ) ;
#2939 = FACE_OUTER_BOUND ( 'NONE', #4, .T. ) ;
#2940 = PLANE ( 'NONE',  #586 ) ;
#2941 = ORIENTED_EDGE ( 'NONE', *, *, #4297, .F. ) ;
#2942 = VECTOR ( 'NONE', #850, 39.37007874015748143 ) ;
#2943 = DIRECTION ( 'NONE',  ( 1.000000000000000000, 0.000000000000000000, 0.000000000000000000 ) ) ;
#2944 = CARTESIAN_POINT ( 'NONE',  ( 0.005153345202980966384, 0.08401853151089307137, 0.2763828740157134867 ) ) ;
#2945 = CARTESIAN_POINT ( 'NONE',  ( 0.07302605129842519582, -0.02926748873155905761, 0.3712528427518110852 ) ) ;
#2946 = ORIENTED_EDGE ( 'NONE', *, *, #3864, .F. ) ;
#2947 = CARTESIAN_POINT ( 'NONE',  ( -0.06192184228647095584, -0.03568958148854853296, 0.3500643906370952685 ) ) ;
#2948 = CARTESIAN_POINT ( 'NONE',  ( 0.04146524025027648053, -0.05746888475409965558, 0.3789316500097381080 ) ) ;
#2949 = CARTESIAN_POINT ( 'NONE',  ( -0.08464566929133858497, -0.1948818897637795422, -0.2047244094488188948 ) ) ;
#2950 = FACE_BOUND ( 'NONE', #827, .T. ) ;
#2951 = DIRECTION ( 'NONE',  ( 0.000000000000000000, 1.000000000000000000, 0.000000000000000000 ) ) ;
#2952 = CARTESIAN_POINT ( 'NONE',  ( 0.07031532802161087614, 0.008913095074926036948, 0.3192667732684447701 ) ) ;
#2953 = DIRECTION ( 'NONE',  ( 0.000000000000000000, 0.000000000000000000, 1.000000000000000000 ) ) ;
#2954 = ORIENTED_EDGE ( 'NONE', *, *, #4592, .T. ) ;
#2955 = ORIENTED_EDGE ( 'NONE', *, *, #3040, .F. ) ;
#2956 = CARTESIAN_POINT ( 'NONE',  ( 0.04987672380272716727, 0.06178539514779867597, 0.3531809857884317116 ) ) ;
#2957 = EDGE_CURVE ( 'NONE', #3896, #680, #1159, .T. ) ;
#2958 = CARTESIAN_POINT ( 'NONE',  ( -0.003077217034859055459, -0.08158705024350393353, 0.2839308842822047541 ) ) ;
#2959 = CARTESIAN_POINT ( 'NONE',  ( -0.07045757791230433664, 0.007682623624493212754, 0.2889997628062074275 ) ) ;
#2960 = CARTESIAN_POINT ( 'NONE',  ( -0.0007788850607526922589, 0.07086233440924388782, 0.2844781863063199912 ) ) ;
#2961 = DIRECTION ( 'NONE',  ( 0.000000000000000000, 1.000000000000000000, 0.000000000000000000 ) ) ;
#2962 = ORIENTED_EDGE ( 'NONE', *, *, #4387, .F. ) ;
#2963 = EDGE_CURVE ( 'NONE', #3076, #1995, #3393, .T. ) ;
#2964 = DIRECTION ( 'NONE',  ( 0.000000000000000000, 0.000000000000000000, -1.000000000000000000 ) ) ;
#2965 = PLANE ( 'NONE',  #4262 ) ;
#2966 = CARTESIAN_POINT ( 'NONE',  ( -0.08056412189874015417, -0.01475721604055905620, 0.3403497356045275812 ) ) ;
#2967 = EDGE_LOOP ( 'NONE', ( #4156, #3625, #4023, #3257 ) ) ;
#2968 = CIRCLE ( 'NONE', #1973, 0.07086614173228346358 ) ;
#2969 = CIRCLE ( 'NONE', #2121, 0.02362204724409448786 ) ;
#2970 = CARTESIAN_POINT ( 'NONE',  ( 0.1377952755905511861, -0.2165354330708661457, -0.2440944881889763884 ) ) ;
#2971 = CARTESIAN_POINT ( 'NONE',  ( -0.007786635429250130316, -0.07043725314441612317, 0.3766281545900160843 ) ) ;
#2972 = DIRECTION ( 'NONE',  ( -1.000000000000000000, 0.000000000000000000, 0.000000000000000000 ) ) ;
#2973 = AXIS2_PLACEMENT_3D ( 'NONE', #2346, #1557, #3452 ) ;
#2974 = CARTESIAN_POINT ( 'NONE',  ( 0.04133858267716535029, -0.1968503937007874127, 0.1870078740157480324 ) ) ;
#2975 = CARTESIAN_POINT ( 'NONE',  ( -0.02516940468720689494, -0.06628347678866947090, 0.2931215047404654994 ) ) ;
#2976 = CARTESIAN_POINT ( 'NONE',  ( -0.05008200114189782087, -0.05013784268559601937, 0.3154797025065219640 ) ) ;
#2977 = VECTOR ( 'NONE', #500, 39.37007874015748143 ) ;
#2978 = CARTESIAN_POINT ( 'NONE',  ( 0.06173738871550561724, 0.03479243075071003499, 0.3204855298690910681 ) ) ;
#2979 = CARTESIAN_POINT ( 'NONE',  ( -0.0004069909500257327560, 0.07086500397184777866, 0.3041514656643079517 ) ) ;
#2980 = EDGE_LOOP ( 'NONE', ( #3460, #1801, #3729, #381 ) ) ;
#2981 = ORIENTED_EDGE ( 'NONE', *, *, #4683, .T. ) ;
#2982 = CARTESIAN_POINT ( 'NONE',  ( 0.03675695498290332264, 0.06981739543564553785, 0.3537941829872592869 ) ) ;
#2983 = EDGE_CURVE ( 'NONE', #2493, #565, #1136, .T. ) ;
#2984 = CARTESIAN_POINT ( 'NONE',  ( 0.04980938263090551460, -0.06040237497791338395, 0.3224421472137007916 ) ) ;
#2985 = DIRECTION ( 'NONE',  ( 0.000000000000000000, 1.000000000000000000, 0.000000000000000000 ) ) ;
#2986 = AXIS2_PLACEMENT_3D ( 'NONE', #1873, #1154, #2933 ) ;
#2987 = CARTESIAN_POINT ( 'NONE',  ( -0.02728668374890124565, 0.06540238568409384445, 0.2856657743917923042 ) ) ;
#2988 = DIRECTION ( 'NONE',  ( 0.000000000000000000, -1.000000000000000000, 0.000000000000000000 ) ) ;
#2989 = ORIENTED_EDGE ( 'NONE', *, *, #1135, .F. ) ;
#2990 = AXIS2_PLACEMENT_3D ( 'NONE', #451, #2728, #160 ) ;
#2991 = DIRECTION ( 'NONE',  ( 1.000000000000000000, 0.000000000000000000, 0.000000000000000000 ) ) ;
#2992 = LINE ( 'NONE', #2626, #2891 ) ;
#2993 = EDGE_CURVE ( 'NONE', #930, #3152, #3711, .T. ) ;
#2994 = CARTESIAN_POINT ( 'NONE',  ( -0.1370078740157480435, 0.08031496062992127261, -0.1062992125984252023 ) ) ;
#2995 = ORIENTED_EDGE ( 'NONE', *, *, #4234, .T. ) ;
#2996 = CARTESIAN_POINT ( 'NONE',  ( -0.07086614173228346358, 2.497079806708740244E-16, 0.2933397959751299355 ) ) ;
#2997 = VECTOR ( 'NONE', #2167, 39.37007874015748143 ) ;
#2998 = CARTESIAN_POINT ( 'NONE',  ( 0.01677751755089520666, -0.06885739123444821475, 0.3777403530906327522 ) ) ;
#2999 = CARTESIAN_POINT ( 'NONE',  ( -0.07086613304782006517, -0.009276419840449915549, 0.3685188405549683632 ) ) ;
#3000 = FACE_OUTER_BOUND ( 'NONE', #1716, .T. ) ;
#3001 = CARTESIAN_POINT ( 'NONE',  ( 6.320961633318375981E-05, -0.07086611557797270478, 0.2942925665428328674 ) ) ;
#3002 = CARTESIAN_POINT ( 'NONE',  ( -0.06192189821863820082, 0.03568948587161643177, 0.3664685611711712143 ) ) ;
#3003 = B_SPLINE_CURVE_WITH_KNOTS ( 'NONE', 3,
 ( #946, #3936, #250, #2850, #3162, #3628, #3960, #4620, #3601, #1336, #300, #1412, #4692, #4256, #4335, #2081, #1048, #2513, #973, #3914, #3551, #1078, #8, #3747, #2558, #759, #1821, #4009, #2248, #802, #2632, #4056, #2227, #3701, #4406 ),
 .UNSPECIFIED., .F., .F.,
 ( 4, 2, 2, 2, 2, 2, 2, 1, 1, 1, 1, 1, 2, 2, 2, 2, 2, 2, 2, 4 ),
 ( 0.000000000000000000, 0.06250000000000495437, 0.1250000000000099087, 0.2500000000000198730, 0.3750000000000298650, 0.4375000000000348610, 0.4687500000000373035, 0.4843750000000386358, 0.4921875000000392464, 0.4960937500000395239, 0.4980468750000396905, 0.4990234375000398015, 0.4995117187500397460, 0.5000000000000397460, 0.5625000000000348610, 0.6250000000000298650, 0.6875000000000249800, 0.7500000000000199840, 0.8750000000000101030, 1.000000000000000000 ),
 .UNSPECIFIED. ) ;
#3004 = CARTESIAN_POINT ( 'NONE',  ( 0.03337218162829461154, 0.06251677387691458032, 0.3222735622215358586 ) ) ;
#3005 = LINE ( 'NONE', #3388, #212 ) ;
#3006 = VERTEX_POINT ( 'NONE', #747 ) ;
#3007 = ORIENTED_EDGE ( 'NONE', *, *, #135, .F. ) ;
#3008 = CARTESIAN_POINT ( 'NONE',  ( -0.02344551378206808506, 0.07533169950336306153, 0.3365799092221117284 ) ) ;
#3009 = CARTESIAN_POINT ( 'NONE',  ( 0.004587679551681102599, 0.07479609531122047295, 0.2677398274680315438 ) ) ;
#3010 = CARTESIAN_POINT ( 'NONE',  ( 0.05732689935781046936, 0.04165007720580810729, 0.3248095520482495724 ) ) ;
#3011 = CARTESIAN_POINT ( 'NONE',  ( -0.1377952755905511861, -0.1771653543307086520, -0.1850393700787401619 ) ) ;
#3012 = CARTESIAN_POINT ( 'NONE',  ( -0.001503644002059031709, 0.07085205235521777056, 0.2845090829570970925 ) ) ;
#3013 = CARTESIAN_POINT ( 'NONE',  ( -0.1377952755905511861, 0.1574803149606299191, -0.2440944881889763884 ) ) ;
#3014 = ORIENTED_EDGE ( 'NONE', *, *, #1963, .T. ) ;
#3015 = DIRECTION ( 'NONE',  ( 0.000000000000000000, 1.000000000000000000, 0.000000000000000000 ) ) ;
#3016 = LINE ( 'NONE', #2649, #2425 ) ;
#3017 = CARTESIAN_POINT ( 'NONE',  ( 0.05687509807476377743, -0.05893704874814961053, 0.3667933051583464610 ) ) ;
#3018 = VERTEX_POINT ( 'NONE', #3662 ) ;
#3019 = CARTESIAN_POINT ( 'NONE',  ( -0.04796290004779598520, 0.05298627559824056060, 0.2907120590401220395 ) ) ;
#3020 = EDGE_CURVE ( 'NONE', #1733, #2872, #4339, .T. ) ;
#3021 = CARTESIAN_POINT ( 'NONE',  ( 0.000000000000000000, 0.000000000000000000, -0.2047244094488188948 ) ) ;
#3022 = CARTESIAN_POINT ( 'NONE',  ( 0.04304034388826771806, 0.06845284186692913997, 0.3511881021300787831 ) ) ;
#3023 = CARTESIAN_POINT ( 'NONE',  ( 0.004587679551681102599, 0.07479609531122047295, 0.2850259205633858262 ) ) ;
#3024 = CARTESIAN_POINT ( 'NONE',  ( -0.05118110236054684847, 6.267877318369189830E-18, 0.3779527559046311214 ) ) ;
#3025 = LINE ( 'NONE', #1293, #745 ) ;
#3026 = CARTESIAN_POINT ( 'NONE',  ( 0.06579390557551216545, -0.02633053261549275076, 0.3216558645259834925 ) ) ;
#3027 = ORIENTED_EDGE ( 'NONE', *, *, #1841, .F. ) ;
#3028 = ORIENTED_EDGE ( 'NONE', *, *, #1371, .F. ) ;
#3029 = CARTESIAN_POINT ( 'NONE',  ( 0.008426864983228261885, -0.07895250993094055092, 0.3457997466144612786 ) ) ;
#3030 = CARTESIAN_POINT ( 'NONE',  ( 0.0007062550189460630682, -0.07493376612283465799, 0.2974888432159449314 ) ) ;
#3031 = CARTESIAN_POINT ( 'NONE',  ( -0.06612252741303861758, 0.02549726060091708074, 0.2882163815093756742 ) ) ;
#3032 = DIRECTION ( 'NONE',  ( 0.000000000000000000, 1.000000000000000000, 0.000000000000000000 ) ) ;
#3033 = LINE ( 'NONE', #458, #1969 ) ;
#3034 = FACE_OUTER_BOUND ( 'NONE', #100, .T. ) ;
#3035 = ORIENTED_EDGE ( 'NONE', *, *, #2867, .F. ) ;
#3036 = CARTESIAN_POINT ( 'NONE',  ( 0.04355055495885218342, 0.05666930379199702078, 0.2666640443852956732 ) ) ;
#3037 = CARTESIAN_POINT ( 'NONE',  ( 0.02774417374990551313, -0.07706240404429133550, 0.3654711266806693337 ) ) ;
#3038 = ORIENTED_EDGE ( 'NONE', *, *, #11, .T. ) ;
#3039 = CARTESIAN_POINT ( 'NONE',  ( 0.1377952755905511861, -0.2165354330708661457, -0.2440944881889763884 ) ) ;
#3040 = EDGE_CURVE ( 'NONE', #3250, #2053, #3258, .T. ) ;
#3041 = CARTESIAN_POINT ( 'NONE',  ( -0.009276356260599555315, -0.07086614173228350522, 0.2781647512667570488 ) ) ;
#3042 = FACE_OUTER_BOUND ( 'NONE', #4204, .T. ) ;
#3043 = ADVANCED_FACE ( 'NONE', ( #2939 ), #4090, .T. ) ;
#3044 = CARTESIAN_POINT ( 'NONE',  ( 0.07386858452625984228, 0.02594080051473228454, 0.3175873803451181310 ) ) ;
#3045 = VECTOR ( 'NONE', #3271, 39.37007874015748143 ) ;
#3046 = LINE ( 'NONE', #470, #1679 ) ;
#3047 = VECTOR ( 'NONE', #998, 39.37007874015748143 ) ;
#3048 = CARTESIAN_POINT ( 'NONE',  ( -0.009276356260599555315, -0.07086614173228350522, 0.3371913756386406558 ) ) ;
#3049 = EDGE_CURVE ( 'NONE', #1062, #2183, #2294, .T. ) ;
#3050 = CARTESIAN_POINT ( 'NONE',  ( -0.1358267716535433156, 0.1574803149606299191, 0.2047244094488188948 ) ) ;
#3051 = VECTOR ( 'NONE', #1295, 39.37007874015748143 ) ;
#3052 = ORIENTED_EDGE ( 'NONE', *, *, #2474, .F. ) ;
#3053 = EDGE_LOOP ( 'NONE', ( #3636, #2308, #486, #2087 ) ) ;
#3054 = CARTESIAN_POINT ( 'NONE',  ( 0.04211389478112671780, -0.06670991655011315746, 0.3472469681786141682 ) ) ;
#3055 = CARTESIAN_POINT ( 'NONE',  ( -0.04084659619669291780, -0.06282613944480315571, 0.3153382526648425555 ) ) ;
#3056 = AXIS2_PLACEMENT_3D ( 'NONE', #3382, #873, #3403 ) ;
#3057 = CARTESIAN_POINT ( 'NONE',  ( -0.07042117708529531395, 0.007959410196805608365, 0.3283691342849334172 ) ) ;
#3058 = CYLINDRICAL_SURFACE ( 'NONE', #962, 0.02362204724409448786 ) ;
#3059 = CARTESIAN_POINT ( 'NONE',  ( 0.000000000000000000, 0.000000000000000000, 0.3812335958003126302 ) ) ;
#3060 = LINE ( 'NONE', #3826, #3678 ) ;
#3061 = ORIENTED_EDGE ( 'NONE', *, *, #4544, .F. ) ;
#3062 = AXIS2_PLACEMENT_3D ( 'NONE', #4751, #2564, #4060 ) ;
#3063 = CARTESIAN_POINT ( 'NONE',  ( 0.009276356260599713174, 0.07086614173228344971, 0.2683085134346505085 ) ) ;
#3064 = CARTESIAN_POINT ( 'NONE',  ( 0.05195758273421580142, -0.04819512447522048687, 0.3362264509686844760 ) ) ;
#3065 = CARTESIAN_POINT ( 'NONE',  ( 0.02073929643648819363, 0.07675671048354330839, 0.3734041975468110897 ) ) ;
#3066 = ORIENTED_EDGE ( 'NONE', *, *, #4260, .F. ) ;
#3067 = CARTESIAN_POINT ( 'NONE',  ( 0.03244506149030394748, 0.07138189221855462119, 0.3729129701695710897 ) ) ;
#3068 = CARTESIAN_POINT ( 'NONE',  ( -0.03568953404203206031, -0.06192187004085302621, 0.2769342839699289183 ) ) ;
#3069 = CARTESIAN_POINT ( 'NONE',  ( -0.05896147832677165607, -0.06008348388366141490, 0.3634954087524016053 ) ) ;
#3070 = CARTESIAN_POINT ( 'NONE',  ( -0.07310571183318897992, 0.02801870692046457001, 0.2858550968806692905 ) ) ;
#3071 = EDGE_CURVE ( 'NONE', #3243, #857, #547, .T. ) ;
#3072 = CARTESIAN_POINT ( 'NONE',  ( -0.009276392197038088594, 0.07086613739005692691, 0.3635982643428538053 ) ) ;
#3073 = AXIS2_PLACEMENT_3D ( 'NONE', #262, #600, #1066 ) ;
#3074 = CARTESIAN_POINT ( 'NONE',  ( -0.07086614173228346358, 6.201188232805630922E-14, 0.3287088629685929742 ) ) ;
#3075 = LINE ( 'NONE', #1247, #137 ) ;
#3076 = VERTEX_POINT ( 'NONE', #3803 ) ;
#3077 = DIRECTION ( 'NONE',  ( 0.000000000000000000, 1.000000000000000000, 0.000000000000000000 ) ) ;
#3078 = EDGE_CURVE ( 'NONE', #1538, #952, #2733, .T. ) ;
#3079 = CARTESIAN_POINT ( 'NONE',  ( -0.04376074048299213176, -0.06083227510019684897, 0.2955055754994094785 ) ) ;
#3080 = CYLINDRICAL_SURFACE ( 'NONE', #4650, 0.02362204724409448786 ) ;
#3081 = DIRECTION ( 'NONE',  ( 0.000000000000000000, 0.000000000000000000, 1.000000000000000000 ) ) ;
#3082 = CARTESIAN_POINT ( 'NONE',  ( -0.01853247933261346903, -0.06902637027372897360, 0.2974140598050623585 ) ) ;
#3083 = LINE ( 'NONE', #3418, #4729 ) ;
#3084 = ORIENTED_EDGE ( 'NONE', *, *, #3215, .F. ) ;
#3085 = DIRECTION ( 'NONE',  ( 0.000000000000000000, -1.000000000000000000, 0.000000000000000000 ) ) ;
#3086 = CARTESIAN_POINT ( 'NONE',  ( 0.07022992049895926403, -0.009487864742241109220, 0.3381527191256455400 ) ) ;
#3087 = CARTESIAN_POINT ( 'NONE',  ( 0.0009264753732316208029, -0.07086074566771681515, 0.2943297784015623808 ) ) ;
#3088 = CARTESIAN_POINT ( 'NONE',  ( 0.06430587686676569881, -0.03191309068290947015, 0.3808097580458733034 ) ) ;
#3089 = ORIENTED_EDGE ( 'NONE', *, *, #1988, .T. ) ;
#3090 = CARTESIAN_POINT ( 'NONE',  ( -0.03803290545066376205, 0.06843866116075027206, 0.3745175918391469572 ) ) ;
#3091 = CARTESIAN_POINT ( 'NONE',  ( 0.03568953404203246971, -0.06192187004085276947, 0.2802155300948040995 ) ) ;
#3092 = CARTESIAN_POINT ( 'NONE',  ( -0.06758217136377953072, -0.05019094204787401953, 0.3433215242379527576 ) ) ;
#3093 = CARTESIAN_POINT ( 'NONE',  ( -0.04541935188614173308, 0.06376970587031496884, 0.3037045063294094849 ) ) ;
#3094 = CARTESIAN_POINT ( 'NONE',  ( -0.07086615541852404887, 0.01484208571492759941, 0.3477670856234909569 ) ) ;
#3095 = DIRECTION ( 'NONE',  ( 1.000000000000000000, 0.000000000000000000, 0.000000000000000000 ) ) ;
#3096 = CYLINDRICAL_SURFACE ( 'NONE', #3682, 0.02362204724409448786 ) ;
#3097 = VERTEX_POINT ( 'NONE', #3825 ) ;
#3098 = DIRECTION ( 'NONE',  ( -0.7071067811865469066, 8.659560562354925463E-17, 0.7071067811865479058 ) ) ;
#3099 = DIRECTION ( 'NONE',  ( 1.000000000000000000, 0.000000000000000000, 0.000000000000000000 ) ) ;
#3100 = EDGE_CURVE ( 'NONE', #1468, #4399, #4042, .T. ) ;
#3101 = DIRECTION ( 'NONE',  ( 0.7071067811865469066, 0.000000000000000000, 0.7071067811865479058 ) ) ;
#3102 = ORIENTED_EDGE ( 'NONE', *, *, #1935, .T. ) ;
#3103 = ADVANCED_FACE ( 'NONE', ( #1931 ), #3441, .F. ) ;
#3104 = EDGE_LOOP ( 'NONE', ( #3685, #2420, #1583, #4536, #3338 ) ) ;
#3105 = DIRECTION ( 'NONE',  ( 1.000000000000000000, 0.000000000000000000, 0.000000000000000000 ) ) ;
#3106 = CARTESIAN_POINT ( 'NONE',  ( 0.06551343945261765833, -0.02701877152306011998, 0.3373414762428188496 ) ) ;
#3107 = CARTESIAN_POINT ( 'NONE',  ( 0.003497381387652968247, -0.07078971365421944661, 0.2944406617586099451 ) ) ;
#3108 = ADVANCED_FACE ( 'NONE', ( #4178 ), #843, .F. ) ;
#3109 = CARTESIAN_POINT ( 'NONE',  ( 0.008761989397228261978, -0.07266762154704728416, 0.3791496357201669665 ) ) ;
#3110 = ORIENTED_EDGE ( 'NONE', *, *, #2014, .T. ) ;
#3111 = CARTESIAN_POINT ( 'NONE',  ( 0.06593505311508769673, 0.02679789124778862719, 0.2846935766263358203 ) ) ;
#3112 = CARTESIAN_POINT ( 'NONE',  ( 0.07874015748031495954, 0.05905511811023622659, 0.2440944881889763884 ) ) ;
#3113 = CARTESIAN_POINT ( 'NONE',  ( 0.07860689771578739660, 0.01194431464900000059, 0.3910052512720866291 ) ) ;
#3114 = CARTESIAN_POINT ( 'NONE',  ( 0.04390434550519685397, -0.06482207474094488220, 0.2937881677467716890 ) ) ;
#3115 = CARTESIAN_POINT ( 'NONE',  ( 0.06831515070704724524, 0.02638802355516929252, 0.3373692044922834699 ) ) ;
#3116 = VECTOR ( 'NONE', #2111, 39.37007874015748143 ) ;
#3117 = CYLINDRICAL_SURFACE ( 'NONE', #4727, 0.02362204724409448786 ) ;
#3118 = CARTESIAN_POINT ( 'NONE',  ( 0.003725864843354848802, -0.07077509589803648860, 0.3180791084903802357 ) ) ;
#3119 = CARTESIAN_POINT ( 'NONE',  ( 0.04133858267716535029, -0.1771653543307086520, 0.2047244094488188948 ) ) ;
#3120 = VECTOR ( 'NONE', #2876, 39.37007874015748854 ) ;
#3121 = VECTOR ( 'NONE', #725, 39.37007874015748143 ) ;
#3122 = CARTESIAN_POINT ( 'NONE',  ( 0.000000000000000000, -0.3661417322834645272, 0.03543307086614173179 ) ) ;
#3123 = CARTESIAN_POINT ( 'NONE',  ( -0.07086614173228346358, 2.497079806708740244E-16, 0.2933397959751299355 ) ) ;
#3124 = ORIENTED_EDGE ( 'NONE', *, *, #398, .F. ) ;
#3125 = EDGE_CURVE ( 'NONE', #777, #1552, #3033, .T. ) ;
#3126 = VERTEX_POINT ( 'NONE', #4561 ) ;
#3127 = AXIS2_PLACEMENT_3D ( 'NONE', #318, #4140, #1930 ) ;
#3128 = VECTOR ( 'NONE', #173, 39.37007874015748143 ) ;
#3129 = CARTESIAN_POINT ( 'NONE',  ( 0.04799717195807087083, 0.07015061841374015117, 0.3148339914294094877 ) ) ;
#3130 = CARTESIAN_POINT ( 'NONE',  ( 0.02731268792535979095, -0.06539115133382795986, 0.3348686675583129602 ) ) ;
#3131 = CARTESIAN_POINT ( 'NONE',  ( 0.02774765068184540870, -0.06520793731516116853, 0.2955281515734304865 ) ) ;
#3132 = CARTESIAN_POINT ( 'NONE',  ( 0.06621066825552657242, -0.02529025299450408590, 0.2980684131482718158 ) ) ;
#3133 = ORIENTED_EDGE ( 'NONE', *, *, #3461, .T. ) ;
#3134 = CARTESIAN_POINT ( 'NONE',  ( 0.01379751885010417449, 0.06950999405128671649, 0.3074844539883359040 ) ) ;
#3135 = ADVANCED_FACE ( 'NONE', ( #3395, #95 ), #4491, .T. ) ;
#3136 = CARTESIAN_POINT ( 'NONE',  ( -0.05372584243897637890, 0.05590747886370079495, 0.3718926065313780116 ) ) ;
#3137 = CARTESIAN_POINT ( 'NONE',  ( 0.05124843570291338912, 0.06781176607350393459, 0.2934632526648031647 ) ) ;
#3138 = CARTESIAN_POINT ( 'NONE',  ( -0.06158527163641733249, 0.04357253654070866039, 0.3638127740460629922 ) ) ;
#3139 = ORIENTED_EDGE ( 'NONE', *, *, #2276, .T. ) ;
#3140 = CARTESIAN_POINT ( 'NONE',  ( -0.07086093398949114275, 2.558280235588704959E-07, 0.3720524494407205229 ) ) ;
#3141 = LINE ( 'NONE', #1337, #668 ) ;
#3142 = CARTESIAN_POINT ( 'NONE',  ( 0.01399492253805584806, -0.06947076224677470324, 0.3185506152500147681 ) ) ;
#3143 = CARTESIAN_POINT ( 'NONE',  ( -0.07086614173228183988, 0.001934493067570639208, 0.3286249902294924863 ) ) ;
#3144 = LENGTH_MEASURE_WITH_UNIT ( LENGTH_MEASURE( 0.02539999999999999897 ), #2332 );
#3145 = CARTESIAN_POINT ( 'NONE',  ( -0.1370078740157480435, 0.08031496062992127261, -0.1062992125984252023 ) ) ;
#3146 = ORIENTED_EDGE ( 'NONE', *, *, #4657, .T. ) ;
#3147 = EDGE_LOOP ( 'NONE', ( #1662, #3686, #4628, #2094 ) ) ;
#3148 = CARTESIAN_POINT ( 'NONE',  ( -0.1377952755905511861, -0.2165354330708661457, -0.2047244094488188948 ) ) ;
#3149 = CARTESIAN_POINT ( 'NONE',  ( 0.05452240937181344199, -0.04528229918462150366, 0.3363918118188633510 ) ) ;
#3150 = DIRECTION ( 'NONE',  ( 0.000000000000000000, 0.000000000000000000, -1.000000000000000000 ) ) ;
#3151 = CARTESIAN_POINT ( 'NONE',  ( 0.007783294658112313406, 0.07198417246839743100, 0.3274329040934403912 ) ) ;
#3152 = VERTEX_POINT ( 'NONE', #1591 ) ;
#3153 = CARTESIAN_POINT ( 'NONE',  ( 0.07086614173228344971, 0.007252064927586352253, 0.2838136405077939517 ) ) ;
#3154 = CARTESIAN_POINT ( 'NONE',  ( -0.07086614173228346358, -9.584624658083720144E-13, 0.3130236445506169307 ) ) ;
#3155 = CARTESIAN_POINT ( 'NONE',  ( -0.03396592475116141929, 0.06970207147200788156, 0.3315448375024803163 ) ) ;
#3156 = CARTESIAN_POINT ( 'NONE',  ( 0.07677007084696850503, -0.01409658014283464607, 0.2734624884211023788 ) ) ;
#3157 = CARTESIAN_POINT ( 'NONE',  ( -0.06212794338641731973, -0.04279521317582676843, 0.3479466323137795913 ) ) ;
#3158 = ORIENTED_EDGE ( 'NONE', *, *, #1775, .T. ) ;
#3159 = EDGE_CURVE ( 'NONE', #3152, #1983, #1004, .T. ) ;
#3160 = CARTESIAN_POINT ( 'NONE',  ( 0.03226485675978570805, 0.07254755997452549954, 0.3343362778936074808 ) ) ;
#3161 = DIRECTION ( 'NONE',  ( 0.000000000000000000, 0.000000000000000000, 1.000000000000000000 ) ) ;
#3162 = CARTESIAN_POINT ( 'NONE',  ( 0.06206774632859260454, -0.03474266605235077493, 0.3172807294566222791 ) ) ;
#3163 = FACE_OUTER_BOUND ( 'NONE', #1130, .T. ) ;
#3164 = CARTESIAN_POINT ( 'NONE',  ( 0.02195624131803677534, -0.06738899481427360061, 0.3189297703290636110 ) ) ;
#3165 = CARTESIAN_POINT ( 'NONE',  ( -0.05411151670558950189, 0.04575888041209551227, 0.3265175566926051265 ) ) ;
#3166 = PLANE ( 'NONE',  #2421 ) ;
#3167 = DIRECTION ( 'NONE',  ( 0.000000000000000000, 0.000000000000000000, 1.000000000000000000 ) ) ;
#3168 = ORIENTED_EDGE ( 'NONE', *, *, #125, .F. ) ;
#3169 = VERTEX_POINT ( 'NONE', #1368 ) ;
#3170 = DIRECTION ( 'NONE',  ( 0.000000000000000000, 0.000000000000000000, 1.000000000000000000 ) ) ;
#3171 = CARTESIAN_POINT ( 'NONE',  ( 0.001900956128478745524, -0.07084426611036596932, 0.3337443740970124639 ) ) ;
#3172 = LINE ( 'NONE', #215, #3303 ) ;
#3173 = CARTESIAN_POINT ( 'NONE',  ( 0.02164150335110328477, -0.06921699751646163967, 0.3794614911101439891 ) ) ;
#3174 = ORIENTED_EDGE ( 'NONE', *, *, #4076, .F. ) ;
#3175 = CARTESIAN_POINT ( 'NONE',  ( -0.1358267716535433156, 0.08031496062992127261, -0.1496062992125984370 ) ) ;
#3176 = CARTESIAN_POINT ( 'NONE',  ( 0.02624847869117116761, 0.06582613347096812062, 0.3069092845079305909 ) ) ;
#3177 = CARTESIAN_POINT ( 'NONE',  ( 0.05691019371322834919, -0.05266252932279528315, 0.3425487745103543702 ) ) ;
#3178 = CARTESIAN_POINT ( 'NONE',  ( 0.07589374321610237173, -0.01923281657258267899, 0.3354367897940551124 ) ) ;
#3179 = CARTESIAN_POINT ( 'NONE',  ( -0.07326313015311024246, 0.01799515173647637731, 0.3453022753583858129 ) ) ;
#3180 = ORIENTED_EDGE ( 'NONE', *, *, #1809, .T. ) ;
#3181 = CARTESIAN_POINT ( 'NONE',  ( 0.000000000000000000, -0.3740157480314960647, -1.038248460694094488 ) ) ;
#3182 = CARTESIAN_POINT ( 'NONE',  ( -0.06087861461265018509, -0.03627546397674230594, 0.3737471924337478768 ) ) ;
#3183 = ADVANCED_FACE ( 'NONE', ( #3241 ), #1676, .T. ) ;
#3184 = DIRECTION ( 'NONE',  ( 0.000000000000000000, 1.000000000000000000, 0.000000000000000000 ) ) ;
#3185 = DIRECTION ( 'NONE',  ( 0.000000000000000000, 1.000000000000000000, 0.000000000000000000 ) ) ;
#3186 = CARTESIAN_POINT ( 'NONE',  ( 0.02064426406919649473, -0.06781130181771534426, 0.3188666706596245959 ) ) ;
#3187 = EDGE_CURVE ( 'NONE', #930, #3658, #1702, .T. ) ;
#3188 = CARTESIAN_POINT ( 'NONE',  ( -0.05979953679489478924, 0.03804246521794554803, 0.3269328844192080918 ) ) ;
#3189 = DIRECTION ( 'NONE',  ( 0.000000000000000000, -1.000000000000000000, 0.000000000000000000 ) ) ;
#3190 = LINE ( 'NONE', #1417, #4497 ) ;
#3191 = VECTOR ( 'NONE', #274, 39.37007874015748143 ) ;
#3192 = ORIENTED_EDGE ( 'NONE', *, *, #544, .T. ) ;
#3193 = VECTOR ( 'NONE', #3610, 39.37007874015748143 ) ;
#3194 = ORIENTED_EDGE ( 'NONE', *, *, #210, .T. ) ;
#3195 = B_SPLINE_CURVE_WITH_KNOTS ( 'NONE', 3,
 ( #1851, #3634, #423, #1104, #2910, #4368, #3684, #1084, #1059, #1467, #2615, #696, #328, #2518, #380, #740, #718, #1128 ),
 .UNSPECIFIED., .F., .F.,
 ( 4, 2, 2, 2, 2, 2, 2, 2, 4 ),
 ( 0.000000000000000000, 0.1250000000000000000, 0.2500000000000000000, 0.3750000000000000000, 0.5000000000000000000, 0.6250000000000000000, 0.7500000000000000000, 0.8750000000000000000, 1.000000000000000000 ),
 .UNSPECIFIED. ) ;
#3196 = CARTESIAN_POINT ( 'NONE',  ( -0.01745647121142964234, -0.07695549855036189213, 0.3644537332162957610 ) ) ;
#3197 = AXIS2_PLACEMENT_3D ( 'NONE', #2115, #2449, #3489 ) ;
#3198 = AXIS2_PLACEMENT_3D ( 'NONE', #970, #2329, #1386 ) ;
#3199 = CARTESIAN_POINT ( 'NONE',  ( -0.08071422291161417517, 0.02664680091795276068, 0.3009511174136614287 ) ) ;
#3200 = CARTESIAN_POINT ( 'NONE',  ( -0.04844740827088277885, -0.05172680138251194853, 0.3312814611893466488 ) ) ;
#3201 = FACE_OUTER_BOUND ( 'NONE', #2184, .T. ) ;
#3202 = CARTESIAN_POINT ( 'NONE',  ( 0.04397606728095323353, -0.05557128379471403673, 0.2963830644391208802 ) ) ;
#3203 = ORIENTED_EDGE ( 'NONE', *, *, #2286, .F. ) ;
#3204 = VECTOR ( 'NONE', #521, 39.37007874015748143 ) ;
#3205 = CARTESIAN_POINT ( 'NONE',  ( 0.009403950890153592659, 0.07055526771910031192, 0.2879687238927977622 ) ) ;
#3206 = CARTESIAN_POINT ( 'NONE',  ( 0.01332536214034086598, 0.06960231115994008899, 0.3075025542308470472 ) ) ;
#3207 = CARTESIAN_POINT ( 'NONE',  ( -0.06224871126996062848, -0.04622996563822834998, 0.3370468060064172877 ) ) ;
#3208 = CARTESIAN_POINT ( 'NONE',  ( -0.05283184096996063062, -0.06658554497401575345, 0.2835469140821653689 ) ) ;
#3209 = CARTESIAN_POINT ( 'NONE',  ( 0.06461119261216535792, 0.03224195331389369951, 0.3801719179387401115 ) ) ;
#3210 = VERTEX_POINT ( 'NONE', #594 ) ;
#3211 = CARTESIAN_POINT ( 'NONE',  ( 0.07086614173228346358, -6.744196377952519170E-14, 0.3188652703202823346 ) ) ;
#3212 = DIRECTION ( 'NONE',  ( 0.000000000000000000, 0.000000000000000000, 1.000000000000000000 ) ) ;
#3213 = DIRECTION ( 'NONE',  ( 0.000000000000000000, 0.000000000000000000, -1.000000000000000000 ) ) ;
#3214 = CARTESIAN_POINT ( 'NONE',  ( -0.09448818897637795144, -0.1771653543307086520, 0.01771653543307086590 ) ) ;
#3215 = EDGE_CURVE ( 'NONE', #1634, #3659, #2062, .T. ) ;
#3216 = CARTESIAN_POINT ( 'NONE',  ( 0.03742186882411361465, -0.06022448089315840525, 0.3196573804981037714 ) ) ;
#3217 = CARTESIAN_POINT ( 'NONE',  ( -0.02458905526068804956, 0.06646799210258630408, 0.3248970968477512544 ) ) ;
#3218 = FACE_OUTER_BOUND ( 'NONE', #2980, .T. ) ;
#3219 = DIRECTION ( 'NONE',  ( -1.000000000000000000, 0.000000000000000000, 0.000000000000000000 ) ) ;
#3220 = EDGE_LOOP ( 'NONE', ( #1885, #1446, #1925, #750, #3635, #1201, #4724, #2454, #633, #1546, #4486, #917, #4437 ) ) ;
#3221 = ORIENTED_EDGE ( 'NONE', *, *, #2661, .T. ) ;
#3222 = EDGE_CURVE ( 'NONE', #1177, #3896, #2198, .T. ) ;
#3223 = CARTESIAN_POINT ( 'NONE',  ( -0.07935905957770142405, 0.002145787984998513438, 0.3601682934795462088 ) ) ;
#3224 = CIRCLE ( 'NONE', #1535, 0.04330708661417324162 ) ;
#3225 = CARTESIAN_POINT ( 'NONE',  ( -0.07623755495685040351, 0.02921902618961811152, 0.2779810811326378084 ) ) ;
#3226 = CARTESIAN_POINT ( 'NONE',  ( 0.0005053282570978998110, -0.07086456081946550245, 0.3336809712084102819 ) ) ;
#3227 = DIRECTION ( 'NONE',  ( 0.000000000000000000, 0.000000000000000000, 1.000000000000000000 ) ) ;
#3228 = ORIENTED_EDGE ( 'NONE', *, *, #2561, .F. ) ;
#3229 = CARTESIAN_POINT ( 'NONE',  ( -0.04601590163368565051, 0.05389385468204931084, 0.3102905613951039698 ) ) ;
#3230 = CARTESIAN_POINT ( 'NONE',  ( 0.04058278627622047274, -0.06607058391933071095, 0.3810625540379133924 ) ) ;
#3231 = CARTESIAN_POINT ( 'NONE',  ( 0.04578520432086614911, -0.06759904748275591402, 0.2906508086309842476 ) ) ;
#3232 = CARTESIAN_POINT ( 'NONE',  ( -0.03761173010005511991, -0.06909953055200787619, 0.3659641288410629967 ) ) ;
#3233 = VERTEX_POINT ( 'NONE', #642 ) ;
#3234 = CARTESIAN_POINT ( 'NONE',  ( 0.03937007874015747977, -0.1968503937007874127, 0.01968503937007873988 ) ) ;
#3235 = CARTESIAN_POINT ( 'NONE',  ( -0.06813121342270454794, -0.01962422154811272260, 0.3729328891263981038 ) ) ;
#3236 = CARTESIAN_POINT ( 'NONE',  ( -0.1358267716535433156, -0.1161417322834645688, 0.1456692913385826960 ) ) ;
#3237 = DIRECTION ( 'NONE',  ( 0.000000000000000000, 1.000000000000000000, 0.000000000000000000 ) ) ;
#3238 = FACE_BOUND ( 'NONE', #2709, .T. ) ;
#3239 = CARTESIAN_POINT ( 'NONE',  ( -0.02340740699834776770, 0.06688704990856990384, 0.3248425860571082513 ) ) ;
#3240 = DIRECTION ( 'NONE',  ( 0.000000000000000000, 0.000000000000000000, 1.000000000000000000 ) ) ;
#3241 = FACE_OUTER_BOUND ( 'NONE', #3104, .T. ) ;
#3242 = VERTEX_POINT ( 'NONE', #307 ) ;
#3243 = VERTEX_POINT ( 'NONE', #2034 ) ;
#3244 = CARTESIAN_POINT ( 'NONE',  ( 0.000000000000000000, -0.3740157480314960647, 0.03543307086614173179 ) ) ;
#3245 = EDGE_CURVE ( 'NONE', #2814, #2019, #119, .T. ) ;
#3246 = CARTESIAN_POINT ( 'NONE',  ( 0.07361635194003937621, -0.01351749182327952742, 0.2655884726730708412 ) ) ;
#3247 = EDGE_CURVE ( 'NONE', #1693, #3210, #3580, .T. ) ;
#3248 = CARTESIAN_POINT ( 'NONE',  ( -0.06942811432261231097, -0.01420389420511022384, 0.3293544688467303083 ) ) ;
#3249 = DIRECTION ( 'NONE',  ( 0.000000000000000000, 0.000000000000000000, 1.000000000000000000 ) ) ;
#3250 = VERTEX_POINT ( 'NONE', #3919 ) ;
#3251 = ORIENTED_EDGE ( 'NONE', *, *, #481, .T. ) ;
#3252 = CARTESIAN_POINT ( 'NONE',  ( 0.06902322485206525970, 0.01854142193358857688, 0.3039585885999304127 ) ) ;
#3253 = CARTESIAN_POINT ( 'NONE',  ( 0.004757674039291107625, -0.08404243613016040837, 0.3259645669290598957 ) ) ;
#3254 = EDGE_CURVE ( 'NONE', #2258, #503, #4626, .T. ) ;
#3255 = CARTESIAN_POINT ( 'NONE',  ( 0.08239630756736221473, -0.02088068136498819061, 0.3291620715625196980 ) ) ;
#3256 = CARTESIAN_POINT ( 'NONE',  ( -0.03674045928528345967, 0.06956672132850393042, 0.3395205592872441724 ) ) ;
#3257 = ORIENTED_EDGE ( 'NONE', *, *, #189, .F. ) ;
#3258 = B_SPLINE_CURVE_WITH_KNOTS ( 'NONE', 3,
 ( #4442, #2569, #3733, #2959, #1903, #3689, #93, #3343, #1181, #18, #2188, #41, #2668, #2643, #4113, #3031, #4088, #2938, #363, #1834, #791, #456, #4139, #3300, #816, #4396, #1856, #4066, #2289, #3322, #770, #3760, #1929, #2214, #1494, #1565, #4489, #4757, #1110, #4041, #1451, #793, #3372, #2263, #3344, #2238, #2549, #2987, #3690, #3640, #3323, #335, #771, #1543, #2595, #386, #3012, #2960, #4068, #73, #3712, #3735, #434, #4731, #1137, #1879, #1905, #4469, #4419, #4021, #408, #4397, #45, #365, #1183, #19, #1519, #1473, #1807, #1857, #4115, #4443, #2645, #819, #2216, #4043, #724, #2189, #3275, #2916, #4374, #1090, #1161, #3665, #1835, #2570, #3301, #4758, #748, #1111, #2622 ),
 .UNSPECIFIED., .F., .F.,
 ( 4, 2, 2, 1, 1, 2, 2, 2, 2, 2, 2, 2, 2, 2, 1, 2, 2, 2, 1, 1, 2, 2, 2, 2, 1, 1, 2, 2, 2, 2, 2, 1, 1, 1, 2, 2, 2, 2, 2, 1, 2, 2, 2, 2, 1, 1, 2, 2, 2, 1, 1, 1, 1, 2, 2, 2, 2, 2, 4 ),
 ( 0.000000000000000000, 0.03125000000000193595, 0.04687500000000290046, 0.05468750000000337924, 0.05859375000000360822, 0.06054687500000371231, 0.06250000000000380251, 0.09375000000000521805, 0.1093750000000059536, 0.1171875000000063283, 0.1250000000000066891, 0.1406250000000076050, 0.1562500000000085210, 0.1718750000000094369, 0.1796875000000098532, 0.1835937500000100753, 0.1875000000000102696, 0.2187500000000120182, 0.2343750000000129063, 0.2421875000000134059, 0.2460937500000135447, 0.2500000000000137113, 0.3125000000000158207, 0.3437500000000169309, 0.3593750000000174860, 0.3671875000000178191, 0.3710937500000179856, 0.3750000000000181521, 0.4375000000000196509, 0.4687500000000203726, 0.4843750000000207612, 0.4921875000000209277, 0.4960937500000210387, 0.4980468750000210942, 0.4990234375000210942, 0.5000000000000210942, 0.5625000000000208722, 0.5937500000000207612, 0.6093750000000207612, 0.6171875000000206501, 0.6210937500000206501, 0.6250000000000205391, 0.6562500000000199840, 0.6718750000000197620, 0.6796875000000195399, 0.6835937500000194289, 0.6855468750000195399, 0.6875000000000195399, 0.7187500000000204281, 0.7343750000000209832, 0.7421875000000212053, 0.7460937500000213163, 0.7480468750000213163, 0.7490234375000214273, 0.7500000000000214273, 0.8125000000000160982, 0.8750000000000107692, 0.9375000000000054401, 1.000000000000000000 ),
 .UNSPECIFIED. ) ;
#3259 = CARTESIAN_POINT ( 'NONE',  ( 0.01854908905406826500, -0.06902167829198718740, 0.3541660518636799426 ) ) ;
#3260 = CARTESIAN_POINT ( 'NONE',  ( 0.05750501048982394753, -0.04145605929153797775, 0.3799509634995761331 ) ) ;
#3261 = CARTESIAN_POINT ( 'NONE',  ( -0.02362204724409448786, -0.3661417322834645272, -0.1692913385826771699 ) ) ;
#3262 = CARTESIAN_POINT ( 'NONE',  ( -0.1358267716535433156, 0.08031496062992127261, -0.1062992125984252023 ) ) ;
#3263 = CARTESIAN_POINT ( 'NONE',  ( 0.000000000000000000, 0.000000000000000000, 0.2440944881889763884 ) ) ;
#3264 = CARTESIAN_POINT ( 'NONE',  ( -0.06184750985566391662, 0.03459702848767917671, 0.3271130466915059820 ) ) ;
#3265 = DIRECTION ( 'NONE',  ( 0.000000000000000000, 0.000000000000000000, 1.000000000000000000 ) ) ;
#3266 = CARTESIAN_POINT ( 'NONE',  ( -0.07086614173228346358, 7.018821800284349095E-14, 0.3090223966059421068 ) ) ;
#3267 = ORIENTED_EDGE ( 'NONE', *, *, #538, .F. ) ;
#3268 = ORIENTED_EDGE ( 'NONE', *, *, #3990, .F. ) ;
#3269 = CARTESIAN_POINT ( 'NONE',  ( 0.02342175354164237333, -0.07534843038522817671, 0.3661053209380261131 ) ) ;
#3270 = CARTESIAN_POINT ( 'NONE',  ( 0.04578520432086614911, -0.06759904748275591402, 0.2859141519987402069 ) ) ;
#3271 = DIRECTION ( 'NONE',  ( 0.000000000000000000, 1.000000000000000000, 0.000000000000000000 ) ) ;
#3272 = AXIS2_PLACEMENT_3D ( 'NONE', #2090, #569, #2738 ) ;
#3273 = AXIS2_PLACEMENT_3D ( 'NONE', #3145, #1778, #4267 ) ;
#3274 = ADVANCED_FACE ( 'NONE', ( #2139, #284 ), #617, .T. ) ;
#3275 = CARTESIAN_POINT ( 'NONE',  ( 0.04972887577654892116, 0.05048846820633625526, 0.2820045227347652839 ) ) ;
#3276 = DIRECTION ( 'NONE',  ( -0.000000000000000000, 1.000000000000000000, 0.000000000000000000 ) ) ;
#3277 = EDGE_LOOP ( 'NONE', ( #2448, #4617, #3297, #3707 ) ) ;
#3278 = EDGE_CURVE ( 'NONE', #1967, #1830, #1393, .T. ) ;
#3279 = AXIS2_PLACEMENT_3D ( 'NONE', #4565, #186, #3105 ) ;
#3280 = CARTESIAN_POINT ( 'NONE',  ( 0.07086614173228346358, 4.161799677847898146E-17, 0.3031820823672685128 ) ) ;
#3281 = CARTESIAN_POINT ( 'NONE',  ( 0.07871793914503068257, 0.006393597714913186805, 0.2719075474858158037 ) ) ;
#3282 = CARTESIAN_POINT ( 'NONE',  ( 0.07874015748031495954, -0.05905511811023622659, 0.2440944881889763884 ) ) ;
#3283 = VECTOR ( 'NONE', #3237, 39.37007874015748143 ) ;
#3284 = CARTESIAN_POINT ( 'NONE',  ( 0.05403564900822834666, -0.06155080673169291416, 0.3469606279929921544 ) ) ;
#3285 = ORIENTED_EDGE ( 'NONE', *, *, #4299, .T. ) ;
#3286 = CARTESIAN_POINT ( 'NONE',  ( 0.06193501052412704599, 0.03569392738494078093, 0.3441680474277641344 ) ) ;
#3287 = EDGE_CURVE ( 'NONE', #811, #1634, #1725, .T. ) ;
#3288 = DIRECTION ( 'NONE',  ( 1.000000000000000000, 0.000000000000000000, 0.000000000000000000 ) ) ;
#3289 = VECTOR ( 'NONE', #2646, 39.37007874015748143 ) ;
#3290 = CARTESIAN_POINT ( 'NONE',  ( 0.000000000000000000, -0.3661417322834645272, 0.2047244094488188948 ) ) ;
#3291 = FACE_OUTER_BOUND ( 'NONE', #296, .T. ) ;
#3292 = CARTESIAN_POINT ( 'NONE',  ( -0.06329503384463310012, -0.03188548946086879748, 0.3144606298302976000 ) ) ;
#3293 = CARTESIAN_POINT ( 'NONE',  ( 0.01787643475984187005, 0.06857464051238074121, 0.3229875149813214996 ) ) ;
#3294 = CARTESIAN_POINT ( 'NONE',  ( -0.1377952755905511861, 0.1574803149606299191, -0.2047244094488188948 ) ) ;
#3295 = CARTESIAN_POINT ( 'NONE',  ( -0.007185997255564353925, 0.07050713223860358148, 0.3044485745992302483 ) ) ;
#3296 = ORIENTED_EDGE ( 'NONE', *, *, #3756, .F. ) ;
#3297 = ORIENTED_EDGE ( 'NONE', *, *, #2765, .T. ) ;
#3298 = CARTESIAN_POINT ( 'NONE',  ( 0.07363993476675755046, 0.02831019108460642447, 0.3712388585649303296 ) ) ;
#3299 = CARTESIAN_POINT ( 'NONE',  ( -0.04236491719196850553, 0.06583857740846456308, 0.2728604543003543270 ) ) ;
#3300 = CARTESIAN_POINT ( 'NONE',  ( -0.06180288011233276563, 0.03470797000496936985, 0.2877501014957685177 ) ) ;
#3301 = CARTESIAN_POINT ( 'NONE',  ( 0.06326936168452847176, 0.03222716789300560103, 0.2809857015801032754 ) ) ;
#3302 = DIRECTION ( 'NONE',  ( 0.000000000000000000, 0.000000000000000000, 1.000000000000000000 ) ) ;
#3303 = VECTOR ( 'NONE', #2428, 39.37007874015748143 ) ;
#3304 = ORIENTED_EDGE ( 'NONE', *, *, #2751, .F. ) ;
#3305 = CARTESIAN_POINT ( 'NONE',  ( -0.1370078740157480435, -0.1161417322834645688, 0.05905511811023621271 ) ) ;
#3306 = CARTESIAN_POINT ( 'NONE',  ( -0.07860171936317361663, 0.03012512268950242461, 0.2803494094487531396 ) ) ;
#3307 = CARTESIAN_POINT ( 'NONE',  ( 0.01910258948164173312, 0.07069921271393700413, 0.3796789157783465041 ) ) ;
#3308 = ORIENTED_EDGE ( 'NONE', *, *, #2867, .T. ) ;
#3309 = CARTESIAN_POINT ( 'NONE',  ( -0.04356327300707579786, 0.05667366382066835184, 0.3691838897451424906 ) ) ;
#3310 = CARTESIAN_POINT ( 'NONE',  ( 0.004284928886365810957, -0.07073720402938331320, 0.3771650871739876676 ) ) ;
#3311 = FACE_OUTER_BOUND ( 'NONE', #270, .T. ) ;
#3312 = DIRECTION ( 'NONE',  ( 0.000000000000000000, 0.000000000000000000, 1.000000000000000000 ) ) ;
#3313 = EDGE_CURVE ( 'NONE', #1670, #1068, #1028, .T. ) ;
#3314 = CARTESIAN_POINT ( 'NONE',  ( -0.06105015867080368364, -0.03602358592710864366, 0.3146733933432473984 ) ) ;
#3315 = CARTESIAN_POINT ( 'NONE',  ( 0.04930596194794135967, 0.05092340054320644571, 0.3213890983438733584 ) ) ;
#3316 = EDGE_CURVE ( 'NONE', #4344, #2589, #3190, .T. ) ;
#3317 = FACE_BOUND ( 'NONE', #1277, .T. ) ;
#3318 = ORIENTED_EDGE ( 'NONE', *, *, #784, .T. ) ;
#3319 = ORIENTED_EDGE ( 'NONE', *, *, #1579, .T. ) ;
#3320 = CARTESIAN_POINT ( 'NONE',  ( -0.05049209072417738114, 0.06063649078909261886, 0.3574890559396835532 ) ) ;
#3321 = CARTESIAN_POINT ( 'NONE',  ( -0.07445924000980315427, -0.02419327364542519718, 0.2966596668986614116 ) ) ;
#3322 = CARTESIAN_POINT ( 'NONE',  ( -0.05910103048832821004, 0.03910448658018590012, 0.2875118857318695875 ) ) ;
#3323 = CARTESIAN_POINT ( 'NONE',  ( -0.01467475152062004684, 0.06936009734472735333, 0.2850785768052987446 ) ) ;
#3324 = DIRECTION ( 'NONE',  ( 0.000000000000000000, 0.000000000000000000, 1.000000000000000000 ) ) ;
#3325 = VERTEX_POINT ( 'NONE', #2395 ) ;
#3326 = LINE ( 'NONE', #728, #590 ) ;
#3327 = CARTESIAN_POINT ( 'NONE',  ( 0.08064762179893678051, 0.02411875314164431405, 0.2922490157479181727 ) ) ;
#3328 = CARTESIAN_POINT ( 'NONE',  ( 0.07860699495480313881, 0.003212170515692519806, 0.3725750212295275698 ) ) ;
#3329 = ORIENTED_EDGE ( 'NONE', *, *, #2246, .F. ) ;
#3330 = CARTESIAN_POINT ( 'NONE',  ( -0.01854902540766750763, -0.06902169539647685925, 0.3525253873730460619 ) ) ;
#3331 = CARTESIAN_POINT ( 'NONE',  ( 0.03460312635530785746, -0.06188274843293146282, 0.3785675027930936465 ) ) ;
#3332 = CARTESIAN_POINT ( 'NONE',  ( -0.09448818897637795144, -0.1948818897637795422, -0.2440944881889763884 ) ) ;
#3333 = CARTESIAN_POINT ( 'NONE',  ( -0.03937007874015747977, -0.1968503937007874127, -0.1850393700787401619 ) ) ;
#3334 = EDGE_CURVE ( 'NONE', #1852, #936, #2880, .T. ) ;
#3335 = CARTESIAN_POINT ( 'NONE',  ( -0.06472149321325240678, -0.02887275291788657036, 0.3143099175558937697 ) ) ;
#3336 = CARTESIAN_POINT ( 'NONE',  ( 0.04293843405376311650, 0.05643109360853827000, 0.3217779196456328483 ) ) ;
#3337 = CARTESIAN_POINT ( 'NONE',  ( -7.494882892650462736E-05, 0.07086610797909692616, 0.3041369367628752873 ) ) ;
#3338 = ORIENTED_EDGE ( 'NONE', *, *, #1992, .F. ) ;
#3339 = ORIENTED_EDGE ( 'NONE', *, *, #1721, .T. ) ;
#3340 = CARTESIAN_POINT ( 'NONE',  ( -0.02831606612674238826, 0.07363360330886657701, 0.3564746151994307999 ) ) ;
#3341 = ADVANCED_FACE ( 'NONE', ( #929, #564, #3508 ), #4604, .T. ) ;
#3342 = DIRECTION ( 'NONE',  ( 0.000000000000000000, 0.000000000000000000, 1.000000000000000000 ) ) ;
#3343 = CARTESIAN_POINT ( 'NONE',  ( -0.06971887984197931709, 0.01270679168107564407, 0.2887831671744066075 ) ) ;
#3344 = CARTESIAN_POINT ( 'NONE',  ( -0.02868459335720423969, 0.06480488355994988570, 0.2857358497489423388 ) ) ;
#3345 = CARTESIAN_POINT ( 'NONE',  ( -0.1377952755905511861, 0.08031496062992127261, -0.1062992125984252023 ) ) ;
#3346 = ORIENTED_EDGE ( 'NONE', *, *, #2597, .F. ) ;
#3347 = CARTESIAN_POINT ( 'NONE',  ( 0.07347153729485809970, -1.297439448512010858E-15, 0.2768935537465885277 ) ) ;
#3348 = VECTOR ( 'NONE', #2261, 39.37007874015748143 ) ;
#3349 = CARTESIAN_POINT ( 'NONE',  ( -0.08119346482903923301, -0.02221201029428436155, 0.2823326771652885370 ) ) ;
#3350 = DIRECTION ( 'NONE',  ( 1.000000000000000000, 0.000000000000000000, 0.000000000000000000 ) ) ;
#3351 = VERTEX_POINT ( 'NONE', #1342 ) ;
#3352 = VECTOR ( 'NONE', #249, 39.37007874015748143 ) ;
#3353 = VECTOR ( 'NONE', #101, 39.37007874015748143 ) ;
#3354 = AXIS2_PLACEMENT_3D ( 'NONE', #616, #3240, #4697 ) ;
#3355 = CARTESIAN_POINT ( 'NONE',  ( -0.07086518087547759304, 0.009279680883547939893, 0.3716471176425015233 ) ) ;
#3356 = CARTESIAN_POINT ( 'NONE',  ( -0.02955785003720921497, -0.06447496992428347617, 0.3756405797925705947 ) ) ;
#3357 = CARTESIAN_POINT ( 'NONE',  ( 0.04355057017684876158, -0.05666929164440829420, 0.3750805968368214893 ) ) ;
#3358 = CIRCLE ( 'NONE', #3971, 0.03937007874015747977 ) ;
#3359 = DIRECTION ( 'NONE',  ( -1.000000000000000000, 0.000000000000000000, 0.000000000000000000 ) ) ;
#3360 = CARTESIAN_POINT ( 'NONE',  ( -0.06516799285435649625, -0.02788888849243872578, 0.2906252447045506448 ) ) ;
#3361 = CARTESIAN_POINT ( 'NONE',  ( -0.1377952755905511861, -0.1948818897637795422, -0.2047244094488188948 ) ) ;
#3362 = AXIS2_PLACEMENT_3D ( 'NONE', #3122, #3824, #4583 ) ;
#3363 = CIRCLE ( 'NONE', #1054, 0.03937007874015747977 ) ;
#3364 = CARTESIAN_POINT ( 'NONE',  ( 0.05562189172053381286, 0.04391220141356003831, 0.3209587099382440467 ) ) ;
#3365 = CARTESIAN_POINT ( 'NONE',  ( 0.008764437343594198154, 0.07060610764511099369, 0.3037496947315710960 ) ) ;
#3366 = ORIENTED_EDGE ( 'NONE', *, *, #3215, .T. ) ;
#3367 = ORIENTED_EDGE ( 'NONE', *, *, #666, .T. ) ;
#3368 = CARTESIAN_POINT ( 'NONE',  ( -0.05460976676564901350, 0.05761601686347194579, 0.3380209151308248838 ) ) ;
#3369 = CARTESIAN_POINT ( 'NONE',  ( 0.1377952755905511861, -0.1968503937007874127, 0.2047244094488188948 ) ) ;
#3370 = CARTESIAN_POINT ( 'NONE',  ( -0.02362204724409448786, -0.3661417322834645272, 0.2047244094488188948 ) ) ;
#3371 = CARTESIAN_POINT ( 'NONE',  ( 0.04799717195807087083, 0.07015061841374015117, 0.3132959298301181139 ) ) ;
#3372 = CARTESIAN_POINT ( 'NONE',  ( -0.03164085841724648823, 0.06342270581428273435, 0.2858846075111846630 ) ) ;
#3373 = CARTESIAN_POINT ( 'NONE',  ( 0.000000000000000000, -0.2165354330708661457, 0.2440944881889763884 ) ) ;
#3374 = ORIENTED_EDGE ( 'NONE', *, *, #1840, .F. ) ;
#3375 = UNCERTAINTY_MEASURE_WITH_UNIT (LENGTH_MEASURE( 1.000000000000000082E-05 ), #1688, 'distance_accuracy_value', 'NONE');
#3376 = DIRECTION ( 'NONE',  ( 0.000000000000000000, -1.000000000000000000, 0.000000000000000000 ) ) ;
#3377 = CARTESIAN_POINT ( 'NONE',  ( 0.04133858267716535029, -0.1968503937007874127, 0.01771653543307086590 ) ) ;
#3378 = VECTOR ( 'NONE', #492, 39.37007874015748143 ) ;
#3379 = CARTESIAN_POINT ( 'NONE',  ( 0.03937007874015747977, -0.1771653543307086520, 0.03543307086614173179 ) ) ;
#3380 = ORIENTED_EDGE ( 'NONE', *, *, #1399, .T. ) ;
#3381 = CARTESIAN_POINT ( 'NONE',  ( 0.009484346208242459136, 0.07860606336588647769, 0.3734549005653180487 ) ) ;
#3382 = CARTESIAN_POINT ( 'NONE',  ( 0.000000000000000000, 0.000000000000000000, 0.2440944881889763884 ) ) ;
#3383 = FACE_OUTER_BOUND ( 'NONE', #2341, .T. ) ;
#3384 = CARTESIAN_POINT ( 'NONE',  ( 0.04489955996043307890, -0.05999664671228347596, 0.3167582040278346112 ) ) ;
#3385 = CARTESIAN_POINT ( 'NONE',  ( -0.06730907870228673706, -0.02218680692915699429, 0.2903628376116393905 ) ) ;
#3386 = CARTESIAN_POINT ( 'NONE',  ( -0.06902170200076204742, 0.01854900357694987470, 0.3672886459792618630 ) ) ;
#3387 = CARTESIAN_POINT ( 'NONE',  ( 0.06187928619814721254, 0.03454031957983338952, 0.3204733730727081231 ) ) ;
#3388 = CARTESIAN_POINT ( 'NONE',  ( 0.07086614173228346358, 0.000000000000000000, 0.2440944881889763884 ) ) ;
#3389 = ORIENTED_EDGE ( 'NONE', *, *, #2043, .T. ) ;
#3390 = EDGE_LOOP ( 'NONE', ( #1106, #1060, #4597, #543 ) ) ;
#3391 = CARTESIAN_POINT ( 'NONE',  ( 0.07887449453129623256, -0.002032829953310247469, 0.3503208134519762984 ) ) ;
#3392 = CARTESIAN_POINT ( 'NONE',  ( -0.002471481036868504108, 0.07489632766106299466, 0.3074051817986614421 ) ) ;
#3393 = LINE ( 'NONE', #3370, #2497 ) ;
#3394 = CARTESIAN_POINT ( 'NONE',  ( -0.04963658142283464830, -0.06900034466610235895, 0.3033795912474409606 ) ) ;
#3395 = FACE_BOUND ( 'NONE', #217, .T. ) ;
#3396 = LINE ( 'NONE', #435, #3289 ) ;
#3397 = ORIENTED_EDGE ( 'NONE', *, *, #1339, .F. ) ;
#3398 = ADVANCED_FACE ( 'NONE', ( #2833 ), #4293, .F. ) ;
#3399 = FACE_OUTER_BOUND ( 'NONE', #2551, .T. ) ;
#3400 = CARTESIAN_POINT ( 'NONE',  ( -0.06605590574619749078, 0.02964655254400511142, 0.3313679321612263418 ) ) ;
#3401 = ORIENTED_EDGE ( 'NONE', *, *, #2930, .F. ) ;
#3402 = DIRECTION ( 'NONE',  ( 0.000000000000000000, 1.000000000000000000, 0.000000000000000000 ) ) ;
#3403 = DIRECTION ( 'NONE',  ( 1.000000000000000000, 0.000000000000000000, 0.000000000000000000 ) ) ;
#3404 = ADVANCED_FACE ( 'NONE', ( #4014 ), #2588, .T. ) ;
#3405 = B_SPLINE_CURVE_WITH_KNOTS ( 'NONE', 3,
 ( #1119, #4713, #2580, #3286, #4054, #1459, #1434, #2925, #756, #2223, #3699, #27, #344, #828, #1241, #4454, #81, #1527 ),
 .UNSPECIFIED., .F., .F.,
 ( 4, 2, 2, 2, 2, 2, 2, 2, 4 ),
 ( 0.000000000000000000, 0.1250000000000000000, 0.2500000000000000000, 0.3750000000000000000, 0.5000000000000000000, 0.6250000000000000000, 0.7500000000000000000, 0.8750000000000000000, 1.000000000000000000 ),
 .UNSPECIFIED. ) ;
#3406 = CARTESIAN_POINT ( 'NONE',  ( 0.06716158976397637592, -0.04502869776098425425, 0.3658600181405905483 ) ) ;
#3407 = CARTESIAN_POINT ( 'NONE',  ( 0.04690914411956693258, -0.06268193607696850855, 0.3136208449120472253 ) ) ;
#3408 = LINE ( 'NONE', #3794, #762 ) ;
#3409 = LINE ( 'NONE', #559, #128 ) ;
#3410 = DIRECTION ( 'NONE',  ( 1.000000000000000000, 0.000000000000000000, 0.000000000000000000 ) ) ;
#3411 = ORIENTED_EDGE ( 'NONE', *, *, #3603, .T. ) ;
#3412 = ORIENTED_EDGE ( 'NONE', *, *, #4622, .T. ) ;
#3413 = CARTESIAN_POINT ( 'NONE',  ( 0.07615256069087689150, -0.02253482432181270687, 0.3494840347452495832 ) ) ;
#3414 = CARTESIAN_POINT ( 'NONE',  ( 0.04202348668964566575, -0.06204510199905512169, 0.2796394337672047370 ) ) ;
#3415 = LINE ( 'NONE', #906, #1049 ) ;
#3416 = CARTESIAN_POINT ( 'NONE',  ( 0.05944568897790399042, 0.04318953239955140161, 0.3274360271756304730 ) ) ;
#3417 = DIRECTION ( 'NONE',  ( 1.000000000000000000, 2.664535259100375303E-15, 0.000000000000000000 ) ) ;
#3418 = CARTESIAN_POINT ( 'NONE',  ( -0.08464566929133858497, -0.2165354330708661457, 0.2047244094488188948 ) ) ;
#3419 = EDGE_LOOP ( 'NONE', ( #1131, #2715, #2834, #1923 ) ) ;
#3420 = CARTESIAN_POINT ( 'NONE',  ( -0.07086614173228346358, -2.134256245050204869E-18, 0.2736530378450535705 ) ) ;
#3421 = ADVANCED_FACE ( 'NONE', ( #2209 ), #4083, .F. ) ;
#3422 = CARTESIAN_POINT ( 'NONE',  ( 0.07328666488582677441, 0.03657114398096850127, 0.3707598405914566686 ) ) ;
#3423 = ORIENTED_EDGE ( 'NONE', *, *, #1492, .F. ) ;
#3424 = CARTESIAN_POINT ( 'NONE',  ( -0.1377952755905511861, -0.1968503937007874127, -0.2047244094488188948 ) ) ;
#3425 = CARTESIAN_POINT ( 'NONE',  ( 0.07086614173228350522, -0.009276356260599492864, 0.2830866204540699038 ) ) ;
#3426 = CARTESIAN_POINT ( 'NONE',  ( 0.06178625043649606935, -0.05717464680842520436, 0.3488234927418897291 ) ) ;
#3427 = CARTESIAN_POINT ( 'NONE',  ( 0.004235439902224409463, -0.07481737599952756335, 0.3346076134767322907 ) ) ;
#3428 = AXIS2_PLACEMENT_3D ( 'NONE', #3739, #3376, #76 ) ;
#3429 = VECTOR ( 'NONE', #1416, 39.37007874015748143 ) ;
#3430 = CARTESIAN_POINT ( 'NONE',  ( -0.1370078740157480435, 0.08031496062992127261, -0.08070866141732284393 ) ) ;
#3431 = EDGE_CURVE ( 'NONE', #3242, #4001, #3195, .T. ) ;
#3432 = CIRCLE ( 'NONE', #1207, 0.02559055118110236185 ) ;
#3433 = CARTESIAN_POINT ( 'NONE',  ( -0.06192187004085283886, -0.03568953404203238644, 0.3343202508946649387 ) ) ;
#3434 = CARTESIAN_POINT ( 'NONE',  ( -0.08464566929133858497, -0.1968503937007874127, -0.1673228346456692994 ) ) ;
#3435 = VECTOR ( 'NONE', #4693, 39.37007874015748143 ) ;
#3436 = EDGE_LOOP ( 'NONE', ( #109, #2373, #3318 ) ) ;
#3437 = ORIENTED_EDGE ( 'NONE', *, *, #1521, .T. ) ;
#3438 = CARTESIAN_POINT ( 'NONE',  ( 0.03543236593514369898, 0.06137077229947697499, 0.3812322849789416823 ) ) ;
#3439 = CARTESIAN_POINT ( 'NONE',  ( -0.04837289466645669500, 0.06155936871259843485, 0.3125258086309448680 ) ) ;
#3440 = CARTESIAN_POINT ( 'NONE',  ( -0.06886974302882968579, 0.01672108469735975739, 0.3279927317564879652 ) ) ;
#3441 = PLANE ( 'NONE',  #4572 ) ;
#3442 = DIRECTION ( 'NONE',  ( 0.000000000000000000, 1.000000000000000000, 0.000000000000000000 ) ) ;
#3443 = VERTEX_POINT ( 'NONE', #353 ) ;
#3444 = CARTESIAN_POINT ( 'NONE',  ( -0.07086614173228346358, -5.202249597309881928E-18, 0.3326796081838216401 ) ) ;
#3445 = CARTESIAN_POINT ( 'NONE',  ( 0.02937004395633337553, -0.06450067421501913534, 0.3349718301844968327 ) ) ;
#3446 = LINE ( 'NONE', #1216, #220 ) ;
#3447 = ORIENTED_EDGE ( 'NONE', *, *, #1510, .T. ) ;
#3448 = CARTESIAN_POINT ( 'NONE',  ( 0.06931271579619527334, -0.01473310485603480414, 0.3812387408674208777 ) ) ;
#3449 = CYLINDRICAL_SURFACE ( 'NONE', #3056, 0.07086614173228346358 ) ;
#3450 = CIRCLE ( 'NONE', #4145, 0.03937007874015747977 ) ;
#3451 = CARTESIAN_POINT ( 'NONE',  ( -0.06968526964830708270, 0.04101507582015748166, 0.3365161861195669624 ) ) ;
#3452 = DIRECTION ( 'NONE',  ( 0.000000000000000000, 0.000000000000000000, 1.000000000000000000 ) ) ;
#3453 = DIRECTION ( 'NONE',  ( 0.000000000000000000, 0.000000000000000000, -1.000000000000000000 ) ) ;
#3454 = CIRCLE ( 'NONE', #914, 0.03937007874015747977 ) ;
#3455 = EDGE_CURVE ( 'NONE', #3210, #1875, #4342, .T. ) ;
#3456 = DIRECTION ( 'NONE',  ( 0.000000000000000000, 0.000000000000000000, 1.000000000000000000 ) ) ;
#3457 = ADVANCED_FACE ( 'NONE', ( #3317, #4411 ), #1829, .T. ) ;
#3458 = FACE_BOUND ( 'NONE', #2328, .T. ) ;
#3459 = CIRCLE ( 'NONE', #3845, 0.04330708661417323468 ) ;
#3460 = ORIENTED_EDGE ( 'NONE', *, *, #4446, .F. ) ;
#3461 = EDGE_CURVE ( 'NONE', #3743, #1792, #2339, .T. ) ;
#3462 = LINE ( 'NONE', #1674, #4347 ) ;
#3463 = LINE ( 'NONE', #563, #440 ) ;
#3464 = CARTESIAN_POINT ( 'NONE',  ( 8.359824974818015283E-05, -0.07086609419554711076, 0.2982321017148031328 ) ) ;
#3465 = CARTESIAN_POINT ( 'NONE',  ( 0.000000000000000000, -0.3661417322834645272, 0.2047244094488188948 ) ) ;
#3466 = VERTEX_POINT ( 'NONE', #3844 ) ;
#3467 = PRODUCT_DEFINITION_CONTEXT ( 'detailed design', #4695, 'design' ) ;
#3468 = DIRECTION ( 'NONE',  ( 0.000000000000000000, 0.000000000000000000, 1.000000000000000000 ) ) ;
#3469 = CARTESIAN_POINT ( 'NONE',  ( 0.06991683249885674578, -0.01156413002918258576, 0.3380627748496128904 ) ) ;
#3470 = CARTESIAN_POINT ( 'NONE',  ( -0.01668633083050091032, -0.06887438704737323947, 0.2935219683605924113 ) ) ;
#3471 = CARTESIAN_POINT ( 'NONE',  ( 0.06745384499647040510, -0.02172568037882868092, 0.2982356455528981098 ) ) ;
#3472 = ORIENTED_EDGE ( 'NONE', *, *, #1081, .F. ) ;
#3473 = CARTESIAN_POINT ( 'NONE',  ( 0.000000000000000000, 0.000000000000000000, 0.000000000000000000 ) ) ;
#3474 = CARTESIAN_POINT ( 'NONE',  ( -0.01854906267112987547, -0.06902168574814841751, 0.2777545955011476719 ) ) ;
#3475 = CARTESIAN_POINT ( 'NONE',  ( 0.07635535374929133812, -0.03543847922785826887, 0.3891712617707874244 ) ) ;
#3476 = CARTESIAN_POINT ( 'NONE',  ( 0.07070405999456692847, 0.02482949859766929099, 0.3207247394609055169 ) ) ;
#3477 = CARTESIAN_POINT ( 'NONE',  ( -0.007998950404641732778, 0.07176449494330709722, 0.3643057762064567107 ) ) ;
#3478 = CARTESIAN_POINT ( 'NONE',  ( -0.1358267716535433156, 0.000000000000000000, -0.2047244094488188948 ) ) ;
#3479 = ADVANCED_FACE ( 'NONE', ( #856 ), #4154, .T. ) ;
#3480 = FACE_OUTER_BOUND ( 'NONE', #3558, .T. ) ;
#3481 = VERTEX_POINT ( 'NONE', #1922 ) ;
#3482 = PLANE ( 'NONE',  #3748 ) ;
#3483 = DIRECTION ( 'NONE',  ( -0.7069710300362636035, 0.000000000000000000, -0.7072425062801757090 ) ) ;
#3484 = DIRECTION ( 'NONE',  ( 0.000000000000000000, 0.000000000000000000, 1.000000000000000000 ) ) ;
#3485 = EDGE_LOOP ( 'NONE', ( #596, #2822, #2470, #4176, #3133, #1656, #3557, #2651, #4015, #1966 ) ) ;
#3486 = EDGE_CURVE ( 'NONE', #931, #2019, #3075, .T. ) ;
#3487 = ORIENTED_EDGE ( 'NONE', *, *, #4592, .F. ) ;
#3488 = ADVANCED_FACE ( 'NONE', ( #136 ), #3096, .F. ) ;
#3489 = DIRECTION ( 'NONE',  ( 1.000000000000000000, 0.000000000000000000, 0.000000000000000000 ) ) ;
#3490 = CARTESIAN_POINT ( 'NONE',  ( 0.07085843978913071439, 3.303486762273646120E-07, 0.3385749785893480412 ) ) ;
#3491 = CARTESIAN_POINT ( 'NONE',  ( 0.02777862855466109449, -0.06519507123510133451, 0.2955296792708018705 ) ) ;
#3492 = CARTESIAN_POINT ( 'NONE',  ( 0.02589210298229534246, -0.06764953907289097956, 0.3795630211645807384 ) ) ;
#3493 = ORIENTED_EDGE ( 'NONE', *, *, #1198, .F. ) ;
#3494 = CARTESIAN_POINT ( 'NONE',  ( 0.02667333816124069223, 0.06565512556285819923, 0.3068882567325457722 ) ) ;
#3495 = CARTESIAN_POINT ( 'NONE',  ( 0.01063789801218503923, 0.08015787831137795305, 0.3328482071169291956 ) ) ;
#3496 = CARTESIAN_POINT ( 'NONE',  ( 0.08248935725519686291, 0.02048441045485826714, 0.2716473077830314775 ) ) ;
#3497 = CARTESIAN_POINT ( 'NONE',  ( -0.008356962020692913426, 0.07497648170570866966, 0.3611684170906692692 ) ) ;
#3498 = CARTESIAN_POINT ( 'NONE',  ( 0.04133858267716535029, -0.1771653543307086520, -0.1870078740157480324 ) ) ;
#3499 = VECTOR ( 'NONE', #3746, 39.37007874015748143 ) ;
#3500 = AXIS2_PLACEMENT_3D ( 'NONE', #672, #3219, #2491 ) ;
#3501 = LINE ( 'NONE', #1559, #2586 ) ;
#3502 = CARTESIAN_POINT ( 'NONE',  ( -0.02697371635760772990, -0.06553192696232415515, 0.3167127099536916068 ) ) ;
#3503 = AXIS2_PLACEMENT_3D ( 'NONE', #84, #3679, #1846 ) ;
#3504 = CARTESIAN_POINT ( 'NONE',  ( 0.000000000000000000, -0.3661417322834645272, 0.2047244094488188948 ) ) ;
#3505 = VECTOR ( 'NONE', #4236, 39.37007874015748143 ) ;
#3506 = CARTESIAN_POINT ( 'NONE',  ( 0.000000000000000000, -0.2165354330708661457, -0.2440944881889763884 ) ) ;
#3507 = ADVANCED_FACE ( 'NONE', ( #1269 ), #2662, .F. ) ;
#3508 = FACE_OUTER_BOUND ( 'NONE', #3969, .T. ) ;
#3509 = VERTEX_POINT ( 'NONE', #3434 ) ;
#3510 = ORIENTED_EDGE ( 'NONE', *, *, #1871, .T. ) ;
#3511 = AXIS2_PLACEMENT_3D ( 'NONE', #2892, #4002, #2170 ) ;
#3512 = LINE ( 'NONE', #646, #510 ) ;
#3513 = CARTESIAN_POINT ( 'NONE',  ( 0.06676051354932849291, -0.02378184853011933164, 0.3375018084518882078 ) ) ;
#3514 = EDGE_CURVE ( 'NONE', #1043, #1913, #494, .T. ) ;
#3515 = CARTESIAN_POINT ( 'NONE',  ( 0.009306863036791198848, -0.07026231027165796839, 0.2946923499365623478 ) ) ;
#3516 = CARTESIAN_POINT ( 'NONE',  ( 0.05647514420644367261, -0.04281333155013901381, 0.2971489322882438500 ) ) ;
#3517 = EDGE_LOOP ( 'NONE', ( #3597, #4122, #3158, #3168 ) ) ;
#3518 = CARTESIAN_POINT ( 'NONE',  ( 0.07086614173228346358, 5.175571394246748868E-17, 0.2834967762196791696 ) ) ;
#3519 = CARTESIAN_POINT ( 'NONE',  ( 0.04383978548960333621, 0.05572048788901733107, 0.3059936195834584982 ) ) ;
#3520 = CARTESIAN_POINT ( 'NONE',  ( 0.05447216535161417822, -0.05040647057992125868, 0.3394114153945669288 ) ) ;
#3521 = CARTESIAN_POINT ( 'NONE',  ( 0.04610324789425197800, 0.06738253981913386315, 0.3164332889459054998 ) ) ;
#3522 = CIRCLE ( 'NONE', #2990, 0.02362204724409448786 ) ;
#3523 = CARTESIAN_POINT ( 'NONE',  ( 0.05014238159492126479, -0.05196024426271653174, 0.3762053825056692613 ) ) ;
#3524 = ORIENTED_EDGE ( 'NONE', *, *, #1548, .F. ) ;
#3525 = CARTESIAN_POINT ( 'NONE',  ( 0.02247869186382696338, 0.07616330160576990915, 0.3347293472992395325 ) ) ;
#3526 = CARTESIAN_POINT ( 'NONE',  ( -0.05801643714685967429, -0.04075263477906019421, 0.3739884952907973625 ) ) ;
#3527 = CARTESIAN_POINT ( 'NONE',  ( -0.07874015748031495954, 0.05905511811023622659, 0.2637795275590551491 ) ) ;
#3528 = CARTESIAN_POINT ( 'NONE',  ( -0.1358267716535433156, 0.000000000000000000, -0.2047244094488188948 ) ) ;
#3529 = AXIS2_PLACEMENT_3D ( 'NONE', #3788, #4167, #3350 ) ;
#3530 = CARTESIAN_POINT ( 'NONE',  ( -0.01297831055441651255, -0.06982159346273596190, 0.3173587672520718495 ) ) ;
#3531 = CARTESIAN_POINT ( 'NONE',  ( -0.01209560422765558300, 0.06982067445348370816, 0.3243474219720849372 ) ) ;
#3532 = CARTESIAN_POINT ( 'NONE',  ( 0.07874015748031495954, -0.05905511811023622659, 0.2440944881889763884 ) ) ;
#3533 = CARTESIAN_POINT ( 'NONE',  ( -0.1377952755905511861, -0.1771653543307086520, 0.2047244094488188948 ) ) ;
#3534 = EDGE_LOOP ( 'NONE', ( #4526, #3268, #982, #4381, #2946, #2244, #14, #1645 ) ) ;
#3535 = ORIENTED_EDGE ( 'NONE', *, *, #2710, .F. ) ;
#3536 = CARTESIAN_POINT ( 'NONE',  ( 0.05124843570291338912, 0.06781176607350393459, 0.2950013142640944830 ) ) ;
#3537 = CARTESIAN_POINT ( 'NONE',  ( -0.02693504130210336647, -0.06554782907755823951, 0.3324176703378607933 ) ) ;
#3538 = CARTESIAN_POINT ( 'NONE',  ( -0.06986978264564321084, -0.01186655147758056660, 0.2898845701817683862 ) ) ;
#3539 = CARTESIAN_POINT ( 'NONE',  ( 0.06986082996892636898, -0.01190607452160909879, 0.2986632872982629694 ) ) ;
#3540 = ORIENTED_EDGE ( 'NONE', *, *, #3431, .F. ) ;
#3541 = ADVANCED_FACE ( 'NONE', ( #1609 ), #878, .T. ) ;
#3542 = CARTESIAN_POINT ( 'NONE',  ( 0.02240098381100380509, 0.06756238612983918312, 0.2873795715000388995 ) ) ;
#3543 = CARTESIAN_POINT ( 'NONE',  ( 0.008084679430986512969, 0.07041306232720924430, 0.3077124313171274994 ) ) ;
#3544 = CARTESIAN_POINT ( 'NONE',  ( -0.06903295430248031217, 0.02724849133868504150, 0.3504153524024802846 ) ) ;
#3545 = CARTESIAN_POINT ( 'NONE',  ( 0.07064983840405511528, -0.02900442420331889731, 0.2728013991822834661 ) ) ;
#3546 = CARTESIAN_POINT ( 'NONE',  ( -0.004609478616429133618, 0.07206157437397638088, 0.3444730990411023486 ) ) ;
#3547 = ORIENTED_EDGE ( 'NONE', *, *, #48, .T. ) ;
#3548 = DIRECTION ( 'NONE',  ( 0.000000000000000000, 0.000000000000000000, 1.000000000000000000 ) ) ;
#3549 = ADVANCED_FACE ( 'NONE', ( #3480 ), #1965, .F. ) ;
#3550 = FACE_OUTER_BOUND ( 'NONE', #4654, .T. ) ;
#3551 = CARTESIAN_POINT ( 'NONE',  ( 6.770090982642358417E-05, -0.07086611018357666381, 0.3139792576449838557 ) ) ;
#3552 = LINE ( 'NONE', #2826, #3120 ) ;
#3553 = CARTESIAN_POINT ( 'NONE',  ( 0.05681470295700800227, -0.04243011906309508696, 0.3208494458557437645 ) ) ;
#3554 = CARTESIAN_POINT ( 'NONE',  ( -0.06601382421682480683, 0.02582755515661092419, 0.3275622531917941616 ) ) ;
#3555 = LINE ( 'NONE', #1701, #4418 ) ;
#3556 = DIRECTION ( 'NONE',  ( -1.000000000000000000, 0.000000000000000000, 0.000000000000000000 ) ) ;
#3557 = ORIENTED_EDGE ( 'NONE', *, *, #3040, .T. ) ;
#3558 = EDGE_LOOP ( 'NONE', ( #2565, #3194, #1685, #3920 ) ) ;
#3559 = CARTESIAN_POINT ( 'NONE',  ( 0.03760980968056205215, -0.06936140176327247608, 0.3667145637467341124 ) ) ;
#3560 = FACE_OUTER_BOUND ( 'NONE', #138, .T. ) ;
#3561 = CARTESIAN_POINT ( 'NONE',  ( -0.06663870185275751201, -0.02422526875860905871, 0.3298319070659964658 ) ) ;
#3562 = CARTESIAN_POINT ( 'NONE',  ( -0.06969863007519278009, -0.01284846884395525121, 0.2899303593625836006 ) ) ;
#3563 = CARTESIAN_POINT ( 'NONE',  ( -0.07276580674565567841, -0.01770517092691526947, 0.3766962328780638081 ) ) ;
#3564 = ORIENTED_EDGE ( 'NONE', *, *, #3901, .F. ) ;
#3565 =( NAMED_UNIT ( * ) SI_UNIT ( $, .STERADIAN. ) SOLID_ANGLE_UNIT ( ) );
#3566 = ADVANCED_FACE ( 'NONE', ( #3458, #2306 ), #108, .T. ) ;
#3567 = CARTESIAN_POINT ( 'NONE',  ( -0.03136389742492579069, 0.06355038807499804876, 0.3095330566875056921 ) ) ;
#3568 = CARTESIAN_POINT ( 'NONE',  ( -0.01405936381381495993, -0.07287223990751968972, 0.3559173209064173116 ) ) ;
#3569 = CARTESIAN_POINT ( 'NONE',  ( 0.001154191423133464622, 0.08163690330055117794, 0.2985838794970866461 ) ) ;
#3570 = CARTESIAN_POINT ( 'NONE',  ( -0.05894696329287400782, 0.04170589239586614677, 0.3669501331618110207 ) ) ;
#3571 = ORIENTED_EDGE ( 'NONE', *, *, #2194, .F. ) ;
#3572 = CARTESIAN_POINT ( 'NONE',  ( 0.05732596141165243603, 0.04165011081472346638, 0.3405440398708138305 ) ) ;
#3573 = CARTESIAN_POINT ( 'NONE',  ( 0.05118110236220472370, 0.000000000000000000, -0.2047244094488188948 ) ) ;
#3574 = CARTESIAN_POINT ( 'NONE',  ( -0.07874015748031495954, 0.05905511811023622659, 0.2440944881889763884 ) ) ;
#3575 = DIRECTION ( 'NONE',  ( 0.000000000000000000, 0.000000000000000000, -1.000000000000000000 ) ) ;
#3576 = EDGE_CURVE ( 'NONE', #4268, #2734, #3005, .T. ) ;
#3577 = CARTESIAN_POINT ( 'NONE',  ( 0.04680842810910781915, -0.05340859843166433085, 0.3201666276251952659 ) ) ;
#3578 = CARTESIAN_POINT ( 'NONE',  ( -0.06730173372968642487, 0.02222890340407784882, 0.3277380862884224921 ) ) ;
#3579 = CARTESIAN_POINT ( 'NONE',  ( -0.1377952755905511861, -0.1968503937007874127, -0.2047244094488188948 ) ) ;
#3580 = LINE ( 'NONE', #4316, #4644 ) ;
#3581 = VECTOR ( 'NONE', #3771, 39.37007874015748143 ) ;
#3582 = VERTEX_POINT ( 'NONE', #3050 ) ;
#3583 =( GEOMETRIC_REPRESENTATION_CONTEXT ( 3 ) GLOBAL_UNCERTAINTY_ASSIGNED_CONTEXT ( ( #4564 ) ) GLOBAL_UNIT_ASSIGNED_CONTEXT ( ( #1233, #863, #2856 ) ) REPRESENTATION_CONTEXT ( 'NONE', 'WORKASPACE' ) );
#3584 = VERTEX_POINT ( 'NONE', #519 ) ;
#3585 = CARTESIAN_POINT ( 'NONE',  ( -0.07896138808366259809, -0.008416384273955289722, 0.3605638063919164860 ) ) ;
#3586 = VECTOR ( 'NONE', #3185, 39.37007874015748143 ) ;
#3587 = CARTESIAN_POINT ( 'NONE',  ( 0.07703310905779527096, 0.02705210243232677308, 0.3097133645970865934 ) ) ;
#3588 = CARTESIAN_POINT ( 'NONE',  ( 0.0003082410983431012460, -0.07086550436462367430, 0.3336719718016359360 ) ) ;
#3589 = CARTESIAN_POINT ( 'NONE',  ( 0.03937007874015747977, -0.1771653543307086520, 0.01968503937007873988 ) ) ;
#3590 = CARTESIAN_POINT ( 'NONE',  ( 0.04505256851372557714, -0.05470351814114846750, 0.2964418434456290719 ) ) ;
#3591 = EDGE_LOOP ( 'NONE', ( #3423, #2995, #1704, #3805 ) ) ;
#3592 = VECTOR ( 'NONE', #2644, 39.37007874015748143 ) ;
#3593 = CARTESIAN_POINT ( 'NONE',  ( 0.01182452217677237849, 0.06987690584568055641, 0.3075608675308512119 ) ) ;
#3594 = CARTESIAN_POINT ( 'NONE',  ( -0.002679029706017322602, -0.07749119699374014403, 0.3792285645366142433 ) ) ;
#3595 = CARTESIAN_POINT ( 'NONE',  ( 0.08006402673885827659, -0.02854101263385827245, 0.2894967172317323145 ) ) ;
#3596 = CARTESIAN_POINT ( 'NONE',  ( -0.06261528237468504121, -0.04763101701948818656, 0.3646419503633858139 ) ) ;
#3597 = ORIENTED_EDGE ( 'NONE', *, *, #1711, .T. ) ;
#3598 = DIRECTION ( 'NONE',  ( 0.000000000000000000, 0.000000000000000000, 1.000000000000000000 ) ) ;
#3599 = CYLINDRICAL_SURFACE ( 'NONE', #1822, 0.02362204724409448786 ) ;
#3600 = AXIS2_PLACEMENT_3D ( 'NONE', #2685, #1225, #4534 ) ;
#3601 = CARTESIAN_POINT ( 'NONE',  ( 0.01910448162086604562, -0.06847452315947068213, 0.3148284550438605889 ) ) ;
#3602 = DIRECTION ( 'NONE',  ( 0.000000000000000000, 0.000000000000000000, 1.000000000000000000 ) ) ;
#3603 = EDGE_CURVE ( 'NONE', #3443, #26, #3522, .T. ) ;
#3604 = CARTESIAN_POINT ( 'NONE',  ( 0.02756829752703897699, -0.06528426881073373655, 0.3191958435726928167 ) ) ;
#3605 = EDGE_CURVE ( 'NONE', #2872, #89, #2547, .T. ) ;
#3606 = ADVANCED_FACE ( 'NONE', ( #3238, #2253 ), #1101, .T. ) ;
#3607 = CARTESIAN_POINT ( 'NONE',  ( -0.06066162477814668330, 0.03666140425583579165, 0.3270052683612095779 ) ) ;
#3608 = CIRCLE ( 'NONE', #1376, 0.02559055118110236185 ) ;
#3609 = CARTESIAN_POINT ( 'NONE',  ( 0.000000000000000000, 0.000000000000000000, 0.2440944881889763884 ) ) ;
#3610 = DIRECTION ( 'NONE',  ( 0.000000000000000000, 1.000000000000000000, 0.000000000000000000 ) ) ;
#3611 = ORIENTED_EDGE ( 'NONE', *, *, #364, .F. ) ;
#3612 = ORIENTED_EDGE ( 'NONE', *, *, #4365, .F. ) ;
#3613 = CARTESIAN_POINT ( 'NONE',  ( 0.07776006238092497691, 0.01333828963080655253, 0.3706180074855562889 ) ) ;
#3614 = VECTOR ( 'NONE', #634, 39.37007874015748143 ) ;
#3615 = EDGE_CURVE ( 'NONE', #2053, #1874, #2929, .T. ) ;
#3616 = CARTESIAN_POINT ( 'NONE',  ( 0.05603356267602362800, 0.05885089011448819268, 0.3340055793560629538 ) ) ;
#3617 = CARTESIAN_POINT ( 'NONE',  ( 0.0001566277128258604888, -0.07086605468126649932, 0.3336650445168394818 ) ) ;
#3618 = FACE_BOUND ( 'NONE', #2616, .T. ) ;
#3619 = DIRECTION ( 'NONE',  ( -1.000000000000000000, 0.000000000000000000, 0.000000000000000000 ) ) ;
#3620 = ORIENTED_EDGE ( 'NONE', *, *, #3254, .F. ) ;
#3621 = CARTESIAN_POINT ( 'NONE',  ( 0.06192668360253123644, 0.03448511532712007083, 0.3047564087168632141 ) ) ;
#3622 = CARTESIAN_POINT ( 'NONE',  ( 0.07653171182066928480, -0.01245026951942913331, 0.3443827640116535749 ) ) ;
#3623 = LINE ( 'NONE', #2312, #1289 ) ;
#3624 = CARTESIAN_POINT ( 'NONE',  ( 0.07002613692881889951, -0.02806517861876378292, 0.3743902018675984711 ) ) ;
#3625 = ORIENTED_EDGE ( 'NONE', *, *, #3893, .F. ) ;
#3626 = CARTESIAN_POINT ( 'NONE',  ( 0.07086614173228350522, -0.009276353537798976562, 0.3578575469676061882 ) ) ;
#3627 = CARTESIAN_POINT ( 'NONE',  ( 0.02978897650746505782, -0.06430202897231498960, 0.3783367849818587980 ) ) ;
#3628 = CARTESIAN_POINT ( 'NONE',  ( 0.05147593327225209042, -0.05025627914100336269, 0.3164574493135717814 ) ) ;
#3629 = LINE ( 'NONE', #324, #1594 ) ;
#3630 = CARTESIAN_POINT ( 'NONE',  ( 0.03601435748170950246, 0.06281134887384043353, 0.3418573209167553029 ) ) ;
#3631 = ADVANCED_FACE ( 'NONE', ( #1464 ), #2157, .T. ) ;
#3632 = CARTESIAN_POINT ( 'NONE',  ( -0.05375024699170618397, 0.04618281339112624562, 0.3264939210311925688 ) ) ;
#3633 = LINE ( 'NONE', #4652, #664 ) ;
#3634 = CARTESIAN_POINT ( 'NONE',  ( -0.06692913385805548954, 0.008761003134983132157, 0.3858267716540849102 ) ) ;
#3635 = ORIENTED_EDGE ( 'NONE', *, *, #253, .T. ) ;
#3636 = ORIENTED_EDGE ( 'NONE', *, *, #1399, .F. ) ;
#3637 = LINE ( 'NONE', #2163, #3840 ) ;
#3638 = CARTESIAN_POINT ( 'NONE',  ( 0.07490201796566929582, -0.02278553527376378160, 0.3045927377648031675 ) ) ;
#3639 = CARTESIAN_POINT ( 'NONE',  ( -0.06540547374043698126, -0.02727890165983917065, 0.3299769045216014995 ) ) ;
#3640 = CARTESIAN_POINT ( 'NONE',  ( -0.02142773794979428367, 0.06770156089699842783, 0.2853814363800123988 ) ) ;
#3641 = ORIENTED_EDGE ( 'NONE', *, *, #4567, .F. ) ;
#3642 = ADVANCED_FACE ( 'NONE', ( #3681 ), #736, .T. ) ;
#3643 = EDGE_LOOP ( 'NONE', ( #172, #3540 ) ) ;
#3644 = LINE ( 'NONE', #774, #2419 ) ;
#3645 = CARTESIAN_POINT ( 'NONE',  ( 0.07928962941651922225, -0.02826495752320399776, 0.2902657480313827199 ) ) ;
#3646 = CARTESIAN_POINT ( 'NONE',  ( -0.08464566929133858497, -0.1968503937007874127, -0.2047244094488188948 ) ) ;
#3647 = B_SPLINE_CURVE_WITH_KNOTS ( 'NONE', 3,
 ( #1832, #3970, #2544, #1031, #2185, #358, #2494, #699, #4656, #1803, #2567, #3660, #259, #3996, #310, #675, #2142, #331 ),
 .UNSPECIFIED., .F., .F.,
 ( 4, 2, 2, 2, 2, 2, 2, 2, 4 ),
 ( 0.000000000000000000, 0.1250000000000000000, 0.2500000000000000000, 0.3750000000000000000, 0.5000000000000000000, 0.6250000000000000000, 0.7500000000000000000, 0.8750000000000000000, 1.000000000000000000 ),
 .UNSPECIFIED. ) ;
#3648 = CARTESIAN_POINT ( 'NONE',  ( 0.05761155409531495963, 0.05821683018322834635, 0.3324166647384251827 ) ) ;
#3649 = ORIENTED_EDGE ( 'NONE', *, *, #2187, .F. ) ;
#3650 = CARTESIAN_POINT ( 'NONE',  ( 0.07086613828711398055, 1.520203197747039567E-10, 0.3582677130902645612 ) ) ;
#3651 = CARTESIAN_POINT ( 'NONE',  ( 0.05521683100114391923, -0.04445485571774344946, 0.3797864193976697167 ) ) ;
#3652 = CARTESIAN_POINT ( 'NONE',  ( 0.1377952755905511861, 0.1574803149606299191, -0.2440944881889763884 ) ) ;
#3653 = DIRECTION ( 'NONE',  ( 0.000000000000000000, 0.000000000000000000, 1.000000000000000000 ) ) ;
#3654 = DIRECTION ( 'NONE',  ( 0.000000000000000000, 0.000000000000000000, -1.000000000000000000 ) ) ;
#3655 = CARTESIAN_POINT ( 'NONE',  ( 0.01842766897932425832, 0.06842919015065916655, 0.3229621232127792840 ) ) ;
#3656 = LINE ( 'NONE', #2181, #1735 ) ;
#3657 = CARTESIAN_POINT ( 'NONE',  ( 0.02903632870997004470, 0.06527582019865817153, 0.3028250711359037339 ) ) ;
#3658 = VERTEX_POINT ( 'NONE', #325 ) ;
#3659 = VERTEX_POINT ( 'NONE', #715 ) ;
#3660 = CARTESIAN_POINT ( 'NONE',  ( 0.03568486909206518981, -0.06192820582817649272, 0.3589271844487856300 ) ) ;
#3661 = CARTESIAN_POINT ( 'NONE',  ( -0.07864895496629921434, 0.02191479928048819040, 0.3176464354632677067 ) ) ;
#3662 = CARTESIAN_POINT ( 'NONE',  ( -0.03937007874015747977, -0.3740157480314960647, 0.01968503937007873988 ) ) ;
#3663 = AXIS2_PLACEMENT_3D ( 'NONE', #865, #3737, #1235 ) ;
#3664 = VECTOR ( 'NONE', #1027, 39.37007874015748143 ) ;
#3665 = CARTESIAN_POINT ( 'NONE',  ( 0.05242805934281606628, 0.04776546911097738490, 0.2818294047476808672 ) ) ;
#3666 = DIRECTION ( 'NONE',  ( 1.000000000000000000, 0.000000000000000000, 0.000000000000000000 ) ) ;
#3667 = ORIENTED_EDGE ( 'NONE', *, *, #3864, .T. ) ;
#3668 = CIRCLE ( 'NONE', #354, 0.02559055118110236185 ) ;
#3669 = CARTESIAN_POINT ( 'NONE',  ( 0.06374028045063899472, 0.03098117339038402446, 0.3045766788987150364 ) ) ;
#3670 = EDGE_CURVE ( 'NONE', #1611, #4242, #987, .T. ) ;
#3671 = CARTESIAN_POINT ( 'NONE',  ( 0.0007933369962788050685, -0.08417317727649632764, 0.3061318897636268743 ) ) ;
#3672 = AXIS2_PLACEMENT_3D ( 'NONE', #2851, #1720, #3602 ) ;
#3673 = CARTESIAN_POINT ( 'NONE',  ( -0.07720090371334646651, 0.01514621513748425248, 0.3619975934079921465 ) ) ;
#3674 = EDGE_LOOP ( 'NONE', ( #4463, #4662, #161, #4639 ) ) ;
#3675 = EDGE_CURVE ( 'NONE', #2403, #905, #4081, .T. ) ;
#3676 = CARTESIAN_POINT ( 'NONE',  ( 0.07086613373094212409, -8.981492053506142341E-09, 0.3622047320313508401 ) ) ;
#3677 = CARTESIAN_POINT ( 'NONE',  ( 0.04140490237219471292, -0.05751225828372839161, 0.3789282546130718909 ) ) ;
#3678 = VECTOR ( 'NONE', #883, 39.37007874015748143 ) ;
#3679 = DIRECTION ( 'NONE',  ( 0.000000000000000000, 0.000000000000000000, -1.000000000000000000 ) ) ;
#3680 = CARTESIAN_POINT ( 'NONE',  ( 0.07086614173228346358, 0.000000000000000000, 0.2440944881889763884 ) ) ;
#3681 = FACE_OUTER_BOUND ( 'NONE', #4493, .T. ) ;
#3682 = AXIS2_PLACEMENT_3D ( 'NONE', #2012, #2279, #3820 ) ;
#3683 = CARTESIAN_POINT ( 'NONE',  ( 0.05544030120374788401, 0.04414083801444140115, 0.3209716916468170478 ) ) ;
#3684 = CARTESIAN_POINT ( 'NONE',  ( -0.03370678215070131017, 0.05848176614950902769, 0.3858267716540849102 ) ) ;
#3685 = ORIENTED_EDGE ( 'NONE', *, *, #1397, .T. ) ;
#3686 = ORIENTED_EDGE ( 'NONE', *, *, #3765, .F. ) ;
#3687 = CARTESIAN_POINT ( 'NONE',  ( -0.06062397968715674962, -0.05051295687989224709, 0.3427262388153899941 ) ) ;
#3688 = CARTESIAN_POINT ( 'NONE',  ( -0.04767796777610236458, -0.06627765481090551469, 0.3017802937309448930 ) ) ;
#3689 = CARTESIAN_POINT ( 'NONE',  ( -0.07005765936053401366, 0.01069030850457216263, 0.2888698574343148695 ) ) ;
#3690 = CARTESIAN_POINT ( 'NONE',  ( -0.02479748799685730157, 0.06643437896308879154, 0.2855410727140503258 ) ) ;
#3691 = DIRECTION ( 'NONE',  ( 0.000000000000000000, 0.000000000000000000, 1.000000000000000000 ) ) ;
#3692 = EDGE_LOOP ( 'NONE', ( #4513, #1709, #3084, #799, #1139, #2036 ) ) ;
#3693 = CARTESIAN_POINT ( 'NONE',  ( 0.07085924652560039727, 3.132569493496177037E-07, 0.2795206664978011624 ) ) ;
#3694 = CARTESIAN_POINT ( 'NONE',  ( -0.08108789808337911464, 0.02259438807980895456, 0.3200147637794141797 ) ) ;
#3695 = ADVANCED_FACE ( 'NONE', ( #783 ), #303, .T. ) ;
#3696 = EDGE_CURVE ( 'NONE', #4412, #474, #1485, .T. ) ;
#3697 = CARTESIAN_POINT ( 'NONE',  ( 0.07013823390732283614, 0.03908247413086220895, 0.3315352124199606454 ) ) ;
#3698 = VERTEX_POINT ( 'NONE', #2537 ) ;
#3699 = CARTESIAN_POINT ( 'NONE',  ( -0.01854068699842454510, 0.06900177536013070434, 0.3482700563511161307 ) ) ;
#3700 = CARTESIAN_POINT ( 'NONE',  ( 0.001343192773388065175, -0.07087063756452345598, 0.3770309678308890189 ) ) ;
#3701 = CARTESIAN_POINT ( 'NONE',  ( -0.07086614173228411584, -0.0005824573120336590942, 0.3090481513658151491 ) ) ;
#3702 = LINE ( 'NONE', #2203, #2731 ) ;
#3703 = CARTESIAN_POINT ( 'NONE',  ( -0.04928797630358872778, -0.05092037483338834880, 0.3155270401510708589 ) ) ;
#3704 = EDGE_CURVE ( 'NONE', #2363, #239, #4494, .T. ) ;
#3705 = CARTESIAN_POINT ( 'NONE',  ( 0.02039647377517271251, 0.06787845805100817254, 0.3228727292153760198 ) ) ;
#3706 = CARTESIAN_POINT ( 'NONE',  ( -0.07086614173227664959, 0.006985868136858694628, 0.3087134995372162738 ) ) ;
#3707 = ORIENTED_EDGE ( 'NONE', *, *, #2609, .F. ) ;
#3708 = ORIENTED_EDGE ( 'NONE', *, *, #4535, .F. ) ;
#3709 = CARTESIAN_POINT ( 'NONE',  ( 0.07366921784213481539, 0.02827663465801858247, 0.3515414877409360206 ) ) ;
#3710 = CARTESIAN_POINT ( 'NONE',  ( -0.07126941184220472736, -0.02315683564625197269, 0.2935223077828740257 ) ) ;
#3711 = LINE ( 'NONE', #1878, #4258 ) ;
#3712 = CARTESIAN_POINT ( 'NONE',  ( -0.0001027029233579101314, 0.07086608923679420247, 0.2844493755272092805 ) ) ;
#3713 = ORIENTED_EDGE ( 'NONE', *, *, #3247, .F. ) ;
#3714 = ORIENTED_EDGE ( 'NONE', *, *, #1632, .F. ) ;
#3715 = DIRECTION ( 'NONE',  ( 0.000000000000000000, -1.000000000000000000, 0.000000000000000000 ) ) ;
#3716 = CARTESIAN_POINT ( 'NONE',  ( -0.04588302391148481318, -0.07057266765997373403, 0.3239812992124931346 ) ) ;
#3717 = CARTESIAN_POINT ( 'NONE',  ( 0.05827940805104806637, 0.04078569027452532553, 0.3798613796262994002 ) ) ;
#3718 = ORIENTED_EDGE ( 'NONE', *, *, #4648, .F. ) ;
#3719 = DIRECTION ( 'NONE',  ( 0.000000000000000000, 0.000000000000000000, 1.000000000000000000 ) ) ;
#3720 = CARTESIAN_POINT ( 'NONE',  ( -0.008663143300099053132, -0.07033599607672583187, 0.3765903599842993499 ) ) ;
#3721 = AXIS2_PLACEMENT_3D ( 'NONE', #2404, #2095, #1350 ) ;
#3722 = LINE ( 'NONE', #2949, #2351 ) ;
#3723 = CARTESIAN_POINT ( 'NONE',  ( -0.1377952755905511861, 0.1574803149606299191, -0.2440944881889763884 ) ) ;
#3724 = CARTESIAN_POINT ( 'NONE',  ( -0.05545244631250813988, -0.04412528032983072113, 0.2914478969522725782 ) ) ;
#3725 = LINE ( 'NONE', #3361, #911 ) ;
#3726 = ADVANCED_FACE ( 'NONE', ( #1942 ), #854, .F. ) ;
#3727 = CARTESIAN_POINT ( 'NONE',  ( 0.03535671477672965718, 0.06141737031902907290, 0.3221774131761971915 ) ) ;
#3728 = DIRECTION ( 'NONE',  ( 1.000000000000000000, 0.000000000000000000, 0.000000000000000000 ) ) ;
#3729 = ORIENTED_EDGE ( 'NONE', *, *, #333, .T. ) ;
#3730 = ORIENTED_EDGE ( 'NONE', *, *, #758, .F. ) ;
#3731 = CARTESIAN_POINT ( 'NONE',  ( -0.06977308105036315877, -0.03793727874404448364, 0.3421119447158120219 ) ) ;
#3732 = DIRECTION ( 'NONE',  ( 0.000000000000000000, 0.000000000000000000, -1.000000000000000000 ) ) ;
#3733 = CARTESIAN_POINT ( 'NONE',  ( -0.07077785470327019324, 0.004221511440314177320, 0.2891505479015613056 ) ) ;
#3734 = CARTESIAN_POINT ( 'NONE',  ( -0.002803331670857480296, 0.08495280530464566215, 0.3152791975466929242 ) ) ;
#3735 = CARTESIAN_POINT ( 'NONE',  ( 0.003521138570100833341, 0.07086849046056963031, 0.2842950117670012822 ) ) ;
#3736 = B_SPLINE_CURVE_WITH_KNOTS ( 'NONE', 3,
 ( #3835, #3425, #154, #1554, #2703, #103, #3091, #2365, #829, #3041, #3474, #3068, #533, #445, #2300, #2271, #2677, #1646 ),
 .UNSPECIFIED., .F., .F.,
 ( 4, 2, 2, 2, 2, 2, 2, 2, 4 ),
 ( 0.000000000000000000, 0.1250000000000000833, 0.2500000000000001665, 0.3750000000000001110, 0.5000000000000001110, 0.6250000000000002220, 0.7500000000000001110, 0.8750000000000001110, 1.000000000000000000 ),
 .UNSPECIFIED. ) ;
#3737 = DIRECTION ( 'NONE',  ( 0.000000000000000000, 0.000000000000000000, 1.000000000000000000 ) ) ;
#3738 = ORIENTED_EDGE ( 'NONE', *, *, #1423, .T. ) ;
#3739 = CARTESIAN_POINT ( 'NONE',  ( -0.1377952755905511861, -0.1771653543307086520, -0.2440944881889763884 ) ) ;
#3740 = VECTOR ( 'NONE', #2418, 39.37007874015748143 ) ;
#3741 = DIRECTION ( 'NONE',  ( 1.000000000000000000, 0.000000000000000000, 0.000000000000000000 ) ) ;
#3742 = CARTESIAN_POINT ( 'NONE',  ( -0.009072985253114174142, 0.08140045523051182841, 0.3548936988591339103 ) ) ;
#3743 = VERTEX_POINT ( 'NONE', #421 ) ;
#3744 = AXIS2_PLACEMENT_3D ( 'NONE', #2176, #1820, #3288 ) ;
#3745 = CARTESIAN_POINT ( 'NONE',  ( 0.05880106264795369880, 0.05276489564206311017, 0.3722276922280122191 ) ) ;
#3746 = DIRECTION ( 'NONE',  ( 0.000000000000000000, -1.000000000000000000, 0.000000000000000000 ) ) ;
#3747 = CARTESIAN_POINT ( 'NONE',  ( -0.01734199084963463158, -0.06913097070564268309, 0.3132022627127932224 ) ) ;
#3748 = AXIS2_PLACEMENT_3D ( 'NONE', #2778, #2375, #2331 ) ;
#3749 = CARTESIAN_POINT ( 'NONE',  ( -0.04866244969700788542, -0.06133073679338583301, 0.2898216323137007833 ) ) ;
#3750 = CARTESIAN_POINT ( 'NONE',  ( -0.06706624049202600246, -0.02290035538166661916, 0.2903954735769537221 ) ) ;
#3751 = CARTESIAN_POINT ( 'NONE',  ( -0.03937007874015747977, -0.3740157480314960647, -1.065259842546456781 ) ) ;
#3752 = VECTOR ( 'NONE', #2417, 39.37007874015748143 ) ;
#3753 = CARTESIAN_POINT ( 'NONE',  ( 0.06414637402754148898, 0.03028735363270744149, 0.3202706199135473275 ) ) ;
#3754 = CARTESIAN_POINT ( 'NONE',  ( 0.000000000000000000, 0.000000000000000000, 0.2440944881889763884 ) ) ;
#3755 = VERTEX_POINT ( 'NONE', #2726 ) ;
#3756 = EDGE_CURVE ( 'NONE', #496, #1727, #3046, .T. ) ;
#3757 = ORIENTED_EDGE ( 'NONE', *, *, #4394, .T. ) ;
#3758 = CARTESIAN_POINT ( 'NONE',  ( -0.008248487694538935572, 0.07846293633831115388, 0.3359718516142435329 ) ) ;
#3759 = CARTESIAN_POINT ( 'NONE',  ( 0.07179519920452756554, 0.02147131741434645663, 0.2836059692002362298 ) ) ;
#3760 = CARTESIAN_POINT ( 'NONE',  ( -0.05628708545410091024, 0.04311768165868801184, 0.2872895230818049983 ) ) ;
#3761 = CARTESIAN_POINT ( 'NONE',  ( -0.1370078740157480435, -0.1161417322834645688, 0.1279527559055118058 ) ) ;
#3762 = DIRECTION ( 'NONE',  ( 0.000000000000000000, -1.000000000000000000, 0.000000000000000000 ) ) ;
#3763 = DIRECTION ( 'NONE',  ( 0.000000000000000000, -1.000000000000000000, 0.000000000000000000 ) ) ;
#3764 = EDGE_LOOP ( 'NONE', ( #673, #4420, #404, #1859 ) ) ;
#3765 = EDGE_CURVE ( 'NONE', #65, #3018, #3773, .T. ) ;
#3766 = DIRECTION ( 'NONE',  ( 0.000000000000000000, 0.000000000000000000, 1.000000000000000000 ) ) ;
#3767 = CARTESIAN_POINT ( 'NONE',  ( 0.05480483247417323317, 0.06086693281755905377, 0.3522493419037401874 ) ) ;
#3768 = EDGE_LOOP ( 'NONE', ( #4155, #2430, #2065, #766, #3139, #3994 ) ) ;
#3769 = CARTESIAN_POINT ( 'NONE',  ( 0.05289231133311639299, 0.05845907241745983834, 0.3724124767577605688 ) ) ;
#3770 = LINE ( 'NONE', #3112, #3128 ) ;
#3771 = DIRECTION ( 'NONE',  ( 1.000000000000000000, 0.000000000000000000, 0.000000000000000000 ) ) ;
#3772 = CARTESIAN_POINT ( 'NONE',  ( -0.07551623667551181363, -0.02065889699310629810, 0.2878383645972047433 ) ) ;
#3773 = LINE ( 'NONE', #3751, #3836 ) ;
#3774 = CARTESIAN_POINT ( 'NONE',  ( 0.1377952755905511861, -0.2165354330708661457, -0.2047244094488188948 ) ) ;
#3775 = DIRECTION ( 'NONE',  ( 0.000000000000000000, 0.000000000000000000, -1.000000000000000000 ) ) ;
#3776 = EDGE_LOOP ( 'NONE', ( #3708, #286, #2858, #452 ) ) ;
#3777 = ORIENTED_EDGE ( 'NONE', *, *, #3756, .T. ) ;
#3778 = CARTESIAN_POINT ( 'NONE',  ( -0.02339030491215856114, 0.07534428175739439626, 0.3562687271201450123 ) ) ;
#3779 = EDGE_CURVE ( 'NONE', #1831, #810, #2706, .T. ) ;
#3780 = CARTESIAN_POINT ( 'NONE',  ( 0.03846088570808267604, 0.06232212988834646278, 0.3283919503633858650 ) ) ;
#3781 = LINE ( 'NONE', #545, #2280 ) ;
#3782 = CARTESIAN_POINT ( 'NONE',  ( -0.08187985854039370182, 0.02281506049003936831, 0.3192457329797637744 ) ) ;
#3783 = CARTESIAN_POINT ( 'NONE',  ( -0.07086614173228351909, -0.009278067652287695297, 0.2937470581662218194 ) ) ;
#3784 = CYLINDRICAL_SURFACE ( 'NONE', #4257, 0.07086614173228346358 ) ;
#3785 = ORIENTED_EDGE ( 'NONE', *, *, #429, .T. ) ;
#3786 = LINE ( 'NONE', #847, #2578 ) ;
#3787 = EDGE_CURVE ( 'NONE', #474, #1113, #4440, .T. ) ;
#3788 = CARTESIAN_POINT ( 'NONE',  ( 0.000000000000000000, 0.000000000000000000, 0.3858267716535432879 ) ) ;
#3789 = ORIENTED_EDGE ( 'NONE', *, *, #2360, .T. ) ;
#3790 = CARTESIAN_POINT ( 'NONE',  ( -0.0003976347909735223653, 0.07086507973732028565, 0.2884039029426495038 ) ) ;
#3791 = DIRECTION ( 'NONE',  ( 1.000000000000000000, 0.000000000000000000, 0.000000000000000000 ) ) ;
#3792 = CARTESIAN_POINT ( 'NONE',  ( -0.02859830438473228223, -0.07917460576125984195, 0.3451555137392520178 ) ) ;
#3793 = CARTESIAN_POINT ( 'NONE',  ( 0.07179519920452756554, 0.02147131741434252228, 0.3008920622955905677 ) ) ;
#3794 = CARTESIAN_POINT ( 'NONE',  ( -0.1377952755905511861, -0.2165354330708661457, 0.2047244094488188948 ) ) ;
#3795 = CARTESIAN_POINT ( 'NONE',  ( 0.03937007874015747977, -0.1771653543307086520, -0.1692913385826771699 ) ) ;
#3796 = DIRECTION ( 'NONE',  ( 0.000000000000000000, -1.000000000000000000, 0.000000000000000000 ) ) ;
#3797 = ORIENTED_EDGE ( 'NONE', *, *, #4180, .T. ) ;
#3798 = VERTEX_POINT ( 'NONE', #2347 ) ;
#3799 = CARTESIAN_POINT ( 'NONE',  ( -0.09448818897637795144, -0.1948818897637795422, -0.2440944881889763884 ) ) ;
#3800 = DIRECTION ( 'NONE',  ( 1.000000000000000000, 0.000000000000000000, 0.000000000000000000 ) ) ;
#3801 = DIRECTION ( 'NONE',  ( -1.000000000000000000, 0.000000000000000000, 0.000000000000000000 ) ) ;
#3802 = PRESENTATION_STYLE_ASSIGNMENT (( #1675 ) ) ;
#3803 = CARTESIAN_POINT ( 'NONE',  ( -0.02362204724409448786, -0.3661417322834645272, 0.01968503937007873988 ) ) ;
#3804 = DIRECTION ( 'NONE',  ( 0.000000000000000000, 0.000000000000000000, 1.000000000000000000 ) ) ;
#3805 = ORIENTED_EDGE ( 'NONE', *, *, #102, .T. ) ;
#3806 = DIRECTION ( 'NONE',  ( 0.000000000000000000, 0.000000000000000000, -1.000000000000000000 ) ) ;
#3807 = CARTESIAN_POINT ( 'NONE',  ( 0.07085346362865170555, -0.0008253315780847059755, 0.3385291094115415733 ) ) ;
#3808 = DIRECTION ( 'NONE',  ( 0.000000000000000000, 0.000000000000000000, -1.000000000000000000 ) ) ;
#3809 = ORIENTED_EDGE ( 'NONE', *, *, #894, .F. ) ;
#3810 = CARTESIAN_POINT ( 'NONE',  ( -0.1377952755905511861, 0.1574803149606299191, 0.2047244094488188948 ) ) ;
#3811 = EDGE_CURVE ( 'NONE', #4308, #3481, #3408, .T. ) ;
#3812 = CARTESIAN_POINT ( 'NONE',  ( 0.1377952755905511861, 0.1574803149606299191, -0.2440944881889763884 ) ) ;
#3813 = CARTESIAN_POINT ( 'NONE',  ( 0.07040765924712598378, 0.04614371548740157924, 0.3726653562590157565 ) ) ;
#3814 = CARTESIAN_POINT ( 'NONE',  ( 0.04794851486507873545, 0.05759126743586614333, 0.2830426528468503733 ) ) ;
#3815 = AXIS2_PLACEMENT_3D ( 'NONE', #4384, #4078, #1888 ) ;
#3816 = DIRECTION ( 'NONE',  ( 1.000000000000000000, 0.000000000000000000, 0.000000000000000000 ) ) ;
#3817 = EDGE_CURVE ( 'NONE', #2161, #1933, #4173, .T. ) ;
#3818 = VECTOR ( 'NONE', #1672, 39.37007874015748143 ) ;
#3819 = CARTESIAN_POINT ( 'NONE',  ( 0.07086614173228346358, -6.744196377952519170E-14, 0.3188652703202823346 ) ) ;
#3820 = DIRECTION ( 'NONE',  ( 1.000000000000000000, 0.000000000000000000, 0.000000000000000000 ) ) ;
#3821 = AXIS2_PLACEMENT_3D ( 'NONE', #2442, #3575, #665 ) ;
#3822 = ORIENTED_EDGE ( 'NONE', *, *, #560, .T. ) ;
#3823 = DIRECTION ( 'NONE',  ( 0.000000000000000000, 0.000000000000000000, 1.000000000000000000 ) ) ;
#3824 = DIRECTION ( 'NONE',  ( 0.000000000000000000, 0.000000000000000000, -1.000000000000000000 ) ) ;
#3825 = CARTESIAN_POINT ( 'NONE',  ( -0.05905511810969048259, 7.232166136630134435E-18, 0.3858267716515368928 ) ) ;
#3826 = CARTESIAN_POINT ( 'NONE',  ( 0.03937007874015747977, -0.1968503937007874127, 0.2047244094488188948 ) ) ;
#3827 = ORIENTED_EDGE ( 'NONE', *, *, #4673, .F. ) ;
#3828 = LINE ( 'NONE', #438, #1968 ) ;
#3829 = CARTESIAN_POINT ( 'NONE',  ( 0.06951697636224275778, -0.01376236416580532522, 0.3379672427128665446 ) ) ;
#3830 = CARTESIAN_POINT ( 'NONE',  ( 0.0002988624080874470262, -0.07086552932347042755, 0.2943027240094592267 ) ) ;
#3831 = CARTESIAN_POINT ( 'NONE',  ( 0.06762092589153968769, -0.02357354797367864144, 0.3810254871640766927 ) ) ;
#3832 = ORIENTED_EDGE ( 'NONE', *, *, #4270, .T. ) ;
#3833 = LINE ( 'NONE', #532, #1308 ) ;
#3834 = EDGE_CURVE ( 'NONE', #3755, #4586, #4507, .T. ) ;
#3835 = CARTESIAN_POINT ( 'NONE',  ( 0.07086614173228346358, 5.175571394246748868E-17, 0.2834967762196791696 ) ) ;
#3836 = VECTOR ( 'NONE', #3453, 39.37007874015748143 ) ;
#3837 = CARTESIAN_POINT ( 'NONE',  ( 0.05533995850818897166, 0.06343118198862204848, 0.3341515767313779639 ) ) ;
#3838 = CARTESIAN_POINT ( 'NONE',  ( 0.06484523958874015281, -0.02662141738869291605, 0.2790761174138189360 ) ) ;
#3839 = CARTESIAN_POINT ( 'NONE',  ( -0.004815786545011811574, 0.07528685761673228893, 0.3413357399253149627 ) ) ;
#3840 = VECTOR ( 'NONE', #4017, 39.37007874015748143 ) ;
#3841 = ADVANCED_FACE ( 'NONE', ( #1578 ), #2681, .T. ) ;
#3842 = CARTESIAN_POINT ( 'NONE',  ( 0.07078808218928614449, 0.004089781367172504872, 0.3190462303580138270 ) ) ;
#3843 = EDGE_CURVE ( 'NONE', #1967, #233, #3725, .T. ) ;
#3844 = CARTESIAN_POINT ( 'NONE',  ( 0.03937007874015747977, -0.1771653543307086520, 0.1889763779527559029 ) ) ;
#3845 = AXIS2_PLACEMENT_3D ( 'NONE', #4527, #1626, #4187 ) ;
#3846 = ORIENTED_EDGE ( 'NONE', *, *, #4387, .T. ) ;
#3847 = DIRECTION ( 'NONE',  ( 1.000000000000000000, 0.000000000000000000, 0.000000000000000000 ) ) ;
#3848 = LINE ( 'NONE', #546, #52 ) ;
#3849 = CARTESIAN_POINT ( 'NONE',  ( 0.001497905584045209227, -0.07085124270476134134, 0.2982944102303258238 ) ) ;
#3850 = ORIENTED_EDGE ( 'NONE', *, *, #489, .T. ) ;
#3851 = ORIENTED_EDGE ( 'NONE', *, *, #1548, .T. ) ;
#3852 = CARTESIAN_POINT ( 'NONE',  ( -0.002803331670857480296, 0.08495280530464566215, 0.3168172591459449405 ) ) ;
#3853 = CARTESIAN_POINT ( 'NONE',  ( 0.01538711566481812745, -0.06917227616602882045, 0.3343339610722524946 ) ) ;
#3854 = CARTESIAN_POINT ( 'NONE',  ( -0.06834109564391586955, -0.01888772821393843240, 0.2902110678990831860 ) ) ;
#3855 = CARTESIAN_POINT ( 'NONE',  ( 0.05748309331293215141, -0.04144790740411315871, 0.2972236772853982245 ) ) ;
#3856 = VERTEX_POINT ( 'NONE', #3430 ) ;
#3857 = DIRECTION ( 'NONE',  ( 0.000000000000000000, 0.000000000000000000, 1.000000000000000000 ) ) ;
#3858 = CARTESIAN_POINT ( 'NONE',  ( 0.01353933239039929737, 0.06956077774959830429, 0.3074943392102704176 ) ) ;
#3859 = CARTESIAN_POINT ( 'NONE',  ( 0.08418008484031495875, -0.0004407699128665354361, 0.3708313667576771944 ) ) ;
#3860 = CARTESIAN_POINT ( 'NONE',  ( 0.07355213781169291087, -0.03019592761063386033, 0.2696640400664960802 ) ) ;
#3861 = CARTESIAN_POINT ( 'NONE',  ( -0.009298459653523622609, -0.07486554795389764594, 0.3505909892691338459 ) ) ;
#3862 = CARTESIAN_POINT ( 'NONE',  ( -0.1377952755905511861, 0.1574803149606299191, -0.2440944881889763884 ) ) ;
#3863 = CARTESIAN_POINT ( 'NONE',  ( 0.06555360839305589271, -0.02692095850673580440, 0.3216287726121802026 ) ) ;
#3864 = EDGE_CURVE ( 'NONE', #2161, #858, #535, .T. ) ;
#3865 = CARTESIAN_POINT ( 'NONE',  ( 0.07874015748031495954, -0.05905511811023622659, 0.2440944881889763884 ) ) ;
#3866 = B_SPLINE_CURVE_WITH_KNOTS ( 'NONE', 3,
 ( #2604, #2243, #464, #413 ),
 .UNSPECIFIED., .F., .F.,
 ( 4, 4 ),
 ( 0.000000000000000000, 1.000000000000000000 ),
 .UNSPECIFIED. ) ;
#3867 = CARTESIAN_POINT ( 'NONE',  ( -0.1358267716535433156, -0.1948818897637795422, -0.2440944881889763884 ) ) ;
#3868 = ORIENTED_EDGE ( 'NONE', *, *, #1895, .T. ) ;
#3869 = VERTEX_POINT ( 'NONE', #3024 ) ;
#3870 = DIRECTION ( 'NONE',  ( 0.000000000000000000, 0.000000000000000000, -1.000000000000000000 ) ) ;
#3871 = CARTESIAN_POINT ( 'NONE',  ( 0.05328751564648591399, -0.04674610579434269192, 0.3363099537753812540 ) ) ;
#3872 = CARTESIAN_POINT ( 'NONE',  ( -0.05309050298622547404, -0.04701005585571934459, 0.2916181117641474807 ) ) ;
#3873 = CARTESIAN_POINT ( 'NONE',  ( 0.06844517535859870327, -0.01865618726034181871, 0.2983724144980685056 ) ) ;
#3874 = VERTEX_POINT ( 'NONE', #4481 ) ;
#3875 = CARTESIAN_POINT ( 'NONE',  ( -8.063275465969313113E-05, 0.07086610294663214793, 0.2883897182628433753 ) ) ;
#3876 = CARTESIAN_POINT ( 'NONE',  ( -0.06902170782398184268, 0.01854895310205248102, 0.3121928298521192136 ) ) ;
#3877 = CARTESIAN_POINT ( 'NONE',  ( 0.009763887093074803680, 0.07357209784826770904, 0.3265734888853937257 ) ) ;
#3878 = CARTESIAN_POINT ( 'NONE',  ( -0.05074714533342519762, -0.06395814088374016104, 0.2866842731979528103 ) ) ;
#3879 = CARTESIAN_POINT ( 'NONE',  ( -0.008900114350574804198, -0.07165831358496063674, 0.3537283483849212318 ) ) ;
#3880 = ORIENTED_EDGE ( 'NONE', *, *, #2392, .T. ) ;
#3881 = FACE_OUTER_BOUND ( 'NONE', #425, .T. ) ;
#3882 = CARTESIAN_POINT ( 'NONE',  ( -0.06994759002383839352, -0.01137929548292597633, 0.3725717833816252766 ) ) ;
#3883 = CARTESIAN_POINT ( 'NONE',  ( -0.03937007874015747977, -0.1771653543307086520, 0.01968503937007873988 ) ) ;
#3884 = VECTOR ( 'NONE', #2653, 39.37007874015748143 ) ;
#3885 = VECTOR ( 'NONE', #2509, 39.37007874015748143 ) ;
#3886 = AXIS2_PLACEMENT_3D ( 'NONE', #2802, #256, #1754 ) ;
#3887 = CYLINDRICAL_SURFACE ( 'NONE', #584, 0.02559055118110236185 ) ;
#3888 = CARTESIAN_POINT ( 'NONE',  ( -0.02163034615606316061, -0.06750557191715088334, 0.3169682340840628831 ) ) ;
#3889 = CARTESIAN_POINT ( 'NONE',  ( -0.02332755297075653211, 0.06691487399165686745, 0.3248389522520230832 ) ) ;
#3890 = VECTOR ( 'NONE', #4079, 39.37007874015748143 ) ;
#3891 = AXIS2_PLACEMENT_3D ( 'NONE', #1474, #4398, #1880 ) ;
#3892 = LINE ( 'NONE', #4603, #1666 ) ;
#3893 = EDGE_CURVE ( 'NONE', #3126, #1522, #3450, .T. ) ;
#3894 = CARTESIAN_POINT ( 'NONE',  ( -0.1377952755905511861, -0.2165354330708661457, -0.2440944881889763884 ) ) ;
#3895 = ORIENTED_EDGE ( 'NONE', *, *, #3779, .T. ) ;
#3896 = VERTEX_POINT ( 'NONE', #2459 ) ;
#3897 = CONICAL_SURFACE ( 'NONE', #959, 0.07881102253953385650, 0.7086262721675555820 ) ;
#3898 = CARTESIAN_POINT ( 'NONE',  ( 0.07992378975385827644, -0.01467566846239370081, 0.2718631909046456685 ) ) ;
#3899 = CARTESIAN_POINT ( 'NONE',  ( 0.02753212444537367701, -0.06529886705633587696, 0.3348796022077473178 ) ) ;
#3900 = DIRECTION ( 'NONE',  ( 1.000000000000000000, 0.000000000000000000, 0.000000000000000000 ) ) ;
#3901 = EDGE_CURVE ( 'NONE', #465, #1096, #4616, .T. ) ;
#3902 = CARTESIAN_POINT ( 'NONE',  ( -0.06147661161711514416, -0.04184232471436426931, 0.3773082049271334060 ) ) ;
#3903 = EDGE_LOOP ( 'NONE', ( #1085, #1200, #2764, #3995 ) ) ;
#3904 = AXIS2_PLACEMENT_3D ( 'NONE', #2823, #1358, #497 ) ;
#3905 = DIRECTION ( 'NONE',  ( 1.000000000000000000, 0.000000000000000000, 0.000000000000000000 ) ) ;
#3906 = CARTESIAN_POINT ( 'NONE',  ( -0.009335766023015503248, 0.07086141064365307496, 0.3085120443385815370 ) ) ;
#3907 = CARTESIAN_POINT ( 'NONE',  ( 0.07753674808251970196, -0.0004059851658519685351, 0.3645566485261417244 ) ) ;
#3908 = CARTESIAN_POINT ( 'NONE',  ( 0.04980938263090551460, -0.06040237497791338395, 0.3334535220775197151 ) ) ;
#3909 = CARTESIAN_POINT ( 'NONE',  ( -0.08464566929133858497, -0.1948818897637795422, -0.2047244094488188948 ) ) ;
#3910 = CARTESIAN_POINT ( 'NONE',  ( 0.02123232987162205002, -0.06901676687944882649, 0.3550505268625984145 ) ) ;
#3911 = ORIENTED_EDGE ( 'NONE', *, *, #3125, .F. ) ;
#3912 = DIRECTION ( 'NONE',  ( 0.000000000000000000, 0.000000000000000000, 1.000000000000000000 ) ) ;
#3913 = DIRECTION ( 'NONE',  ( 1.000000000000000000, 0.000000000000000000, 0.000000000000000000 ) ) ;
#3914 = CARTESIAN_POINT ( 'NONE',  ( 8.955075823950314827E-05, -0.07086608570089857062, 0.3139802310198969160 ) ) ;
#3915 = CARTESIAN_POINT ( 'NONE',  ( 0.000000000000000000, -0.3661417322834645272, 0.2047244094488188948 ) ) ;
#3916 = CARTESIAN_POINT ( 'NONE',  ( -0.02402862861587926752, -0.06667346600056427153, 0.3168555919612026650 ) ) ;
#3917 = CARTESIAN_POINT ( 'NONE',  ( -0.002695193812967541618, 0.07081673250021973398, 0.3239384228121413023 ) ) ;
#3918 = DIRECTION ( 'NONE',  ( 1.000000000000000000, 0.000000000000000000, 0.000000000000000000 ) ) ;
#3919 = CARTESIAN_POINT ( 'NONE',  ( -0.07086614173228346358, 6.639991316787953049E-14, 0.2893388413180736363 ) ) ;
#3920 = ORIENTED_EDGE ( 'NONE', *, *, #4448, .T. ) ;
#3921 = ADVANCED_FACE ( 'NONE', ( #632 ), #808, .T. ) ;
#3922 = ORIENTED_EDGE ( 'NONE', *, *, #401, .F. ) ;
#3923 = CARTESIAN_POINT ( 'NONE',  ( 0.04766606313641732345, -0.07037602022464567453, 0.2890515111144881799 ) ) ;
#3924 = CARTESIAN_POINT ( 'NONE',  ( -0.06527169928398118826, -0.02759789008638747695, 0.3299918701225498796 ) ) ;
#3925 = FACE_OUTER_BOUND ( 'NONE', #4611, .T. ) ;
#3926 = CARTESIAN_POINT ( 'NONE',  ( 0.06933342428479183361, -0.01468403734591042231, 0.2985441147885584123 ) ) ;
#3927 = ORIENTED_EDGE ( 'NONE', *, *, #3100, .T. ) ;
#3928 = CARTESIAN_POINT ( 'NONE',  ( 0.05170605438384114072, 0.04851331083845103476, 0.3055370802895209237 ) ) ;
#3929 = EDGE_CURVE ( 'NONE', #936, #3933, #3446, .T. ) ;
#3930 = CARTESIAN_POINT ( 'NONE',  ( -0.05602745343480314277, 0.05830255099748032216, 0.3750299656471653420 ) ) ;
#3931 = CARTESIAN_POINT ( 'NONE',  ( -0.04837289466645669500, 0.06155936871259843485, 0.3235371834947637915 ) ) ;
#3932 = DIRECTION ( 'NONE',  ( 0.000000000000000000, 0.000000000000000000, -1.000000000000000000 ) ) ;
#3933 = VERTEX_POINT ( 'NONE', #3379 ) ;
#3934 = CARTESIAN_POINT ( 'NONE',  ( 0.02362204724409448786, -0.3661417322834645272, -0.1850393700787401619 ) ) ;
#3935 = CARTESIAN_POINT ( 'NONE',  ( -0.06265869240905978799, -0.03311503877316198524, 0.3735815383746537988 ) ) ;
#3936 = CARTESIAN_POINT ( 'NONE',  ( 0.07086614173227635816, -0.007885681020858799350, 0.3185200411752956984 ) ) ;
#3937 = LINE ( 'NONE', #3528, #3818 ) ;
#3938 = CARTESIAN_POINT ( 'NONE',  ( 0.06551168371384789857, -0.02702303760874117181, 0.3216241066545276195 ) ) ;
#3939 = CARTESIAN_POINT ( 'NONE',  ( -0.06200175205393418376, 0.03431978421865076317, 0.3271275380309934255 ) ) ;
#3940 = CYLINDRICAL_SURFACE ( 'NONE', #276, 0.07086614173228346358 ) ;
#3941 = CARTESIAN_POINT ( 'NONE',  ( -0.1377952755905511861, -0.03149606299212598381, -0.2440944881889763884 ) ) ;
#3942 = ORIENTED_EDGE ( 'NONE', *, *, #48, .F. ) ;
#3943 = ORIENTED_EDGE ( 'NONE', *, *, #2187, .T. ) ;
#3944 = CARTESIAN_POINT ( 'NONE',  ( -0.06973502263176768745, -0.03794362750335267959, 0.3618103516532193975 ) ) ;
#3945 = CARTESIAN_POINT ( 'NONE',  ( -0.1358267716535433156, 0.08031496062992127261, -0.06299212598425196763 ) ) ;
#3946 = CARTESIAN_POINT ( 'NONE',  ( -0.06470309674321449156, -0.02891287680168684940, 0.3300538535328828571 ) ) ;
#3947 = PLANE ( 'NONE',  #149 ) ;
#3948 = CARTESIAN_POINT ( 'NONE',  ( 0.04228019237686253540, -0.05687956800454474493, 0.2962904315024109114 ) ) ;
#3949 = ORIENTED_EDGE ( 'NONE', *, *, #33, .F. ) ;
#3950 = CARTESIAN_POINT ( 'NONE',  ( -0.03391968700742734738, 0.06222301664599256404, 0.3096560117602867312 ) ) ;
#3951 = CARTESIAN_POINT ( 'NONE',  ( 0.04127224409653543896, 0.06564079520279528235, 0.3480507430142913416 ) ) ;
#3952 = EDGE_CURVE ( 'NONE', #1274, #1843, #2628, .T. ) ;
#3953 = CARTESIAN_POINT ( 'NONE',  ( 0.07690477421007874126, -0.02741481064261417147, 0.2926340763475197004 ) ) ;
#3954 = EDGE_CURVE ( 'NONE', #2018, #4399, #2371, .T. ) ;
#3955 = CARTESIAN_POINT ( 'NONE',  ( 0.05533825539456693060, 0.05591964784720472592, 0.3355540238541732667 ) ) ;
#3956 = ORIENTED_EDGE ( 'NONE', *, *, #2255, .F. ) ;
#3957 = ADVANCED_FACE ( 'NONE', ( #4073, #2297 ), #2700, .T. ) ;
#3958 = CARTESIAN_POINT ( 'NONE',  ( 0.03937007874015747977, -0.3740157480314960647, -0.1850393700787401619 ) ) ;
#3959 = LINE ( 'NONE', #1671, #3352 ) ;
#3960 = CARTESIAN_POINT ( 'NONE',  ( 0.04276396838015190938, -0.05728293185155670930, 0.3159793983155075869 ) ) ;
#3961 = FACE_OUTER_BOUND ( 'NONE', #1853, .T. ) ;
#3962 = CARTESIAN_POINT ( 'NONE',  ( 0.05821879866325583436, -0.04047176898866906847, 0.3209576501486458566 ) ) ;
#3963 = EDGE_CURVE ( 'NONE', #1852, #3018, #2066, .T. ) ;
#3964 = CARTESIAN_POINT ( 'NONE',  ( -0.05447426774209433026, 0.04532666630913147893, 0.3265415387278151060 ) ) ;
#3965 = DIRECTION ( 'NONE',  ( 0.000000000000000000, 0.000000000000000000, 1.000000000000000000 ) ) ;
#3966 = CARTESIAN_POINT ( 'NONE',  ( -0.1377952755905511861, -0.1968503937007874127, -0.1870078740157480324 ) ) ;
#3967 = VECTOR ( 'NONE', #3184, 39.37007874015748143 ) ;
#3968 = ORIENTED_EDGE ( 'NONE', *, *, #2033, .T. ) ;
#3969 = EDGE_LOOP ( 'NONE', ( #3389, #644, #4074, #2293, #4667, #2640, #2500, #4275 ) ) ;
#3970 = CARTESIAN_POINT ( 'NONE',  ( -0.07086705644509300184, -0.009278473665896038586, 0.3527817602228732197 ) ) ;
#3971 = AXIS2_PLACEMENT_3D ( 'NONE', #2921, #4490, #683 ) ;
#3972 = CARTESIAN_POINT ( 'NONE',  ( 0.04720400384811023614, 0.06246018678925197021, 0.2887265960325197112 ) ) ;
#3973 = CARTESIAN_POINT ( 'NONE',  ( -0.06933192868293412692, -0.01466778333161564661, 0.3293764051337867982 ) ) ;
#3974 = DIRECTION ( 'NONE',  ( 0.000000000000000000, -1.000000000000000000, 0.000000000000000000 ) ) ;
#3975 = FACE_OUTER_BOUND ( 'NONE', #3147, .T. ) ;
#3976 = ORIENTED_EDGE ( 'NONE', *, *, #1895, .F. ) ;
#3977 = VECTOR ( 'NONE', #457, 39.37007874015748143 ) ;
#3978 = VECTOR ( 'NONE', #1452, 39.37007874015748143 ) ;
#3979 = CARTESIAN_POINT ( 'NONE',  ( 0.05971967607527270405, 0.03826329104945568049, 0.3049550726508563070 ) ) ;
#3980 = CARTESIAN_POINT ( 'NONE',  ( -0.07212268461500000172, 0.02846806089805905757, 0.3535527115182283686 ) ) ;
#3981 = CARTESIAN_POINT ( 'NONE',  ( 0.05732689935781046936, 0.04165007720580810729, 0.3248095520482495724 ) ) ;
#3982 = CARTESIAN_POINT ( 'NONE',  ( -0.01009515025930315078, -0.08128001669181102173, 0.3443162710375984314 ) ) ;
#3983 = ORIENTED_EDGE ( 'NONE', *, *, #3514, .T. ) ;
#3984 = EDGE_CURVE ( 'NONE', #4186, #3933, #1936, .T. ) ;
#3985 = CARTESIAN_POINT ( 'NONE',  ( -0.009276320864191868465, -0.07086614600923975271, 0.3529355534957044904 ) ) ;
#3986 = CARTESIAN_POINT ( 'NONE',  ( -0.06425834879271298539, -0.02990476248997922526, 0.3734178355722626019 ) ) ;
#3987 = LINE ( 'NONE', #661, #3191 ) ;
#3988 = CARTESIAN_POINT ( 'NONE',  ( 0.07086714985510826625, 6.057601512396889740E-08, 0.3779513652101322840 ) ) ;
#3989 = CARTESIAN_POINT ( 'NONE',  ( 0.05732596141165243603, 0.04165011081472346638, 0.3405440398708138305 ) ) ;
#3990 = EDGE_CURVE ( 'NONE', #4399, #4752, #3866, .T. ) ;
#3991 = CARTESIAN_POINT ( 'NONE',  ( -0.04194565699866305980, 0.05712635834466921192, 0.3258024311257430861 ) ) ;
#3992 = CARTESIAN_POINT ( 'NONE',  ( 0.07086236152429645219, -1.732587077300809368E-07, 0.3425234644488815428 ) ) ;
#3993 = CARTESIAN_POINT ( 'NONE',  ( -0.06474947181643764260, 0.02999549082835885339, 0.3076638961165510389 ) ) ;
#3994 = ORIENTED_EDGE ( 'NONE', *, *, #3952, .F. ) ;
#3995 = ORIENTED_EDGE ( 'NONE', *, *, #1423, .F. ) ;
#3996 = CARTESIAN_POINT ( 'NONE',  ( 0.05666909565420939765, -0.04354486779092926058, 0.3601562692939622723 ) ) ;
#3997 = CARTESIAN_POINT ( 'NONE',  ( 0.04390434550519685397, -0.06482207474094488220, 0.2827767928829527655 ) ) ;
#3998 = CARTESIAN_POINT ( 'NONE',  ( -0.02466288959148090279, -0.06643816587034143128, 0.3325225360431362520 ) ) ;
#3999 = DIRECTION ( 'NONE',  ( 0.000000000000000000, 0.000000000000000000, 1.000000000000000000 ) ) ;
#4000 = CARTESIAN_POINT ( 'NONE',  ( 0.000000000000000000, 0.1574803149606299191, 0.2440944881889763884 ) ) ;
#4001 = VERTEX_POINT ( 'NONE', #1525 ) ;
#4002 = DIRECTION ( 'NONE',  ( 0.000000000000000000, -1.000000000000000000, 0.000000000000000000 ) ) ;
#4003 = CARTESIAN_POINT ( 'NONE',  ( -0.05200951602871179552, 0.06618733478370694701, 0.3180314960628475296 ) ) ;
#4004 = CARTESIAN_POINT ( 'NONE',  ( 0.05603356267602362800, 0.05885089011448819268, 0.3324675177568109929 ) ) ;
#4005 = CARTESIAN_POINT ( 'NONE',  ( 0.07416838240720473319, 0.02864894539138189075, 0.3310944862607479999 ) ) ;
#4006 = ORIENTED_EDGE ( 'NONE', *, *, #1749, .T. ) ;
#4007 = CARTESIAN_POINT ( 'NONE',  ( -0.05666927174748505325, -0.04355059607615055506, 0.3504745567597537526 ) ) ;
#4008 = CARTESIAN_POINT ( 'NONE',  ( -0.0003299035475467670302, -0.07087471593853525431, 0.3769557555446660380 ) ) ;
#4009 = CARTESIAN_POINT ( 'NONE',  ( -0.05355094717946990573, -0.04674605381966302070, 0.3112856267259266896 ) ) ;
#4010 = DIRECTION ( 'NONE',  ( -1.000000000000000000, 0.000000000000000000, 0.000000000000000000 ) ) ;
#4011 = CARTESIAN_POINT ( 'NONE',  ( 0.007782877974606162812, 0.07198420870304855779, 0.3431706019626964976 ) ) ;
#4012 = CARTESIAN_POINT ( 'NONE',  ( 0.01808684920552425940, 0.06851944489064913657, 0.3229777951972540584 ) ) ;
#4013 = CARTESIAN_POINT ( 'NONE',  ( -0.08464566929133858497, -0.1771653543307086520, -0.2440944881889763884 ) ) ;
#4014 = FACE_OUTER_BOUND ( 'NONE', #2526, .T. ) ;
#4015 = ORIENTED_EDGE ( 'NONE', *, *, #1401, .F. ) ;
#4016 = ORIENTED_EDGE ( 'NONE', *, *, #2098, .F. ) ;
#4017 = DIRECTION ( 'NONE',  ( 0.000000000000000000, 1.000000000000000000, 0.000000000000000000 ) ) ;
#4018 = EDGE_CURVE ( 'NONE', #4109, #2218, #1143, .T. ) ;
#4019 = CARTESIAN_POINT ( 'NONE',  ( 0.07877572624181103378, 0.03191379148792519715, 0.3326834008783464136 ) ) ;
#4020 = CARTESIAN_POINT ( 'NONE',  ( -0.01283763742013843169, -0.06983715088118092051, 0.3330709337287497407 ) ) ;
#4021 = CARTESIAN_POINT ( 'NONE',  ( 0.02623226812136090005, 0.06583254294297431752, 0.2832286400149061634 ) ) ;
#4022 = LINE ( 'NONE', #1520, #4651 ) ;
#4023 = ORIENTED_EDGE ( 'NONE', *, *, #1397, .F. ) ;
#4024 = CARTESIAN_POINT ( 'NONE',  ( 0.06427395062623851574, 0.02986830620512967091, 0.3045203676621757172 ) ) ;
#4025 = CARTESIAN_POINT ( 'NONE',  ( 0.06164358585641732668, -0.04132913479559054831, 0.3595852999090551338 ) ) ;
#4026 = CARTESIAN_POINT ( 'NONE',  ( 0.05238662042141732644, -0.05428584575799213358, 0.3730680233899212883 ) ) ;
#4027 = ORIENTED_EDGE ( 'NONE', *, *, #2609, .T. ) ;
#4028 = CARTESIAN_POINT ( 'NONE',  ( -0.07086467090631043408, -6.534585637998307175E-08, 0.3484237261464613877 ) ) ;
#4029 = CARTESIAN_POINT ( 'NONE',  ( 0.03018166940886097410, -0.06411837070788202475, 0.3783552281216913116 ) ) ;
#4030 = DIRECTION ( 'NONE',  ( 0.000000000000000000, 0.000000000000000000, 1.000000000000000000 ) ) ;
#4031 = FACE_OUTER_BOUND ( 'NONE', #3053, .T. ) ;
#4032 = CARTESIAN_POINT ( 'NONE',  ( -0.05044848541708747691, -0.04977168423380894796, 0.3154577298225308968 ) ) ;
#4033 = CARTESIAN_POINT ( 'NONE',  ( 0.06964234012813240449, 0.01314262591129467320, 0.3194644574894127120 ) ) ;
#4034 = CARTESIAN_POINT ( 'NONE',  ( 0.04133858267716535029, -0.1968503937007874127, -0.1870078740157480324 ) ) ;
#4035 = CARTESIAN_POINT ( 'NONE',  ( -0.06985840982489335826, 0.01457526176938299389, 0.3083800200255927271 ) ) ;
#4036 = EDGE_LOOP ( 'NONE', ( #742, #788, #767, #2005 ) ) ;
#4037 = ORIENTED_EDGE ( 'NONE', *, *, #1749, .F. ) ;
#4038 = CARTESIAN_POINT ( 'NONE',  ( 0.07534055628066869958, 0.02343001332653550997, 0.3513420970338361760 ) ) ;
#4039 = CARTESIAN_POINT ( 'NONE',  ( -0.07752931424259842941, 0.02559534277104331262, 0.2978137582978740427 ) ) ;
#4040 = EDGE_CURVE ( 'NONE', #3856, #2859, #3608, .T. ) ;
#4041 = CARTESIAN_POINT ( 'NONE',  ( -0.04221340572313131423, 0.05712402473844305217, 0.2864315827442939777 ) ) ;
#4042 = CIRCLE ( 'NONE', #2037, 0.07086614173463602617 ) ;
#4043 = CARTESIAN_POINT ( 'NONE',  ( 0.04723875525090875244, 0.05284772931914585858, 0.2821612927135083160 ) ) ;
#4044 = CARTESIAN_POINT ( 'NONE',  ( -0.1377952755905511861, -0.1161417322834645688, 0.1023622047244094474 ) ) ;
#4045 = VERTEX_POINT ( 'NONE', #1551 ) ;
#4046 = VECTOR ( 'NONE', #2133, 39.37007874015748143 ) ;
#4047 = CARTESIAN_POINT ( 'NONE',  ( 0.000000000000000000, 0.000000000000000000, 0.2637795275590551491 ) ) ;
#4048 = CARTESIAN_POINT ( 'NONE',  ( 0.07598443276534318225, 0.02939229295842870140, 0.2728230322730856305 ) ) ;
#4049 = EDGE_CURVE ( 'NONE', #810, #1733, #1924, .T. ) ;
#4050 = AXIS2_PLACEMENT_3D ( 'NONE', #4385, #3653, #1530 ) ;
#4051 = CIRCLE ( 'NONE', #1825, 0.02559055118110236185 ) ;
#4052 = CARTESIAN_POINT ( 'NONE',  ( 0.07867110665850393647, -0.0004943116470566929392, 0.3527423440641337948 ) ) ;
#4053 = VERTEX_POINT ( 'NONE', #216 ) ;
#4054 = CARTESIAN_POINT ( 'NONE',  ( 0.05665215902250007179, 0.04353666601214707665, 0.3445782483201028090 ) ) ;
#4055 = CARTESIAN_POINT ( 'NONE',  ( 0.03872468500966527033, -0.05936624782928842659, 0.3787806854805541024 ) ) ;
#4056 = CARTESIAN_POINT ( 'NONE',  ( -0.06982331990374424091, -0.01315761859987279320, 0.3096094608315514418 ) ) ;
#4057 = CARTESIAN_POINT ( 'NONE',  ( 0.02362204724409448786, -0.3661417322834645272, 0.03543307086614173179 ) ) ;
#4058 = CARTESIAN_POINT ( 'NONE',  ( -0.1358267716535433156, -0.1161417322834645688, 0.1023622047244094474 ) ) ;
#4059 = CARTESIAN_POINT ( 'NONE',  ( 0.02217178381285209512, 0.06734835055281186700, 0.3227930705664945887 ) ) ;
#4060 = DIRECTION ( 'NONE',  ( 0.000000000000000000, -1.000000000000000000, 0.000000000000000000 ) ) ;
#4061 = ORIENTED_EDGE ( 'NONE', *, *, #2545, .F. ) ;
#4062 = ORIENTED_EDGE ( 'NONE', *, *, #3834, .F. ) ;
#4063 = CARTESIAN_POINT ( 'NONE',  ( 0.06935492216926845976, 0.03763296549841935873, 0.3519516377461399115 ) ) ;
#4064 = VECTOR ( 'NONE', #4185, 39.37007874015748143 ) ;
#4065 = CARTESIAN_POINT ( 'NONE',  ( 0.04610324789425197800, 0.06738253981913386315, 0.3116966323136220463 ) ) ;
#4066 = CARTESIAN_POINT ( 'NONE',  ( -0.05942569364266062082, 0.03860890858003113851, 0.2875390846838367098 ) ) ;
#4067 = EDGE_CURVE ( 'NONE', #4591, #2590, #1122, .T. ) ;
#4068 = CARTESIAN_POINT ( 'NONE',  ( -0.0004659653682246022734, 0.07086466435491577120, 0.2844648520060324981 ) ) ;
#4069 = DIRECTION ( 'NONE',  ( 0.000000000000000000, 0.000000000000000000, 1.000000000000000000 ) ) ;
#4070 = VERTEX_POINT ( 'NONE', #2786 ) ;
#4071 = CARTESIAN_POINT ( 'NONE',  ( -0.08464566929133858497, -0.1968503937007874127, -0.2047244094488188948 ) ) ;
#4072 = DIRECTION ( 'NONE',  ( 0.000000000000000000, 0.000000000000000000, 1.000000000000000000 ) ) ;
#4073 = FACE_BOUND ( 'NONE', #4585, .T. ) ;
#4074 = ORIENTED_EDGE ( 'NONE', *, *, #4260, .T. ) ;
#4075 = CARTESIAN_POINT ( 'NONE',  ( -0.03568949583929547503, -0.06192189165162220732, 0.3517050551277292048 ) ) ;
#4076 = EDGE_CURVE ( 'NONE', #4221, #2053, #1684, .T. ) ;
#4077 = CARTESIAN_POINT ( 'NONE',  ( 0.008335549725604116111, -0.07043185308450763960, 0.3773515662890545297 ) ) ;
#4078 = DIRECTION ( 'NONE',  ( 1.000000000000000000, 0.000000000000000000, 0.000000000000000000 ) ) ;
#4079 = DIRECTION ( 'NONE',  ( 0.000000000000000000, 0.000000000000000000, 1.000000000000000000 ) ) ;
#4080 = CARTESIAN_POINT ( 'NONE',  ( -0.05489992874271046319, -0.04481208876410278097, 0.2914881654175398573 ) ) ;
#4081 = LINE ( 'NONE', #1441, #992 ) ;
#4082 = CARTESIAN_POINT ( 'NONE',  ( 0.007857999672188965140, 0.07043992962483600073, 0.3234555975957165153 ) ) ;
#4083 = PLANE ( 'NONE',  #2986 ) ;
#4084 = ORIENTED_EDGE ( 'NONE', *, *, #652, .T. ) ;
#4085 = ORIENTED_EDGE ( 'NONE', *, *, #4049, .F. ) ;
#4086 = CARTESIAN_POINT ( 'NONE',  ( -0.07412270885495229888, -0.02845549172364163909, 0.3417157017662601493 ) ) ;
#4087 = CARTESIAN_POINT ( 'NONE',  ( 0.07272449576417322481, 0.01805952271815748286, 0.2637732920349999954 ) ) ;
#4088 = CARTESIAN_POINT ( 'NONE',  ( -0.06597611956535376354, 0.02587200720691675351, 0.2881987220252507642 ) ) ;
#4089 = CARTESIAN_POINT ( 'NONE',  ( 0.08131961144870079872, -0.02473779646271653809, 0.3093293943970472637 ) ) ;
#4090 = PLANE ( 'NONE',  #887 ) ;
#4091 = FACE_OUTER_BOUND ( 'NONE', #4168, .T. ) ;
#4092 = ORIENTED_EDGE ( 'NONE', *, *, #2389, .T. ) ;
#4093 = DIRECTION ( 'NONE',  ( 0.000000000000000000, 0.000000000000000000, 1.000000000000000000 ) ) ;
#4094 = CARTESIAN_POINT ( 'NONE',  ( -0.06931451284129921953, -0.02652407710861811110, 0.3724232264182283370 ) ) ;
#4095 = EDGE_CURVE ( 'NONE', #1792, #3250, #593, .T. ) ;
#4096 = CARTESIAN_POINT ( 'NONE',  ( 0.000000000000000000, -0.3740157480314960647, 0.01968503937007873988 ) ) ;
#4097 = ORIENTED_EDGE ( 'NONE', *, *, #4322, .F. ) ;
#4098 = CARTESIAN_POINT ( 'NONE',  ( -0.06571195440828979384, 0.03876219750131357222, 0.3754043428561523177 ) ) ;
#4099 = EDGE_CURVE ( 'NONE', #1177, #1240, #3172, .T. ) ;
#4100 = CARTESIAN_POINT ( 'NONE',  ( 0.02914061405013589068, -0.06459837379211662289, 0.3783064375149707836 ) ) ;
#4101 = CARTESIAN_POINT ( 'NONE',  ( -0.05666927125859117648, -0.04355059670346487360, 0.3701592796254316031 ) ) ;
#4102 = ADVANCED_FACE ( 'NONE', ( #3618, #3925 ), #624, .T. ) ;
#4103 = DIRECTION ( 'NONE',  ( 0.000000000000000000, 1.000000000000000000, 0.000000000000000000 ) ) ;
#4104 = CARTESIAN_POINT ( 'NONE',  ( -0.03504591293282975639, -0.06175743898784938346, 0.2926565430230095299 ) ) ;
#4105 = CARTESIAN_POINT ( 'NONE',  ( -0.04860800802223978756, 0.05366154161297956998, 0.3457971640545789427 ) ) ;
#4106 = CARTESIAN_POINT ( 'NONE',  ( 0.06698514850428213818, 0.02313433318260378624, 0.3199388616116137229 ) ) ;
#4107 = ADVANCED_FACE ( 'NONE', ( #3201 ), #1034, .T. ) ;
#4108 = CARTESIAN_POINT ( 'NONE',  ( 0.06735641717700902031, -0.02208456639547385497, 0.3218535875861549544 ) ) ;
#4109 = VERTEX_POINT ( 'NONE', #2069 ) ;
#4110 = ORIENTED_EDGE ( 'NONE', *, *, #280, .T. ) ;
#4111 = CARTESIAN_POINT ( 'NONE',  ( -0.07847115788534872460, -0.008280299582526995036, 0.3408785606844251248 ) ) ;
#4112 = CARTESIAN_POINT ( 'NONE',  ( -0.04055000736803150013, 0.06301805776972441153, 0.2697230951845669411 ) ) ;
#4113 = CARTESIAN_POINT ( 'NONE',  ( -0.06658828022502207011, 0.02426860324263205998, 0.2882737014395995168 ) ) ;
#4114 = CARTESIAN_POINT ( 'NONE',  ( 0.04133858267716535029, -0.1948818897637795422, -0.1673228346456692994 ) ) ;
#4115 = CARTESIAN_POINT ( 'NONE',  ( 0.03899508520345952578, 0.05917292300406683941, 0.2826130350644137645 ) ) ;
#4116 = DIRECTION ( 'NONE',  ( 1.000000000000000000, 0.000000000000000000, 0.000000000000000000 ) ) ;
#4117 = ORIENTED_EDGE ( 'NONE', *, *, #3245, .F. ) ;
#4118 = CARTESIAN_POINT ( 'NONE',  ( 0.01854906267113003160, 0.06902168574814837587, 0.2678973961723118413 ) ) ;
#4119 = VECTOR ( 'NONE', #2086, 39.37007874015748143 ) ;
#4120 = DIRECTION ( 'NONE',  ( -1.000000000000000000, 0.000000000000000000, 0.000000000000000000 ) ) ;
#4121 = CARTESIAN_POINT ( 'NONE',  ( 0.04084398442740527074, 0.05824790995931560661, 0.3809543649699906886 ) ) ;
#4122 = ORIENTED_EDGE ( 'NONE', *, *, #3893, .T. ) ;
#4123 = VECTOR ( 'NONE', #4451, 39.37007874015748143 ) ;
#4124 = CARTESIAN_POINT ( 'NONE',  ( -0.07413112245229599995, 0.01606308475728043805, 0.3759243537532343526 ) ) ;
#4125 = LINE ( 'NONE', #512, #4734 ) ;
#4126 = CARTESIAN_POINT ( 'NONE',  ( -0.02746984171396063198, -0.07605044896259843812, 0.3420181546234645209 ) ) ;
#4127 = AXIS2_PLACEMENT_3D ( 'NONE', #974, #2134, #4671 ) ;
#4128 = CARTESIAN_POINT ( 'NONE',  ( 0.0007378651036854330528, -0.07828760098271653201, 0.3116375771955118279 ) ) ;
#4129 = ADVANCED_FACE ( 'NONE', ( #4660, #1375 ), #2524, .T. ) ;
#4130 = CARTESIAN_POINT ( 'NONE',  ( -0.03601472532606405513, 0.06281113796023621298, 0.3451405235316083453 ) ) ;
#4131 = CIRCLE ( 'NONE', #1057, 0.05118110236220472370 ) ;
#4132 = FACE_OUTER_BOUND ( 'NONE', #4209, .T. ) ;
#4133 = DIRECTION ( 'NONE',  ( 1.000000000000000000, 0.000000000000000000, 0.000000000000000000 ) ) ;
#4134 = ORIENTED_EDGE ( 'NONE', *, *, #2572, .T. ) ;
#4135 = ORIENTED_EDGE ( 'NONE', *, *, #2561, .T. ) ;
#4136 = CARTESIAN_POINT ( 'NONE',  ( -0.07210202184411591830, 0.03203909251501765171, 0.3392428377207895029 ) ) ;
#4137 = ADVANCED_FACE ( 'NONE', ( #4609 ), #2785, .T. ) ;
#4138 = CARTESIAN_POINT ( 'NONE',  ( -0.07009944999696850199, -0.02648838235843700706, 0.3133549849482676897 ) ) ;
#4139 = CARTESIAN_POINT ( 'NONE',  ( -0.06319818502476397259, 0.03209717338725238261, 0.2878876174560465184 ) ) ;
#4140 = DIRECTION ( 'NONE',  ( 0.000000000000000000, 0.000000000000000000, 1.000000000000000000 ) ) ;
#4141 = DIRECTION ( 'NONE',  ( -1.000000000000000000, 0.000000000000000000, 0.000000000000000000 ) ) ;
#4142 = CARTESIAN_POINT ( 'NONE',  ( -0.09448818897637795144, -0.1948818897637795422, 0.03740157480314960925 ) ) ;
#4143 = ORIENTED_EDGE ( 'NONE', *, *, #1255, .F. ) ;
#4144 = DIRECTION ( 'NONE',  ( 0.000000000000000000, 0.000000000000000000, -1.000000000000000000 ) ) ;
#4145 = AXIS2_PLACEMENT_3D ( 'NONE', #1196, #1309, #1740 ) ;
#4146 = CARTESIAN_POINT ( 'NONE',  ( 0.07086613884013111264, 0.006248003142437291366, 0.3782311249654193852 ) ) ;
#4147 = EDGE_LOOP ( 'NONE', ( #1593, #1458, #1217, #234 ) ) ;
#4148 = CARTESIAN_POINT ( 'NONE',  ( -0.1377952755905511861, -0.2165354330708661457, -0.2047244094488188948 ) ) ;
#4149 = FACE_OUTER_BOUND ( 'NONE', #953, .T. ) ;
#4150 = CARTESIAN_POINT ( 'NONE',  ( 0.03187989654416929081, 0.07430972328637795721, 0.3713619866445275752 ) ) ;
#4151 = CARTESIAN_POINT ( 'NONE',  ( -0.002950804782976377758, -0.07823544954708661070, 0.2918049000302362361 ) ) ;
#4152 = DIRECTION ( 'NONE',  ( -1.000000000000000000, 0.000000000000000000, 0.000000000000000000 ) ) ;
#4153 = CARTESIAN_POINT ( 'NONE',  ( -0.08464566929133858497, -0.1771653543307086520, 0.2047244094488188948 ) ) ;
#4154 = PLANE ( 'NONE',  #62 ) ;
#4155 = ORIENTED_EDGE ( 'NONE', *, *, #627, .F. ) ;
#4156 = ORIENTED_EDGE ( 'NONE', *, *, #130, .F. ) ;
#4157 = CARTESIAN_POINT ( 'NONE',  ( -0.09448818897637795144, -0.1948818897637795422, -0.1870078740157480324 ) ) ;
#4158 = CARTESIAN_POINT ( 'NONE',  ( -0.04657775406047243855, -0.05870333270307086931, 0.2756728983341338868 ) ) ;
#4159 = FACE_OUTER_BOUND ( 'NONE', #2865, .T. ) ;
#4160 = DIRECTION ( 'NONE',  ( -0.000000000000000000, 1.000000000000000000, 0.000000000000000000 ) ) ;
#4161 = CYLINDRICAL_SURFACE ( 'NONE', #4265, 0.02362204724409448786 ) ;
#4162 = ADVANCED_FACE ( 'NONE', ( #1784, #2475 ), #3947, .T. ) ;
#4163 = EDGE_LOOP ( 'NONE', ( #3028, #1638, #3571, #4606, #1343, #3620, #1573, #4485, #1514, #3472, #392, #3397, #2265, #15 ) ) ;
#4164 = CARTESIAN_POINT ( 'NONE',  ( 0.000000000000000000, 0.000000000000000000, -0.2440944881889763884 ) ) ;
#4165 = CARTESIAN_POINT ( 'NONE',  ( 0.06874964381538499480, -0.01735277680580174856, 0.3378076376127863156 ) ) ;
#4166 = ADVANCED_FACE ( 'NONE', ( #2812 ), #1761, .F. ) ;
#4167 = DIRECTION ( 'NONE',  ( 0.000000000000000000, 0.000000000000000000, 1.000000000000000000 ) ) ;
#4168 = EDGE_LOOP ( 'NONE', ( #4476, #1726, #838, #2842 ) ) ;
#4169 = LINE ( 'NONE', #3424, #2656 ) ;
#4170 = DIRECTION ( 'NONE',  ( 0.000000000000000000, 0.000000000000000000, 1.000000000000000000 ) ) ;
#4171 = CARTESIAN_POINT ( 'NONE',  ( -0.08215388094818898423, 0.01836356161124409400, 0.3800013142642519326 ) ) ;
#4172 = CARTESIAN_POINT ( 'NONE',  ( -0.04376074048299213176, -0.06083227510019684897, 0.3127916685947638165 ) ) ;
#4173 = LINE ( 'NONE', #4460, #298 ) ;
#4174 = CARTESIAN_POINT ( 'NONE',  ( 0.06192187004085305396, -0.03568953404203200480, 0.3408828217380379666 ) ) ;
#4175 = DIRECTION ( 'NONE',  ( -1.000000000000000000, 0.000000000000000000, 0.000000000000000000 ) ) ;
#4176 = ORIENTED_EDGE ( 'NONE', *, *, #1229, .T. ) ;
#4177 = LINE ( 'NONE', #4602, #3204 ) ;
#4178 = FACE_OUTER_BOUND ( 'NONE', #3591, .T. ) ;
#4179 = FACE_OUTER_BOUND ( 'NONE', #2890, .T. ) ;
#4180 = EDGE_CURVE ( 'NONE', #3233, #3076, #2607, .T. ) ;
#4181 = VERTEX_POINT ( 'NONE', #2452 ) ;
#4182 = CARTESIAN_POINT ( 'NONE',  ( 0.04133858267716535029, -0.1771653543307086520, 0.1870078740157480324 ) ) ;
#4183 = CARTESIAN_POINT ( 'NONE',  ( 0.02856602191599230331, -0.06485425638878981880, 0.3349313896497778664 ) ) ;
#4184 = CARTESIAN_POINT ( 'NONE',  ( -0.05860995024822374805, -0.03992515456495583648, 0.2912168913467292342 ) ) ;
#4185 = DIRECTION ( 'NONE',  ( 0.000000000000000000, 0.000000000000000000, 1.000000000000000000 ) ) ;
#4186 = VERTEX_POINT ( 'NONE', #3589 ) ;
#4187 = DIRECTION ( 'NONE',  ( 0.000000000000000000, 0.000000000000000000, 1.000000000000000000 ) ) ;
#4188 = DIRECTION ( 'NONE',  ( 0.000000000000000000, 0.000000000000000000, 1.000000000000000000 ) ) ;
#4189 = EDGE_CURVE ( 'NONE', #1600, #1830, #678, .T. ) ;
#4190 = CARTESIAN_POINT ( 'NONE',  ( -0.002027354873610629892, 0.08415682262413384795, 0.3561594507471654292 ) ) ;
#4191 = CARTESIAN_POINT ( 'NONE',  ( -0.07228112685133858406, -0.01977387142031890310, 0.2909757237129527718 ) ) ;
#4192 = VECTOR ( 'NONE', #4715, 39.37007874015748143 ) ;
#4193 = MECHANICAL_DESIGN_GEOMETRIC_PRESENTATION_REPRESENTATION (  '', ( #1126 ), #3583 ) ;
#4194 = DIRECTION ( 'NONE',  ( 0.000000000000000000, 0.000000000000000000, 1.000000000000000000 ) ) ;
#4195 = CIRCLE ( 'NONE', #1743, 0.02362204724409448786 ) ;
#4196 = CARTESIAN_POINT ( 'NONE',  ( 0.07086614173228543423, 0.001927633748650502479, 0.3189496606664253275 ) ) ;
#4197 = CARTESIAN_POINT ( 'NONE',  ( 0.07086614173228346358, 4.695363739110448401E-17, 0.3228657416923393364 ) ) ;
#4198 = VECTOR ( 'NONE', #2376, 39.37007874015748143 ) ;
#4199 = ORIENTED_EDGE ( 'NONE', *, *, #3670, .T. ) ;
#4200 = LINE ( 'NONE', #2311, #1978 ) ;
#4201 = LINE ( 'NONE', #592, #4198 ) ;
#4202 = CARTESIAN_POINT ( 'NONE',  ( 0.07086614173228344971, -0.008274539715280861477, 0.3028132957198281239 ) ) ;
#4203 = ORIENTED_EDGE ( 'NONE', *, *, #148, .T. ) ;
#4204 = EDGE_LOOP ( 'NONE', ( #3851, #2617, #2954, #3285, #4092, #4085, #3027, #1310, #2233, #144 ) ) ;
#4205 = CARTESIAN_POINT ( 'NONE',  ( 0.08006402673885827659, -0.02854101263385827245, 0.2910347788310236328 ) ) ;
#4206 = CARTESIAN_POINT ( 'NONE',  ( 0.06204872579541735600, -0.03453669802669331185, 0.3369635949086765558 ) ) ;
#4207 = CARTESIAN_POINT ( 'NONE',  ( -0.05649114100927399296, -0.04279017200167645196, 0.2913727525539855923 ) ) ;
#4208 = CARTESIAN_POINT ( 'NONE',  ( 0.05438269862650880332, -0.04675096629384227487, 0.3804034016694664011 ) ) ;
#4209 = EDGE_LOOP ( 'NONE', ( #2283, #309, #424, #3110 ) ) ;
#4210 = CARTESIAN_POINT ( 'NONE',  ( 0.1377952755905511861, -0.2165354330708661457, -0.2440944881889763884 ) ) ;
#4211 = CARTESIAN_POINT ( 'NONE',  ( -0.03776761765891937378, 0.06009083278254182675, 0.3098439065305484963 ) ) ;
#4212 = CARTESIAN_POINT ( 'NONE',  ( 0.05934822207488189838, -0.05491858806559055811, 0.3456861336261023432 ) ) ;
#4213 = CARTESIAN_POINT ( 'NONE',  ( -0.06997386870956692762, 0.02681838765125590593, 0.2889924559964173190 ) ) ;
#4214 = CARTESIAN_POINT ( 'NONE',  ( 0.06862633244602361904, -0.03133270046142126036, 0.3545575247022047516 ) ) ;
#4215 = CARTESIAN_POINT ( 'NONE',  ( -0.01854906267112987547, -0.06902168574814841751, 0.3367812149609298866 ) ) ;
#4216 = CARTESIAN_POINT ( 'NONE',  ( 0.06562288640037181042, -0.02675207558802433078, 0.3216364953772455348 ) ) ;
#4217 = LINE ( 'NONE', #1616, #4723 ) ;
#4218 = DIRECTION ( 'NONE',  ( 0.000000000000000000, 1.000000000000000000, 0.000000000000000000 ) ) ;
#4219 = CARTESIAN_POINT ( 'NONE',  ( 5.190098193150722254E-05, -0.07086612449885762444, 0.2982307086793485329 ) ) ;
#4220 = ORIENTED_EDGE ( 'NONE', *, *, #1908, .F. ) ;
#4221 = VERTEX_POINT ( 'NONE', #2863 ) ;
#4222 = CARTESIAN_POINT ( 'NONE',  ( 0.05407704294303150583, -0.06557764125952757206, 0.3287168654452362060 ) ) ;
#4223 = CARTESIAN_POINT ( 'NONE',  ( 0.07085277307169984828, -0.002399197622792048016, 0.3384598387391689611 ) ) ;
#4224 = CARTESIAN_POINT ( 'NONE',  ( -0.02299906008059638893, -0.06707155073114667854, 0.2932236672353820683 ) ) ;
#4225 = CARTESIAN_POINT ( 'NONE',  ( 0.06931271579619527334, -0.01473310485603480414, 0.3812387408674208777 ) ) ;
#4226 = ORIENTED_EDGE ( 'NONE', *, *, #1927, .T. ) ;
#4227 = CARTESIAN_POINT ( 'NONE',  ( -0.03201084884388549073, 0.06322449359582094086, 0.3095640005818129925 ) ) ;
#4228 = CARTESIAN_POINT ( 'NONE',  ( 0.06397023966311023158, 0.03175686116790551322, 0.3235168397165354981 ) ) ;
#4229 = CARTESIAN_POINT ( 'NONE',  ( -0.08083889634484252296, -0.02626614964422047463, 0.3013963235309055078 ) ) ;
#4230 = CARTESIAN_POINT ( 'NONE',  ( 0.06183546416685040126, 0.03445599916109448602, 0.3409472897672834457 ) ) ;
#4231 = ORIENTED_EDGE ( 'NONE', *, *, #4648, .T. ) ;
#4232 = DIRECTION ( 'NONE',  ( 0.000000000000000000, 0.000000000000000000, 1.000000000000000000 ) ) ;
#4233 = CARTESIAN_POINT ( 'NONE',  ( -0.05279192930936441042, -0.04727640772458562707, 0.3743560068175638689 ) ) ;
#4234 = EDGE_CURVE ( 'NONE', #3698, #2113, #1424, .T. ) ;
#4235 = DIRECTION ( 'NONE',  ( 0.000000000000000000, 0.000000000000000000, -1.000000000000000000 ) ) ;
#4236 = DIRECTION ( 'NONE',  ( 1.000000000000000000, 0.000000000000000000, 0.000000000000000000 ) ) ;
#4237 = CARTESIAN_POINT ( 'NONE',  ( 0.06550833537047844046, -0.02703093740994642891, 0.3216237526129543944 ) ) ;
#4238 = EDGE_CURVE ( 'NONE', #4633, #482, #2145, .T. ) ;
#4239 = CARTESIAN_POINT ( 'NONE',  ( -0.05200108280829381785, 0.04815349638630271600, 0.3263820823024784490 ) ) ;
#4240 = CARTESIAN_POINT ( 'NONE',  ( 0.05732596141165243603, 0.04165011081472346638, 0.3405440398708138305 ) ) ;
#4241 = DIRECTION ( 'NONE',  ( 0.000000000000000000, 0.000000000000000000, 1.000000000000000000 ) ) ;
#4242 = VERTEX_POINT ( 'NONE', #4755 ) ;
#4243 = EDGE_LOOP ( 'NONE', ( #1385, #3868, #4006, #969, #1582, #3922 ) ) ;
#4244 = CARTESIAN_POINT ( 'NONE',  ( -0.04599473683984252326, 0.07147961668586615136, 0.2791351725318897969 ) ) ;
#4245 = CARTESIAN_POINT ( 'NONE',  ( 0.05687092902757075880, -0.04234723797110066801, 0.3365533348882078224 ) ) ;
#4246 = CARTESIAN_POINT ( 'NONE',  ( -0.06894285443361548860, -0.01661721888665999500, 0.2901057995327503414 ) ) ;
#4247 = CARTESIAN_POINT ( 'NONE',  ( 0.04860810672045588754, 0.05366146403843041757, 0.3254653900595474436 ) ) ;
#4248 = EDGE_LOOP ( 'NONE', ( #1067, #3296, #2729, #315 ) ) ;
#4249 = CARTESIAN_POINT ( 'NONE',  ( 0.04948972258555387610, 0.05072366155224654338, 0.3056691838533620031 ) ) ;
#4250 = CARTESIAN_POINT ( 'NONE',  ( -0.02634137904321653956, -0.07292629216389763525, 0.3388807955077165479 ) ) ;
#4251 = CARTESIAN_POINT ( 'NONE',  ( 0.07811081470728345466, -0.02376166586797637953, 0.3124667535128346496 ) ) ;
#4252 = CARTESIAN_POINT ( 'NONE',  ( 0.04831718829862205467, 0.05366167400440944452, 0.3616614192510629877 ) ) ;
#4253 = ORIENTED_EDGE ( 'NONE', *, *, #3431, .T. ) ;
#4254 = CARTESIAN_POINT ( 'NONE',  ( 0.04994689107765482028, 0.06174043481623187057, 0.3334931918379564486 ) ) ;
#4255 = DIRECTION ( 'NONE',  ( 0.000000000000000000, 0.000000000000000000, 1.000000000000000000 ) ) ;
#4256 = CARTESIAN_POINT ( 'NONE',  ( 0.001988267905817215232, -0.07083897471285029168, 0.3140646620930299115 ) ) ;
#4257 = AXIS2_PLACEMENT_3D ( 'NONE', #480, #1952, #1219 ) ;
#4258 = VECTOR ( 'NONE', #2985, 39.37007874015748143 ) ;
#4259 = DIRECTION ( 'NONE',  ( 0.000000000000000000, 0.000000000000000000, -1.000000000000000000 ) ) ;
#4260 = EDGE_CURVE ( 'NONE', #1830, #3582, #3637, .T. ) ;
#4261 = CARTESIAN_POINT ( 'NONE',  ( -0.04064939337725038959, -0.05809485089261476332, 0.3160114543876966775 ) ) ;
#4262 = AXIS2_PLACEMENT_3D ( 'NONE', #753, #4072, #775 ) ;
#4263 = CARTESIAN_POINT ( 'NONE',  ( -0.004350748615790433170, 0.07074008196075880217, 0.3240117556285920797 ) ) ;
#4264 = VECTOR ( 'NONE', #3359, 39.37007874015748143 ) ;
#4265 = AXIS2_PLACEMENT_3D ( 'NONE', #3465, #1592, #1544 ) ;
#4266 = CARTESIAN_POINT ( 'NONE',  ( -0.03937007874015747977, -0.1968503937007874127, 0.01968503937007873988 ) ) ;
#4267 = DIRECTION ( 'NONE',  ( 0.000000000000000000, 0.000000000000000000, 1.000000000000000000 ) ) ;
#4268 = VERTEX_POINT ( 'NONE', #1470 ) ;
#4269 = ORIENTED_EDGE ( 'NONE', *, *, #135, .T. ) ;
#4270 = EDGE_CURVE ( 'NONE', #65, #936, #3454, .T. ) ;
#4271 = FACE_OUTER_BOUND ( 'NONE', #2520, .T. ) ;
#4272 = CARTESIAN_POINT ( 'NONE',  ( -0.04680295202497402468, -0.05324105562611937403, 0.3313836121628159770 ) ) ;
#4273 = DIRECTION ( 'NONE',  ( 1.000000000000000000, 0.000000000000000000, 0.000000000000000000 ) ) ;
#4274 = CARTESIAN_POINT ( 'NONE',  ( -0.06620484629373982188, -0.03426159084614409378, 0.3770979784311075389 ) ) ;
#4275 = ORIENTED_EDGE ( 'NONE', *, *, #3455, .T. ) ;
#4276 = AXIS2_PLACEMENT_3D ( 'NONE', #1944, #1633, #4133 ) ;
#4277 = PRODUCT_CONTEXT ( 'NONE', #1918, 'mechanical' ) ;
#4278 = CARTESIAN_POINT ( 'NONE',  ( -0.03325839156670490349, 0.06258078094775097744, 0.3096239104865355918 ) ) ;
#4279 = CARTESIAN_POINT ( 'NONE',  ( 0.06440258781015748002, -0.04317891627834645474, 0.3627226590248425198 ) ) ;
#4280 = CARTESIAN_POINT ( 'NONE',  ( -0.04599473683984252326, 0.07147961668586615136, 0.2775971109325984232 ) ) ;
#4281 = CARTESIAN_POINT ( 'NONE',  ( -0.05691690669952755716, 0.04443637189972441531, 0.3471174559964566586 ) ) ;
#4282 = VERTEX_POINT ( 'NONE', #4319 ) ;
#4283 = FACE_OUTER_BOUND ( 'NONE', #2605, .T. ) ;
#4284 = AXIS2_PLACEMENT_3D ( 'NONE', #2303, #4152, #4194 ) ;
#4285 = CARTESIAN_POINT ( 'NONE',  ( -0.07086154858278267965, -0.001150118124817770156, 0.3721155586076969612 ) ) ;
#4286 = DIRECTION ( 'NONE',  ( 1.000000000000000000, 0.000000000000000000, 0.000000000000000000 ) ) ;
#4287 = LINE ( 'NONE', #1363, #4504 ) ;
#4288 = CIRCLE ( 'NONE', #1381, 0.04330708661417323468 ) ;
#4289 = CARTESIAN_POINT ( 'NONE',  ( 0.02803506872127688523, -0.06508603477149368932, 0.3192164083736817037 ) ) ;
#4290 = B_SPLINE_CURVE_WITH_KNOTS ( 'NONE', 3,
 ( #562, #3143, #2352, #113, #3057, #1232, #2691, #499, #1635, #1972, #3440, #141, #4291, #4314, #3578, #4720, #3554, #1723, #304, #2516, #3939, #3264, #1442, #1415, #3607, #3188, #1391, #254, #2878, #3964, #2855, #3165, #3632, #4624, #4239, #1798, #694, #2830, #4340, #4649, #1055, #1366, #1002, #2489, #1700, #3991, #640, #1776, #2416, #2158, #2466, #2109, #281, #1752, #3217, #977, #326, #950, #3239, #3889, #2444, #591, #2059, #1026, #4674, #669, #3531, #4696, #2137, #230, #1340, #2800, #4263, #3917, #615, #2084, #379, #806, #1511, #4082, #2931, #763, #4461, #785, #4748, #3293, #4012, #3655, #1082, #3705, #4059, #4388, #4435, #422, #3004, #1921, #2180, #3727, #1175, #4410, #1152, #3336, #2230, #2254, #351, #32, #3315, #2614, #1894, #400, #1127, #1872, #3683, #3364, #2539, #1102, #4367, #12, #2278, #2562, #2978, #3387, #63, #1534, #3753, #2637, #450, #87, #2206, #4106, #2908, #717, #1850, #1826, #1465, #4033, #738, #1487, #2952, #2587, #3842, #4196, #3819 ),
 .UNSPECIFIED., .F., .F.,
 ( 4, 2, 2, 2, 2, 2, 2, 2, 2, 2, 2, 2, 1, 2, 2, 2, 2, 1, 2, 2, 2, 2, 2, 2, 2, 2, 2, 2, 2, 2, 2, 1, 2, 2, 2, 2, 1, 1, 1, 2, 2, 2, 2, 2, 1, 2, 2, 1, 2, 2, 2, 2, 2, 1, 2, 2, 2, 2, 2, 2, 2, 2, 1, 1, 2, 2, 2, 2, 2, 2, 2, 2, 2, 2, 2, 2, 4 ),
 ( 0.000000000000000000, 0.03124999999999470562, 0.03906249999999338723, 0.04687499999999206884, 0.06249999999998943900, 0.07812499999998680222, 0.09374999999998416544, 0.1093749999999814870, 0.1249999999999787947, 0.1562499999999734379, 0.1601562499999728273, 0.1640624999999722444, 0.1718749999999709677, 0.1874999999999684419, 0.2187499999999634182, 0.2226562499999628630, 0.2246093749999626410, 0.2265624999999624190, 0.2343749999999615030, 0.2499999999999597544, 0.2812499999999562017, 0.2851562499999559797, 0.2890624999999557576, 0.2968749999999553135, 0.3124999999999545364, 0.3281249999999538147, 0.3437499999999530376, 0.3749999999999513722, 0.3906249999999505951, 0.3925781249999504841, 0.3945312499999503730, 0.3984374999999508726, 0.4062499999999515388, 0.4374999999999544253, 0.4453124999999551470, 0.4472656249999553135, 0.4492187499999554801, 0.4531249999999558686, 0.4687499999999573119, 0.4843749999999588107, 0.4921874999999595324, 0.4999999999999602540, 0.5312499999999631406, 0.5468749999999645839, 0.5624999999999661382, 0.5781249999999675815, 0.5820312499999679146, 0.5859374999999682476, 0.5937499999999689138, 0.6249999999999714673, 0.6562499999999741318, 0.6601562499999744649, 0.6640624999999747979, 0.6718749999999754641, 0.6874999999999766853, 0.7187499999999792388, 0.7265624999999799050, 0.7343749999999805711, 0.7499999999999819034, 0.7812499999999847899, 0.7851562499999851230, 0.7890624999999854561, 0.7968749999999860112, 0.8124999999999871214, 0.8281249999999882316, 0.8359374999999886757, 0.8398437499999888978, 0.8437499999999891198, 0.8749999999999914513, 0.8906249999999925615, 0.8984374999999931166, 0.9062499999999936717, 0.9374999999999957812, 0.9453124999999963363, 0.9531249999999970024, 0.9687499999999980016, 1.000000000000000000 ),
 .UNSPECIFIED. ) ;
#4291 = CARTESIAN_POINT ( 'NONE',  ( -0.06824746822584096262, 0.01911576927357790459, 0.3278846568213899526 ) ) ;
#4292 = DIRECTION ( 'NONE',  ( 0.000000000000000000, -1.000000000000000000, 0.000000000000000000 ) ) ;
#4293 = PLANE ( 'NONE',  #4338 ) ;
#4294 = ORIENTED_EDGE ( 'NONE', *, *, #1255, .T. ) ;
#4295 = CARTESIAN_POINT ( 'NONE',  ( -0.05720828091183222802, -0.05434660934536317961, 0.3626121745273142016 ) ) ;
#4296 = CARTESIAN_POINT ( 'NONE',  ( 0.0008010852736929133765, -0.08499527070251969296, 0.3069009205632677317 ) ) ;
#4297 = EDGE_CURVE ( 'NONE', #595, #1933, #3647, .T. ) ;
#4298 = CARTESIAN_POINT ( 'NONE',  ( -0.06916293475797866130, -0.01544569408337930806, 0.3294132311903729682 ) ) ;
#4299 = EDGE_CURVE ( 'NONE', #4752, #4689, #22, .T. ) ;
#4300 = DIRECTION ( 'NONE',  ( 0.000000000000000000, 0.000000000000000000, 1.000000000000000000 ) ) ;
#4301 = CARTESIAN_POINT ( 'NONE',  ( 0.05029010122274815697, -0.04998849775648790683, 0.2967416622168078111 ) ) ;
#4302 = ORIENTED_EDGE ( 'NONE', *, *, #1484, .T. ) ;
#4303 = CARTESIAN_POINT ( 'NONE',  ( -0.07086614173240893266, 0.009276301421479896808, 0.3126062441178044105 ) ) ;
#4304 = CARTESIAN_POINT ( 'NONE',  ( -0.01468862331734645948, -0.07613380637039370014, 0.3590546800222046975 ) ) ;
#4305 = ADVANCED_FACE ( 'NONE', ( #1333 ), #2793, .T. ) ;
#4306 = CARTESIAN_POINT ( 'NONE',  ( 0.03846088570808267604, 0.06232212988834646278, 0.3394033252272047330 ) ) ;
#4307 = CARTESIAN_POINT ( 'NONE',  ( -0.03372185894224802999, 0.06385111153618110158, 0.3457952775187795313 ) ) ;
#4308 = VERTEX_POINT ( 'NONE', #248 ) ;
#4309 = FACE_OUTER_BOUND ( 'NONE', #3517, .T. ) ;
#4310 = CARTESIAN_POINT ( 'NONE',  ( 0.04133858267716535029, -0.1968503937007874127, -0.1673228346456692994 ) ) ;
#4311 = LINE ( 'NONE', #1388, #4192 ) ;
#4312 = CARTESIAN_POINT ( 'NONE',  ( 0.03937007874015747977, -0.1968503937007874127, -0.1692913385826771699 ) ) ;
#4313 = CARTESIAN_POINT ( 'NONE',  ( -0.02474927727425810936, -0.06640752445049682984, 0.3168212643788342886 ) ) ;
#4314 = CARTESIAN_POINT ( 'NONE',  ( -0.06765224373436126704, 0.02112638992968532067, 0.3277905978342439686 ) ) ;
#4315 = DIRECTION ( 'NONE',  ( 0.000000000000000000, 0.000000000000000000, 1.000000000000000000 ) ) ;
#4316 = CARTESIAN_POINT ( 'NONE',  ( -0.1358267716535433156, 0.000000000000000000, -0.2244094488188976555 ) ) ;
#4317 = ORIENTED_EDGE ( 'NONE', *, *, #1229, .F. ) ;
#4318 = ORIENTED_EDGE ( 'NONE', *, *, #1510, .F. ) ;
#4319 = CARTESIAN_POINT ( 'NONE',  ( -0.1377952755905511861, 0.1574803149606299191, 0.2047244094488188948 ) ) ;
#4320 = CARTESIAN_POINT ( 'NONE',  ( 0.04175620853350393152, 0.06766188047818898210, 0.3346666685949212794 ) ) ;
#4321 = CARTESIAN_POINT ( 'NONE',  ( -0.06393006702784966022, -0.03060411417738530607, 0.3301342981536694587 ) ) ;
#4322 = EDGE_CURVE ( 'NONE', #4186, #1852, #1612, .T. ) ;
#4323 = CARTESIAN_POINT ( 'NONE',  ( -0.09448818897637795144, -0.1968503937007874127, -0.1673228346456692994 ) ) ;
#4324 = LINE ( 'NONE', #1138, #2506 ) ;
#4325 = EDGE_LOOP ( 'NONE', ( #2744, #549, #47, #787, #3949, #2356, #4294, #3329 ) ) ;
#4326 = LINE ( 'NONE', #4424, #1215 ) ;
#4327 = CARTESIAN_POINT ( 'NONE',  ( 0.06485121687019684833, 0.04250213871984252073, 0.3663906380274409291 ) ) ;
#4328 = DIRECTION ( 'NONE',  ( 1.000000000000000000, 0.000000000000000000, 0.000000000000000000 ) ) ;
#4329 = CARTESIAN_POINT ( 'NONE',  ( -0.04250210383444882195, -0.07001374397405513150, 0.3429940925599213042 ) ) ;
#4330 = ORIENTED_EDGE ( 'NONE', *, *, #3071, .T. ) ;
#4331 = CARTESIAN_POINT ( 'NONE',  ( -0.009282244791339535825, 0.07086794549417016476, 0.3675417378135674151 ) ) ;
#4332 = ADVANCED_FACE ( 'NONE', ( #4309 ), #1742, .T. ) ;
#4333 = B_SPLINE_SURFACE_WITH_KNOTS ( 'NONE', 3, 3, ( 
 ( #3838, #2009, #1221, #3814, #3023, #156, #4213, #4191, #1917, #875, #1961, #2323, #3793, #515, #1604, #2749, #1577, #4506, #4172, #2725, #3384, #491, #3476, #900, #1989, #853, #2705, #2273, #1266, #3427, #1629, #2367, #175, #4575, #447 ),
 ( #4530, #4480, #1648, #131, #831, #2302, #3070, #3772, #3749, #4151, #3114, #85, #1195, #2655, #1244, #3093, #1941, #4553, #1291, #4128, #3407, #105, #3044, #2680, #2435, #3931, #2407, #294, #1691, #1407, #3908, #3178, #631, #1018, #4306 ),
 ( #3545, #3156, #2099, #557, #939, #2387, #1329, #1766, #3878, #2076, #3231, #3953, #2870, #2027, #3569, #196, #578, #4615, #2480, #2051, #2790, #4251, #268, #3521, #222, #244, #655, #4687, #922, #2845, #1738, #965, #2820, #607, #2124 ),
 ( #3860, #1714, #3496, #4637, #1354, #4280, #994, #2458, #3208, #4665, #1383, #3595, #1668, #3137, #4595, #1307, #2768, #4229, #3394, #433, #1904, #4089, #2621, #3371, #3734, #1071, #3782, #1208, #94, #2504, #2529, #3255, #1542, #4004, #114 ) ),
 .UNSPECIFIED., .F., .F., .F.,
 ( 4, 4 ),
 ( 4, 1, 1, 1, 1, 1, 1, 1, 1, 1, 1, 1, 1, 1, 1, 1, 1, 1, 1, 1, 1, 1, 1, 1, 1, 1, 1, 1, 1, 1, 1, 1, 4 ),
 ( -0.09766691155401999169, 1.097666911553999869 ),
 ( -0.02000000000000000042, 0.01250000000000000069, 0.04499999999999999833, 0.07749999999999999944, 0.1100000000000000006, 0.1424999999999999878, 0.1749999999999999889, 0.2074999999999999900, 0.2399999999999999911, 0.2725000000000000200, 0.3049999999999999933, 0.3375000000000000222, 0.3699999999999999956, 0.4025000000000000244, 0.4349999999999999978, 0.4675000000000000266, 0.5000000000000000000, 0.5324999999999999734, 0.5649999999999999467, 0.5975000000000000311, 0.6300000000000000044, 0.6624999999999999778, 0.6949999999999999512, 0.7275000000000000355, 0.7600000000000000089, 0.7924999999999999822, 0.8249999999999999556, 0.8575000000000000400, 0.8900000000000000133, 0.9224999999999999867, 0.9549999999999999600, 0.9875000000000000444, 1.020000000000000018 ),
 .UNSPECIFIED. ) ;
#4334 = DIRECTION ( 'NONE',  ( 1.000000000000000000, 0.000000000000000000, 0.000000000000000000 ) ) ;
#4335 = CARTESIAN_POINT ( 'NONE',  ( 0.001352511770351411818, -0.07085488160970253302, 0.3140364265137104982 ) ) ;
#4336 = DIRECTION ( 'NONE',  ( 0.000000000000000000, 0.000000000000000000, 1.000000000000000000 ) ) ;
#4337 = DIRECTION ( 'NONE',  ( 1.000000000000000000, 0.000000000000000000, 0.000000000000000000 ) ) ;
#4338 = AXIS2_PLACEMENT_3D ( 'NONE', #1488, #2541, #64 ) ;
#4339 = B_SPLINE_CURVE_WITH_KNOTS ( 'NONE', 3,
 ( #3010, #1472, #385, #2593 ),
 .UNSPECIFIED., .F., .F.,
 ( 4, 4 ),
 ( 0.000000000000000000, 1.000000000000000000 ),
 .UNSPECIFIED. ) ;
#4340 = CARTESIAN_POINT ( 'NONE',  ( -0.04468348913950188211, 0.05500637555022640235, 0.3259555765236263891 ) ) ;
#4341 = LINE ( 'NONE', #255, #2275 ) ;
#4342 = LINE ( 'NONE', #4722, #2594 ) ;
#4343 = VECTOR ( 'NONE', #1772, 39.37007874015748143 ) ;
#4344 = VERTEX_POINT ( 'NONE', #3958 ) ;
#4345 = ORIENTED_EDGE ( 'NONE', *, *, #3675, .F. ) ;
#4346 = CARTESIAN_POINT ( 'NONE',  ( 0.07613817395223436424, -0.02247988040521823119, 0.3691894662990505283 ) ) ;
#4347 = VECTOR ( 'NONE', #880, 39.37007874015748143 ) ;
#4348 = CARTESIAN_POINT ( 'NONE',  ( 0.04010854712082676660, 0.06499200518326771203, 0.3315293094791732509 ) ) ;
#4349 = CARTESIAN_POINT ( 'NONE',  ( -0.03937007874015747977, -0.1968503937007874127, 0.2047244094488188948 ) ) ;
#4350 = CARTESIAN_POINT ( 'NONE',  ( -0.06957758078711712146, -0.01348864895013639209, 0.2899601839783002566 ) ) ;
#4351 = CARTESIAN_POINT ( 'NONE',  ( -0.09448818897637795144, -0.1968503937007874127, -0.1870078740157480324 ) ) ;
#4352 = ORIENTED_EDGE ( 'NONE', *, *, #1194, .F. ) ;
#4353 = CIRCLE ( 'NONE', #4581, 0.04330708661417324162 ) ;
#4354 = AXIS2_PLACEMENT_3D ( 'NONE', #2648, #2472, #1680 ) ;
#4355 = CARTESIAN_POINT ( 'NONE',  ( 0.06488121988294648368, 0.02850898020817312084, 0.3044523453809825364 ) ) ;
#4356 = CARTESIAN_POINT ( 'NONE',  ( -0.002776217214751782857, 0.08413112261352437282, 0.3160482283463121322 ) ) ;
#4357 = CARTESIAN_POINT ( 'NONE',  ( 0.03937007874015747977, -0.1968503937007874127, 0.2047244094488188948 ) ) ;
#4358 = CARTESIAN_POINT ( 'NONE',  ( 0.07197122396574803793, 0.03177310635985827053, 0.3540645225418109776 ) ) ;
#4359 = VERTEX_POINT ( 'NONE', #3211 ) ;
#4360 = CARTESIAN_POINT ( 'NONE',  ( -0.01854438173319552727, 0.06901980671017630964, 0.3679522757964628910 ) ) ;
#4361 = CARTESIAN_POINT ( 'NONE',  ( 0.06756205378461083155, -0.02297658694604770568, 0.3808695593157310211 ) ) ;
#4362 = AXIS2_PLACEMENT_3D ( 'NONE', #4436, #4390, #3728 ) ;
#4363 = CARTESIAN_POINT ( 'NONE',  ( 0.05666931203021344926, -0.04355054365022252572, 0.3759008163720529705 ) ) ;
#4364 = LINE ( 'NONE', #1483, #4423 ) ;
#4365 = EDGE_CURVE ( 'NONE', #680, #1240, #3224, .T. ) ;
#4366 = DIRECTION ( 'NONE',  ( 0.000000000000000000, 0.000000000000000000, 1.000000000000000000 ) ) ;
#4367 = CARTESIAN_POINT ( 'NONE',  ( 0.05861796998003672432, 0.03987322779475607065, 0.3207386753838126214 ) ) ;
#4368 = CARTESIAN_POINT ( 'NONE',  ( -0.04113107968322998742, 0.05352100913671639648, 0.3858267716540849657 ) ) ;
#4369 = ORIENTED_EDGE ( 'NONE', *, *, #1484, .F. ) ;
#4370 = EDGE_LOOP ( 'NONE', ( #4684, #1654, #4471, #1677, #3524 ) ) ;
#4371 = CARTESIAN_POINT ( 'NONE',  ( -0.03205152478840346542, -0.07208894712795164972, 0.3638574340151057296 ) ) ;
#4372 = CARTESIAN_POINT ( 'NONE',  ( -0.05074714533342519762, -0.06395814088374016104, 0.2819476165656693012 ) ) ;
#4373 = CARTESIAN_POINT ( 'NONE',  ( -0.03472019115125872524, -0.06196335662550755963, 0.3320516068526710440 ) ) ;
#4374 = CARTESIAN_POINT ( 'NONE',  ( 0.04997472569008079568, 0.05024481907740020042, 0.2819885169209215836 ) ) ;
#4375 = LINE ( 'NONE', #314, #2282 ) ;
#4376 = ORIENTED_EDGE ( 'NONE', *, *, #2898, .F. ) ;
#4377 = CARTESIAN_POINT ( 'NONE',  ( -0.09448818897637795144, -0.1771653543307086520, 0.03740157480314960925 ) ) ;
#4378 = CARTESIAN_POINT ( 'NONE',  ( 0.05355399758845853786, -0.06494335952445158544, 0.3279478346456033977 ) ) ;
#4379 = PLANE ( 'NONE',  #2125 ) ;
#4380 = CARTESIAN_POINT ( 'NONE',  ( 0.02408323668307480250, -0.07828378429980314968, 0.3456384495152755587 ) ) ;
#4381 = ORIENTED_EDGE ( 'NONE', *, *, #1287, .F. ) ;
#4382 = CARTESIAN_POINT ( 'NONE',  ( 0.06899285883279678011, 0.01854099680585000534, 0.3630258200017218995 ) ) ;
#4383 = CARTESIAN_POINT ( 'NONE',  ( -0.08464566929133858497, -0.1948818897637795422, 0.01771653543307086590 ) ) ;
#4384 = CARTESIAN_POINT ( 'NONE',  ( 0.03937007874015747977, -0.1968503937007874127, -0.1850393700787401619 ) ) ;
#4385 = CARTESIAN_POINT ( 'NONE',  ( 0.03937007874015747977, -0.1968503937007874127, -0.1692913385826771699 ) ) ;
#4386 = CARTESIAN_POINT ( 'NONE',  ( -0.07086614173215793899, -0.009281953185218566951, 0.3134043875356904985 ) ) ;
#4387 = EDGE_CURVE ( 'NONE', #2281, #4344, #583, .T. ) ;
#4388 = CARTESIAN_POINT ( 'NONE',  ( 0.02669691797373205389, 0.06568478246883500959, 0.3225871481114615524 ) ) ;
#4389 = DIRECTION ( 'NONE',  ( 1.000000000000000000, 0.000000000000000000, 0.000000000000000000 ) ) ;
#4390 = DIRECTION ( 'NONE',  ( 0.000000000000000000, 0.000000000000000000, 1.000000000000000000 ) ) ;
#4391 = ORIENTED_EDGE ( 'NONE', *, *, #2538, .F. ) ;
#4392 = ORIENTED_EDGE ( 'NONE', *, *, #1311, .T. ) ;
#4393 = DIRECTION ( 'NONE',  ( 1.000000000000000000, 0.000000000000000000, 0.000000000000000000 ) ) ;
#4394 = EDGE_CURVE ( 'NONE', #931, #2101, #4288, .T. ) ;
#4395 = CARTESIAN_POINT ( 'NONE',  ( -0.002950804782976377758, -0.07823544954708661070, 0.2807935251664173126 ) ) ;
#4396 = CARTESIAN_POINT ( 'NONE',  ( -0.06024097122543380090, 0.03732786486810389659, 0.2876090108082176022 ) ) ;
#4397 = CARTESIAN_POINT ( 'NONE',  ( 0.02691430128137835276, 0.06555650888035620405, 0.2831961982011664825 ) ) ;
#4398 = DIRECTION ( 'NONE',  ( 0.000000000000000000, 0.000000000000000000, 1.000000000000000000 ) ) ;
#4399 = VERTEX_POINT ( 'NONE', #3438 ) ;
#4400 = CARTESIAN_POINT ( 'NONE',  ( 0.06513760256173220520, 0.02791325880115678656, 0.3044226945807787521 ) ) ;
#4401 = CARTESIAN_POINT ( 'NONE',  ( 0.07135640097456692754, -0.002992295732402756349, 0.3809818440909842896 ) ) ;
#4402 = CARTESIAN_POINT ( 'NONE',  ( -0.06201180358468504072, 0.04841407810177165982, 0.3408427377649212442 ) ) ;
#4403 = ORIENTED_EDGE ( 'NONE', *, *, #3605, .T. ) ;
#4404 = CARTESIAN_POINT ( 'NONE',  ( 0.03568955293880527596, -0.06192185874153443431, 0.3549863841089969663 ) ) ;
#4405 = CARTESIAN_POINT ( 'NONE',  ( 0.04956794195266894104, -0.05082328942312853981, 0.3794083756928575135 ) ) ;
#4406 = CARTESIAN_POINT ( 'NONE',  ( -0.07086614173228346358, 7.018821800284349095E-14, 0.3090223966059421068 ) ) ;
#4407 = CARTESIAN_POINT ( 'NONE',  ( -0.08464566929133858497, -0.1948818897637795422, 0.1870078740157480324 ) ) ;
#4408 = CARTESIAN_POINT ( 'NONE',  ( 0.02362204724409448786, -0.3661417322834645272, 0.2047244094488188948 ) ) ;
#4409 = ADVANCED_FACE ( 'NONE', ( #4283 ), #272, .T. ) ;
#4410 = CARTESIAN_POINT ( 'NONE',  ( 0.03817920042036686973, 0.05971394604257128369, 0.3220351876698857585 ) ) ;
#4411 = FACE_OUTER_BOUND ( 'NONE', #2967, .T. ) ;
#4412 = VERTEX_POINT ( 'NONE', #3934 ) ;
#4413 = ORIENTED_EDGE ( 'NONE', *, *, #3984, .T. ) ;
#4414 = CARTESIAN_POINT ( 'NONE',  ( -0.04208940938019271882, 0.06675087741391251550, 0.3570759731260111924 ) ) ;
#4415 = CARTESIAN_POINT ( 'NONE',  ( -0.04736511345988188987, 0.06650159520980315764, 0.2958304905813779473 ) ) ;
#4416 = CARTESIAN_POINT ( 'NONE',  ( -0.07086093398949114275, 2.558280235588704959E-07, 0.3720524494407205229 ) ) ;
#4417 = AXIS2_PLACEMENT_3D ( 'NONE', #2773, #4235, #3800 ) ;
#4418 = VECTOR ( 'NONE', #3965, 39.37007874015748143 ) ;
#4419 = CARTESIAN_POINT ( 'NONE',  ( 0.02558655018126873570, 0.06608863516916514691, 0.2832593878811921484 ) ) ;
#4420 = ORIENTED_EDGE ( 'NONE', *, *, #1198, .T. ) ;
#4421 = EDGE_CURVE ( 'NONE', #2363, #4689, #4718, .T. ) ;
#4422 = VERTEX_POINT ( 'NONE', #4157 ) ;
#4423 = VECTOR ( 'NONE', #418, 39.37007874015748143 ) ;
#4424 = CARTESIAN_POINT ( 'NONE',  ( -0.07874015748031495954, -0.05905511811023622659, 0.2440944881889763884 ) ) ;
#4425 = CARTESIAN_POINT ( 'NONE',  ( 0.02926064059276771434, 0.06820442790992126136, 0.3650872684129921053 ) ) ;
#4426 = VECTOR ( 'NONE', #2732, 39.37007874015748143 ) ;
#4427 = CARTESIAN_POINT ( 'NONE',  ( 0.06444311484344657226, 0.03011721904865102828, 0.3793238329742462667 ) ) ;
#4428 = ORIENTED_EDGE ( 'NONE', *, *, #1074, .F. ) ;
#4429 = CARTESIAN_POINT ( 'NONE',  ( 0.000000000000000000, 0.000000000000000000, 0.2440944881889763884 ) ) ;
#4430 = CARTESIAN_POINT ( 'NONE',  ( -0.02006180656051779337, -0.06799604557076815992, 0.3760875626499118329 ) ) ;
#4431 = DIRECTION ( 'NONE',  ( 0.000000000000000000, 0.000000000000000000, 1.000000000000000000 ) ) ;
#4432 = CARTESIAN_POINT ( 'NONE',  ( -0.09448818897637795144, -0.1948818897637795422, -0.1673228346456692994 ) ) ;
#4433 = CARTESIAN_POINT ( 'NONE',  ( -0.01452150632393484075, -0.06936800781754737244, 0.2936245780811115869 ) ) ;
#4434 = DIRECTION ( 'NONE',  ( 0.000000000000000000, 0.000000000000000000, 1.000000000000000000 ) ) ;
#4435 = CARTESIAN_POINT ( 'NONE',  ( 0.02944937589887457532, 0.06455053602179786076, 0.3224608843053101692 ) ) ;
#4436 = CARTESIAN_POINT ( 'NONE',  ( 0.000000000000000000, 0.000000000000000000, 0.2440944881889763884 ) ) ;
#4437 = ORIENTED_EDGE ( 'NONE', *, *, #949, .T. ) ;
#4438 = VERTEX_POINT ( 'NONE', #659 ) ;
#4439 = CARTESIAN_POINT ( 'NONE',  ( 0.06442837781796330321, -0.04554148929178572502, 0.3484689430898945672 ) ) ;
#4440 = CIRCLE ( 'NONE', #1993, 0.02362204724409448786 ) ;
#4441 = PLANE ( 'NONE',  #275 ) ;
#4442 = CARTESIAN_POINT ( 'NONE',  ( -0.07086614173228346358, 6.639991316787953049E-14, 0.2893388413180736363 ) ) ;
#4443 = CARTESIAN_POINT ( 'NONE',  ( 0.03921844198679891313, 0.05902496724717848364, 0.2826017516573210431 ) ) ;
#4444 = LINE ( 'NONE', #1162, #1817 ) ;
#4445 = AXIS2_PLACEMENT_3D ( 'NONE', #2129, #3548, #1717 ) ;
#4446 = EDGE_CURVE ( 'NONE', #4070, #1501, #1764, .T. ) ;
#4447 = ORIENTED_EDGE ( 'NONE', *, *, #2074, .F. ) ;
#4448 = EDGE_CURVE ( 'NONE', #2141, #2239, #2410, .T. ) ;
#4449 = CARTESIAN_POINT ( 'NONE',  ( -0.05666930379199709017, 0.04355055495885214872, 0.2715974515333601236 ) ) ;
#4450 = ADVANCED_FACE ( 'NONE', ( #1694 ), #859, .T. ) ;
#4451 = DIRECTION ( 'NONE',  ( 0.000000000000000000, 0.000000000000000000, 1.000000000000000000 ) ) ;
#4452 = DIRECTION ( 'NONE',  ( 1.000000000000000000, 0.000000000000000000, 0.000000000000000000 ) ) ;
#4453 = ORIENTED_EDGE ( 'NONE', *, *, #2414, .T. ) ;
#4454 = CARTESIAN_POINT ( 'NONE',  ( -0.06903199014529327882, 0.01856099942491420962, 0.3515516634898096515 ) ) ;
#4455 = CARTESIAN_POINT ( 'NONE',  ( 0.02132142560192069533, -0.06761655823259227205, 0.3779472636530773477 ) ) ;
#4456 = EDGE_CURVE ( 'NONE', #3325, #410, #1021, .T. ) ;
#4457 = FACE_OUTER_BOUND ( 'NONE', #3903, .T. ) ;
#4458 = LINE ( 'NONE', #2611, #3890 ) ;
#4459 = CARTESIAN_POINT ( 'NONE',  ( 0.03048799706831134895, -0.06397759822132470520, 0.2956666685623308699 ) ) ;
#4460 = CARTESIAN_POINT ( 'NONE',  ( 0.07086614173228346358, 0.000000000000000000, 0.2440944881889763884 ) ) ;
#4461 = CARTESIAN_POINT ( 'NONE',  ( 0.01425711232558738405, 0.06944523913574207619, 0.3231556671848318518 ) ) ;
#4462 = CARTESIAN_POINT ( 'NONE',  ( 0.06972762267670327974, -0.01347631329625992476, 0.3222527436389562294 ) ) ;
#4463 = ORIENTED_EDGE ( 'NONE', *, *, #4739, .F. ) ;
#4464 = ORIENTED_EDGE ( 'NONE', *, *, #3100, .F. ) ;
#4465 = CARTESIAN_POINT ( 'NONE',  ( -0.07887761549669942973, 0.001983220512753587367, 0.3404691951081276202 ) ) ;
#4466 = CARTESIAN_POINT ( 'NONE',  ( 0.07169322122421259436, -0.02180940467901968174, 0.3014553786490157261 ) ) ;
#4467 = DIRECTION ( 'NONE',  ( 0.000000000000000000, 0.000000000000000000, 1.000000000000000000 ) ) ;
#4468 = CARTESIAN_POINT ( 'NONE',  ( 0.000000000000000000, 0.000000000000000000, 0.3858267716535432879 ) ) ;
#4469 = CARTESIAN_POINT ( 'NONE',  ( 0.02489992815701774775, 0.06634929655033068585, 0.2832921332732177278 ) ) ;
#4470 = DIRECTION ( 'NONE',  ( 0.000000000000000000, 0.000000000000000000, 1.000000000000000000 ) ) ;
#4471 = ORIENTED_EDGE ( 'NONE', *, *, #2224, .T. ) ;
#4472 = CARTESIAN_POINT ( 'NONE',  ( -0.03568953404203233093, 0.06192187004085287355, 0.2703640997463440665 ) ) ;
#4473 = CARTESIAN_POINT ( 'NONE',  ( 0.000000000000000000, 0.000000000000000000, 0.3858267716515368928 ) ) ;
#4474 = EDGE_CURVE ( 'NONE', #3798, #2782, #580, .T. ) ;
#4475 = CARTESIAN_POINT ( 'NONE',  ( -0.07086614173228346358, -5.202249597309881928E-18, 0.3326796081838216401 ) ) ;
#4476 = ORIENTED_EDGE ( 'NONE', *, *, #1108, .F. ) ;
#4477 = CARTESIAN_POINT ( 'NONE',  ( -0.04021717506487530042, 0.05923671364673620265, 0.2902777147450500417 ) ) ;
#4478 = LINE ( 'NONE', #2007, #3884 ) ;
#4479 = CARTESIAN_POINT ( 'NONE',  ( 0.06992059171771652926, -0.04687847924377952502, 0.3689973772563779897 ) ) ;
#4480 = CARTESIAN_POINT ( 'NONE',  ( 0.07361635194003937621, -0.01351749182327952742, 0.2765998475368897647 ) ) ;
#4481 = CARTESIAN_POINT ( 'NONE',  ( -0.03937007874015747977, -0.1771653543307086520, -0.1850393700787401619 ) ) ;
#4482 = ADVANCED_FACE ( 'NONE', ( #3881 ), #225, .T. ) ;
#4483 = LINE ( 'NONE', #2660, #201 ) ;
#4484 = CARTESIAN_POINT ( 'NONE',  ( 0.05311191499081593936, 0.04840116989557153443, 0.3015233705477253223 ) ) ;
#4485 = ORIENTED_EDGE ( 'NONE', *, *, #4622, .F. ) ;
#4486 = ORIENTED_EDGE ( 'NONE', *, *, #627, .T. ) ;
#4487 = CARTESIAN_POINT ( 'NONE',  ( -0.02241056748770545171, -0.07565606226400523049, 0.3445663418976042669 ) ) ;
#4488 = CARTESIAN_POINT ( 'NONE',  ( -0.04347359031271653962, 0.06103781653059055234, 0.2895557723498425329 ) ) ;
#4489 = CARTESIAN_POINT ( 'NONE',  ( -0.05052275380857260828, 0.04969453049278862306, 0.2869085069248008546 ) ) ;
#4490 = DIRECTION ( 'NONE',  ( 0.000000000000000000, 0.000000000000000000, -1.000000000000000000 ) ) ;
#4491 = PLANE ( 'NONE',  #426 ) ;
#4492 = CARTESIAN_POINT ( 'NONE',  ( -0.1358267716535433156, -0.1161417322834645688, 0.1023622047244094474 ) ) ;
#4493 = EDGE_LOOP ( 'NONE', ( #4543, #264, #4097, #4413 ) ) ;
#4494 = B_SPLINE_CURVE_WITH_KNOTS ( 'NONE', 3,
 ( #3989, #2585, #3630, #4011, #2179, #4130, #4105, #805, #3094, #1990 ),
 .UNSPECIFIED., .F., .F.,
 ( 4, 2, 2, 2, 4 ),
 ( 0.000000000000000000, 0.2499999999999999445, 0.4999999999999998890, 0.7499999999999998890, 1.000000000000000000 ),
 .UNSPECIFIED. ) ;
#4495 = AXIS2_PLACEMENT_3D ( 'NONE', #1305, #920, #2843 ) ;
#4496 = FACE_OUTER_BOUND ( 'NONE', #403, .T. ) ;
#4497 = VECTOR ( 'NONE', #4698, 39.37007874015748143 ) ;
#4498 = CARTESIAN_POINT ( 'NONE',  ( 0.07492780596795275971, 0.03307834738868504348, 0.3509271634260630046 ) ) ;
#4499 = ORIENTED_EDGE ( 'NONE', *, *, #2627, .T. ) ;
#4500 = CIRCLE ( 'NONE', #3279, 0.02362204724409448786 ) ;
#4501 = CARTESIAN_POINT ( 'NONE',  ( -0.002484039288879642381, 0.07082854753042210072, 0.2884972694747277577 ) ) ;
#4502 = DIRECTION ( 'NONE',  ( 0.000000000000000000, 1.000000000000000000, 0.000000000000000000 ) ) ;
#4503 = CARTESIAN_POINT ( 'NONE',  ( -0.05663491286295275345, -0.05771264511716536066, 0.3603580496366535768 ) ) ;
#4504 = VECTOR ( 'NONE', #1413, 39.37007874015748143 ) ;
#4505 = CIRCLE ( 'NONE', #1290, 0.02362204724409448786 ) ;
#4506 = CARTESIAN_POINT ( 'NONE',  ( -0.07126941184220472736, -0.02315683564625197269, 0.3108084008782283636 ) ) ;
#4507 = LINE ( 'NONE', #106, #3378 ) ;
#4508 = AXIS2_PLACEMENT_3D ( 'NONE', #4492, #1184, #1568 ) ;
#4509 = CARTESIAN_POINT ( 'NONE',  ( -0.05666930379199691670, -0.04355055495885237077, 0.3347304115723757079 ) ) ;
#4510 = ADVANCED_FACE ( 'NONE', ( #1075 ), #2556, .T. ) ;
#4511 = CARTESIAN_POINT ( 'NONE',  ( -0.1377952755905511861, -0.2165354330708661457, -0.2440944881889763884 ) ) ;
#4512 = ORIENTED_EDGE ( 'NONE', *, *, #3316, .T. ) ;
#4513 = ORIENTED_EDGE ( 'NONE', *, *, #3811, .F. ) ;
#4514 = CARTESIAN_POINT ( 'NONE',  ( 0.07846166647636666769, 0.008225072595359962657, 0.3507334578444868400 ) ) ;
#4515 = CARTESIAN_POINT ( 'NONE',  ( -0.07323691380303150311, -0.02767393147372047141, 0.3164923440640550756 ) ) ;
#4516 = LINE ( 'NONE', #2031, #2659 ) ;
#4517 = SURFACE_SIDE_STYLE ('',( #2394 ) ) ;
#4518 = DIRECTION ( 'NONE',  ( -1.000000000000000000, 0.000000000000000000, 0.000000000000000000 ) ) ;
#4519 = DIRECTION ( 'NONE',  ( -1.000000000000000000, 0.000000000000000000, 0.000000000000000000 ) ) ;
#4520 = ORIENTED_EDGE ( 'NONE', *, *, #1615, .T. ) ;
#4521 = CARTESIAN_POINT ( 'NONE',  ( -0.1377952755905511861, -0.1968503937007874127, -0.2047244094488188948 ) ) ;
#4522 = CARTESIAN_POINT ( 'NONE',  ( 0.06640976682107269102, -0.02475251322709073540, 0.3374543076903585570 ) ) ;
#4523 = AXIS2_PLACEMENT_3D ( 'NONE', #4631, #3974, #3150 ) ;
#4524 = B_SPLINE_CURVE_WITH_KNOTS ( 'NONE', 3,
 ( #4744, #2999, #1121, #2177, #4101, #1867, #346, #446, #376, #1556, #2582, #58, #3357, #4363, #1147, #734, #29, #417 ),
 .UNSPECIFIED., .F., .F.,
 ( 4, 2, 2, 2, 2, 2, 2, 2, 4 ),
 ( 0.000000000000000000, 0.1250000000000000000, 0.2500000000000000000, 0.3750000000000000000, 0.5000000000000000000, 0.6250000000000000000, 0.7500000000000000000, 0.8750000000000000000, 1.000000000000000000 ),
 .UNSPECIFIED. ) ;
#4525 = CARTESIAN_POINT ( 'NONE',  ( 0.06685315749759056236, 0.02430909062557797679, 0.3790404877333397038 ) ) ;
#4526 = ORIENTED_EDGE ( 'NONE', *, *, #4299, .F. ) ;
#4527 = CARTESIAN_POINT ( 'NONE',  ( -0.1358267716535433156, 0.08031496062992127261, -0.1062992125984252023 ) ) ;
#4528 = FACE_OUTER_BOUND ( 'NONE', #2379, .T. ) ;
#4529 = CARTESIAN_POINT ( 'NONE',  ( -0.07830214524011810950, 0.03090720001669684802, 0.3598274297497637275 ) ) ;
#4530 = CARTESIAN_POINT ( 'NONE',  ( 0.06774753899637794841, -0.02781292079600787559, 0.2759387582980314946 ) ) ;
#4531 = CARTESIAN_POINT ( 'NONE',  ( 0.01854903588567236375, 0.06902169331805571573, 0.3623681371307178600 ) ) ;
#4532 = CARTESIAN_POINT ( 'NONE',  ( 0.03568953404203246971, -0.06192187004085276947, 0.3392421790271947235 ) ) ;
#4533 = EDGE_CURVE ( 'NONE', #1933, #2935, #1750, .T. ) ;
#4534 = DIRECTION ( 'NONE',  ( 0.000000000000000000, 0.000000000000000000, 1.000000000000000000 ) ) ;
#4535 = EDGE_CURVE ( 'NONE', #4070, #3869, #1844, .T. ) ;
#4536 = ORIENTED_EDGE ( 'NONE', *, *, #2907, .T. ) ;
#4537 = DIRECTION ( 'NONE',  ( 0.000000000000000000, 0.000000000000000000, 1.000000000000000000 ) ) ;
#4538 = CARTESIAN_POINT ( 'NONE',  ( 0.07058626915248031319, -0.02516240666035432852, 0.2816227014837007769 ) ) ;
#4539 = CARTESIAN_POINT ( 'NONE',  ( -0.1377952755905511861, -0.1161417322834645688, 0.07677165354330708902 ) ) ;
#4540 = LINE ( 'NONE', #1251, #4426 ) ;
#4541 = CARTESIAN_POINT ( 'NONE',  ( -0.03567765594449529010, -0.06192897100457827458, 0.2965989383614187624 ) ) ;
#4542 = LINE ( 'NONE', #2292, #2205 ) ;
#4543 = ORIENTED_EDGE ( 'NONE', *, *, #3929, .F. ) ;
#4544 = EDGE_CURVE ( 'NONE', #1561, #3325, #1046, .T. ) ;
#4545 = CARTESIAN_POINT ( 'NONE',  ( 0.07085944316896161665, -1.819790231955586740E-07, 0.2637862235489247809 ) ) ;
#4546 = CARTESIAN_POINT ( 'NONE',  ( 0.05104941734922741059, -0.04915672294991237090, 0.3361704169279501886 ) ) ;
#4547 = CARTESIAN_POINT ( 'NONE',  ( 0.0004877961199930280767, -0.07086462968232565274, 0.2943108679622221668 ) ) ;
#4548 = CARTESIAN_POINT ( 'NONE',  ( -0.0003342670737426053549, -0.07338196543518370196, 0.3789255821901732491 ) ) ;
#4549 = ORIENTED_EDGE ( 'NONE', *, *, #2599, .F. ) ;
#4550 = CARTESIAN_POINT ( 'NONE',  ( -0.06930548169407470260, 0.03154656529576743695, 0.3755770547525809078 ) ) ;
#4551 = CARTESIAN_POINT ( 'NONE',  ( -0.08464566929133858497, -0.1968503937007874127, 0.01771653543307086590 ) ) ;
#4552 = CARTESIAN_POINT ( 'NONE',  ( 0.06969651316779527928, 0.03459956542626378001, 0.3297915579480709125 ) ) ;
#4553 = CARTESIAN_POINT ( 'NONE',  ( -0.07445924000980315427, -0.02419327364542519718, 0.3076710417624409222 ) ) ;
#4554 = CARTESIAN_POINT ( 'NONE',  ( 0.06192186480645998914, 0.03568954384228228277, 0.3599078827064460251 ) ) ;
#4555 = CARTESIAN_POINT ( 'NONE',  ( 0.03937007874015747977, -0.3740157480314960647, 0.01968503937007873988 ) ) ;
#4556 = CARTESIAN_POINT ( 'NONE',  ( 0.06573294010249264296, 0.02736628240114928265, 0.3004303713961842259 ) ) ;
#4557 = ORIENTED_EDGE ( 'NONE', *, *, #4612, .T. ) ;
#4558 = EDGE_CURVE ( 'NONE', #239, #2161, #1687, .T. ) ;
#4559 = FACE_OUTER_BOUND ( 'NONE', #4627, .T. ) ;
#4560 = LINE ( 'NONE', #1297, #2977 ) ;
#4561 = CARTESIAN_POINT ( 'NONE',  ( -0.03937007874015747977, -0.3740157480314960647, 0.1889763779527559029 ) ) ;
#4562 = EDGE_LOOP ( 'NONE', ( #4330, #2911, #2519, #4037 ) ) ;
#4563 = VERTEX_POINT ( 'NONE', #1502 ) ;
#4564 = UNCERTAINTY_MEASURE_WITH_UNIT (LENGTH_MEASURE( 1.000000000000000082E-05 ), #1233, 'distance_accuracy_value', 'NONE');
#4565 = CARTESIAN_POINT ( 'NONE',  ( 0.000000000000000000, -0.3661417322834645272, -0.1692913385826771699 ) ) ;
#4566 = CARTESIAN_POINT ( 'NONE',  ( 0.06574912584770115087, -0.02644052894650808158, 0.3373704391563465688 ) ) ;
#4567 = EDGE_CURVE ( 'NONE', #2734, #595, #3405, .T. ) ;
#4568 = CARTESIAN_POINT ( 'NONE',  ( -0.05539803248151802667, -0.04419387093019875451, 0.2914518822752488192 ) ) ;
#4569 = CARTESIAN_POINT ( 'NONE',  ( 0.06299932780211872640, -0.03248338719920944306, 0.2977061389089878940 ) ) ;
#4570 = ORIENTED_EDGE ( 'NONE', *, *, #340, .T. ) ;
#4571 = FACE_OUTER_BOUND ( 'NONE', #3419, .T. ) ;
#4572 = AXIS2_PLACEMENT_3D ( 'NONE', #142, #4160, #2713 ) ;
#4573 = PLANE ( 'NONE',  #2903 ) ;
#4574 = CARTESIAN_POINT ( 'NONE',  ( 0.07666916479204724522, 0.02106063130645668968, 0.3323175872300787037 ) ) ;
#4575 = CARTESIAN_POINT ( 'NONE',  ( 0.04940046482452756932, 0.05188428484917323447, 0.3418795951040944359 ) ) ;
#4576 = AXIS2_PLACEMENT_3D ( 'NONE', #4658, #3870, #1705 ) ;
#4577 = CARTESIAN_POINT ( 'NONE',  ( -0.05946435514208662371, 0.04642522500074803410, 0.3439800968807087411 ) ) ;
#4578 = AXIS2_PLACEMENT_3D ( 'NONE', #1505, #2905, #4103 ) ;
#4579 = CARTESIAN_POINT ( 'NONE',  ( 0.06902168574814843138, -0.01854906267112982690, 0.3417031430934596714 ) ) ;
#4580 = CARTESIAN_POINT ( 'NONE',  ( 0.01430748735729546299, -0.06940725500103595014, 0.3185653649486097638 ) ) ;
#4581 = AXIS2_PLACEMENT_3D ( 'NONE', #1636, #1617, #3081 ) ;
#4582 = DIRECTION ( 'NONE',  ( 1.000000000000000000, 0.000000000000000000, 0.000000000000000000 ) ) ;
#4583 = DIRECTION ( 'NONE',  ( 1.000000000000000000, 0.000000000000000000, 0.000000000000000000 ) ) ;
#4584 = DIRECTION ( 'NONE',  ( 0.000000000000000000, 1.000000000000000000, 0.000000000000000000 ) ) ;
#4585 = EDGE_LOOP ( 'NONE', ( #4084, #3738 ) ) ;
#4586 = VERTEX_POINT ( 'NONE', #1601 ) ;
#4587 = CARTESIAN_POINT ( 'NONE',  ( -0.07951184141496062119, -0.03004502970470866383, 0.3227670622955904900 ) ) ;
#4588 = CARTESIAN_POINT ( 'NONE',  ( 0.01430608867488312834, -0.06940198679243451962, 0.3342874409830840499 ) ) ;
#4589 = CARTESIAN_POINT ( 'NONE',  ( -0.006497074670749859553, -0.07086927261421642477, 0.2940012836558648646 ) ) ;
#4590 = CARTESIAN_POINT ( 'NONE',  ( 0.07006057241698626648, -0.01066019179667527725, 0.2987164433838264133 ) ) ;
#4591 = VERTEX_POINT ( 'NONE', #3448 ) ;
#4592 = EDGE_CURVE ( 'NONE', #2590, #4752, #2762, .T. ) ;
#4593 = CARTESIAN_POINT ( 'NONE',  ( 0.04752896964471635399, 0.05258235067453309597, 0.3057841703407433442 ) ) ;
#4594 = CARTESIAN_POINT ( 'NONE',  ( 0.05097263123322834377, 0.05842531030657480834, 0.3278768584998425495 ) ) ;
#4595 = CARTESIAN_POINT ( 'NONE',  ( 0.001201605672955511749, 0.08499055196334646956, 0.2954465203813385621 ) ) ;
#4596 = CARTESIAN_POINT ( 'NONE',  ( 0.06605805996141732306, 0.02916262430198031386, 0.3603392407733465030 ) ) ;
#4597 = ORIENTED_EDGE ( 'NONE', *, *, #1492, .T. ) ;
#4598 = ADVANCED_FACE ( 'NONE', ( #56 ), #2722, .F. ) ;
#4599 = CARTESIAN_POINT ( 'NONE',  ( -0.05926281597185275446, -0.03892307647960649430, 0.3738888635459005627 ) ) ;
#4600 = CARTESIAN_POINT ( 'NONE',  ( -0.1377952755905511861, 0.1574803149606299191, -0.2244094488188976555 ) ) ;
#4601 = CARTESIAN_POINT ( 'NONE',  ( 0.004800009335390671011, -0.07071288038678770482, 0.3181270289560819697 ) ) ;
#4602 = CARTESIAN_POINT ( 'NONE',  ( -0.03937007874015747977, -0.3740157480314960647, -1.038248460694094488 ) ) ;
#4603 = CARTESIAN_POINT ( 'NONE',  ( -0.09448818897637795144, -0.1968503937007874127, 0.01771653543307086590 ) ) ;
#4604 = PLANE ( 'NONE',  #1655 ) ;
#4605 = ORIENTED_EDGE ( 'NONE', *, *, #3954, .T. ) ;
#4606 = ORIENTED_EDGE ( 'NONE', *, *, #1615, .F. ) ;
#4607 = CARTESIAN_POINT ( 'NONE',  ( 0.05438665653157480351, 0.06532416050984252154, 0.2751686370988188912 ) ) ;
#4608 = CARTESIAN_POINT ( 'NONE',  ( 0.06955291493509900558, -0.01357994567361449877, 0.3379751858650325014 ) ) ;
#4609 = FACE_OUTER_BOUND ( 'NONE', #3436, .T. ) ;
#4610 = CARTESIAN_POINT ( 'NONE',  ( 0.03393167321033897788, -0.06380251072367905396, 0.3797628900853730061 ) ) ;
#4611 = EDGE_LOOP ( 'NONE', ( #3850, #3832, #1248, #4016 ) ) ;
#4612 = EDGE_CURVE ( 'NONE', #1762, #930, #153, .T. ) ;
#4613 = CARTESIAN_POINT ( 'NONE',  ( -0.06192197387802105685, 0.03568933962923573344, 0.3113739736550035775 ) ) ;
#4614 = CARTESIAN_POINT ( 'NONE',  ( 0.03950414430472441035, 0.06282874853870079601, 0.3449133838985433131 ) ) ;
#4615 = CARTESIAN_POINT ( 'NONE',  ( -0.07764906817724410992, -0.02522971164504724320, 0.3045336826466929492 ) ) ;
#4616 = LINE ( 'NONE', #2769, #2304 ) ;
#4617 = ORIENTED_EDGE ( 'NONE', *, *, #3963, .T. ) ;
#4618 = CARTESIAN_POINT ( 'NONE',  ( -0.1370078740157480435, -0.1161417322834645688, 0.1023622047244094474 ) ) ;
#4619 = CARTESIAN_POINT ( 'NONE',  ( -0.03759663043858301607, -0.06010152355778169975, 0.3752255154530257930 ) ) ;
#4620 = CARTESIAN_POINT ( 'NONE',  ( 0.02657166238407746017, -0.06631273512063849684, 0.3151649011806519907 ) ) ;
#4621 = DIRECTION ( 'NONE',  ( 0.000000000000000000, 0.000000000000000000, 1.000000000000000000 ) ) ;
#4622 = EDGE_CURVE ( 'NONE', #1913, #566, #4169, .T. ) ;
#4623 = CARTESIAN_POINT ( 'NONE',  ( 0.05102089940318942779, -0.04918645982214704671, 0.3204425802421277947 ) ) ;
#4624 = CARTESIAN_POINT ( 'NONE',  ( -0.05285476833599071778, 0.04722106691868861728, 0.3264357375317112897 ) ) ;
#4625 = FACE_OUTER_BOUND ( 'NONE', #1490, .T. ) ;
#4626 = LINE ( 'NONE', #3966, #1203 ) ;
#4627 = EDGE_LOOP ( 'NONE', ( #3493, #1447, #2396, #4699 ) ) ;
#4628 = ORIENTED_EDGE ( 'NONE', *, *, #489, .F. ) ;
#4629 = CARTESIAN_POINT ( 'NONE',  ( 0.08248935725519686291, 0.02048441045485826714, 0.2731853693823228513 ) ) ;
#4630 = CARTESIAN_POINT ( 'NONE',  ( -0.02564660766829800556, -0.06606280986469698080, 0.3324769630446813284 ) ) ;
#4631 = CARTESIAN_POINT ( 'NONE',  ( -0.1377952755905511861, -0.1771653543307086520, -0.2440944881889763884 ) ) ;
#4632 = CARTESIAN_POINT ( 'NONE',  ( -0.01798053910504194067, -0.07149187090803696409, 0.3785312032471924715 ) ) ;
#4633 = VERTEX_POINT ( 'NONE', #3039 ) ;
#4634 = CARTESIAN_POINT ( 'NONE',  ( 0.04572150517743134301, 0.05493341855186853473, 0.2862132159276923882 ) ) ;
#4635 = CARTESIAN_POINT ( 'NONE',  ( -0.04930717600277213092, 0.05091317913430545850, 0.3104988616772819676 ) ) ;
#4636 = CARTESIAN_POINT ( 'NONE',  ( 0.04232134974763780005, -0.06890104269921260016, 0.3841999131537007783 ) ) ;
#4637 = CARTESIAN_POINT ( 'NONE',  ( 0.05438665653157480351, 0.06532416050984252154, 0.2736305754995669304 ) ) ;
#4638 = CARTESIAN_POINT ( 'NONE',  ( 0.02644450022240157558, 0.07065427116283465314, 0.3400135614476378354 ) ) ;
#4639 = ORIENTED_EDGE ( 'NONE', *, *, #1607, .T. ) ;
#4640 = DIRECTION ( 'NONE',  ( 0.000000000000000000, 0.000000000000000000, 1.000000000000000000 ) ) ;
#4641 = CARTESIAN_POINT ( 'NONE',  ( -0.07084147510900361266, -0.002808288037297996653, 0.3721928760498883215 ) ) ;
#4642 = CARTESIAN_POINT ( 'NONE',  ( -0.07086614173228346358, 8.678599364036359818E-18, 0.2440944881889763884 ) ) ;
#4643 = CIRCLE ( 'NONE', #1584, 0.05905511810969048259 ) ;
#4644 = VECTOR ( 'NONE', #2446, 39.37007874015748143 ) ;
#4645 = CARTESIAN_POINT ( 'NONE',  ( -0.08464566929133858497, -0.1968503937007874127, 0.1870078740157480324 ) ) ;
#4646 = CARTESIAN_POINT ( 'NONE',  ( 0.008262415075625339708, -0.07042093817836959924, 0.3182833487698708552 ) ) ;
#4647 = VECTOR ( 'NONE', #2972, 39.37007874015748143 ) ;
#4648 = EDGE_CURVE ( 'NONE', #4282, #4045, #2364, .T. ) ;
#4649 = CARTESIAN_POINT ( 'NONE',  ( -0.04425389271538759245, 0.05534976605074145434, 0.3259319561365016105 ) ) ;
#4650 = AXIS2_PLACEMENT_3D ( 'NONE', #3504, #1271, #4582 ) ;
#4651 = VECTOR ( 'NONE', #1254, 39.37007874015748143 ) ;
#4652 = CARTESIAN_POINT ( 'NONE',  ( 0.07086614173228346358, 0.000000000000000000, 0.2440944881889763884 ) ) ;
#4653 = CARTESIAN_POINT ( 'NONE',  ( 0.03937007874015747977, -0.3740157480314960647, -1.065259842546456781 ) ) ;
#4654 = EDGE_LOOP ( 'NONE', ( #609, #2721, #1837, #2835 ) ) ;
#4655 = ORIENTED_EDGE ( 'NONE', *, *, #2414, .F. ) ;
#4656 = CARTESIAN_POINT ( 'NONE',  ( -0.009282869824840438155, -0.07086579431460555967, 0.3568787097068124581 ) ) ;
#4657 = EDGE_CURVE ( 'NONE', #2101, #931, #3459, .T. ) ;
#4658 = CARTESIAN_POINT ( 'NONE',  ( 0.000000000000000000, 0.000000000000000000, 0.3858267716540849102 ) ) ;
#4659 = CARTESIAN_POINT ( 'NONE',  ( -0.04984210257008299394, -0.05037641615490495717, 0.3311924143810489052 ) ) ;
#4660 = FACE_BOUND ( 'NONE', #2577, .T. ) ;
#4661 = CARTESIAN_POINT ( 'NONE',  ( 0.05504968385703559036, -0.04464873601953253668, 0.2970480394225220588 ) ) ;
#4662 = ORIENTED_EDGE ( 'NONE', *, *, #4394, .F. ) ;
#4663 = CARTESIAN_POINT ( 'NONE',  ( 0.02089412560856794554, 0.06773292098339767087, 0.3071683550486427050 ) ) ;
#4664 = CARTESIAN_POINT ( 'NONE',  ( 0.07774384411129921235, -0.003260150032437007794, 0.3872565623225197595 ) ) ;
#4665 = CARTESIAN_POINT ( 'NONE',  ( -0.003203629286906299438, -0.08493865093988189896, 0.2855301817987008217 ) ) ;
#4666 = CARTESIAN_POINT ( 'NONE',  ( 0.04573494394830708576, 0.05587836895208661558, 0.3814940964164173498 ) ) ;
#4667 = ORIENTED_EDGE ( 'NONE', *, *, #1840, .T. ) ;
#4668 = CARTESIAN_POINT ( 'NONE',  ( 0.06369242165591929017, 0.04627521176796574320, 0.3326775795002799296 ) ) ;
#4669 = CARTESIAN_POINT ( 'NONE',  ( -0.07012412809193868668, -0.01027404086616724894, 0.3725236782318505635 ) ) ;
#4670 = LINE ( 'NONE', #2904, #1893 ) ;
#4671 = DIRECTION ( 'NONE',  ( 1.000000000000000000, 0.000000000000000000, 0.000000000000000000 ) ) ;
#4672 = CARTESIAN_POINT ( 'NONE',  ( 0.01550721040858448092, -0.06915160575104642438, 0.3186220615156155622 ) ) ;
#4673 = EDGE_CURVE ( 'NONE', #2127, #811, #3833, .T. ) ;
#4674 = CARTESIAN_POINT ( 'NONE',  ( -0.01436096015663372930, 0.06939496499319733336, 0.3244448689173740630 ) ) ;
#4675 = LINE ( 'NONE', #1777, #3664 ) ;
#4676 = DIRECTION ( 'NONE',  ( 0.000000000000000000, 0.000000000000000000, 1.000000000000000000 ) ) ;
#4677 = EDGE_LOOP ( 'NONE', ( #2624, #1946, #3983, #184, #2063, #2555, #1816, #97 ) ) ;
#4678 = EDGE_LOOP ( 'NONE', ( #1378, #4062, #1453, #3339 ) ) ;
#4679 = CARTESIAN_POINT ( 'NONE',  ( -0.07208122162919895770, 0.03209980334145776104, 0.3589180355120910049 ) ) ;
#4680 = CARTESIAN_POINT ( 'NONE',  ( 0.04891872827917322780, -0.06536722544129920653, 0.3057468291640157432 ) ) ;
#4681 = CARTESIAN_POINT ( 'NONE',  ( -0.06596816946469430398, -0.02592254329194203233, 0.3299133717196823801 ) ) ;
#4682 = CARTESIAN_POINT ( 'NONE',  ( -0.1377952755905511861, -0.1948818897637795422, 0.2047244094488188948 ) ) ;
#4683 = EDGE_CURVE ( 'NONE', #4045, #1945, #1553, .T. ) ;
#4684 = ORIENTED_EDGE ( 'NONE', *, *, #1521, .F. ) ;
#4685 = CARTESIAN_POINT ( 'NONE',  ( -0.04594709769285112294, 0.05395258468991482453, 0.3102863446154672245 ) ) ;
#4686 = CARTESIAN_POINT ( 'NONE',  ( 0.07240338658846456887, 0.01100169140613385665, 0.3847305330405512147 ) ) ;
#4687 = CARTESIAN_POINT ( 'NONE',  ( -0.07637437760889763394, -0.02885948058942519948, 0.3243663598120866132 ) ) ;
#4688 = CARTESIAN_POINT ( 'NONE',  ( -0.07954030397807085317, 0.01953697359445276047, 0.3390275571268503985 ) ) ;
#4689 = VERTEX_POINT ( 'NONE', #2342 ) ;
#4690 = CARTESIAN_POINT ( 'NONE',  ( -0.1358267716535433156, 0.08031496062992127261, -0.1062992125984252023 ) ) ;
#4691 = CARTESIAN_POINT ( 'NONE',  ( -0.06047571112325363790, -0.03694189041452428796, 0.3737827613047994824 ) ) ;
#4692 = CARTESIAN_POINT ( 'NONE',  ( 0.003335248716863190629, -0.07079139829521291505, 0.3141244521156050795 ) ) ;
#4693 = DIRECTION ( 'NONE',  ( 0.000000000000000000, 0.000000000000000000, 1.000000000000000000 ) ) ;
#4694 = DIRECTION ( 'NONE',  ( 0.000000000000000000, 0.000000000000000000, 1.000000000000000000 ) ) ;
#4695 = APPLICATION_CONTEXT ( 'automotive_design' ) ;
#4696 = CARTESIAN_POINT ( 'NONE',  ( -0.01185972731594065258, 0.06986088442605044302, 0.3243373078403558041 ) ) ;
#4697 = DIRECTION ( 'NONE',  ( 1.000000000000000000, 0.000000000000000000, 0.000000000000000000 ) ) ;
#4698 = DIRECTION ( 'NONE',  ( 0.000000000000000000, 0.000000000000000000, 1.000000000000000000 ) ) ;
#4699 = ORIENTED_EDGE ( 'NONE', *, *, #945, .F. ) ;
#4700 = EDGE_LOOP ( 'NONE', ( #1156, #3124, #2665, #4570 ) ) ;
#4701 = CARTESIAN_POINT ( 'NONE',  ( 0.07248762989273914437, -0.03239608742066896196, 0.3687688709255130259 ) ) ;
#4702 = CARTESIAN_POINT ( 'NONE',  ( -0.04571935412972440854, -0.06355496495539371404, 0.2986429346151968645 ) ) ;
#4703 = CARTESIAN_POINT ( 'NONE',  ( 0.005496034386388544760, -0.07066159470535085529, 0.3339049824858054683 ) ) ;
#4704 = DIRECTION ( 'NONE',  ( 1.000000000000000000, 0.000000000000000000, 0.000000000000000000 ) ) ;
#4705 = DIRECTION ( 'NONE',  ( 1.000000000000000000, 0.000000000000000000, 0.000000000000000000 ) ) ;
#4706 = ORIENTED_EDGE ( 'NONE', *, *, #3222, .F. ) ;
#4707 = DIRECTION ( 'NONE',  ( -1.000000000000000000, 0.000000000000000000, 0.000000000000000000 ) ) ;
#4708 = EDGE_CURVE ( 'NONE', #2183, #1874, #243, .T. ) ;
#4709 = DIRECTION ( 'NONE',  ( 0.000000000000000000, -1.000000000000000000, 0.000000000000000000 ) ) ;
#4710 = CARTESIAN_POINT ( 'NONE',  ( 0.06156723539184071753, 0.04473091578928466150, 0.3300591302865384935 ) ) ;
#4711 = CARTESIAN_POINT ( 'NONE',  ( -0.07738513607696849428, -0.01417490992891338661, 0.3434870947203150227 ) ) ;
#4712 = ORIENTED_EDGE ( 'NONE', *, *, #2252, .T. ) ;
#4713 = CARTESIAN_POINT ( 'NONE',  ( 0.07084353429922163325, 0.009275943432468874983, 0.3429374447507559931 ) ) ;
#4714 = CARTESIAN_POINT ( 'NONE',  ( 0.003388692402767306492, -0.07078967167102007130, 0.3771240510398089496 ) ) ;
#4715 = DIRECTION ( 'NONE',  ( 1.000000000000000000, 0.000000000000000000, 0.000000000000000000 ) ) ;
#4716 = CARTESIAN_POINT ( 'NONE',  ( 0.03937007874015747977, -0.1771653543307086520, -0.1850393700787401619 ) ) ;
#4717 = DIRECTION ( 'NONE',  ( 0.000000000000000000, 0.000000000000000000, 1.000000000000000000 ) ) ;
#4718 = B_SPLINE_CURVE_WITH_KNOTS ( 'NONE', 3,
 ( #3572, #2848, #610, #4668 ),
 .UNSPECIFIED., .F., .F.,
 ( 4, 4 ),
 ( 0.000000000000000000, 1.000000000000000000 ),
 .UNSPECIFIED. ) ;
#4719 = VECTOR ( 'NONE', #208, 39.37007874015748143 ) ;
#4720 = CARTESIAN_POINT ( 'NONE',  ( -0.06646546437497739823, 0.02461629623205899633, 0.3276220990922829590 ) ) ;
#4721 = FACE_OUTER_BOUND ( 'NONE', #871, .T. ) ;
#4722 = CARTESIAN_POINT ( 'NONE',  ( -0.1358267716535433156, -0.03149606299212598381, -0.2440944881889763884 ) ) ;
#4723 = VECTOR ( 'NONE', #1996, 39.37007874015748143 ) ;
#4724 = ORIENTED_EDGE ( 'NONE', *, *, #2422, .T. ) ;
#4725 = VERTEX_POINT ( 'NONE', #1326 ) ;
#4726 = CARTESIAN_POINT ( 'NONE',  ( 0.01338585197593136766, -0.07774924483858342006, 0.3657001146084199461 ) ) ;
#4727 = AXIS2_PLACEMENT_3D ( 'NONE', #2370, #3456, #3095 ) ;
#4728 = CARTESIAN_POINT ( 'NONE',  ( 0.0007694751889511811322, -0.08164143584263780506, 0.3037635614474803458 ) ) ;
#4729 = VECTOR ( 'NONE', #3763, 39.37007874015748143 ) ;
#4730 = CARTESIAN_POINT ( 'NONE',  ( -0.02694564809661254001, -0.06554355994301649946, 0.3324171820525200771 ) ) ;
#4731 = CARTESIAN_POINT ( 'NONE',  ( 0.01663074364325262122, 0.06894701782549886304, 0.2836861713847968480 ) ) ;
#4732 = DIRECTION ( 'NONE',  ( 1.000000000000000000, 0.000000000000000000, 0.000000000000000000 ) ) ;
#4733 = ORIENTED_EDGE ( 'NONE', *, *, #2484, .T. ) ;
#4734 = VECTOR ( 'NONE', #4170, 39.37007874015748143 ) ;
#4735 = DIRECTION ( 'NONE',  ( 0.000000000000000000, 0.000000000000000000, -1.000000000000000000 ) ) ;
#4736 = CARTESIAN_POINT ( 'NONE',  ( 0.07870993927996582096, 7.596881436390119345E-08, 0.2716531433858972444 ) ) ;
#4737 = EDGE_CURVE ( 'NONE', #3481, #2218, #2047, .T. ) ;
#4738 = LINE ( 'NONE', #3282, #3977 ) ;
#4739 = EDGE_CURVE ( 'NONE', #2101, #2814, #2817, .T. ) ;
#4740 = CARTESIAN_POINT ( 'NONE',  ( 0.07450622615019684980, -0.03401728146117716928, 0.3482828064706693372 ) ) ;
#4741 = ORIENTED_EDGE ( 'NONE', *, *, #1133, .T. ) ;
#4742 = DIRECTION ( 'NONE',  ( 0.000000000000000000, 0.000000000000000000, 1.000000000000000000 ) ) ;
#4743 = CARTESIAN_POINT ( 'NONE',  ( 0.004886719358128553160, -0.07069811616260315845, 0.3771926986701858997 ) ) ;
#4744 = CARTESIAN_POINT ( 'NONE',  ( -0.07086463617076318999, -6.634278630303562406E-08, 0.3681087307873528447 ) ) ;
#4745 = CARTESIAN_POINT ( 'NONE',  ( -0.08464566929133858497, -0.1771653543307086520, 0.1870078740157480324 ) ) ;
#4746 = CARTESIAN_POINT ( 'NONE',  ( -0.04968852565826616108, -0.05052826442885130498, 0.3155032259907270542 ) ) ;
#4747 = ADVANCED_FACE ( 'NONE', ( #4571 ), #961, .F. ) ;
#4748 = CARTESIAN_POINT ( 'NONE',  ( 0.01755261549577301350, 0.06865857947652295734, 0.3230025022007790847 ) ) ;
#4749 = AXIS2_PLACEMENT_3D ( 'NONE', #2635, #1630, #1245 ) ;
#4750 = DIRECTION ( 'NONE',  ( 1.000000000000000000, 0.000000000000000000, 0.000000000000000000 ) ) ;
#4751 = CARTESIAN_POINT ( 'NONE',  ( -0.03937007874015747977, -0.1968503937007874127, 0.1889763779527559029 ) ) ;
#4752 = VERTEX_POINT ( 'NONE', #918 ) ;
#4753 = EDGE_LOOP ( 'NONE', ( #2211, #4706, #2639, #4135 ) ) ;
#4754 = B_SPLINE_CURVE_WITH_KNOTS ( 'NONE', 3,
 ( #3154, #4303, #3876, #4613, #218, #4635, #2766, #2478, #266, #1015, #3229, #4685, #1380, #2025, #604, #2048, #4211, #3950, #4278, #2788, #1736, #4227, #3567, #2385, #653, #1327, #3906, #2432, #1712, #3543, #937, #3593, #2122, #3206, #3858, #2405, #3134, #1352, #2073, #1763, #4663, #241, #555, #292, #3176, #3494, #1404, #194, #1664, #576, #3519, #1689, #4593, #2818, #4249, #963, #991, #2455, #3928, #629, #2096, #3979, #3621, #1037, #3669, #4024, #4355, #4400, #389, #1115, #3252, #23, #3280 ),
 .UNSPECIFIED., .F., .F.,
 ( 4, 2, 2, 1, 2, 2, 1, 2, 2, 2, 1, 2, 2, 1, 2, 2, 2, 1, 1, 1, 1, 2, 2, 2, 2, 1, 1, 2, 2, 2, 2, 1, 1, 1, 2, 2, 2, 2, 2, 1, 1, 2, 2, 4 ),
 ( 0.000000000000000000, 0.1250000000000084099, 0.2500000000000168199, 0.2656250000000178746, 0.2734375000000183187, 0.2753906250000184297, 0.2773437500000184852, 0.2812500000000183187, 0.3125000000000172085, 0.3437500000000160982, 0.3476562500000159317, 0.3496093750000159317, 0.3515625000000158762, 0.3593750000000157097, 0.3750000000000151545, 0.5000000000000107692, 0.5312500000000096589, 0.5468750000000089928, 0.5546875000000087708, 0.5585937500000086597, 0.5605468750000085487, 0.5615234375000084377, 0.5625000000000084377, 0.5937500000000078826, 0.6093750000000075495, 0.6171875000000074385, 0.6210937500000073275, 0.6230468750000074385, 0.6250000000000074385, 0.6875000000000061062, 0.7187500000000054401, 0.7343750000000049960, 0.7421875000000048850, 0.7460937500000047740, 0.7480468750000046629, 0.7500000000000045519, 0.8125000000000031086, 0.8437500000000023315, 0.8593750000000019984, 0.8671875000000018874, 0.8710937500000017764, 0.8730468750000016653, 0.8750000000000015543, 1.000000000000000000 ),
 .UNSPECIFIED. ) ;
#4755 = CARTESIAN_POINT ( 'NONE',  ( -0.1377952755905511861, -0.1161417322834645688, 0.1279527559055118058 ) ) ;
#4756 = CARTESIAN_POINT ( 'NONE',  ( 0.05009456208724409609, 0.06016889846051180768, 0.2688939188672834768 ) ) ;
#4757 = CARTESIAN_POINT ( 'NONE',  ( -0.05035163081261093826, 0.04986823710935905929, 0.2868981207755331719 ) ) ;
#4758 = CARTESIAN_POINT ( 'NONE',  ( 0.06571980041955181873, 0.02726497741409375855, 0.2807430521851715377 ) ) ;
#4759 = CARTESIAN_POINT ( 'NONE',  ( -0.03937007874015747977, -0.1771653543307086520, 0.1889763779527559029 ) ) ;
#4760 = ORIENTED_EDGE ( 'NONE', *, *, #210, .F. ) ;
ENDSEC;
END-ISO-10303-21;
