ISO-10303-21;
HEADER;
FILE_DESCRIPTION(('FreeCAD Model'),'2;1');
FILE_NAME('Open CASCADE Shape Model','2026-10-05T12:47:26',(''),(''),
  'Open CASCADE STEP processor 7.8','FreeCAD','Unknown');
FILE_SCHEMA((
'AP242_MANAGED_MODEL_BASED_3D_ENGINEERING_MIM_LF. {1 0 10303 442 1 1 4 
}'));
ENDSEC;
DATA;
#1 = APPLICATION_PROTOCOL_DEFINITION('international standard',
  'ap242_managed_model_based_3d_engineering',2013,#2);
#2 = APPLICATION_CONTEXT('Managed model based 3d engineering');
#3 = SHAPE_DEFINITION_REPRESENTATION(#4,#10);
#4 = PRODUCT_DEFINITION_SHAPE('','',#5);
#5 = PRODUCT_DEFINITION('design','',#6,#9);
#6 = PRODUCT_DEFINITION_FORMATION('','',#7);
#7 = PRODUCT('base_enclosure_refined_copy','base_enclosure_refined_copy'
  ,'',(#8));
#8 = PRODUCT_CONTEXT('',#2,'mechanical');
#9 = PRODUCT_DEFINITION_CONTEXT('part definition',#2,'design');
#10 = ADVANCED_BREP_SHAPE_REPRESENTATION('',(#11,#15),#18354);
#11 = AXIS2_PLACEMENT_3D('',#12,#13,#14);
#12 = CARTESIAN_POINT('',(0.,0.,0.));
#13 = DIRECTION('',(0.,0.,1.));
#14 = DIRECTION('',(1.,0.,-0.));
#15 = BREP_WITH_VOIDS('',#16,(#17824,#17877,#17930,#17983,#18036,#18089,
    #18142,#18195,#18248,#18301));
#16 = CLOSED_SHELL('',(#17,#76,#109,#142,#339,#364,#431,#449,#473,#499,
    #525,#714,#745,#770,#795,#819,#843,#868,#893,#917,#941,#966,#991,
    #1008,#1033,#1193,#1218,#1412,#1437,#1481,#1505,#1523,#1541,#1559,
    #1603,#1621,#1638,#1726,#1772,#1790,#1844,#1862,#1880,#1898,#1916,
    #1928,#1946,#1964,#1982,#2018,#2043,#2068,#2093,#2118,#2183,#2208,
    #2233,#2291,#2315,#2340,#2365,#2389,#2421,#2446,#2497,#2528,#2552,
    #2576,#2593,#2624,#2648,#2672,#2689,#2720,#2744,#2768,#2785,#2816,
    #2840,#2864,#2881,#2899,#2920,#2938,#2959,#2990,#3015,#3040,#3064,
    #3088,#3113,#3138,#3155,#3184,#3217,#3248,#3390,#3415,#3440,#3465,
    #3490,#3515,#3540,#3581,#3606,#3631,#3656,#3697,#3722,#3747,#3772,
    #3805,#3838,#3871,#3888,#3919,#3943,#3967,#3984,#4015,#4039,#4063,
    #4080,#4111,#4135,#4159,#4176,#4207,#4231,#4255,#4272,#4297,#4322,
    #4351,#4375,#4399,#4422,#4445,#4469,#4493,#4510,#4534,#4559,#4584,
    #4715,#6462,#6494,#6526,#6551,#7211,#7229,#7253,#7278,#7403,#7421,
    #7441,#7461,#7470,#7479,#7488,#7505,#7517,#7534,#7546,#7568,#7585,
    #7597,#7620,#7643,#7666,#7689,#7714,#7739,#7756,#7773,#7790,#7807,
    #7824,#7841,#7858,#7875,#7892,#7917,#7934,#7959,#7977,#8002,#8014,
    #8045,#8069,#8093,#8117,#8141,#8165,#8189,#8213,#8241,#8269,#8297,
    #8325,#8353,#8377,#8405,#8429,#8457,#8481,#8509,#8533,#8557,#8581,
    #8609,#8633,#8661,#8689,#8717,#8745,#8773,#8801,#8825,#8853,#8881,
    #8905,#8933,#8961,#8989,#9013,#9034,#9067,#9093,#9119,#9145,#9171,
    #9195,#9221,#9245,#9271,#9295,#9319,#9343,#9369,#9393,#9419,#9443,
    #9469,#9495,#9521,#9547,#9566,#9597,#9621,#9645,#9669,#9693,#9717,
    #9741,#9765,#9789,#9808,#9841,#9867,#9893,#9919,#9945,#9971,#9997,
    #10016,#10047,#10071,#10095,#10119,#10143,#10167,#10193,#10219,
    #10243,#10267,#10291,#10315,#10339,#10363,#10387,#10411,#10435,
    #10459,#10476,#10509,#10535,#10561,#10585,#10611,#10635,#10661,
    #10685,#10709,#10726,#10759,#10783,#10809,#10835,#10861,#10887,
    #10913,#10939,#10965,#10989,#11015,#11039,#11058,#11089,#11113,
    #11137,#11163,#11189,#11215,#11241,#11267,#11291,#11315,#11341,
    #11367,#11393,#11419,#11443,#11469,#11488,#11521,#11547,#11573,
    #11599,#11625,#11651,#11675,#11701,#11725,#11751,#11768,#11801,
    #11825,#11851,#11877,#11903,#11929,#11955,#11981,#12007,#12033,
    #12057,#12083,#12107,#12133,#12159,#12183,#12209,#12235,#12261,
    #12287,#12313,#12339,#12363,#12387,#12413,#12439,#12465,#12484,
    #12515,#12539,#12563,#12589,#12615,#12641,#12667,#12693,#12719,
    #12745,#12769,#12793,#12817,#12843,#12867,#12893,#12919,#12943,
    #12962,#12993,#13017,#13041,#13065,#13089,#13113,#13137,#13161,
    #13185,#13209,#13233,#13250,#13281,#13305,#13329,#13353,#13377,
    #13401,#13425,#13449,#13473,#13497,#13514,#13545,#13569,#13593,
    #13619,#13645,#13671,#13697,#13723,#13749,#13775,#13801,#13827,
    #13853,#13877,#13903,#13929,#13955,#13981,#14007,#14033,#14059,
    #14076,#14109,#14135,#14159,#14185,#14211,#14237,#14263,#14289,
    #14315,#14339,#14365,#14391,#14417,#14443,#14469,#14495,#14519,
    #14543,#14567,#14593,#14619,#14645,#14671,#14697,#14721,#14747,
    #14773,#14799,#14818,#14849,#14873,#14897,#14921,#14945,#14969,
    #14993,#15017,#15041,#15065,#15082,#15099,#15116,#15133,#15150,
    #15186,#15216,#15261,#15301,#15327,#15352,#15377,#15386,#15395,
    #15413,#15438,#15485,#15514,#15532,#15598,#15625,#15693,#15756,
    #15781,#15908,#16026,#16053,#16073,#16092,#16122,#16159,#16228,
    #16246,#16264,#16276,#16293,#16318,#16343,#16376,#16402,#16428,
    #16454,#16480,#16499,#16532,#16556,#16580,#16604,#16630,#16649,
    #16682,#16708,#16732,#16758,#16777,#16810,#16834,#16858,#16882,
    #16908,#16927,#16960,#16986,#17010,#17034,#17058,#17084,#17103,
    #17134,#17160,#17186,#17212,#17238,#17264,#17290,#17316,#17342,
    #17359,#17392,#17418,#17444,#17468,#17492,#17509,#17518,#17527,
    #17541,#17555,#17568,#17582,#17597,#17615,#17629,#17679,#17720,
    #17745,#17770,#17795,#17812));
#17 = ADVANCED_FACE('',(#18,#52),#71,.F.);
#18 = FACE_BOUND('',#19,.F.);
#19 = EDGE_LOOP('',(#20,#30,#38,#46));
#20 = ORIENTED_EDGE('',*,*,#21,.F.);
#21 = EDGE_CURVE('',#22,#24,#26,.T.);
#22 = VERTEX_POINT('',#23);
#23 = CARTESIAN_POINT('',(-45.,21.75,0.));
#24 = VERTEX_POINT('',#25);
#25 = CARTESIAN_POINT('',(-45.,21.75,-21.));
#26 = LINE('',#27,#28);
#27 = CARTESIAN_POINT('',(-45.,21.75,0.));
#28 = VECTOR('',#29,1.);
#29 = DIRECTION('',(-0.,-0.,-1.));
#30 = ORIENTED_EDGE('',*,*,#31,.F.);
#31 = EDGE_CURVE('',#32,#22,#34,.T.);
#32 = VERTEX_POINT('',#33);
#33 = CARTESIAN_POINT('',(-31.,21.75,0.));
#34 = LINE('',#35,#36);
#35 = CARTESIAN_POINT('',(-31.,21.75,0.));
#36 = VECTOR('',#37,1.);
#37 = DIRECTION('',(-1.,0.,0.));
#38 = ORIENTED_EDGE('',*,*,#39,.T.);
#39 = EDGE_CURVE('',#32,#40,#42,.T.);
#40 = VERTEX_POINT('',#41);
#41 = CARTESIAN_POINT('',(-31.,21.75,-21.));
#42 = LINE('',#43,#44);
#43 = CARTESIAN_POINT('',(-31.,21.75,0.));
#44 = VECTOR('',#45,1.);
#45 = DIRECTION('',(-0.,-0.,-1.));
#46 = ORIENTED_EDGE('',*,*,#47,.T.);
#47 = EDGE_CURVE('',#40,#24,#48,.T.);
#48 = LINE('',#49,#50);
#49 = CARTESIAN_POINT('',(-31.,21.75,-21.));
#50 = VECTOR('',#51,1.);
#51 = DIRECTION('',(-1.,-0.,-0.));
#52 = FACE_BOUND('',#53,.F.);
#53 = EDGE_LOOP('',(#54,#65));
#54 = ORIENTED_EDGE('',*,*,#55,.F.);
#55 = EDGE_CURVE('',#56,#58,#60,.T.);
#56 = VERTEX_POINT('',#57);
#57 = CARTESIAN_POINT('',(-36.01717196761,21.75,-9.287677165353));
#58 = VERTEX_POINT('',#59);
#59 = CARTESIAN_POINT('',(-39.98282803238,21.75,-9.287677165353));
#60 = CIRCLE('',#61,3.775000000003);
#61 = AXIS2_PLACEMENT_3D('',#62,#63,#64);
#62 = CARTESIAN_POINT('',(-38.,21.75,-12.5));
#63 = DIRECTION('',(-0.,1.,0.));
#64 = DIRECTION('',(0.381401587483,0.,0.924409448819));
#65 = ORIENTED_EDGE('',*,*,#66,.T.);
#66 = EDGE_CURVE('',#56,#58,#67,.T.);
#67 = LINE('',#68,#69);
#68 = CARTESIAN_POINT('',(-35.16268525825,21.75,-9.287677165353));
#69 = VECTOR('',#70,1.);
#70 = DIRECTION('',(-1.,-0.,-0.));
#71 = PLANE('',#72);
#72 = AXIS2_PLACEMENT_3D('',#73,#74,#75);
#73 = CARTESIAN_POINT('',(-31.,21.75,0.));
#74 = DIRECTION('',(0.,1.,0.));
#75 = DIRECTION('',(-1.,0.,0.));
#76 = ADVANCED_FACE('',(#77),#104,.F.);
#77 = FACE_BOUND('',#78,.F.);
#78 = EDGE_LOOP('',(#79,#89,#96,#97));
#79 = ORIENTED_EDGE('',*,*,#80,.F.);
#80 = EDGE_CURVE('',#81,#83,#85,.T.);
#81 = VERTEX_POINT('',#82);
#82 = CARTESIAN_POINT('',(-47.,19.75,0.));
#83 = VERTEX_POINT('',#84);
#84 = CARTESIAN_POINT('',(-47.,19.75,-21.));
#85 = LINE('',#86,#87);
#86 = CARTESIAN_POINT('',(-47.,19.75,0.));
#87 = VECTOR('',#88,1.);
#88 = DIRECTION('',(-0.,-0.,-1.));
#89 = ORIENTED_EDGE('',*,*,#90,.F.);
#90 = EDGE_CURVE('',#22,#81,#91,.T.);
#91 = CIRCLE('',#92,2.);
#92 = AXIS2_PLACEMENT_3D('',#93,#94,#95);
#93 = CARTESIAN_POINT('',(-45.,19.75,0.));
#94 = DIRECTION('',(0.,0.,1.));
#95 = DIRECTION('',(1.,0.,0.));
#96 = ORIENTED_EDGE('',*,*,#21,.T.);
#97 = ORIENTED_EDGE('',*,*,#98,.T.);
#98 = EDGE_CURVE('',#24,#83,#99,.T.);
#99 = CIRCLE('',#100,2.);
#100 = AXIS2_PLACEMENT_3D('',#101,#102,#103);
#101 = CARTESIAN_POINT('',(-45.,19.75,-21.));
#102 = DIRECTION('',(0.,-0.,1.));
#103 = DIRECTION('',(0.,1.,0.));
#104 = CYLINDRICAL_SURFACE('',#105,2.);
#105 = AXIS2_PLACEMENT_3D('',#106,#107,#108);
#106 = CARTESIAN_POINT('',(-45.,19.75,0.));
#107 = DIRECTION('',(0.,0.,1.));
#108 = DIRECTION('',(1.,0.,0.));
#109 = ADVANCED_FACE('',(#110),#137,.F.);
#110 = FACE_BOUND('',#111,.T.);
#111 = EDGE_LOOP('',(#112,#121,#122,#131));
#112 = ORIENTED_EDGE('',*,*,#113,.T.);
#113 = EDGE_CURVE('',#114,#40,#116,.T.);
#114 = VERTEX_POINT('',#115);
#115 = CARTESIAN_POINT('',(-31.,20.75,-22.));
#116 = CIRCLE('',#117,1.);
#117 = AXIS2_PLACEMENT_3D('',#118,#119,#120);
#118 = CARTESIAN_POINT('',(-31.,20.75,-21.));
#119 = DIRECTION('',(1.,-2.34827133276E-16,0.));
#120 = DIRECTION('',(-2.34827133276E-16,-1.,0.));
#121 = ORIENTED_EDGE('',*,*,#47,.T.);
#122 = ORIENTED_EDGE('',*,*,#123,.F.);
#123 = EDGE_CURVE('',#124,#24,#126,.T.);
#124 = VERTEX_POINT('',#125);
#125 = CARTESIAN_POINT('',(-45.,20.75,-22.));
#126 = CIRCLE('',#127,1.);
#127 = AXIS2_PLACEMENT_3D('',#128,#129,#130);
#128 = CARTESIAN_POINT('',(-45.,20.75,-21.));
#129 = DIRECTION('',(1.,-0.,0.));
#130 = DIRECTION('',(0.,0.,-1.));
#131 = ORIENTED_EDGE('',*,*,#132,.F.);
#132 = EDGE_CURVE('',#114,#124,#133,.T.);
#133 = LINE('',#134,#135);
#134 = CARTESIAN_POINT('',(-31.,20.75,-22.));
#135 = VECTOR('',#136,1.);
#136 = DIRECTION('',(-1.,-0.,-0.));
#137 = CYLINDRICAL_SURFACE('',#138,1.);
#138 = AXIS2_PLACEMENT_3D('',#139,#140,#141);
#139 = CARTESIAN_POINT('',(-31.,20.75,-21.));
#140 = DIRECTION('',(-1.,-0.,-0.));
#141 = DIRECTION('',(0.,0.,-1.));
#142 = ADVANCED_FACE('',(#143,#247),#334,.T.);
#143 = FACE_BOUND('',#144,.T.);
#144 = EDGE_LOOP('',(#145,#155,#164,#172,#181,#189,#198,#206,#215,#223,
    #232,#240));
#145 = ORIENTED_EDGE('',*,*,#146,.F.);
#146 = EDGE_CURVE('',#147,#149,#151,.T.);
#147 = VERTEX_POINT('',#148);
#148 = CARTESIAN_POINT('',(-47.85,-44.99998493769,2.053912595557E-15));
#149 = VERTEX_POINT('',#150);
#150 = CARTESIAN_POINT('',(-47.85,19.75,5.606626274357E-15));
#151 = LINE('',#152,#153);
#152 = CARTESIAN_POINT('',(-47.85,-44.99998493769,0.));
#153 = VECTOR('',#154,1.);
#154 = DIRECTION('',(1.097363553743E-16,1.,0.));
#155 = ORIENTED_EDGE('',*,*,#156,.F.);
#156 = EDGE_CURVE('',#157,#147,#159,.T.);
#157 = VERTEX_POINT('',#158);
#158 = CARTESIAN_POINT('',(-44.99998493769,-47.85,-2.997602166488E-15));
#159 = CIRCLE('',#160,2.850015062304);
#160 = AXIS2_PLACEMENT_3D('',#161,#162,#163);
#161 = CARTESIAN_POINT('',(-44.99998493769,-44.99998493769,0.));
#162 = DIRECTION('',(-0.,-0.,-1.));
#163 = DIRECTION('',(0.,-1.,0.));
#164 = ORIENTED_EDGE('',*,*,#165,.F.);
#165 = EDGE_CURVE('',#166,#157,#168,.T.);
#166 = VERTEX_POINT('',#167);
#167 = CARTESIAN_POINT('',(45.,-47.85,0.));
#168 = LINE('',#169,#170);
#169 = CARTESIAN_POINT('',(45.,-47.85,0.));
#170 = VECTOR('',#171,1.);
#171 = DIRECTION('',(-1.,-0.,-0.));
#172 = ORIENTED_EDGE('',*,*,#173,.F.);
#173 = EDGE_CURVE('',#174,#166,#176,.T.);
#174 = VERTEX_POINT('',#175);
#175 = CARTESIAN_POINT('',(47.85,-45.,2.053912595557E-15));
#176 = CIRCLE('',#177,2.85);
#177 = AXIS2_PLACEMENT_3D('',#178,#179,#180);
#178 = CARTESIAN_POINT('',(45.,-45.,0.));
#179 = DIRECTION('',(0.,0.,-1.));
#180 = DIRECTION('',(1.,0.,0.));
#181 = ORIENTED_EDGE('',*,*,#182,.F.);
#182 = EDGE_CURVE('',#183,#174,#185,.T.);
#183 = VERTEX_POINT('',#184);
#184 = CARTESIAN_POINT('',(47.85,45.,0.));
#185 = LINE('',#186,#187);
#186 = CARTESIAN_POINT('',(47.85,45.,0.));
#187 = VECTOR('',#188,1.);
#188 = DIRECTION('',(-0.,-1.,-0.));
#189 = ORIENTED_EDGE('',*,*,#190,.F.);
#190 = EDGE_CURVE('',#191,#183,#193,.T.);
#191 = VERTEX_POINT('',#192);
#192 = CARTESIAN_POINT('',(45.,47.85,7.605027718682E-15));
#193 = CIRCLE('',#194,2.85);
#194 = AXIS2_PLACEMENT_3D('',#195,#196,#197);
#195 = CARTESIAN_POINT('',(45.,45.,0.));
#196 = DIRECTION('',(0.,0.,-1.));
#197 = DIRECTION('',(2.121023091821E-15,1.,0.));
#198 = ORIENTED_EDGE('',*,*,#199,.F.);
#199 = EDGE_CURVE('',#200,#191,#202,.T.);
#200 = VERTEX_POINT('',#201);
#201 = CARTESIAN_POINT('',(-23.,47.85,0.));
#202 = LINE('',#203,#204);
#203 = CARTESIAN_POINT('',(-23.,47.85,0.));
#204 = VECTOR('',#205,1.);
#205 = DIRECTION('',(1.,-2.298814733342E-15,0.));
#206 = ORIENTED_EDGE('',*,*,#207,.F.);
#207 = EDGE_CURVE('',#208,#200,#210,.T.);
#208 = VERTEX_POINT('',#209);
#209 = CARTESIAN_POINT('',(-25.85,45.,4.996003610813E-16));
#210 = CIRCLE('',#211,2.85);
#211 = AXIS2_PLACEMENT_3D('',#212,#213,#214);
#212 = CARTESIAN_POINT('',(-23.,45.,0.));
#213 = DIRECTION('',(-0.,0.,-1.));
#214 = DIRECTION('',(-1.,-4.878353111189E-14,0.));
#215 = ORIENTED_EDGE('',*,*,#216,.F.);
#216 = EDGE_CURVE('',#217,#208,#219,.T.);
#217 = VERTEX_POINT('',#218);
#218 = CARTESIAN_POINT('',(-25.84999999999,27.75,0.));
#219 = LINE('',#220,#221);
#220 = CARTESIAN_POINT('',(-25.84999999999,27.75,0.));
#221 = VECTOR('',#222,1.);
#222 = DIRECTION('',(-4.778142454966E-14,1.,0.));
#223 = ORIENTED_EDGE('',*,*,#224,.F.);
#224 = EDGE_CURVE('',#225,#217,#227,.T.);
#225 = VERTEX_POINT('',#226);
#226 = CARTESIAN_POINT('',(-31.,22.599999999999,3.552713678801E-15));
#227 = CIRCLE('',#228,5.150000000001);
#228 = AXIS2_PLACEMENT_3D('',#229,#230,#231);
#229 = CARTESIAN_POINT('',(-31.,27.75,0.));
#230 = DIRECTION('',(0.,0.,1.));
#231 = DIRECTION('',(-4.736951571733E-14,-1.,0.));
#232 = ORIENTED_EDGE('',*,*,#233,.F.);
#233 = EDGE_CURVE('',#234,#225,#236,.T.);
#234 = VERTEX_POINT('',#235);
#235 = CARTESIAN_POINT('',(-45.,22.6,0.));
#236 = LINE('',#237,#238);
#237 = CARTESIAN_POINT('',(-45.,22.6,0.));
#238 = VECTOR('',#239,1.);
#239 = DIRECTION('',(1.,-4.745410413826E-14,0.));
#240 = ORIENTED_EDGE('',*,*,#241,.F.);
#241 = EDGE_CURVE('',#149,#234,#242,.T.);
#242 = CIRCLE('',#243,2.85);
#243 = AXIS2_PLACEMENT_3D('',#244,#245,#246);
#244 = CARTESIAN_POINT('',(-45.,19.75,0.));
#245 = DIRECTION('',(0.,0.,-1.));
#246 = DIRECTION('',(-1.,0.,0.));
#247 = FACE_BOUND('',#248,.T.);
#248 = EDGE_LOOP('',(#249,#260,#266,#267,#268,#277,#285,#294,#302,#311,
    #319,#328));
#249 = ORIENTED_EDGE('',*,*,#250,.F.);
#250 = EDGE_CURVE('',#251,#253,#255,.T.);
#251 = VERTEX_POINT('',#252);
#252 = CARTESIAN_POINT('',(-47.,-45.,0.));
#253 = VERTEX_POINT('',#254);
#254 = CARTESIAN_POINT('',(-45.,-47.,0.));
#255 = CIRCLE('',#256,2.);
#256 = AXIS2_PLACEMENT_3D('',#257,#258,#259);
#257 = CARTESIAN_POINT('',(-45.,-45.,0.));
#258 = DIRECTION('',(0.,0.,1.));
#259 = DIRECTION('',(1.,0.,0.));
#260 = ORIENTED_EDGE('',*,*,#261,.T.);
#261 = EDGE_CURVE('',#251,#81,#262,.T.);
#262 = LINE('',#263,#264);
#263 = CARTESIAN_POINT('',(-47.,-45.,0.));
#264 = VECTOR('',#265,1.);
#265 = DIRECTION('',(0.,1.,0.));
#266 = ORIENTED_EDGE('',*,*,#90,.F.);
#267 = ORIENTED_EDGE('',*,*,#31,.F.);
#268 = ORIENTED_EDGE('',*,*,#269,.T.);
#269 = EDGE_CURVE('',#32,#270,#272,.T.);
#270 = VERTEX_POINT('',#271);
#271 = CARTESIAN_POINT('',(-25.,27.75,0.));
#272 = CIRCLE('',#273,6.);
#273 = AXIS2_PLACEMENT_3D('',#274,#275,#276);
#274 = CARTESIAN_POINT('',(-31.,27.75,0.));
#275 = DIRECTION('',(0.,0.,1.));
#276 = DIRECTION('',(1.,0.,0.));
#277 = ORIENTED_EDGE('',*,*,#278,.F.);
#278 = EDGE_CURVE('',#279,#270,#281,.T.);
#279 = VERTEX_POINT('',#280);
#280 = CARTESIAN_POINT('',(-25.,45.,0.));
#281 = LINE('',#282,#283);
#282 = CARTESIAN_POINT('',(-25.,45.,0.));
#283 = VECTOR('',#284,1.);
#284 = DIRECTION('',(0.,-1.,0.));
#285 = ORIENTED_EDGE('',*,*,#286,.F.);
#286 = EDGE_CURVE('',#287,#279,#289,.T.);
#287 = VERTEX_POINT('',#288);
#288 = CARTESIAN_POINT('',(-23.,47.,0.));
#289 = CIRCLE('',#290,2.);
#290 = AXIS2_PLACEMENT_3D('',#291,#292,#293);
#291 = CARTESIAN_POINT('',(-23.,45.,0.));
#292 = DIRECTION('',(0.,0.,1.));
#293 = DIRECTION('',(1.,0.,0.));
#294 = ORIENTED_EDGE('',*,*,#295,.T.);
#295 = EDGE_CURVE('',#287,#296,#298,.T.);
#296 = VERTEX_POINT('',#297);
#297 = CARTESIAN_POINT('',(45.,47.,0.));
#298 = LINE('',#299,#300);
#299 = CARTESIAN_POINT('',(-23.,47.,0.));
#300 = VECTOR('',#301,1.);
#301 = DIRECTION('',(1.,0.,0.));
#302 = ORIENTED_EDGE('',*,*,#303,.F.);
#303 = EDGE_CURVE('',#304,#296,#306,.T.);
#304 = VERTEX_POINT('',#305);
#305 = CARTESIAN_POINT('',(47.,45.,0.));
#306 = CIRCLE('',#307,2.);
#307 = AXIS2_PLACEMENT_3D('',#308,#309,#310);
#308 = CARTESIAN_POINT('',(45.,45.,0.));
#309 = DIRECTION('',(0.,0.,1.));
#310 = DIRECTION('',(1.,0.,0.));
#311 = ORIENTED_EDGE('',*,*,#312,.F.);
#312 = EDGE_CURVE('',#313,#304,#315,.T.);
#313 = VERTEX_POINT('',#314);
#314 = CARTESIAN_POINT('',(47.,-45.,0.));
#315 = LINE('',#316,#317);
#316 = CARTESIAN_POINT('',(47.,-45.,0.));
#317 = VECTOR('',#318,1.);
#318 = DIRECTION('',(0.,1.,0.));
#319 = ORIENTED_EDGE('',*,*,#320,.F.);
#320 = EDGE_CURVE('',#321,#313,#323,.T.);
#321 = VERTEX_POINT('',#322);
#322 = CARTESIAN_POINT('',(45.,-47.,0.));
#323 = CIRCLE('',#324,2.);
#324 = AXIS2_PLACEMENT_3D('',#325,#326,#327);
#325 = CARTESIAN_POINT('',(45.,-45.,0.));
#326 = DIRECTION('',(0.,0.,1.));
#327 = DIRECTION('',(1.,0.,0.));
#328 = ORIENTED_EDGE('',*,*,#329,.F.);
#329 = EDGE_CURVE('',#253,#321,#330,.T.);
#330 = LINE('',#331,#332);
#331 = CARTESIAN_POINT('',(-45.,-47.,0.));
#332 = VECTOR('',#333,1.);
#333 = DIRECTION('',(1.,0.,0.));
#334 = PLANE('',#335);
#335 = AXIS2_PLACEMENT_3D('',#336,#337,#338);
#336 = CARTESIAN_POINT('',(1.695665082441,-1.665665647689,0.));
#337 = DIRECTION('',(0.,0.,1.));
#338 = DIRECTION('',(1.,0.,0.));
#339 = ADVANCED_FACE('',(#340),#359,.T.);
#340 = FACE_BOUND('',#341,.T.);
#341 = EDGE_LOOP('',(#342,#343,#352,#358));
#342 = ORIENTED_EDGE('',*,*,#39,.T.);
#343 = ORIENTED_EDGE('',*,*,#344,.F.);
#344 = EDGE_CURVE('',#345,#40,#347,.T.);
#345 = VERTEX_POINT('',#346);
#346 = CARTESIAN_POINT('',(-25.,27.75,-21.));
#347 = CIRCLE('',#348,6.);
#348 = AXIS2_PLACEMENT_3D('',#349,#350,#351);
#349 = CARTESIAN_POINT('',(-31.,27.75,-21.));
#350 = DIRECTION('',(0.,-0.,-1.));
#351 = DIRECTION('',(1.,-1.184237892934E-15,0.));
#352 = ORIENTED_EDGE('',*,*,#353,.F.);
#353 = EDGE_CURVE('',#270,#345,#354,.T.);
#354 = LINE('',#355,#356);
#355 = CARTESIAN_POINT('',(-25.,27.75,0.));
#356 = VECTOR('',#357,1.);
#357 = DIRECTION('',(-0.,-0.,-1.));
#358 = ORIENTED_EDGE('',*,*,#269,.F.);
#359 = CYLINDRICAL_SURFACE('',#360,6.);
#360 = AXIS2_PLACEMENT_3D('',#361,#362,#363);
#361 = CARTESIAN_POINT('',(-31.,27.75,0.));
#362 = DIRECTION('',(0.,0.,1.));
#363 = DIRECTION('',(1.,0.,0.));
#364 = ADVANCED_FACE('',(#365),#426,.F.);
#365 = FACE_BOUND('',#366,.F.);
#366 = EDGE_LOOP('',(#367,#377,#386,#394,#403,#411,#418,#419));
#367 = ORIENTED_EDGE('',*,*,#368,.F.);
#368 = EDGE_CURVE('',#369,#371,#373,.T.);
#369 = VERTEX_POINT('',#370);
#370 = CARTESIAN_POINT('',(-36.67462948349,24.45,-9.287677165352));
#371 = VERTEX_POINT('',#372);
#372 = CARTESIAN_POINT('',(-36.67462948349,22.05,-9.287677165352));
#373 = LINE('',#374,#375);
#374 = CARTESIAN_POINT('',(-36.67462948349,26.,-9.287677165352));
#375 = VECTOR('',#376,1.);
#376 = DIRECTION('',(0.,-1.,2.22044604925E-16));
#377 = ORIENTED_EDGE('',*,*,#378,.F.);
#378 = EDGE_CURVE('',#379,#369,#381,.T.);
#379 = VERTEX_POINT('',#380);
#380 = CARTESIAN_POINT('',(-36.01717196761,24.75,-9.287677165353));
#381 = HYPERBOLA('',#382,3.212322834647,3.212322834647);
#382 = AXIS2_PLACEMENT_3D('',#383,#384,#385);
#383 = CARTESIAN_POINT('',(-38.,20.974999999997,-9.287677165353));
#384 = DIRECTION('',(0.,2.22044604925E-16,1.));
#385 = DIRECTION('',(0.,1.,-2.22044604925E-16));
#386 = ORIENTED_EDGE('',*,*,#387,.T.);
#387 = EDGE_CURVE('',#379,#388,#390,.T.);
#388 = VERTEX_POINT('',#389);
#389 = CARTESIAN_POINT('',(-39.98282803238,24.75,-9.287677165353));
#390 = LINE('',#391,#392);
#391 = CARTESIAN_POINT('',(-35.16268525825,24.75,-9.287677165353));
#392 = VECTOR('',#393,1.);
#393 = DIRECTION('',(-1.,-0.,-0.));
#394 = ORIENTED_EDGE('',*,*,#395,.T.);
#395 = EDGE_CURVE('',#388,#396,#398,.T.);
#396 = VERTEX_POINT('',#397);
#397 = CARTESIAN_POINT('',(-39.3253705165,24.45,-9.287677165353));
#398 = HYPERBOLA('',#399,3.212322834647,3.212322834647);
#399 = AXIS2_PLACEMENT_3D('',#400,#401,#402);
#400 = CARTESIAN_POINT('',(-38.,20.974999999997,-9.287677165353));
#401 = DIRECTION('',(0.,-2.22044604925E-16,-1.));
#402 = DIRECTION('',(0.,1.,-2.22044604925E-16));
#403 = ORIENTED_EDGE('',*,*,#404,.T.);
#404 = EDGE_CURVE('',#396,#405,#407,.T.);
#405 = VERTEX_POINT('',#406);
#406 = CARTESIAN_POINT('',(-39.3253705165,22.05,-9.287677165353));
#407 = LINE('',#408,#409);
#408 = CARTESIAN_POINT('',(-39.3253705165,26.,-9.287677165353));
#409 = VECTOR('',#410,1.);
#410 = DIRECTION('',(0.,-1.,2.22044604925E-16));
#411 = ORIENTED_EDGE('',*,*,#412,.T.);
#412 = EDGE_CURVE('',#405,#58,#413,.T.);
#413 = HYPERBOLA('',#414,3.212322834647,3.212322834647);
#414 = AXIS2_PLACEMENT_3D('',#415,#416,#417);
#415 = CARTESIAN_POINT('',(-38.,25.525000000003,-9.287677165353));
#416 = DIRECTION('',(-0.,-2.22044604925E-16,-1.));
#417 = DIRECTION('',(0.,-1.,2.22044604925E-16));
#418 = ORIENTED_EDGE('',*,*,#66,.F.);
#419 = ORIENTED_EDGE('',*,*,#420,.F.);
#420 = EDGE_CURVE('',#371,#56,#421,.T.);
#421 = HYPERBOLA('',#422,3.212322834647,3.212322834647);
#422 = AXIS2_PLACEMENT_3D('',#423,#424,#425);
#423 = CARTESIAN_POINT('',(-38.,25.525000000003,-9.287677165353));
#424 = DIRECTION('',(-0.,2.22044604925E-16,1.));
#425 = DIRECTION('',(0.,-1.,2.22044604925E-16));
#426 = PLANE('',#427);
#427 = AXIS2_PLACEMENT_3D('',#428,#429,#430);
#428 = CARTESIAN_POINT('',(-39.3253705165,26.,-9.287677165353));
#429 = DIRECTION('',(0.,2.22044604925E-16,1.));
#430 = DIRECTION('',(1.,0.,0.));
#431 = ADVANCED_FACE('',(#432),#444,.F.);
#432 = FACE_BOUND('',#433,.T.);
#433 = EDGE_LOOP('',(#434,#435,#442,#443));
#434 = ORIENTED_EDGE('',*,*,#420,.F.);
#435 = ORIENTED_EDGE('',*,*,#436,.T.);
#436 = EDGE_CURVE('',#371,#405,#437,.T.);
#437 = CIRCLE('',#438,3.475000000003);
#438 = AXIS2_PLACEMENT_3D('',#439,#440,#441);
#439 = CARTESIAN_POINT('',(-38.,22.05,-12.5));
#440 = DIRECTION('',(-0.,1.,0.));
#441 = DIRECTION('',(0.381401587483,0.,0.924409448819));
#442 = ORIENTED_EDGE('',*,*,#412,.T.);
#443 = ORIENTED_EDGE('',*,*,#55,.F.);
#444 = CONICAL_SURFACE('',#445,3.475000000003,0.785398163397);
#445 = AXIS2_PLACEMENT_3D('',#446,#447,#448);
#446 = CARTESIAN_POINT('',(-38.,22.05,-12.5));
#447 = DIRECTION('',(0.,-1.,0.));
#448 = DIRECTION('',(0.381401587483,0.,0.924409448819));
#449 = ADVANCED_FACE('',(#450),#468,.T.);
#450 = FACE_BOUND('',#451,.T.);
#451 = EDGE_LOOP('',(#452,#460,#466,#467));
#452 = ORIENTED_EDGE('',*,*,#453,.T.);
#453 = EDGE_CURVE('',#251,#454,#456,.T.);
#454 = VERTEX_POINT('',#455);
#455 = CARTESIAN_POINT('',(-47.,-45.,-21.));
#456 = LINE('',#457,#458);
#457 = CARTESIAN_POINT('',(-47.,-45.,0.));
#458 = VECTOR('',#459,1.);
#459 = DIRECTION('',(-0.,-0.,-1.));
#460 = ORIENTED_EDGE('',*,*,#461,.F.);
#461 = EDGE_CURVE('',#83,#454,#462,.T.);
#462 = LINE('',#463,#464);
#463 = CARTESIAN_POINT('',(-47.,19.75,-21.));
#464 = VECTOR('',#465,1.);
#465 = DIRECTION('',(0.,-1.,0.));
#466 = ORIENTED_EDGE('',*,*,#80,.F.);
#467 = ORIENTED_EDGE('',*,*,#261,.F.);
#468 = PLANE('',#469);
#469 = AXIS2_PLACEMENT_3D('',#470,#471,#472);
#470 = CARTESIAN_POINT('',(-47.,-45.,0.));
#471 = DIRECTION('',(1.,0.,0.));
#472 = DIRECTION('',(0.,1.,0.));
#473 = ADVANCED_FACE('',(#474),#494,.F.);
#474 = FACE_BOUND('',#475,.F.);
#475 = EDGE_LOOP('',(#476,#477,#486,#493));
#476 = ORIENTED_EDGE('',*,*,#123,.F.);
#477 = ORIENTED_EDGE('',*,*,#478,.T.);
#478 = EDGE_CURVE('',#124,#479,#481,.T.);
#479 = VERTEX_POINT('',#480);
#480 = CARTESIAN_POINT('',(-46.,19.75,-22.));
#481 = CIRCLE('',#482,1.);
#482 = AXIS2_PLACEMENT_3D('',#483,#484,#485);
#483 = CARTESIAN_POINT('',(-45.,19.75,-22.));
#484 = DIRECTION('',(0.,-0.,1.));
#485 = DIRECTION('',(0.,1.,0.));
#486 = ORIENTED_EDGE('',*,*,#487,.T.);
#487 = EDGE_CURVE('',#479,#83,#488,.T.);
#488 = CIRCLE('',#489,1.);
#489 = AXIS2_PLACEMENT_3D('',#490,#491,#492);
#490 = CARTESIAN_POINT('',(-46.,19.75,-21.));
#491 = DIRECTION('',(6.123233995737E-17,1.,-0.));
#492 = DIRECTION('',(-1.,6.123233995737E-17,0.));
#493 = ORIENTED_EDGE('',*,*,#98,.F.);
#494 = TOROIDAL_SURFACE('',#495,1.,1.);
#495 = AXIS2_PLACEMENT_3D('',#496,#497,#498);
#496 = CARTESIAN_POINT('',(-45.,19.75,-21.));
#497 = DIRECTION('',(0.,0.,1.));
#498 = DIRECTION('',(0.,1.,0.));
#499 = ADVANCED_FACE('',(#500),#520,.F.);
#500 = FACE_BOUND('',#501,.F.);
#501 = EDGE_LOOP('',(#502,#511,#518,#519));
#502 = ORIENTED_EDGE('',*,*,#503,.F.);
#503 = EDGE_CURVE('',#504,#345,#506,.T.);
#504 = VERTEX_POINT('',#505);
#505 = CARTESIAN_POINT('',(-24.,27.75,-22.));
#506 = CIRCLE('',#507,1.);
#507 = AXIS2_PLACEMENT_3D('',#508,#509,#510);
#508 = CARTESIAN_POINT('',(-24.,27.75,-21.));
#509 = DIRECTION('',(0.,1.,0.));
#510 = DIRECTION('',(0.,0.,-1.));
#511 = ORIENTED_EDGE('',*,*,#512,.T.);
#512 = EDGE_CURVE('',#504,#114,#513,.T.);
#513 = CIRCLE('',#514,7.);
#514 = AXIS2_PLACEMENT_3D('',#515,#516,#517);
#515 = CARTESIAN_POINT('',(-31.,27.75,-22.));
#516 = DIRECTION('',(0.,-0.,-1.));
#517 = DIRECTION('',(1.,-1.184237892934E-15,0.));
#518 = ORIENTED_EDGE('',*,*,#113,.T.);
#519 = ORIENTED_EDGE('',*,*,#344,.F.);
#520 = TOROIDAL_SURFACE('',#521,7.,1.);
#521 = AXIS2_PLACEMENT_3D('',#522,#523,#524);
#522 = CARTESIAN_POINT('',(-31.,27.75,-21.));
#523 = DIRECTION('',(-0.,-0.,-1.));
#524 = DIRECTION('',(1.,-1.184237892934E-15,0.));
#525 = ADVANCED_FACE('',(#526,#665,#676,#687,#698),#709,.T.);
#526 = FACE_BOUND('',#527,.T.);
#527 = EDGE_LOOP('',(#528,#539,#547,#556,#564,#573,#581,#590,#598,#607,
    #616,#622,#623,#624,#625,#633,#642,#650,#659));
#528 = ORIENTED_EDGE('',*,*,#529,.F.);
#529 = EDGE_CURVE('',#530,#532,#534,.T.);
#530 = VERTEX_POINT('',#531);
#531 = CARTESIAN_POINT('',(46.,-27.15812545754,-22.));
#532 = VERTEX_POINT('',#533);
#533 = CARTESIAN_POINT('',(46.,-34.84187454246,-22.));
#534 = CIRCLE('',#535,5.);
#535 = AXIS2_PLACEMENT_3D('',#536,#537,#538);
#536 = CARTESIAN_POINT('',(42.8,-31.,-22.));
#537 = DIRECTION('',(0.,0.,1.));
#538 = DIRECTION('',(1.,0.,0.));
#539 = ORIENTED_EDGE('',*,*,#540,.F.);
#540 = EDGE_CURVE('',#541,#530,#543,.T.);
#541 = VERTEX_POINT('',#542);
#542 = CARTESIAN_POINT('',(46.,27.15812545754,-22.));
#543 = LINE('',#544,#545);
#544 = CARTESIAN_POINT('',(46.,28.28706800675,-22.));
#545 = VECTOR('',#546,1.);
#546 = DIRECTION('',(0.,-1.,0.));
#547 = ORIENTED_EDGE('',*,*,#548,.F.);
#548 = EDGE_CURVE('',#549,#541,#551,.T.);
#549 = VERTEX_POINT('',#550);
#550 = CARTESIAN_POINT('',(46.,34.84187454246,-22.));
#551 = CIRCLE('',#552,5.);
#552 = AXIS2_PLACEMENT_3D('',#553,#554,#555);
#553 = CARTESIAN_POINT('',(42.8,31.,-22.));
#554 = DIRECTION('',(0.,0.,1.));
#555 = DIRECTION('',(1.,0.,0.));
#556 = ORIENTED_EDGE('',*,*,#557,.T.);
#557 = EDGE_CURVE('',#549,#558,#560,.T.);
#558 = VERTEX_POINT('',#559);
#559 = CARTESIAN_POINT('',(46.,45.,-22.));
#560 = LINE('',#561,#562);
#561 = CARTESIAN_POINT('',(46.,33.71293199325,-22.));
#562 = VECTOR('',#563,1.);
#563 = DIRECTION('',(0.,1.,0.));
#564 = ORIENTED_EDGE('',*,*,#565,.T.);
#565 = EDGE_CURVE('',#558,#566,#568,.T.);
#566 = VERTEX_POINT('',#567);
#567 = CARTESIAN_POINT('',(45.,46.,-22.));
#568 = CIRCLE('',#569,1.);
#569 = AXIS2_PLACEMENT_3D('',#570,#571,#572);
#570 = CARTESIAN_POINT('',(45.,45.,-22.));
#571 = DIRECTION('',(0.,0.,1.));
#572 = DIRECTION('',(1.,0.,0.));
#573 = ORIENTED_EDGE('',*,*,#574,.T.);
#574 = EDGE_CURVE('',#566,#575,#577,.T.);
#575 = VERTEX_POINT('',#576);
#576 = CARTESIAN_POINT('',(-23.,46.,-22.));
#577 = LINE('',#578,#579);
#578 = CARTESIAN_POINT('',(45.,46.,-22.));
#579 = VECTOR('',#580,1.);
#580 = DIRECTION('',(-1.,0.,0.));
#581 = ORIENTED_EDGE('',*,*,#582,.T.);
#582 = EDGE_CURVE('',#575,#583,#585,.T.);
#583 = VERTEX_POINT('',#584);
#584 = CARTESIAN_POINT('',(-24.,45.,-22.));
#585 = CIRCLE('',#586,1.);
#586 = AXIS2_PLACEMENT_3D('',#587,#588,#589);
#587 = CARTESIAN_POINT('',(-23.,45.,-22.));
#588 = DIRECTION('',(0.,-0.,1.));
#589 = DIRECTION('',(0.,1.,0.));
#590 = ORIENTED_EDGE('',*,*,#591,.T.);
#591 = EDGE_CURVE('',#583,#592,#594,.T.);
#592 = VERTEX_POINT('',#593);
#593 = CARTESIAN_POINT('',(-24.,32.4,-22.));
#594 = LINE('',#595,#596);
#595 = CARTESIAN_POINT('',(-24.,45.,-22.));
#596 = VECTOR('',#597,1.);
#597 = DIRECTION('',(-0.,-1.,-0.));
#598 = ORIENTED_EDGE('',*,*,#599,.F.);
#599 = EDGE_CURVE('',#600,#592,#602,.T.);
#600 = VERTEX_POINT('',#601);
#601 = CARTESIAN_POINT('',(-14.2,31.,-22.));
#602 = CIRCLE('',#603,5.);
#603 = AXIS2_PLACEMENT_3D('',#604,#605,#606);
#604 = CARTESIAN_POINT('',(-19.2,31.,-22.));
#605 = DIRECTION('',(0.,0.,1.));
#606 = DIRECTION('',(1.,0.,0.));
#607 = ORIENTED_EDGE('',*,*,#608,.F.);
#608 = EDGE_CURVE('',#609,#600,#611,.T.);
#609 = VERTEX_POINT('',#610);
#610 = CARTESIAN_POINT('',(-24.,29.6,-22.));
#611 = CIRCLE('',#612,5.);
#612 = AXIS2_PLACEMENT_3D('',#613,#614,#615);
#613 = CARTESIAN_POINT('',(-19.2,31.,-22.));
#614 = DIRECTION('',(0.,0.,1.));
#615 = DIRECTION('',(1.,0.,0.));
#616 = ORIENTED_EDGE('',*,*,#617,.T.);
#617 = EDGE_CURVE('',#609,#504,#618,.T.);
#618 = LINE('',#619,#620);
#619 = CARTESIAN_POINT('',(-24.,45.,-22.));
#620 = VECTOR('',#621,1.);
#621 = DIRECTION('',(-0.,-1.,-0.));
#622 = ORIENTED_EDGE('',*,*,#512,.T.);
#623 = ORIENTED_EDGE('',*,*,#132,.T.);
#624 = ORIENTED_EDGE('',*,*,#478,.T.);
#625 = ORIENTED_EDGE('',*,*,#626,.T.);
#626 = EDGE_CURVE('',#479,#627,#629,.T.);
#627 = VERTEX_POINT('',#628);
#628 = CARTESIAN_POINT('',(-46.,-45.,-22.));
#629 = LINE('',#630,#631);
#630 = CARTESIAN_POINT('',(-46.,19.75,-22.));
#631 = VECTOR('',#632,1.);
#632 = DIRECTION('',(0.,-1.,0.));
#633 = ORIENTED_EDGE('',*,*,#634,.T.);
#634 = EDGE_CURVE('',#627,#635,#637,.T.);
#635 = VERTEX_POINT('',#636);
#636 = CARTESIAN_POINT('',(-45.,-46.,-22.));
#637 = CIRCLE('',#638,1.);
#638 = AXIS2_PLACEMENT_3D('',#639,#640,#641);
#639 = CARTESIAN_POINT('',(-45.,-45.,-22.));
#640 = DIRECTION('',(0.,0.,1.));
#641 = DIRECTION('',(-1.,0.,0.));
#642 = ORIENTED_EDGE('',*,*,#643,.T.);
#643 = EDGE_CURVE('',#635,#644,#646,.T.);
#644 = VERTEX_POINT('',#645);
#645 = CARTESIAN_POINT('',(45.,-46.,-22.));
#646 = LINE('',#647,#648);
#647 = CARTESIAN_POINT('',(-45.,-46.,-22.));
#648 = VECTOR('',#649,1.);
#649 = DIRECTION('',(1.,0.,0.));
#650 = ORIENTED_EDGE('',*,*,#651,.T.);
#651 = EDGE_CURVE('',#644,#652,#654,.T.);
#652 = VERTEX_POINT('',#653);
#653 = CARTESIAN_POINT('',(46.,-45.,-22.));
#654 = CIRCLE('',#655,1.);
#655 = AXIS2_PLACEMENT_3D('',#656,#657,#658);
#656 = CARTESIAN_POINT('',(45.,-45.,-22.));
#657 = DIRECTION('',(-0.,0.,1.));
#658 = DIRECTION('',(0.,-1.,0.));
#659 = ORIENTED_EDGE('',*,*,#660,.T.);
#660 = EDGE_CURVE('',#652,#532,#661,.T.);
#661 = LINE('',#662,#663);
#662 = CARTESIAN_POINT('',(46.,-45.,-22.));
#663 = VECTOR('',#664,1.);
#664 = DIRECTION('',(0.,1.,0.));
#665 = FACE_BOUND('',#666,.T.);
#666 = EDGE_LOOP('',(#667));
#667 = ORIENTED_EDGE('',*,*,#668,.F.);
#668 = EDGE_CURVE('',#669,#669,#671,.T.);
#669 = VERTEX_POINT('',#670);
#670 = CARTESIAN_POINT('',(-14.2,-31.,-22.));
#671 = CIRCLE('',#672,5.);
#672 = AXIS2_PLACEMENT_3D('',#673,#674,#675);
#673 = CARTESIAN_POINT('',(-19.2,-31.,-22.));
#674 = DIRECTION('',(0.,0.,1.));
#675 = DIRECTION('',(1.,0.,0.));
#676 = FACE_BOUND('',#677,.T.);
#677 = EDGE_LOOP('',(#678));
#678 = ORIENTED_EDGE('',*,*,#679,.F.);
#679 = EDGE_CURVE('',#680,#680,#682,.T.);
#680 = VERTEX_POINT('',#681);
#681 = CARTESIAN_POINT('',(-28.96632595147,0.,-22.));
#682 = CIRCLE('',#683,1.5);
#683 = AXIS2_PLACEMENT_3D('',#684,#685,#686);
#684 = CARTESIAN_POINT('',(-30.46632595147,0.,-22.));
#685 = DIRECTION('',(0.,0.,1.));
#686 = DIRECTION('',(1.,0.,0.));
#687 = FACE_BOUND('',#688,.T.);
#688 = EDGE_LOOP('',(#689));
#689 = ORIENTED_EDGE('',*,*,#690,.F.);
#690 = EDGE_CURVE('',#691,#691,#693,.T.);
#691 = VERTEX_POINT('',#692);
#692 = CARTESIAN_POINT('',(-0.109144122987,16.617854615663,-22.));
#693 = CIRCLE('',#694,1.5);
#694 = AXIS2_PLACEMENT_3D('',#695,#696,#697);
#695 = CARTESIAN_POINT('',(-1.609144122987,16.617854615663,-22.));
#696 = DIRECTION('',(0.,0.,1.));
#697 = DIRECTION('',(1.,0.,0.));
#698 = FACE_BOUND('',#699,.T.);
#699 = EDGE_LOOP('',(#700));
#700 = ORIENTED_EDGE('',*,*,#701,.F.);
#701 = EDGE_CURVE('',#702,#702,#704,.T.);
#702 = VERTEX_POINT('',#703);
#703 = CARTESIAN_POINT('',(8.758780909826,39.647398065995,-22.));
#704 = CIRCLE('',#705,1.5);
#705 = AXIS2_PLACEMENT_3D('',#706,#707,#708);
#706 = CARTESIAN_POINT('',(7.258780909826,39.647398065995,-22.));
#707 = DIRECTION('',(0.,0.,1.));
#708 = DIRECTION('',(1.,0.,0.));
#709 = PLANE('',#710);
#710 = AXIS2_PLACEMENT_3D('',#711,#712,#713);
#711 = CARTESIAN_POINT('',(1.695665082441,-1.665665647689,-22.));
#712 = DIRECTION('',(0.,0.,1.));
#713 = DIRECTION('',(1.,0.,0.));
#714 = ADVANCED_FACE('',(#715),#740,.F.);
#715 = FACE_BOUND('',#716,.F.);
#716 = EDGE_LOOP('',(#717,#725,#733,#739));
#717 = ORIENTED_EDGE('',*,*,#718,.F.);
#718 = EDGE_CURVE('',#719,#147,#721,.T.);
#719 = VERTEX_POINT('',#720);
#720 = CARTESIAN_POINT('',(-48.35,-44.99998493769,-0.5));
#721 = LINE('',#722,#723);
#722 = CARTESIAN_POINT('',(-48.1,-44.99998493769,-0.25));
#723 = VECTOR('',#724,1.);
#724 = DIRECTION('',(0.707106781187,-7.759532102784E-17,0.707106781187)
  );
#725 = ORIENTED_EDGE('',*,*,#726,.T.);
#726 = EDGE_CURVE('',#719,#727,#729,.T.);
#727 = VERTEX_POINT('',#728);
#728 = CARTESIAN_POINT('',(-48.35,19.75,-0.5));
#729 = LINE('',#730,#731);
#730 = CARTESIAN_POINT('',(-48.35,-44.99998493769,-0.5));
#731 = VECTOR('',#732,1.);
#732 = DIRECTION('',(1.097363553743E-16,1.,0.));
#733 = ORIENTED_EDGE('',*,*,#734,.T.);
#734 = EDGE_CURVE('',#727,#149,#735,.T.);
#735 = LINE('',#736,#737);
#736 = CARTESIAN_POINT('',(-48.1,19.75,-0.25));
#737 = VECTOR('',#738,1.);
#738 = DIRECTION('',(0.707106781187,-7.759532102784E-17,0.707106781187)
  );
#739 = ORIENTED_EDGE('',*,*,#146,.F.);
#740 = PLANE('',#741);
#741 = AXIS2_PLACEMENT_3D('',#742,#743,#744);
#742 = CARTESIAN_POINT('',(-48.1,-44.99998493769,-0.25));
#743 = DIRECTION('',(0.707106781187,0.,-0.707106781187));
#744 = DIRECTION('',(5.486817768713E-17,1.,5.486817768713E-17));
#745 = ADVANCED_FACE('',(#746),#765,.T.);
#746 = FACE_BOUND('',#747,.F.);
#747 = EDGE_LOOP('',(#748,#756,#763,#764));
#748 = ORIENTED_EDGE('',*,*,#749,.F.);
#749 = EDGE_CURVE('',#750,#157,#752,.T.);
#750 = VERTEX_POINT('',#751);
#751 = CARTESIAN_POINT('',(-44.99998493769,-48.35,-0.5));
#752 = LINE('',#753,#754);
#753 = CARTESIAN_POINT('',(-44.99998493769,-48.1,-0.25));
#754 = VECTOR('',#755,1.);
#755 = DIRECTION('',(0.,0.707106781187,0.707106781187));
#756 = ORIENTED_EDGE('',*,*,#757,.T.);
#757 = EDGE_CURVE('',#750,#719,#758,.T.);
#758 = CIRCLE('',#759,3.350015062304);
#759 = AXIS2_PLACEMENT_3D('',#760,#761,#762);
#760 = CARTESIAN_POINT('',(-44.99998493769,-44.99998493769,-0.5));
#761 = DIRECTION('',(-0.,-0.,-1.));
#762 = DIRECTION('',(0.,-1.,0.));
#763 = ORIENTED_EDGE('',*,*,#718,.T.);
#764 = ORIENTED_EDGE('',*,*,#156,.F.);
#765 = CONICAL_SURFACE('',#766,3.350015062304,0.785398163397);
#766 = AXIS2_PLACEMENT_3D('',#767,#768,#769);
#767 = CARTESIAN_POINT('',(-44.99998493769,-44.99998493769,-0.5));
#768 = DIRECTION('',(-0.,-0.,-1.));
#769 = DIRECTION('',(0.,-1.,0.));
#770 = ADVANCED_FACE('',(#771),#790,.T.);
#771 = FACE_BOUND('',#772,.F.);
#772 = EDGE_LOOP('',(#773,#774,#783,#789));
#773 = ORIENTED_EDGE('',*,*,#734,.F.);
#774 = ORIENTED_EDGE('',*,*,#775,.T.);
#775 = EDGE_CURVE('',#727,#776,#778,.T.);
#776 = VERTEX_POINT('',#777);
#777 = CARTESIAN_POINT('',(-45.,23.1,-0.5));
#778 = CIRCLE('',#779,3.35);
#779 = AXIS2_PLACEMENT_3D('',#780,#781,#782);
#780 = CARTESIAN_POINT('',(-45.,19.75,-0.5));
#781 = DIRECTION('',(0.,0.,-1.));
#782 = DIRECTION('',(-1.,0.,0.));
#783 = ORIENTED_EDGE('',*,*,#784,.T.);
#784 = EDGE_CURVE('',#776,#234,#785,.T.);
#785 = LINE('',#786,#787);
#786 = CARTESIAN_POINT('',(-45.,23.1,-0.5));
#787 = VECTOR('',#788,1.);
#788 = DIRECTION('',(-3.339967156715E-14,-0.707106781187,0.707106781187)
  );
#789 = ORIENTED_EDGE('',*,*,#241,.F.);
#790 = CONICAL_SURFACE('',#791,3.35,0.785398163397);
#791 = AXIS2_PLACEMENT_3D('',#792,#793,#794);
#792 = CARTESIAN_POINT('',(-45.,19.75,-0.5));
#793 = DIRECTION('',(-0.,-0.,-1.));
#794 = DIRECTION('',(-1.,0.,0.));
#795 = ADVANCED_FACE('',(#796),#814,.T.);
#796 = FACE_BOUND('',#797,.F.);
#797 = EDGE_LOOP('',(#798,#806,#812,#813));
#798 = ORIENTED_EDGE('',*,*,#799,.F.);
#799 = EDGE_CURVE('',#800,#166,#802,.T.);
#800 = VERTEX_POINT('',#801);
#801 = CARTESIAN_POINT('',(45.,-48.35,-0.5));
#802 = LINE('',#803,#804);
#803 = CARTESIAN_POINT('',(45.,-48.35,-0.5));
#804 = VECTOR('',#805,1.);
#805 = DIRECTION('',(-4.329780281177E-17,0.707106781187,0.707106781187)
  );
#806 = ORIENTED_EDGE('',*,*,#807,.T.);
#807 = EDGE_CURVE('',#800,#750,#808,.T.);
#808 = LINE('',#809,#810);
#809 = CARTESIAN_POINT('',(45.,-48.35,-0.5));
#810 = VECTOR('',#811,1.);
#811 = DIRECTION('',(-1.,-0.,-0.));
#812 = ORIENTED_EDGE('',*,*,#749,.T.);
#813 = ORIENTED_EDGE('',*,*,#165,.F.);
#814 = PLANE('',#815);
#815 = AXIS2_PLACEMENT_3D('',#816,#817,#818);
#816 = CARTESIAN_POINT('',(45.,-48.1,-0.25));
#817 = DIRECTION('',(0.,-0.707106781187,0.707106781187));
#818 = DIRECTION('',(1.,0.,0.));
#819 = ADVANCED_FACE('',(#820),#838,.T.);
#820 = FACE_BOUND('',#821,.F.);
#821 = EDGE_LOOP('',(#822,#823,#831,#837));
#822 = ORIENTED_EDGE('',*,*,#784,.F.);
#823 = ORIENTED_EDGE('',*,*,#824,.T.);
#824 = EDGE_CURVE('',#776,#825,#827,.T.);
#825 = VERTEX_POINT('',#826);
#826 = CARTESIAN_POINT('',(-31.,23.099999999999,-0.5));
#827 = LINE('',#828,#829);
#828 = CARTESIAN_POINT('',(-45.,23.1,-0.5));
#829 = VECTOR('',#830,1.);
#830 = DIRECTION('',(1.,-4.745410413826E-14,0.));
#831 = ORIENTED_EDGE('',*,*,#832,.T.);
#832 = EDGE_CURVE('',#825,#225,#833,.T.);
#833 = LINE('',#834,#835);
#834 = CARTESIAN_POINT('',(-31.,22.849999999999,-0.25));
#835 = VECTOR('',#836,1.);
#836 = DIRECTION('',(-3.35551188313E-14,-0.707106781187,0.707106781187)
  );
#837 = ORIENTED_EDGE('',*,*,#233,.F.);
#838 = PLANE('',#839);
#839 = AXIS2_PLACEMENT_3D('',#840,#841,#842);
#840 = CARTESIAN_POINT('',(-45.,22.85,-0.25));
#841 = DIRECTION('',(3.340376608061E-14,0.707106781187,0.707106781187));
#842 = DIRECTION('',(-1.,4.73470815819E-14,-1.070225563644E-16));
#843 = ADVANCED_FACE('',(#844),#863,.T.);
#844 = FACE_BOUND('',#845,.F.);
#845 = EDGE_LOOP('',(#846,#854,#861,#862));
#846 = ORIENTED_EDGE('',*,*,#847,.F.);
#847 = EDGE_CURVE('',#848,#174,#850,.T.);
#848 = VERTEX_POINT('',#849);
#849 = CARTESIAN_POINT('',(48.35,-45.,-0.5));
#850 = LINE('',#851,#852);
#851 = CARTESIAN_POINT('',(48.1,-45.,-0.25));
#852 = VECTOR('',#853,1.);
#853 = DIRECTION('',(-0.707106781187,0.,0.707106781187));
#854 = ORIENTED_EDGE('',*,*,#855,.T.);
#855 = EDGE_CURVE('',#848,#800,#856,.T.);
#856 = CIRCLE('',#857,3.35);
#857 = AXIS2_PLACEMENT_3D('',#858,#859,#860);
#858 = CARTESIAN_POINT('',(45.,-45.,-0.5));
#859 = DIRECTION('',(0.,0.,-1.));
#860 = DIRECTION('',(1.,0.,0.));
#861 = ORIENTED_EDGE('',*,*,#799,.T.);
#862 = ORIENTED_EDGE('',*,*,#173,.F.);
#863 = CONICAL_SURFACE('',#864,3.35,0.785398163397);
#864 = AXIS2_PLACEMENT_3D('',#865,#866,#867);
#865 = CARTESIAN_POINT('',(45.,-45.,-0.5));
#866 = DIRECTION('',(-0.,-0.,-1.));
#867 = DIRECTION('',(1.,0.,0.));
#868 = ADVANCED_FACE('',(#869),#888,.F.);
#869 = FACE_BOUND('',#870,.F.);
#870 = EDGE_LOOP('',(#871,#872,#881,#887));
#871 = ORIENTED_EDGE('',*,*,#832,.F.);
#872 = ORIENTED_EDGE('',*,*,#873,.T.);
#873 = EDGE_CURVE('',#825,#874,#876,.T.);
#874 = VERTEX_POINT('',#875);
#875 = CARTESIAN_POINT('',(-26.34999999999,27.75,-0.5));
#876 = CIRCLE('',#877,4.650000000001);
#877 = AXIS2_PLACEMENT_3D('',#878,#879,#880);
#878 = CARTESIAN_POINT('',(-31.,27.75,-0.5));
#879 = DIRECTION('',(0.,0.,1.));
#880 = DIRECTION('',(-4.736951571733E-14,-1.,0.));
#881 = ORIENTED_EDGE('',*,*,#882,.T.);
#882 = EDGE_CURVE('',#874,#217,#883,.T.);
#883 = LINE('',#884,#885);
#884 = CARTESIAN_POINT('',(-26.34999999999,27.75,-0.5));
#885 = VECTOR('',#886,1.);
#886 = DIRECTION('',(0.707106781187,3.36613536436E-14,0.707106781187));
#887 = ORIENTED_EDGE('',*,*,#224,.F.);
#888 = CONICAL_SURFACE('',#889,4.650000000001,0.785398163397);
#889 = AXIS2_PLACEMENT_3D('',#890,#891,#892);
#890 = CARTESIAN_POINT('',(-31.,27.75,-0.5));
#891 = DIRECTION('',(0.,0.,1.));
#892 = DIRECTION('',(-4.736951571733E-14,-1.,0.));
#893 = ADVANCED_FACE('',(#894),#912,.T.);
#894 = FACE_BOUND('',#895,.F.);
#895 = EDGE_LOOP('',(#896,#904,#910,#911));
#896 = ORIENTED_EDGE('',*,*,#897,.F.);
#897 = EDGE_CURVE('',#898,#183,#900,.T.);
#898 = VERTEX_POINT('',#899);
#899 = CARTESIAN_POINT('',(48.35,45.,-0.5));
#900 = LINE('',#901,#902);
#901 = CARTESIAN_POINT('',(48.35,45.,-0.5));
#902 = VECTOR('',#903,1.);
#903 = DIRECTION('',(-0.707106781187,-4.276189419523E-16,0.707106781187)
  );
#904 = ORIENTED_EDGE('',*,*,#905,.T.);
#905 = EDGE_CURVE('',#898,#848,#906,.T.);
#906 = LINE('',#907,#908);
#907 = CARTESIAN_POINT('',(48.35,45.,-0.5));
#908 = VECTOR('',#909,1.);
#909 = DIRECTION('',(-0.,-1.,-0.));
#910 = ORIENTED_EDGE('',*,*,#847,.T.);
#911 = ORIENTED_EDGE('',*,*,#182,.F.);
#912 = PLANE('',#913);
#913 = AXIS2_PLACEMENT_3D('',#914,#915,#916);
#914 = CARTESIAN_POINT('',(48.1,45.,-0.25));
#915 = DIRECTION('',(0.707106781187,0.,0.707106781187));
#916 = DIRECTION('',(0.,1.,0.));
#917 = ADVANCED_FACE('',(#918),#936,.T.);
#918 = FACE_BOUND('',#919,.F.);
#919 = EDGE_LOOP('',(#920,#921,#929,#935));
#920 = ORIENTED_EDGE('',*,*,#882,.F.);
#921 = ORIENTED_EDGE('',*,*,#922,.T.);
#922 = EDGE_CURVE('',#874,#923,#925,.T.);
#923 = VERTEX_POINT('',#924);
#924 = CARTESIAN_POINT('',(-26.35,45.,-0.5));
#925 = LINE('',#926,#927);
#926 = CARTESIAN_POINT('',(-26.34999999999,27.75,-0.5));
#927 = VECTOR('',#928,1.);
#928 = DIRECTION('',(-4.778142454966E-14,1.,0.));
#929 = ORIENTED_EDGE('',*,*,#930,.T.);
#930 = EDGE_CURVE('',#923,#208,#931,.T.);
#931 = LINE('',#932,#933);
#932 = CARTESIAN_POINT('',(-26.1,45.,-0.25));
#933 = VECTOR('',#934,1.);
#934 = DIRECTION('',(0.707106781187,3.378656931382E-14,0.707106781187));
#935 = ORIENTED_EDGE('',*,*,#216,.F.);
#936 = PLANE('',#937);
#937 = AXIS2_PLACEMENT_3D('',#938,#939,#940);
#938 = CARTESIAN_POINT('',(-26.09999999999,27.75,-0.25));
#939 = DIRECTION('',(-0.707106781187,-3.366114620243E-14,0.707106781187)
  );
#940 = DIRECTION('',(4.769273701708E-14,-1.,8.868753258289E-17));
#941 = ADVANCED_FACE('',(#942),#961,.T.);
#942 = FACE_BOUND('',#943,.F.);
#943 = EDGE_LOOP('',(#944,#952,#959,#960));
#944 = ORIENTED_EDGE('',*,*,#945,.F.);
#945 = EDGE_CURVE('',#946,#191,#948,.T.);
#946 = VERTEX_POINT('',#947);
#947 = CARTESIAN_POINT('',(45.,48.35,-0.5));
#948 = LINE('',#949,#950);
#949 = CARTESIAN_POINT('',(45.,48.1,-0.25));
#950 = VECTOR('',#951,1.);
#951 = DIRECTION('',(-1.625507486637E-15,-0.707106781187,0.707106781187)
  );
#952 = ORIENTED_EDGE('',*,*,#953,.T.);
#953 = EDGE_CURVE('',#946,#898,#954,.T.);
#954 = CIRCLE('',#955,3.35);
#955 = AXIS2_PLACEMENT_3D('',#956,#957,#958);
#956 = CARTESIAN_POINT('',(45.,45.,-0.5));
#957 = DIRECTION('',(0.,0.,-1.));
#958 = DIRECTION('',(2.121023091821E-15,1.,0.));
#959 = ORIENTED_EDGE('',*,*,#897,.T.);
#960 = ORIENTED_EDGE('',*,*,#190,.F.);
#961 = CONICAL_SURFACE('',#962,3.35,0.785398163397);
#962 = AXIS2_PLACEMENT_3D('',#963,#964,#965);
#963 = CARTESIAN_POINT('',(45.,45.,-0.5));
#964 = DIRECTION('',(-0.,-0.,-1.));
#965 = DIRECTION('',(2.121023091821E-15,1.,0.));
#966 = ADVANCED_FACE('',(#967),#986,.T.);
#967 = FACE_BOUND('',#968,.F.);
#968 = EDGE_LOOP('',(#969,#970,#979,#985));
#969 = ORIENTED_EDGE('',*,*,#930,.F.);
#970 = ORIENTED_EDGE('',*,*,#971,.T.);
#971 = EDGE_CURVE('',#923,#972,#974,.T.);
#972 = VERTEX_POINT('',#973);
#973 = CARTESIAN_POINT('',(-23.,48.35,-0.5));
#974 = CIRCLE('',#975,3.35);
#975 = AXIS2_PLACEMENT_3D('',#976,#977,#978);
#976 = CARTESIAN_POINT('',(-23.,45.,-0.5));
#977 = DIRECTION('',(-0.,0.,-1.));
#978 = DIRECTION('',(-1.,-4.878353111189E-14,0.));
#979 = ORIENTED_EDGE('',*,*,#980,.T.);
#980 = EDGE_CURVE('',#972,#200,#981,.T.);
#981 = LINE('',#982,#983);
#982 = CARTESIAN_POINT('',(-23.,48.35,-0.5));
#983 = VECTOR('',#984,1.);
#984 = DIRECTION('',(-6.316076122641E-16,-0.707106781187,0.707106781187)
  );
#985 = ORIENTED_EDGE('',*,*,#207,.F.);
#986 = CONICAL_SURFACE('',#987,3.35,0.785398163397);
#987 = AXIS2_PLACEMENT_3D('',#988,#989,#990);
#988 = CARTESIAN_POINT('',(-23.,45.,-0.5));
#989 = DIRECTION('',(-0.,-0.,-1.));
#990 = DIRECTION('',(-1.,-4.878353111189E-14,0.));
#991 = ADVANCED_FACE('',(#992),#1003,.F.);
#992 = FACE_BOUND('',#993,.F.);
#993 = EDGE_LOOP('',(#994,#995,#1001,#1002));
#994 = ORIENTED_EDGE('',*,*,#980,.F.);
#995 = ORIENTED_EDGE('',*,*,#996,.T.);
#996 = EDGE_CURVE('',#972,#946,#997,.T.);
#997 = LINE('',#998,#999);
#998 = CARTESIAN_POINT('',(-23.,48.35,-0.5));
#999 = VECTOR('',#1000,1.);
#1000 = DIRECTION('',(1.,-2.298814733342E-15,0.));
#1001 = ORIENTED_EDGE('',*,*,#945,.T.);
#1002 = ORIENTED_EDGE('',*,*,#199,.F.);
#1003 = PLANE('',#1004);
#1004 = AXIS2_PLACEMENT_3D('',#1005,#1006,#1007);
#1005 = CARTESIAN_POINT('',(-23.,48.1,-0.25));
#1006 = DIRECTION('',(-1.50949963338E-15,-0.707106781187,-0.707106781187
    ));
#1007 = DIRECTION('',(1.,-2.216784793633E-15,8.202993970895E-17));
#1008 = ADVANCED_FACE('',(#1009),#1028,.F.);
#1009 = FACE_BOUND('',#1010,.F.);
#1010 = EDGE_LOOP('',(#1011,#1012,#1021,#1027));
#1011 = ORIENTED_EDGE('',*,*,#453,.T.);
#1012 = ORIENTED_EDGE('',*,*,#1013,.T.);
#1013 = EDGE_CURVE('',#454,#1014,#1016,.T.);
#1014 = VERTEX_POINT('',#1015);
#1015 = CARTESIAN_POINT('',(-45.,-47.,-21.));
#1016 = CIRCLE('',#1017,2.);
#1017 = AXIS2_PLACEMENT_3D('',#1018,#1019,#1020);
#1018 = CARTESIAN_POINT('',(-45.,-45.,-21.));
#1019 = DIRECTION('',(0.,0.,1.));
#1020 = DIRECTION('',(-1.,0.,0.));
#1021 = ORIENTED_EDGE('',*,*,#1022,.F.);
#1022 = EDGE_CURVE('',#253,#1014,#1023,.T.);
#1023 = LINE('',#1024,#1025);
#1024 = CARTESIAN_POINT('',(-45.,-47.,0.));
#1025 = VECTOR('',#1026,1.);
#1026 = DIRECTION('',(-0.,-0.,-1.));
#1027 = ORIENTED_EDGE('',*,*,#250,.F.);
#1028 = CYLINDRICAL_SURFACE('',#1029,2.);
#1029 = AXIS2_PLACEMENT_3D('',#1030,#1031,#1032);
#1030 = CARTESIAN_POINT('',(-45.,-45.,0.));
#1031 = DIRECTION('',(0.,0.,1.));
#1032 = DIRECTION('',(1.,0.,0.));
#1033 = ADVANCED_FACE('',(#1034,#1052,#1086,#1120,#1154),#1188,.F.);
#1034 = FACE_BOUND('',#1035,.F.);
#1035 = EDGE_LOOP('',(#1036,#1044,#1045,#1046));
#1036 = ORIENTED_EDGE('',*,*,#1037,.F.);
#1037 = EDGE_CURVE('',#321,#1038,#1040,.T.);
#1038 = VERTEX_POINT('',#1039);
#1039 = CARTESIAN_POINT('',(45.,-47.,-21.));
#1040 = LINE('',#1041,#1042);
#1041 = CARTESIAN_POINT('',(45.,-47.,0.));
#1042 = VECTOR('',#1043,1.);
#1043 = DIRECTION('',(-0.,-0.,-1.));
#1044 = ORIENTED_EDGE('',*,*,#329,.F.);
#1045 = ORIENTED_EDGE('',*,*,#1022,.T.);
#1046 = ORIENTED_EDGE('',*,*,#1047,.T.);
#1047 = EDGE_CURVE('',#1014,#1038,#1048,.T.);
#1048 = LINE('',#1049,#1050);
#1049 = CARTESIAN_POINT('',(-45.,-47.,-21.));
#1050 = VECTOR('',#1051,1.);
#1051 = DIRECTION('',(1.,0.,0.));
#1052 = FACE_BOUND('',#1053,.F.);
#1053 = EDGE_LOOP('',(#1054,#1064,#1072,#1080));
#1054 = ORIENTED_EDGE('',*,*,#1055,.F.);
#1055 = EDGE_CURVE('',#1056,#1058,#1060,.T.);
#1056 = VERTEX_POINT('',#1057);
#1057 = CARTESIAN_POINT('',(15.1,-47.,-7.05));
#1058 = VERTEX_POINT('',#1059);
#1059 = CARTESIAN_POINT('',(4.7,-47.,-7.05));
#1060 = LINE('',#1061,#1062);
#1061 = CARTESIAN_POINT('',(14.8,-47.,-7.05));
#1062 = VECTOR('',#1063,1.);
#1063 = DIRECTION('',(-1.,0.,0.));
#1064 = ORIENTED_EDGE('',*,*,#1065,.F.);
#1065 = EDGE_CURVE('',#1066,#1056,#1068,.T.);
#1066 = VERTEX_POINT('',#1067);
#1067 = CARTESIAN_POINT('',(15.1,-47.,-14.95));
#1068 = LINE('',#1069,#1070);
#1069 = CARTESIAN_POINT('',(15.1,-47.,-14.65));
#1070 = VECTOR('',#1071,1.);
#1071 = DIRECTION('',(0.,2.22044604925E-16,1.));
#1072 = ORIENTED_EDGE('',*,*,#1073,.F.);
#1073 = EDGE_CURVE('',#1074,#1066,#1076,.T.);
#1074 = VERTEX_POINT('',#1075);
#1075 = CARTESIAN_POINT('',(4.7,-47.,-14.95));
#1076 = LINE('',#1077,#1078);
#1077 = CARTESIAN_POINT('',(5.,-47.,-14.95));
#1078 = VECTOR('',#1079,1.);
#1079 = DIRECTION('',(1.,0.,0.));
#1080 = ORIENTED_EDGE('',*,*,#1081,.F.);
#1081 = EDGE_CURVE('',#1058,#1074,#1082,.T.);
#1082 = LINE('',#1083,#1084);
#1083 = CARTESIAN_POINT('',(4.7,-47.,-7.35));
#1084 = VECTOR('',#1085,1.);
#1085 = DIRECTION('',(0.,-2.22044604925E-16,-1.));
#1086 = FACE_BOUND('',#1087,.F.);
#1087 = EDGE_LOOP('',(#1088,#1098,#1106,#1114));
#1088 = ORIENTED_EDGE('',*,*,#1089,.F.);
#1089 = EDGE_CURVE('',#1090,#1092,#1094,.T.);
#1090 = VERTEX_POINT('',#1091);
#1091 = CARTESIAN_POINT('',(24.6,-47.,-14.95));
#1092 = VERTEX_POINT('',#1093);
#1093 = CARTESIAN_POINT('',(35.,-47.,-14.95));
#1094 = LINE('',#1095,#1096);
#1095 = CARTESIAN_POINT('',(24.9,-47.,-14.95));
#1096 = VECTOR('',#1097,1.);
#1097 = DIRECTION('',(1.,0.,0.));
#1098 = ORIENTED_EDGE('',*,*,#1099,.F.);
#1099 = EDGE_CURVE('',#1100,#1090,#1102,.T.);
#1100 = VERTEX_POINT('',#1101);
#1101 = CARTESIAN_POINT('',(24.6,-47.,-7.05));
#1102 = LINE('',#1103,#1104);
#1103 = CARTESIAN_POINT('',(24.6,-47.,-7.35));
#1104 = VECTOR('',#1105,1.);
#1105 = DIRECTION('',(0.,-2.22044604925E-16,-1.));
#1106 = ORIENTED_EDGE('',*,*,#1107,.F.);
#1107 = EDGE_CURVE('',#1108,#1100,#1110,.T.);
#1108 = VERTEX_POINT('',#1109);
#1109 = CARTESIAN_POINT('',(35.,-47.,-7.05));
#1110 = LINE('',#1111,#1112);
#1111 = CARTESIAN_POINT('',(34.7,-47.,-7.05));
#1112 = VECTOR('',#1113,1.);
#1113 = DIRECTION('',(-1.,0.,0.));
#1114 = ORIENTED_EDGE('',*,*,#1115,.F.);
#1115 = EDGE_CURVE('',#1092,#1108,#1116,.T.);
#1116 = LINE('',#1117,#1118);
#1117 = CARTESIAN_POINT('',(35.,-47.,-14.65));
#1118 = VECTOR('',#1119,1.);
#1119 = DIRECTION('',(0.,2.22044604925E-16,1.));
#1120 = FACE_BOUND('',#1121,.F.);
#1121 = EDGE_LOOP('',(#1122,#1132,#1140,#1148));
#1122 = ORIENTED_EDGE('',*,*,#1123,.F.);
#1123 = EDGE_CURVE('',#1124,#1126,#1128,.T.);
#1124 = VERTEX_POINT('',#1125);
#1125 = CARTESIAN_POINT('',(-4.8,-47.,-14.95));
#1126 = VERTEX_POINT('',#1127);
#1127 = CARTESIAN_POINT('',(-4.8,-47.,-7.05));
#1128 = LINE('',#1129,#1130);
#1129 = CARTESIAN_POINT('',(-4.8,-47.,-14.65));
#1130 = VECTOR('',#1131,1.);
#1131 = DIRECTION('',(0.,2.22044604925E-16,1.));
#1132 = ORIENTED_EDGE('',*,*,#1133,.F.);
#1133 = EDGE_CURVE('',#1134,#1124,#1136,.T.);
#1134 = VERTEX_POINT('',#1135);
#1135 = CARTESIAN_POINT('',(-15.2,-47.,-14.95));
#1136 = LINE('',#1137,#1138);
#1137 = CARTESIAN_POINT('',(-14.9,-47.,-14.95));
#1138 = VECTOR('',#1139,1.);
#1139 = DIRECTION('',(1.,0.,0.));
#1140 = ORIENTED_EDGE('',*,*,#1141,.F.);
#1141 = EDGE_CURVE('',#1142,#1134,#1144,.T.);
#1142 = VERTEX_POINT('',#1143);
#1143 = CARTESIAN_POINT('',(-15.2,-47.,-7.05));
#1144 = LINE('',#1145,#1146);
#1145 = CARTESIAN_POINT('',(-15.2,-47.,-7.35));
#1146 = VECTOR('',#1147,1.);
#1147 = DIRECTION('',(0.,-2.22044604925E-16,-1.));
#1148 = ORIENTED_EDGE('',*,*,#1149,.F.);
#1149 = EDGE_CURVE('',#1126,#1142,#1150,.T.);
#1150 = LINE('',#1151,#1152);
#1151 = CARTESIAN_POINT('',(-5.1,-47.,-7.05));
#1152 = VECTOR('',#1153,1.);
#1153 = DIRECTION('',(-1.,0.,0.));
#1154 = FACE_BOUND('',#1155,.F.);
#1155 = EDGE_LOOP('',(#1156,#1166,#1174,#1182));
#1156 = ORIENTED_EDGE('',*,*,#1157,.F.);
#1157 = EDGE_CURVE('',#1158,#1160,#1162,.T.);
#1158 = VERTEX_POINT('',#1159);
#1159 = CARTESIAN_POINT('',(-24.7,-47.,-7.05));
#1160 = VERTEX_POINT('',#1161);
#1161 = CARTESIAN_POINT('',(-35.1,-47.,-7.05));
#1162 = LINE('',#1163,#1164);
#1163 = CARTESIAN_POINT('',(-25.,-47.,-7.05));
#1164 = VECTOR('',#1165,1.);
#1165 = DIRECTION('',(-1.,0.,0.));
#1166 = ORIENTED_EDGE('',*,*,#1167,.F.);
#1167 = EDGE_CURVE('',#1168,#1158,#1170,.T.);
#1168 = VERTEX_POINT('',#1169);
#1169 = CARTESIAN_POINT('',(-24.7,-47.,-14.95));
#1170 = LINE('',#1171,#1172);
#1171 = CARTESIAN_POINT('',(-24.7,-47.,-14.65));
#1172 = VECTOR('',#1173,1.);
#1173 = DIRECTION('',(0.,2.22044604925E-16,1.));
#1174 = ORIENTED_EDGE('',*,*,#1175,.F.);
#1175 = EDGE_CURVE('',#1176,#1168,#1178,.T.);
#1176 = VERTEX_POINT('',#1177);
#1177 = CARTESIAN_POINT('',(-35.1,-47.,-14.95));
#1178 = LINE('',#1179,#1180);
#1179 = CARTESIAN_POINT('',(-34.8,-47.,-14.95));
#1180 = VECTOR('',#1181,1.);
#1181 = DIRECTION('',(1.,0.,0.));
#1182 = ORIENTED_EDGE('',*,*,#1183,.F.);
#1183 = EDGE_CURVE('',#1160,#1176,#1184,.T.);
#1184 = LINE('',#1185,#1186);
#1185 = CARTESIAN_POINT('',(-35.1,-47.,-7.35));
#1186 = VECTOR('',#1187,1.);
#1187 = DIRECTION('',(0.,-2.22044604925E-16,-1.));
#1188 = PLANE('',#1189);
#1189 = AXIS2_PLACEMENT_3D('',#1190,#1191,#1192);
#1190 = CARTESIAN_POINT('',(-45.,-47.,0.));
#1191 = DIRECTION('',(0.,-1.,0.));
#1192 = DIRECTION('',(1.,0.,0.));
#1193 = ADVANCED_FACE('',(#1194),#1213,.F.);
#1194 = FACE_BOUND('',#1195,.F.);
#1195 = EDGE_LOOP('',(#1196,#1204,#1205,#1206));
#1196 = ORIENTED_EDGE('',*,*,#1197,.F.);
#1197 = EDGE_CURVE('',#313,#1198,#1200,.T.);
#1198 = VERTEX_POINT('',#1199);
#1199 = CARTESIAN_POINT('',(47.,-45.,-21.));
#1200 = LINE('',#1201,#1202);
#1201 = CARTESIAN_POINT('',(47.,-45.,0.));
#1202 = VECTOR('',#1203,1.);
#1203 = DIRECTION('',(-0.,-0.,-1.));
#1204 = ORIENTED_EDGE('',*,*,#320,.F.);
#1205 = ORIENTED_EDGE('',*,*,#1037,.T.);
#1206 = ORIENTED_EDGE('',*,*,#1207,.T.);
#1207 = EDGE_CURVE('',#1038,#1198,#1208,.T.);
#1208 = CIRCLE('',#1209,2.);
#1209 = AXIS2_PLACEMENT_3D('',#1210,#1211,#1212);
#1210 = CARTESIAN_POINT('',(45.,-45.,-21.));
#1211 = DIRECTION('',(-0.,0.,1.));
#1212 = DIRECTION('',(0.,-1.,0.));
#1213 = CYLINDRICAL_SURFACE('',#1214,2.);
#1214 = AXIS2_PLACEMENT_3D('',#1215,#1216,#1217);
#1215 = CARTESIAN_POINT('',(45.,-45.,0.));
#1216 = DIRECTION('',(0.,0.,1.));
#1217 = DIRECTION('',(1.,0.,0.));
#1218 = ADVANCED_FACE('',(#1219,#1337),#1407,.F.);
#1219 = FACE_BOUND('',#1220,.F.);
#1220 = EDGE_LOOP('',(#1221,#1231,#1239,#1245,#1246,#1247,#1255,#1263,
    #1272,#1280,#1289,#1297,#1305,#1313,#1322,#1330));
#1221 = ORIENTED_EDGE('',*,*,#1222,.T.);
#1222 = EDGE_CURVE('',#1223,#1225,#1227,.T.);
#1223 = VERTEX_POINT('',#1224);
#1224 = CARTESIAN_POINT('',(47.,33.71293199325,-16.3));
#1225 = VERTEX_POINT('',#1226);
#1226 = CARTESIAN_POINT('',(47.,33.71293199325,-21.));
#1227 = LINE('',#1228,#1229);
#1228 = CARTESIAN_POINT('',(47.,33.71293199325,-22.));
#1229 = VECTOR('',#1230,1.);
#1230 = DIRECTION('',(-0.,-0.,-1.));
#1231 = ORIENTED_EDGE('',*,*,#1232,.T.);
#1232 = EDGE_CURVE('',#1225,#1233,#1235,.T.);
#1233 = VERTEX_POINT('',#1234);
#1234 = CARTESIAN_POINT('',(47.,45.,-21.));
#1235 = LINE('',#1236,#1237);
#1236 = CARTESIAN_POINT('',(47.,33.71293199325,-21.));
#1237 = VECTOR('',#1238,1.);
#1238 = DIRECTION('',(0.,1.,0.));
#1239 = ORIENTED_EDGE('',*,*,#1240,.F.);
#1240 = EDGE_CURVE('',#304,#1233,#1241,.T.);
#1241 = LINE('',#1242,#1243);
#1242 = CARTESIAN_POINT('',(47.,45.,0.));
#1243 = VECTOR('',#1244,1.);
#1244 = DIRECTION('',(-0.,-0.,-1.));
#1245 = ORIENTED_EDGE('',*,*,#312,.F.);
#1246 = ORIENTED_EDGE('',*,*,#1197,.T.);
#1247 = ORIENTED_EDGE('',*,*,#1248,.T.);
#1248 = EDGE_CURVE('',#1198,#1249,#1251,.T.);
#1249 = VERTEX_POINT('',#1250);
#1250 = CARTESIAN_POINT('',(47.,-33.71293199325,-21.));
#1251 = LINE('',#1252,#1253);
#1252 = CARTESIAN_POINT('',(47.,-45.,-21.));
#1253 = VECTOR('',#1254,1.);
#1254 = DIRECTION('',(0.,1.,0.));
#1255 = ORIENTED_EDGE('',*,*,#1256,.F.);
#1256 = EDGE_CURVE('',#1257,#1249,#1259,.T.);
#1257 = VERTEX_POINT('',#1258);
#1258 = CARTESIAN_POINT('',(47.,-33.71293199325,-16.3));
#1259 = LINE('',#1260,#1261);
#1260 = CARTESIAN_POINT('',(47.,-33.71293199325,-22.));
#1261 = VECTOR('',#1262,1.);
#1262 = DIRECTION('',(-0.,-0.,-1.));
#1263 = ORIENTED_EDGE('',*,*,#1264,.T.);
#1264 = EDGE_CURVE('',#1257,#1265,#1267,.T.);
#1265 = VERTEX_POINT('',#1266);
#1266 = CARTESIAN_POINT('',(47.,-33.10950231097,-16.));
#1267 = HYPERBOLA('',#1268,4.2,4.2);
#1268 = AXIS2_PLACEMENT_3D('',#1269,#1270,#1271);
#1269 = CARTESIAN_POINT('',(47.,-31.,-11.3));
#1270 = DIRECTION('',(1.,-0.,0.));
#1271 = DIRECTION('',(0.,0.,-1.));
#1272 = ORIENTED_EDGE('',*,*,#1273,.F.);
#1273 = EDGE_CURVE('',#1274,#1265,#1276,.T.);
#1274 = VERTEX_POINT('',#1275);
#1275 = CARTESIAN_POINT('',(47.,-28.89049768902,-16.));
#1276 = LINE('',#1277,#1278);
#1277 = CARTESIAN_POINT('',(47.,-22.5,-16.));
#1278 = VECTOR('',#1279,1.);
#1279 = DIRECTION('',(0.,-1.,0.));
#1280 = ORIENTED_EDGE('',*,*,#1281,.F.);
#1281 = EDGE_CURVE('',#1282,#1274,#1284,.T.);
#1282 = VERTEX_POINT('',#1283);
#1283 = CARTESIAN_POINT('',(47.,-28.28706800675,-16.3));
#1284 = HYPERBOLA('',#1285,4.2,4.2);
#1285 = AXIS2_PLACEMENT_3D('',#1286,#1287,#1288);
#1286 = CARTESIAN_POINT('',(47.,-31.,-11.3));
#1287 = DIRECTION('',(-1.,-0.,-0.));
#1288 = DIRECTION('',(0.,0.,-1.));
#1289 = ORIENTED_EDGE('',*,*,#1290,.T.);
#1290 = EDGE_CURVE('',#1282,#1291,#1293,.T.);
#1291 = VERTEX_POINT('',#1292);
#1292 = CARTESIAN_POINT('',(47.,-28.28706800675,-21.));
#1293 = LINE('',#1294,#1295);
#1294 = CARTESIAN_POINT('',(47.,-28.28706800675,-22.));
#1295 = VECTOR('',#1296,1.);
#1296 = DIRECTION('',(-0.,-0.,-1.));
#1297 = ORIENTED_EDGE('',*,*,#1298,.F.);
#1298 = EDGE_CURVE('',#1299,#1291,#1301,.T.);
#1299 = VERTEX_POINT('',#1300);
#1300 = CARTESIAN_POINT('',(47.,28.28706800675,-21.));
#1301 = LINE('',#1302,#1303);
#1302 = CARTESIAN_POINT('',(47.,28.28706800675,-21.));
#1303 = VECTOR('',#1304,1.);
#1304 = DIRECTION('',(0.,-1.,0.));
#1305 = ORIENTED_EDGE('',*,*,#1306,.F.);
#1306 = EDGE_CURVE('',#1307,#1299,#1309,.T.);
#1307 = VERTEX_POINT('',#1308);
#1308 = CARTESIAN_POINT('',(47.,28.28706800675,-16.3));
#1309 = LINE('',#1310,#1311);
#1310 = CARTESIAN_POINT('',(47.,28.28706800675,-22.));
#1311 = VECTOR('',#1312,1.);
#1312 = DIRECTION('',(-0.,-0.,-1.));
#1313 = ORIENTED_EDGE('',*,*,#1314,.T.);
#1314 = EDGE_CURVE('',#1307,#1315,#1317,.T.);
#1315 = VERTEX_POINT('',#1316);
#1316 = CARTESIAN_POINT('',(47.,28.890497689027,-16.));
#1317 = HYPERBOLA('',#1318,4.2,4.2);
#1318 = AXIS2_PLACEMENT_3D('',#1319,#1320,#1321);
#1319 = CARTESIAN_POINT('',(47.,31.,-11.3));
#1320 = DIRECTION('',(1.,-0.,0.));
#1321 = DIRECTION('',(0.,0.,-1.));
#1322 = ORIENTED_EDGE('',*,*,#1323,.F.);
#1323 = EDGE_CURVE('',#1324,#1315,#1326,.T.);
#1324 = VERTEX_POINT('',#1325);
#1325 = CARTESIAN_POINT('',(47.,33.109502310973,-16.));
#1326 = LINE('',#1327,#1328);
#1327 = CARTESIAN_POINT('',(47.,-22.5,-16.));
#1328 = VECTOR('',#1329,1.);
#1329 = DIRECTION('',(0.,-1.,0.));
#1330 = ORIENTED_EDGE('',*,*,#1331,.F.);
#1331 = EDGE_CURVE('',#1223,#1324,#1332,.T.);
#1332 = HYPERBOLA('',#1333,4.2,4.2);
#1333 = AXIS2_PLACEMENT_3D('',#1334,#1335,#1336);
#1334 = CARTESIAN_POINT('',(47.,31.,-11.3));
#1335 = DIRECTION('',(-1.,-0.,-0.));
#1336 = DIRECTION('',(0.,0.,-1.));
#1337 = FACE_BOUND('',#1338,.F.);
#1338 = EDGE_LOOP('',(#1339,#1349,#1358,#1366,#1375,#1383,#1392,#1400));
#1339 = ORIENTED_EDGE('',*,*,#1340,.F.);
#1340 = EDGE_CURVE('',#1341,#1343,#1345,.T.);
#1341 = VERTEX_POINT('',#1342);
#1342 = CARTESIAN_POINT('',(47.,20.12,-10.7768));
#1343 = VERTEX_POINT('',#1344);
#1344 = CARTESIAN_POINT('',(47.,12.88,-10.7768));
#1345 = LINE('',#1346,#1347);
#1346 = CARTESIAN_POINT('',(47.,20.12,-10.7768));
#1347 = VECTOR('',#1348,1.);
#1348 = DIRECTION('',(0.,-1.,0.));
#1349 = ORIENTED_EDGE('',*,*,#1350,.F.);
#1350 = EDGE_CURVE('',#1351,#1341,#1353,.T.);
#1351 = VERTEX_POINT('',#1352);
#1352 = CARTESIAN_POINT('',(47.,21.42,-12.0768));
#1353 = CIRCLE('',#1354,1.3);
#1354 = AXIS2_PLACEMENT_3D('',#1355,#1356,#1357);
#1355 = CARTESIAN_POINT('',(47.,20.12,-12.0768));
#1356 = DIRECTION('',(1.,0.,0.));
#1357 = DIRECTION('',(0.,1.,0.));
#1358 = ORIENTED_EDGE('',*,*,#1359,.F.);
#1359 = EDGE_CURVE('',#1360,#1351,#1362,.T.);
#1360 = VERTEX_POINT('',#1361);
#1361 = CARTESIAN_POINT('',(47.,21.42,-13.5368));
#1362 = LINE('',#1363,#1364);
#1363 = CARTESIAN_POINT('',(47.,21.42,-13.5368));
#1364 = VECTOR('',#1365,1.);
#1365 = DIRECTION('',(0.,0.,1.));
#1366 = ORIENTED_EDGE('',*,*,#1367,.F.);
#1367 = EDGE_CURVE('',#1368,#1360,#1370,.T.);
#1368 = VERTEX_POINT('',#1369);
#1369 = CARTESIAN_POINT('',(47.,20.12,-14.8368));
#1370 = CIRCLE('',#1371,1.3);
#1371 = AXIS2_PLACEMENT_3D('',#1372,#1373,#1374);
#1372 = CARTESIAN_POINT('',(47.,20.12,-13.5368));
#1373 = DIRECTION('',(1.,-0.,0.));
#1374 = DIRECTION('',(0.,0.,-1.));
#1375 = ORIENTED_EDGE('',*,*,#1376,.F.);
#1376 = EDGE_CURVE('',#1377,#1368,#1379,.T.);
#1377 = VERTEX_POINT('',#1378);
#1378 = CARTESIAN_POINT('',(47.,12.88,-14.8368));
#1379 = LINE('',#1380,#1381);
#1380 = CARTESIAN_POINT('',(47.,12.88,-14.8368));
#1381 = VECTOR('',#1382,1.);
#1382 = DIRECTION('',(0.,1.,0.));
#1383 = ORIENTED_EDGE('',*,*,#1384,.F.);
#1384 = EDGE_CURVE('',#1385,#1377,#1387,.T.);
#1385 = VERTEX_POINT('',#1386);
#1386 = CARTESIAN_POINT('',(47.,11.58,-13.5368));
#1387 = CIRCLE('',#1388,1.3);
#1388 = AXIS2_PLACEMENT_3D('',#1389,#1390,#1391);
#1389 = CARTESIAN_POINT('',(47.,12.88,-13.5368));
#1390 = DIRECTION('',(1.,0.,0.));
#1391 = DIRECTION('',(0.,-1.,0.));
#1392 = ORIENTED_EDGE('',*,*,#1393,.F.);
#1393 = EDGE_CURVE('',#1394,#1385,#1396,.T.);
#1394 = VERTEX_POINT('',#1395);
#1395 = CARTESIAN_POINT('',(47.,11.58,-12.0768));
#1396 = LINE('',#1397,#1398);
#1397 = CARTESIAN_POINT('',(47.,11.58,-12.0768));
#1398 = VECTOR('',#1399,1.);
#1399 = DIRECTION('',(0.,0.,-1.));
#1400 = ORIENTED_EDGE('',*,*,#1401,.F.);
#1401 = EDGE_CURVE('',#1343,#1394,#1402,.T.);
#1402 = CIRCLE('',#1403,1.3);
#1403 = AXIS2_PLACEMENT_3D('',#1404,#1405,#1406);
#1404 = CARTESIAN_POINT('',(47.,12.88,-12.0768));
#1405 = DIRECTION('',(1.,0.,-0.));
#1406 = DIRECTION('',(0.,3.552713678801E-15,1.));
#1407 = PLANE('',#1408);
#1408 = AXIS2_PLACEMENT_3D('',#1409,#1410,#1411);
#1409 = CARTESIAN_POINT('',(47.,-45.,0.));
#1410 = DIRECTION('',(1.,0.,0.));
#1411 = DIRECTION('',(0.,1.,0.));
#1412 = ADVANCED_FACE('',(#1413),#1432,.F.);
#1413 = FACE_BOUND('',#1414,.F.);
#1414 = EDGE_LOOP('',(#1415,#1423,#1424,#1425));
#1415 = ORIENTED_EDGE('',*,*,#1416,.F.);
#1416 = EDGE_CURVE('',#296,#1417,#1419,.T.);
#1417 = VERTEX_POINT('',#1418);
#1418 = CARTESIAN_POINT('',(45.,47.,-21.));
#1419 = LINE('',#1420,#1421);
#1420 = CARTESIAN_POINT('',(45.,47.,0.));
#1421 = VECTOR('',#1422,1.);
#1422 = DIRECTION('',(-0.,-0.,-1.));
#1423 = ORIENTED_EDGE('',*,*,#303,.F.);
#1424 = ORIENTED_EDGE('',*,*,#1240,.T.);
#1425 = ORIENTED_EDGE('',*,*,#1426,.T.);
#1426 = EDGE_CURVE('',#1233,#1417,#1427,.T.);
#1427 = CIRCLE('',#1428,2.);
#1428 = AXIS2_PLACEMENT_3D('',#1429,#1430,#1431);
#1429 = CARTESIAN_POINT('',(45.,45.,-21.));
#1430 = DIRECTION('',(0.,0.,1.));
#1431 = DIRECTION('',(1.,0.,0.));
#1432 = CYLINDRICAL_SURFACE('',#1433,2.);
#1433 = AXIS2_PLACEMENT_3D('',#1434,#1435,#1436);
#1434 = CARTESIAN_POINT('',(45.,45.,0.));
#1435 = DIRECTION('',(0.,0.,1.));
#1436 = DIRECTION('',(1.,0.,0.));
#1437 = ADVANCED_FACE('',(#1438),#1476,.F.);
#1438 = FACE_BOUND('',#1439,.F.);
#1439 = EDGE_LOOP('',(#1440,#1441,#1442,#1450,#1458,#1470));
#1440 = ORIENTED_EDGE('',*,*,#353,.F.);
#1441 = ORIENTED_EDGE('',*,*,#278,.F.);
#1442 = ORIENTED_EDGE('',*,*,#1443,.T.);
#1443 = EDGE_CURVE('',#279,#1444,#1446,.T.);
#1444 = VERTEX_POINT('',#1445);
#1445 = CARTESIAN_POINT('',(-25.,45.,-21.));
#1446 = LINE('',#1447,#1448);
#1447 = CARTESIAN_POINT('',(-25.,45.,0.));
#1448 = VECTOR('',#1449,1.);
#1449 = DIRECTION('',(-0.,-0.,-1.));
#1450 = ORIENTED_EDGE('',*,*,#1451,.T.);
#1451 = EDGE_CURVE('',#1444,#1452,#1454,.T.);
#1452 = VERTEX_POINT('',#1453);
#1453 = CARTESIAN_POINT('',(-25.,32.4,-21.));
#1454 = LINE('',#1455,#1456);
#1455 = CARTESIAN_POINT('',(-25.,45.,-21.));
#1456 = VECTOR('',#1457,1.);
#1457 = DIRECTION('',(-0.,-1.,-0.));
#1458 = ORIENTED_EDGE('',*,*,#1459,.T.);
#1459 = EDGE_CURVE('',#1452,#1460,#1462,.T.);
#1460 = VERTEX_POINT('',#1461);
#1461 = CARTESIAN_POINT('',(-25.,29.6,-21.));
#1462 = ( BOUNDED_CURVE() B_SPLINE_CURVE(6,(#1463,#1464,#1465,#1466,
#1467,#1468,#1469),.UNSPECIFIED.,.F.,.F.) B_SPLINE_CURVE_WITH_KNOTS((7,7
),(98.170253313929,100.97025331392),.PIECEWISE_BEZIER_KNOTS.) CURVE() 
GEOMETRIC_REPRESENTATION_ITEM() RATIONAL_B_SPLINE_CURVE((1.,1.,1.,1.,1.,
1.,1.)) REPRESENTATION_ITEM('') );
#1463 = CARTESIAN_POINT('',(-25.,32.4,-21.));
#1464 = CARTESIAN_POINT('',(-25.,31.933333333333,-21.));
#1465 = CARTESIAN_POINT('',(-25.,31.466666666667,-21.02207348345));
#1466 = CARTESIAN_POINT('',(-25.,31.,-21.0315313622));
#1467 = CARTESIAN_POINT('',(-25.,30.533333333333,-21.02207348345));
#1468 = CARTESIAN_POINT('',(-25.,30.066666666667,-21.));
#1469 = CARTESIAN_POINT('',(-25.,29.6,-21.));
#1470 = ORIENTED_EDGE('',*,*,#1471,.T.);
#1471 = EDGE_CURVE('',#1460,#345,#1472,.T.);
#1472 = LINE('',#1473,#1474);
#1473 = CARTESIAN_POINT('',(-25.,45.,-21.));
#1474 = VECTOR('',#1475,1.);
#1475 = DIRECTION('',(-0.,-1.,-0.));
#1476 = PLANE('',#1477);
#1477 = AXIS2_PLACEMENT_3D('',#1478,#1479,#1480);
#1478 = CARTESIAN_POINT('',(-25.,45.,0.));
#1479 = DIRECTION('',(-1.,0.,0.));
#1480 = DIRECTION('',(0.,-1.,0.));
#1481 = ADVANCED_FACE('',(#1482),#1500,.T.);
#1482 = FACE_BOUND('',#1483,.T.);
#1483 = EDGE_LOOP('',(#1484,#1492,#1498,#1499));
#1484 = ORIENTED_EDGE('',*,*,#1485,.T.);
#1485 = EDGE_CURVE('',#287,#1486,#1488,.T.);
#1486 = VERTEX_POINT('',#1487);
#1487 = CARTESIAN_POINT('',(-23.,47.,-21.));
#1488 = LINE('',#1489,#1490);
#1489 = CARTESIAN_POINT('',(-23.,47.,0.));
#1490 = VECTOR('',#1491,1.);
#1491 = DIRECTION('',(-0.,-0.,-1.));
#1492 = ORIENTED_EDGE('',*,*,#1493,.F.);
#1493 = EDGE_CURVE('',#1417,#1486,#1494,.T.);
#1494 = LINE('',#1495,#1496);
#1495 = CARTESIAN_POINT('',(45.,47.,-21.));
#1496 = VECTOR('',#1497,1.);
#1497 = DIRECTION('',(-1.,0.,0.));
#1498 = ORIENTED_EDGE('',*,*,#1416,.F.);
#1499 = ORIENTED_EDGE('',*,*,#295,.F.);
#1500 = PLANE('',#1501);
#1501 = AXIS2_PLACEMENT_3D('',#1502,#1503,#1504);
#1502 = CARTESIAN_POINT('',(-23.,47.,0.));
#1503 = DIRECTION('',(0.,-1.,0.));
#1504 = DIRECTION('',(1.,0.,0.));
#1505 = ADVANCED_FACE('',(#1506),#1518,.F.);
#1506 = FACE_BOUND('',#1507,.F.);
#1507 = EDGE_LOOP('',(#1508,#1509,#1510,#1511));
#1508 = ORIENTED_EDGE('',*,*,#1443,.F.);
#1509 = ORIENTED_EDGE('',*,*,#286,.F.);
#1510 = ORIENTED_EDGE('',*,*,#1485,.T.);
#1511 = ORIENTED_EDGE('',*,*,#1512,.T.);
#1512 = EDGE_CURVE('',#1486,#1444,#1513,.T.);
#1513 = CIRCLE('',#1514,2.);
#1514 = AXIS2_PLACEMENT_3D('',#1515,#1516,#1517);
#1515 = CARTESIAN_POINT('',(-23.,45.,-21.));
#1516 = DIRECTION('',(0.,-0.,1.));
#1517 = DIRECTION('',(0.,1.,0.));
#1518 = CYLINDRICAL_SURFACE('',#1519,2.);
#1519 = AXIS2_PLACEMENT_3D('',#1520,#1521,#1522);
#1520 = CARTESIAN_POINT('',(-23.,45.,0.));
#1521 = DIRECTION('',(0.,0.,1.));
#1522 = DIRECTION('',(1.,0.,0.));
#1523 = ADVANCED_FACE('',(#1524),#1536,.F.);
#1524 = FACE_BOUND('',#1525,.T.);
#1525 = EDGE_LOOP('',(#1526,#1527,#1534,#1535));
#1526 = ORIENTED_EDGE('',*,*,#368,.F.);
#1527 = ORIENTED_EDGE('',*,*,#1528,.T.);
#1528 = EDGE_CURVE('',#369,#396,#1529,.T.);
#1529 = CIRCLE('',#1530,3.475000000003);
#1530 = AXIS2_PLACEMENT_3D('',#1531,#1532,#1533);
#1531 = CARTESIAN_POINT('',(-38.,24.45,-12.5));
#1532 = DIRECTION('',(-0.,1.,0.));
#1533 = DIRECTION('',(0.381401587483,0.,0.924409448819));
#1534 = ORIENTED_EDGE('',*,*,#404,.T.);
#1535 = ORIENTED_EDGE('',*,*,#436,.F.);
#1536 = CYLINDRICAL_SURFACE('',#1537,3.475000000003);
#1537 = AXIS2_PLACEMENT_3D('',#1538,#1539,#1540);
#1538 = CARTESIAN_POINT('',(-38.,26.,-12.5));
#1539 = DIRECTION('',(0.,1.,-2.22044604925E-16));
#1540 = DIRECTION('',(1.,0.,0.));
#1541 = ADVANCED_FACE('',(#1542),#1554,.F.);
#1542 = FACE_BOUND('',#1543,.T.);
#1543 = EDGE_LOOP('',(#1544,#1545,#1552,#1553));
#1544 = ORIENTED_EDGE('',*,*,#378,.F.);
#1545 = ORIENTED_EDGE('',*,*,#1546,.T.);
#1546 = EDGE_CURVE('',#379,#388,#1547,.T.);
#1547 = CIRCLE('',#1548,3.775000000003);
#1548 = AXIS2_PLACEMENT_3D('',#1549,#1550,#1551);
#1549 = CARTESIAN_POINT('',(-38.,24.75,-12.5));
#1550 = DIRECTION('',(-0.,1.,0.));
#1551 = DIRECTION('',(0.381401587483,0.,0.924409448819));
#1552 = ORIENTED_EDGE('',*,*,#395,.T.);
#1553 = ORIENTED_EDGE('',*,*,#1528,.F.);
#1554 = CONICAL_SURFACE('',#1555,3.475000000003,0.785398163397);
#1555 = AXIS2_PLACEMENT_3D('',#1556,#1557,#1558);
#1556 = CARTESIAN_POINT('',(-38.,24.45,-12.5));
#1557 = DIRECTION('',(0.,1.,0.));
#1558 = DIRECTION('',(0.381401587483,0.,0.924409448819));
#1559 = ADVANCED_FACE('',(#1560,#1564),#1598,.T.);
#1560 = FACE_BOUND('',#1561,.T.);
#1561 = EDGE_LOOP('',(#1562,#1563));
#1562 = ORIENTED_EDGE('',*,*,#1546,.F.);
#1563 = ORIENTED_EDGE('',*,*,#387,.T.);
#1564 = FACE_BOUND('',#1565,.T.);
#1565 = EDGE_LOOP('',(#1566,#1576,#1584,#1592));
#1566 = ORIENTED_EDGE('',*,*,#1567,.F.);
#1567 = EDGE_CURVE('',#1568,#1570,#1572,.T.);
#1568 = VERTEX_POINT('',#1569);
#1569 = CARTESIAN_POINT('',(-45.,24.75,-3.5));
#1570 = VERTEX_POINT('',#1571);
#1571 = CARTESIAN_POINT('',(-45.,24.75,-24.5));
#1572 = LINE('',#1573,#1574);
#1573 = CARTESIAN_POINT('',(-45.,24.75,0.));
#1574 = VECTOR('',#1575,1.);
#1575 = DIRECTION('',(-0.,-0.,-1.));
#1576 = ORIENTED_EDGE('',*,*,#1577,.F.);
#1577 = EDGE_CURVE('',#1578,#1568,#1580,.T.);
#1578 = VERTEX_POINT('',#1579);
#1579 = CARTESIAN_POINT('',(-31.,24.75,-3.5));
#1580 = LINE('',#1581,#1582);
#1581 = CARTESIAN_POINT('',(-31.,24.75,-3.5));
#1582 = VECTOR('',#1583,1.);
#1583 = DIRECTION('',(-1.,0.,0.));
#1584 = ORIENTED_EDGE('',*,*,#1585,.T.);
#1585 = EDGE_CURVE('',#1578,#1586,#1588,.T.);
#1586 = VERTEX_POINT('',#1587);
#1587 = CARTESIAN_POINT('',(-31.,24.75,-24.5));
#1588 = LINE('',#1589,#1590);
#1589 = CARTESIAN_POINT('',(-31.,24.75,0.));
#1590 = VECTOR('',#1591,1.);
#1591 = DIRECTION('',(-0.,-0.,-1.));
#1592 = ORIENTED_EDGE('',*,*,#1593,.T.);
#1593 = EDGE_CURVE('',#1586,#1570,#1594,.T.);
#1594 = LINE('',#1595,#1596);
#1595 = CARTESIAN_POINT('',(-31.,24.75,-24.5));
#1596 = VECTOR('',#1597,1.);
#1597 = DIRECTION('',(-1.,0.,0.));
#1598 = PLANE('',#1599);
#1599 = AXIS2_PLACEMENT_3D('',#1600,#1601,#1602);
#1600 = CARTESIAN_POINT('',(-31.,24.75,0.));
#1601 = DIRECTION('',(0.,1.,0.));
#1602 = DIRECTION('',(-1.,0.,0.));
#1603 = ADVANCED_FACE('',(#1604),#1616,.F.);
#1604 = FACE_BOUND('',#1605,.T.);
#1605 = EDGE_LOOP('',(#1606,#1607,#1608,#1615));
#1606 = ORIENTED_EDGE('',*,*,#487,.T.);
#1607 = ORIENTED_EDGE('',*,*,#461,.T.);
#1608 = ORIENTED_EDGE('',*,*,#1609,.F.);
#1609 = EDGE_CURVE('',#627,#454,#1610,.T.);
#1610 = CIRCLE('',#1611,1.);
#1611 = AXIS2_PLACEMENT_3D('',#1612,#1613,#1614);
#1612 = CARTESIAN_POINT('',(-46.,-45.,-21.));
#1613 = DIRECTION('',(0.,1.,0.));
#1614 = DIRECTION('',(0.,0.,-1.));
#1615 = ORIENTED_EDGE('',*,*,#626,.F.);
#1616 = CYLINDRICAL_SURFACE('',#1617,1.);
#1617 = AXIS2_PLACEMENT_3D('',#1618,#1619,#1620);
#1618 = CARTESIAN_POINT('',(-46.,19.75,-21.));
#1619 = DIRECTION('',(0.,-1.,0.));
#1620 = DIRECTION('',(-0.,-0.,-1.));
#1621 = ADVANCED_FACE('',(#1622),#1633,.F.);
#1622 = FACE_BOUND('',#1623,.T.);
#1623 = EDGE_LOOP('',(#1624,#1630,#1631,#1632));
#1624 = ORIENTED_EDGE('',*,*,#1625,.T.);
#1625 = EDGE_CURVE('',#609,#1460,#1626,.T.);
#1626 = ( BOUNDED_CURVE() B_SPLINE_CURVE(2,(#1627,#1628,#1629),
.UNSPECIFIED.,.F.,.F.) B_SPLINE_CURVE_WITH_KNOTS((3,3),(0.,2.8),
.PIECEWISE_BEZIER_KNOTS.) CURVE() GEOMETRIC_REPRESENTATION_ITEM() 
RATIONAL_B_SPLINE_CURVE((1.,0.707106781187,1.)) REPRESENTATION_ITEM('') 
  );
#1627 = CARTESIAN_POINT('',(-24.,29.6,-22.));
#1628 = CARTESIAN_POINT('',(-25.,29.6,-22.));
#1629 = CARTESIAN_POINT('',(-25.,29.6,-21.));
#1630 = ORIENTED_EDGE('',*,*,#1471,.T.);
#1631 = ORIENTED_EDGE('',*,*,#503,.F.);
#1632 = ORIENTED_EDGE('',*,*,#617,.F.);
#1633 = CYLINDRICAL_SURFACE('',#1634,1.);
#1634 = AXIS2_PLACEMENT_3D('',#1635,#1636,#1637);
#1635 = CARTESIAN_POINT('',(-24.,45.,-21.));
#1636 = DIRECTION('',(-0.,-1.,-0.));
#1637 = DIRECTION('',(0.,0.,-1.));
#1638 = ADVANCED_FACE('',(#1639),#1721,.T.);
#1639 = FACE_BOUND('',#1640,.F.);
#1640 = EDGE_LOOP('',(#1641,#1642,#1677,#1678,#1713,#1714));
#1641 = ORIENTED_EDGE('',*,*,#1256,.T.);
#1642 = ORIENTED_EDGE('',*,*,#1643,.F.);
#1643 = EDGE_CURVE('',#532,#1249,#1644,.T.);
#1644 = B_SPLINE_CURVE_WITH_KNOTS('',7,(#1645,#1646,#1647,#1648,#1649,
    #1650,#1651,#1652,#1653,#1654,#1655,#1656,#1657,#1658,#1659,#1660,
    #1661,#1662,#1663,#1664,#1665,#1666,#1667,#1668,#1669,#1670,#1671,
    #1672,#1673,#1674,#1675,#1676),.UNSPECIFIED.,.F.,.F.,(8,6,6,6,6,8),(
    0.,0.385040070009,0.598205507838,0.674940588545,0.776267660139,1.),
  .UNSPECIFIED.);
#1645 = CARTESIAN_POINT('',(46.,-34.84187454246,-22.));
#1646 = CARTESIAN_POINT('',(46.089639923669,-34.76721105395,-22.));
#1647 = CARTESIAN_POINT('',(46.177158354747,-34.69018164465,
    -21.99062549659));
#1648 = CARTESIAN_POINT('',(46.261591174914,-34.61160426661,
    -21.97267502837));
#1649 = CARTESIAN_POINT('',(46.34230384213,-34.53227396055,
    -21.94697050669));
#1650 = CARTESIAN_POINT('',(46.418894711294,-34.45294955896,
    -21.91420388199));
#1651 = CARTESIAN_POINT('',(46.49112680587,-34.37433315447,
    -21.87490565105));
#1652 = CARTESIAN_POINT('',(46.596313495265,-34.2544177205,
    -21.80402309098));
#1653 = CARTESIAN_POINT('',(46.632391158976,-34.21214508522,
    -21.77683721604));
#1654 = CARTESIAN_POINT('',(46.667032948287,-34.17045816066,
    -21.74776507635));
#1655 = CARTESIAN_POINT('',(46.700193992723,-34.12951006554,
    -21.71683218692));
#1656 = CARTESIAN_POINT('',(46.731817731806,-34.08948149679,
    -21.68405089585));
#1657 = CARTESIAN_POINT('',(46.761834262718,-34.05058648924,
    -21.64941794411));
#1658 = CARTESIAN_POINT('',(46.800349887459,-33.99958113509,
    -21.59976389989));
#1659 = CARTESIAN_POINT('',(46.810324386945,-33.98626132898,
    -21.58637821701));
#1660 = CARTESIAN_POINT('',(46.820074101347,-33.97313489822,
    -21.57274919166));
#1661 = CARTESIAN_POINT('',(46.829594066904,-33.96021529012,
    -21.55887608191));
#1662 = CARTESIAN_POINT('',(46.838878765587,-33.947517056,
    -21.54475821724));
#1663 = CARTESIAN_POINT('',(46.847922125097,-33.9350558511,
    -21.53039499859));
#1664 = CARTESIAN_POINT('',(46.868331652659,-33.90672879622,
    -21.49649488641));
#1665 = CARTESIAN_POINT('',(46.879513083422,-33.89105218336,
    -21.47677571411));
#1666 = CARTESIAN_POINT('',(46.890246874774,-33.87585672894,
    -21.45662690464));
#1667 = CARTESIAN_POINT('',(46.900515502733,-33.86118539714,
    -21.43604861733));
#1668 = CARTESIAN_POINT('',(46.910299205537,-33.84708537444,
    -21.41504311928));
#1669 = CARTESIAN_POINT('',(46.919576333476,-33.83360746051,
    -21.3936152571));
#1670 = CARTESIAN_POINT('',(46.947638068128,-33.79253836664,
    -21.32354460025));
#1671 = CARTESIAN_POINT('',(46.964393805544,-33.7675318638,
    -21.27323607854));
#1672 = CARTESIAN_POINT('',(46.978299612635,-33.7464192579,
    -21.22099596073));
#1673 = CARTESIAN_POINT('',(46.989049153434,-33.72988790193,
    -21.16707886145));
#1674 = CARTESIAN_POINT('',(46.996350526963,-33.71858097776,
    -21.1118719621));
#1675 = CARTESIAN_POINT('',(47.,-33.71293199325,-21.05592732898));
#1676 = CARTESIAN_POINT('',(47.,-33.71293199325,-21.));
#1677 = ORIENTED_EDGE('',*,*,#529,.F.);
#1678 = ORIENTED_EDGE('',*,*,#1679,.F.);
#1679 = EDGE_CURVE('',#1291,#530,#1680,.T.);
#1680 = B_SPLINE_CURVE_WITH_KNOTS('',7,(#1681,#1682,#1683,#1684,#1685,
    #1686,#1687,#1688,#1689,#1690,#1691,#1692,#1693,#1694,#1695,#1696,
    #1697,#1698,#1699,#1700,#1701,#1702,#1703,#1704,#1705,#1706,#1707,
    #1708,#1709,#1710,#1711,#1712),.UNSPECIFIED.,.F.,.F.,(8,6,6,6,6,8),(
    0.,0.223732427529,0.325059493504,0.401794569955,0.614959995962,1.),
  .UNSPECIFIED.);
#1681 = CARTESIAN_POINT('',(47.,-28.28706800675,-21.));
#1682 = CARTESIAN_POINT('',(47.,-28.28706800675,-21.05592729104));
#1683 = CARTESIAN_POINT('',(46.996350532585,-28.28141903112,
    -21.11187191245));
#1684 = CARTESIAN_POINT('',(46.989049160384,-28.27011210838,
    -21.16707884591));
#1685 = CARTESIAN_POINT('',(46.978299611927,-28.25358074093,
    -21.22099597252));
#1686 = CARTESIAN_POINT('',(46.964393801284,-28.23246813015,
    -21.27323607988));
#1687 = CARTESIAN_POINT('',(46.947638076767,-28.20746164599,
    -21.32354457867));
#1688 = CARTESIAN_POINT('',(46.919576333476,-28.16639253948,
    -21.3936152571));
#1689 = CARTESIAN_POINT('',(46.910299205537,-28.15291462555,
    -21.41504311928));
#1690 = CARTESIAN_POINT('',(46.900515502733,-28.13881460285,
    -21.43604861733));
#1691 = CARTESIAN_POINT('',(46.890246874774,-28.12414327105,
    -21.45662690464));
#1692 = CARTESIAN_POINT('',(46.879513083422,-28.10894781663,
    -21.47677571411));
#1693 = CARTESIAN_POINT('',(46.868331652659,-28.09327120377,
    -21.49649488641));
#1694 = CARTESIAN_POINT('',(46.847922125097,-28.06494414889,
    -21.53039499859));
#1695 = CARTESIAN_POINT('',(46.838878765587,-28.05248294399,
    -21.54475821724));
#1696 = CARTESIAN_POINT('',(46.829594066904,-28.03978470987,
    -21.55887608191));
#1697 = CARTESIAN_POINT('',(46.820074101347,-28.02686510177,
    -21.57274919166));
#1698 = CARTESIAN_POINT('',(46.810324386945,-28.01373867101,
    -21.58637821701));
#1699 = CARTESIAN_POINT('',(46.800349887459,-28.0004188649,
    -21.59976389989));
#1700 = CARTESIAN_POINT('',(46.761834262718,-27.94941351075,
    -21.64941794411));
#1701 = CARTESIAN_POINT('',(46.731817731806,-27.9105185032,
    -21.68405089585));
#1702 = CARTESIAN_POINT('',(46.700193992723,-27.87048993445,
    -21.71683218692));
#1703 = CARTESIAN_POINT('',(46.667032948287,-27.82954183933,
    -21.74776507635));
#1704 = CARTESIAN_POINT('',(46.632391158976,-27.78785491477,
    -21.77683721604));
#1705 = CARTESIAN_POINT('',(46.596313495265,-27.74558227949,
    -21.80402309098));
#1706 = CARTESIAN_POINT('',(46.491126813715,-27.62566685447,
    -21.87490564576));
#1707 = CARTESIAN_POINT('',(46.41889471139,-27.54705044031,
    -21.91420388401));
#1708 = CARTESIAN_POINT('',(46.342303837795,-27.4677260349,
    -21.94697050828));
#1709 = CARTESIAN_POINT('',(46.26159117516,-27.38839573487,
    -21.97267502603));
#1710 = CARTESIAN_POINT('',(46.177158369118,-27.30981836925,
    -21.99062549219));
#1711 = CARTESIAN_POINT('',(46.089639944385,-27.2327889633,-22.));
#1712 = CARTESIAN_POINT('',(46.,-27.15812545754,-22.));
#1713 = ORIENTED_EDGE('',*,*,#1290,.F.);
#1714 = ORIENTED_EDGE('',*,*,#1715,.T.);
#1715 = EDGE_CURVE('',#1282,#1257,#1716,.T.);
#1716 = CIRCLE('',#1717,5.);
#1717 = AXIS2_PLACEMENT_3D('',#1718,#1719,#1720);
#1718 = CARTESIAN_POINT('',(42.8,-31.,-16.3));
#1719 = DIRECTION('',(0.,-0.,1.));
#1720 = DIRECTION('',(0.84,0.54258639865,0.));
#1721 = CYLINDRICAL_SURFACE('',#1722,5.);
#1722 = AXIS2_PLACEMENT_3D('',#1723,#1724,#1725);
#1723 = CARTESIAN_POINT('',(42.8,-31.,-22.));
#1724 = DIRECTION('',(-0.,-0.,-1.));
#1725 = DIRECTION('',(1.,0.,0.));
#1726 = ADVANCED_FACE('',(#1727),#1767,.F.);
#1727 = FACE_BOUND('',#1728,.T.);
#1728 = EDGE_LOOP('',(#1729,#1764,#1765,#1766));
#1729 = ORIENTED_EDGE('',*,*,#1730,.T.);
#1730 = EDGE_CURVE('',#1299,#541,#1731,.T.);
#1731 = B_SPLINE_CURVE_WITH_KNOTS('',7,(#1732,#1733,#1734,#1735,#1736,
    #1737,#1738,#1739,#1740,#1741,#1742,#1743,#1744,#1745,#1746,#1747,
    #1748,#1749,#1750,#1751,#1752,#1753,#1754,#1755,#1756,#1757,#1758,
    #1759,#1760,#1761,#1762,#1763),.UNSPECIFIED.,.F.,.F.,(8,6,6,6,6,8),(
    0.,0.223732427529,0.325059493504,0.401794569955,0.614959995961,1.),
  .UNSPECIFIED.);
#1732 = CARTESIAN_POINT('',(47.,28.28706800675,-21.));
#1733 = CARTESIAN_POINT('',(47.,28.28706800675,-21.05592729104));
#1734 = CARTESIAN_POINT('',(46.996350532585,28.281419031124,
    -21.11187191245));
#1735 = CARTESIAN_POINT('',(46.989049160384,28.270112108388,
    -21.16707884591));
#1736 = CARTESIAN_POINT('',(46.978299611927,28.253580740933,
    -21.22099597252));
#1737 = CARTESIAN_POINT('',(46.964393801284,28.232468130159,
    -21.27323607988));
#1738 = CARTESIAN_POINT('',(46.947638076767,28.207461645996,
    -21.32354457867));
#1739 = CARTESIAN_POINT('',(46.919576333476,28.166392539482,
    -21.3936152571));
#1740 = CARTESIAN_POINT('',(46.910299205537,28.152914625555,
    -21.41504311928));
#1741 = CARTESIAN_POINT('',(46.900515502733,28.138814602852,
    -21.43604861733));
#1742 = CARTESIAN_POINT('',(46.890246874774,28.124143271057,
    -21.45662690464));
#1743 = CARTESIAN_POINT('',(46.879513083422,28.108947816634,
    -21.47677571411));
#1744 = CARTESIAN_POINT('',(46.868331652659,28.093271203772,
    -21.49649488641));
#1745 = CARTESIAN_POINT('',(46.847922125097,28.064944148893,
    -21.53039499859));
#1746 = CARTESIAN_POINT('',(46.838878765587,28.052482943999,
    -21.54475821724));
#1747 = CARTESIAN_POINT('',(46.829594066904,28.039784709871,
    -21.55887608191));
#1748 = CARTESIAN_POINT('',(46.820074101347,28.026865101778,
    -21.57274919166));
#1749 = CARTESIAN_POINT('',(46.810324386945,28.013738671015,
    -21.58637821701));
#1750 = CARTESIAN_POINT('',(46.800349887459,28.000418864905,
    -21.59976389989));
#1751 = CARTESIAN_POINT('',(46.761834262718,27.949413510759,
    -21.64941794411));
#1752 = CARTESIAN_POINT('',(46.731817731806,27.910518503208,
    -21.68405089585));
#1753 = CARTESIAN_POINT('',(46.700193992723,27.870489934455,
    -21.71683218692));
#1754 = CARTESIAN_POINT('',(46.667032948287,27.829541839334,
    -21.74776507635));
#1755 = CARTESIAN_POINT('',(46.632391158976,27.787854914772,
    -21.77683721604));
#1756 = CARTESIAN_POINT('',(46.596313495265,27.745582279495,
    -21.80402309098));
#1757 = CARTESIAN_POINT('',(46.491126813715,27.625666854471,
    -21.87490564576));
#1758 = CARTESIAN_POINT('',(46.41889471139,27.547050440312,
    -21.91420388401));
#1759 = CARTESIAN_POINT('',(46.342303837795,27.467726034907,
    -21.94697050828));
#1760 = CARTESIAN_POINT('',(46.26159117516,27.388395734875,
    -21.97267502603));
#1761 = CARTESIAN_POINT('',(46.177158369118,27.309818369252,
    -21.99062549219));
#1762 = CARTESIAN_POINT('',(46.089639944385,27.232788963301,-22.));
#1763 = CARTESIAN_POINT('',(46.,27.15812545754,-22.));
#1764 = ORIENTED_EDGE('',*,*,#540,.T.);
#1765 = ORIENTED_EDGE('',*,*,#1679,.F.);
#1766 = ORIENTED_EDGE('',*,*,#1298,.F.);
#1767 = CYLINDRICAL_SURFACE('',#1768,1.);
#1768 = AXIS2_PLACEMENT_3D('',#1769,#1770,#1771);
#1769 = CARTESIAN_POINT('',(46.,28.28706800675,-21.));
#1770 = DIRECTION('',(0.,-1.,0.));
#1771 = DIRECTION('',(1.,0.,0.));
#1772 = ADVANCED_FACE('',(#1773),#1785,.F.);
#1773 = FACE_BOUND('',#1774,.T.);
#1774 = EDGE_LOOP('',(#1775,#1782,#1783,#1784));
#1775 = ORIENTED_EDGE('',*,*,#1776,.T.);
#1776 = EDGE_CURVE('',#652,#1198,#1777,.T.);
#1777 = CIRCLE('',#1778,1.);
#1778 = AXIS2_PLACEMENT_3D('',#1779,#1780,#1781);
#1779 = CARTESIAN_POINT('',(46.,-45.,-21.));
#1780 = DIRECTION('',(-6.123233995737E-17,-1.,0.));
#1781 = DIRECTION('',(1.,-6.123233995737E-17,0.));
#1782 = ORIENTED_EDGE('',*,*,#1248,.T.);
#1783 = ORIENTED_EDGE('',*,*,#1643,.F.);
#1784 = ORIENTED_EDGE('',*,*,#660,.F.);
#1785 = CYLINDRICAL_SURFACE('',#1786,1.);
#1786 = AXIS2_PLACEMENT_3D('',#1787,#1788,#1789);
#1787 = CARTESIAN_POINT('',(46.,-45.,-21.));
#1788 = DIRECTION('',(0.,1.,0.));
#1789 = DIRECTION('',(0.,0.,-1.));
#1790 = ADVANCED_FACE('',(#1791),#1839,.T.);
#1791 = FACE_BOUND('',#1792,.F.);
#1792 = EDGE_LOOP('',(#1793,#1794,#1795,#1796,#1831,#1832));
#1793 = ORIENTED_EDGE('',*,*,#1306,.T.);
#1794 = ORIENTED_EDGE('',*,*,#1730,.T.);
#1795 = ORIENTED_EDGE('',*,*,#548,.F.);
#1796 = ORIENTED_EDGE('',*,*,#1797,.T.);
#1797 = EDGE_CURVE('',#549,#1225,#1798,.T.);
#1798 = B_SPLINE_CURVE_WITH_KNOTS('',7,(#1799,#1800,#1801,#1802,#1803,
    #1804,#1805,#1806,#1807,#1808,#1809,#1810,#1811,#1812,#1813,#1814,
    #1815,#1816,#1817,#1818,#1819,#1820,#1821,#1822,#1823,#1824,#1825,
    #1826,#1827,#1828,#1829,#1830),.UNSPECIFIED.,.F.,.F.,(8,6,6,6,6,8),(
    0.,0.385040070009,0.598205507837,0.674940588545,0.776267660139,1.),
  .UNSPECIFIED.);
#1799 = CARTESIAN_POINT('',(46.,34.84187454246,-22.));
#1800 = CARTESIAN_POINT('',(46.089639923669,34.767211053954,-22.));
#1801 = CARTESIAN_POINT('',(46.177158354747,34.690181644651,
    -21.99062549659));
#1802 = CARTESIAN_POINT('',(46.261591174914,34.611604266619,
    -21.97267502837));
#1803 = CARTESIAN_POINT('',(46.342303842131,34.53227396055,
    -21.94697050669));
#1804 = CARTESIAN_POINT('',(46.418894711294,34.452949558961,
    -21.91420388199));
#1805 = CARTESIAN_POINT('',(46.49112680587,34.374333154472,
    -21.87490565105));
#1806 = CARTESIAN_POINT('',(46.596313495265,34.254417720505,
    -21.80402309098));
#1807 = CARTESIAN_POINT('',(46.632391158976,34.212145085228,
    -21.77683721604));
#1808 = CARTESIAN_POINT('',(46.667032948287,34.170458160665,
    -21.74776507635));
#1809 = CARTESIAN_POINT('',(46.700193992723,34.129510065545,
    -21.71683218692));
#1810 = CARTESIAN_POINT('',(46.731817731806,34.089481496792,
    -21.68405089585));
#1811 = CARTESIAN_POINT('',(46.761834262718,34.050586489241,
    -21.64941794411));
#1812 = CARTESIAN_POINT('',(46.800349887459,33.999581135095,
    -21.59976389989));
#1813 = CARTESIAN_POINT('',(46.810324386945,33.986261328985,
    -21.58637821701));
#1814 = CARTESIAN_POINT('',(46.820074101347,33.973134898222,
    -21.57274919166));
#1815 = CARTESIAN_POINT('',(46.829594066904,33.960215290129,
    -21.55887608191));
#1816 = CARTESIAN_POINT('',(46.838878765587,33.947517056001,
    -21.54475821724));
#1817 = CARTESIAN_POINT('',(46.847922125097,33.935055851107,
    -21.53039499859));
#1818 = CARTESIAN_POINT('',(46.868331652659,33.906728796228,
    -21.49649488641));
#1819 = CARTESIAN_POINT('',(46.879513083422,33.891052183366,
    -21.47677571411));
#1820 = CARTESIAN_POINT('',(46.890246874774,33.875856728943,
    -21.45662690464));
#1821 = CARTESIAN_POINT('',(46.900515502733,33.861185397148,
    -21.43604861733));
#1822 = CARTESIAN_POINT('',(46.910299205537,33.847085374445,
    -21.41504311928));
#1823 = CARTESIAN_POINT('',(46.919576333476,33.833607460518,
    -21.3936152571));
#1824 = CARTESIAN_POINT('',(46.947638068128,33.792538366648,
    -21.32354460025));
#1825 = CARTESIAN_POINT('',(46.964393805544,33.767531863803,
    -21.27323607854));
#1826 = CARTESIAN_POINT('',(46.978299612635,33.746419257907,
    -21.22099596073));
#1827 = CARTESIAN_POINT('',(46.989049153434,33.729887901936,
    -21.16707886145));
#1828 = CARTESIAN_POINT('',(46.996350526963,33.718580977764,
    -21.1118719621));
#1829 = CARTESIAN_POINT('',(47.,33.71293199325,-21.05592732898));
#1830 = CARTESIAN_POINT('',(47.,33.71293199325,-21.));
#1831 = ORIENTED_EDGE('',*,*,#1222,.F.);
#1832 = ORIENTED_EDGE('',*,*,#1833,.T.);
#1833 = EDGE_CURVE('',#1223,#1307,#1834,.T.);
#1834 = CIRCLE('',#1835,5.);
#1835 = AXIS2_PLACEMENT_3D('',#1836,#1837,#1838);
#1836 = CARTESIAN_POINT('',(42.8,31.,-16.3));
#1837 = DIRECTION('',(0.,-0.,1.));
#1838 = DIRECTION('',(0.84,0.54258639865,0.));
#1839 = CYLINDRICAL_SURFACE('',#1840,5.);
#1840 = AXIS2_PLACEMENT_3D('',#1841,#1842,#1843);
#1841 = CARTESIAN_POINT('',(42.8,31.,-22.));
#1842 = DIRECTION('',(-0.,-0.,-1.));
#1843 = DIRECTION('',(1.,0.,0.));
#1844 = ADVANCED_FACE('',(#1845),#1857,.F.);
#1845 = FACE_BOUND('',#1846,.F.);
#1846 = EDGE_LOOP('',(#1847,#1854,#1855,#1856));
#1847 = ORIENTED_EDGE('',*,*,#1848,.F.);
#1848 = EDGE_CURVE('',#644,#1038,#1849,.T.);
#1849 = CIRCLE('',#1850,1.);
#1850 = AXIS2_PLACEMENT_3D('',#1851,#1852,#1853);
#1851 = CARTESIAN_POINT('',(45.,-46.,-21.));
#1852 = DIRECTION('',(-1.,-0.,-0.));
#1853 = DIRECTION('',(0.,0.,-1.));
#1854 = ORIENTED_EDGE('',*,*,#651,.T.);
#1855 = ORIENTED_EDGE('',*,*,#1776,.T.);
#1856 = ORIENTED_EDGE('',*,*,#1207,.F.);
#1857 = TOROIDAL_SURFACE('',#1858,1.,1.);
#1858 = AXIS2_PLACEMENT_3D('',#1859,#1860,#1861);
#1859 = CARTESIAN_POINT('',(45.,-45.,-21.));
#1860 = DIRECTION('',(0.,0.,1.));
#1861 = DIRECTION('',(0.,-1.,0.));
#1862 = ADVANCED_FACE('',(#1863),#1875,.F.);
#1863 = FACE_BOUND('',#1864,.T.);
#1864 = EDGE_LOOP('',(#1865,#1866,#1867,#1874));
#1865 = ORIENTED_EDGE('',*,*,#1797,.T.);
#1866 = ORIENTED_EDGE('',*,*,#1232,.T.);
#1867 = ORIENTED_EDGE('',*,*,#1868,.F.);
#1868 = EDGE_CURVE('',#558,#1233,#1869,.T.);
#1869 = CIRCLE('',#1870,1.);
#1870 = AXIS2_PLACEMENT_3D('',#1871,#1872,#1873);
#1871 = CARTESIAN_POINT('',(46.,45.,-21.));
#1872 = DIRECTION('',(0.,-1.,0.));
#1873 = DIRECTION('',(0.,0.,-1.));
#1874 = ORIENTED_EDGE('',*,*,#557,.F.);
#1875 = CYLINDRICAL_SURFACE('',#1876,1.);
#1876 = AXIS2_PLACEMENT_3D('',#1877,#1878,#1879);
#1877 = CARTESIAN_POINT('',(46.,33.71293199325,-21.));
#1878 = DIRECTION('',(0.,1.,0.));
#1879 = DIRECTION('',(0.,0.,-1.));
#1880 = ADVANCED_FACE('',(#1881),#1893,.F.);
#1881 = FACE_BOUND('',#1882,.T.);
#1882 = EDGE_LOOP('',(#1883,#1890,#1891,#1892));
#1883 = ORIENTED_EDGE('',*,*,#1884,.T.);
#1884 = EDGE_CURVE('',#635,#1014,#1885,.T.);
#1885 = CIRCLE('',#1886,1.);
#1886 = AXIS2_PLACEMENT_3D('',#1887,#1888,#1889);
#1887 = CARTESIAN_POINT('',(-45.,-46.,-21.));
#1888 = DIRECTION('',(-1.,6.123233995737E-17,0.));
#1889 = DIRECTION('',(-6.123233995737E-17,-1.,0.));
#1890 = ORIENTED_EDGE('',*,*,#1047,.T.);
#1891 = ORIENTED_EDGE('',*,*,#1848,.F.);
#1892 = ORIENTED_EDGE('',*,*,#643,.F.);
#1893 = CYLINDRICAL_SURFACE('',#1894,1.);
#1894 = AXIS2_PLACEMENT_3D('',#1895,#1896,#1897);
#1895 = CARTESIAN_POINT('',(-45.,-46.,-21.));
#1896 = DIRECTION('',(1.,0.,0.));
#1897 = DIRECTION('',(-0.,-0.,-1.));
#1898 = ADVANCED_FACE('',(#1899),#1911,.F.);
#1899 = FACE_BOUND('',#1900,.F.);
#1900 = EDGE_LOOP('',(#1901,#1902,#1903,#1910));
#1901 = ORIENTED_EDGE('',*,*,#1868,.F.);
#1902 = ORIENTED_EDGE('',*,*,#565,.T.);
#1903 = ORIENTED_EDGE('',*,*,#1904,.T.);
#1904 = EDGE_CURVE('',#566,#1417,#1905,.T.);
#1905 = CIRCLE('',#1906,1.);
#1906 = AXIS2_PLACEMENT_3D('',#1907,#1908,#1909);
#1907 = CARTESIAN_POINT('',(45.,46.,-21.));
#1908 = DIRECTION('',(1.,-6.123233995737E-17,0.));
#1909 = DIRECTION('',(6.123233995737E-17,1.,0.));
#1910 = ORIENTED_EDGE('',*,*,#1426,.F.);
#1911 = TOROIDAL_SURFACE('',#1912,1.,1.);
#1912 = AXIS2_PLACEMENT_3D('',#1913,#1914,#1915);
#1913 = CARTESIAN_POINT('',(45.,45.,-21.));
#1914 = DIRECTION('',(0.,0.,1.));
#1915 = DIRECTION('',(1.,0.,0.));
#1916 = ADVANCED_FACE('',(#1917),#1923,.F.);
#1917 = FACE_BOUND('',#1918,.F.);
#1918 = EDGE_LOOP('',(#1919,#1920,#1921,#1922));
#1919 = ORIENTED_EDGE('',*,*,#1609,.F.);
#1920 = ORIENTED_EDGE('',*,*,#634,.T.);
#1921 = ORIENTED_EDGE('',*,*,#1884,.T.);
#1922 = ORIENTED_EDGE('',*,*,#1013,.F.);
#1923 = TOROIDAL_SURFACE('',#1924,1.,1.);
#1924 = AXIS2_PLACEMENT_3D('',#1925,#1926,#1927);
#1925 = CARTESIAN_POINT('',(-45.,-45.,-21.));
#1926 = DIRECTION('',(0.,0.,1.));
#1927 = DIRECTION('',(-1.,0.,0.));
#1928 = ADVANCED_FACE('',(#1929),#1941,.F.);
#1929 = FACE_BOUND('',#1930,.T.);
#1930 = EDGE_LOOP('',(#1931,#1932,#1933,#1940));
#1931 = ORIENTED_EDGE('',*,*,#1904,.T.);
#1932 = ORIENTED_EDGE('',*,*,#1493,.T.);
#1933 = ORIENTED_EDGE('',*,*,#1934,.F.);
#1934 = EDGE_CURVE('',#575,#1486,#1935,.T.);
#1935 = CIRCLE('',#1936,1.);
#1936 = AXIS2_PLACEMENT_3D('',#1937,#1938,#1939);
#1937 = CARTESIAN_POINT('',(-23.,46.,-21.));
#1938 = DIRECTION('',(1.,-0.,0.));
#1939 = DIRECTION('',(0.,0.,-1.));
#1940 = ORIENTED_EDGE('',*,*,#574,.F.);
#1941 = CYLINDRICAL_SURFACE('',#1942,1.);
#1942 = AXIS2_PLACEMENT_3D('',#1943,#1944,#1945);
#1943 = CARTESIAN_POINT('',(45.,46.,-21.));
#1944 = DIRECTION('',(-1.,0.,0.));
#1945 = DIRECTION('',(0.,0.,-1.));
#1946 = ADVANCED_FACE('',(#1947),#1959,.F.);
#1947 = FACE_BOUND('',#1948,.F.);
#1948 = EDGE_LOOP('',(#1949,#1950,#1951,#1958));
#1949 = ORIENTED_EDGE('',*,*,#1934,.F.);
#1950 = ORIENTED_EDGE('',*,*,#582,.T.);
#1951 = ORIENTED_EDGE('',*,*,#1952,.T.);
#1952 = EDGE_CURVE('',#583,#1444,#1953,.T.);
#1953 = CIRCLE('',#1954,1.);
#1954 = AXIS2_PLACEMENT_3D('',#1955,#1956,#1957);
#1955 = CARTESIAN_POINT('',(-24.,45.,-21.));
#1956 = DIRECTION('',(-3.828568698927E-16,1.,0.));
#1957 = DIRECTION('',(-1.,-3.828568698927E-16,0.));
#1958 = ORIENTED_EDGE('',*,*,#1512,.F.);
#1959 = TOROIDAL_SURFACE('',#1960,1.,1.);
#1960 = AXIS2_PLACEMENT_3D('',#1961,#1962,#1963);
#1961 = CARTESIAN_POINT('',(-23.,45.,-21.));
#1962 = DIRECTION('',(0.,0.,1.));
#1963 = DIRECTION('',(0.,1.,0.));
#1964 = ADVANCED_FACE('',(#1965),#1977,.F.);
#1965 = FACE_BOUND('',#1966,.T.);
#1966 = EDGE_LOOP('',(#1967,#1968,#1969,#1976));
#1967 = ORIENTED_EDGE('',*,*,#1952,.T.);
#1968 = ORIENTED_EDGE('',*,*,#1451,.T.);
#1969 = ORIENTED_EDGE('',*,*,#1970,.F.);
#1970 = EDGE_CURVE('',#592,#1452,#1971,.T.);
#1971 = CIRCLE('',#1972,1.);
#1972 = AXIS2_PLACEMENT_3D('',#1973,#1974,#1975);
#1973 = CARTESIAN_POINT('',(-24.,32.4,-21.));
#1974 = DIRECTION('',(0.,1.,0.));
#1975 = DIRECTION('',(0.,0.,-1.));
#1976 = ORIENTED_EDGE('',*,*,#591,.F.);
#1977 = CYLINDRICAL_SURFACE('',#1978,1.);
#1978 = AXIS2_PLACEMENT_3D('',#1979,#1980,#1981);
#1979 = CARTESIAN_POINT('',(-24.,45.,-21.));
#1980 = DIRECTION('',(-0.,-1.,-0.));
#1981 = DIRECTION('',(0.,0.,-1.));
#1982 = ADVANCED_FACE('',(#1983),#2013,.T.);
#1983 = FACE_BOUND('',#1984,.F.);
#1984 = EDGE_LOOP('',(#1985,#1986,#1994,#2001,#2002,#2003));
#1985 = ORIENTED_EDGE('',*,*,#599,.F.);
#1986 = ORIENTED_EDGE('',*,*,#1987,.T.);
#1987 = EDGE_CURVE('',#600,#1988,#1990,.T.);
#1988 = VERTEX_POINT('',#1989);
#1989 = CARTESIAN_POINT('',(-14.2,31.,-16.3));
#1990 = LINE('',#1991,#1992);
#1991 = CARTESIAN_POINT('',(-14.2,31.,-22.));
#1992 = VECTOR('',#1993,1.);
#1993 = DIRECTION('',(0.,0.,1.));
#1994 = ORIENTED_EDGE('',*,*,#1995,.T.);
#1995 = EDGE_CURVE('',#1988,#1988,#1996,.T.);
#1996 = CIRCLE('',#1997,5.);
#1997 = AXIS2_PLACEMENT_3D('',#1998,#1999,#2000);
#1998 = CARTESIAN_POINT('',(-19.2,31.,-16.3));
#1999 = DIRECTION('',(0.,0.,1.));
#2000 = DIRECTION('',(1.,0.,0.));
#2001 = ORIENTED_EDGE('',*,*,#1987,.F.);
#2002 = ORIENTED_EDGE('',*,*,#608,.F.);
#2003 = ORIENTED_EDGE('',*,*,#2004,.F.);
#2004 = EDGE_CURVE('',#592,#609,#2005,.T.);
#2005 = ( BOUNDED_CURVE() B_SPLINE_CURVE(6,(#2006,#2007,#2008,#2009,
#2010,#2011,#2012),.UNSPECIFIED.,.F.,.F.) B_SPLINE_CURVE_WITH_KNOTS((7,7
),(98.170253313929,100.97025331392),.PIECEWISE_BEZIER_KNOTS.) CURVE() 
GEOMETRIC_REPRESENTATION_ITEM() RATIONAL_B_SPLINE_CURVE((1.,1.,1.,1.,1.,
1.,1.)) REPRESENTATION_ITEM('') );
#2006 = CARTESIAN_POINT('',(-24.,32.4,-22.));
#2007 = CARTESIAN_POINT('',(-24.13611111111,31.933333333333,-22.));
#2008 = CARTESIAN_POINT('',(-24.21315207998,31.466666666667,-22.));
#2009 = CARTESIAN_POINT('',(-24.23860563402,31.,-22.));
#2010 = CARTESIAN_POINT('',(-24.21315207998,30.533333333333,-22.));
#2011 = CARTESIAN_POINT('',(-24.13611111111,30.066666666667,-22.));
#2012 = CARTESIAN_POINT('',(-24.,29.6,-22.));
#2013 = CYLINDRICAL_SURFACE('',#2014,5.);
#2014 = AXIS2_PLACEMENT_3D('',#2015,#2016,#2017);
#2015 = CARTESIAN_POINT('',(-19.2,31.,-22.));
#2016 = DIRECTION('',(-0.,-0.,-1.));
#2017 = DIRECTION('',(1.,0.,0.));
#2018 = ADVANCED_FACE('',(#2019),#2038,.T.);
#2019 = FACE_BOUND('',#2020,.F.);
#2020 = EDGE_LOOP('',(#2021,#2029,#2036,#2037));
#2021 = ORIENTED_EDGE('',*,*,#2022,.T.);
#2022 = EDGE_CURVE('',#669,#2023,#2025,.T.);
#2023 = VERTEX_POINT('',#2024);
#2024 = CARTESIAN_POINT('',(-14.2,-31.,-16.3));
#2025 = LINE('',#2026,#2027);
#2026 = CARTESIAN_POINT('',(-14.2,-31.,-22.));
#2027 = VECTOR('',#2028,1.);
#2028 = DIRECTION('',(0.,0.,1.));
#2029 = ORIENTED_EDGE('',*,*,#2030,.T.);
#2030 = EDGE_CURVE('',#2023,#2023,#2031,.T.);
#2031 = CIRCLE('',#2032,5.);
#2032 = AXIS2_PLACEMENT_3D('',#2033,#2034,#2035);
#2033 = CARTESIAN_POINT('',(-19.2,-31.,-16.3));
#2034 = DIRECTION('',(0.,0.,1.));
#2035 = DIRECTION('',(1.,0.,0.));
#2036 = ORIENTED_EDGE('',*,*,#2022,.F.);
#2037 = ORIENTED_EDGE('',*,*,#668,.F.);
#2038 = CYLINDRICAL_SURFACE('',#2039,5.);
#2039 = AXIS2_PLACEMENT_3D('',#2040,#2041,#2042);
#2040 = CARTESIAN_POINT('',(-19.2,-31.,-22.));
#2041 = DIRECTION('',(-0.,-0.,-1.));
#2042 = DIRECTION('',(1.,0.,0.));
#2043 = ADVANCED_FACE('',(#2044),#2063,.T.);
#2044 = FACE_BOUND('',#2045,.F.);
#2045 = EDGE_LOOP('',(#2046,#2054,#2061,#2062));
#2046 = ORIENTED_EDGE('',*,*,#2047,.T.);
#2047 = EDGE_CURVE('',#680,#2048,#2050,.T.);
#2048 = VERTEX_POINT('',#2049);
#2049 = CARTESIAN_POINT('',(-28.96632595147,0.,-17.8));
#2050 = LINE('',#2051,#2052);
#2051 = CARTESIAN_POINT('',(-28.96632595147,0.,-22.));
#2052 = VECTOR('',#2053,1.);
#2053 = DIRECTION('',(0.,0.,1.));
#2054 = ORIENTED_EDGE('',*,*,#2055,.T.);
#2055 = EDGE_CURVE('',#2048,#2048,#2056,.T.);
#2056 = CIRCLE('',#2057,1.5);
#2057 = AXIS2_PLACEMENT_3D('',#2058,#2059,#2060);
#2058 = CARTESIAN_POINT('',(-30.46632595147,0.,-17.8));
#2059 = DIRECTION('',(0.,0.,1.));
#2060 = DIRECTION('',(1.,0.,0.));
#2061 = ORIENTED_EDGE('',*,*,#2047,.F.);
#2062 = ORIENTED_EDGE('',*,*,#679,.F.);
#2063 = CYLINDRICAL_SURFACE('',#2064,1.5);
#2064 = AXIS2_PLACEMENT_3D('',#2065,#2066,#2067);
#2065 = CARTESIAN_POINT('',(-30.46632595147,0.,-22.));
#2066 = DIRECTION('',(-0.,-0.,-1.));
#2067 = DIRECTION('',(1.,0.,0.));
#2068 = ADVANCED_FACE('',(#2069),#2088,.T.);
#2069 = FACE_BOUND('',#2070,.F.);
#2070 = EDGE_LOOP('',(#2071,#2079,#2086,#2087));
#2071 = ORIENTED_EDGE('',*,*,#2072,.T.);
#2072 = EDGE_CURVE('',#691,#2073,#2075,.T.);
#2073 = VERTEX_POINT('',#2074);
#2074 = CARTESIAN_POINT('',(-0.109144122987,16.617854615663,-17.8));
#2075 = LINE('',#2076,#2077);
#2076 = CARTESIAN_POINT('',(-0.109144122987,16.617854615663,-22.));
#2077 = VECTOR('',#2078,1.);
#2078 = DIRECTION('',(0.,0.,1.));
#2079 = ORIENTED_EDGE('',*,*,#2080,.T.);
#2080 = EDGE_CURVE('',#2073,#2073,#2081,.T.);
#2081 = CIRCLE('',#2082,1.5);
#2082 = AXIS2_PLACEMENT_3D('',#2083,#2084,#2085);
#2083 = CARTESIAN_POINT('',(-1.609144122987,16.617854615663,-17.8));
#2084 = DIRECTION('',(0.,0.,1.));
#2085 = DIRECTION('',(1.,0.,0.));
#2086 = ORIENTED_EDGE('',*,*,#2072,.F.);
#2087 = ORIENTED_EDGE('',*,*,#690,.F.);
#2088 = CYLINDRICAL_SURFACE('',#2089,1.5);
#2089 = AXIS2_PLACEMENT_3D('',#2090,#2091,#2092);
#2090 = CARTESIAN_POINT('',(-1.609144122987,16.617854615663,-22.));
#2091 = DIRECTION('',(-0.,-0.,-1.));
#2092 = DIRECTION('',(1.,0.,0.));
#2093 = ADVANCED_FACE('',(#2094),#2113,.T.);
#2094 = FACE_BOUND('',#2095,.F.);
#2095 = EDGE_LOOP('',(#2096,#2104,#2111,#2112));
#2096 = ORIENTED_EDGE('',*,*,#2097,.T.);
#2097 = EDGE_CURVE('',#702,#2098,#2100,.T.);
#2098 = VERTEX_POINT('',#2099);
#2099 = CARTESIAN_POINT('',(8.758780909826,39.647398065995,-17.8));
#2100 = LINE('',#2101,#2102);
#2101 = CARTESIAN_POINT('',(8.758780909826,39.647398065995,-22.));
#2102 = VECTOR('',#2103,1.);
#2103 = DIRECTION('',(0.,0.,1.));
#2104 = ORIENTED_EDGE('',*,*,#2105,.T.);
#2105 = EDGE_CURVE('',#2098,#2098,#2106,.T.);
#2106 = CIRCLE('',#2107,1.5);
#2107 = AXIS2_PLACEMENT_3D('',#2108,#2109,#2110);
#2108 = CARTESIAN_POINT('',(7.258780909826,39.647398065995,-17.8));
#2109 = DIRECTION('',(0.,0.,1.));
#2110 = DIRECTION('',(1.,0.,0.));
#2111 = ORIENTED_EDGE('',*,*,#2097,.F.);
#2112 = ORIENTED_EDGE('',*,*,#701,.F.);
#2113 = CYLINDRICAL_SURFACE('',#2114,1.5);
#2114 = AXIS2_PLACEMENT_3D('',#2115,#2116,#2117);
#2115 = CARTESIAN_POINT('',(7.258780909826,39.647398065995,-22.));
#2116 = DIRECTION('',(-0.,-0.,-1.));
#2117 = DIRECTION('',(1.,0.,0.));
#2118 = ADVANCED_FACE('',(#2119,#2144),#2178,.F.);
#2119 = FACE_BOUND('',#2120,.F.);
#2120 = EDGE_LOOP('',(#2121,#2129,#2137,#2143));
#2121 = ORIENTED_EDGE('',*,*,#2122,.T.);
#2122 = EDGE_CURVE('',#719,#2123,#2125,.T.);
#2123 = VERTEX_POINT('',#2124);
#2124 = CARTESIAN_POINT('',(-48.35,-44.99998493769,-3.5));
#2125 = LINE('',#2126,#2127);
#2126 = CARTESIAN_POINT('',(-48.35,-44.99998493769,0.));
#2127 = VECTOR('',#2128,1.);
#2128 = DIRECTION('',(-0.,-0.,-1.));
#2129 = ORIENTED_EDGE('',*,*,#2130,.T.);
#2130 = EDGE_CURVE('',#2123,#2131,#2133,.T.);
#2131 = VERTEX_POINT('',#2132);
#2132 = CARTESIAN_POINT('',(-48.35,19.75,-3.5));
#2133 = LINE('',#2134,#2135);
#2134 = CARTESIAN_POINT('',(-48.35,-44.99998493769,-3.5));
#2135 = VECTOR('',#2136,1.);
#2136 = DIRECTION('',(1.097363553743E-16,1.,0.));
#2137 = ORIENTED_EDGE('',*,*,#2138,.F.);
#2138 = EDGE_CURVE('',#727,#2131,#2139,.T.);
#2139 = LINE('',#2140,#2141);
#2140 = CARTESIAN_POINT('',(-48.35,19.75,0.));
#2141 = VECTOR('',#2142,1.);
#2142 = DIRECTION('',(-0.,-0.,-1.));
#2143 = ORIENTED_EDGE('',*,*,#726,.F.);
#2144 = FACE_BOUND('',#2145,.F.);
#2145 = EDGE_LOOP('',(#2146,#2156,#2164,#2172));
#2146 = ORIENTED_EDGE('',*,*,#2147,.T.);
#2147 = EDGE_CURVE('',#2148,#2150,#2152,.T.);
#2148 = VERTEX_POINT('',#2149);
#2149 = CARTESIAN_POINT('',(-48.35,3.,-1.410927519059));
#2150 = VERTEX_POINT('',#2151);
#2151 = CARTESIAN_POINT('',(-48.35,3.,-3.02360679775));
#2152 = LINE('',#2153,#2154);
#2153 = CARTESIAN_POINT('',(-48.35,3.,-1.121583948005));
#2154 = VECTOR('',#2155,1.);
#2155 = DIRECTION('',(0.,0.,-1.));
#2156 = ORIENTED_EDGE('',*,*,#2157,.T.);
#2157 = EDGE_CURVE('',#2150,#2158,#2160,.T.);
#2158 = VERTEX_POINT('',#2159);
#2159 = CARTESIAN_POINT('',(-48.35,-3.,-3.02360679775));
#2160 = LINE('',#2161,#2162);
#2161 = CARTESIAN_POINT('',(-48.35,3.,-3.02360679775));
#2162 = VECTOR('',#2163,1.);
#2163 = DIRECTION('',(0.,-1.,2.22044604925E-16));
#2164 = ORIENTED_EDGE('',*,*,#2165,.T.);
#2165 = EDGE_CURVE('',#2158,#2166,#2168,.T.);
#2166 = VERTEX_POINT('',#2167);
#2167 = CARTESIAN_POINT('',(-48.35,-3.,-1.410927519059));
#2168 = LINE('',#2169,#2170);
#2169 = CARTESIAN_POINT('',(-48.35,-3.,-1.121583948005));
#2170 = VECTOR('',#2171,1.);
#2171 = DIRECTION('',(0.,0.,1.));
#2172 = ORIENTED_EDGE('',*,*,#2173,.F.);
#2173 = EDGE_CURVE('',#2148,#2166,#2174,.T.);
#2174 = LINE('',#2175,#2176);
#2175 = CARTESIAN_POINT('',(-48.35,3.,-1.410927519059));
#2176 = VECTOR('',#2177,1.);
#2177 = DIRECTION('',(0.,-1.,2.22044604925E-16));
#2178 = PLANE('',#2179);
#2179 = AXIS2_PLACEMENT_3D('',#2180,#2181,#2182);
#2180 = CARTESIAN_POINT('',(-48.35,-44.99998493769,0.));
#2181 = DIRECTION('',(1.,-1.097363553743E-16,0.));
#2182 = DIRECTION('',(1.097363553743E-16,1.,0.));
#2183 = ADVANCED_FACE('',(#2184),#2203,.T.);
#2184 = FACE_BOUND('',#2185,.T.);
#2185 = EDGE_LOOP('',(#2186,#2187,#2196,#2202));
#2186 = ORIENTED_EDGE('',*,*,#2122,.T.);
#2187 = ORIENTED_EDGE('',*,*,#2188,.T.);
#2188 = EDGE_CURVE('',#2123,#2189,#2191,.T.);
#2189 = VERTEX_POINT('',#2190);
#2190 = CARTESIAN_POINT('',(-44.99998493769,-48.35,-3.5));
#2191 = CIRCLE('',#2192,3.350015062304);
#2192 = AXIS2_PLACEMENT_3D('',#2193,#2194,#2195);
#2193 = CARTESIAN_POINT('',(-44.99998493769,-44.99998493769,-3.5));
#2194 = DIRECTION('',(0.,0.,1.));
#2195 = DIRECTION('',(1.,0.,0.));
#2196 = ORIENTED_EDGE('',*,*,#2197,.F.);
#2197 = EDGE_CURVE('',#750,#2189,#2198,.T.);
#2198 = LINE('',#2199,#2200);
#2199 = CARTESIAN_POINT('',(-44.99998493769,-48.35,0.));
#2200 = VECTOR('',#2201,1.);
#2201 = DIRECTION('',(-0.,-0.,-1.));
#2202 = ORIENTED_EDGE('',*,*,#757,.T.);
#2203 = CYLINDRICAL_SURFACE('',#2204,3.350015062304);
#2204 = AXIS2_PLACEMENT_3D('',#2205,#2206,#2207);
#2205 = CARTESIAN_POINT('',(-44.99998493769,-44.99998493769,0.));
#2206 = DIRECTION('',(0.,0.,1.));
#2207 = DIRECTION('',(1.,0.,0.));
#2208 = ADVANCED_FACE('',(#2209),#2228,.T.);
#2209 = FACE_BOUND('',#2210,.T.);
#2210 = EDGE_LOOP('',(#2211,#2219,#2226,#2227));
#2211 = ORIENTED_EDGE('',*,*,#2212,.T.);
#2212 = EDGE_CURVE('',#776,#2213,#2215,.T.);
#2213 = VERTEX_POINT('',#2214);
#2214 = CARTESIAN_POINT('',(-45.,23.1,-3.5));
#2215 = LINE('',#2216,#2217);
#2216 = CARTESIAN_POINT('',(-45.,23.1,0.));
#2217 = VECTOR('',#2218,1.);
#2218 = DIRECTION('',(-0.,-0.,-1.));
#2219 = ORIENTED_EDGE('',*,*,#2220,.T.);
#2220 = EDGE_CURVE('',#2213,#2131,#2221,.T.);
#2221 = CIRCLE('',#2222,3.35);
#2222 = AXIS2_PLACEMENT_3D('',#2223,#2224,#2225);
#2223 = CARTESIAN_POINT('',(-45.,19.75,-3.5));
#2224 = DIRECTION('',(0.,0.,1.));
#2225 = DIRECTION('',(1.,0.,0.));
#2226 = ORIENTED_EDGE('',*,*,#2138,.F.);
#2227 = ORIENTED_EDGE('',*,*,#775,.T.);
#2228 = CYLINDRICAL_SURFACE('',#2229,3.35);
#2229 = AXIS2_PLACEMENT_3D('',#2230,#2231,#2232);
#2230 = CARTESIAN_POINT('',(-45.,19.75,0.));
#2231 = DIRECTION('',(0.,0.,1.));
#2232 = DIRECTION('',(1.,0.,0.));
#2233 = ADVANCED_FACE('',(#2234,#2252),#2286,.T.);
#2234 = FACE_BOUND('',#2235,.T.);
#2235 = EDGE_LOOP('',(#2236,#2237,#2245,#2251));
#2236 = ORIENTED_EDGE('',*,*,#2197,.T.);
#2237 = ORIENTED_EDGE('',*,*,#2238,.T.);
#2238 = EDGE_CURVE('',#2189,#2239,#2241,.T.);
#2239 = VERTEX_POINT('',#2240);
#2240 = CARTESIAN_POINT('',(45.,-48.35,-3.5));
#2241 = LINE('',#2242,#2243);
#2242 = CARTESIAN_POINT('',(-44.99998493769,-48.35,-3.5));
#2243 = VECTOR('',#2244,1.);
#2244 = DIRECTION('',(1.,0.,0.));
#2245 = ORIENTED_EDGE('',*,*,#2246,.F.);
#2246 = EDGE_CURVE('',#800,#2239,#2247,.T.);
#2247 = LINE('',#2248,#2249);
#2248 = CARTESIAN_POINT('',(45.,-48.35,0.));
#2249 = VECTOR('',#2250,1.);
#2250 = DIRECTION('',(-0.,-0.,-1.));
#2251 = ORIENTED_EDGE('',*,*,#807,.T.);
#2252 = FACE_BOUND('',#2253,.T.);
#2253 = EDGE_LOOP('',(#2254,#2264,#2272,#2280));
#2254 = ORIENTED_EDGE('',*,*,#2255,.F.);
#2255 = EDGE_CURVE('',#2256,#2258,#2260,.T.);
#2256 = VERTEX_POINT('',#2257);
#2257 = CARTESIAN_POINT('',(-3.,-48.35,-1.410927519059));
#2258 = VERTEX_POINT('',#2259);
#2259 = CARTESIAN_POINT('',(-3.,-48.35,-3.02360679775));
#2260 = LINE('',#2261,#2262);
#2261 = CARTESIAN_POINT('',(-3.,-48.35,-1.121583948005));
#2262 = VECTOR('',#2263,1.);
#2263 = DIRECTION('',(0.,0.,-1.));
#2264 = ORIENTED_EDGE('',*,*,#2265,.T.);
#2265 = EDGE_CURVE('',#2256,#2266,#2268,.T.);
#2266 = VERTEX_POINT('',#2267);
#2267 = CARTESIAN_POINT('',(3.,-48.35,-1.410927519059));
#2268 = LINE('',#2269,#2270);
#2269 = CARTESIAN_POINT('',(-3.,-48.35,-1.410927519059));
#2270 = VECTOR('',#2271,1.);
#2271 = DIRECTION('',(1.,0.,0.));
#2272 = ORIENTED_EDGE('',*,*,#2273,.F.);
#2273 = EDGE_CURVE('',#2274,#2266,#2276,.T.);
#2274 = VERTEX_POINT('',#2275);
#2275 = CARTESIAN_POINT('',(3.,-48.35,-3.02360679775));
#2276 = LINE('',#2277,#2278);
#2277 = CARTESIAN_POINT('',(3.,-48.35,-1.121583948005));
#2278 = VECTOR('',#2279,1.);
#2279 = DIRECTION('',(0.,0.,1.));
#2280 = ORIENTED_EDGE('',*,*,#2281,.F.);
#2281 = EDGE_CURVE('',#2258,#2274,#2282,.T.);
#2282 = LINE('',#2283,#2284);
#2283 = CARTESIAN_POINT('',(-3.,-48.35,-3.02360679775));
#2284 = VECTOR('',#2285,1.);
#2285 = DIRECTION('',(1.,0.,0.));
#2286 = PLANE('',#2287);
#2287 = AXIS2_PLACEMENT_3D('',#2288,#2289,#2290);
#2288 = CARTESIAN_POINT('',(-44.99998493769,-48.35,0.));
#2289 = DIRECTION('',(0.,-1.,0.));
#2290 = DIRECTION('',(1.,0.,0.));
#2291 = ADVANCED_FACE('',(#2292),#2310,.T.);
#2292 = FACE_BOUND('',#2293,.T.);
#2293 = EDGE_LOOP('',(#2294,#2302,#2308,#2309));
#2294 = ORIENTED_EDGE('',*,*,#2295,.T.);
#2295 = EDGE_CURVE('',#825,#2296,#2298,.T.);
#2296 = VERTEX_POINT('',#2297);
#2297 = CARTESIAN_POINT('',(-31.,23.099999999999,-3.5));
#2298 = LINE('',#2299,#2300);
#2299 = CARTESIAN_POINT('',(-31.,23.099999999999,0.));
#2300 = VECTOR('',#2301,1.);
#2301 = DIRECTION('',(-0.,-0.,-1.));
#2302 = ORIENTED_EDGE('',*,*,#2303,.T.);
#2303 = EDGE_CURVE('',#2296,#2213,#2304,.T.);
#2304 = LINE('',#2305,#2306);
#2305 = CARTESIAN_POINT('',(-31.,23.099999999999,-3.5));
#2306 = VECTOR('',#2307,1.);
#2307 = DIRECTION('',(-1.,4.745410413826E-14,0.));
#2308 = ORIENTED_EDGE('',*,*,#2212,.F.);
#2309 = ORIENTED_EDGE('',*,*,#824,.T.);
#2310 = PLANE('',#2311);
#2311 = AXIS2_PLACEMENT_3D('',#2312,#2313,#2314);
#2312 = CARTESIAN_POINT('',(-31.,23.099999999999,0.));
#2313 = DIRECTION('',(4.745410413826E-14,1.,0.));
#2314 = DIRECTION('',(-1.,4.745410413826E-14,0.));
#2315 = ADVANCED_FACE('',(#2316),#2335,.T.);
#2316 = FACE_BOUND('',#2317,.T.);
#2317 = EDGE_LOOP('',(#2318,#2319,#2328,#2334));
#2318 = ORIENTED_EDGE('',*,*,#2246,.T.);
#2319 = ORIENTED_EDGE('',*,*,#2320,.T.);
#2320 = EDGE_CURVE('',#2239,#2321,#2323,.T.);
#2321 = VERTEX_POINT('',#2322);
#2322 = CARTESIAN_POINT('',(48.35,-45.,-3.5));
#2323 = CIRCLE('',#2324,3.35);
#2324 = AXIS2_PLACEMENT_3D('',#2325,#2326,#2327);
#2325 = CARTESIAN_POINT('',(45.,-45.,-3.5));
#2326 = DIRECTION('',(0.,0.,1.));
#2327 = DIRECTION('',(1.,0.,0.));
#2328 = ORIENTED_EDGE('',*,*,#2329,.F.);
#2329 = EDGE_CURVE('',#848,#2321,#2330,.T.);
#2330 = LINE('',#2331,#2332);
#2331 = CARTESIAN_POINT('',(48.35,-45.,0.));
#2332 = VECTOR('',#2333,1.);
#2333 = DIRECTION('',(-0.,-0.,-1.));
#2334 = ORIENTED_EDGE('',*,*,#855,.T.);
#2335 = CYLINDRICAL_SURFACE('',#2336,3.35);
#2336 = AXIS2_PLACEMENT_3D('',#2337,#2338,#2339);
#2337 = CARTESIAN_POINT('',(45.,-45.,0.));
#2338 = DIRECTION('',(0.,0.,1.));
#2339 = DIRECTION('',(1.,0.,0.));
#2340 = ADVANCED_FACE('',(#2341),#2360,.F.);
#2341 = FACE_BOUND('',#2342,.F.);
#2342 = EDGE_LOOP('',(#2343,#2344,#2353,#2359));
#2343 = ORIENTED_EDGE('',*,*,#2295,.T.);
#2344 = ORIENTED_EDGE('',*,*,#2345,.T.);
#2345 = EDGE_CURVE('',#2296,#2346,#2348,.T.);
#2346 = VERTEX_POINT('',#2347);
#2347 = CARTESIAN_POINT('',(-26.34999999999,27.75,-3.5));
#2348 = CIRCLE('',#2349,4.650000000001);
#2349 = AXIS2_PLACEMENT_3D('',#2350,#2351,#2352);
#2350 = CARTESIAN_POINT('',(-31.,27.75,-3.5));
#2351 = DIRECTION('',(0.,0.,1.));
#2352 = DIRECTION('',(1.,0.,0.));
#2353 = ORIENTED_EDGE('',*,*,#2354,.F.);
#2354 = EDGE_CURVE('',#874,#2346,#2355,.T.);
#2355 = LINE('',#2356,#2357);
#2356 = CARTESIAN_POINT('',(-26.34999999999,27.75,0.));
#2357 = VECTOR('',#2358,1.);
#2358 = DIRECTION('',(-0.,-0.,-1.));
#2359 = ORIENTED_EDGE('',*,*,#873,.F.);
#2360 = CYLINDRICAL_SURFACE('',#2361,4.650000000001);
#2361 = AXIS2_PLACEMENT_3D('',#2362,#2363,#2364);
#2362 = CARTESIAN_POINT('',(-31.,27.75,0.));
#2363 = DIRECTION('',(0.,0.,1.));
#2364 = DIRECTION('',(1.,0.,0.));
#2365 = ADVANCED_FACE('',(#2366),#2384,.T.);
#2366 = FACE_BOUND('',#2367,.T.);
#2367 = EDGE_LOOP('',(#2368,#2376,#2382,#2383));
#2368 = ORIENTED_EDGE('',*,*,#2369,.T.);
#2369 = EDGE_CURVE('',#923,#2370,#2372,.T.);
#2370 = VERTEX_POINT('',#2371);
#2371 = CARTESIAN_POINT('',(-26.35,45.,-3.5));
#2372 = LINE('',#2373,#2374);
#2373 = CARTESIAN_POINT('',(-26.35,45.,0.));
#2374 = VECTOR('',#2375,1.);
#2375 = DIRECTION('',(-0.,-0.,-1.));
#2376 = ORIENTED_EDGE('',*,*,#2377,.T.);
#2377 = EDGE_CURVE('',#2370,#2346,#2378,.T.);
#2378 = LINE('',#2379,#2380);
#2379 = CARTESIAN_POINT('',(-26.35,45.,-3.5));
#2380 = VECTOR('',#2381,1.);
#2381 = DIRECTION('',(4.778142454966E-14,-1.,0.));
#2382 = ORIENTED_EDGE('',*,*,#2354,.F.);
#2383 = ORIENTED_EDGE('',*,*,#922,.T.);
#2384 = PLANE('',#2385);
#2385 = AXIS2_PLACEMENT_3D('',#2386,#2387,#2388);
#2386 = CARTESIAN_POINT('',(-26.35,45.,0.));
#2387 = DIRECTION('',(-1.,-4.778142454966E-14,0.));
#2388 = DIRECTION('',(4.778142454966E-14,-1.,0.));
#2389 = ADVANCED_FACE('',(#2390),#2416,.T.);
#2390 = FACE_BOUND('',#2391,.T.);
#2391 = EDGE_LOOP('',(#2392,#2400,#2409,#2415));
#2392 = ORIENTED_EDGE('',*,*,#2393,.T.);
#2393 = EDGE_CURVE('',#898,#2394,#2396,.T.);
#2394 = VERTEX_POINT('',#2395);
#2395 = CARTESIAN_POINT('',(48.35,45.,-3.5));
#2396 = LINE('',#2397,#2398);
#2397 = CARTESIAN_POINT('',(48.35,45.,0.));
#2398 = VECTOR('',#2399,1.);
#2399 = DIRECTION('',(-0.,-0.,-1.));
#2400 = ORIENTED_EDGE('',*,*,#2401,.T.);
#2401 = EDGE_CURVE('',#2394,#2402,#2404,.T.);
#2402 = VERTEX_POINT('',#2403);
#2403 = CARTESIAN_POINT('',(45.,48.35,-3.5));
#2404 = CIRCLE('',#2405,3.35);
#2405 = AXIS2_PLACEMENT_3D('',#2406,#2407,#2408);
#2406 = CARTESIAN_POINT('',(45.,45.,-3.5));
#2407 = DIRECTION('',(0.,0.,1.));
#2408 = DIRECTION('',(1.,0.,0.));
#2409 = ORIENTED_EDGE('',*,*,#2410,.F.);
#2410 = EDGE_CURVE('',#946,#2402,#2411,.T.);
#2411 = LINE('',#2412,#2413);
#2412 = CARTESIAN_POINT('',(45.,48.35,0.));
#2413 = VECTOR('',#2414,1.);
#2414 = DIRECTION('',(-0.,-0.,-1.));
#2415 = ORIENTED_EDGE('',*,*,#953,.T.);
#2416 = CYLINDRICAL_SURFACE('',#2417,3.35);
#2417 = AXIS2_PLACEMENT_3D('',#2418,#2419,#2420);
#2418 = CARTESIAN_POINT('',(45.,45.,0.));
#2419 = DIRECTION('',(0.,0.,1.));
#2420 = DIRECTION('',(1.,0.,0.));
#2421 = ADVANCED_FACE('',(#2422),#2441,.T.);
#2422 = FACE_BOUND('',#2423,.T.);
#2423 = EDGE_LOOP('',(#2424,#2432,#2439,#2440));
#2424 = ORIENTED_EDGE('',*,*,#2425,.T.);
#2425 = EDGE_CURVE('',#972,#2426,#2428,.T.);
#2426 = VERTEX_POINT('',#2427);
#2427 = CARTESIAN_POINT('',(-23.,48.35,-3.5));
#2428 = LINE('',#2429,#2430);
#2429 = CARTESIAN_POINT('',(-23.,48.35,0.));
#2430 = VECTOR('',#2431,1.);
#2431 = DIRECTION('',(-0.,-0.,-1.));
#2432 = ORIENTED_EDGE('',*,*,#2433,.T.);
#2433 = EDGE_CURVE('',#2426,#2370,#2434,.T.);
#2434 = CIRCLE('',#2435,3.35);
#2435 = AXIS2_PLACEMENT_3D('',#2436,#2437,#2438);
#2436 = CARTESIAN_POINT('',(-23.,45.,-3.5));
#2437 = DIRECTION('',(0.,0.,1.));
#2438 = DIRECTION('',(1.,0.,0.));
#2439 = ORIENTED_EDGE('',*,*,#2369,.F.);
#2440 = ORIENTED_EDGE('',*,*,#971,.T.);
#2441 = CYLINDRICAL_SURFACE('',#2442,3.35);
#2442 = AXIS2_PLACEMENT_3D('',#2443,#2444,#2445);
#2443 = CARTESIAN_POINT('',(-23.,45.,0.));
#2444 = DIRECTION('',(0.,0.,1.));
#2445 = DIRECTION('',(1.,0.,0.));
#2446 = ADVANCED_FACE('',(#2447,#2458),#2492,.F.);
#2447 = FACE_BOUND('',#2448,.F.);
#2448 = EDGE_LOOP('',(#2449,#2450,#2456,#2457));
#2449 = ORIENTED_EDGE('',*,*,#2425,.T.);
#2450 = ORIENTED_EDGE('',*,*,#2451,.T.);
#2451 = EDGE_CURVE('',#2426,#2402,#2452,.T.);
#2452 = LINE('',#2453,#2454);
#2453 = CARTESIAN_POINT('',(-23.,48.35,-3.5));
#2454 = VECTOR('',#2455,1.);
#2455 = DIRECTION('',(1.,-2.298814733342E-15,0.));
#2456 = ORIENTED_EDGE('',*,*,#2410,.F.);
#2457 = ORIENTED_EDGE('',*,*,#996,.F.);
#2458 = FACE_BOUND('',#2459,.F.);
#2459 = EDGE_LOOP('',(#2460,#2470,#2478,#2486));
#2460 = ORIENTED_EDGE('',*,*,#2461,.F.);
#2461 = EDGE_CURVE('',#2462,#2464,#2466,.T.);
#2462 = VERTEX_POINT('',#2463);
#2463 = CARTESIAN_POINT('',(-3.,48.35,-3.113238075794));
#2464 = VERTEX_POINT('',#2465);
#2465 = CARTESIAN_POINT('',(3.,48.35,-3.113238075794));
#2466 = LINE('',#2467,#2468);
#2467 = CARTESIAN_POINT('',(-3.,48.35,-3.113238075794));
#2468 = VECTOR('',#2469,1.);
#2469 = DIRECTION('',(1.,0.,0.));
#2470 = ORIENTED_EDGE('',*,*,#2471,.T.);
#2471 = EDGE_CURVE('',#2462,#2472,#2474,.T.);
#2472 = VERTEX_POINT('',#2473);
#2473 = CARTESIAN_POINT('',(-3.,48.35,-1.410927519059));
#2474 = LINE('',#2475,#2476);
#2475 = CARTESIAN_POINT('',(-3.,48.35,-1.140103496783));
#2476 = VECTOR('',#2477,1.);
#2477 = DIRECTION('',(0.,0.,1.));
#2478 = ORIENTED_EDGE('',*,*,#2479,.T.);
#2479 = EDGE_CURVE('',#2472,#2480,#2482,.T.);
#2480 = VERTEX_POINT('',#2481);
#2481 = CARTESIAN_POINT('',(3.,48.35,-1.410927519059));
#2482 = LINE('',#2483,#2484);
#2483 = CARTESIAN_POINT('',(-3.,48.35,-1.410927519059));
#2484 = VECTOR('',#2485,1.);
#2485 = DIRECTION('',(1.,0.,0.));
#2486 = ORIENTED_EDGE('',*,*,#2487,.T.);
#2487 = EDGE_CURVE('',#2480,#2464,#2488,.T.);
#2488 = LINE('',#2489,#2490);
#2489 = CARTESIAN_POINT('',(3.,48.35,-1.140103496783));
#2490 = VECTOR('',#2491,1.);
#2491 = DIRECTION('',(0.,0.,-1.));
#2492 = PLANE('',#2493);
#2493 = AXIS2_PLACEMENT_3D('',#2494,#2495,#2496);
#2494 = CARTESIAN_POINT('',(-23.,48.35,0.));
#2495 = DIRECTION('',(-2.298814733342E-15,-1.,0.));
#2496 = DIRECTION('',(1.,-2.298814733342E-15,0.));
#2497 = ADVANCED_FACE('',(#2498),#2523,.F.);
#2498 = FACE_BOUND('',#2499,.F.);
#2499 = EDGE_LOOP('',(#2500,#2508,#2509,#2517));
#2500 = ORIENTED_EDGE('',*,*,#2501,.F.);
#2501 = EDGE_CURVE('',#1056,#2502,#2504,.T.);
#2502 = VERTEX_POINT('',#2503);
#2503 = CARTESIAN_POINT('',(14.8,-47.3,-7.35));
#2504 = LINE('',#2505,#2506);
#2505 = CARTESIAN_POINT('',(13.683333333333,-48.41666666666,
    -8.466666666667));
#2506 = VECTOR('',#2507,1.);
#2507 = DIRECTION('',(-0.57735026919,-0.57735026919,-0.57735026919));
#2508 = ORIENTED_EDGE('',*,*,#1055,.T.);
#2509 = ORIENTED_EDGE('',*,*,#2510,.T.);
#2510 = EDGE_CURVE('',#1058,#2511,#2513,.T.);
#2511 = VERTEX_POINT('',#2512);
#2512 = CARTESIAN_POINT('',(5.,-47.3,-7.35));
#2513 = LINE('',#2514,#2515);
#2514 = CARTESIAN_POINT('',(6.533333333333,-48.83333333333,
    -8.883333333333));
#2515 = VECTOR('',#2516,1.);
#2516 = DIRECTION('',(0.57735026919,-0.57735026919,-0.57735026919));
#2517 = ORIENTED_EDGE('',*,*,#2518,.F.);
#2518 = EDGE_CURVE('',#2502,#2511,#2519,.T.);
#2519 = LINE('',#2520,#2521);
#2520 = CARTESIAN_POINT('',(14.8,-47.3,-7.35));
#2521 = VECTOR('',#2522,1.);
#2522 = DIRECTION('',(-1.,0.,0.));
#2523 = PLANE('',#2524);
#2524 = AXIS2_PLACEMENT_3D('',#2525,#2526,#2527);
#2525 = CARTESIAN_POINT('',(14.8,-47.15,-7.2));
#2526 = DIRECTION('',(-3.472568050348E-18,-0.707106781187,0.707106781187
    ));
#2527 = DIRECTION('',(-1.,2.455476416533E-18,-2.455476416532E-18));
#2528 = ADVANCED_FACE('',(#2529),#2547,.F.);
#2529 = FACE_BOUND('',#2530,.F.);
#2530 = EDGE_LOOP('',(#2531,#2539,#2540,#2541));
#2531 = ORIENTED_EDGE('',*,*,#2532,.F.);
#2532 = EDGE_CURVE('',#1066,#2533,#2535,.T.);
#2533 = VERTEX_POINT('',#2534);
#2534 = CARTESIAN_POINT('',(14.8,-47.3,-14.65));
#2535 = LINE('',#2536,#2537);
#2536 = CARTESIAN_POINT('',(13.266666666667,-48.83333333333,
    -13.11666666666));
#2537 = VECTOR('',#2538,1.);
#2538 = DIRECTION('',(-0.57735026919,-0.57735026919,0.57735026919));
#2539 = ORIENTED_EDGE('',*,*,#1065,.T.);
#2540 = ORIENTED_EDGE('',*,*,#2501,.T.);
#2541 = ORIENTED_EDGE('',*,*,#2542,.F.);
#2542 = EDGE_CURVE('',#2533,#2502,#2543,.T.);
#2543 = LINE('',#2544,#2545);
#2544 = CARTESIAN_POINT('',(14.8,-47.3,-14.65));
#2545 = VECTOR('',#2546,1.);
#2546 = DIRECTION('',(0.,2.22044604925E-16,1.));
#2547 = PLANE('',#2548);
#2548 = AXIS2_PLACEMENT_3D('',#2549,#2550,#2551);
#2549 = CARTESIAN_POINT('',(14.95,-47.15,-14.65));
#2550 = DIRECTION('',(0.707106781187,-0.707106781187,-3.472568050348E-18
    ));
#2551 = DIRECTION('',(1.13477778879E-16,1.08566826046E-16,1.));
#2552 = ADVANCED_FACE('',(#2553),#2571,.F.);
#2553 = FACE_BOUND('',#2554,.F.);
#2554 = EDGE_LOOP('',(#2555,#2556,#2557,#2565));
#2555 = ORIENTED_EDGE('',*,*,#2510,.F.);
#2556 = ORIENTED_EDGE('',*,*,#1081,.T.);
#2557 = ORIENTED_EDGE('',*,*,#2558,.T.);
#2558 = EDGE_CURVE('',#1074,#2559,#2561,.T.);
#2559 = VERTEX_POINT('',#2560);
#2560 = CARTESIAN_POINT('',(5.,-47.3,-14.65));
#2561 = LINE('',#2562,#2563);
#2562 = CARTESIAN_POINT('',(6.116666666667,-48.41666666666,
    -13.53333333333));
#2563 = VECTOR('',#2564,1.);
#2564 = DIRECTION('',(0.57735026919,-0.57735026919,0.57735026919));
#2565 = ORIENTED_EDGE('',*,*,#2566,.F.);
#2566 = EDGE_CURVE('',#2511,#2559,#2567,.T.);
#2567 = LINE('',#2568,#2569);
#2568 = CARTESIAN_POINT('',(5.,-47.3,-7.35));
#2569 = VECTOR('',#2570,1.);
#2570 = DIRECTION('',(0.,-2.22044604925E-16,-1.));
#2571 = PLANE('',#2572);
#2572 = AXIS2_PLACEMENT_3D('',#2573,#2574,#2575);
#2573 = CARTESIAN_POINT('',(4.85,-47.15,-7.35));
#2574 = DIRECTION('',(-0.707106781187,-0.707106781187,
    -3.472568050348E-18));
#2575 = DIRECTION('',(1.13477778879E-16,-1.08566826046E-16,-1.));
#2576 = ADVANCED_FACE('',(#2577),#2588,.F.);
#2577 = FACE_BOUND('',#2578,.F.);
#2578 = EDGE_LOOP('',(#2579,#2580,#2581,#2582));
#2579 = ORIENTED_EDGE('',*,*,#2558,.F.);
#2580 = ORIENTED_EDGE('',*,*,#1073,.T.);
#2581 = ORIENTED_EDGE('',*,*,#2532,.T.);
#2582 = ORIENTED_EDGE('',*,*,#2583,.F.);
#2583 = EDGE_CURVE('',#2559,#2533,#2584,.T.);
#2584 = LINE('',#2585,#2586);
#2585 = CARTESIAN_POINT('',(5.,-47.3,-14.65));
#2586 = VECTOR('',#2587,1.);
#2587 = DIRECTION('',(1.,0.,0.));
#2588 = PLANE('',#2589);
#2589 = AXIS2_PLACEMENT_3D('',#2590,#2591,#2592);
#2590 = CARTESIAN_POINT('',(5.,-47.15,-14.8));
#2591 = DIRECTION('',(-3.472568050348E-18,-0.707106781187,
    -0.707106781187));
#2592 = DIRECTION('',(1.,-2.455476416533E-18,-2.455476416532E-18));
#2593 = ADVANCED_FACE('',(#2594),#2619,.F.);
#2594 = FACE_BOUND('',#2595,.F.);
#2595 = EDGE_LOOP('',(#2596,#2604,#2605,#2613));
#2596 = ORIENTED_EDGE('',*,*,#2597,.F.);
#2597 = EDGE_CURVE('',#1090,#2598,#2600,.T.);
#2598 = VERTEX_POINT('',#2599);
#2599 = CARTESIAN_POINT('',(24.9,-47.3,-14.65));
#2600 = LINE('',#2601,#2602);
#2601 = CARTESIAN_POINT('',(26.016666666667,-48.41666666666,
    -13.53333333333));
#2602 = VECTOR('',#2603,1.);
#2603 = DIRECTION('',(0.57735026919,-0.57735026919,0.57735026919));
#2604 = ORIENTED_EDGE('',*,*,#1089,.T.);
#2605 = ORIENTED_EDGE('',*,*,#2606,.T.);
#2606 = EDGE_CURVE('',#1092,#2607,#2609,.T.);
#2607 = VERTEX_POINT('',#2608);
#2608 = CARTESIAN_POINT('',(34.7,-47.3,-14.65));
#2609 = LINE('',#2610,#2611);
#2610 = CARTESIAN_POINT('',(33.166666666667,-48.83333333333,
    -13.11666666666));
#2611 = VECTOR('',#2612,1.);
#2612 = DIRECTION('',(-0.57735026919,-0.57735026919,0.57735026919));
#2613 = ORIENTED_EDGE('',*,*,#2614,.F.);
#2614 = EDGE_CURVE('',#2598,#2607,#2615,.T.);
#2615 = LINE('',#2616,#2617);
#2616 = CARTESIAN_POINT('',(24.9,-47.3,-14.65));
#2617 = VECTOR('',#2618,1.);
#2618 = DIRECTION('',(1.,0.,0.));
#2619 = PLANE('',#2620);
#2620 = AXIS2_PLACEMENT_3D('',#2621,#2622,#2623);
#2621 = CARTESIAN_POINT('',(24.9,-47.15,-14.8));
#2622 = DIRECTION('',(-3.472568050348E-18,-0.707106781187,
    -0.707106781187));
#2623 = DIRECTION('',(1.,-2.455476416533E-18,-2.455476416532E-18));
#2624 = ADVANCED_FACE('',(#2625),#2643,.F.);
#2625 = FACE_BOUND('',#2626,.F.);
#2626 = EDGE_LOOP('',(#2627,#2635,#2636,#2637));
#2627 = ORIENTED_EDGE('',*,*,#2628,.F.);
#2628 = EDGE_CURVE('',#1100,#2629,#2631,.T.);
#2629 = VERTEX_POINT('',#2630);
#2630 = CARTESIAN_POINT('',(24.9,-47.3,-7.35));
#2631 = LINE('',#2632,#2633);
#2632 = CARTESIAN_POINT('',(26.433333333333,-48.83333333333,
    -8.883333333333));
#2633 = VECTOR('',#2634,1.);
#2634 = DIRECTION('',(0.57735026919,-0.57735026919,-0.57735026919));
#2635 = ORIENTED_EDGE('',*,*,#1099,.T.);
#2636 = ORIENTED_EDGE('',*,*,#2597,.T.);
#2637 = ORIENTED_EDGE('',*,*,#2638,.F.);
#2638 = EDGE_CURVE('',#2629,#2598,#2639,.T.);
#2639 = LINE('',#2640,#2641);
#2640 = CARTESIAN_POINT('',(24.9,-47.3,-7.35));
#2641 = VECTOR('',#2642,1.);
#2642 = DIRECTION('',(0.,-2.22044604925E-16,-1.));
#2643 = PLANE('',#2644);
#2644 = AXIS2_PLACEMENT_3D('',#2645,#2646,#2647);
#2645 = CARTESIAN_POINT('',(24.75,-47.15,-7.35));
#2646 = DIRECTION('',(-0.707106781187,-0.707106781187,3.472568050348E-18
    ));
#2647 = DIRECTION('',(1.08566826046E-16,-1.13477778879E-16,-1.));
#2648 = ADVANCED_FACE('',(#2649),#2667,.F.);
#2649 = FACE_BOUND('',#2650,.F.);
#2650 = EDGE_LOOP('',(#2651,#2652,#2653,#2661));
#2651 = ORIENTED_EDGE('',*,*,#2606,.F.);
#2652 = ORIENTED_EDGE('',*,*,#1115,.T.);
#2653 = ORIENTED_EDGE('',*,*,#2654,.T.);
#2654 = EDGE_CURVE('',#1108,#2655,#2657,.T.);
#2655 = VERTEX_POINT('',#2656);
#2656 = CARTESIAN_POINT('',(34.7,-47.3,-7.35));
#2657 = LINE('',#2658,#2659);
#2658 = CARTESIAN_POINT('',(33.583333333333,-48.41666666666,
    -8.466666666667));
#2659 = VECTOR('',#2660,1.);
#2660 = DIRECTION('',(-0.57735026919,-0.57735026919,-0.57735026919));
#2661 = ORIENTED_EDGE('',*,*,#2662,.F.);
#2662 = EDGE_CURVE('',#2607,#2655,#2663,.T.);
#2663 = LINE('',#2664,#2665);
#2664 = CARTESIAN_POINT('',(34.7,-47.3,-14.65));
#2665 = VECTOR('',#2666,1.);
#2666 = DIRECTION('',(0.,2.22044604925E-16,1.));
#2667 = PLANE('',#2668);
#2668 = AXIS2_PLACEMENT_3D('',#2669,#2670,#2671);
#2669 = CARTESIAN_POINT('',(34.85,-47.15,-14.65));
#2670 = DIRECTION('',(0.707106781187,-0.707106781187,0.));
#2671 = DIRECTION('',(1.110223024625E-16,1.110223024625E-16,1.));
#2672 = ADVANCED_FACE('',(#2673),#2684,.F.);
#2673 = FACE_BOUND('',#2674,.F.);
#2674 = EDGE_LOOP('',(#2675,#2676,#2677,#2678));
#2675 = ORIENTED_EDGE('',*,*,#2654,.F.);
#2676 = ORIENTED_EDGE('',*,*,#1107,.T.);
#2677 = ORIENTED_EDGE('',*,*,#2628,.T.);
#2678 = ORIENTED_EDGE('',*,*,#2679,.F.);
#2679 = EDGE_CURVE('',#2655,#2629,#2680,.T.);
#2680 = LINE('',#2681,#2682);
#2681 = CARTESIAN_POINT('',(34.7,-47.3,-7.35));
#2682 = VECTOR('',#2683,1.);
#2683 = DIRECTION('',(-1.,0.,0.));
#2684 = PLANE('',#2685);
#2685 = AXIS2_PLACEMENT_3D('',#2686,#2687,#2688);
#2686 = CARTESIAN_POINT('',(34.7,-47.15,-7.2));
#2687 = DIRECTION('',(-3.472568050348E-18,-0.707106781187,0.707106781187
    ));
#2688 = DIRECTION('',(-1.,2.455476416533E-18,-2.455476416532E-18));
#2689 = ADVANCED_FACE('',(#2690),#2715,.F.);
#2690 = FACE_BOUND('',#2691,.F.);
#2691 = EDGE_LOOP('',(#2692,#2700,#2701,#2709));
#2692 = ORIENTED_EDGE('',*,*,#2693,.F.);
#2693 = EDGE_CURVE('',#1124,#2694,#2696,.T.);
#2694 = VERTEX_POINT('',#2695);
#2695 = CARTESIAN_POINT('',(-5.1,-47.3,-14.65));
#2696 = LINE('',#2697,#2698);
#2697 = CARTESIAN_POINT('',(-6.633333333333,-48.83333333333,
    -13.11666666666));
#2698 = VECTOR('',#2699,1.);
#2699 = DIRECTION('',(-0.57735026919,-0.57735026919,0.57735026919));
#2700 = ORIENTED_EDGE('',*,*,#1123,.T.);
#2701 = ORIENTED_EDGE('',*,*,#2702,.T.);
#2702 = EDGE_CURVE('',#1126,#2703,#2705,.T.);
#2703 = VERTEX_POINT('',#2704);
#2704 = CARTESIAN_POINT('',(-5.1,-47.3,-7.35));
#2705 = LINE('',#2706,#2707);
#2706 = CARTESIAN_POINT('',(-6.216666666667,-48.41666666666,
    -8.466666666667));
#2707 = VECTOR('',#2708,1.);
#2708 = DIRECTION('',(-0.57735026919,-0.57735026919,-0.57735026919));
#2709 = ORIENTED_EDGE('',*,*,#2710,.F.);
#2710 = EDGE_CURVE('',#2694,#2703,#2711,.T.);
#2711 = LINE('',#2712,#2713);
#2712 = CARTESIAN_POINT('',(-5.1,-47.3,-14.65));
#2713 = VECTOR('',#2714,1.);
#2714 = DIRECTION('',(0.,2.22044604925E-16,1.));
#2715 = PLANE('',#2716);
#2716 = AXIS2_PLACEMENT_3D('',#2717,#2718,#2719);
#2717 = CARTESIAN_POINT('',(-4.95,-47.15,-14.65));
#2718 = DIRECTION('',(0.707106781187,-0.707106781187,3.472568050348E-18)
  );
#2719 = DIRECTION('',(1.08566826046E-16,1.13477778879E-16,1.));
#2720 = ADVANCED_FACE('',(#2721),#2739,.F.);
#2721 = FACE_BOUND('',#2722,.F.);
#2722 = EDGE_LOOP('',(#2723,#2731,#2732,#2733));
#2723 = ORIENTED_EDGE('',*,*,#2724,.F.);
#2724 = EDGE_CURVE('',#1134,#2725,#2727,.T.);
#2725 = VERTEX_POINT('',#2726);
#2726 = CARTESIAN_POINT('',(-14.9,-47.3,-14.65));
#2727 = LINE('',#2728,#2729);
#2728 = CARTESIAN_POINT('',(-13.78333333333,-48.41666666666,
    -13.53333333333));
#2729 = VECTOR('',#2730,1.);
#2730 = DIRECTION('',(0.57735026919,-0.57735026919,0.57735026919));
#2731 = ORIENTED_EDGE('',*,*,#1133,.T.);
#2732 = ORIENTED_EDGE('',*,*,#2693,.T.);
#2733 = ORIENTED_EDGE('',*,*,#2734,.F.);
#2734 = EDGE_CURVE('',#2725,#2694,#2735,.T.);
#2735 = LINE('',#2736,#2737);
#2736 = CARTESIAN_POINT('',(-14.9,-47.3,-14.65));
#2737 = VECTOR('',#2738,1.);
#2738 = DIRECTION('',(1.,0.,0.));
#2739 = PLANE('',#2740);
#2740 = AXIS2_PLACEMENT_3D('',#2741,#2742,#2743);
#2741 = CARTESIAN_POINT('',(-14.9,-47.15,-14.8));
#2742 = DIRECTION('',(-3.472568050348E-18,-0.707106781187,
    -0.707106781187));
#2743 = DIRECTION('',(1.,-2.455476416533E-18,-2.455476416532E-18));
#2744 = ADVANCED_FACE('',(#2745),#2763,.F.);
#2745 = FACE_BOUND('',#2746,.F.);
#2746 = EDGE_LOOP('',(#2747,#2748,#2749,#2757));
#2747 = ORIENTED_EDGE('',*,*,#2702,.F.);
#2748 = ORIENTED_EDGE('',*,*,#1149,.T.);
#2749 = ORIENTED_EDGE('',*,*,#2750,.T.);
#2750 = EDGE_CURVE('',#1142,#2751,#2753,.T.);
#2751 = VERTEX_POINT('',#2752);
#2752 = CARTESIAN_POINT('',(-14.9,-47.3,-7.35));
#2753 = LINE('',#2754,#2755);
#2754 = CARTESIAN_POINT('',(-13.36666666666,-48.83333333333,
    -8.883333333333));
#2755 = VECTOR('',#2756,1.);
#2756 = DIRECTION('',(0.57735026919,-0.57735026919,-0.57735026919));
#2757 = ORIENTED_EDGE('',*,*,#2758,.F.);
#2758 = EDGE_CURVE('',#2703,#2751,#2759,.T.);
#2759 = LINE('',#2760,#2761);
#2760 = CARTESIAN_POINT('',(-5.1,-47.3,-7.35));
#2761 = VECTOR('',#2762,1.);
#2762 = DIRECTION('',(-1.,0.,0.));
#2763 = PLANE('',#2764);
#2764 = AXIS2_PLACEMENT_3D('',#2765,#2766,#2767);
#2765 = CARTESIAN_POINT('',(-5.1,-47.15,-7.2));
#2766 = DIRECTION('',(-3.472568050348E-18,-0.707106781187,0.707106781187
    ));
#2767 = DIRECTION('',(-1.,2.455476416533E-18,-2.455476416532E-18));
#2768 = ADVANCED_FACE('',(#2769),#2780,.F.);
#2769 = FACE_BOUND('',#2770,.F.);
#2770 = EDGE_LOOP('',(#2771,#2772,#2773,#2774));
#2771 = ORIENTED_EDGE('',*,*,#2750,.F.);
#2772 = ORIENTED_EDGE('',*,*,#1141,.T.);
#2773 = ORIENTED_EDGE('',*,*,#2724,.T.);
#2774 = ORIENTED_EDGE('',*,*,#2775,.F.);
#2775 = EDGE_CURVE('',#2751,#2725,#2776,.T.);
#2776 = LINE('',#2777,#2778);
#2777 = CARTESIAN_POINT('',(-14.9,-47.3,-7.35));
#2778 = VECTOR('',#2779,1.);
#2779 = DIRECTION('',(0.,-2.22044604925E-16,-1.));
#2780 = PLANE('',#2781);
#2781 = AXIS2_PLACEMENT_3D('',#2782,#2783,#2784);
#2782 = CARTESIAN_POINT('',(-15.05,-47.15,-7.35));
#2783 = DIRECTION('',(-0.707106781187,-0.707106781187,3.472568050348E-18
    ));
#2784 = DIRECTION('',(1.08566826046E-16,-1.13477778879E-16,-1.));
#2785 = ADVANCED_FACE('',(#2786),#2811,.F.);
#2786 = FACE_BOUND('',#2787,.F.);
#2787 = EDGE_LOOP('',(#2788,#2796,#2797,#2805));
#2788 = ORIENTED_EDGE('',*,*,#2789,.F.);
#2789 = EDGE_CURVE('',#1158,#2790,#2792,.T.);
#2790 = VERTEX_POINT('',#2791);
#2791 = CARTESIAN_POINT('',(-25.,-47.3,-7.35));
#2792 = LINE('',#2793,#2794);
#2793 = CARTESIAN_POINT('',(-26.11666666666,-48.41666666666,
    -8.466666666667));
#2794 = VECTOR('',#2795,1.);
#2795 = DIRECTION('',(-0.57735026919,-0.57735026919,-0.57735026919));
#2796 = ORIENTED_EDGE('',*,*,#1157,.T.);
#2797 = ORIENTED_EDGE('',*,*,#2798,.T.);
#2798 = EDGE_CURVE('',#1160,#2799,#2801,.T.);
#2799 = VERTEX_POINT('',#2800);
#2800 = CARTESIAN_POINT('',(-34.8,-47.3,-7.35));
#2801 = LINE('',#2802,#2803);
#2802 = CARTESIAN_POINT('',(-33.26666666666,-48.83333333333,
    -8.883333333333));
#2803 = VECTOR('',#2804,1.);
#2804 = DIRECTION('',(0.57735026919,-0.57735026919,-0.57735026919));
#2805 = ORIENTED_EDGE('',*,*,#2806,.F.);
#2806 = EDGE_CURVE('',#2790,#2799,#2807,.T.);
#2807 = LINE('',#2808,#2809);
#2808 = CARTESIAN_POINT('',(-25.,-47.3,-7.35));
#2809 = VECTOR('',#2810,1.);
#2810 = DIRECTION('',(-1.,0.,0.));
#2811 = PLANE('',#2812);
#2812 = AXIS2_PLACEMENT_3D('',#2813,#2814,#2815);
#2813 = CARTESIAN_POINT('',(-25.,-47.15,-7.2));
#2814 = DIRECTION('',(-3.472568050348E-18,-0.707106781187,0.707106781187
    ));
#2815 = DIRECTION('',(-1.,2.455476416533E-18,-2.455476416532E-18));
#2816 = ADVANCED_FACE('',(#2817),#2835,.F.);
#2817 = FACE_BOUND('',#2818,.F.);
#2818 = EDGE_LOOP('',(#2819,#2827,#2828,#2829));
#2819 = ORIENTED_EDGE('',*,*,#2820,.F.);
#2820 = EDGE_CURVE('',#1168,#2821,#2823,.T.);
#2821 = VERTEX_POINT('',#2822);
#2822 = CARTESIAN_POINT('',(-25.,-47.3,-14.65));
#2823 = LINE('',#2824,#2825);
#2824 = CARTESIAN_POINT('',(-26.53333333333,-48.83333333333,
    -13.11666666666));
#2825 = VECTOR('',#2826,1.);
#2826 = DIRECTION('',(-0.57735026919,-0.57735026919,0.57735026919));
#2827 = ORIENTED_EDGE('',*,*,#1167,.T.);
#2828 = ORIENTED_EDGE('',*,*,#2789,.T.);
#2829 = ORIENTED_EDGE('',*,*,#2830,.F.);
#2830 = EDGE_CURVE('',#2821,#2790,#2831,.T.);
#2831 = LINE('',#2832,#2833);
#2832 = CARTESIAN_POINT('',(-25.,-47.3,-14.65));
#2833 = VECTOR('',#2834,1.);
#2834 = DIRECTION('',(0.,2.22044604925E-16,1.));
#2835 = PLANE('',#2836);
#2836 = AXIS2_PLACEMENT_3D('',#2837,#2838,#2839);
#2837 = CARTESIAN_POINT('',(-24.85,-47.15,-14.65));
#2838 = DIRECTION('',(0.707106781187,-0.707106781187,-3.472568050348E-18
    ));
#2839 = DIRECTION('',(1.13477778879E-16,1.08566826046E-16,1.));
#2840 = ADVANCED_FACE('',(#2841),#2859,.F.);
#2841 = FACE_BOUND('',#2842,.F.);
#2842 = EDGE_LOOP('',(#2843,#2844,#2845,#2853));
#2843 = ORIENTED_EDGE('',*,*,#2798,.F.);
#2844 = ORIENTED_EDGE('',*,*,#1183,.T.);
#2845 = ORIENTED_EDGE('',*,*,#2846,.T.);
#2846 = EDGE_CURVE('',#1176,#2847,#2849,.T.);
#2847 = VERTEX_POINT('',#2848);
#2848 = CARTESIAN_POINT('',(-34.8,-47.3,-14.65));
#2849 = LINE('',#2850,#2851);
#2850 = CARTESIAN_POINT('',(-33.68333333333,-48.41666666666,
    -13.53333333333));
#2851 = VECTOR('',#2852,1.);
#2852 = DIRECTION('',(0.57735026919,-0.57735026919,0.57735026919));
#2853 = ORIENTED_EDGE('',*,*,#2854,.F.);
#2854 = EDGE_CURVE('',#2799,#2847,#2855,.T.);
#2855 = LINE('',#2856,#2857);
#2856 = CARTESIAN_POINT('',(-34.8,-47.3,-7.35));
#2857 = VECTOR('',#2858,1.);
#2858 = DIRECTION('',(0.,-2.22044604925E-16,-1.));
#2859 = PLANE('',#2860);
#2860 = AXIS2_PLACEMENT_3D('',#2861,#2862,#2863);
#2861 = CARTESIAN_POINT('',(-34.95,-47.15,-7.35));
#2862 = DIRECTION('',(-0.707106781187,-0.707106781187,0.));
#2863 = DIRECTION('',(1.110223024625E-16,-1.110223024625E-16,-1.));
#2864 = ADVANCED_FACE('',(#2865),#2876,.F.);
#2865 = FACE_BOUND('',#2866,.F.);
#2866 = EDGE_LOOP('',(#2867,#2868,#2869,#2870));
#2867 = ORIENTED_EDGE('',*,*,#2846,.F.);
#2868 = ORIENTED_EDGE('',*,*,#1175,.T.);
#2869 = ORIENTED_EDGE('',*,*,#2820,.T.);
#2870 = ORIENTED_EDGE('',*,*,#2871,.F.);
#2871 = EDGE_CURVE('',#2847,#2821,#2872,.T.);
#2872 = LINE('',#2873,#2874);
#2873 = CARTESIAN_POINT('',(-34.8,-47.3,-14.65));
#2874 = VECTOR('',#2875,1.);
#2875 = DIRECTION('',(1.,0.,0.));
#2876 = PLANE('',#2877);
#2877 = AXIS2_PLACEMENT_3D('',#2878,#2879,#2880);
#2878 = CARTESIAN_POINT('',(-34.8,-47.15,-14.8));
#2879 = DIRECTION('',(-3.472568050348E-18,-0.707106781187,
    -0.707106781187));
#2880 = DIRECTION('',(1.,-2.455476416533E-18,-2.455476416532E-18));
#2881 = ADVANCED_FACE('',(#2882),#2894,.T.);
#2882 = FACE_BOUND('',#2883,.T.);
#2883 = EDGE_LOOP('',(#2884,#2885,#2886,#2887));
#2884 = ORIENTED_EDGE('',*,*,#1331,.F.);
#2885 = ORIENTED_EDGE('',*,*,#1833,.T.);
#2886 = ORIENTED_EDGE('',*,*,#1314,.T.);
#2887 = ORIENTED_EDGE('',*,*,#2888,.F.);
#2888 = EDGE_CURVE('',#1324,#1315,#2889,.T.);
#2889 = CIRCLE('',#2890,4.7);
#2890 = AXIS2_PLACEMENT_3D('',#2891,#2892,#2893);
#2891 = CARTESIAN_POINT('',(42.8,31.,-16.));
#2892 = DIRECTION('',(0.,-0.,1.));
#2893 = DIRECTION('',(0.84,0.54258639865,0.));
#2894 = CONICAL_SURFACE('',#2895,5.,0.785398163397);
#2895 = AXIS2_PLACEMENT_3D('',#2896,#2897,#2898);
#2896 = CARTESIAN_POINT('',(42.8,31.,-16.3));
#2897 = DIRECTION('',(-0.,-0.,-1.));
#2898 = DIRECTION('',(0.84,0.54258639865,0.));
#2899 = ADVANCED_FACE('',(#2900,#2904),#2915,.T.);
#2900 = FACE_BOUND('',#2901,.T.);
#2901 = EDGE_LOOP('',(#2902,#2903));
#2902 = ORIENTED_EDGE('',*,*,#1323,.F.);
#2903 = ORIENTED_EDGE('',*,*,#2888,.T.);
#2904 = FACE_BOUND('',#2905,.T.);
#2905 = EDGE_LOOP('',(#2906));
#2906 = ORIENTED_EDGE('',*,*,#2907,.F.);
#2907 = EDGE_CURVE('',#2908,#2908,#2910,.T.);
#2908 = VERTEX_POINT('',#2909);
#2909 = CARTESIAN_POINT('',(45.45,31.,-16.));
#2910 = CIRCLE('',#2911,2.65);
#2911 = AXIS2_PLACEMENT_3D('',#2912,#2913,#2914);
#2912 = CARTESIAN_POINT('',(42.8,31.,-16.));
#2913 = DIRECTION('',(0.,0.,1.));
#2914 = DIRECTION('',(1.,0.,0.));
#2915 = PLANE('',#2916);
#2916 = AXIS2_PLACEMENT_3D('',#2917,#2918,#2919);
#2917 = CARTESIAN_POINT('',(11.8,-8.204640795237E-16,-16.));
#2918 = DIRECTION('',(0.,0.,1.));
#2919 = DIRECTION('',(1.,0.,0.));
#2920 = ADVANCED_FACE('',(#2921),#2933,.T.);
#2921 = FACE_BOUND('',#2922,.T.);
#2922 = EDGE_LOOP('',(#2923,#2924,#2925,#2926));
#2923 = ORIENTED_EDGE('',*,*,#1281,.F.);
#2924 = ORIENTED_EDGE('',*,*,#1715,.T.);
#2925 = ORIENTED_EDGE('',*,*,#1264,.T.);
#2926 = ORIENTED_EDGE('',*,*,#2927,.F.);
#2927 = EDGE_CURVE('',#1274,#1265,#2928,.T.);
#2928 = CIRCLE('',#2929,4.7);
#2929 = AXIS2_PLACEMENT_3D('',#2930,#2931,#2932);
#2930 = CARTESIAN_POINT('',(42.8,-31.,-16.));
#2931 = DIRECTION('',(0.,-0.,1.));
#2932 = DIRECTION('',(0.84,0.54258639865,0.));
#2933 = CONICAL_SURFACE('',#2934,5.,0.785398163397);
#2934 = AXIS2_PLACEMENT_3D('',#2935,#2936,#2937);
#2935 = CARTESIAN_POINT('',(42.8,-31.,-16.3));
#2936 = DIRECTION('',(-0.,-0.,-1.));
#2937 = DIRECTION('',(0.84,0.54258639865,0.));
#2938 = ADVANCED_FACE('',(#2939,#2943),#2954,.T.);
#2939 = FACE_BOUND('',#2940,.T.);
#2940 = EDGE_LOOP('',(#2941,#2942));
#2941 = ORIENTED_EDGE('',*,*,#1273,.F.);
#2942 = ORIENTED_EDGE('',*,*,#2927,.T.);
#2943 = FACE_BOUND('',#2944,.T.);
#2944 = EDGE_LOOP('',(#2945));
#2945 = ORIENTED_EDGE('',*,*,#2946,.F.);
#2946 = EDGE_CURVE('',#2947,#2947,#2949,.T.);
#2947 = VERTEX_POINT('',#2948);
#2948 = CARTESIAN_POINT('',(45.45,-31.,-16.));
#2949 = CIRCLE('',#2950,2.65);
#2950 = AXIS2_PLACEMENT_3D('',#2951,#2952,#2953);
#2951 = CARTESIAN_POINT('',(42.8,-31.,-16.));
#2952 = DIRECTION('',(0.,0.,1.));
#2953 = DIRECTION('',(1.,0.,0.));
#2954 = PLANE('',#2955);
#2955 = AXIS2_PLACEMENT_3D('',#2956,#2957,#2958);
#2956 = CARTESIAN_POINT('',(11.8,-8.204640795237E-16,-16.));
#2957 = DIRECTION('',(0.,0.,1.));
#2958 = DIRECTION('',(1.,0.,0.));
#2959 = ADVANCED_FACE('',(#2960),#2985,.T.);
#2960 = FACE_BOUND('',#2961,.T.);
#2961 = EDGE_LOOP('',(#2962,#2970,#2978,#2984));
#2962 = ORIENTED_EDGE('',*,*,#2963,.F.);
#2963 = EDGE_CURVE('',#2964,#1341,#2966,.T.);
#2964 = VERTEX_POINT('',#2965);
#2965 = CARTESIAN_POINT('',(47.298858409428,20.12,-11.05065327717));
#2966 = LINE('',#2967,#2968);
#2967 = CARTESIAN_POINT('',(47.149429204714,20.12,-10.91372663858));
#2968 = VECTOR('',#2969,1.);
#2969 = DIRECTION('',(-0.73727733681,0.,0.675590207616));
#2970 = ORIENTED_EDGE('',*,*,#2971,.T.);
#2971 = EDGE_CURVE('',#2964,#2972,#2974,.T.);
#2972 = VERTEX_POINT('',#2973);
#2973 = CARTESIAN_POINT('',(47.298858409428,12.88,-11.05065327717));
#2974 = LINE('',#2975,#2976);
#2975 = CARTESIAN_POINT('',(47.298858409428,20.12,-11.05065327717));
#2976 = VECTOR('',#2977,1.);
#2977 = DIRECTION('',(0.,-1.,0.));
#2978 = ORIENTED_EDGE('',*,*,#2979,.T.);
#2979 = EDGE_CURVE('',#2972,#1343,#2980,.T.);
#2980 = LINE('',#2981,#2982);
#2981 = CARTESIAN_POINT('',(47.149429204714,12.88,-10.91372663858));
#2982 = VECTOR('',#2983,1.);
#2983 = DIRECTION('',(-0.73727733681,0.,0.675590207616));
#2984 = ORIENTED_EDGE('',*,*,#1340,.F.);
#2985 = PLANE('',#2986);
#2986 = AXIS2_PLACEMENT_3D('',#2987,#2988,#2989);
#2987 = CARTESIAN_POINT('',(47.149429204714,20.12,-10.91372663858));
#2988 = DIRECTION('',(-0.675590207616,0.,-0.73727733681));
#2989 = DIRECTION('',(0.,-1.,0.));
#2990 = ADVANCED_FACE('',(#2991),#3010,.F.);
#2991 = FACE_BOUND('',#2992,.T.);
#2992 = EDGE_LOOP('',(#2993,#3001,#3008,#3009));
#2993 = ORIENTED_EDGE('',*,*,#2994,.F.);
#2994 = EDGE_CURVE('',#2995,#1351,#2997,.T.);
#2995 = VERTEX_POINT('',#2996);
#2996 = CARTESIAN_POINT('',(47.298858409428,21.146146722824,-12.0768));
#2997 = LINE('',#2998,#2999);
#2998 = CARTESIAN_POINT('',(47.149429204714,21.283073361412,-12.0768));
#2999 = VECTOR('',#3000,1.);
#3000 = DIRECTION('',(-0.73727733681,0.675590207616,0.));
#3001 = ORIENTED_EDGE('',*,*,#3002,.T.);
#3002 = EDGE_CURVE('',#2995,#2964,#3003,.T.);
#3003 = CIRCLE('',#3004,1.026146722824);
#3004 = AXIS2_PLACEMENT_3D('',#3005,#3006,#3007);
#3005 = CARTESIAN_POINT('',(47.298858409428,20.12,-12.0768));
#3006 = DIRECTION('',(1.,0.,0.));
#3007 = DIRECTION('',(0.,1.,0.));
#3008 = ORIENTED_EDGE('',*,*,#2963,.T.);
#3009 = ORIENTED_EDGE('',*,*,#1350,.F.);
#3010 = CONICAL_SURFACE('',#3011,1.3,0.741764932098);
#3011 = AXIS2_PLACEMENT_3D('',#3012,#3013,#3014);
#3012 = CARTESIAN_POINT('',(47.,20.12,-12.0768));
#3013 = DIRECTION('',(-1.,-0.,-0.));
#3014 = DIRECTION('',(0.,1.,0.));
#3015 = ADVANCED_FACE('',(#3016),#3035,.F.);
#3016 = FACE_BOUND('',#3017,.T.);
#3017 = EDGE_LOOP('',(#3018,#3019,#3028,#3034));
#3018 = ORIENTED_EDGE('',*,*,#2979,.F.);
#3019 = ORIENTED_EDGE('',*,*,#3020,.T.);
#3020 = EDGE_CURVE('',#2972,#3021,#3023,.T.);
#3021 = VERTEX_POINT('',#3022);
#3022 = CARTESIAN_POINT('',(47.298858409428,11.853853277176,-12.0768));
#3023 = CIRCLE('',#3024,1.026146722824);
#3024 = AXIS2_PLACEMENT_3D('',#3025,#3026,#3027);
#3025 = CARTESIAN_POINT('',(47.298858409428,12.88,-12.0768));
#3026 = DIRECTION('',(1.,0.,-0.));
#3027 = DIRECTION('',(0.,3.552713678801E-15,1.));
#3028 = ORIENTED_EDGE('',*,*,#3029,.T.);
#3029 = EDGE_CURVE('',#3021,#1394,#3030,.T.);
#3030 = LINE('',#3031,#3032);
#3031 = CARTESIAN_POINT('',(47.,11.58,-12.0768));
#3032 = VECTOR('',#3033,1.);
#3033 = DIRECTION('',(-0.73727733681,-0.675590207616,2.741568862607E-15)
  );
#3034 = ORIENTED_EDGE('',*,*,#1401,.F.);
#3035 = CONICAL_SURFACE('',#3036,1.3,0.741764932098);
#3036 = AXIS2_PLACEMENT_3D('',#3037,#3038,#3039);
#3037 = CARTESIAN_POINT('',(47.,12.88,-12.0768));
#3038 = DIRECTION('',(-1.,-0.,-0.));
#3039 = DIRECTION('',(0.,3.552713678801E-15,1.));
#3040 = ADVANCED_FACE('',(#3041),#3059,.T.);
#3041 = FACE_BOUND('',#3042,.T.);
#3042 = EDGE_LOOP('',(#3043,#3051,#3057,#3058));
#3043 = ORIENTED_EDGE('',*,*,#3044,.F.);
#3044 = EDGE_CURVE('',#3045,#1360,#3047,.T.);
#3045 = VERTEX_POINT('',#3046);
#3046 = CARTESIAN_POINT('',(47.298858409428,21.146146722824,-13.5368));
#3047 = LINE('',#3048,#3049);
#3048 = CARTESIAN_POINT('',(47.,21.42,-13.5368));
#3049 = VECTOR('',#3050,1.);
#3050 = DIRECTION('',(-0.73727733681,0.675590207616,-4.136796926459E-17)
  );
#3051 = ORIENTED_EDGE('',*,*,#3052,.T.);
#3052 = EDGE_CURVE('',#3045,#2995,#3053,.T.);
#3053 = LINE('',#3054,#3055);
#3054 = CARTESIAN_POINT('',(47.298858409428,21.146146722824,-13.5368));
#3055 = VECTOR('',#3056,1.);
#3056 = DIRECTION('',(0.,0.,1.));
#3057 = ORIENTED_EDGE('',*,*,#2994,.T.);
#3058 = ORIENTED_EDGE('',*,*,#1359,.F.);
#3059 = PLANE('',#3060);
#3060 = AXIS2_PLACEMENT_3D('',#3061,#3062,#3063);
#3061 = CARTESIAN_POINT('',(47.149429204714,21.283073361412,-13.5368));
#3062 = DIRECTION('',(-0.675590207616,-0.73727733681,0.));
#3063 = DIRECTION('',(0.,0.,1.));
#3064 = ADVANCED_FACE('',(#3065),#3083,.T.);
#3065 = FACE_BOUND('',#3066,.T.);
#3066 = EDGE_LOOP('',(#3067,#3068,#3076,#3082));
#3067 = ORIENTED_EDGE('',*,*,#3029,.F.);
#3068 = ORIENTED_EDGE('',*,*,#3069,.T.);
#3069 = EDGE_CURVE('',#3021,#3070,#3072,.T.);
#3070 = VERTEX_POINT('',#3071);
#3071 = CARTESIAN_POINT('',(47.298858409428,11.853853277176,-13.5368));
#3072 = LINE('',#3073,#3074);
#3073 = CARTESIAN_POINT('',(47.298858409428,11.853853277176,-12.0768));
#3074 = VECTOR('',#3075,1.);
#3075 = DIRECTION('',(0.,0.,-1.));
#3076 = ORIENTED_EDGE('',*,*,#3077,.T.);
#3077 = EDGE_CURVE('',#3070,#1385,#3078,.T.);
#3078 = LINE('',#3079,#3080);
#3079 = CARTESIAN_POINT('',(47.149429204714,11.716926638588,-13.5368));
#3080 = VECTOR('',#3081,1.);
#3081 = DIRECTION('',(-0.73727733681,-0.675590207616,-0.));
#3082 = ORIENTED_EDGE('',*,*,#1393,.F.);
#3083 = PLANE('',#3084);
#3084 = AXIS2_PLACEMENT_3D('',#3085,#3086,#3087);
#3085 = CARTESIAN_POINT('',(47.149429204714,11.716926638588,-12.0768));
#3086 = DIRECTION('',(-0.675590207616,0.73727733681,0.));
#3087 = DIRECTION('',(0.,0.,-1.));
#3088 = ADVANCED_FACE('',(#3089),#3108,.F.);
#3089 = FACE_BOUND('',#3090,.T.);
#3090 = EDGE_LOOP('',(#3091,#3099,#3106,#3107));
#3091 = ORIENTED_EDGE('',*,*,#3092,.F.);
#3092 = EDGE_CURVE('',#3093,#1368,#3095,.T.);
#3093 = VERTEX_POINT('',#3094);
#3094 = CARTESIAN_POINT('',(47.298858409428,20.12,-14.56294672282));
#3095 = LINE('',#3096,#3097);
#3096 = CARTESIAN_POINT('',(47.149429204714,20.12,-14.69987336141));
#3097 = VECTOR('',#3098,1.);
#3098 = DIRECTION('',(-0.73727733681,0.,-0.675590207616));
#3099 = ORIENTED_EDGE('',*,*,#3100,.T.);
#3100 = EDGE_CURVE('',#3093,#3045,#3101,.T.);
#3101 = CIRCLE('',#3102,1.026146722824);
#3102 = AXIS2_PLACEMENT_3D('',#3103,#3104,#3105);
#3103 = CARTESIAN_POINT('',(47.298858409428,20.12,-13.5368));
#3104 = DIRECTION('',(1.,-0.,0.));
#3105 = DIRECTION('',(0.,0.,-1.));
#3106 = ORIENTED_EDGE('',*,*,#3044,.T.);
#3107 = ORIENTED_EDGE('',*,*,#1367,.F.);
#3108 = CONICAL_SURFACE('',#3109,1.3,0.741764932098);
#3109 = AXIS2_PLACEMENT_3D('',#3110,#3111,#3112);
#3110 = CARTESIAN_POINT('',(47.,20.12,-13.5368));
#3111 = DIRECTION('',(-1.,-0.,-0.));
#3112 = DIRECTION('',(0.,0.,-1.));
#3113 = ADVANCED_FACE('',(#3114),#3133,.F.);
#3114 = FACE_BOUND('',#3115,.T.);
#3115 = EDGE_LOOP('',(#3116,#3117,#3126,#3132));
#3116 = ORIENTED_EDGE('',*,*,#3077,.F.);
#3117 = ORIENTED_EDGE('',*,*,#3118,.T.);
#3118 = EDGE_CURVE('',#3070,#3119,#3121,.T.);
#3119 = VERTEX_POINT('',#3120);
#3120 = CARTESIAN_POINT('',(47.298858409428,12.88,-14.56294672282));
#3121 = CIRCLE('',#3122,1.026146722824);
#3122 = AXIS2_PLACEMENT_3D('',#3123,#3124,#3125);
#3123 = CARTESIAN_POINT('',(47.298858409428,12.88,-13.5368));
#3124 = DIRECTION('',(1.,0.,0.));
#3125 = DIRECTION('',(0.,-1.,0.));
#3126 = ORIENTED_EDGE('',*,*,#3127,.T.);
#3127 = EDGE_CURVE('',#3119,#1377,#3128,.T.);
#3128 = LINE('',#3129,#3130);
#3129 = CARTESIAN_POINT('',(47.,12.88,-14.8368));
#3130 = VECTOR('',#3131,1.);
#3131 = DIRECTION('',(-0.73727733681,5.586766737004E-16,-0.675590207616)
  );
#3132 = ORIENTED_EDGE('',*,*,#1384,.F.);
#3133 = CONICAL_SURFACE('',#3134,1.3,0.741764932098);
#3134 = AXIS2_PLACEMENT_3D('',#3135,#3136,#3137);
#3135 = CARTESIAN_POINT('',(47.,12.88,-13.5368));
#3136 = DIRECTION('',(-1.,-0.,-0.));
#3137 = DIRECTION('',(0.,-1.,0.));
#3138 = ADVANCED_FACE('',(#3139),#3150,.T.);
#3139 = FACE_BOUND('',#3140,.T.);
#3140 = EDGE_LOOP('',(#3141,#3142,#3148,#3149));
#3141 = ORIENTED_EDGE('',*,*,#3127,.F.);
#3142 = ORIENTED_EDGE('',*,*,#3143,.T.);
#3143 = EDGE_CURVE('',#3119,#3093,#3144,.T.);
#3144 = LINE('',#3145,#3146);
#3145 = CARTESIAN_POINT('',(47.298858409428,12.88,-14.56294672282));
#3146 = VECTOR('',#3147,1.);
#3147 = DIRECTION('',(0.,1.,0.));
#3148 = ORIENTED_EDGE('',*,*,#3092,.T.);
#3149 = ORIENTED_EDGE('',*,*,#1376,.F.);
#3150 = PLANE('',#3151);
#3151 = AXIS2_PLACEMENT_3D('',#3152,#3153,#3154);
#3152 = CARTESIAN_POINT('',(47.149429204714,12.88,-14.69987336141));
#3153 = DIRECTION('',(-0.675590207616,0.,0.73727733681));
#3154 = DIRECTION('',(0.,1.,0.));
#3155 = ADVANCED_FACE('',(#3156),#3162,.F.);
#3156 = FACE_BOUND('',#3157,.F.);
#3157 = EDGE_LOOP('',(#3158,#3159,#3160,#3161));
#3158 = ORIENTED_EDGE('',*,*,#1970,.F.);
#3159 = ORIENTED_EDGE('',*,*,#2004,.T.);
#3160 = ORIENTED_EDGE('',*,*,#1625,.T.);
#3161 = ORIENTED_EDGE('',*,*,#1459,.F.);
#3162 = ( BOUNDED_SURFACE() B_SPLINE_SURFACE(2,6,(
    (#3163,#3164,#3165,#3166,#3167,#3168,#3169)
    ,(#3170,#3171,#3172,#3173,#3174,#3175,#3176)
    ,(#3177,#3178,#3179,#3180,#3181,#3182,#3183
)),.UNSPECIFIED.,.F.,.F.,.F.) B_SPLINE_SURFACE_WITH_KNOTS((3,3),(7,7),(
    0.,2.8),(98.170253313929,100.97025331392),.PIECEWISE_BEZIER_KNOTS.) 
GEOMETRIC_REPRESENTATION_ITEM() RATIONAL_B_SPLINE_SURFACE((
    (1.,1.,1.,1.,1.,1.,1.)
    ,(0.707106781187,0.755229326017,0.778578629797,0.786996032327
      ,0.778578629797,0.755229326017,0.707106781187)
,(1.,1.,1.,1.,1.,1.,1.))) REPRESENTATION_ITEM('') SURFACE() );
#3163 = CARTESIAN_POINT('',(-25.,32.4,-21.));
#3164 = CARTESIAN_POINT('',(-25.,31.933333333333,-21.));
#3165 = CARTESIAN_POINT('',(-25.,31.466666666667,-21.02207348345));
#3166 = CARTESIAN_POINT('',(-25.,31.,-21.0315313622));
#3167 = CARTESIAN_POINT('',(-25.,30.533333333333,-21.02207348345));
#3168 = CARTESIAN_POINT('',(-25.,30.066666666667,-21.));
#3169 = CARTESIAN_POINT('',(-25.,29.6,-21.));
#3170 = CARTESIAN_POINT('',(-25.,32.4,-22.));
#3171 = CARTESIAN_POINT('',(-25.,31.963068920676,-21.87256176853));
#3172 = CARTESIAN_POINT('',(-25.,31.483836435973,-21.82654551898));
#3173 = CARTESIAN_POINT('',(-25.,31.,-21.81644556442));
#3174 = CARTESIAN_POINT('',(-25.,30.516163564027,-21.82654551898));
#3175 = CARTESIAN_POINT('',(-25.,30.036931079324,-21.87256176853));
#3176 = CARTESIAN_POINT('',(-25.,29.6,-22.));
#3177 = CARTESIAN_POINT('',(-24.,32.4,-22.));
#3178 = CARTESIAN_POINT('',(-24.13611111111,31.933333333333,-22.));
#3179 = CARTESIAN_POINT('',(-24.21315207998,31.466666666667,-22.));
#3180 = CARTESIAN_POINT('',(-24.23860563402,31.,-22.));
#3181 = CARTESIAN_POINT('',(-24.21315207998,30.533333333333,-22.));
#3182 = CARTESIAN_POINT('',(-24.13611111111,30.066666666667,-22.));
#3183 = CARTESIAN_POINT('',(-24.,29.6,-22.));
#3184 = ADVANCED_FACE('',(#3185),#3212,.T.);
#3185 = FACE_BOUND('',#3186,.T.);
#3186 = EDGE_LOOP('',(#3187,#3197,#3204,#3205));
#3187 = ORIENTED_EDGE('',*,*,#3188,.F.);
#3188 = EDGE_CURVE('',#3189,#3191,#3193,.T.);
#3189 = VERTEX_POINT('',#3190);
#3190 = CARTESIAN_POINT('',(-50.,19.75,-3.5));
#3191 = VERTEX_POINT('',#3192);
#3192 = CARTESIAN_POINT('',(-50.,19.75,-24.5));
#3193 = LINE('',#3194,#3195);
#3194 = CARTESIAN_POINT('',(-50.,19.75,0.));
#3195 = VECTOR('',#3196,1.);
#3196 = DIRECTION('',(-0.,-0.,-1.));
#3197 = ORIENTED_EDGE('',*,*,#3198,.F.);
#3198 = EDGE_CURVE('',#1568,#3189,#3199,.T.);
#3199 = CIRCLE('',#3200,5.);
#3200 = AXIS2_PLACEMENT_3D('',#3201,#3202,#3203);
#3201 = CARTESIAN_POINT('',(-45.,19.75,-3.5));
#3202 = DIRECTION('',(0.,0.,1.));
#3203 = DIRECTION('',(1.,0.,0.));
#3204 = ORIENTED_EDGE('',*,*,#1567,.T.);
#3205 = ORIENTED_EDGE('',*,*,#3206,.T.);
#3206 = EDGE_CURVE('',#1570,#3191,#3207,.T.);
#3207 = CIRCLE('',#3208,5.);
#3208 = AXIS2_PLACEMENT_3D('',#3209,#3210,#3211);
#3209 = CARTESIAN_POINT('',(-45.,19.75,-24.5));
#3210 = DIRECTION('',(0.,-0.,1.));
#3211 = DIRECTION('',(0.,1.,0.));
#3212 = CYLINDRICAL_SURFACE('',#3213,5.);
#3213 = AXIS2_PLACEMENT_3D('',#3214,#3215,#3216);
#3214 = CARTESIAN_POINT('',(-45.,19.75,0.));
#3215 = DIRECTION('',(0.,0.,1.));
#3216 = DIRECTION('',(1.,0.,0.));
#3217 = ADVANCED_FACE('',(#3218),#3243,.T.);
#3218 = FACE_BOUND('',#3219,.F.);
#3219 = EDGE_LOOP('',(#3220,#3228,#3229,#3237));
#3220 = ORIENTED_EDGE('',*,*,#3221,.F.);
#3221 = EDGE_CURVE('',#1586,#3222,#3224,.T.);
#3222 = VERTEX_POINT('',#3223);
#3223 = CARTESIAN_POINT('',(-31.,24.25,-25.));
#3224 = LINE('',#3225,#3226);
#3225 = CARTESIAN_POINT('',(-31.,24.75,-24.5));
#3226 = VECTOR('',#3227,1.);
#3227 = DIRECTION('',(2.526434639696E-16,-0.707106781187,-0.707106781187
    ));
#3228 = ORIENTED_EDGE('',*,*,#1593,.T.);
#3229 = ORIENTED_EDGE('',*,*,#3230,.T.);
#3230 = EDGE_CURVE('',#1570,#3231,#3233,.T.);
#3231 = VERTEX_POINT('',#3232);
#3232 = CARTESIAN_POINT('',(-45.,24.25,-25.));
#3233 = LINE('',#3234,#3235);
#3234 = CARTESIAN_POINT('',(-45.,24.5,-24.75));
#3235 = VECTOR('',#3236,1.);
#3236 = DIRECTION('',(-0.,-0.707106781187,-0.707106781187));
#3237 = ORIENTED_EDGE('',*,*,#3238,.F.);
#3238 = EDGE_CURVE('',#3222,#3231,#3239,.T.);
#3239 = LINE('',#3240,#3241);
#3240 = CARTESIAN_POINT('',(-31.,24.25,-25.));
#3241 = VECTOR('',#3242,1.);
#3242 = DIRECTION('',(-1.,0.,0.));
#3243 = PLANE('',#3244);
#3244 = AXIS2_PLACEMENT_3D('',#3245,#3246,#3247);
#3245 = CARTESIAN_POINT('',(-31.,24.5,-24.75));
#3246 = DIRECTION('',(0.,0.707106781187,-0.707106781187));
#3247 = DIRECTION('',(1.,0.,0.));
#3248 = ADVANCED_FACE('',(#3249),#3385,.T.);
#3249 = FACE_BOUND('',#3250,.T.);
#3250 = EDGE_LOOP('',(#3251,#3261,#3270,#3278,#3287,#3295,#3302,#3303,
    #3304,#3312,#3321,#3329,#3338,#3346,#3354,#3360,#3361,#3362,#3363,
    #3364,#3365,#3366,#3367,#3368,#3369,#3370,#3371,#3379));
#3251 = ORIENTED_EDGE('',*,*,#3252,.T.);
#3252 = EDGE_CURVE('',#3253,#3255,#3257,.T.);
#3253 = VERTEX_POINT('',#3254);
#3254 = CARTESIAN_POINT('',(50.,-6.,-3.5));
#3255 = VERTEX_POINT('',#3256);
#3256 = CARTESIAN_POINT('',(50.,45.,-3.5));
#3257 = LINE('',#3258,#3259);
#3258 = CARTESIAN_POINT('',(50.,-45.,-3.5));
#3259 = VECTOR('',#3260,1.);
#3260 = DIRECTION('',(0.,1.,0.));
#3261 = ORIENTED_EDGE('',*,*,#3262,.T.);
#3262 = EDGE_CURVE('',#3255,#3263,#3265,.T.);
#3263 = VERTEX_POINT('',#3264);
#3264 = CARTESIAN_POINT('',(45.,50.,-3.5));
#3265 = CIRCLE('',#3266,5.);
#3266 = AXIS2_PLACEMENT_3D('',#3267,#3268,#3269);
#3267 = CARTESIAN_POINT('',(45.,45.,-3.5));
#3268 = DIRECTION('',(0.,0.,1.));
#3269 = DIRECTION('',(1.,0.,0.));
#3270 = ORIENTED_EDGE('',*,*,#3271,.F.);
#3271 = EDGE_CURVE('',#3272,#3263,#3274,.T.);
#3272 = VERTEX_POINT('',#3273);
#3273 = CARTESIAN_POINT('',(-23.,50.,-3.5));
#3274 = LINE('',#3275,#3276);
#3275 = CARTESIAN_POINT('',(-23.,50.,-3.5));
#3276 = VECTOR('',#3277,1.);
#3277 = DIRECTION('',(1.,0.,0.));
#3278 = ORIENTED_EDGE('',*,*,#3279,.T.);
#3279 = EDGE_CURVE('',#3272,#3280,#3282,.T.);
#3280 = VERTEX_POINT('',#3281);
#3281 = CARTESIAN_POINT('',(-28.,45.,-3.5));
#3282 = CIRCLE('',#3283,5.);
#3283 = AXIS2_PLACEMENT_3D('',#3284,#3285,#3286);
#3284 = CARTESIAN_POINT('',(-23.,45.,-3.5));
#3285 = DIRECTION('',(0.,0.,1.));
#3286 = DIRECTION('',(1.,0.,0.));
#3287 = ORIENTED_EDGE('',*,*,#3288,.T.);
#3288 = EDGE_CURVE('',#3280,#3289,#3291,.T.);
#3289 = VERTEX_POINT('',#3290);
#3290 = CARTESIAN_POINT('',(-28.,27.75,-3.5));
#3291 = LINE('',#3292,#3293);
#3292 = CARTESIAN_POINT('',(-28.,45.,-3.5));
#3293 = VECTOR('',#3294,1.);
#3294 = DIRECTION('',(0.,-1.,0.));
#3295 = ORIENTED_EDGE('',*,*,#3296,.F.);
#3296 = EDGE_CURVE('',#1578,#3289,#3297,.T.);
#3297 = CIRCLE('',#3298,3.);
#3298 = AXIS2_PLACEMENT_3D('',#3299,#3300,#3301);
#3299 = CARTESIAN_POINT('',(-31.,27.75,-3.5));
#3300 = DIRECTION('',(0.,0.,1.));
#3301 = DIRECTION('',(1.,0.,0.));
#3302 = ORIENTED_EDGE('',*,*,#1577,.T.);
#3303 = ORIENTED_EDGE('',*,*,#3198,.T.);
#3304 = ORIENTED_EDGE('',*,*,#3305,.F.);
#3305 = EDGE_CURVE('',#3306,#3189,#3308,.T.);
#3306 = VERTEX_POINT('',#3307);
#3307 = CARTESIAN_POINT('',(-50.,-45.,-3.5));
#3308 = LINE('',#3309,#3310);
#3309 = CARTESIAN_POINT('',(-50.,-45.,-3.5));
#3310 = VECTOR('',#3311,1.);
#3311 = DIRECTION('',(0.,1.,0.));
#3312 = ORIENTED_EDGE('',*,*,#3313,.T.);
#3313 = EDGE_CURVE('',#3306,#3314,#3316,.T.);
#3314 = VERTEX_POINT('',#3315);
#3315 = CARTESIAN_POINT('',(-45.,-50.,-3.5));
#3316 = CIRCLE('',#3317,5.);
#3317 = AXIS2_PLACEMENT_3D('',#3318,#3319,#3320);
#3318 = CARTESIAN_POINT('',(-45.,-45.,-3.5));
#3319 = DIRECTION('',(0.,0.,1.));
#3320 = DIRECTION('',(1.,0.,0.));
#3321 = ORIENTED_EDGE('',*,*,#3322,.T.);
#3322 = EDGE_CURVE('',#3314,#3323,#3325,.T.);
#3323 = VERTEX_POINT('',#3324);
#3324 = CARTESIAN_POINT('',(45.,-50.,-3.5));
#3325 = LINE('',#3326,#3327);
#3326 = CARTESIAN_POINT('',(-45.,-50.,-3.5));
#3327 = VECTOR('',#3328,1.);
#3328 = DIRECTION('',(1.,0.,0.));
#3329 = ORIENTED_EDGE('',*,*,#3330,.T.);
#3330 = EDGE_CURVE('',#3323,#3331,#3333,.T.);
#3331 = VERTEX_POINT('',#3332);
#3332 = CARTESIAN_POINT('',(50.,-45.,-3.5));
#3333 = CIRCLE('',#3334,5.);
#3334 = AXIS2_PLACEMENT_3D('',#3335,#3336,#3337);
#3335 = CARTESIAN_POINT('',(45.,-45.,-3.5));
#3336 = DIRECTION('',(0.,0.,1.));
#3337 = DIRECTION('',(1.,0.,0.));
#3338 = ORIENTED_EDGE('',*,*,#3339,.T.);
#3339 = EDGE_CURVE('',#3331,#3340,#3342,.T.);
#3340 = VERTEX_POINT('',#3341);
#3341 = CARTESIAN_POINT('',(50.,-14.,-3.5));
#3342 = LINE('',#3343,#3344);
#3343 = CARTESIAN_POINT('',(50.,-45.,-3.5));
#3344 = VECTOR('',#3345,1.);
#3345 = DIRECTION('',(0.,1.,0.));
#3346 = ORIENTED_EDGE('',*,*,#3347,.F.);
#3347 = EDGE_CURVE('',#3348,#3340,#3350,.T.);
#3348 = VERTEX_POINT('',#3349);
#3349 = CARTESIAN_POINT('',(48.35,-14.,-3.5));
#3350 = LINE('',#3351,#3352);
#3351 = CARTESIAN_POINT('',(48.35,-14.,-3.5));
#3352 = VECTOR('',#3353,1.);
#3353 = DIRECTION('',(1.,0.,0.));
#3354 = ORIENTED_EDGE('',*,*,#3355,.F.);
#3355 = EDGE_CURVE('',#2321,#3348,#3356,.T.);
#3356 = LINE('',#3357,#3358);
#3357 = CARTESIAN_POINT('',(48.35,-45.,-3.5));
#3358 = VECTOR('',#3359,1.);
#3359 = DIRECTION('',(0.,1.,0.));
#3360 = ORIENTED_EDGE('',*,*,#2320,.F.);
#3361 = ORIENTED_EDGE('',*,*,#2238,.F.);
#3362 = ORIENTED_EDGE('',*,*,#2188,.F.);
#3363 = ORIENTED_EDGE('',*,*,#2130,.T.);
#3364 = ORIENTED_EDGE('',*,*,#2220,.F.);
#3365 = ORIENTED_EDGE('',*,*,#2303,.F.);
#3366 = ORIENTED_EDGE('',*,*,#2345,.T.);
#3367 = ORIENTED_EDGE('',*,*,#2377,.F.);
#3368 = ORIENTED_EDGE('',*,*,#2433,.F.);
#3369 = ORIENTED_EDGE('',*,*,#2451,.T.);
#3370 = ORIENTED_EDGE('',*,*,#2401,.F.);
#3371 = ORIENTED_EDGE('',*,*,#3372,.F.);
#3372 = EDGE_CURVE('',#3373,#2394,#3375,.T.);
#3373 = VERTEX_POINT('',#3374);
#3374 = CARTESIAN_POINT('',(48.35,-6.,-3.5));
#3375 = LINE('',#3376,#3377);
#3376 = CARTESIAN_POINT('',(48.35,-45.,-3.5));
#3377 = VECTOR('',#3378,1.);
#3378 = DIRECTION('',(0.,1.,0.));
#3379 = ORIENTED_EDGE('',*,*,#3380,.T.);
#3380 = EDGE_CURVE('',#3373,#3253,#3381,.T.);
#3381 = LINE('',#3382,#3383);
#3382 = CARTESIAN_POINT('',(48.35,-6.,-3.5));
#3383 = VECTOR('',#3384,1.);
#3384 = DIRECTION('',(1.,0.,0.));
#3385 = PLANE('',#3386);
#3386 = AXIS2_PLACEMENT_3D('',#3387,#3388,#3389);
#3387 = CARTESIAN_POINT('',(1.707671647337,-1.677269264293,-3.5));
#3388 = DIRECTION('',(0.,0.,1.));
#3389 = DIRECTION('',(1.,0.,0.));
#3390 = ADVANCED_FACE('',(#3391),#3410,.F.);
#3391 = FACE_BOUND('',#3392,.F.);
#3392 = EDGE_LOOP('',(#3393,#3401,#3402,#3403));
#3393 = ORIENTED_EDGE('',*,*,#3394,.F.);
#3394 = EDGE_CURVE('',#3289,#3395,#3397,.T.);
#3395 = VERTEX_POINT('',#3396);
#3396 = CARTESIAN_POINT('',(-28.,27.75,-24.5));
#3397 = LINE('',#3398,#3399);
#3398 = CARTESIAN_POINT('',(-28.,27.75,0.));
#3399 = VECTOR('',#3400,1.);
#3400 = DIRECTION('',(-0.,-0.,-1.));
#3401 = ORIENTED_EDGE('',*,*,#3296,.F.);
#3402 = ORIENTED_EDGE('',*,*,#1585,.T.);
#3403 = ORIENTED_EDGE('',*,*,#3404,.F.);
#3404 = EDGE_CURVE('',#3395,#1586,#3405,.T.);
#3405 = CIRCLE('',#3406,3.);
#3406 = AXIS2_PLACEMENT_3D('',#3407,#3408,#3409);
#3407 = CARTESIAN_POINT('',(-31.,27.75,-24.5));
#3408 = DIRECTION('',(0.,0.,-1.));
#3409 = DIRECTION('',(1.,1.184237892933E-15,0.));
#3410 = CYLINDRICAL_SURFACE('',#3411,3.);
#3411 = AXIS2_PLACEMENT_3D('',#3412,#3413,#3414);
#3412 = CARTESIAN_POINT('',(-31.,27.75,0.));
#3413 = DIRECTION('',(0.,0.,1.));
#3414 = DIRECTION('',(1.,0.,0.));
#3415 = ADVANCED_FACE('',(#3416),#3435,.T.);
#3416 = FACE_BOUND('',#3417,.T.);
#3417 = EDGE_LOOP('',(#3418,#3426,#3427,#3428));
#3418 = ORIENTED_EDGE('',*,*,#3419,.F.);
#3419 = EDGE_CURVE('',#1988,#3420,#3422,.T.);
#3420 = VERTEX_POINT('',#3421);
#3421 = CARTESIAN_POINT('',(-14.5,31.,-16.));
#3422 = LINE('',#3423,#3424);
#3423 = CARTESIAN_POINT('',(-14.2,31.,-16.3));
#3424 = VECTOR('',#3425,1.);
#3425 = DIRECTION('',(-0.707106781187,0.,0.707106781187));
#3426 = ORIENTED_EDGE('',*,*,#1995,.T.);
#3427 = ORIENTED_EDGE('',*,*,#3419,.T.);
#3428 = ORIENTED_EDGE('',*,*,#3429,.F.);
#3429 = EDGE_CURVE('',#3420,#3420,#3430,.T.);
#3430 = CIRCLE('',#3431,4.7);
#3431 = AXIS2_PLACEMENT_3D('',#3432,#3433,#3434);
#3432 = CARTESIAN_POINT('',(-19.2,31.,-16.));
#3433 = DIRECTION('',(0.,0.,1.));
#3434 = DIRECTION('',(1.,0.,0.));
#3435 = CONICAL_SURFACE('',#3436,5.,0.785398163397);
#3436 = AXIS2_PLACEMENT_3D('',#3437,#3438,#3439);
#3437 = CARTESIAN_POINT('',(-19.2,31.,-16.3));
#3438 = DIRECTION('',(-0.,-0.,-1.));
#3439 = DIRECTION('',(1.,0.,0.));
#3440 = ADVANCED_FACE('',(#3441),#3460,.T.);
#3441 = FACE_BOUND('',#3442,.T.);
#3442 = EDGE_LOOP('',(#3443,#3451,#3452,#3453));
#3443 = ORIENTED_EDGE('',*,*,#3444,.F.);
#3444 = EDGE_CURVE('',#2023,#3445,#3447,.T.);
#3445 = VERTEX_POINT('',#3446);
#3446 = CARTESIAN_POINT('',(-14.5,-31.,-16.));
#3447 = LINE('',#3448,#3449);
#3448 = CARTESIAN_POINT('',(-14.2,-31.,-16.3));
#3449 = VECTOR('',#3450,1.);
#3450 = DIRECTION('',(-0.707106781187,0.,0.707106781187));
#3451 = ORIENTED_EDGE('',*,*,#2030,.T.);
#3452 = ORIENTED_EDGE('',*,*,#3444,.T.);
#3453 = ORIENTED_EDGE('',*,*,#3454,.F.);
#3454 = EDGE_CURVE('',#3445,#3445,#3455,.T.);
#3455 = CIRCLE('',#3456,4.7);
#3456 = AXIS2_PLACEMENT_3D('',#3457,#3458,#3459);
#3457 = CARTESIAN_POINT('',(-19.2,-31.,-16.));
#3458 = DIRECTION('',(0.,0.,1.));
#3459 = DIRECTION('',(1.,0.,0.));
#3460 = CONICAL_SURFACE('',#3461,5.,0.785398163397);
#3461 = AXIS2_PLACEMENT_3D('',#3462,#3463,#3464);
#3462 = CARTESIAN_POINT('',(-19.2,-31.,-16.3));
#3463 = DIRECTION('',(-0.,-0.,-1.));
#3464 = DIRECTION('',(1.,0.,0.));
#3465 = ADVANCED_FACE('',(#3466),#3485,.T.);
#3466 = FACE_BOUND('',#3467,.T.);
#3467 = EDGE_LOOP('',(#3468,#3476,#3477,#3478));
#3468 = ORIENTED_EDGE('',*,*,#3469,.F.);
#3469 = EDGE_CURVE('',#2048,#3470,#3472,.T.);
#3470 = VERTEX_POINT('',#3471);
#3471 = CARTESIAN_POINT('',(-29.26632595147,0.,-17.5));
#3472 = LINE('',#3473,#3474);
#3473 = CARTESIAN_POINT('',(-28.96632595147,0.,-17.8));
#3474 = VECTOR('',#3475,1.);
#3475 = DIRECTION('',(-0.707106781187,0.,0.707106781187));
#3476 = ORIENTED_EDGE('',*,*,#2055,.T.);
#3477 = ORIENTED_EDGE('',*,*,#3469,.T.);
#3478 = ORIENTED_EDGE('',*,*,#3479,.F.);
#3479 = EDGE_CURVE('',#3470,#3470,#3480,.T.);
#3480 = CIRCLE('',#3481,1.2);
#3481 = AXIS2_PLACEMENT_3D('',#3482,#3483,#3484);
#3482 = CARTESIAN_POINT('',(-30.46632595147,0.,-17.5));
#3483 = DIRECTION('',(0.,0.,1.));
#3484 = DIRECTION('',(1.,0.,0.));
#3485 = CONICAL_SURFACE('',#3486,1.5,0.785398163397);
#3486 = AXIS2_PLACEMENT_3D('',#3487,#3488,#3489);
#3487 = CARTESIAN_POINT('',(-30.46632595147,0.,-17.8));
#3488 = DIRECTION('',(-0.,-0.,-1.));
#3489 = DIRECTION('',(1.,0.,0.));
#3490 = ADVANCED_FACE('',(#3491),#3510,.T.);
#3491 = FACE_BOUND('',#3492,.T.);
#3492 = EDGE_LOOP('',(#3493,#3501,#3502,#3503));
#3493 = ORIENTED_EDGE('',*,*,#3494,.F.);
#3494 = EDGE_CURVE('',#2073,#3495,#3497,.T.);
#3495 = VERTEX_POINT('',#3496);
#3496 = CARTESIAN_POINT('',(-0.409144122987,16.617854615663,-17.5));
#3497 = LINE('',#3498,#3499);
#3498 = CARTESIAN_POINT('',(-0.109144122987,16.617854615663,-17.8));
#3499 = VECTOR('',#3500,1.);
#3500 = DIRECTION('',(-0.707106781187,0.,0.707106781187));
#3501 = ORIENTED_EDGE('',*,*,#2080,.T.);
#3502 = ORIENTED_EDGE('',*,*,#3494,.T.);
#3503 = ORIENTED_EDGE('',*,*,#3504,.F.);
#3504 = EDGE_CURVE('',#3495,#3495,#3505,.T.);
#3505 = CIRCLE('',#3506,1.2);
#3506 = AXIS2_PLACEMENT_3D('',#3507,#3508,#3509);
#3507 = CARTESIAN_POINT('',(-1.609144122987,16.617854615663,-17.5));
#3508 = DIRECTION('',(0.,0.,1.));
#3509 = DIRECTION('',(1.,0.,0.));
#3510 = CONICAL_SURFACE('',#3511,1.5,0.785398163397);
#3511 = AXIS2_PLACEMENT_3D('',#3512,#3513,#3514);
#3512 = CARTESIAN_POINT('',(-1.609144122987,16.617854615663,-17.8));
#3513 = DIRECTION('',(-0.,-0.,-1.));
#3514 = DIRECTION('',(1.,0.,0.));
#3515 = ADVANCED_FACE('',(#3516),#3535,.T.);
#3516 = FACE_BOUND('',#3517,.T.);
#3517 = EDGE_LOOP('',(#3518,#3526,#3527,#3528));
#3518 = ORIENTED_EDGE('',*,*,#3519,.F.);
#3519 = EDGE_CURVE('',#2098,#3520,#3522,.T.);
#3520 = VERTEX_POINT('',#3521);
#3521 = CARTESIAN_POINT('',(8.458780909826,39.647398065995,-17.5));
#3522 = LINE('',#3523,#3524);
#3523 = CARTESIAN_POINT('',(8.758780909826,39.647398065995,-17.8));
#3524 = VECTOR('',#3525,1.);
#3525 = DIRECTION('',(-0.707106781187,0.,0.707106781187));
#3526 = ORIENTED_EDGE('',*,*,#2105,.T.);
#3527 = ORIENTED_EDGE('',*,*,#3519,.T.);
#3528 = ORIENTED_EDGE('',*,*,#3529,.F.);
#3529 = EDGE_CURVE('',#3520,#3520,#3530,.T.);
#3530 = CIRCLE('',#3531,1.2);
#3531 = AXIS2_PLACEMENT_3D('',#3532,#3533,#3534);
#3532 = CARTESIAN_POINT('',(7.258780909826,39.647398065995,-17.5));
#3533 = DIRECTION('',(0.,0.,1.));
#3534 = DIRECTION('',(1.,0.,0.));
#3535 = CONICAL_SURFACE('',#3536,1.5,0.785398163397);
#3536 = AXIS2_PLACEMENT_3D('',#3537,#3538,#3539);
#3537 = CARTESIAN_POINT('',(7.258780909826,39.647398065995,-17.8));
#3538 = DIRECTION('',(-0.,-0.,-1.));
#3539 = DIRECTION('',(1.,0.,0.));
#3540 = ADVANCED_FACE('',(#3541),#3576,.T.);
#3541 = FACE_BOUND('',#3542,.T.);
#3542 = EDGE_LOOP('',(#3543,#3553,#3560,#3561,#3570));
#3543 = ORIENTED_EDGE('',*,*,#3544,.F.);
#3544 = EDGE_CURVE('',#3545,#3547,#3549,.T.);
#3545 = VERTEX_POINT('',#3546);
#3546 = CARTESIAN_POINT('',(-48.41620705367,3.,-1.559586348308));
#3547 = VERTEX_POINT('',#3548);
#3548 = CARTESIAN_POINT('',(-49.35,3.,-2.4));
#3549 = LINE('',#3550,#3551);
#3550 = CARTESIAN_POINT('',(-48.35,3.,-1.5));
#3551 = VECTOR('',#3552,1.);
#3552 = DIRECTION('',(-0.743294146247,-1.485400095419E-16,
    -0.668964731622));
#3553 = ORIENTED_EDGE('',*,*,#3554,.F.);
#3554 = EDGE_CURVE('',#2148,#3545,#3555,.T.);
#3555 = CIRCLE('',#3556,0.2);
#3556 = AXIS2_PLACEMENT_3D('',#3557,#3558,#3559);
#3557 = CARTESIAN_POINT('',(-48.55,3.,-1.410927519059));
#3558 = DIRECTION('',(0.,1.,-2.22044604925E-16));
#3559 = DIRECTION('',(0.,-2.22044604925E-16,-1.));
#3560 = ORIENTED_EDGE('',*,*,#2147,.T.);
#3561 = ORIENTED_EDGE('',*,*,#3562,.T.);
#3562 = EDGE_CURVE('',#2150,#3563,#3565,.T.);
#3563 = VERTEX_POINT('',#3564);
#3564 = CARTESIAN_POINT('',(-48.4605572809,3.,-2.84472135955));
#3565 = CIRCLE('',#3566,0.2);
#3566 = AXIS2_PLACEMENT_3D('',#3567,#3568,#3569);
#3567 = CARTESIAN_POINT('',(-48.55,3.,-3.02360679775));
#3568 = DIRECTION('',(0.,-1.,2.22044604925E-16));
#3569 = DIRECTION('',(0.,-2.22044604925E-16,-1.));
#3570 = ORIENTED_EDGE('',*,*,#3571,.F.);
#3571 = EDGE_CURVE('',#3547,#3563,#3572,.T.);
#3572 = LINE('',#3573,#3574);
#3573 = CARTESIAN_POINT('',(-49.35,3.,-2.4));
#3574 = VECTOR('',#3575,1.);
#3575 = DIRECTION('',(0.894427191,-9.930136612989E-17,-0.4472135955));
#3576 = PLANE('',#3577);
#3577 = AXIS2_PLACEMENT_3D('',#3578,#3579,#3580);
#3578 = CARTESIAN_POINT('',(-48.66881227585,3.,-2.243167896011));
#3579 = DIRECTION('',(0.,1.,0.));
#3580 = DIRECTION('',(0.,0.,1.));
#3581 = ADVANCED_FACE('',(#3582),#3601,.F.);
#3582 = FACE_BOUND('',#3583,.F.);
#3583 = EDGE_LOOP('',(#3584,#3585,#3593,#3600));
#3584 = ORIENTED_EDGE('',*,*,#3562,.T.);
#3585 = ORIENTED_EDGE('',*,*,#3586,.T.);
#3586 = EDGE_CURVE('',#3563,#3587,#3589,.T.);
#3587 = VERTEX_POINT('',#3588);
#3588 = CARTESIAN_POINT('',(-48.4605572809,-3.,-2.84472135955));
#3589 = LINE('',#3590,#3591);
#3590 = CARTESIAN_POINT('',(-48.4605572809,3.,-2.84472135955));
#3591 = VECTOR('',#3592,1.);
#3592 = DIRECTION('',(0.,-1.,2.22044604925E-16));
#3593 = ORIENTED_EDGE('',*,*,#3594,.F.);
#3594 = EDGE_CURVE('',#2158,#3587,#3595,.T.);
#3595 = CIRCLE('',#3596,0.2);
#3596 = AXIS2_PLACEMENT_3D('',#3597,#3598,#3599);
#3597 = CARTESIAN_POINT('',(-48.55,-3.,-3.02360679775));
#3598 = DIRECTION('',(0.,-1.,2.22044604925E-16));
#3599 = DIRECTION('',(0.,-2.22044604925E-16,-1.));
#3600 = ORIENTED_EDGE('',*,*,#2157,.F.);
#3601 = CYLINDRICAL_SURFACE('',#3602,0.2);
#3602 = AXIS2_PLACEMENT_3D('',#3603,#3604,#3605);
#3603 = CARTESIAN_POINT('',(-48.55,3.,-3.02360679775));
#3604 = DIRECTION('',(0.,-1.,2.22044604925E-16));
#3605 = DIRECTION('',(1.,-5.410420039762E-48,-2.436636567499E-32));
#3606 = ADVANCED_FACE('',(#3607),#3626,.F.);
#3607 = FACE_BOUND('',#3608,.T.);
#3608 = EDGE_LOOP('',(#3609,#3610,#3618,#3625));
#3609 = ORIENTED_EDGE('',*,*,#3554,.T.);
#3610 = ORIENTED_EDGE('',*,*,#3611,.T.);
#3611 = EDGE_CURVE('',#3545,#3612,#3614,.T.);
#3612 = VERTEX_POINT('',#3613);
#3613 = CARTESIAN_POINT('',(-48.41620705367,-3.,-1.559586348308));
#3614 = LINE('',#3615,#3616);
#3615 = CARTESIAN_POINT('',(-48.41620705367,3.,-1.559586348308));
#3616 = VECTOR('',#3617,1.);
#3617 = DIRECTION('',(0.,-1.,2.22044604925E-16));
#3618 = ORIENTED_EDGE('',*,*,#3619,.F.);
#3619 = EDGE_CURVE('',#2166,#3612,#3620,.T.);
#3620 = CIRCLE('',#3621,0.2);
#3621 = AXIS2_PLACEMENT_3D('',#3622,#3623,#3624);
#3622 = CARTESIAN_POINT('',(-48.55,-3.,-1.410927519059));
#3623 = DIRECTION('',(0.,1.,-2.22044604925E-16));
#3624 = DIRECTION('',(0.,-2.22044604925E-16,-1.));
#3625 = ORIENTED_EDGE('',*,*,#2173,.F.);
#3626 = CYLINDRICAL_SURFACE('',#3627,0.2);
#3627 = AXIS2_PLACEMENT_3D('',#3628,#3629,#3630);
#3628 = CARTESIAN_POINT('',(-48.55,3.,-1.410927519059));
#3629 = DIRECTION('',(0.,-1.,2.22044604925E-16));
#3630 = DIRECTION('',(1.,-5.410420039762E-48,-2.436636567499E-32));
#3631 = ADVANCED_FACE('',(#3632),#3651,.F.);
#3632 = FACE_BOUND('',#3633,.F.);
#3633 = EDGE_LOOP('',(#3634,#3642,#3643,#3644,#3645));
#3634 = ORIENTED_EDGE('',*,*,#3635,.F.);
#3635 = EDGE_CURVE('',#3612,#3636,#3638,.T.);
#3636 = VERTEX_POINT('',#3637);
#3637 = CARTESIAN_POINT('',(-49.35,-3.,-2.4));
#3638 = LINE('',#3639,#3640);
#3639 = CARTESIAN_POINT('',(-48.35,-3.,-1.5));
#3640 = VECTOR('',#3641,1.);
#3641 = DIRECTION('',(-0.743294146247,-1.485400095419E-16,
    -0.668964731622));
#3642 = ORIENTED_EDGE('',*,*,#3619,.F.);
#3643 = ORIENTED_EDGE('',*,*,#2165,.F.);
#3644 = ORIENTED_EDGE('',*,*,#3594,.T.);
#3645 = ORIENTED_EDGE('',*,*,#3646,.F.);
#3646 = EDGE_CURVE('',#3636,#3587,#3647,.T.);
#3647 = LINE('',#3648,#3649);
#3648 = CARTESIAN_POINT('',(-49.35,-3.,-2.4));
#3649 = VECTOR('',#3650,1.);
#3650 = DIRECTION('',(0.894427191,-9.930136612989E-17,-0.4472135955));
#3651 = PLANE('',#3652);
#3652 = AXIS2_PLACEMENT_3D('',#3653,#3654,#3655);
#3653 = CARTESIAN_POINT('',(-48.66881227585,-3.,-2.243167896011));
#3654 = DIRECTION('',(0.,1.,0.));
#3655 = DIRECTION('',(0.,0.,1.));
#3656 = ADVANCED_FACE('',(#3657),#3692,.F.);
#3657 = FACE_BOUND('',#3658,.F.);
#3658 = EDGE_LOOP('',(#3659,#3669,#3677,#3684,#3685));
#3659 = ORIENTED_EDGE('',*,*,#3660,.T.);
#3660 = EDGE_CURVE('',#3661,#3663,#3665,.T.);
#3661 = VERTEX_POINT('',#3662);
#3662 = CARTESIAN_POINT('',(-3.,-48.41620705367,-1.559586348308));
#3663 = VERTEX_POINT('',#3664);
#3664 = CARTESIAN_POINT('',(-3.,-49.35,-2.4));
#3665 = LINE('',#3666,#3667);
#3666 = CARTESIAN_POINT('',(-3.,-48.35,-1.5));
#3667 = VECTOR('',#3668,1.);
#3668 = DIRECTION('',(0.,-0.743294146247,-0.668964731622));
#3669 = ORIENTED_EDGE('',*,*,#3670,.T.);
#3670 = EDGE_CURVE('',#3663,#3671,#3673,.T.);
#3671 = VERTEX_POINT('',#3672);
#3672 = CARTESIAN_POINT('',(-3.,-48.4605572809,-2.84472135955));
#3673 = LINE('',#3674,#3675);
#3674 = CARTESIAN_POINT('',(-3.,-49.35,-2.4));
#3675 = VECTOR('',#3676,1.);
#3676 = DIRECTION('',(0.,0.894427191,-0.4472135955));
#3677 = ORIENTED_EDGE('',*,*,#3678,.F.);
#3678 = EDGE_CURVE('',#2258,#3671,#3679,.T.);
#3679 = CIRCLE('',#3680,0.2);
#3680 = AXIS2_PLACEMENT_3D('',#3681,#3682,#3683);
#3681 = CARTESIAN_POINT('',(-3.,-48.55,-3.02360679775));
#3682 = DIRECTION('',(1.,0.,-0.));
#3683 = DIRECTION('',(0.,0.,1.));
#3684 = ORIENTED_EDGE('',*,*,#2255,.F.);
#3685 = ORIENTED_EDGE('',*,*,#3686,.T.);
#3686 = EDGE_CURVE('',#2256,#3661,#3687,.T.);
#3687 = CIRCLE('',#3688,0.2);
#3688 = AXIS2_PLACEMENT_3D('',#3689,#3690,#3691);
#3689 = CARTESIAN_POINT('',(-3.,-48.55,-1.410927519059));
#3690 = DIRECTION('',(-1.,0.,0.));
#3691 = DIRECTION('',(0.,0.,1.));
#3692 = PLANE('',#3693);
#3693 = AXIS2_PLACEMENT_3D('',#3694,#3695,#3696);
#3694 = CARTESIAN_POINT('',(-3.,-48.66881227585,-2.243167896011));
#3695 = DIRECTION('',(1.,0.,0.));
#3696 = DIRECTION('',(0.,0.,1.));
#3697 = ADVANCED_FACE('',(#3698),#3717,.F.);
#3698 = FACE_BOUND('',#3699,.F.);
#3699 = EDGE_LOOP('',(#3700,#3701,#3709,#3716));
#3700 = ORIENTED_EDGE('',*,*,#3678,.T.);
#3701 = ORIENTED_EDGE('',*,*,#3702,.T.);
#3702 = EDGE_CURVE('',#3671,#3703,#3705,.T.);
#3703 = VERTEX_POINT('',#3704);
#3704 = CARTESIAN_POINT('',(3.,-48.4605572809,-2.84472135955));
#3705 = LINE('',#3706,#3707);
#3706 = CARTESIAN_POINT('',(-3.,-48.4605572809,-2.84472135955));
#3707 = VECTOR('',#3708,1.);
#3708 = DIRECTION('',(1.,0.,0.));
#3709 = ORIENTED_EDGE('',*,*,#3710,.F.);
#3710 = EDGE_CURVE('',#2274,#3703,#3711,.T.);
#3711 = CIRCLE('',#3712,0.2);
#3712 = AXIS2_PLACEMENT_3D('',#3713,#3714,#3715);
#3713 = CARTESIAN_POINT('',(3.,-48.55,-3.02360679775));
#3714 = DIRECTION('',(1.,0.,-0.));
#3715 = DIRECTION('',(0.,0.,1.));
#3716 = ORIENTED_EDGE('',*,*,#2281,.F.);
#3717 = CYLINDRICAL_SURFACE('',#3718,0.2);
#3718 = AXIS2_PLACEMENT_3D('',#3719,#3720,#3721);
#3719 = CARTESIAN_POINT('',(-3.,-48.55,-3.02360679775));
#3720 = DIRECTION('',(1.,0.,0.));
#3721 = DIRECTION('',(0.,1.,0.));
#3722 = ADVANCED_FACE('',(#3723),#3742,.F.);
#3723 = FACE_BOUND('',#3724,.T.);
#3724 = EDGE_LOOP('',(#3725,#3726,#3734,#3741));
#3725 = ORIENTED_EDGE('',*,*,#3686,.T.);
#3726 = ORIENTED_EDGE('',*,*,#3727,.T.);
#3727 = EDGE_CURVE('',#3661,#3728,#3730,.T.);
#3728 = VERTEX_POINT('',#3729);
#3729 = CARTESIAN_POINT('',(3.,-48.41620705367,-1.559586348308));
#3730 = LINE('',#3731,#3732);
#3731 = CARTESIAN_POINT('',(-3.,-48.41620705367,-1.559586348308));
#3732 = VECTOR('',#3733,1.);
#3733 = DIRECTION('',(1.,0.,0.));
#3734 = ORIENTED_EDGE('',*,*,#3735,.F.);
#3735 = EDGE_CURVE('',#2266,#3728,#3736,.T.);
#3736 = CIRCLE('',#3737,0.2);
#3737 = AXIS2_PLACEMENT_3D('',#3738,#3739,#3740);
#3738 = CARTESIAN_POINT('',(3.,-48.55,-1.410927519059));
#3739 = DIRECTION('',(-1.,0.,0.));
#3740 = DIRECTION('',(0.,0.,1.));
#3741 = ORIENTED_EDGE('',*,*,#2265,.F.);
#3742 = CYLINDRICAL_SURFACE('',#3743,0.2);
#3743 = AXIS2_PLACEMENT_3D('',#3744,#3745,#3746);
#3744 = CARTESIAN_POINT('',(-3.,-48.55,-1.410927519059));
#3745 = DIRECTION('',(1.,0.,0.));
#3746 = DIRECTION('',(0.,1.,0.));
#3747 = ADVANCED_FACE('',(#3748),#3767,.T.);
#3748 = FACE_BOUND('',#3749,.T.);
#3749 = EDGE_LOOP('',(#3750,#3758,#3764,#3765,#3766));
#3750 = ORIENTED_EDGE('',*,*,#3751,.T.);
#3751 = EDGE_CURVE('',#3728,#3752,#3754,.T.);
#3752 = VERTEX_POINT('',#3753);
#3753 = CARTESIAN_POINT('',(3.,-49.35,-2.4));
#3754 = LINE('',#3755,#3756);
#3755 = CARTESIAN_POINT('',(3.,-48.35,-1.5));
#3756 = VECTOR('',#3757,1.);
#3757 = DIRECTION('',(0.,-0.743294146247,-0.668964731622));
#3758 = ORIENTED_EDGE('',*,*,#3759,.T.);
#3759 = EDGE_CURVE('',#3752,#3703,#3760,.T.);
#3760 = LINE('',#3761,#3762);
#3761 = CARTESIAN_POINT('',(3.,-49.35,-2.4));
#3762 = VECTOR('',#3763,1.);
#3763 = DIRECTION('',(0.,0.894427191,-0.4472135955));
#3764 = ORIENTED_EDGE('',*,*,#3710,.F.);
#3765 = ORIENTED_EDGE('',*,*,#2273,.T.);
#3766 = ORIENTED_EDGE('',*,*,#3735,.T.);
#3767 = PLANE('',#3768);
#3768 = AXIS2_PLACEMENT_3D('',#3769,#3770,#3771);
#3769 = CARTESIAN_POINT('',(3.,-48.66881227585,-2.243167896011));
#3770 = DIRECTION('',(1.,0.,0.));
#3771 = DIRECTION('',(0.,0.,1.));
#3772 = ADVANCED_FACE('',(#3773),#3800,.F.);
#3773 = FACE_BOUND('',#3774,.T.);
#3774 = EDGE_LOOP('',(#3775,#3784,#3792,#3799));
#3775 = ORIENTED_EDGE('',*,*,#3776,.T.);
#3776 = EDGE_CURVE('',#2462,#3777,#3779,.T.);
#3777 = VERTEX_POINT('',#3778);
#3778 = CARTESIAN_POINT('',(-3.,48.447100848915,-2.941739490651));
#3779 = CIRCLE('',#3780,0.2);
#3780 = AXIS2_PLACEMENT_3D('',#3781,#3782,#3783);
#3781 = CARTESIAN_POINT('',(-3.,48.55,-3.113238075794));
#3782 = DIRECTION('',(-1.,0.,0.));
#3783 = DIRECTION('',(0.,0.,1.));
#3784 = ORIENTED_EDGE('',*,*,#3785,.T.);
#3785 = EDGE_CURVE('',#3777,#3786,#3788,.T.);
#3786 = VERTEX_POINT('',#3787);
#3787 = CARTESIAN_POINT('',(3.,48.447100848915,-2.941739490651));
#3788 = LINE('',#3789,#3790);
#3789 = CARTESIAN_POINT('',(-3.,48.447100848915,-2.941739490651));
#3790 = VECTOR('',#3791,1.);
#3791 = DIRECTION('',(1.,0.,0.));
#3792 = ORIENTED_EDGE('',*,*,#3793,.F.);
#3793 = EDGE_CURVE('',#2464,#3786,#3794,.T.);
#3794 = CIRCLE('',#3795,0.2);
#3795 = AXIS2_PLACEMENT_3D('',#3796,#3797,#3798);
#3796 = CARTESIAN_POINT('',(3.,48.55,-3.113238075794));
#3797 = DIRECTION('',(-1.,0.,0.));
#3798 = DIRECTION('',(0.,0.,1.));
#3799 = ORIENTED_EDGE('',*,*,#2461,.F.);
#3800 = CYLINDRICAL_SURFACE('',#3801,0.2);
#3801 = AXIS2_PLACEMENT_3D('',#3802,#3803,#3804);
#3802 = CARTESIAN_POINT('',(-3.,48.55,-3.113238075794));
#3803 = DIRECTION('',(1.,0.,0.));
#3804 = DIRECTION('',(0.,-1.,0.));
#3805 = ADVANCED_FACE('',(#3806),#3833,.F.);
#3806 = FACE_BOUND('',#3807,.F.);
#3807 = EDGE_LOOP('',(#3808,#3818,#3825,#3826,#3827));
#3808 = ORIENTED_EDGE('',*,*,#3809,.F.);
#3809 = EDGE_CURVE('',#3810,#3812,#3814,.T.);
#3810 = VERTEX_POINT('',#3811);
#3811 = CARTESIAN_POINT('',(-3.,48.416207053676,-1.559586348308));
#3812 = VERTEX_POINT('',#3813);
#3813 = CARTESIAN_POINT('',(-3.,49.35,-2.4));
#3814 = LINE('',#3815,#3816);
#3815 = CARTESIAN_POINT('',(-3.,48.35,-1.5));
#3816 = VECTOR('',#3817,1.);
#3817 = DIRECTION('',(0.,0.743294146247,-0.668964731622));
#3818 = ORIENTED_EDGE('',*,*,#3819,.F.);
#3819 = EDGE_CURVE('',#2472,#3810,#3820,.T.);
#3820 = CIRCLE('',#3821,0.2);
#3821 = AXIS2_PLACEMENT_3D('',#3822,#3823,#3824);
#3822 = CARTESIAN_POINT('',(-3.,48.55,-1.410927519059));
#3823 = DIRECTION('',(1.,0.,-0.));
#3824 = DIRECTION('',(0.,0.,1.));
#3825 = ORIENTED_EDGE('',*,*,#2471,.F.);
#3826 = ORIENTED_EDGE('',*,*,#3776,.T.);
#3827 = ORIENTED_EDGE('',*,*,#3828,.F.);
#3828 = EDGE_CURVE('',#3812,#3777,#3829,.T.);
#3829 = LINE('',#3830,#3831);
#3830 = CARTESIAN_POINT('',(-3.,49.35,-2.4));
#3831 = VECTOR('',#3832,1.);
#3832 = DIRECTION('',(0.,-0.857492925713,-0.514495755428));
#3833 = PLANE('',#3834);
#3834 = AXIS2_PLACEMENT_3D('',#3835,#3836,#3837);
#3835 = CARTESIAN_POINT('',(-3.,48.663039977175,-2.280206993565));
#3836 = DIRECTION('',(1.,0.,0.));
#3837 = DIRECTION('',(0.,0.,1.));
#3838 = ADVANCED_FACE('',(#3839),#3866,.T.);
#3839 = FACE_BOUND('',#3840,.T.);
#3840 = EDGE_LOOP('',(#3841,#3851,#3858,#3859,#3860));
#3841 = ORIENTED_EDGE('',*,*,#3842,.F.);
#3842 = EDGE_CURVE('',#3843,#3845,#3847,.T.);
#3843 = VERTEX_POINT('',#3844);
#3844 = CARTESIAN_POINT('',(3.,48.416207053676,-1.559586348308));
#3845 = VERTEX_POINT('',#3846);
#3846 = CARTESIAN_POINT('',(3.,49.35,-2.4));
#3847 = LINE('',#3848,#3849);
#3848 = CARTESIAN_POINT('',(3.,48.35,-1.5));
#3849 = VECTOR('',#3850,1.);
#3850 = DIRECTION('',(0.,0.743294146247,-0.668964731622));
#3851 = ORIENTED_EDGE('',*,*,#3852,.F.);
#3852 = EDGE_CURVE('',#2480,#3843,#3853,.T.);
#3853 = CIRCLE('',#3854,0.2);
#3854 = AXIS2_PLACEMENT_3D('',#3855,#3856,#3857);
#3855 = CARTESIAN_POINT('',(3.,48.55,-1.410927519059));
#3856 = DIRECTION('',(1.,0.,-0.));
#3857 = DIRECTION('',(0.,0.,1.));
#3858 = ORIENTED_EDGE('',*,*,#2487,.T.);
#3859 = ORIENTED_EDGE('',*,*,#3793,.T.);
#3860 = ORIENTED_EDGE('',*,*,#3861,.F.);
#3861 = EDGE_CURVE('',#3845,#3786,#3862,.T.);
#3862 = LINE('',#3863,#3864);
#3863 = CARTESIAN_POINT('',(3.,49.35,-2.4));
#3864 = VECTOR('',#3865,1.);
#3865 = DIRECTION('',(0.,-0.857492925713,-0.514495755428));
#3866 = PLANE('',#3867);
#3867 = AXIS2_PLACEMENT_3D('',#3868,#3869,#3870);
#3868 = CARTESIAN_POINT('',(3.,48.663039977175,-2.280206993565));
#3869 = DIRECTION('',(1.,0.,0.));
#3870 = DIRECTION('',(0.,0.,1.));
#3871 = ADVANCED_FACE('',(#3872),#3883,.F.);
#3872 = FACE_BOUND('',#3873,.F.);
#3873 = EDGE_LOOP('',(#3874,#3875,#3881,#3882));
#3874 = ORIENTED_EDGE('',*,*,#3819,.T.);
#3875 = ORIENTED_EDGE('',*,*,#3876,.T.);
#3876 = EDGE_CURVE('',#3810,#3843,#3877,.T.);
#3877 = LINE('',#3878,#3879);
#3878 = CARTESIAN_POINT('',(-3.,48.416207053676,-1.559586348308));
#3879 = VECTOR('',#3880,1.);
#3880 = DIRECTION('',(1.,0.,0.));
#3881 = ORIENTED_EDGE('',*,*,#3852,.F.);
#3882 = ORIENTED_EDGE('',*,*,#2479,.F.);
#3883 = CYLINDRICAL_SURFACE('',#3884,0.2);
#3884 = AXIS2_PLACEMENT_3D('',#3885,#3886,#3887);
#3885 = CARTESIAN_POINT('',(-3.,48.55,-1.410927519059));
#3886 = DIRECTION('',(1.,0.,0.));
#3887 = DIRECTION('',(0.,-1.,0.));
#3888 = ADVANCED_FACE('',(#3889),#3914,.T.);
#3889 = FACE_BOUND('',#3890,.T.);
#3890 = EDGE_LOOP('',(#3891,#3899,#3907,#3913));
#3891 = ORIENTED_EDGE('',*,*,#3892,.T.);
#3892 = EDGE_CURVE('',#2502,#3893,#3895,.T.);
#3893 = VERTEX_POINT('',#3894);
#3894 = CARTESIAN_POINT('',(14.8,-48.5,-7.35));
#3895 = LINE('',#3896,#3897);
#3896 = CARTESIAN_POINT('',(14.8,-47.,-7.35));
#3897 = VECTOR('',#3898,1.);
#3898 = DIRECTION('',(0.,-1.,2.22044604925E-16));
#3899 = ORIENTED_EDGE('',*,*,#3900,.T.);
#3900 = EDGE_CURVE('',#3893,#3901,#3903,.T.);
#3901 = VERTEX_POINT('',#3902);
#3902 = CARTESIAN_POINT('',(5.,-48.5,-7.35));
#3903 = LINE('',#3904,#3905);
#3904 = CARTESIAN_POINT('',(14.8,-48.5,-7.35));
#3905 = VECTOR('',#3906,1.);
#3906 = DIRECTION('',(-1.,0.,0.));
#3907 = ORIENTED_EDGE('',*,*,#3908,.F.);
#3908 = EDGE_CURVE('',#2511,#3901,#3909,.T.);
#3909 = LINE('',#3910,#3911);
#3910 = CARTESIAN_POINT('',(5.,-47.,-7.35));
#3911 = VECTOR('',#3912,1.);
#3912 = DIRECTION('',(0.,-1.,2.22044604925E-16));
#3913 = ORIENTED_EDGE('',*,*,#2518,.F.);
#3914 = PLANE('',#3915);
#3915 = AXIS2_PLACEMENT_3D('',#3916,#3917,#3918);
#3916 = CARTESIAN_POINT('',(14.8,-47.,-7.35));
#3917 = DIRECTION('',(-0.,-2.22044604925E-16,-1.));
#3918 = DIRECTION('',(-1.,0.,0.));
#3919 = ADVANCED_FACE('',(#3920),#3938,.T.);
#3920 = FACE_BOUND('',#3921,.T.);
#3921 = EDGE_LOOP('',(#3922,#3930,#3936,#3937));
#3922 = ORIENTED_EDGE('',*,*,#3923,.T.);
#3923 = EDGE_CURVE('',#2533,#3924,#3926,.T.);
#3924 = VERTEX_POINT('',#3925);
#3925 = CARTESIAN_POINT('',(14.8,-48.5,-14.65));
#3926 = LINE('',#3927,#3928);
#3927 = CARTESIAN_POINT('',(14.8,-47.,-14.65));
#3928 = VECTOR('',#3929,1.);
#3929 = DIRECTION('',(0.,-1.,2.22044604925E-16));
#3930 = ORIENTED_EDGE('',*,*,#3931,.T.);
#3931 = EDGE_CURVE('',#3924,#3893,#3932,.T.);
#3932 = LINE('',#3933,#3934);
#3933 = CARTESIAN_POINT('',(14.8,-48.5,-14.65));
#3934 = VECTOR('',#3935,1.);
#3935 = DIRECTION('',(0.,2.22044604925E-16,1.));
#3936 = ORIENTED_EDGE('',*,*,#3892,.F.);
#3937 = ORIENTED_EDGE('',*,*,#2542,.F.);
#3938 = PLANE('',#3939);
#3939 = AXIS2_PLACEMENT_3D('',#3940,#3941,#3942);
#3940 = CARTESIAN_POINT('',(14.8,-47.,-14.65));
#3941 = DIRECTION('',(-1.,0.,0.));
#3942 = DIRECTION('',(0.,2.22044604925E-16,1.));
#3943 = ADVANCED_FACE('',(#3944),#3962,.T.);
#3944 = FACE_BOUND('',#3945,.T.);
#3945 = EDGE_LOOP('',(#3946,#3947,#3955,#3961));
#3946 = ORIENTED_EDGE('',*,*,#3908,.T.);
#3947 = ORIENTED_EDGE('',*,*,#3948,.T.);
#3948 = EDGE_CURVE('',#3901,#3949,#3951,.T.);
#3949 = VERTEX_POINT('',#3950);
#3950 = CARTESIAN_POINT('',(5.,-48.5,-14.65));
#3951 = LINE('',#3952,#3953);
#3952 = CARTESIAN_POINT('',(5.,-48.5,-7.35));
#3953 = VECTOR('',#3954,1.);
#3954 = DIRECTION('',(0.,-2.22044604925E-16,-1.));
#3955 = ORIENTED_EDGE('',*,*,#3956,.F.);
#3956 = EDGE_CURVE('',#2559,#3949,#3957,.T.);
#3957 = LINE('',#3958,#3959);
#3958 = CARTESIAN_POINT('',(5.,-47.,-14.65));
#3959 = VECTOR('',#3960,1.);
#3960 = DIRECTION('',(0.,-1.,2.22044604925E-16));
#3961 = ORIENTED_EDGE('',*,*,#2566,.F.);
#3962 = PLANE('',#3963);
#3963 = AXIS2_PLACEMENT_3D('',#3964,#3965,#3966);
#3964 = CARTESIAN_POINT('',(5.,-47.,-7.35));
#3965 = DIRECTION('',(1.,0.,0.));
#3966 = DIRECTION('',(0.,-2.22044604925E-16,-1.));
#3967 = ADVANCED_FACE('',(#3968),#3979,.T.);
#3968 = FACE_BOUND('',#3969,.T.);
#3969 = EDGE_LOOP('',(#3970,#3971,#3977,#3978));
#3970 = ORIENTED_EDGE('',*,*,#3956,.T.);
#3971 = ORIENTED_EDGE('',*,*,#3972,.T.);
#3972 = EDGE_CURVE('',#3949,#3924,#3973,.T.);
#3973 = LINE('',#3974,#3975);
#3974 = CARTESIAN_POINT('',(5.,-48.5,-14.65));
#3975 = VECTOR('',#3976,1.);
#3976 = DIRECTION('',(1.,0.,0.));
#3977 = ORIENTED_EDGE('',*,*,#3923,.F.);
#3978 = ORIENTED_EDGE('',*,*,#2583,.F.);
#3979 = PLANE('',#3980);
#3980 = AXIS2_PLACEMENT_3D('',#3981,#3982,#3983);
#3981 = CARTESIAN_POINT('',(5.,-47.,-14.65));
#3982 = DIRECTION('',(0.,2.22044604925E-16,1.));
#3983 = DIRECTION('',(1.,0.,0.));
#3984 = ADVANCED_FACE('',(#3985),#4010,.T.);
#3985 = FACE_BOUND('',#3986,.T.);
#3986 = EDGE_LOOP('',(#3987,#3995,#4003,#4009));
#3987 = ORIENTED_EDGE('',*,*,#3988,.T.);
#3988 = EDGE_CURVE('',#2598,#3989,#3991,.T.);
#3989 = VERTEX_POINT('',#3990);
#3990 = CARTESIAN_POINT('',(24.9,-48.5,-14.65));
#3991 = LINE('',#3992,#3993);
#3992 = CARTESIAN_POINT('',(24.9,-47.,-14.65));
#3993 = VECTOR('',#3994,1.);
#3994 = DIRECTION('',(0.,-1.,2.22044604925E-16));
#3995 = ORIENTED_EDGE('',*,*,#3996,.T.);
#3996 = EDGE_CURVE('',#3989,#3997,#3999,.T.);
#3997 = VERTEX_POINT('',#3998);
#3998 = CARTESIAN_POINT('',(34.7,-48.5,-14.65));
#3999 = LINE('',#4000,#4001);
#4000 = CARTESIAN_POINT('',(24.9,-48.5,-14.65));
#4001 = VECTOR('',#4002,1.);
#4002 = DIRECTION('',(1.,0.,0.));
#4003 = ORIENTED_EDGE('',*,*,#4004,.F.);
#4004 = EDGE_CURVE('',#2607,#3997,#4005,.T.);
#4005 = LINE('',#4006,#4007);
#4006 = CARTESIAN_POINT('',(34.7,-47.,-14.65));
#4007 = VECTOR('',#4008,1.);
#4008 = DIRECTION('',(0.,-1.,2.22044604925E-16));
#4009 = ORIENTED_EDGE('',*,*,#2614,.F.);
#4010 = PLANE('',#4011);
#4011 = AXIS2_PLACEMENT_3D('',#4012,#4013,#4014);
#4012 = CARTESIAN_POINT('',(24.9,-47.,-14.65));
#4013 = DIRECTION('',(0.,2.22044604925E-16,1.));
#4014 = DIRECTION('',(1.,0.,0.));
#4015 = ADVANCED_FACE('',(#4016),#4034,.T.);
#4016 = FACE_BOUND('',#4017,.T.);
#4017 = EDGE_LOOP('',(#4018,#4026,#4032,#4033));
#4018 = ORIENTED_EDGE('',*,*,#4019,.T.);
#4019 = EDGE_CURVE('',#2629,#4020,#4022,.T.);
#4020 = VERTEX_POINT('',#4021);
#4021 = CARTESIAN_POINT('',(24.9,-48.5,-7.35));
#4022 = LINE('',#4023,#4024);
#4023 = CARTESIAN_POINT('',(24.9,-47.,-7.35));
#4024 = VECTOR('',#4025,1.);
#4025 = DIRECTION('',(0.,-1.,2.22044604925E-16));
#4026 = ORIENTED_EDGE('',*,*,#4027,.T.);
#4027 = EDGE_CURVE('',#4020,#3989,#4028,.T.);
#4028 = LINE('',#4029,#4030);
#4029 = CARTESIAN_POINT('',(24.9,-48.5,-7.35));
#4030 = VECTOR('',#4031,1.);
#4031 = DIRECTION('',(0.,-2.22044604925E-16,-1.));
#4032 = ORIENTED_EDGE('',*,*,#3988,.F.);
#4033 = ORIENTED_EDGE('',*,*,#2638,.F.);
#4034 = PLANE('',#4035);
#4035 = AXIS2_PLACEMENT_3D('',#4036,#4037,#4038);
#4036 = CARTESIAN_POINT('',(24.9,-47.,-7.35));
#4037 = DIRECTION('',(1.,0.,0.));
#4038 = DIRECTION('',(0.,-2.22044604925E-16,-1.));
#4039 = ADVANCED_FACE('',(#4040),#4058,.T.);
#4040 = FACE_BOUND('',#4041,.T.);
#4041 = EDGE_LOOP('',(#4042,#4043,#4051,#4057));
#4042 = ORIENTED_EDGE('',*,*,#4004,.T.);
#4043 = ORIENTED_EDGE('',*,*,#4044,.T.);
#4044 = EDGE_CURVE('',#3997,#4045,#4047,.T.);
#4045 = VERTEX_POINT('',#4046);
#4046 = CARTESIAN_POINT('',(34.7,-48.5,-7.35));
#4047 = LINE('',#4048,#4049);
#4048 = CARTESIAN_POINT('',(34.7,-48.5,-14.65));
#4049 = VECTOR('',#4050,1.);
#4050 = DIRECTION('',(0.,2.22044604925E-16,1.));
#4051 = ORIENTED_EDGE('',*,*,#4052,.F.);
#4052 = EDGE_CURVE('',#2655,#4045,#4053,.T.);
#4053 = LINE('',#4054,#4055);
#4054 = CARTESIAN_POINT('',(34.7,-47.,-7.35));
#4055 = VECTOR('',#4056,1.);
#4056 = DIRECTION('',(0.,-1.,2.22044604925E-16));
#4057 = ORIENTED_EDGE('',*,*,#2662,.F.);
#4058 = PLANE('',#4059);
#4059 = AXIS2_PLACEMENT_3D('',#4060,#4061,#4062);
#4060 = CARTESIAN_POINT('',(34.7,-47.,-14.65));
#4061 = DIRECTION('',(-1.,0.,0.));
#4062 = DIRECTION('',(0.,2.22044604925E-16,1.));
#4063 = ADVANCED_FACE('',(#4064),#4075,.T.);
#4064 = FACE_BOUND('',#4065,.T.);
#4065 = EDGE_LOOP('',(#4066,#4067,#4073,#4074));
#4066 = ORIENTED_EDGE('',*,*,#4052,.T.);
#4067 = ORIENTED_EDGE('',*,*,#4068,.T.);
#4068 = EDGE_CURVE('',#4045,#4020,#4069,.T.);
#4069 = LINE('',#4070,#4071);
#4070 = CARTESIAN_POINT('',(34.7,-48.5,-7.35));
#4071 = VECTOR('',#4072,1.);
#4072 = DIRECTION('',(-1.,0.,0.));
#4073 = ORIENTED_EDGE('',*,*,#4019,.F.);
#4074 = ORIENTED_EDGE('',*,*,#2679,.F.);
#4075 = PLANE('',#4076);
#4076 = AXIS2_PLACEMENT_3D('',#4077,#4078,#4079);
#4077 = CARTESIAN_POINT('',(34.7,-47.,-7.35));
#4078 = DIRECTION('',(-0.,-2.22044604925E-16,-1.));
#4079 = DIRECTION('',(-1.,0.,0.));
#4080 = ADVANCED_FACE('',(#4081),#4106,.T.);
#4081 = FACE_BOUND('',#4082,.T.);
#4082 = EDGE_LOOP('',(#4083,#4091,#4099,#4105));
#4083 = ORIENTED_EDGE('',*,*,#4084,.T.);
#4084 = EDGE_CURVE('',#2694,#4085,#4087,.T.);
#4085 = VERTEX_POINT('',#4086);
#4086 = CARTESIAN_POINT('',(-5.1,-48.5,-14.65));
#4087 = LINE('',#4088,#4089);
#4088 = CARTESIAN_POINT('',(-5.1,-47.,-14.65));
#4089 = VECTOR('',#4090,1.);
#4090 = DIRECTION('',(0.,-1.,2.22044604925E-16));
#4091 = ORIENTED_EDGE('',*,*,#4092,.T.);
#4092 = EDGE_CURVE('',#4085,#4093,#4095,.T.);
#4093 = VERTEX_POINT('',#4094);
#4094 = CARTESIAN_POINT('',(-5.1,-48.5,-7.35));
#4095 = LINE('',#4096,#4097);
#4096 = CARTESIAN_POINT('',(-5.1,-48.5,-14.65));
#4097 = VECTOR('',#4098,1.);
#4098 = DIRECTION('',(0.,2.22044604925E-16,1.));
#4099 = ORIENTED_EDGE('',*,*,#4100,.F.);
#4100 = EDGE_CURVE('',#2703,#4093,#4101,.T.);
#4101 = LINE('',#4102,#4103);
#4102 = CARTESIAN_POINT('',(-5.1,-47.,-7.35));
#4103 = VECTOR('',#4104,1.);
#4104 = DIRECTION('',(0.,-1.,2.22044604925E-16));
#4105 = ORIENTED_EDGE('',*,*,#2710,.F.);
#4106 = PLANE('',#4107);
#4107 = AXIS2_PLACEMENT_3D('',#4108,#4109,#4110);
#4108 = CARTESIAN_POINT('',(-5.1,-47.,-14.65));
#4109 = DIRECTION('',(-1.,0.,0.));
#4110 = DIRECTION('',(0.,2.22044604925E-16,1.));
#4111 = ADVANCED_FACE('',(#4112),#4130,.T.);
#4112 = FACE_BOUND('',#4113,.T.);
#4113 = EDGE_LOOP('',(#4114,#4122,#4128,#4129));
#4114 = ORIENTED_EDGE('',*,*,#4115,.T.);
#4115 = EDGE_CURVE('',#2725,#4116,#4118,.T.);
#4116 = VERTEX_POINT('',#4117);
#4117 = CARTESIAN_POINT('',(-14.9,-48.5,-14.65));
#4118 = LINE('',#4119,#4120);
#4119 = CARTESIAN_POINT('',(-14.9,-47.,-14.65));
#4120 = VECTOR('',#4121,1.);
#4121 = DIRECTION('',(0.,-1.,2.22044604925E-16));
#4122 = ORIENTED_EDGE('',*,*,#4123,.T.);
#4123 = EDGE_CURVE('',#4116,#4085,#4124,.T.);
#4124 = LINE('',#4125,#4126);
#4125 = CARTESIAN_POINT('',(-14.9,-48.5,-14.65));
#4126 = VECTOR('',#4127,1.);
#4127 = DIRECTION('',(1.,0.,0.));
#4128 = ORIENTED_EDGE('',*,*,#4084,.F.);
#4129 = ORIENTED_EDGE('',*,*,#2734,.F.);
#4130 = PLANE('',#4131);
#4131 = AXIS2_PLACEMENT_3D('',#4132,#4133,#4134);
#4132 = CARTESIAN_POINT('',(-14.9,-47.,-14.65));
#4133 = DIRECTION('',(0.,2.22044604925E-16,1.));
#4134 = DIRECTION('',(1.,0.,0.));
#4135 = ADVANCED_FACE('',(#4136),#4154,.T.);
#4136 = FACE_BOUND('',#4137,.T.);
#4137 = EDGE_LOOP('',(#4138,#4139,#4147,#4153));
#4138 = ORIENTED_EDGE('',*,*,#4100,.T.);
#4139 = ORIENTED_EDGE('',*,*,#4140,.T.);
#4140 = EDGE_CURVE('',#4093,#4141,#4143,.T.);
#4141 = VERTEX_POINT('',#4142);
#4142 = CARTESIAN_POINT('',(-14.9,-48.5,-7.35));
#4143 = LINE('',#4144,#4145);
#4144 = CARTESIAN_POINT('',(-5.1,-48.5,-7.35));
#4145 = VECTOR('',#4146,1.);
#4146 = DIRECTION('',(-1.,0.,0.));
#4147 = ORIENTED_EDGE('',*,*,#4148,.F.);
#4148 = EDGE_CURVE('',#2751,#4141,#4149,.T.);
#4149 = LINE('',#4150,#4151);
#4150 = CARTESIAN_POINT('',(-14.9,-47.,-7.35));
#4151 = VECTOR('',#4152,1.);
#4152 = DIRECTION('',(0.,-1.,2.22044604925E-16));
#4153 = ORIENTED_EDGE('',*,*,#2758,.F.);
#4154 = PLANE('',#4155);
#4155 = AXIS2_PLACEMENT_3D('',#4156,#4157,#4158);
#4156 = CARTESIAN_POINT('',(-5.1,-47.,-7.35));
#4157 = DIRECTION('',(-0.,-2.22044604925E-16,-1.));
#4158 = DIRECTION('',(-1.,0.,0.));
#4159 = ADVANCED_FACE('',(#4160),#4171,.T.);
#4160 = FACE_BOUND('',#4161,.T.);
#4161 = EDGE_LOOP('',(#4162,#4163,#4169,#4170));
#4162 = ORIENTED_EDGE('',*,*,#4148,.T.);
#4163 = ORIENTED_EDGE('',*,*,#4164,.T.);
#4164 = EDGE_CURVE('',#4141,#4116,#4165,.T.);
#4165 = LINE('',#4166,#4167);
#4166 = CARTESIAN_POINT('',(-14.9,-48.5,-7.35));
#4167 = VECTOR('',#4168,1.);
#4168 = DIRECTION('',(0.,-2.22044604925E-16,-1.));
#4169 = ORIENTED_EDGE('',*,*,#4115,.F.);
#4170 = ORIENTED_EDGE('',*,*,#2775,.F.);
#4171 = PLANE('',#4172);
#4172 = AXIS2_PLACEMENT_3D('',#4173,#4174,#4175);
#4173 = CARTESIAN_POINT('',(-14.9,-47.,-7.35));
#4174 = DIRECTION('',(1.,0.,0.));
#4175 = DIRECTION('',(0.,-2.22044604925E-16,-1.));
#4176 = ADVANCED_FACE('',(#4177),#4202,.T.);
#4177 = FACE_BOUND('',#4178,.T.);
#4178 = EDGE_LOOP('',(#4179,#4187,#4195,#4201));
#4179 = ORIENTED_EDGE('',*,*,#4180,.T.);
#4180 = EDGE_CURVE('',#2790,#4181,#4183,.T.);
#4181 = VERTEX_POINT('',#4182);
#4182 = CARTESIAN_POINT('',(-25.,-48.5,-7.35));
#4183 = LINE('',#4184,#4185);
#4184 = CARTESIAN_POINT('',(-25.,-47.,-7.35));
#4185 = VECTOR('',#4186,1.);
#4186 = DIRECTION('',(0.,-1.,2.22044604925E-16));
#4187 = ORIENTED_EDGE('',*,*,#4188,.T.);
#4188 = EDGE_CURVE('',#4181,#4189,#4191,.T.);
#4189 = VERTEX_POINT('',#4190);
#4190 = CARTESIAN_POINT('',(-34.8,-48.5,-7.35));
#4191 = LINE('',#4192,#4193);
#4192 = CARTESIAN_POINT('',(-25.,-48.5,-7.35));
#4193 = VECTOR('',#4194,1.);
#4194 = DIRECTION('',(-1.,0.,0.));
#4195 = ORIENTED_EDGE('',*,*,#4196,.F.);
#4196 = EDGE_CURVE('',#2799,#4189,#4197,.T.);
#4197 = LINE('',#4198,#4199);
#4198 = CARTESIAN_POINT('',(-34.8,-47.,-7.35));
#4199 = VECTOR('',#4200,1.);
#4200 = DIRECTION('',(0.,-1.,2.22044604925E-16));
#4201 = ORIENTED_EDGE('',*,*,#2806,.F.);
#4202 = PLANE('',#4203);
#4203 = AXIS2_PLACEMENT_3D('',#4204,#4205,#4206);
#4204 = CARTESIAN_POINT('',(-25.,-47.,-7.35));
#4205 = DIRECTION('',(-0.,-2.22044604925E-16,-1.));
#4206 = DIRECTION('',(-1.,0.,0.));
#4207 = ADVANCED_FACE('',(#4208),#4226,.T.);
#4208 = FACE_BOUND('',#4209,.T.);
#4209 = EDGE_LOOP('',(#4210,#4218,#4224,#4225));
#4210 = ORIENTED_EDGE('',*,*,#4211,.T.);
#4211 = EDGE_CURVE('',#2821,#4212,#4214,.T.);
#4212 = VERTEX_POINT('',#4213);
#4213 = CARTESIAN_POINT('',(-25.,-48.5,-14.65));
#4214 = LINE('',#4215,#4216);
#4215 = CARTESIAN_POINT('',(-25.,-47.,-14.65));
#4216 = VECTOR('',#4217,1.);
#4217 = DIRECTION('',(0.,-1.,2.22044604925E-16));
#4218 = ORIENTED_EDGE('',*,*,#4219,.T.);
#4219 = EDGE_CURVE('',#4212,#4181,#4220,.T.);
#4220 = LINE('',#4221,#4222);
#4221 = CARTESIAN_POINT('',(-25.,-48.5,-14.65));
#4222 = VECTOR('',#4223,1.);
#4223 = DIRECTION('',(0.,2.22044604925E-16,1.));
#4224 = ORIENTED_EDGE('',*,*,#4180,.F.);
#4225 = ORIENTED_EDGE('',*,*,#2830,.F.);
#4226 = PLANE('',#4227);
#4227 = AXIS2_PLACEMENT_3D('',#4228,#4229,#4230);
#4228 = CARTESIAN_POINT('',(-25.,-47.,-14.65));
#4229 = DIRECTION('',(-1.,0.,0.));
#4230 = DIRECTION('',(0.,2.22044604925E-16,1.));
#4231 = ADVANCED_FACE('',(#4232),#4250,.T.);
#4232 = FACE_BOUND('',#4233,.T.);
#4233 = EDGE_LOOP('',(#4234,#4235,#4243,#4249));
#4234 = ORIENTED_EDGE('',*,*,#4196,.T.);
#4235 = ORIENTED_EDGE('',*,*,#4236,.T.);
#4236 = EDGE_CURVE('',#4189,#4237,#4239,.T.);
#4237 = VERTEX_POINT('',#4238);
#4238 = CARTESIAN_POINT('',(-34.8,-48.5,-14.65));
#4239 = LINE('',#4240,#4241);
#4240 = CARTESIAN_POINT('',(-34.8,-48.5,-7.35));
#4241 = VECTOR('',#4242,1.);
#4242 = DIRECTION('',(0.,-2.22044604925E-16,-1.));
#4243 = ORIENTED_EDGE('',*,*,#4244,.F.);
#4244 = EDGE_CURVE('',#2847,#4237,#4245,.T.);
#4245 = LINE('',#4246,#4247);
#4246 = CARTESIAN_POINT('',(-34.8,-47.,-14.65));
#4247 = VECTOR('',#4248,1.);
#4248 = DIRECTION('',(0.,-1.,2.22044604925E-16));
#4249 = ORIENTED_EDGE('',*,*,#2854,.F.);
#4250 = PLANE('',#4251);
#4251 = AXIS2_PLACEMENT_3D('',#4252,#4253,#4254);
#4252 = CARTESIAN_POINT('',(-34.8,-47.,-7.35));
#4253 = DIRECTION('',(1.,0.,0.));
#4254 = DIRECTION('',(0.,-2.22044604925E-16,-1.));
#4255 = ADVANCED_FACE('',(#4256),#4267,.T.);
#4256 = FACE_BOUND('',#4257,.T.);
#4257 = EDGE_LOOP('',(#4258,#4259,#4265,#4266));
#4258 = ORIENTED_EDGE('',*,*,#4244,.T.);
#4259 = ORIENTED_EDGE('',*,*,#4260,.T.);
#4260 = EDGE_CURVE('',#4237,#4212,#4261,.T.);
#4261 = LINE('',#4262,#4263);
#4262 = CARTESIAN_POINT('',(-34.8,-48.5,-14.65));
#4263 = VECTOR('',#4264,1.);
#4264 = DIRECTION('',(1.,0.,0.));
#4265 = ORIENTED_EDGE('',*,*,#4211,.F.);
#4266 = ORIENTED_EDGE('',*,*,#2871,.F.);
#4267 = PLANE('',#4268);
#4268 = AXIS2_PLACEMENT_3D('',#4269,#4270,#4271);
#4269 = CARTESIAN_POINT('',(-34.8,-47.,-14.65));
#4270 = DIRECTION('',(0.,2.22044604925E-16,1.));
#4271 = DIRECTION('',(1.,0.,0.));
#4272 = ADVANCED_FACE('',(#4273),#4292,.F.);
#4273 = FACE_BOUND('',#4274,.T.);
#4274 = EDGE_LOOP('',(#4275,#4283,#4284,#4285));
#4275 = ORIENTED_EDGE('',*,*,#4276,.F.);
#4276 = EDGE_CURVE('',#2908,#4277,#4279,.T.);
#4277 = VERTEX_POINT('',#4278);
#4278 = CARTESIAN_POINT('',(45.15,31.,-16.3));
#4279 = LINE('',#4280,#4281);
#4280 = CARTESIAN_POINT('',(45.15,31.,-16.3));
#4281 = VECTOR('',#4282,1.);
#4282 = DIRECTION('',(-0.707106781187,-0.,-0.707106781187));
#4283 = ORIENTED_EDGE('',*,*,#2907,.T.);
#4284 = ORIENTED_EDGE('',*,*,#4276,.T.);
#4285 = ORIENTED_EDGE('',*,*,#4286,.F.);
#4286 = EDGE_CURVE('',#4277,#4277,#4287,.T.);
#4287 = CIRCLE('',#4288,2.35);
#4288 = AXIS2_PLACEMENT_3D('',#4289,#4290,#4291);
#4289 = CARTESIAN_POINT('',(42.8,31.,-16.3));
#4290 = DIRECTION('',(0.,0.,1.));
#4291 = DIRECTION('',(1.,0.,0.));
#4292 = CONICAL_SURFACE('',#4293,2.35,0.785398163397);
#4293 = AXIS2_PLACEMENT_3D('',#4294,#4295,#4296);
#4294 = CARTESIAN_POINT('',(42.8,31.,-16.3));
#4295 = DIRECTION('',(0.,0.,1.));
#4296 = DIRECTION('',(1.,0.,0.));
#4297 = ADVANCED_FACE('',(#4298),#4317,.F.);
#4298 = FACE_BOUND('',#4299,.T.);
#4299 = EDGE_LOOP('',(#4300,#4308,#4309,#4310));
#4300 = ORIENTED_EDGE('',*,*,#4301,.F.);
#4301 = EDGE_CURVE('',#2947,#4302,#4304,.T.);
#4302 = VERTEX_POINT('',#4303);
#4303 = CARTESIAN_POINT('',(45.15,-31.,-16.3));
#4304 = LINE('',#4305,#4306);
#4305 = CARTESIAN_POINT('',(45.15,-31.,-16.3));
#4306 = VECTOR('',#4307,1.);
#4307 = DIRECTION('',(-0.707106781187,-0.,-0.707106781187));
#4308 = ORIENTED_EDGE('',*,*,#2946,.T.);
#4309 = ORIENTED_EDGE('',*,*,#4301,.T.);
#4310 = ORIENTED_EDGE('',*,*,#4311,.F.);
#4311 = EDGE_CURVE('',#4302,#4302,#4312,.T.);
#4312 = CIRCLE('',#4313,2.35);
#4313 = AXIS2_PLACEMENT_3D('',#4314,#4315,#4316);
#4314 = CARTESIAN_POINT('',(42.8,-31.,-16.3));
#4315 = DIRECTION('',(0.,0.,1.));
#4316 = DIRECTION('',(1.,0.,0.));
#4317 = CONICAL_SURFACE('',#4318,2.35,0.785398163397);
#4318 = AXIS2_PLACEMENT_3D('',#4319,#4320,#4321);
#4319 = CARTESIAN_POINT('',(42.8,-31.,-16.3));
#4320 = DIRECTION('',(0.,0.,1.));
#4321 = DIRECTION('',(1.,0.,0.));
#4322 = ADVANCED_FACE('',(#4323),#4346,.F.);
#4323 = FACE_BOUND('',#4324,.F.);
#4324 = EDGE_LOOP('',(#4325,#4332,#4333,#4340));
#4325 = ORIENTED_EDGE('',*,*,#4326,.F.);
#4326 = EDGE_CURVE('',#2964,#4327,#4329,.T.);
#4327 = VERTEX_POINT('',#4328);
#4328 = CARTESIAN_POINT('',(50.,20.12,-10.81433400942));
#4329 = B_SPLINE_CURVE_WITH_KNOTS('',1,(#4330,#4331),.UNSPECIFIED.,.F.,
  .F.,(2,2),(0.,1.),.PIECEWISE_BEZIER_KNOTS.);
#4330 = CARTESIAN_POINT('',(47.,20.12,-11.0768));
#4331 = CARTESIAN_POINT('',(52.,20.12,-10.63935668237));
#4332 = ORIENTED_EDGE('',*,*,#2971,.T.);
#4333 = ORIENTED_EDGE('',*,*,#4334,.T.);
#4334 = EDGE_CURVE('',#2972,#4335,#4337,.T.);
#4335 = VERTEX_POINT('',#4336);
#4336 = CARTESIAN_POINT('',(50.,12.88,-10.81433400942));
#4337 = B_SPLINE_CURVE_WITH_KNOTS('',1,(#4338,#4339),.UNSPECIFIED.,.F.,
  .F.,(2,2),(0.,1.),.PIECEWISE_BEZIER_KNOTS.);
#4338 = CARTESIAN_POINT('',(47.,12.88,-11.0768));
#4339 = CARTESIAN_POINT('',(52.,12.88,-10.63935668237));
#4340 = ORIENTED_EDGE('',*,*,#4341,.F.);
#4341 = EDGE_CURVE('',#4327,#4335,#4342,.T.);
#4342 = LINE('',#4343,#4344);
#4343 = CARTESIAN_POINT('',(50.,-12.44,-10.81433400942));
#4344 = VECTOR('',#4345,1.);
#4345 = DIRECTION('',(0.,-1.,0.));
#4346 = PLANE('',#4347);
#4347 = AXIS2_PLACEMENT_3D('',#4348,#4349,#4350);
#4348 = CARTESIAN_POINT('',(52.,20.12,-10.63935668237));
#4349 = DIRECTION('',(-8.715574274766E-02,0.,0.996194698092));
#4350 = DIRECTION('',(0.,-1.,0.));
#4351 = ADVANCED_FACE('',(#4352),#4370,.F.);
#4352 = FACE_BOUND('',#4353,.F.);
#4353 = EDGE_LOOP('',(#4354,#4361,#4362,#4363));
#4354 = ORIENTED_EDGE('',*,*,#4355,.F.);
#4355 = EDGE_CURVE('',#2995,#4356,#4358,.T.);
#4356 = VERTEX_POINT('',#4357);
#4357 = CARTESIAN_POINT('',(50.,21.382465990578,-12.0768));
#4358 = B_SPLINE_CURVE_WITH_KNOTS('',1,(#4359,#4360),.UNSPECIFIED.,.F.,
  .F.,(2,2),(0.,1.),.PIECEWISE_BEZIER_KNOTS.);
#4359 = CARTESIAN_POINT('',(47.,21.12,-12.0768));
#4360 = CARTESIAN_POINT('',(52.,21.55744331763,-12.0768));
#4361 = ORIENTED_EDGE('',*,*,#3002,.T.);
#4362 = ORIENTED_EDGE('',*,*,#4326,.T.);
#4363 = ORIENTED_EDGE('',*,*,#4364,.F.);
#4364 = EDGE_CURVE('',#4356,#4327,#4365,.T.);
#4365 = CIRCLE('',#4366,1.262465990578);
#4366 = AXIS2_PLACEMENT_3D('',#4367,#4368,#4369);
#4367 = CARTESIAN_POINT('',(50.,20.12,-12.0768));
#4368 = DIRECTION('',(1.,0.,0.));
#4369 = DIRECTION('',(0.,1.,0.));
#4370 = CONICAL_SURFACE('',#4371,1.,8.726646259972E-02);
#4371 = AXIS2_PLACEMENT_3D('',#4372,#4373,#4374);
#4372 = CARTESIAN_POINT('',(47.,20.12,-12.0768));
#4373 = DIRECTION('',(1.,0.,0.));
#4374 = DIRECTION('',(0.,1.,0.));
#4375 = ADVANCED_FACE('',(#4376),#4394,.F.);
#4376 = FACE_BOUND('',#4377,.F.);
#4377 = EDGE_LOOP('',(#4378,#4379,#4380,#4387));
#4378 = ORIENTED_EDGE('',*,*,#4334,.F.);
#4379 = ORIENTED_EDGE('',*,*,#3020,.T.);
#4380 = ORIENTED_EDGE('',*,*,#4381,.T.);
#4381 = EDGE_CURVE('',#3021,#4382,#4384,.T.);
#4382 = VERTEX_POINT('',#4383);
#4383 = CARTESIAN_POINT('',(50.,11.617534009422,-12.0768));
#4384 = B_SPLINE_CURVE_WITH_KNOTS('',1,(#4385,#4386),.UNSPECIFIED.,.F.,
  .F.,(2,2),(0.,1.),.PIECEWISE_BEZIER_KNOTS.);
#4385 = CARTESIAN_POINT('',(47.,11.88,-12.0768));
#4386 = CARTESIAN_POINT('',(52.,11.44255668237,-12.0768));
#4387 = ORIENTED_EDGE('',*,*,#4388,.F.);
#4388 = EDGE_CURVE('',#4335,#4382,#4389,.T.);
#4389 = CIRCLE('',#4390,1.262465990578);
#4390 = AXIS2_PLACEMENT_3D('',#4391,#4392,#4393);
#4391 = CARTESIAN_POINT('',(50.,12.88,-12.0768));
#4392 = DIRECTION('',(1.,0.,0.));
#4393 = DIRECTION('',(0.,1.,0.));
#4394 = CONICAL_SURFACE('',#4395,1.,8.726646259972E-02);
#4395 = AXIS2_PLACEMENT_3D('',#4396,#4397,#4398);
#4396 = CARTESIAN_POINT('',(47.,12.88,-12.0768));
#4397 = DIRECTION('',(1.,0.,0.));
#4398 = DIRECTION('',(0.,1.,0.));
#4399 = ADVANCED_FACE('',(#4400),#4417,.F.);
#4400 = FACE_BOUND('',#4401,.F.);
#4401 = EDGE_LOOP('',(#4402,#4409,#4410,#4411));
#4402 = ORIENTED_EDGE('',*,*,#4403,.F.);
#4403 = EDGE_CURVE('',#3045,#4404,#4406,.T.);
#4404 = VERTEX_POINT('',#4405);
#4405 = CARTESIAN_POINT('',(50.,21.382465990578,-13.5368));
#4406 = B_SPLINE_CURVE_WITH_KNOTS('',1,(#4407,#4408),.UNSPECIFIED.,.F.,
  .F.,(2,2),(0.,1.),.PIECEWISE_BEZIER_KNOTS.);
#4407 = CARTESIAN_POINT('',(47.,21.12,-13.5368));
#4408 = CARTESIAN_POINT('',(52.,21.55744331763,-13.5368));
#4409 = ORIENTED_EDGE('',*,*,#3052,.T.);
#4410 = ORIENTED_EDGE('',*,*,#4355,.T.);
#4411 = ORIENTED_EDGE('',*,*,#4412,.F.);
#4412 = EDGE_CURVE('',#4404,#4356,#4413,.T.);
#4413 = LINE('',#4414,#4415);
#4414 = CARTESIAN_POINT('',(50.,21.382465990578,-6.7684));
#4415 = VECTOR('',#4416,1.);
#4416 = DIRECTION('',(0.,0.,1.));
#4417 = PLANE('',#4418);
#4418 = AXIS2_PLACEMENT_3D('',#4419,#4420,#4421);
#4419 = CARTESIAN_POINT('',(52.,21.55744331763,-13.5368));
#4420 = DIRECTION('',(-8.715574274766E-02,0.996194698092,0.));
#4421 = DIRECTION('',(0.,0.,1.));
#4422 = ADVANCED_FACE('',(#4423),#4440,.F.);
#4423 = FACE_BOUND('',#4424,.F.);
#4424 = EDGE_LOOP('',(#4425,#4426,#4427,#4434));
#4425 = ORIENTED_EDGE('',*,*,#4381,.F.);
#4426 = ORIENTED_EDGE('',*,*,#3069,.T.);
#4427 = ORIENTED_EDGE('',*,*,#4428,.T.);
#4428 = EDGE_CURVE('',#3070,#4429,#4431,.T.);
#4429 = VERTEX_POINT('',#4430);
#4430 = CARTESIAN_POINT('',(50.,11.617534009422,-13.5368));
#4431 = B_SPLINE_CURVE_WITH_KNOTS('',1,(#4432,#4433),.UNSPECIFIED.,.F.,
  .F.,(2,2),(0.,1.),.PIECEWISE_BEZIER_KNOTS.);
#4432 = CARTESIAN_POINT('',(47.,11.88,-13.5368));
#4433 = CARTESIAN_POINT('',(52.,11.44255668237,-13.5368));
#4434 = ORIENTED_EDGE('',*,*,#4435,.F.);
#4435 = EDGE_CURVE('',#4382,#4429,#4436,.T.);
#4436 = LINE('',#4437,#4438);
#4437 = CARTESIAN_POINT('',(50.,11.617534009422,-6.0384));
#4438 = VECTOR('',#4439,1.);
#4439 = DIRECTION('',(0.,0.,-1.));
#4440 = PLANE('',#4441);
#4441 = AXIS2_PLACEMENT_3D('',#4442,#4443,#4444);
#4442 = CARTESIAN_POINT('',(52.,11.44255668237,-12.0768));
#4443 = DIRECTION('',(-8.715574274766E-02,-0.996194698092,0.));
#4444 = DIRECTION('',(0.,0.,-1.));
#4445 = ADVANCED_FACE('',(#4446),#4464,.F.);
#4446 = FACE_BOUND('',#4447,.F.);
#4447 = EDGE_LOOP('',(#4448,#4455,#4456,#4457));
#4448 = ORIENTED_EDGE('',*,*,#4449,.F.);
#4449 = EDGE_CURVE('',#3093,#4450,#4452,.T.);
#4450 = VERTEX_POINT('',#4451);
#4451 = CARTESIAN_POINT('',(50.,20.12,-14.79926599057));
#4452 = B_SPLINE_CURVE_WITH_KNOTS('',1,(#4453,#4454),.UNSPECIFIED.,.F.,
  .F.,(2,2),(0.,1.),.PIECEWISE_BEZIER_KNOTS.);
#4453 = CARTESIAN_POINT('',(47.,20.12,-14.5368));
#4454 = CARTESIAN_POINT('',(52.,20.12,-14.97424331763));
#4455 = ORIENTED_EDGE('',*,*,#3100,.T.);
#4456 = ORIENTED_EDGE('',*,*,#4403,.T.);
#4457 = ORIENTED_EDGE('',*,*,#4458,.F.);
#4458 = EDGE_CURVE('',#4450,#4404,#4459,.T.);
#4459 = CIRCLE('',#4460,1.262465990578);
#4460 = AXIS2_PLACEMENT_3D('',#4461,#4462,#4463);
#4461 = CARTESIAN_POINT('',(50.,20.12,-13.5368));
#4462 = DIRECTION('',(1.,0.,0.));
#4463 = DIRECTION('',(0.,1.,0.));
#4464 = CONICAL_SURFACE('',#4465,1.,8.726646259972E-02);
#4465 = AXIS2_PLACEMENT_3D('',#4466,#4467,#4468);
#4466 = CARTESIAN_POINT('',(47.,20.12,-13.5368));
#4467 = DIRECTION('',(1.,0.,0.));
#4468 = DIRECTION('',(0.,1.,0.));
#4469 = ADVANCED_FACE('',(#4470),#4488,.F.);
#4470 = FACE_BOUND('',#4471,.F.);
#4471 = EDGE_LOOP('',(#4472,#4473,#4474,#4481));
#4472 = ORIENTED_EDGE('',*,*,#4428,.F.);
#4473 = ORIENTED_EDGE('',*,*,#3118,.T.);
#4474 = ORIENTED_EDGE('',*,*,#4475,.T.);
#4475 = EDGE_CURVE('',#3119,#4476,#4478,.T.);
#4476 = VERTEX_POINT('',#4477);
#4477 = CARTESIAN_POINT('',(50.,12.88,-14.79926599057));
#4478 = B_SPLINE_CURVE_WITH_KNOTS('',1,(#4479,#4480),.UNSPECIFIED.,.F.,
  .F.,(2,2),(0.,1.),.PIECEWISE_BEZIER_KNOTS.);
#4479 = CARTESIAN_POINT('',(47.,12.88,-14.5368));
#4480 = CARTESIAN_POINT('',(52.,12.88,-14.97424331763));
#4481 = ORIENTED_EDGE('',*,*,#4482,.F.);
#4482 = EDGE_CURVE('',#4429,#4476,#4483,.T.);
#4483 = CIRCLE('',#4484,1.262465990578);
#4484 = AXIS2_PLACEMENT_3D('',#4485,#4486,#4487);
#4485 = CARTESIAN_POINT('',(50.,12.88,-13.5368));
#4486 = DIRECTION('',(1.,0.,0.));
#4487 = DIRECTION('',(0.,1.,0.));
#4488 = CONICAL_SURFACE('',#4489,1.,8.726646259972E-02);
#4489 = AXIS2_PLACEMENT_3D('',#4490,#4491,#4492);
#4490 = CARTESIAN_POINT('',(47.,12.88,-13.5368));
#4491 = DIRECTION('',(1.,0.,0.));
#4492 = DIRECTION('',(0.,1.,0.));
#4493 = ADVANCED_FACE('',(#4494),#4505,.F.);
#4494 = FACE_BOUND('',#4495,.F.);
#4495 = EDGE_LOOP('',(#4496,#4497,#4498,#4499));
#4496 = ORIENTED_EDGE('',*,*,#4475,.F.);
#4497 = ORIENTED_EDGE('',*,*,#3143,.T.);
#4498 = ORIENTED_EDGE('',*,*,#4449,.T.);
#4499 = ORIENTED_EDGE('',*,*,#4500,.F.);
#4500 = EDGE_CURVE('',#4476,#4450,#4501,.T.);
#4501 = LINE('',#4502,#4503);
#4502 = CARTESIAN_POINT('',(50.,-16.06,-14.79926599057));
#4503 = VECTOR('',#4504,1.);
#4504 = DIRECTION('',(0.,1.,0.));
#4505 = PLANE('',#4506);
#4506 = AXIS2_PLACEMENT_3D('',#4507,#4508,#4509);
#4507 = CARTESIAN_POINT('',(52.,12.88,-14.97424331763));
#4508 = DIRECTION('',(-8.715574274766E-02,0.,-0.996194698092));
#4509 = DIRECTION('',(0.,1.,0.));
#4510 = ADVANCED_FACE('',(#4511),#4529,.F.);
#4511 = FACE_BOUND('',#4512,.F.);
#4512 = EDGE_LOOP('',(#4513,#4514,#4515,#4523));
#4513 = ORIENTED_EDGE('',*,*,#3188,.F.);
#4514 = ORIENTED_EDGE('',*,*,#3305,.F.);
#4515 = ORIENTED_EDGE('',*,*,#4516,.T.);
#4516 = EDGE_CURVE('',#3306,#4517,#4519,.T.);
#4517 = VERTEX_POINT('',#4518);
#4518 = CARTESIAN_POINT('',(-50.,-45.,-24.5));
#4519 = LINE('',#4520,#4521);
#4520 = CARTESIAN_POINT('',(-50.,-45.,0.));
#4521 = VECTOR('',#4522,1.);
#4522 = DIRECTION('',(-0.,-0.,-1.));
#4523 = ORIENTED_EDGE('',*,*,#4524,.F.);
#4524 = EDGE_CURVE('',#3191,#4517,#4525,.T.);
#4525 = LINE('',#4526,#4527);
#4526 = CARTESIAN_POINT('',(-50.,19.75,-24.5));
#4527 = VECTOR('',#4528,1.);
#4528 = DIRECTION('',(-0.,-1.,-0.));
#4529 = PLANE('',#4530);
#4530 = AXIS2_PLACEMENT_3D('',#4531,#4532,#4533);
#4531 = CARTESIAN_POINT('',(-50.,-45.,0.));
#4532 = DIRECTION('',(1.,0.,0.));
#4533 = DIRECTION('',(0.,1.,0.));
#4534 = ADVANCED_FACE('',(#4535),#4554,.T.);
#4535 = FACE_BOUND('',#4536,.F.);
#4536 = EDGE_LOOP('',(#4537,#4538,#4539,#4547));
#4537 = ORIENTED_EDGE('',*,*,#3230,.F.);
#4538 = ORIENTED_EDGE('',*,*,#3206,.T.);
#4539 = ORIENTED_EDGE('',*,*,#4540,.T.);
#4540 = EDGE_CURVE('',#3191,#4541,#4543,.T.);
#4541 = VERTEX_POINT('',#4542);
#4542 = CARTESIAN_POINT('',(-49.5,19.75,-25.));
#4543 = LINE('',#4544,#4545);
#4544 = CARTESIAN_POINT('',(-50.,19.75,-24.5));
#4545 = VECTOR('',#4546,1.);
#4546 = DIRECTION('',(0.707106781187,-2.003070486802E-16,-0.707106781187
    ));
#4547 = ORIENTED_EDGE('',*,*,#4548,.F.);
#4548 = EDGE_CURVE('',#3231,#4541,#4549,.T.);
#4549 = CIRCLE('',#4550,4.5);
#4550 = AXIS2_PLACEMENT_3D('',#4551,#4552,#4553);
#4551 = CARTESIAN_POINT('',(-45.,19.75,-25.));
#4552 = DIRECTION('',(0.,-0.,1.));
#4553 = DIRECTION('',(0.,1.,0.));
#4554 = CONICAL_SURFACE('',#4555,5.,0.785398163397);
#4555 = AXIS2_PLACEMENT_3D('',#4556,#4557,#4558);
#4556 = CARTESIAN_POINT('',(-45.,19.75,-24.5));
#4557 = DIRECTION('',(0.,0.,1.));
#4558 = DIRECTION('',(0.,1.,0.));
#4559 = ADVANCED_FACE('',(#4560),#4579,.F.);
#4560 = FACE_BOUND('',#4561,.F.);
#4561 = EDGE_LOOP('',(#4562,#4570,#4571,#4572));
#4562 = ORIENTED_EDGE('',*,*,#4563,.F.);
#4563 = EDGE_CURVE('',#3395,#4564,#4566,.T.);
#4564 = VERTEX_POINT('',#4565);
#4565 = CARTESIAN_POINT('',(-27.5,27.75,-25.));
#4566 = LINE('',#4567,#4568);
#4567 = CARTESIAN_POINT('',(-27.75,27.75,-24.75));
#4568 = VECTOR('',#4569,1.);
#4569 = DIRECTION('',(0.707106781187,0.,-0.707106781187));
#4570 = ORIENTED_EDGE('',*,*,#3404,.T.);
#4571 = ORIENTED_EDGE('',*,*,#3221,.T.);
#4572 = ORIENTED_EDGE('',*,*,#4573,.F.);
#4573 = EDGE_CURVE('',#4564,#3222,#4574,.T.);
#4574 = CIRCLE('',#4575,3.5);
#4575 = AXIS2_PLACEMENT_3D('',#4576,#4577,#4578);
#4576 = CARTESIAN_POINT('',(-31.,27.75,-25.));
#4577 = DIRECTION('',(0.,0.,-1.));
#4578 = DIRECTION('',(1.,1.184237892933E-15,0.));
#4579 = CONICAL_SURFACE('',#4580,3.,0.785398163397);
#4580 = AXIS2_PLACEMENT_3D('',#4581,#4582,#4583);
#4581 = CARTESIAN_POINT('',(-31.,27.75,-24.5));
#4582 = DIRECTION('',(0.,0.,-1.));
#4583 = DIRECTION('',(1.,1.184237892933E-15,0.));
#4584 = ADVANCED_FACE('',(#4585,#4699),#4710,.T.);
#4585 = FACE_BOUND('',#4586,.T.);
#4586 = EDGE_LOOP('',(#4587,#4598,#4604,#4605,#4606,#4607,#4615,#4624,
    #4632,#4641,#4650,#4659,#4667,#4676,#4684,#4693));
#4587 = ORIENTED_EDGE('',*,*,#4588,.F.);
#4588 = EDGE_CURVE('',#4589,#4591,#4593,.T.);
#4589 = VERTEX_POINT('',#4590);
#4590 = CARTESIAN_POINT('',(-49.5,-45.,-25.));
#4591 = VERTEX_POINT('',#4592);
#4592 = CARTESIAN_POINT('',(-45.,-49.5,-25.));
#4593 = CIRCLE('',#4594,4.5);
#4594 = AXIS2_PLACEMENT_3D('',#4595,#4596,#4597);
#4595 = CARTESIAN_POINT('',(-45.,-45.,-25.));
#4596 = DIRECTION('',(0.,-0.,1.));
#4597 = DIRECTION('',(-1.,0.,0.));
#4598 = ORIENTED_EDGE('',*,*,#4599,.F.);
#4599 = EDGE_CURVE('',#4541,#4589,#4600,.T.);
#4600 = LINE('',#4601,#4602);
#4601 = CARTESIAN_POINT('',(-49.5,19.75,-25.));
#4602 = VECTOR('',#4603,1.);
#4603 = DIRECTION('',(-0.,-1.,-0.));
#4604 = ORIENTED_EDGE('',*,*,#4548,.F.);
#4605 = ORIENTED_EDGE('',*,*,#3238,.F.);
#4606 = ORIENTED_EDGE('',*,*,#4573,.F.);
#4607 = ORIENTED_EDGE('',*,*,#4608,.F.);
#4608 = EDGE_CURVE('',#4609,#4564,#4611,.T.);
#4609 = VERTEX_POINT('',#4610);
#4610 = CARTESIAN_POINT('',(-27.5,45.,-25.));
#4611 = LINE('',#4612,#4613);
#4612 = CARTESIAN_POINT('',(-27.5,45.,-25.));
#4613 = VECTOR('',#4614,1.);
#4614 = DIRECTION('',(0.,-1.,0.));
#4615 = ORIENTED_EDGE('',*,*,#4616,.F.);
#4616 = EDGE_CURVE('',#4617,#4609,#4619,.T.);
#4617 = VERTEX_POINT('',#4618);
#4618 = CARTESIAN_POINT('',(-23.,49.5,-25.));
#4619 = CIRCLE('',#4620,4.5);
#4620 = AXIS2_PLACEMENT_3D('',#4621,#4622,#4623);
#4621 = CARTESIAN_POINT('',(-23.,45.,-25.));
#4622 = DIRECTION('',(0.,-0.,1.));
#4623 = DIRECTION('',(0.,1.,0.));
#4624 = ORIENTED_EDGE('',*,*,#4625,.F.);
#4625 = EDGE_CURVE('',#4626,#4617,#4628,.T.);
#4626 = VERTEX_POINT('',#4627);
#4627 = CARTESIAN_POINT('',(-9.486832980505,49.5,-25.));
#4628 = LINE('',#4629,#4630);
#4629 = CARTESIAN_POINT('',(-9.486832980505,49.5,-25.));
#4630 = VECTOR('',#4631,1.);
#4631 = DIRECTION('',(-1.,-0.,-0.));
#4632 = ORIENTED_EDGE('',*,*,#4633,.F.);
#4633 = EDGE_CURVE('',#4634,#4626,#4636,.T.);
#4634 = VERTEX_POINT('',#4635);
#4635 = CARTESIAN_POINT('',(-3.994455991792,54.710526315789,-25.));
#4636 = CIRCLE('',#4637,5.5);
#4637 = AXIS2_PLACEMENT_3D('',#4638,#4639,#4640);
#4638 = CARTESIAN_POINT('',(-9.486832980505,55.,-25.));
#4639 = DIRECTION('',(0.,0.,-1.));
#4640 = DIRECTION('',(0.998613997948,-5.263157894737E-02,0.));
#4641 = ORIENTED_EDGE('',*,*,#4642,.F.);
#4642 = EDGE_CURVE('',#4643,#4634,#4645,.T.);
#4643 = VERTEX_POINT('',#4644);
#4644 = CARTESIAN_POINT('',(3.994455991792,54.710526315789,-25.));
#4645 = CIRCLE('',#4646,4.);
#4646 = AXIS2_PLACEMENT_3D('',#4647,#4648,#4649);
#4647 = CARTESIAN_POINT('',(0.,54.5,-25.));
#4648 = DIRECTION('',(0.,-0.,1.));
#4649 = DIRECTION('',(0.998613997948,5.263157894737E-02,0.));
#4650 = ORIENTED_EDGE('',*,*,#4651,.F.);
#4651 = EDGE_CURVE('',#4652,#4643,#4654,.T.);
#4652 = VERTEX_POINT('',#4653);
#4653 = CARTESIAN_POINT('',(9.486832980505,49.5,-25.));
#4654 = CIRCLE('',#4655,5.5);
#4655 = AXIS2_PLACEMENT_3D('',#4656,#4657,#4658);
#4656 = CARTESIAN_POINT('',(9.486832980505,55.,-25.));
#4657 = DIRECTION('',(0.,0.,-1.));
#4658 = DIRECTION('',(-3.552713678801E-16,-1.,-0.));
#4659 = ORIENTED_EDGE('',*,*,#4660,.F.);
#4660 = EDGE_CURVE('',#4661,#4652,#4663,.T.);
#4661 = VERTEX_POINT('',#4662);
#4662 = CARTESIAN_POINT('',(45.,49.5,-25.));
#4663 = LINE('',#4664,#4665);
#4664 = CARTESIAN_POINT('',(45.,49.5,-25.));
#4665 = VECTOR('',#4666,1.);
#4666 = DIRECTION('',(-1.,-0.,-0.));
#4667 = ORIENTED_EDGE('',*,*,#4668,.F.);
#4668 = EDGE_CURVE('',#4669,#4661,#4671,.T.);
#4669 = VERTEX_POINT('',#4670);
#4670 = CARTESIAN_POINT('',(49.5,45.,-25.));
#4671 = CIRCLE('',#4672,4.5);
#4672 = AXIS2_PLACEMENT_3D('',#4673,#4674,#4675);
#4673 = CARTESIAN_POINT('',(45.,45.,-25.));
#4674 = DIRECTION('',(0.,0.,1.));
#4675 = DIRECTION('',(1.,0.,0.));
#4676 = ORIENTED_EDGE('',*,*,#4677,.F.);
#4677 = EDGE_CURVE('',#4678,#4669,#4680,.T.);
#4678 = VERTEX_POINT('',#4679);
#4679 = CARTESIAN_POINT('',(49.5,-45.,-25.));
#4680 = LINE('',#4681,#4682);
#4681 = CARTESIAN_POINT('',(49.5,-45.,-25.));
#4682 = VECTOR('',#4683,1.);
#4683 = DIRECTION('',(0.,1.,0.));
#4684 = ORIENTED_EDGE('',*,*,#4685,.F.);
#4685 = EDGE_CURVE('',#4686,#4678,#4688,.T.);
#4686 = VERTEX_POINT('',#4687);
#4687 = CARTESIAN_POINT('',(45.,-49.5,-25.));
#4688 = CIRCLE('',#4689,4.5);
#4689 = AXIS2_PLACEMENT_3D('',#4690,#4691,#4692);
#4690 = CARTESIAN_POINT('',(45.,-45.,-25.));
#4691 = DIRECTION('',(-0.,0.,1.));
#4692 = DIRECTION('',(0.,-1.,0.));
#4693 = ORIENTED_EDGE('',*,*,#4694,.F.);
#4694 = EDGE_CURVE('',#4591,#4686,#4695,.T.);
#4695 = LINE('',#4696,#4697);
#4696 = CARTESIAN_POINT('',(-45.,-49.5,-25.));
#4697 = VECTOR('',#4698,1.);
#4698 = DIRECTION('',(1.,0.,0.));
#4699 = FACE_BOUND('',#4700,.T.);
#4700 = EDGE_LOOP('',(#4701));
#4701 = ORIENTED_EDGE('',*,*,#4702,.T.);
#4702 = EDGE_CURVE('',#4703,#4703,#4705,.T.);
#4703 = VERTEX_POINT('',#4704);
#4704 = CARTESIAN_POINT('',(3.,54.5,-25.));
#4705 = CIRCLE('',#4706,3.);
#4706 = AXIS2_PLACEMENT_3D('',#4707,#4708,#4709);
#4707 = CARTESIAN_POINT('',(0.,54.5,-25.));
#4708 = DIRECTION('',(0.,0.,1.));
#4709 = DIRECTION('',(1.,0.,0.));
#4710 = PLANE('',#4711);
#4711 = AXIS2_PLACEMENT_3D('',#4712,#4713,#4714);
#4712 = CARTESIAN_POINT('',(1.656615005356,-0.170687571763,-25.));
#4713 = DIRECTION('',(-0.,-0.,-1.));
#4714 = DIRECTION('',(-1.,0.,0.));
#4715 = ADVANCED_FACE('',(#4716,#4764,#5081,#5251,#5333,#5399,#5553,
    #5635,#5645,#5751,#5889,#5979,#6205,#6359),#6457,.T.);
#4716 = FACE_BOUND('',#4717,.T.);
#4717 = EDGE_LOOP('',(#4718,#4726,#4734,#4740,#4741,#4749,#4757,#4763));
#4718 = ORIENTED_EDGE('',*,*,#4719,.T.);
#4719 = EDGE_CURVE('',#3331,#4720,#4722,.T.);
#4720 = VERTEX_POINT('',#4721);
#4721 = CARTESIAN_POINT('',(50.,-45.,-24.5));
#4722 = LINE('',#4723,#4724);
#4723 = CARTESIAN_POINT('',(50.,-45.,0.));
#4724 = VECTOR('',#4725,1.);
#4725 = DIRECTION('',(-0.,-0.,-1.));
#4726 = ORIENTED_EDGE('',*,*,#4727,.T.);
#4727 = EDGE_CURVE('',#4720,#4728,#4730,.T.);
#4728 = VERTEX_POINT('',#4729);
#4729 = CARTESIAN_POINT('',(50.,45.,-24.5));
#4730 = LINE('',#4731,#4732);
#4731 = CARTESIAN_POINT('',(50.,-45.,-24.5));
#4732 = VECTOR('',#4733,1.);
#4733 = DIRECTION('',(0.,1.,0.));
#4734 = ORIENTED_EDGE('',*,*,#4735,.F.);
#4735 = EDGE_CURVE('',#3255,#4728,#4736,.T.);
#4736 = LINE('',#4737,#4738);
#4737 = CARTESIAN_POINT('',(50.,45.,0.));
#4738 = VECTOR('',#4739,1.);
#4739 = DIRECTION('',(-0.,-0.,-1.));
#4740 = ORIENTED_EDGE('',*,*,#3252,.F.);
#4741 = ORIENTED_EDGE('',*,*,#4742,.T.);
#4742 = EDGE_CURVE('',#3253,#4743,#4745,.T.);
#4743 = VERTEX_POINT('',#4744);
#4744 = CARTESIAN_POINT('',(50.,-6.,-5.5));
#4745 = LINE('',#4746,#4747);
#4746 = CARTESIAN_POINT('',(50.,-6.,-3.5));
#4747 = VECTOR('',#4748,1.);
#4748 = DIRECTION('',(-2.22044604925E-16,-2.22044604925E-16,-1.));
#4749 = ORIENTED_EDGE('',*,*,#4750,.F.);
#4750 = EDGE_CURVE('',#4751,#4743,#4753,.T.);
#4751 = VERTEX_POINT('',#4752);
#4752 = CARTESIAN_POINT('',(50.,-14.,-5.5));
#4753 = LINE('',#4754,#4755);
#4754 = CARTESIAN_POINT('',(50.,-14.,-5.5));
#4755 = VECTOR('',#4756,1.);
#4756 = DIRECTION('',(0.,1.,-2.22044604925E-16));
#4757 = ORIENTED_EDGE('',*,*,#4758,.F.);
#4758 = EDGE_CURVE('',#3340,#4751,#4759,.T.);
#4759 = LINE('',#4760,#4761);
#4760 = CARTESIAN_POINT('',(50.,-14.,-4.5));
#4761 = VECTOR('',#4762,1.);
#4762 = DIRECTION('',(0.,-2.22044604925E-16,-1.));
#4763 = ORIENTED_EDGE('',*,*,#3339,.F.);
#4764 = FACE_BOUND('',#4765,.T.);
#4765 = EDGE_LOOP('',(#4766,#4775,#4782,#4789,#4796,#4803,#4812,#4821,
    #4828,#4835,#4842,#4849,#4856,#4863,#4872,#4881,#4890,#4899,#4906,
    #4915,#4922,#4931,#4940,#4949,#4958,#4965,#4974,#4983,#4992,#5001,
    #5008,#5017,#5026,#5035,#5044,#5053,#5062,#5069,#5076));
#4766 = ORIENTED_EDGE('',*,*,#4767,.F.);
#4767 = EDGE_CURVE('',#4768,#4770,#4772,.T.);
#4768 = VERTEX_POINT('',#4769);
#4769 = CARTESIAN_POINT('',(50.,22.553950860036,-19.098119375));
#4770 = VERTEX_POINT('',#4771);
#4771 = CARTESIAN_POINT('',(50.,21.230055262893,-18.333579375));
#4772 = B_SPLINE_CURVE_WITH_KNOTS('',1,(#4773,#4774),.UNSPECIFIED.,.F.,
  .F.,(2,2),(0.,57.781313458591),.PIECEWISE_BEZIER_KNOTS.);
#4773 = CARTESIAN_POINT('',(50.,22.553950860036,-19.098119375));
#4774 = CARTESIAN_POINT('',(50.,21.230055262893,-18.333579375));
#4775 = ORIENTED_EDGE('',*,*,#4776,.F.);
#4776 = EDGE_CURVE('',#4777,#4768,#4779,.T.);
#4777 = VERTEX_POINT('',#4778);
#4778 = CARTESIAN_POINT('',(50.,21.230055262893,-19.86255354166));
#4779 = B_SPLINE_CURVE_WITH_KNOTS('',1,(#4780,#4781),.UNSPECIFIED.,.F.,
  .F.,(2,2),(0.,57.779313192526),.PIECEWISE_BEZIER_KNOTS.);
#4780 = CARTESIAN_POINT('',(50.,21.230055262893,-19.86255354166));
#4781 = CARTESIAN_POINT('',(50.,22.553950860036,-19.098119375));
#4782 = ORIENTED_EDGE('',*,*,#4783,.F.);
#4783 = EDGE_CURVE('',#4784,#4777,#4786,.T.);
#4784 = VERTEX_POINT('',#4785);
#4785 = CARTESIAN_POINT('',(50.,21.230055262893,-19.31629479166));
#4786 = B_SPLINE_CURVE_WITH_KNOTS('',1,(#4787,#4788),.UNSPECIFIED.,.F.,
  .F.,(2,2),(0.,20.646),.PIECEWISE_BEZIER_KNOTS.);
#4787 = CARTESIAN_POINT('',(50.,21.230055262893,-19.31629479166));
#4788 = CARTESIAN_POINT('',(50.,21.230055262893,-19.86255354166));
#4789 = ORIENTED_EDGE('',*,*,#4790,.F.);
#4790 = EDGE_CURVE('',#4791,#4784,#4793,.T.);
#4791 = VERTEX_POINT('',#4792);
#4792 = CARTESIAN_POINT('',(50.,16.118067245458,-19.31629479166));
#4793 = B_SPLINE_CURVE_WITH_KNOTS('',1,(#4794,#4795),.UNSPECIFIED.,.F.,
  .F.,(2,2),(0.,193.209),.PIECEWISE_BEZIER_KNOTS.);
#4794 = CARTESIAN_POINT('',(50.,16.118067245458,-19.31629479166));
#4795 = CARTESIAN_POINT('',(50.,21.230055262893,-19.31629479166));
#4796 = ORIENTED_EDGE('',*,*,#4797,.F.);
#4797 = EDGE_CURVE('',#4798,#4791,#4800,.T.);
#4798 = VERTEX_POINT('',#4799);
#4799 = CARTESIAN_POINT('',(50.,17.435930342728,-20.70858520833));
#4800 = B_SPLINE_CURVE_WITH_KNOTS('',1,(#4801,#4802),.UNSPECIFIED.,.F.,
  .F.,(2,2),(0.,72.456962156856),.PIECEWISE_BEZIER_KNOTS.);
#4801 = CARTESIAN_POINT('',(50.,17.435930342728,-20.70858520833));
#4802 = CARTESIAN_POINT('',(50.,16.118067245458,-19.31629479166));
#4803 = ORIENTED_EDGE('',*,*,#4804,.F.);
#4804 = EDGE_CURVE('',#4805,#4798,#4807,.T.);
#4805 = VERTEX_POINT('',#4806);
#4806 = CARTESIAN_POINT('',(50.,17.845822834103,-20.86490104166));
#4807 = B_SPLINE_CURVE_WITH_KNOTS('',3,(#4808,#4809,#4810,#4811),
  .UNSPECIFIED.,.F.,.F.,(4,4),(0.,1.),.PIECEWISE_BEZIER_KNOTS.);
#4808 = CARTESIAN_POINT('',(50.,17.845822834103,-20.86490104166));
#4809 = CARTESIAN_POINT('',(50.,17.694878045612,-20.861435));
#4810 = CARTESIAN_POINT('',(50.,17.548007840369,-20.79846416666));
#4811 = CARTESIAN_POINT('',(50.,17.435930342728,-20.70858520833));
#4812 = ORIENTED_EDGE('',*,*,#4813,.F.);
#4813 = EDGE_CURVE('',#4814,#4805,#4816,.T.);
#4814 = VERTEX_POINT('',#4815);
#4815 = CARTESIAN_POINT('',(50.,18.912622811656,-20.86540375));
#4816 = B_SPLINE_CURVE_WITH_KNOTS('',3,(#4817,#4818,#4819,#4820),
  .UNSPECIFIED.,.F.,.F.,(4,4),(0.,1.),.PIECEWISE_BEZIER_KNOTS.);
#4817 = CARTESIAN_POINT('',(50.,18.912622811656,-20.86540375));
#4818 = CARTESIAN_POINT('',(50.,18.912622811656,-20.86540375));
#4819 = CARTESIAN_POINT('',(50.,18.635048442496,-20.86490104166));
#4820 = CARTESIAN_POINT('',(50.,17.845822834103,-20.86490104166));
#4821 = ORIENTED_EDGE('',*,*,#4822,.F.);
#4822 = EDGE_CURVE('',#4823,#4814,#4825,.T.);
#4823 = VERTEX_POINT('',#4824);
#4824 = CARTESIAN_POINT('',(50.,18.912622811656,-20.422094375));
#4825 = B_SPLINE_CURVE_WITH_KNOTS('',1,(#4826,#4827),.UNSPECIFIED.,.F.,
  .F.,(2,2),(0.,16.755),.PIECEWISE_BEZIER_KNOTS.);
#4826 = CARTESIAN_POINT('',(50.,18.912622811656,-20.422094375));
#4827 = CARTESIAN_POINT('',(50.,18.912622811656,-20.86540375));
#4828 = ORIENTED_EDGE('',*,*,#4829,.F.);
#4829 = EDGE_CURVE('',#4830,#4823,#4832,.T.);
#4830 = VERTEX_POINT('',#4831);
#4831 = CARTESIAN_POINT('',(50.,20.236862367125,-20.422094375));
#4832 = B_SPLINE_CURVE_WITH_KNOTS('',1,(#4833,#4834),.UNSPECIFIED.,.F.,
  .F.,(2,2),(0.,50.05),.PIECEWISE_BEZIER_KNOTS.);
#4833 = CARTESIAN_POINT('',(50.,20.236862367125,-20.422094375));
#4834 = CARTESIAN_POINT('',(50.,18.912622811656,-20.422094375));
#4835 = ORIENTED_EDGE('',*,*,#4836,.F.);
#4836 = EDGE_CURVE('',#4837,#4830,#4839,.T.);
#4837 = VERTEX_POINT('',#4838);
#4838 = CARTESIAN_POINT('',(50.,20.236862367125,-21.74620166666));
#4839 = B_SPLINE_CURVE_WITH_KNOTS('',1,(#4840,#4841),.UNSPECIFIED.,.F.,
  .F.,(2,2),(0.,50.045),.PIECEWISE_BEZIER_KNOTS.);
#4840 = CARTESIAN_POINT('',(50.,20.236862367125,-21.74620166666));
#4841 = CARTESIAN_POINT('',(50.,20.236862367125,-20.422094375));
#4842 = ORIENTED_EDGE('',*,*,#4843,.F.);
#4843 = EDGE_CURVE('',#4844,#4837,#4846,.T.);
#4844 = VERTEX_POINT('',#4845);
#4845 = CARTESIAN_POINT('',(50.,18.912622811656,-21.74620166666));
#4846 = B_SPLINE_CURVE_WITH_KNOTS('',1,(#4847,#4848),.UNSPECIFIED.,.F.,
  .F.,(2,2),(0.,50.05),.PIECEWISE_BEZIER_KNOTS.);
#4847 = CARTESIAN_POINT('',(50.,18.912622811656,-21.74620166666));
#4848 = CARTESIAN_POINT('',(50.,20.236862367125,-21.74620166666));
#4849 = ORIENTED_EDGE('',*,*,#4850,.F.);
#4850 = EDGE_CURVE('',#4851,#4844,#4853,.T.);
#4851 = VERTEX_POINT('',#4852);
#4852 = CARTESIAN_POINT('',(50.,18.912622811656,-21.30231020833));
#4853 = B_SPLINE_CURVE_WITH_KNOTS('',1,(#4854,#4855),.UNSPECIFIED.,.F.,
  .F.,(2,2),(0.,16.777),.PIECEWISE_BEZIER_KNOTS.);
#4854 = CARTESIAN_POINT('',(50.,18.912622811656,-21.30231020833));
#4855 = CARTESIAN_POINT('',(50.,18.912622811656,-21.74620166666));
#4856 = ORIENTED_EDGE('',*,*,#4857,.F.);
#4857 = EDGE_CURVE('',#4858,#4851,#4860,.T.);
#4858 = VERTEX_POINT('',#4859);
#4859 = CARTESIAN_POINT('',(50.,17.858734500498,-21.30254833333));
#4860 = B_SPLINE_CURVE_WITH_KNOTS('',1,(#4861,#4862),.UNSPECIFIED.,.F.,
  .F.,(2,2),(0.,39.83200101677),.PIECEWISE_BEZIER_KNOTS.);
#4861 = CARTESIAN_POINT('',(50.,17.858734500498,-21.30254833333));
#4862 = CARTESIAN_POINT('',(50.,18.912622811656,-21.30231020833));
#4863 = ORIENTED_EDGE('',*,*,#4864,.F.);
#4864 = EDGE_CURVE('',#4865,#4858,#4867,.T.);
#4865 = VERTEX_POINT('',#4866);
#4866 = CARTESIAN_POINT('',(50.,17.053924934099,-20.94943541666));
#4867 = B_SPLINE_CURVE_WITH_KNOTS('',3,(#4868,#4869,#4870,#4871),
  .UNSPECIFIED.,.F.,.F.,(4,4),(0.,1.),.PIECEWISE_BEZIER_KNOTS.);
#4868 = CARTESIAN_POINT('',(50.,17.053924934099,-20.94943541666));
#4869 = CARTESIAN_POINT('',(50.,17.251595138273,-21.14004125));
#4870 = CARTESIAN_POINT('',(50.,17.562295340069,-21.30254833333));
#4871 = CARTESIAN_POINT('',(50.,17.858734500498,-21.30254833333));
#4872 = ORIENTED_EDGE('',*,*,#4873,.F.);
#4873 = EDGE_CURVE('',#4874,#4865,#4876,.T.);
#4874 = VERTEX_POINT('',#4875);
#4875 = CARTESIAN_POINT('',(50.,17.053819100768,-20.94932958333));
#4876 = B_SPLINE_CURVE_WITH_KNOTS('',3,(#4877,#4878,#4879,#4880),
  .UNSPECIFIED.,.F.,.F.,(4,4),(0.,1.),.PIECEWISE_BEZIER_KNOTS.);
#4877 = CARTESIAN_POINT('',(50.,17.053819100768,-20.94932958333));
#4878 = CARTESIAN_POINT('',(50.,17.0649845172,-20.96115645833));
#4879 = CARTESIAN_POINT('',(50.,17.059428267317,-20.95499166666));
#4880 = CARTESIAN_POINT('',(50.,17.053924934099,-20.94943541666));
#4881 = ORIENTED_EDGE('',*,*,#4882,.F.);
#4882 = EDGE_CURVE('',#4883,#4874,#4885,.T.);
#4883 = VERTEX_POINT('',#4884);
#4884 = CARTESIAN_POINT('',(50.,15.656104755178,-19.47263708333));
#4885 = B_SPLINE_CURVE_WITH_KNOTS('',3,(#4886,#4887,#4888,#4889),
  .UNSPECIFIED.,.F.,.F.,(4,4),(0.,1.),.PIECEWISE_BEZIER_KNOTS.);
#4886 = CARTESIAN_POINT('',(50.,15.656104755178,-19.47263708333));
#4887 = CARTESIAN_POINT('',(50.,15.656104755178,-19.47263708333));
#4888 = CARTESIAN_POINT('',(50.,17.049506392525,-20.94456708333));
#4889 = CARTESIAN_POINT('',(50.,17.053819100768,-20.94932958333));
#4890 = ORIENTED_EDGE('',*,*,#4891,.F.);
#4891 = EDGE_CURVE('',#4892,#4883,#4894,.T.);
#4892 = VERTEX_POINT('',#4893);
#4893 = CARTESIAN_POINT('',(50.,15.247349972112,-19.31621541666));
#4894 = B_SPLINE_CURVE_WITH_KNOTS('',3,(#4895,#4896,#4897,#4898),
  .UNSPECIFIED.,.F.,.F.,(4,4),(0.,1.),.PIECEWISE_BEZIER_KNOTS.);
#4895 = CARTESIAN_POINT('',(50.,15.247349972112,-19.31621541666));
#4896 = CARTESIAN_POINT('',(50.,15.397871427278,-19.320051875));
#4897 = CARTESIAN_POINT('',(50.,15.544318299197,-19.38278458333));
#4898 = CARTESIAN_POINT('',(50.,15.656104755178,-19.47263708333));
#4899 = ORIENTED_EDGE('',*,*,#4900,.F.);
#4900 = EDGE_CURVE('',#4901,#4892,#4903,.T.);
#4901 = VERTEX_POINT('',#4902);
#4902 = CARTESIAN_POINT('',(50.,13.583888132114,-19.31621541666));
#4903 = B_SPLINE_CURVE_WITH_KNOTS('',1,(#4904,#4905),.UNSPECIFIED.,.F.,
  .F.,(2,2),(0.,62.871),.PIECEWISE_BEZIER_KNOTS.);
#4904 = CARTESIAN_POINT('',(50.,13.583888132114,-19.31621541666));
#4905 = CARTESIAN_POINT('',(50.,15.247349972112,-19.31621541666));
#4906 = ORIENTED_EDGE('',*,*,#4907,.F.);
#4907 = EDGE_CURVE('',#4908,#4901,#4910,.T.);
#4908 = VERTEX_POINT('',#4909);
#4909 = CARTESIAN_POINT('',(50.,13.578067298903,-19.31621541666));
#4910 = B_SPLINE_CURVE_WITH_KNOTS('',3,(#4911,#4912,#4913,#4914),
  .UNSPECIFIED.,.F.,.F.,(4,4),(0.,1.),.PIECEWISE_BEZIER_KNOTS.);
#4911 = CARTESIAN_POINT('',(50.,13.578067298903,-19.31621541666));
#4912 = CARTESIAN_POINT('',(50.,13.579998757196,-19.31621541666));
#4913 = CARTESIAN_POINT('',(50.,13.581930215489,-19.31632125));
#4914 = CARTESIAN_POINT('',(50.,13.583888132114,-19.31621541666));
#4915 = ORIENTED_EDGE('',*,*,#4916,.F.);
#4916 = EDGE_CURVE('',#4917,#4908,#4919,.T.);
#4917 = VERTEX_POINT('',#4918);
#4918 = CARTESIAN_POINT('',(50.,12.825989189728,-19.31621541666));
#4919 = B_SPLINE_CURVE_WITH_KNOTS('',1,(#4920,#4921),.UNSPECIFIED.,.F.,
  .F.,(2,2),(0.,28.425),.PIECEWISE_BEZIER_KNOTS.);
#4920 = CARTESIAN_POINT('',(50.,12.825989189728,-19.31621541666));
#4921 = CARTESIAN_POINT('',(50.,13.578067298903,-19.31621541666));
#4922 = ORIENTED_EDGE('',*,*,#4923,.F.);
#4923 = EDGE_CURVE('',#4924,#4917,#4926,.T.);
#4924 = VERTEX_POINT('',#4925);
#4925 = CARTESIAN_POINT('',(50.,11.7421765042,-20.203654375));
#4926 = B_SPLINE_CURVE_WITH_KNOTS('',3,(#4927,#4928,#4929,#4930),
  .UNSPECIFIED.,.F.,.F.,(4,4),(0.,1.),.PIECEWISE_BEZIER_KNOTS.);
#4927 = CARTESIAN_POINT('',(50.,11.7421765042,-20.203654375));
#4928 = CARTESIAN_POINT('',(50.,12.277957742927,-20.203654375));
#4929 = CARTESIAN_POINT('',(50.,12.72452148353,-19.822336875));
#4930 = CARTESIAN_POINT('',(50.,12.825989189728,-19.31621541666));
#4931 = ORIENTED_EDGE('',*,*,#4932,.F.);
#4932 = EDGE_CURVE('',#4933,#4924,#4935,.T.);
#4933 = VERTEX_POINT('',#4934);
#4934 = CARTESIAN_POINT('',(50.,10.636376944135,-19.09782833333));
#4935 = B_SPLINE_CURVE_WITH_KNOTS('',3,(#4936,#4937,#4938,#4939),
  .UNSPECIFIED.,.F.,.F.,(4,4),(0.,1.),.PIECEWISE_BEZIER_KNOTS.);
#4936 = CARTESIAN_POINT('',(50.,10.636376944135,-19.09782833333));
#4937 = CARTESIAN_POINT('',(50.,10.636376944135,-19.70856604166));
#4938 = CARTESIAN_POINT('',(50.,11.131438808718,-20.203654375));
#4939 = CARTESIAN_POINT('',(50.,11.7421765042,-20.203654375));
#4940 = ORIENTED_EDGE('',*,*,#4941,.F.);
#4941 = EDGE_CURVE('',#4942,#4933,#4944,.T.);
#4942 = VERTEX_POINT('',#4943);
#4943 = CARTESIAN_POINT('',(50.,11.7421765042,-17.99221395833));
#4944 = B_SPLINE_CURVE_WITH_KNOTS('',3,(#4945,#4946,#4947,#4948),
  .UNSPECIFIED.,.F.,.F.,(4,4),(0.,1.),.PIECEWISE_BEZIER_KNOTS.);
#4945 = CARTESIAN_POINT('',(50.,11.7421765042,-17.99221395833));
#4946 = CARTESIAN_POINT('',(50.,11.131438808718,-17.99221395833));
#4947 = CARTESIAN_POINT('',(50.,10.636376944135,-18.48727583333));
#4948 = CARTESIAN_POINT('',(50.,10.636376944135,-19.09782833333));
#4949 = ORIENTED_EDGE('',*,*,#4950,.F.);
#4950 = EDGE_CURVE('',#4951,#4942,#4953,.T.);
#4951 = VERTEX_POINT('',#4952);
#4952 = CARTESIAN_POINT('',(50.,12.825883356397,-18.87891208333));
#4953 = B_SPLINE_CURVE_WITH_KNOTS('',3,(#4954,#4955,#4956,#4957),
  .UNSPECIFIED.,.F.,.F.,(4,4),(0.,1.),.PIECEWISE_BEZIER_KNOTS.);
#4954 = CARTESIAN_POINT('',(50.,12.825883356397,-18.87891208333));
#4955 = CARTESIAN_POINT('',(50.,12.724415650199,-18.37321395833));
#4956 = CARTESIAN_POINT('',(50.,12.277851909595,-17.99221395833));
#4957 = CARTESIAN_POINT('',(50.,11.7421765042,-17.99221395833));
#4958 = ORIENTED_EDGE('',*,*,#4959,.F.);
#4959 = EDGE_CURVE('',#4960,#4951,#4962,.T.);
#4960 = VERTEX_POINT('',#4961);
#4961 = CARTESIAN_POINT('',(50.,13.59137584029,-18.87891208333));
#4962 = B_SPLINE_CURVE_WITH_KNOTS('',1,(#4963,#4964),.UNSPECIFIED.,.F.,
  .F.,(2,2),(0.,28.932),.PIECEWISE_BEZIER_KNOTS.);
#4963 = CARTESIAN_POINT('',(50.,13.59137584029,-18.87891208333));
#4964 = CARTESIAN_POINT('',(50.,12.825883356397,-18.87891208333));
#4965 = ORIENTED_EDGE('',*,*,#4966,.F.);
#4966 = EDGE_CURVE('',#4967,#4960,#4969,.T.);
#4967 = VERTEX_POINT('',#4968);
#4968 = CARTESIAN_POINT('',(50.,14.000712706677,-18.72291375));
#4969 = B_SPLINE_CURVE_WITH_KNOTS('',3,(#4970,#4971,#4972,#4973),
  .UNSPECIFIED.,.F.,.F.,(4,4),(0.,1.),.PIECEWISE_BEZIER_KNOTS.);
#4970 = CARTESIAN_POINT('',(50.,14.000712706677,-18.72291375));
#4971 = CARTESIAN_POINT('',(50.,13.888820417365,-18.81266041666));
#4972 = CARTESIAN_POINT('',(50.,13.742188337117,-18.87531375));
#4973 = CARTESIAN_POINT('',(50.,13.59137584029,-18.87891208333));
#4974 = ORIENTED_EDGE('',*,*,#4975,.F.);
#4975 = EDGE_CURVE('',#4976,#4967,#4978,.T.);
#4976 = VERTEX_POINT('',#4977);
#4977 = CARTESIAN_POINT('',(50.,15.398612260596,-17.24616833333));
#4978 = B_SPLINE_CURVE_WITH_KNOTS('',3,(#4979,#4980,#4981,#4982),
  .UNSPECIFIED.,.F.,.F.,(4,4),(0.,1.),.PIECEWISE_BEZIER_KNOTS.);
#4979 = CARTESIAN_POINT('',(50.,15.398612260596,-17.24616833333));
#4980 = CARTESIAN_POINT('',(50.,15.394431844017,-17.25087791666));
#4981 = CARTESIAN_POINT('',(50.,14.000712706677,-18.72291375));
#4982 = CARTESIAN_POINT('',(50.,14.000712706677,-18.72291375));
#4983 = ORIENTED_EDGE('',*,*,#4984,.F.);
#4984 = EDGE_CURVE('',#4985,#4976,#4987,.T.);
#4985 = VERTEX_POINT('',#4986);
#4986 = CARTESIAN_POINT('',(50.,15.398929760589,-17.2460625));
#4987 = B_SPLINE_CURVE_WITH_KNOTS('',3,(#4988,#4989,#4990,#4991),
  .UNSPECIFIED.,.F.,.F.,(4,4),(0.,1.),.PIECEWISE_BEZIER_KNOTS.);
#4988 = CARTESIAN_POINT('',(50.,15.398929760589,-17.2460625));
#4989 = CARTESIAN_POINT('',(50.,15.404327260476,-17.24040041666));
#4990 = CARTESIAN_POINT('',(50.,15.409936427025,-17.23436791666));
#4991 = CARTESIAN_POINT('',(50.,15.398612260596,-17.24616833333));
#4992 = ORIENTED_EDGE('',*,*,#4993,.F.);
#4993 = EDGE_CURVE('',#4994,#4985,#4996,.T.);
#4994 = VERTEX_POINT('',#4995);
#4995 = CARTESIAN_POINT('',(50.,16.203554118659,-16.89281729166));
#4996 = B_SPLINE_CURVE_WITH_KNOTS('',3,(#4997,#4998,#4999,#5000),
  .UNSPECIFIED.,.F.,.F.,(4,4),(0.,1.),.PIECEWISE_BEZIER_KNOTS.);
#4997 = CARTESIAN_POINT('',(50.,16.203554118659,-16.89281729166));
#4998 = CARTESIAN_POINT('',(50.,15.907167874895,-16.89281729166));
#4999 = CARTESIAN_POINT('',(50.,15.596599964764,-17.05543020833));
#5000 = CARTESIAN_POINT('',(50.,15.398929760589,-17.2460625));
#5001 = ORIENTED_EDGE('',*,*,#5002,.F.);
#5002 = EDGE_CURVE('',#5003,#4994,#5005,.T.);
#5003 = VERTEX_POINT('',#5004);
#5004 = CARTESIAN_POINT('',(50.,17.297129928982,-16.8930025));
#5005 = B_SPLINE_CURVE_WITH_KNOTS('',1,(#5006,#5007),.UNSPECIFIED.,.F.,
  .F.,(2,2),(0.,41.332000592761),.PIECEWISE_BEZIER_KNOTS.);
#5006 = CARTESIAN_POINT('',(50.,17.297129928982,-16.8930025));
#5007 = CARTESIAN_POINT('',(50.,16.203554118659,-16.89281729166));
#5008 = ORIENTED_EDGE('',*,*,#5009,.F.);
#5009 = EDGE_CURVE('',#5010,#5003,#5012,.T.);
#5010 = VERTEX_POINT('',#5011);
#5011 = CARTESIAN_POINT('',(50.,17.91945637422,-16.44956083333));
#5012 = B_SPLINE_CURVE_WITH_KNOTS('',3,(#5013,#5014,#5015,#5016),
  .UNSPECIFIED.,.F.,.F.,(4,4),(0.,1.),.PIECEWISE_BEZIER_KNOTS.);
#5013 = CARTESIAN_POINT('',(50.,17.91945637422,-16.44956083333));
#5014 = CARTESIAN_POINT('',(50.,17.630584296965,-16.44956083333));
#5015 = CARTESIAN_POINT('',(50.,17.387590968745,-16.63548354166));
#5016 = CARTESIAN_POINT('',(50.,17.297129928982,-16.8930025));
#5017 = ORIENTED_EDGE('',*,*,#5018,.F.);
#5018 = EDGE_CURVE('',#5019,#5010,#5021,.T.);
#5019 = VERTEX_POINT('',#5020);
#5020 = CARTESIAN_POINT('',(50.,18.581470318624,-17.11173354166));
#5021 = B_SPLINE_CURVE_WITH_KNOTS('',3,(#5022,#5023,#5024,#5025),
  .UNSPECIFIED.,.F.,.F.,(4,4),(0.,1.),.PIECEWISE_BEZIER_KNOTS.);
#5022 = CARTESIAN_POINT('',(50.,18.581470318624,-17.11173354166));
#5023 = CARTESIAN_POINT('',(50.,18.581470318624,-16.746));
#5024 = CARTESIAN_POINT('',(50.,18.284925324863,-16.44956083333));
#5025 = CARTESIAN_POINT('',(50.,17.91945637422,-16.44956083333));
#5026 = ORIENTED_EDGE('',*,*,#5027,.F.);
#5027 = EDGE_CURVE('',#5028,#5019,#5030,.T.);
#5028 = VERTEX_POINT('',#5029);
#5029 = CARTESIAN_POINT('',(50.,17.91945637422,-17.77385333333));
#5030 = B_SPLINE_CURVE_WITH_KNOTS('',3,(#5031,#5032,#5033,#5034),
  .UNSPECIFIED.,.F.,.F.,(4,4),(0.,1.),.PIECEWISE_BEZIER_KNOTS.);
#5031 = CARTESIAN_POINT('',(50.,17.91945637422,-17.77385333333));
#5032 = CARTESIAN_POINT('',(50.,18.284898866531,-17.77385333333));
#5033 = CARTESIAN_POINT('',(50.,18.581470318624,-17.47730833333));
#5034 = CARTESIAN_POINT('',(50.,18.581470318624,-17.11173354166));
#5035 = ORIENTED_EDGE('',*,*,#5036,.F.);
#5036 = EDGE_CURVE('',#5037,#5028,#5039,.T.);
#5037 = VERTEX_POINT('',#5038);
#5038 = CARTESIAN_POINT('',(50.,17.297129928982,-17.33009416666));
#5039 = B_SPLINE_CURVE_WITH_KNOTS('',3,(#5040,#5041,#5042,#5043),
  .UNSPECIFIED.,.F.,.F.,(4,4),(0.,1.),.PIECEWISE_BEZIER_KNOTS.);
#5040 = CARTESIAN_POINT('',(50.,17.297129928982,-17.33009416666));
#5041 = CARTESIAN_POINT('',(50.,17.387590968745,-17.58782479166));
#5042 = CARTESIAN_POINT('',(50.,17.630584296965,-17.77385333333));
#5043 = CARTESIAN_POINT('',(50.,17.91945637422,-17.77385333333));
#5044 = ORIENTED_EDGE('',*,*,#5045,.F.);
#5045 = EDGE_CURVE('',#5046,#5037,#5048,.T.);
#5046 = VERTEX_POINT('',#5047);
#5047 = CARTESIAN_POINT('',(50.,16.190589535598,-17.3305175));
#5048 = B_SPLINE_CURVE_WITH_KNOTS('',3,(#5049,#5050,#5051,#5052),
  .UNSPECIFIED.,.F.,.F.,(4,4),(0.,1.),.PIECEWISE_BEZIER_KNOTS.);
#5049 = CARTESIAN_POINT('',(50.,16.190589535598,-17.3305175));
#5050 = CARTESIAN_POINT('',(50.,16.801115564419,-17.3305175));
#5051 = CARTESIAN_POINT('',(50.,17.163674098456,-17.33035875));
#5052 = CARTESIAN_POINT('',(50.,17.297129928982,-17.33009416666));
#5053 = ORIENTED_EDGE('',*,*,#5054,.F.);
#5054 = EDGE_CURVE('',#5055,#5046,#5057,.T.);
#5055 = VERTEX_POINT('',#5056);
#5056 = CARTESIAN_POINT('',(50.,15.780829335887,-17.48693916666));
#5057 = B_SPLINE_CURVE_WITH_KNOTS('',3,(#5058,#5059,#5060,#5061),
  .UNSPECIFIED.,.F.,.F.,(4,4),(0.,1.),.PIECEWISE_BEZIER_KNOTS.);
#5058 = CARTESIAN_POINT('',(50.,15.780829335887,-17.48693916666));
#5059 = CARTESIAN_POINT('',(50.,15.892959750194,-17.39706020833));
#5060 = CARTESIAN_POINT('',(50.,16.039671205441,-17.33401));
#5061 = CARTESIAN_POINT('',(50.,16.190589535598,-17.3305175));
#5062 = ORIENTED_EDGE('',*,*,#5063,.F.);
#5063 = EDGE_CURVE('',#5064,#5055,#5066,.T.);
#5064 = VERTEX_POINT('',#5065);
#5065 = CARTESIAN_POINT('',(50.,14.463257280278,-18.878965));
#5066 = B_SPLINE_CURVE_WITH_KNOTS('',1,(#5067,#5068),.UNSPECIFIED.,.F.,
  .F.,(2,2),(0.,72.442137930903),.PIECEWISE_BEZIER_KNOTS.);
#5067 = CARTESIAN_POINT('',(50.,14.463257280278,-18.878965));
#5068 = CARTESIAN_POINT('',(50.,15.780829335887,-17.48693916666));
#5069 = ORIENTED_EDGE('',*,*,#5070,.F.);
#5070 = EDGE_CURVE('',#5071,#5064,#5073,.T.);
#5071 = VERTEX_POINT('',#5072);
#5072 = CARTESIAN_POINT('',(50.,21.230055262893,-18.878965));
#5073 = B_SPLINE_CURVE_WITH_KNOTS('',1,(#5074,#5075),.UNSPECIFIED.,.F.,
  .F.,(2,2),(0.,255.753),.PIECEWISE_BEZIER_KNOTS.);
#5074 = CARTESIAN_POINT('',(50.,21.230055262893,-18.878965));
#5075 = CARTESIAN_POINT('',(50.,14.463257280278,-18.878965));
#5076 = ORIENTED_EDGE('',*,*,#5077,.F.);
#5077 = EDGE_CURVE('',#4770,#5071,#5078,.T.);
#5078 = B_SPLINE_CURVE_WITH_KNOTS('',1,(#5079,#5080),.UNSPECIFIED.,.F.,
  .F.,(2,2),(0.,20.613),.PIECEWISE_BEZIER_KNOTS.);
#5079 = CARTESIAN_POINT('',(50.,21.230055262893,-18.333579375));
#5080 = CARTESIAN_POINT('',(50.,21.230055262893,-18.878965));
#5081 = FACE_BOUND('',#5082,.T.);
#5082 = EDGE_LOOP('',(#5083,#5093,#5101,#5109,#5117,#5125,#5133,#5141,
    #5149,#5157,#5165,#5173,#5181,#5189,#5197,#5205,#5213,#5221,#5229,
    #5237,#5245));
#5083 = ORIENTED_EDGE('',*,*,#5084,.T.);
#5084 = EDGE_CURVE('',#5085,#5087,#5089,.T.);
#5085 = VERTEX_POINT('',#5086);
#5086 = CARTESIAN_POINT('',(50.,2.65594270357,-7.289547718308));
#5087 = VERTEX_POINT('',#5088);
#5088 = CARTESIAN_POINT('',(50.,2.911855595552,-8.014127539633));
#5089 = B_SPLINE_CURVE_WITH_KNOTS('',2,(#5090,#5091,#5092),
  .UNSPECIFIED.,.F.,.F.,(3,3),(0.,1.),.PIECEWISE_BEZIER_KNOTS.);
#5090 = CARTESIAN_POINT('',(50.,2.65594270357,-7.289547718308));
#5091 = CARTESIAN_POINT('',(50.,2.912392431398,-7.555893597023));
#5092 = CARTESIAN_POINT('',(50.,2.911855595552,-8.014127539633));
#5093 = ORIENTED_EDGE('',*,*,#5094,.T.);
#5094 = EDGE_CURVE('',#5087,#5095,#5097,.T.);
#5095 = VERTEX_POINT('',#5096);
#5096 = CARTESIAN_POINT('',(50.,2.613729700131,-8.773879632085));
#5097 = B_SPLINE_CURVE_WITH_KNOTS('',2,(#5098,#5099,#5100),
  .UNSPECIFIED.,.F.,.F.,(3,3),(0.,1.),.PIECEWISE_BEZIER_KNOTS.);
#5098 = CARTESIAN_POINT('',(50.,2.911855595552,-8.014127539633));
#5099 = CARTESIAN_POINT('',(50.,2.911296329238,-8.491507747254));
#5100 = CARTESIAN_POINT('',(50.,2.613729700131,-8.773879632085));
#5101 = ORIENTED_EDGE('',*,*,#5102,.T.);
#5102 = EDGE_CURVE('',#5095,#5103,#5105,.T.);
#5103 = VERTEX_POINT('',#5104);
#5104 = CARTESIAN_POINT('',(50.,1.798663150981,-9.056251398452));
#5105 = B_SPLINE_CURVE_WITH_KNOTS('',2,(#5106,#5107,#5108),
  .UNSPECIFIED.,.F.,.F.,(3,3),(0.,1.),.PIECEWISE_BEZIER_KNOTS.);
#5106 = CARTESIAN_POINT('',(50.,2.613729700131,-8.773879632085));
#5107 = CARTESIAN_POINT('',(50.,2.316305085273,-9.056251516949));
#5108 = CARTESIAN_POINT('',(50.,1.798663150981,-9.056251398452));
#5109 = ORIENTED_EDGE('',*,*,#5110,.T.);
#5110 = EDGE_CURVE('',#5103,#5111,#5113,.T.);
#5111 = VERTEX_POINT('',#5112);
#5112 = CARTESIAN_POINT('',(50.,1.075623677619,-8.852166230277));
#5113 = B_SPLINE_CURVE_WITH_KNOTS('',2,(#5114,#5115,#5116),
  .UNSPECIFIED.,.F.,.F.,(3,3),(0.,1.),.PIECEWISE_BEZIER_KNOTS.);
#5114 = CARTESIAN_POINT('',(50.,1.798663150981,-9.056251398452));
#5115 = CARTESIAN_POINT('',(50.,1.347057842052,-9.056251295072));
#5116 = CARTESIAN_POINT('',(50.,1.075623677619,-8.852166230277));
#5117 = ORIENTED_EDGE('',*,*,#5118,.T.);
#5118 = EDGE_CURVE('',#5111,#5119,#5121,.T.);
#5119 = VERTEX_POINT('',#5120);
#5120 = CARTESIAN_POINT('',(50.,0.740878211228,-8.261326597652));
#5121 = B_SPLINE_CURVE_WITH_KNOTS('',2,(#5122,#5123,#5124),
  .UNSPECIFIED.,.F.,.F.,(3,3),(0.,1.),.PIECEWISE_BEZIER_KNOTS.);
#5122 = CARTESIAN_POINT('',(50.,1.075623677619,-8.852166230277));
#5123 = CARTESIAN_POINT('',(50.,0.804331527433,-8.648081165514));
#5124 = CARTESIAN_POINT('',(50.,0.740878211228,-8.261326597652));
#5125 = ORIENTED_EDGE('',*,*,#5126,.T.);
#5126 = EDGE_CURVE('',#5119,#5127,#5129,.T.);
#5127 = VERTEX_POINT('',#5128);
#5128 = CARTESIAN_POINT('',(50.,1.33952592154,-8.21211374239));
#5129 = LINE('',#5130,#5131);
#5130 = CARTESIAN_POINT('',(50.,0.740878211228,-8.261326597652));
#5131 = VECTOR('',#5132,1.);
#5132 = DIRECTION('',(0.,0.996638059177,8.19303301582E-02));
#5133 = ORIENTED_EDGE('',*,*,#5134,.T.);
#5134 = EDGE_CURVE('',#5127,#5135,#5137,.T.);
#5135 = VERTEX_POINT('',#5136);
#5136 = CARTESIAN_POINT('',(50.,1.505352614712,-8.493776612374));
#5137 = B_SPLINE_CURVE_WITH_KNOTS('',2,(#5138,#5139,#5140),
  .UNSPECIFIED.,.F.,.F.,(3,3),(0.,1.),.PIECEWISE_BEZIER_KNOTS.);
#5138 = CARTESIAN_POINT('',(50.,1.33952592154,-8.21211374239));
#5139 = CARTESIAN_POINT('',(50.,1.386163992616,-8.405561941828));
#5140 = CARTESIAN_POINT('',(50.,1.505352614712,-8.493776612374));
#5141 = ORIENTED_EDGE('',*,*,#5142,.T.);
#5142 = EDGE_CURVE('',#5135,#5143,#5145,.T.);
#5143 = VERTEX_POINT('',#5144);
#5144 = CARTESIAN_POINT('',(50.,1.805609569275,-8.581849500185));
#5145 = B_SPLINE_CURVE_WITH_KNOTS('',2,(#5146,#5147,#5148),
  .UNSPECIFIED.,.F.,.F.,(3,3),(0.,1.),.PIECEWISE_BEZIER_KNOTS.);
#5146 = CARTESIAN_POINT('',(50.,1.505352614712,-8.493776612374));
#5147 = CARTESIAN_POINT('',(50.,1.624541402959,-8.581849458735));
#5148 = CARTESIAN_POINT('',(50.,1.805609569275,-8.581849500185));
#5149 = ORIENTED_EDGE('',*,*,#5150,.T.);
#5150 = EDGE_CURVE('',#5143,#5151,#5153,.T.);
#5151 = VERTEX_POINT('',#5152);
#5152 = CARTESIAN_POINT('',(50.,2.162516841301,-8.438890803096));
#5153 = B_SPLINE_CURVE_WITH_KNOTS('',2,(#5154,#5155,#5156),
  .UNSPECIFIED.,.F.,.F.,(3,3),(0.,1.),.PIECEWISE_BEZIER_KNOTS.);
#5154 = CARTESIAN_POINT('',(50.,1.805609569275,-8.581849500185));
#5155 = CARTESIAN_POINT('',(50.,2.029282010019,-8.581849551387));
#5156 = CARTESIAN_POINT('',(50.,2.162516841301,-8.438890803096));
#5157 = ORIENTED_EDGE('',*,*,#5158,.T.);
#5158 = EDGE_CURVE('',#5151,#5159,#5161,.T.);
#5159 = VERTEX_POINT('',#5160);
#5160 = CARTESIAN_POINT('',(50.,2.296208876433,-8.026891575378));
#5161 = B_SPLINE_CURVE_WITH_KNOTS('',2,(#5162,#5163,#5164),
  .UNSPECIFIED.,.F.,.F.,(3,3),(0.,1.),.PIECEWISE_BEZIER_KNOTS.);
#5162 = CARTESIAN_POINT('',(50.,2.162516841301,-8.438890803096));
#5163 = CARTESIAN_POINT('',(50.,2.295893852983,-8.295790230651));
#5164 = CARTESIAN_POINT('',(50.,2.296208876433,-8.026891575378));
#5165 = ORIENTED_EDGE('',*,*,#5166,.T.);
#5166 = EDGE_CURVE('',#5159,#5167,#5169,.T.);
#5167 = VERTEX_POINT('',#5168);
#5168 = CARTESIAN_POINT('',(50.,2.17097022397,-7.647937323564));
#5169 = B_SPLINE_CURVE_WITH_KNOTS('',2,(#5170,#5171,#5172),
  .UNSPECIFIED.,.F.,.F.,(3,3),(0.,1.),.PIECEWISE_BEZIER_KNOTS.);
#5170 = CARTESIAN_POINT('',(50.,2.296208876433,-8.026891575378));
#5171 = CARTESIAN_POINT('',(50.,2.29648651577,-7.789903361791));
#5172 = CARTESIAN_POINT('',(50.,2.17097022397,-7.647937323564));
#5173 = ORIENTED_EDGE('',*,*,#5174,.T.);
#5174 = EDGE_CURVE('',#5167,#5175,#5177,.T.);
#5175 = VERTEX_POINT('',#5176);
#5176 = CARTESIAN_POINT('',(50.,1.819651277705,-7.505971233647));
#5177 = B_SPLINE_CURVE_WITH_KNOTS('',2,(#5178,#5179,#5180),
  .UNSPECIFIED.,.F.,.F.,(3,3),(0.,1.),.PIECEWISE_BEZIER_KNOTS.);
#5178 = CARTESIAN_POINT('',(50.,2.17097022397,-7.647937323564));
#5179 = CARTESIAN_POINT('',(50.,2.045453932169,-7.505971285338));
#5180 = CARTESIAN_POINT('',(50.,1.819651277705,-7.505971233647));
#5181 = ORIENTED_EDGE('',*,*,#5182,.T.);
#5182 = EDGE_CURVE('',#5175,#5183,#5185,.T.);
#5183 = VERTEX_POINT('',#5184);
#5184 = CARTESIAN_POINT('',(50.,1.412553659979,-7.699561153402));
#5185 = B_SPLINE_CURVE_WITH_KNOTS('',2,(#5186,#5187,#5188),
  .UNSPECIFIED.,.F.,.F.,(3,3),(0.,1.),.PIECEWISE_BEZIER_KNOTS.);
#5186 = CARTESIAN_POINT('',(50.,1.819651277705,-7.505971233647));
#5187 = CARTESIAN_POINT('',(50.,1.570416272305,-7.505971176593));
#5188 = CARTESIAN_POINT('',(50.,1.412553659979,-7.699561153402));
#5189 = ORIENTED_EDGE('',*,*,#5190,.T.);
#5190 = EDGE_CURVE('',#5183,#5191,#5193,.T.);
#5191 = VERTEX_POINT('',#5192);
#5192 = CARTESIAN_POINT('',(50.,0.828875100325,-7.699561019788));
#5193 = LINE('',#5194,#5195);
#5194 = CARTESIAN_POINT('',(50.,1.412553659979,-7.699561153402));
#5195 = VECTOR('',#5196,1.);
#5196 = DIRECTION('',(0.,-1.,2.289171414434E-07));
#5197 = ORIENTED_EDGE('',*,*,#5198,.T.);
#5198 = EDGE_CURVE('',#5191,#5199,#5201,.T.);
#5199 = VERTEX_POINT('',#5200);
#5200 = CARTESIAN_POINT('',(50.,0.935228456869,-6.015540667779));
#5201 = LINE('',#5202,#5203);
#5202 = CARTESIAN_POINT('',(50.,0.828875100325,-7.699561019788));
#5203 = VECTOR('',#5204,1.);
#5204 = DIRECTION('',(0.,6.302886690012E-02,0.998011704309));
#5205 = ORIENTED_EDGE('',*,*,#5206,.T.);
#5206 = EDGE_CURVE('',#5199,#5207,#5209,.T.);
#5207 = VERTEX_POINT('',#5208);
#5208 = CARTESIAN_POINT('',(50.,2.739519478865,-6.015541080812));
#5209 = LINE('',#5210,#5211);
#5210 = CARTESIAN_POINT('',(50.,0.935228456869,-6.015540667779));
#5211 = VECTOR('',#5212,1.);
#5212 = DIRECTION('',(0.,1.,-2.289171407913E-07));
#5213 = ORIENTED_EDGE('',*,*,#5214,.T.);
#5214 = EDGE_CURVE('',#5207,#5215,#5217,.T.);
#5215 = VERTEX_POINT('',#5216);
#5216 = CARTESIAN_POINT('',(50.,2.738998593572,-6.460159901636));
#5217 = LINE('',#5218,#5219);
#5218 = CARTESIAN_POINT('',(50.,2.739519478865,-6.015541080812));
#5219 = VECTOR('',#5220,1.);
#5220 = DIRECTION('',(0.,-1.171531456477E-03,-0.999999313757));
#5221 = ORIENTED_EDGE('',*,*,#5222,.T.);
#5222 = EDGE_CURVE('',#5215,#5223,#5225,.T.);
#5223 = VERTEX_POINT('',#5224);
#5224 = CARTESIAN_POINT('',(50.,1.477912070525,-6.460159612951));
#5225 = LINE('',#5226,#5227);
#5226 = CARTESIAN_POINT('',(50.,2.738998593572,-6.460159901636));
#5227 = VECTOR('',#5228,1.);
#5228 = DIRECTION('',(0.,-1.,2.2891714059E-07));
#5229 = ORIENTED_EDGE('',*,*,#5230,.T.);
#5230 = EDGE_CURVE('',#5223,#5231,#5233,.T.);
#5231 = VERTEX_POINT('',#5232);
#5232 = CARTESIAN_POINT('',(50.,1.428033394529,-7.21452244319));
#5233 = LINE('',#5234,#5235);
#5234 = CARTESIAN_POINT('',(50.,1.477912070525,-6.460159612951));
#5235 = VECTOR('',#5236,1.);
#5236 = DIRECTION('',(0.,-6.597620953355E-02,-0.997821196295));
#5237 = ORIENTED_EDGE('',*,*,#5238,.T.);
#5238 = EDGE_CURVE('',#5231,#5239,#5241,.T.);
#5239 = VERTEX_POINT('',#5240);
#5240 = CARTESIAN_POINT('',(50.,1.971462198148,-7.023059917424));
#5241 = B_SPLINE_CURVE_WITH_KNOTS('',2,(#5242,#5243,#5244),
  .UNSPECIFIED.,.F.,.F.,(3,3),(0.,1.),.PIECEWISE_BEZIER_KNOTS.);
#5242 = CARTESIAN_POINT('',(50.,1.428033394529,-7.21452244319));
#5243 = CARTESIAN_POINT('',(50.,1.645539498779,-7.023059842814));
#5244 = CARTESIAN_POINT('',(50.,1.971462198148,-7.023059917424));
#5245 = ORIENTED_EDGE('',*,*,#5246,.T.);
#5246 = EDGE_CURVE('',#5239,#5085,#5247,.T.);
#5247 = B_SPLINE_CURVE_WITH_KNOTS('',2,(#5248,#5249,#5250),
  .UNSPECIFIED.,.F.,.F.,(3,3),(0.,1.),.PIECEWISE_BEZIER_KNOTS.);
#5248 = CARTESIAN_POINT('',(50.,1.971462198148,-7.023059917424));
#5249 = CARTESIAN_POINT('',(50.,2.399635156142,-7.02306001544));
#5250 = CARTESIAN_POINT('',(50.,2.65594270357,-7.289547718308));
#5251 = FACE_BOUND('',#5252,.T.);
#5252 = EDGE_LOOP('',(#5253,#5263,#5271,#5279,#5287,#5295,#5303,#5311,
    #5319,#5327));
#5253 = ORIENTED_EDGE('',*,*,#5254,.T.);
#5254 = EDGE_CURVE('',#5255,#5257,#5259,.T.);
#5255 = VERTEX_POINT('',#5256);
#5256 = CARTESIAN_POINT('',(50.,5.916094180163,-6.015541807985));
#5257 = VERTEX_POINT('',#5258);
#5258 = CARTESIAN_POINT('',(50.,4.809134350528,-9.010868348302));
#5259 = LINE('',#5260,#5261);
#5260 = CARTESIAN_POINT('',(50.,5.916094180163,-6.015541807985));
#5261 = VECTOR('',#5262,1.);
#5262 = DIRECTION('',(0.,-0.346647750879,-0.937995382084));
#5263 = ORIENTED_EDGE('',*,*,#5264,.T.);
#5264 = EDGE_CURVE('',#5257,#5265,#5267,.T.);
#5265 = VERTEX_POINT('',#5266);
#5266 = CARTESIAN_POINT('',(50.,4.17220044784,-9.010868202497));
#5267 = LINE('',#5268,#5269);
#5268 = CARTESIAN_POINT('',(50.,4.809134350528,-9.010868348302));
#5269 = VECTOR('',#5270,1.);
#5270 = DIRECTION('',(0.,-1.,2.28917139596E-07));
#5271 = ORIENTED_EDGE('',*,*,#5272,.T.);
#5272 = EDGE_CURVE('',#5265,#5273,#5275,.T.);
#5273 = VERTEX_POINT('',#5274);
#5274 = CARTESIAN_POINT('',(50.,3.065868220978,-6.015541155519));
#5275 = LINE('',#5276,#5277);
#5276 = CARTESIAN_POINT('',(50.,4.17220044784,-9.010868202497));
#5277 = VECTOR('',#5278,1.);
#5278 = DIRECTION('',(0.,-0.346474762613,0.9380592939));
#5279 = ORIENTED_EDGE('',*,*,#5280,.T.);
#5280 = EDGE_CURVE('',#5273,#5281,#5283,.T.);
#5281 = VERTEX_POINT('',#5282);
#5282 = CARTESIAN_POINT('',(50.,3.721974047158,-6.015541305713));
#5283 = LINE('',#5284,#5285);
#5284 = CARTESIAN_POINT('',(50.,3.065868220978,-6.015541155519));
#5285 = VECTOR('',#5286,1.);
#5286 = DIRECTION('',(0.,1.,-2.289171407913E-07));
#5287 = ORIENTED_EDGE('',*,*,#5288,.T.);
#5288 = EDGE_CURVE('',#5281,#5289,#5291,.T.);
#5289 = VERTEX_POINT('',#5290);
#5290 = CARTESIAN_POINT('',(50.,4.337482512089,-7.939102871955));
#5291 = LINE('',#5292,#5293);
#5292 = CARTESIAN_POINT('',(50.,3.721974047158,-6.015541305713));
#5293 = VECTOR('',#5294,1.);
#5294 = DIRECTION('',(0.,0.304761697439,-0.952428636578));
#5295 = ORIENTED_EDGE('',*,*,#5296,.T.);
#5296 = EDGE_CURVE('',#5289,#5297,#5299,.T.);
#5297 = VERTEX_POINT('',#5298);
#5298 = CARTESIAN_POINT('',(50.,4.494455881008,-8.504555934714));
#5299 = B_SPLINE_CURVE_WITH_KNOTS('',2,(#5300,#5301,#5302),
  .UNSPECIFIED.,.F.,.F.,(3,3),(0.,1.),.PIECEWISE_BEZIER_KNOTS.);
#5300 = CARTESIAN_POINT('',(50.,4.337482512089,-7.939102871955));
#5301 = CARTESIAN_POINT('',(50.,4.394779128595,-8.126168985493));
#5302 = CARTESIAN_POINT('',(50.,4.494455881008,-8.504555934714));
#5303 = ORIENTED_EDGE('',*,*,#5304,.T.);
#5304 = EDGE_CURVE('',#5297,#5305,#5307,.T.);
#5305 = VERTEX_POINT('',#5306);
#5306 = CARTESIAN_POINT('',(50.,4.539404538579,-8.321744570141));
#5307 = LINE('',#5308,#5309);
#5308 = CARTESIAN_POINT('',(50.,4.494455881008,-8.504555934714));
#5309 = VECTOR('',#5310,1.);
#5310 = DIRECTION('',(0.,0.238763293093,0.971077798053));
#5311 = ORIENTED_EDGE('',*,*,#5312,.T.);
#5312 = EDGE_CURVE('',#5305,#5313,#5315,.T.);
#5313 = VERTEX_POINT('',#5314);
#5314 = CARTESIAN_POINT('',(50.,4.648493715408,-7.939102943151));
#5315 = LINE('',#5316,#5317);
#5316 = CARTESIAN_POINT('',(50.,4.539404538579,-8.321744570141));
#5317 = VECTOR('',#5318,1.);
#5318 = DIRECTION('',(0.,0.274170387157,0.961681131564));
#5319 = ORIENTED_EDGE('',*,*,#5320,.T.);
#5320 = EDGE_CURVE('',#5313,#5321,#5323,.T.);
#5321 = VERTEX_POINT('',#5322);
#5322 = CARTESIAN_POINT('',(50.,5.266378995147,-6.015541659254));
#5323 = LINE('',#5324,#5325);
#5324 = CARTESIAN_POINT('',(50.,4.648493715408,-7.939102943151));
#5325 = VECTOR('',#5326,1.);
#5326 = DIRECTION('',(0.,0.305828709384,0.952086550959));
#5327 = ORIENTED_EDGE('',*,*,#5328,.T.);
#5328 = EDGE_CURVE('',#5321,#5255,#5329,.T.);
#5329 = LINE('',#5330,#5331);
#5330 = CARTESIAN_POINT('',(50.,5.266378995147,-6.015541659254));
#5331 = VECTOR('',#5332,1.);
#5332 = DIRECTION('',(0.,1.,-2.289171404007E-07));
#5333 = FACE_BOUND('',#5334,.T.);
#5334 = EDGE_LOOP('',(#5335,#5345,#5353,#5361,#5369,#5377,#5385,#5393));
#5335 = ORIENTED_EDGE('',*,*,#5336,.T.);
#5336 = EDGE_CURVE('',#5337,#5339,#5341,.T.);
#5337 = VERTEX_POINT('',#5338);
#5338 = CARTESIAN_POINT('',(50.,12.257892713598,-6.976543939383));
#5339 = VERTEX_POINT('',#5340);
#5340 = CARTESIAN_POINT('',(50.,12.554092911878,-7.860534154217));
#5341 = B_SPLINE_CURVE_WITH_KNOTS('',2,(#5342,#5343,#5344),
  .UNSPECIFIED.,.F.,.F.,(3,3),(0.,1.),.PIECEWISE_BEZIER_KNOTS.);
#5342 = CARTESIAN_POINT('',(50.,12.257892713598,-6.976543939383));
#5343 = CARTESIAN_POINT('',(50.,12.554768318166,-7.284018841092));
#5344 = CARTESIAN_POINT('',(50.,12.554092911878,-7.860534154217));
#5345 = ORIENTED_EDGE('',*,*,#5346,.T.);
#5346 = EDGE_CURVE('',#5339,#5347,#5349,.T.);
#5347 = VERTEX_POINT('',#5348);
#5348 = CARTESIAN_POINT('',(50.,12.242053562406,-8.738142141476));
#5349 = B_SPLINE_CURVE_WITH_KNOTS('',2,(#5350,#5351,#5352),
  .UNSPECIFIED.,.F.,.F.,(3,3),(0.,1.),.PIECEWISE_BEZIER_KNOTS.);
#5350 = CARTESIAN_POINT('',(50.,12.554092911878,-7.860534154217));
#5351 = CARTESIAN_POINT('',(50.,12.553437443783,-8.420030565109));
#5352 = CARTESIAN_POINT('',(50.,12.242053562406,-8.738142141476));
#5353 = ORIENTED_EDGE('',*,*,#5354,.T.);
#5354 = EDGE_CURVE('',#5347,#5355,#5357,.T.);
#5355 = VERTEX_POINT('',#5356);
#5356 = CARTESIAN_POINT('',(50.,11.381074540917,-9.05625359203));
#5357 = B_SPLINE_CURVE_WITH_KNOTS('',2,(#5358,#5359,#5360),
  .UNSPECIFIED.,.F.,.F.,(3,3),(0.,1.),.PIECEWISE_BEZIER_KNOTS.);
#5358 = CARTESIAN_POINT('',(50.,12.242053562406,-8.738142141476));
#5359 = CARTESIAN_POINT('',(50.,11.930669681029,-9.056253717842));
#5360 = CARTESIAN_POINT('',(50.,11.381074540917,-9.05625359203));
#5361 = ORIENTED_EDGE('',*,*,#5362,.T.);
#5362 = EDGE_CURVE('',#5355,#5363,#5365,.T.);
#5363 = VERTEX_POINT('',#5364);
#5364 = CARTESIAN_POINT('',(50.,10.535753534655,-8.737148981577));
#5365 = B_SPLINE_CURVE_WITH_KNOTS('',2,(#5366,#5367,#5368),
  .UNSPECIFIED.,.F.,.F.,(3,3),(0.,1.),.PIECEWISE_BEZIER_KNOTS.);
#5366 = CARTESIAN_POINT('',(50.,11.381074540917,-9.05625359203));
#5367 = CARTESIAN_POINT('',(50.,10.842130469412,-9.056253468657));
#5368 = CARTESIAN_POINT('',(50.,10.535753534655,-8.737148981577));
#5369 = ORIENTED_EDGE('',*,*,#5370,.T.);
#5370 = EDGE_CURVE('',#5363,#5371,#5373,.T.);
#5371 = VERTEX_POINT('',#5372);
#5372 = CARTESIAN_POINT('',(50.,10.23002974187,-7.860533622199));
#5373 = B_SPLINE_CURVE_WITH_KNOTS('',2,(#5374,#5375,#5376),
  .UNSPECIFIED.,.F.,.F.,(3,3),(0.,1.),.PIECEWISE_BEZIER_KNOTS.);
#5374 = CARTESIAN_POINT('',(50.,10.535753534655,-8.737148981577));
#5375 = CARTESIAN_POINT('',(50.,10.229376766049,-8.417902670312));
#5376 = CARTESIAN_POINT('',(50.,10.23002974187,-7.860533622199));
#5377 = ORIENTED_EDGE('',*,*,#5378,.T.);
#5378 = EDGE_CURVE('',#5371,#5379,#5381,.T.);
#5379 = VERTEX_POINT('',#5380);
#5380 = CARTESIAN_POINT('',(50.,10.53780367935,-6.987180359523));
#5381 = B_SPLINE_CURVE_WITH_KNOTS('',2,(#5382,#5383,#5384),
  .UNSPECIFIED.,.F.,.F.,(3,3),(0.,1.),.PIECEWISE_BEZIER_KNOTS.);
#5382 = CARTESIAN_POINT('',(50.,10.23002974187,-7.860533622199));
#5383 = CARTESIAN_POINT('',(50.,10.230680225416,-7.305291936864));
#5384 = CARTESIAN_POINT('',(50.,10.53780367935,-6.987180359523));
#5385 = ORIENTED_EDGE('',*,*,#5386,.T.);
#5386 = EDGE_CURVE('',#5379,#5387,#5389,.T.);
#5387 = VERTEX_POINT('',#5388);
#5388 = CARTESIAN_POINT('',(50.,11.396652487117,-6.669068908481));
#5389 = B_SPLINE_CURVE_WITH_KNOTS('',2,(#5390,#5391,#5392),
  .UNSPECIFIED.,.F.,.F.,(3,3),(0.,1.),.PIECEWISE_BEZIER_KNOTS.);
#5390 = CARTESIAN_POINT('',(50.,10.53780367935,-6.987180359523));
#5391 = CARTESIAN_POINT('',(50.,10.844927133284,-6.669068782181));
#5392 = CARTESIAN_POINT('',(50.,11.396652487117,-6.669068908481));
#5393 = ORIENTED_EDGE('',*,*,#5394,.T.);
#5394 = EDGE_CURVE('',#5387,#5337,#5395,.T.);
#5395 = B_SPLINE_CURVE_WITH_KNOTS('',2,(#5396,#5397,#5398),
  .UNSPECIFIED.,.F.,.F.,(3,3),(0.,1.),.PIECEWISE_BEZIER_KNOTS.);
#5396 = CARTESIAN_POINT('',(50.,11.396652487117,-6.669068908481));
#5397 = CARTESIAN_POINT('',(50.,11.961159123279,-6.669069037706));
#5398 = CARTESIAN_POINT('',(50.,12.257892713598,-6.976543939383));
#5399 = FACE_BOUND('',#5400,.T.);
#5400 = EDGE_LOOP('',(#5401,#5411,#5419,#5427,#5435,#5443,#5451,#5459,
    #5467,#5475,#5483,#5491,#5499,#5507,#5515,#5523,#5531,#5539,#5547));
#5401 = ORIENTED_EDGE('',*,*,#5402,.T.);
#5402 = EDGE_CURVE('',#5403,#5405,#5407,.T.);
#5403 = VERTEX_POINT('',#5404);
#5404 = CARTESIAN_POINT('',(50.,16.12596844223,-6.705376982541));
#5405 = VERTEX_POINT('',#5406);
#5406 = CARTESIAN_POINT('',(50.,15.518286784817,-9.01087079981));
#5407 = LINE('',#5408,#5409);
#5408 = CARTESIAN_POINT('',(50.,16.12596844223,-6.705376982541));
#5409 = VECTOR('',#5410,1.);
#5410 = DIRECTION('',(0.,-0.254874850702,-0.966974048504));
#5411 = ORIENTED_EDGE('',*,*,#5412,.T.);
#5412 = EDGE_CURVE('',#5405,#5413,#5415,.T.);
#5413 = VERTEX_POINT('',#5414);
#5414 = CARTESIAN_POINT('',(50.,14.885613309572,-9.01087065498));
#5415 = LINE('',#5416,#5417);
#5416 = CARTESIAN_POINT('',(50.,15.518286784817,-9.01087079981));
#5417 = VECTOR('',#5418,1.);
#5418 = DIRECTION('',(0.,-1.,2.289171411924E-07));
#5419 = ORIENTED_EDGE('',*,*,#5420,.T.);
#5420 = EDGE_CURVE('',#5413,#5421,#5423,.T.);
#5421 = VERTEX_POINT('',#5422);
#5422 = CARTESIAN_POINT('',(50.,14.520864607301,-7.604116477406));
#5423 = LINE('',#5424,#5425);
#5424 = CARTESIAN_POINT('',(50.,14.885613309572,-9.01087065498));
#5425 = VECTOR('',#5426,1.);
#5426 = DIRECTION('',(0.,-0.250984503824,0.967991104732));
#5427 = ORIENTED_EDGE('',*,*,#5428,.T.);
#5428 = EDGE_CURVE('',#5421,#5429,#5431,.T.);
#5429 = VERTEX_POINT('',#5430);
#5430 = CARTESIAN_POINT('',(50.,14.421299010314,-7.130849148239));
#5431 = B_SPLINE_CURVE_WITH_KNOTS('',2,(#5432,#5433,#5434),
  .UNSPECIFIED.,.F.,.F.,(3,3),(0.,1.),.PIECEWISE_BEZIER_KNOTS.);
#5432 = CARTESIAN_POINT('',(50.,14.520864607301,-7.604116477406));
#5433 = CARTESIAN_POINT('',(50.,14.495414527283,-7.508101498127));
#5434 = CARTESIAN_POINT('',(50.,14.421299010314,-7.130849148239));
#5435 = ORIENTED_EDGE('',*,*,#5436,.T.);
#5436 = EDGE_CURVE('',#5429,#5437,#5439,.T.);
#5437 = VERTEX_POINT('',#5438);
#5438 = CARTESIAN_POINT('',(50.,14.309968464338,-7.608371154688));
#5439 = LINE('',#5440,#5441);
#5440 = CARTESIAN_POINT('',(50.,14.421299010314,-7.130849148239));
#5441 = VECTOR('',#5442,1.);
#5442 = DIRECTION('',(0.,-0.227053110294,-0.973882377449));
#5443 = ORIENTED_EDGE('',*,*,#5444,.T.);
#5444 = EDGE_CURVE('',#5437,#5445,#5447,.T.);
#5445 = VERTEX_POINT('',#5446);
#5446 = CARTESIAN_POINT('',(50.,13.937668203565,-9.010870437979));
#5447 = LINE('',#5448,#5449);
#5448 = CARTESIAN_POINT('',(50.,14.309968464338,-7.608371154688));
#5449 = VECTOR('',#5450,1.);
#5450 = DIRECTION('',(0.,-0.256569008212,-0.966525914823));
#5451 = ORIENTED_EDGE('',*,*,#5452,.T.);
#5452 = EDGE_CURVE('',#5445,#5453,#5455,.T.);
#5453 = VERTEX_POINT('',#5454);
#5454 = CARTESIAN_POINT('',(50.,13.30499472832,-9.01087029315));
#5455 = LINE('',#5456,#5457);
#5456 = CARTESIAN_POINT('',(50.,13.937668203565,-9.010870437979));
#5457 = VECTOR('',#5458,1.);
#5458 = DIRECTION('',(0.,-1.,2.289171411924E-07));
#5459 = ORIENTED_EDGE('',*,*,#5460,.T.);
#5460 = EDGE_CURVE('',#5453,#5461,#5463,.T.);
#5461 = VERTEX_POINT('',#5462);
#5462 = CARTESIAN_POINT('',(50.,12.711235846884,-6.70537620085));
#5463 = LINE('',#5464,#5465);
#5464 = CARTESIAN_POINT('',(50.,13.30499472832,-9.01087029315));
#5465 = VECTOR('',#5466,1.);
#5466 = DIRECTION('',(0.,-0.249402524093,0.968399907567));
#5467 = ORIENTED_EDGE('',*,*,#5468,.T.);
#5468 = EDGE_CURVE('',#5461,#5469,#5471,.T.);
#5469 = VERTEX_POINT('',#5470);
#5470 = CARTESIAN_POINT('',(50.,13.273612269324,-6.705376329588));
#5471 = LINE('',#5472,#5473);
#5472 = CARTESIAN_POINT('',(50.,12.711235846884,-6.70537620085));
#5473 = VECTOR('',#5474,1.);
#5474 = DIRECTION('',(0.,1.,-2.289171410169E-07));
#5475 = ORIENTED_EDGE('',*,*,#5476,.T.);
#5476 = EDGE_CURVE('',#5469,#5477,#5479,.T.);
#5477 = VERTEX_POINT('',#5478);
#5478 = CARTESIAN_POINT('',(50.,13.650724881083,-8.468392863488));
#5479 = LINE('',#5480,#5481);
#5480 = CARTESIAN_POINT('',(50.,13.273612269324,-6.705376329588));
#5481 = VECTOR('',#5482,1.);
#5482 = DIRECTION('',(0.,0.209170241724,-0.977879240999));
#5483 = ORIENTED_EDGE('',*,*,#5484,.T.);
#5484 = EDGE_CURVE('',#5477,#5485,#5487,.T.);
#5485 = VERTEX_POINT('',#5486);
#5486 = CARTESIAN_POINT('',(50.,13.680732633771,-8.310684376294));
#5487 = LINE('',#5488,#5489);
#5488 = CARTESIAN_POINT('',(50.,13.650724881083,-8.468392863488));
#5489 = VECTOR('',#5490,1.);
#5490 = DIRECTION('',(0.,0.186919998711,0.982375139182));
#5491 = ORIENTED_EDGE('',*,*,#5492,.T.);
#5492 = EDGE_CURVE('',#5485,#5493,#5495,.T.);
#5493 = VERTEX_POINT('',#5494);
#5494 = CARTESIAN_POINT('',(50.,13.734280237484,-8.061215646594));
#5495 = LINE('',#5496,#5497);
#5496 = CARTESIAN_POINT('',(50.,13.680732633771,-8.310684376294));
#5497 = VECTOR('',#5498,1.);
#5498 = DIRECTION('',(0.,0.209866393224,0.977730073689));
#5499 = ORIENTED_EDGE('',*,*,#5500,.T.);
#5500 = EDGE_CURVE('',#5493,#5501,#5503,.T.);
#5501 = VERTEX_POINT('',#5502);
#5502 = CARTESIAN_POINT('',(50.,14.098004979492,-6.705376518306));
#5503 = LINE('',#5504,#5505);
#5504 = CARTESIAN_POINT('',(50.,13.734280237484,-8.061215646594));
#5505 = VECTOR('',#5506,1.);
#5506 = DIRECTION('',(0.,0.259103994805,0.965849429195));
#5507 = ORIENTED_EDGE('',*,*,#5508,.T.);
#5508 = EDGE_CURVE('',#5501,#5509,#5511,.T.);
#5509 = VERTEX_POINT('',#5510);
#5510 = CARTESIAN_POINT('',(50.,14.739199309622,-6.705376665086));
#5511 = LINE('',#5512,#5513);
#5512 = CARTESIAN_POINT('',(50.,14.098004979492,-6.705376518306));
#5513 = VECTOR('',#5514,1.);
#5514 = DIRECTION('',(0.,1.,-2.289171394061E-07));
#5515 = ORIENTED_EDGE('',*,*,#5516,.T.);
#5516 = EDGE_CURVE('',#5509,#5517,#5519,.T.);
#5517 = VERTEX_POINT('',#5518);
#5518 = CARTESIAN_POINT('',(50.,15.091226377993,-8.061215957222));
#5519 = LINE('',#5520,#5521);
#5520 = CARTESIAN_POINT('',(50.,14.739199309622,-6.705376665086));
#5521 = VECTOR('',#5522,1.);
#5522 = DIRECTION('',(0.,0.251305417547,-0.967907840195));
#5523 = ORIENTED_EDGE('',*,*,#5524,.T.);
#5524 = EDGE_CURVE('',#5517,#5525,#5527,.T.);
#5525 = VERTEX_POINT('',#5526);
#5526 = CARTESIAN_POINT('',(50.,15.178088119301,-8.468393213127));
#5527 = B_SPLINE_CURVE_WITH_KNOTS('',2,(#5528,#5529,#5530),
  .UNSPECIFIED.,.F.,.F.,(3,3),(0.,1.),.PIECEWISE_BEZIER_KNOTS.);
#5528 = CARTESIAN_POINT('',(50.,15.091226377993,-8.061215957222));
#5529 = CARTESIAN_POINT('',(50.,15.120919439534,-8.172122476931));
#5530 = CARTESIAN_POINT('',(50.,15.178088119301,-8.468393213127));
#5531 = ORIENTED_EDGE('',*,*,#5532,.T.);
#5532 = EDGE_CURVE('',#5525,#5533,#5535,.T.);
#5533 = VERTEX_POINT('',#5534);
#5534 = CARTESIAN_POINT('',(50.,15.23806374829,-8.187014043204));
#5535 = LINE('',#5536,#5537);
#5536 = CARTESIAN_POINT('',(50.,15.178088119301,-8.468393213127));
#5537 = VECTOR('',#5538,1.);
#5538 = DIRECTION('',(0.,0.208465834319,0.978029649817));
#5539 = ORIENTED_EDGE('',*,*,#5540,.T.);
#5540 = EDGE_CURVE('',#5533,#5541,#5543,.T.);
#5541 = VERTEX_POINT('',#5542);
#5542 = CARTESIAN_POINT('',(50.,15.572112874676,-6.705376855754));
#5543 = LINE('',#5544,#5545);
#5544 = CARTESIAN_POINT('',(50.,15.23806374829,-8.187014043204));
#5545 = VECTOR('',#5546,1.);
#5546 = DIRECTION('',(0.,0.219938790279,0.975513674189));
#5547 = ORIENTED_EDGE('',*,*,#5548,.T.);
#5548 = EDGE_CURVE('',#5541,#5403,#5549,.T.);
#5549 = LINE('',#5550,#5551);
#5550 = CARTESIAN_POINT('',(50.,15.572112874676,-6.705376855754));
#5551 = VECTOR('',#5552,1.);
#5552 = DIRECTION('',(0.,1.,-2.289171398749E-07));
#5553 = FACE_BOUND('',#5554,.T.);
#5554 = EDGE_LOOP('',(#5555,#5565,#5573,#5581,#5589,#5597,#5605,#5613,
    #5621,#5629));
#5555 = ORIENTED_EDGE('',*,*,#5556,.T.);
#5556 = EDGE_CURVE('',#5557,#5559,#5561,.T.);
#5557 = VERTEX_POINT('',#5558);
#5558 = CARTESIAN_POINT('',(50.,9.622943679317,-6.263451332466));
#5559 = VERTEX_POINT('',#5560);
#5560 = CARTESIAN_POINT('',(50.,9.912967738159,-6.964346522653));
#5561 = B_SPLINE_CURVE_WITH_KNOTS('',2,(#5562,#5563,#5564),
  .UNSPECIFIED.,.F.,.F.,(3,3),(0.,1.),.PIECEWISE_BEZIER_KNOTS.);
#5562 = CARTESIAN_POINT('',(50.,9.622943679317,-6.263451332466));
#5563 = CARTESIAN_POINT('',(50.,9.913498592548,-6.511218250713));
#5564 = CARTESIAN_POINT('',(50.,9.912967738159,-6.964346522653));
#5565 = ORIENTED_EDGE('',*,*,#5566,.T.);
#5566 = EDGE_CURVE('',#5559,#5567,#5569,.T.);
#5567 = VERTEX_POINT('',#5568);
#5568 = CARTESIAN_POINT('',(50.,9.78028869867,-7.481437471915));
#5569 = B_SPLINE_CURVE_WITH_KNOTS('',2,(#5570,#5571,#5572),
  .UNSPECIFIED.,.F.,.F.,(3,3),(0.,1.),.PIECEWISE_BEZIER_KNOTS.);
#5570 = CARTESIAN_POINT('',(50.,9.912967738159,-6.964346522653));
#5571 = CARTESIAN_POINT('',(50.,9.912628622726,-7.25380968479));
#5572 = CARTESIAN_POINT('',(50.,9.78028869867,-7.481437471915));
#5573 = ORIENTED_EDGE('',*,*,#5574,.T.);
#5574 = EDGE_CURVE('',#5567,#5575,#5577,.T.);
#5575 = VERTEX_POINT('',#5576);
#5576 = CARTESIAN_POINT('',(50.,9.401692201561,-7.83358683737));
#5577 = B_SPLINE_CURVE_WITH_KNOTS('',2,(#5578,#5579,#5580),
  .UNSPECIFIED.,.F.,.F.,(3,3),(0.,1.),.PIECEWISE_BEZIER_KNOTS.);
#5578 = CARTESIAN_POINT('',(50.,9.78028869867,-7.481437471915));
#5579 = CARTESIAN_POINT('',(50.,9.647948774614,-7.709065259041));
#5580 = CARTESIAN_POINT('',(50.,9.401692201561,-7.83358683737));
#5581 = ORIENTED_EDGE('',*,*,#5582,.T.);
#5582 = EDGE_CURVE('',#5575,#5583,#5585,.T.);
#5583 = VERTEX_POINT('',#5584);
#5584 = CARTESIAN_POINT('',(50.,8.81687382721,-7.95796651401));
#5585 = B_SPLINE_CURVE_WITH_KNOTS('',2,(#5586,#5587,#5588),
  .UNSPECIFIED.,.F.,.F.,(3,3),(0.,1.),.PIECEWISE_BEZIER_KNOTS.);
#5586 = CARTESIAN_POINT('',(50.,9.401692201561,-7.83358683737));
#5587 = CARTESIAN_POINT('',(50.,9.155577808907,-7.957966591545));
#5588 = CARTESIAN_POINT('',(50.,8.81687382721,-7.95796651401));
#5589 = ORIENTED_EDGE('',*,*,#5590,.T.);
#5590 = EDGE_CURVE('',#5583,#5591,#5593,.T.);
#5591 = VERTEX_POINT('',#5592);
#5592 = CARTESIAN_POINT('',(50.,8.071299024732,-7.957966343335));
#5593 = LINE('',#5594,#5595);
#5594 = CARTESIAN_POINT('',(50.,8.81687382721,-7.95796651401));
#5595 = VECTOR('',#5596,1.);
#5596 = DIRECTION('',(0.,-1.,2.289171407913E-07));
#5597 = ORIENTED_EDGE('',*,*,#5598,.T.);
#5598 = EDGE_CURVE('',#5591,#5599,#5601,.T.);
#5599 = VERTEX_POINT('',#5600);
#5600 = CARTESIAN_POINT('',(50.,8.070065515192,-9.010869094785));
#5601 = LINE('',#5602,#5603);
#5602 = CARTESIAN_POINT('',(50.,8.071299024732,-7.957966343335));
#5603 = VECTOR('',#5604,1.);
#5604 = DIRECTION('',(0.,-1.171531456477E-03,-0.999999313757));
#5605 = ORIENTED_EDGE('',*,*,#5606,.T.);
#5606 = EDGE_CURVE('',#5599,#5607,#5609,.T.);
#5607 = VERTEX_POINT('',#5608);
#5608 = CARTESIAN_POINT('',(50.,7.441652467389,-9.01086895093));
#5609 = LINE('',#5610,#5611);
#5610 = CARTESIAN_POINT('',(50.,8.070065515192,-9.010869094785));
#5611 = VECTOR('',#5612,1.);
#5612 = DIRECTION('',(0.,-1.,2.289171399836E-07));
#5613 = ORIENTED_EDGE('',*,*,#5614,.T.);
#5614 = EDGE_CURVE('',#5607,#5615,#5617,.T.);
#5615 = VERTEX_POINT('',#5616);
#5616 = CARTESIAN_POINT('',(50.,7.445161589358,-6.015542158014));
#5617 = LINE('',#5618,#5619);
#5618 = CARTESIAN_POINT('',(50.,7.441652467389,-9.01086895093));
#5619 = VECTOR('',#5620,1.);
#5620 = DIRECTION('',(0.,1.171531456477E-03,0.999999313757));
#5621 = ORIENTED_EDGE('',*,*,#5622,.T.);
#5622 = EDGE_CURVE('',#5615,#5623,#5625,.T.);
#5623 = VERTEX_POINT('',#5624);
#5624 = CARTESIAN_POINT('',(50.,8.793586874981,-6.015542466692));
#5625 = LINE('',#5626,#5627);
#5626 = CARTESIAN_POINT('',(50.,7.445161589358,-6.015542158014));
#5627 = VECTOR('',#5628,1.);
#5628 = DIRECTION('',(0.,1.,-2.289171403208E-07));
#5629 = ORIENTED_EDGE('',*,*,#5630,.T.);
#5630 = EDGE_CURVE('',#5623,#5557,#5631,.T.);
#5631 = B_SPLINE_CURVE_WITH_KNOTS('',2,(#5632,#5633,#5634),
  .UNSPECIFIED.,.F.,.F.,(3,3),(0.,1.),.PIECEWISE_BEZIER_KNOTS.);
#5632 = CARTESIAN_POINT('',(50.,8.793586874981,-6.015542466692));
#5633 = CARTESIAN_POINT('',(50.,9.332530946486,-6.015542590066));
#5634 = CARTESIAN_POINT('',(50.,9.622943679317,-6.263451332466));
#5635 = FACE_BOUND('',#5636,.T.);
#5636 = EDGE_LOOP('',(#5637,#5638,#5639,#5640,#5641,#5642,#5643,#5644));
#5637 = ORIENTED_EDGE('',*,*,#4435,.F.);
#5638 = ORIENTED_EDGE('',*,*,#4388,.F.);
#5639 = ORIENTED_EDGE('',*,*,#4341,.F.);
#5640 = ORIENTED_EDGE('',*,*,#4364,.F.);
#5641 = ORIENTED_EDGE('',*,*,#4412,.F.);
#5642 = ORIENTED_EDGE('',*,*,#4458,.F.);
#5643 = ORIENTED_EDGE('',*,*,#4500,.F.);
#5644 = ORIENTED_EDGE('',*,*,#4482,.F.);
#5645 = FACE_BOUND('',#5646,.T.);
#5646 = EDGE_LOOP('',(#5647,#5657,#5665,#5673,#5681,#5689,#5697,#5705,
    #5713,#5721,#5729,#5737,#5745));
#5647 = ORIENTED_EDGE('',*,*,#5648,.T.);
#5648 = EDGE_CURVE('',#5649,#5651,#5653,.T.);
#5649 = VERTEX_POINT('',#5650);
#5650 = CARTESIAN_POINT('',(50.,18.355271917039,-8.433363366668));
#5651 = VERTEX_POINT('',#5652);
#5652 = CARTESIAN_POINT('',(50.,17.359732371298,-9.056254960647));
#5653 = B_SPLINE_CURVE_WITH_KNOTS('',2,(#5654,#5655,#5656),
  .UNSPECIFIED.,.F.,.F.,(3,3),(0.,1.),.PIECEWISE_BEZIER_KNOTS.);
#5654 = CARTESIAN_POINT('',(50.,18.355271917039,-8.433363366668));
#5655 = CARTESIAN_POINT('',(50.,18.109567601218,-9.056255132298));
#5656 = CARTESIAN_POINT('',(50.,17.359732371298,-9.056254960647));
#5657 = ORIENTED_EDGE('',*,*,#5658,.T.);
#5658 = EDGE_CURVE('',#5651,#5659,#5661,.T.);
#5659 = VERTEX_POINT('',#5660);
#5660 = CARTESIAN_POINT('',(50.,16.561262442473,-8.748779944115));
#5661 = B_SPLINE_CURVE_WITH_KNOTS('',2,(#5662,#5663,#5664),
  .UNSPECIFIED.,.F.,.F.,(3,3),(0.,1.),.PIECEWISE_BEZIER_KNOTS.);
#5662 = CARTESIAN_POINT('',(50.,17.359732371298,-9.056254960647));
#5663 = CARTESIAN_POINT('',(50.,16.839960223285,-9.056254841663));
#5664 = CARTESIAN_POINT('',(50.,16.561262442473,-8.748779944115));
#5665 = ORIENTED_EDGE('',*,*,#5666,.T.);
#5666 = EDGE_CURVE('',#5659,#5667,#5669,.T.);
#5667 = VERTEX_POINT('',#5668);
#5668 = CARTESIAN_POINT('',(50.,16.283255021594,-7.852025556767));
#5669 = B_SPLINE_CURVE_WITH_KNOTS('',2,(#5670,#5671,#5672),
  .UNSPECIFIED.,.F.,.F.,(3,3),(0.,1.),.PIECEWISE_BEZIER_KNOTS.);
#5670 = CARTESIAN_POINT('',(50.,16.561262442473,-8.748779944115));
#5671 = CARTESIAN_POINT('',(50.,16.282564661662,-8.441305046567));
#5672 = CARTESIAN_POINT('',(50.,16.283255021594,-7.852025556767));
#5673 = ORIENTED_EDGE('',*,*,#5674,.T.);
#5674 = EDGE_CURVE('',#5667,#5675,#5677,.T.);
#5675 = VERTEX_POINT('',#5676);
#5676 = CARTESIAN_POINT('',(50.,16.567600263475,-6.975552156651));
#5677 = B_SPLINE_CURVE_WITH_KNOTS('',2,(#5678,#5679,#5680),
  .UNSPECIFIED.,.F.,.F.,(3,3),(0.,1.),.PIECEWISE_BEZIER_KNOTS.);
#5678 = CARTESIAN_POINT('',(50.,16.283255021594,-7.852025556767));
#5679 = CARTESIAN_POINT('',(50.,16.28392295106,-7.281892331979));
#5680 = CARTESIAN_POINT('',(50.,16.567600263475,-6.975552156651));
#5681 = ORIENTED_EDGE('',*,*,#5682,.T.);
#5682 = EDGE_CURVE('',#5675,#5683,#5685,.T.);
#5683 = VERTEX_POINT('',#5684);
#5684 = CARTESIAN_POINT('',(50.,17.371049890055,-6.669070276123));
#5685 = B_SPLINE_CURVE_WITH_KNOTS('',2,(#5686,#5687,#5688),
  .UNSPECIFIED.,.F.,.F.,(3,3),(0.,1.),.PIECEWISE_BEZIER_KNOTS.);
#5686 = CARTESIAN_POINT('',(50.,16.567600263475,-6.975552156651));
#5687 = CARTESIAN_POINT('',(50.,16.851277742042,-6.669070157138));
#5688 = CARTESIAN_POINT('',(50.,17.371049890055,-6.669070276123));
#5689 = ORIENTED_EDGE('',*,*,#5690,.T.);
#5690 = EDGE_CURVE('',#5683,#5691,#5693,.T.);
#5691 = VERTEX_POINT('',#5692);
#5692 = CARTESIAN_POINT('',(50.,18.129020503129,-6.998102559551));
#5693 = B_SPLINE_CURVE_WITH_KNOTS('',2,(#5694,#5695,#5696),
  .UNSPECIFIED.,.F.,.F.,(3,3),(0.,1.),.PIECEWISE_BEZIER_KNOTS.);
#5694 = CARTESIAN_POINT('',(50.,17.371049890055,-6.669070276123));
#5695 = CARTESIAN_POINT('',(50.,17.867389687133,-6.669070389743));
#5696 = CARTESIAN_POINT('',(50.,18.129020503129,-6.998102559551));
#5697 = ORIENTED_EDGE('',*,*,#5698,.T.);
#5698 = EDGE_CURVE('',#5691,#5699,#5701,.T.);
#5699 = VERTEX_POINT('',#5700);
#5700 = CARTESIAN_POINT('',(50.,18.389908289133,-7.961372485889));
#5701 = B_SPLINE_CURVE_WITH_KNOTS('',2,(#5702,#5703,#5704),
  .UNSPECIFIED.,.F.,.F.,(3,3),(0.,1.),.PIECEWISE_BEZIER_KNOTS.);
#5702 = CARTESIAN_POINT('',(50.,18.129020503129,-6.998102559551));
#5703 = CARTESIAN_POINT('',(50.,18.390651485277,-7.326992905174));
#5704 = CARTESIAN_POINT('',(50.,18.389908289133,-7.961372485889));
#5705 = ORIENTED_EDGE('',*,*,#5706,.T.);
#5706 = EDGE_CURVE('',#5699,#5707,#5709,.T.);
#5707 = VERTEX_POINT('',#5708);
#5708 = CARTESIAN_POINT('',(50.,18.38988835094,-7.978391388122));
#5709 = LINE('',#5710,#5711);
#5710 = CARTESIAN_POINT('',(50.,18.389908289133,-7.961372485889));
#5711 = VECTOR('',#5712,1.);
#5712 = DIRECTION('',(0.,-1.17153145647E-03,-0.999999313757));
#5713 = ORIENTED_EDGE('',*,*,#5714,.T.);
#5714 = EDGE_CURVE('',#5707,#5715,#5717,.T.);
#5715 = VERTEX_POINT('',#5716);
#5716 = CARTESIAN_POINT('',(50.,16.911520028314,-7.978391049698));
#5717 = LINE('',#5718,#5719);
#5718 = CARTESIAN_POINT('',(50.,18.38988835094,-7.978391388122));
#5719 = VECTOR('',#5720,1.);
#5720 = DIRECTION('',(0.,-1.,2.28917140448E-07));
#5721 = ORIENTED_EDGE('',*,*,#5722,.T.);
#5722 = EDGE_CURVE('',#5715,#5723,#5725,.T.);
#5723 = VERTEX_POINT('',#5724);
#5724 = CARTESIAN_POINT('',(50.,17.035472698041,-8.485270716366));
#5725 = B_SPLINE_CURVE_WITH_KNOTS('',2,(#5726,#5727,#5728),
  .UNSPECIFIED.,.F.,.F.,(3,3),(0.,1.),.PIECEWISE_BEZIER_KNOTS.);
#5726 = CARTESIAN_POINT('',(50.,16.911520028314,-7.978391049698));
#5727 = CARTESIAN_POINT('',(50.,16.911126581305,-8.314230720419));
#5728 = CARTESIAN_POINT('',(50.,17.035472698041,-8.485270716366));
#5729 = ORIENTED_EDGE('',*,*,#5730,.T.);
#5730 = EDGE_CURVE('',#5723,#5731,#5733,.T.);
#5731 = VERTEX_POINT('',#5732);
#5732 = CARTESIAN_POINT('',(50.,17.390023910933,-8.656310765011));
#5733 = B_SPLINE_CURVE_WITH_KNOTS('',2,(#5734,#5735,#5736),
  .UNSPECIFIED.,.F.,.F.,(3,3),(0.,1.),.PIECEWISE_BEZIER_KNOTS.);
#5734 = CARTESIAN_POINT('',(50.,17.035472698041,-8.485270716366));
#5735 = CARTESIAN_POINT('',(50.,17.159960829025,-8.656310712346));
#5736 = CARTESIAN_POINT('',(50.,17.390023910933,-8.656310765011));
#5737 = ORIENTED_EDGE('',*,*,#5738,.T.);
#5738 = EDGE_CURVE('',#5731,#5739,#5741,.T.);
#5739 = VERTEX_POINT('',#5740);
#5740 = CARTESIAN_POINT('',(50.,17.790822437031,-8.384575717709));
#5741 = B_SPLINE_CURVE_WITH_KNOTS('',2,(#5742,#5743,#5744),
  .UNSPECIFIED.,.F.,.F.,(3,3),(0.,1.),.PIECEWISE_BEZIER_KNOTS.);
#5742 = CARTESIAN_POINT('',(50.,17.390023910933,-8.656310765011));
#5743 = CARTESIAN_POINT('',(50.,17.707425755416,-8.65631083767));
#5744 = CARTESIAN_POINT('',(50.,17.790822437031,-8.384575717709));
#5745 = ORIENTED_EDGE('',*,*,#5746,.T.);
#5746 = EDGE_CURVE('',#5739,#5649,#5747,.T.);
#5747 = LINE('',#5748,#5749);
#5748 = CARTESIAN_POINT('',(50.,17.790822437031,-8.384575717709));
#5749 = VECTOR('',#5750,1.);
#5750 = DIRECTION('',(0.,0.996285378965,-8.611297034157E-02));
#5751 = FACE_BOUND('',#5752,.T.);
#5752 = EDGE_LOOP('',(#5753,#5763,#5771,#5779,#5787,#5795,#5803,#5811,
    #5819,#5827,#5835,#5843,#5851,#5859,#5867,#5875,#5883));
#5753 = ORIENTED_EDGE('',*,*,#5754,.T.);
#5754 = EDGE_CURVE('',#5755,#5757,#5759,.T.);
#5755 = VERTEX_POINT('',#5756);
#5756 = CARTESIAN_POINT('',(50.,19.44143038833,-9.010871697885));
#5757 = VERTEX_POINT('',#5758);
#5758 = CARTESIAN_POINT('',(50.,18.842840332626,-9.010871560857));
#5759 = LINE('',#5760,#5761);
#5760 = CARTESIAN_POINT('',(50.,19.44143038833,-9.010871697885));
#5761 = VECTOR('',#5762,1.);
#5762 = DIRECTION('',(0.,-1.,2.28917142911E-07));
#5763 = ORIENTED_EDGE('',*,*,#5764,.T.);
#5764 = EDGE_CURVE('',#5757,#5765,#5767,.T.);
#5765 = VERTEX_POINT('',#5766);
#5766 = CARTESIAN_POINT('',(50.,18.844907258634,-7.246578696091));
#5767 = LINE('',#5768,#5769);
#5768 = CARTESIAN_POINT('',(50.,18.842840332626,-9.010871560857));
#5769 = VECTOR('',#5770,1.);
#5770 = DIRECTION('',(0.,1.171531456478E-03,0.999999313757));
#5771 = ORIENTED_EDGE('',*,*,#5772,.T.);
#5772 = EDGE_CURVE('',#5765,#5773,#5775,.T.);
#5773 = VERTEX_POINT('',#5774);
#5774 = CARTESIAN_POINT('',(50.,18.839881401445,-6.930168937517));
#5775 = B_SPLINE_CURVE_WITH_KNOTS('',2,(#5776,#5777,#5778),
  .UNSPECIFIED.,.F.,.F.,(3,3),(0.,1.),.PIECEWISE_BEZIER_KNOTS.);
#5776 = CARTESIAN_POINT('',(50.,18.844907258634,-7.246578696091));
#5777 = CARTESIAN_POINT('',(50.,18.845129403335,-7.056959760384));
#5778 = CARTESIAN_POINT('',(50.,18.839881401445,-6.930168937517));
#5779 = ORIENTED_EDGE('',*,*,#5780,.T.);
#5780 = EDGE_CURVE('',#5773,#5781,#5783,.T.);
#5781 = VERTEX_POINT('',#5782);
#5782 = CARTESIAN_POINT('',(50.,18.828499583401,-6.705377601197));
#5783 = B_SPLINE_CURVE_WITH_KNOTS('',2,(#5784,#5785,#5786),
  .UNSPECIFIED.,.F.,.F.,(3,3),(0.,1.),.PIECEWISE_BEZIER_KNOTS.);
#5784 = CARTESIAN_POINT('',(50.,18.839881401445,-6.930168937517));
#5785 = CARTESIAN_POINT('',(50.,18.834775413803,-6.803378114682));
#5786 = CARTESIAN_POINT('',(50.,18.828499583401,-6.705377601197));
#5787 = ORIENTED_EDGE('',*,*,#5788,.T.);
#5788 = EDGE_CURVE('',#5781,#5789,#5791,.T.);
#5789 = VERTEX_POINT('',#5790);
#5790 = CARTESIAN_POINT('',(50.,19.399396860726,-6.705377731885));
#5791 = LINE('',#5792,#5793);
#5792 = CARTESIAN_POINT('',(50.,18.828499583401,-6.705377601197));
#5793 = VECTOR('',#5794,1.);
#5794 = DIRECTION('',(0.,1.,-2.28917140569E-07));
#5795 = ORIENTED_EDGE('',*,*,#5796,.T.);
#5796 = EDGE_CURVE('',#5789,#5797,#5799,.T.);
#5797 = VERTEX_POINT('',#5798);
#5798 = CARTESIAN_POINT('',(50.,19.416165915708,-6.938111223815));
#5799 = B_SPLINE_CURVE_WITH_KNOTS('',2,(#5800,#5801,#5802),
  .UNSPECIFIED.,.F.,.F.,(3,3),(0.,1.),.PIECEWISE_BEZIER_KNOTS.);
#5800 = CARTESIAN_POINT('',(50.,19.399396860726,-6.705377731885));
#5801 = CARTESIAN_POINT('',(50.,19.405742640956,-6.743670263371));
#5802 = CARTESIAN_POINT('',(50.,19.416165915708,-6.938111223815));
#5803 = ORIENTED_EDGE('',*,*,#5804,.T.);
#5804 = EDGE_CURVE('',#5797,#5805,#5807,.T.);
#5805 = VERTEX_POINT('',#5806);
#5806 = CARTESIAN_POINT('',(50.,19.426514754539,-7.196089419261));
#5807 = B_SPLINE_CURVE_WITH_KNOTS('',2,(#5808,#5809,#5810),
  .UNSPECIFIED.,.F.,.F.,(3,3),(0.,1.),.PIECEWISE_BEZIER_KNOTS.);
#5808 = CARTESIAN_POINT('',(50.,19.416165915708,-6.938111223815));
#5809 = CARTESIAN_POINT('',(50.,19.426589356611,-7.132410360074));
#5810 = CARTESIAN_POINT('',(50.,19.426514754539,-7.196089419261));
#5811 = ORIENTED_EDGE('',*,*,#5812,.T.);
#5812 = EDGE_CURVE('',#5805,#5813,#5815,.T.);
#5813 = VERTEX_POINT('',#5814);
#5814 = CARTESIAN_POINT('',(50.,19.435035609425,-7.196089421211));
#5815 = LINE('',#5816,#5817);
#5816 = CARTESIAN_POINT('',(50.,19.426514754539,-7.196089419261));
#5817 = VECTOR('',#5818,1.);
#5818 = DIRECTION('',(0.,1.,-2.289171110096E-07));
#5819 = ORIENTED_EDGE('',*,*,#5820,.T.);
#5820 = EDGE_CURVE('',#5813,#5821,#5823,.T.);
#5821 = VERTEX_POINT('',#5822);
#5822 = CARTESIAN_POINT('',(50.,19.590941138006,-6.854718642863));
#5823 = B_SPLINE_CURVE_WITH_KNOTS('',2,(#5824,#5825,#5826),
  .UNSPECIFIED.,.F.,.F.,(3,3),(0.,1.),.PIECEWISE_BEZIER_KNOTS.);
#5824 = CARTESIAN_POINT('',(50.,19.435035609425,-7.196089421211));
#5825 = CARTESIAN_POINT('',(50.,19.522658491251,-6.953570084392));
#5826 = CARTESIAN_POINT('',(50.,19.590941138006,-6.854718642863));
#5827 = ORIENTED_EDGE('',*,*,#5828,.T.);
#5828 = EDGE_CURVE('',#5821,#5829,#5831,.T.);
#5829 = VERTEX_POINT('',#5830);
#5830 = CARTESIAN_POINT('',(50.,19.753009347744,-6.707930648169));
#5831 = B_SPLINE_CURVE_WITH_KNOTS('',2,(#5832,#5833,#5834),
  .UNSPECIFIED.,.F.,.F.,(3,3),(0.,1.),.PIECEWISE_BEZIER_KNOTS.);
#5832 = CARTESIAN_POINT('',(50.,19.590941138006,-6.854718642863));
#5833 = CARTESIAN_POINT('',(50.,19.659223950912,-6.755725377149));
#5834 = CARTESIAN_POINT('',(50.,19.753009347744,-6.707930648169));
#5835 = ORIENTED_EDGE('',*,*,#5836,.T.);
#5836 = EDGE_CURVE('',#5829,#5837,#5839,.T.);
#5837 = VERTEX_POINT('',#5838);
#5838 = CARTESIAN_POINT('',(50.,19.987389016337,-6.659994127188));
#5839 = B_SPLINE_CURVE_WITH_KNOTS('',2,(#5840,#5841,#5842),
  .UNSPECIFIED.,.F.,.F.,(3,3),(0.,1.),.PIECEWISE_BEZIER_KNOTS.);
#5840 = CARTESIAN_POINT('',(50.,19.753009347744,-6.707930648169));
#5841 = CARTESIAN_POINT('',(50.,19.846794910727,-6.659994095003));
#5842 = CARTESIAN_POINT('',(50.,19.987389016337,-6.659994127188));
#5843 = ORIENTED_EDGE('',*,*,#5844,.T.);
#5844 = EDGE_CURVE('',#5837,#5845,#5847,.T.);
#5845 = VERTEX_POINT('',#5846);
#5846 = CARTESIAN_POINT('',(50.,20.172680225984,-6.691904611299));
#5847 = B_SPLINE_CURVE_WITH_KNOTS('',2,(#5848,#5849,#5850),
  .UNSPECIFIED.,.F.,.F.,(3,3),(0.,1.),.PIECEWISE_BEZIER_KNOTS.);
#5848 = CARTESIAN_POINT('',(50.,19.987389016337,-6.659994127188));
#5849 = CARTESIAN_POINT('',(50.,20.102420557291,-6.659994153521));
#5850 = CARTESIAN_POINT('',(50.,20.172680225984,-6.691904611299));
#5851 = ORIENTED_EDGE('',*,*,#5852,.T.);
#5852 = EDGE_CURVE('',#5845,#5853,#5855,.T.);
#5853 = VERTEX_POINT('',#5854);
#5854 = CARTESIAN_POINT('',(50.,20.172094541565,-7.191834864378));
#5855 = LINE('',#5856,#5857);
#5856 = CARTESIAN_POINT('',(50.,20.172680225984,-6.691904611299));
#5857 = VECTOR('',#5858,1.);
#5858 = DIRECTION('',(0.,-1.171531456477E-03,-0.999999313757));
#5859 = ORIENTED_EDGE('',*,*,#5860,.T.);
#5860 = EDGE_CURVE('',#5853,#5861,#5863,.T.);
#5861 = VERTEX_POINT('',#5862);
#5862 = CARTESIAN_POINT('',(50.,19.916506279113,-7.159924364175));
#5863 = B_SPLINE_CURVE_WITH_KNOTS('',2,(#5864,#5865,#5866),
  .UNSPECIFIED.,.F.,.F.,(3,3),(0.,1.),.PIECEWISE_BEZIER_KNOTS.);
#5864 = CARTESIAN_POINT('',(50.,20.172094541565,-7.191834864378));
#5865 = CARTESIAN_POINT('',(50.,20.027277392624,-7.159924389532));
#5866 = CARTESIAN_POINT('',(50.,19.916506279113,-7.159924364175));
#5867 = ORIENTED_EDGE('',*,*,#5868,.T.);
#5868 = EDGE_CURVE('',#5861,#5869,#5871,.T.);
#5869 = VERTEX_POINT('',#5870);
#5870 = CARTESIAN_POINT('',(50.,19.56793298679,-7.341175593205));
#5871 = B_SPLINE_CURVE_WITH_KNOTS('',2,(#5872,#5873,#5874),
  .UNSPECIFIED.,.F.,.F.,(3,3),(0.,1.),.PIECEWISE_BEZIER_KNOTS.);
#5872 = CARTESIAN_POINT('',(50.,19.916506279113,-7.159924364175));
#5873 = CARTESIAN_POINT('',(50.,19.69283383837,-7.159924312972));
#5874 = CARTESIAN_POINT('',(50.,19.56793298679,-7.341175593205));
#5875 = ORIENTED_EDGE('',*,*,#5876,.T.);
#5876 = EDGE_CURVE('',#5869,#5877,#5879,.T.);
#5877 = VERTEX_POINT('',#5878);
#5878 = CARTESIAN_POINT('',(50.,19.442756942771,-7.878547402684));
#5879 = B_SPLINE_CURVE_WITH_KNOTS('',2,(#5880,#5881,#5882),
  .UNSPECIFIED.,.F.,.F.,(3,3),(0.,1.),.PIECEWISE_BEZIER_KNOTS.);
#5880 = CARTESIAN_POINT('',(50.,19.56793298679,-7.341175593205));
#5881 = CARTESIAN_POINT('',(50.,19.443174149459,-7.52242687347));
#5882 = CARTESIAN_POINT('',(50.,19.442756942771,-7.878547402684));
#5883 = ORIENTED_EDGE('',*,*,#5884,.T.);
#5884 = EDGE_CURVE('',#5877,#5755,#5885,.T.);
#5885 = LINE('',#5886,#5887);
#5886 = CARTESIAN_POINT('',(50.,19.442756942771,-7.878547402684));
#5887 = VECTOR('',#5888,1.);
#5888 = DIRECTION('',(0.,-1.171531456477E-03,-0.999999313757));
#5889 = FACE_BOUND('',#5890,.T.);
#5890 = EDGE_LOOP('',(#5891,#5901,#5909,#5917,#5925,#5933,#5941,#5949,
    #5957,#5965,#5973));
#5891 = ORIENTED_EDGE('',*,*,#5892,.T.);
#5892 = EDGE_CURVE('',#5893,#5895,#5897,.T.);
#5893 = VERTEX_POINT('',#5894);
#5894 = CARTESIAN_POINT('',(50.,24.210000429671,-7.664110325801));
#5895 = VERTEX_POINT('',#5896);
#5896 = CARTESIAN_POINT('',(50.,24.400149018776,-8.156240292351));
#5897 = B_SPLINE_CURVE_WITH_KNOTS('',2,(#5898,#5899,#5900),
  .UNSPECIFIED.,.F.,.F.,(3,3),(0.,1.),.PIECEWISE_BEZIER_KNOTS.);
#5898 = CARTESIAN_POINT('',(50.,24.210000429671,-7.664110325801));
#5899 = CARTESIAN_POINT('',(50.,24.400507740099,-7.850041876351));
#5900 = CARTESIAN_POINT('',(50.,24.400149018776,-8.156240292351));
#5901 = ORIENTED_EDGE('',*,*,#5902,.T.);
#5902 = EDGE_CURVE('',#5895,#5903,#5905,.T.);
#5903 = VERTEX_POINT('',#5904);
#5904 = CARTESIAN_POINT('',(50.,24.092658535939,-8.787641494955));
#5905 = B_SPLINE_CURVE_WITH_KNOTS('',2,(#5906,#5907,#5908),
  .UNSPECIFIED.,.F.,.F.,(3,3),(0.,1.),.PIECEWISE_BEZIER_KNOTS.);
#5906 = CARTESIAN_POINT('',(50.,24.400149018776,-8.156240292351));
#5907 = CARTESIAN_POINT('',(50.,24.399670834447,-8.56441029756));
#5908 = CARTESIAN_POINT('',(50.,24.092658535939,-8.787641494955));
#5909 = ORIENTED_EDGE('',*,*,#5910,.T.);
#5910 = EDGE_CURVE('',#5903,#5911,#5913,.T.);
#5911 = VERTEX_POINT('',#5912);
#5912 = CARTESIAN_POINT('',(50.,23.240311524762,-9.010872567514));
#5913 = B_SPLINE_CURVE_WITH_KNOTS('',2,(#5914,#5915,#5916),
  .UNSPECIFIED.,.F.,.F.,(3,3),(0.,1.),.PIECEWISE_BEZIER_KNOTS.);
#5914 = CARTESIAN_POINT('',(50.,24.092658535939,-8.787641494955));
#5915 = CARTESIAN_POINT('',(50.,23.785646237431,-9.01087269235));
#5916 = CARTESIAN_POINT('',(50.,23.240311524762,-9.010872567514));
#5917 = ORIENTED_EDGE('',*,*,#5918,.T.);
#5918 = EDGE_CURVE('',#5911,#5919,#5921,.T.);
#5919 = VERTEX_POINT('',#5920);
#5920 = CARTESIAN_POINT('',(50.,21.738510851201,-9.010872223726));
#5921 = LINE('',#5922,#5923);
#5922 = CARTESIAN_POINT('',(50.,23.240311524762,-9.010872567514));
#5923 = VECTOR('',#5924,1.);
#5924 = DIRECTION('',(0.,-1.,2.289171414672E-07));
#5925 = ORIENTED_EDGE('',*,*,#5926,.T.);
#5926 = EDGE_CURVE('',#5919,#5927,#5929,.T.);
#5927 = VERTEX_POINT('',#5928);
#5928 = CARTESIAN_POINT('',(50.,21.742019973169,-6.01554543081));
#5929 = LINE('',#5930,#5931);
#5930 = CARTESIAN_POINT('',(50.,21.738510851201,-9.010872223726));
#5931 = VECTOR('',#5932,1.);
#5932 = DIRECTION('',(0.,1.171531456478E-03,0.999999313757));
#5933 = ORIENTED_EDGE('',*,*,#5934,.T.);
#5934 = EDGE_CURVE('',#5927,#5935,#5937,.T.);
#5935 = VERTEX_POINT('',#5936);
#5936 = CARTESIAN_POINT('',(50.,23.116007823449,-6.01554574534));
#5937 = LINE('',#5938,#5939);
#5938 = CARTESIAN_POINT('',(50.,21.742019973169,-6.01554543081));
#5939 = VECTOR('',#5940,1.);
#5940 = DIRECTION('',(0.,1.,-2.289171404219E-07));
#5941 = ORIENTED_EDGE('',*,*,#5942,.T.);
#5942 = EDGE_CURVE('',#5935,#5943,#5945,.T.);
#5943 = VERTEX_POINT('',#5944);
#5944 = CARTESIAN_POINT('',(50.,23.947562299059,-6.205873992381));
#5945 = B_SPLINE_CURVE_WITH_KNOTS('',2,(#5946,#5947,#5948),
  .UNSPECIFIED.,.F.,.F.,(3,3),(0.,1.),.PIECEWISE_BEZIER_KNOTS.);
#5946 = CARTESIAN_POINT('',(50.,23.116007823449,-6.01554574534));
#5947 = CARTESIAN_POINT('',(50.,23.665602963561,-6.015545871152));
#5948 = CARTESIAN_POINT('',(50.,23.947562299059,-6.205873992381));
#5949 = ORIENTED_EDGE('',*,*,#5950,.T.);
#5950 = EDGE_CURVE('',#5943,#5951,#5953,.T.);
#5951 = VERTEX_POINT('',#5952);
#5952 = CARTESIAN_POINT('',(50.,24.229227999288,-6.768065127423));
#5953 = B_SPLINE_CURVE_WITH_KNOTS('',2,(#5954,#5955,#5956),
  .UNSPECIFIED.,.F.,.F.,(3,3),(0.,1.),.PIECEWISE_BEZIER_KNOTS.);
#5954 = CARTESIAN_POINT('',(50.,23.947562299059,-6.205873992381));
#5955 = CARTESIAN_POINT('',(50.,24.229663814957,-6.396060289458));
#5956 = CARTESIAN_POINT('',(50.,24.229227999288,-6.768065127423));
#5957 = ORIENTED_EDGE('',*,*,#5958,.T.);
#5958 = EDGE_CURVE('',#5951,#5959,#5961,.T.);
#5959 = VERTEX_POINT('',#5960);
#5960 = CARTESIAN_POINT('',(50.,24.086993509562,-7.198501497275));
#5961 = B_SPLINE_CURVE_WITH_KNOTS('',2,(#5962,#5963,#5964),
  .UNSPECIFIED.,.F.,.F.,(3,3),(0.,1.),.PIECEWISE_BEZIER_KNOTS.);
#5962 = CARTESIAN_POINT('',(50.,24.229227999288,-6.768065127423));
#5963 = CARTESIAN_POINT('',(50.,24.228929258696,-7.023065012539));
#5964 = CARTESIAN_POINT('',(50.,24.086993509562,-7.198501497275));
#5965 = ORIENTED_EDGE('',*,*,#5966,.T.);
#5966 = EDGE_CURVE('',#5959,#5967,#5969,.T.);
#5967 = VERTEX_POINT('',#5968);
#5968 = CARTESIAN_POINT('',(50.,23.655418598772,-7.43548961213));
#5969 = B_SPLINE_CURVE_WITH_KNOTS('',2,(#5970,#5971,#5972),
  .UNSPECIFIED.,.F.,.F.,(3,3),(0.,1.),.PIECEWISE_BEZIER_KNOTS.);
#5970 = CARTESIAN_POINT('',(50.,24.086993509562,-7.198501497275));
#5971 = CARTESIAN_POINT('',(50.,23.945199940828,-7.373796157857));
#5972 = CARTESIAN_POINT('',(50.,23.655418598772,-7.43548961213));
#5973 = ORIENTED_EDGE('',*,*,#5974,.T.);
#5974 = EDGE_CURVE('',#5967,#5893,#5975,.T.);
#5975 = B_SPLINE_CURVE_WITH_KNOTS('',2,(#5976,#5977,#5978),
  .UNSPECIFIED.,.F.,.F.,(3,3),(0.,1.),.PIECEWISE_BEZIER_KNOTS.);
#5976 = CARTESIAN_POINT('',(50.,23.655418598772,-7.43548961213));
#5977 = CARTESIAN_POINT('',(50.,24.019635299643,-7.478036951099));
#5978 = CARTESIAN_POINT('',(50.,24.210000429671,-7.664110325801));
#5979 = FACE_BOUND('',#5980,.T.);
#5980 = EDGE_LOOP('',(#5981,#5991,#5999,#6007,#6015,#6023,#6031,#6039,
    #6047,#6055,#6063,#6071,#6079,#6087,#6095,#6103,#6111,#6119,#6127,
    #6135,#6143,#6151,#6159,#6167,#6175,#6183,#6191,#6199));
#5981 = ORIENTED_EDGE('',*,*,#5982,.T.);
#5982 = EDGE_CURVE('',#5983,#5985,#5987,.T.);
#5983 = VERTEX_POINT('',#5984);
#5984 = CARTESIAN_POINT('',(50.,26.196531756153,-8.603128711481));
#5985 = VERTEX_POINT('',#5986);
#5986 = CARTESIAN_POINT('',(50.,25.437644816959,-9.05625680982));
#5987 = B_SPLINE_CURVE_WITH_KNOTS('',2,(#5988,#5989,#5990),
  .UNSPECIFIED.,.F.,.F.,(3,3),(0.,1.),.PIECEWISE_BEZIER_KNOTS.);
#5988 = CARTESIAN_POINT('',(50.,26.196531756153,-8.603128711481));
#5989 = CARTESIAN_POINT('',(50.,25.944635682643,-9.056256925879));
#5990 = CARTESIAN_POINT('',(50.,25.437644816959,-9.05625680982));
#5991 = ORIENTED_EDGE('',*,*,#5992,.T.);
#5992 = EDGE_CURVE('',#5985,#5993,#5995,.T.);
#5993 = VERTEX_POINT('',#5994);
#5994 = CARTESIAN_POINT('',(50.,24.915956126193,-8.87387078809));
#5995 = B_SPLINE_CURVE_WITH_KNOTS('',2,(#5996,#5997,#5998),
  .UNSPECIFIED.,.F.,.F.,(3,3),(0.,1.),.PIECEWISE_BEZIER_KNOTS.);
#5996 = CARTESIAN_POINT('',(50.,25.437644816959,-9.05625680982));
#5997 = CARTESIAN_POINT('',(50.,25.103201262704,-9.05625673326));
#5998 = CARTESIAN_POINT('',(50.,24.915956126193,-8.87387078809));
#5999 = ORIENTED_EDGE('',*,*,#6000,.T.);
#6000 = EDGE_CURVE('',#5993,#6001,#6003,.T.);
#6001 = VERTEX_POINT('',#6002);
#6002 = CARTESIAN_POINT('',(50.,24.729098787535,-8.360467194497));
#6003 = B_SPLINE_CURVE_WITH_KNOTS('',2,(#6004,#6005,#6006),
  .UNSPECIFIED.,.F.,.F.,(3,3),(0.,1.),.PIECEWISE_BEZIER_KNOTS.);
#6004 = CARTESIAN_POINT('',(50.,24.915956126193,-8.87387078809));
#6005 = CARTESIAN_POINT('',(50.,24.728711155833,-8.691343018734));
#6006 = CARTESIAN_POINT('',(50.,24.729098787535,-8.360467194497));
#6007 = ORIENTED_EDGE('',*,*,#6008,.T.);
#6008 = EDGE_CURVE('',#6001,#6009,#6011,.T.);
#6009 = VERTEX_POINT('',#6010);
#6010 = CARTESIAN_POINT('',(50.,24.962926198896,-7.814160486215));
#6011 = B_SPLINE_CURVE_WITH_KNOTS('',2,(#6012,#6013,#6014),
  .UNSPECIFIED.,.F.,.F.,(3,3),(0.,1.),.PIECEWISE_BEZIER_KNOTS.);
#6012 = CARTESIAN_POINT('',(50.,24.729098787535,-8.360467194497));
#6013 = CARTESIAN_POINT('',(50.,24.729518818801,-8.001935654133));
#6014 = CARTESIAN_POINT('',(50.,24.962926198896,-7.814160486215));
#6015 = ORIENTED_EDGE('',*,*,#6016,.T.);
#6016 = EDGE_CURVE('',#6009,#6017,#6019,.T.);
#6017 = VERTEX_POINT('',#6018);
#6018 = CARTESIAN_POINT('',(50.,25.639565031831,-7.622130694202));
#6019 = B_SPLINE_CURVE_WITH_KNOTS('',2,(#6020,#6021,#6022),
  .UNSPECIFIED.,.F.,.F.,(3,3),(0.,1.),.PIECEWISE_BEZIER_KNOTS.);
#6020 = CARTESIAN_POINT('',(50.,24.962926198896,-7.814160486215));
#6021 = CARTESIAN_POINT('',(50.,25.196475593239,-7.62638531833));
#6022 = CARTESIAN_POINT('',(50.,25.639565031831,-7.622130694202));
#6023 = ORIENTED_EDGE('',*,*,#6024,.T.);
#6024 = EDGE_CURVE('',#6017,#6025,#6027,.T.);
#6025 = VERTEX_POINT('',#6026);
#6026 = CARTESIAN_POINT('',(50.,26.135914798005,-7.613621356706));
#6027 = LINE('',#6028,#6029);
#6028 = CARTESIAN_POINT('',(50.,25.639565031831,-7.622130694202));
#6029 = VECTOR('',#6030,1.);
#6030 = DIRECTION('',(0.,0.999853076881,1.714131416385E-02));
#6031 = ORIENTED_EDGE('',*,*,#6032,.T.);
#6032 = EDGE_CURVE('',#6025,#6033,#6035,.T.);
#6033 = VERTEX_POINT('',#6034);
#6034 = CARTESIAN_POINT('',(50.,26.136050710021,-7.497609173155));
#6035 = LINE('',#6036,#6037);
#6036 = CARTESIAN_POINT('',(50.,26.135914798005,-7.613621356706));
#6037 = VECTOR('',#6038,1.);
#6038 = DIRECTION('',(0.,1.171531456471E-03,0.999999313757));
#6039 = ORIENTED_EDGE('',*,*,#6040,.T.);
#6040 = EDGE_CURVE('',#6033,#6041,#6043,.T.);
#6041 = VERTEX_POINT('',#6042);
#6042 = CARTESIAN_POINT('',(50.,26.057622427852,-7.165031440652));
#6043 = B_SPLINE_CURVE_WITH_KNOTS('',2,(#6044,#6045,#6046),
  .UNSPECIFIED.,.F.,.F.,(3,3),(0.,1.),.PIECEWISE_BEZIER_KNOTS.);
#6044 = CARTESIAN_POINT('',(50.,26.136050710021,-7.497609173155));
#6045 = CARTESIAN_POINT('',(50.,26.13631306341,-7.273668784613));
#6046 = CARTESIAN_POINT('',(50.,26.057622427852,-7.165031440652));
#6047 = ORIENTED_EDGE('',*,*,#6048,.T.);
#6048 = EDGE_CURVE('',#6041,#6049,#6051,.T.);
#6049 = VERTEX_POINT('',#6050);
#6050 = CARTESIAN_POINT('',(50.,25.79999400585,-7.056252231545));
#6051 = B_SPLINE_CURVE_WITH_KNOTS('',2,(#6052,#6053,#6054),
  .UNSPECIFIED.,.F.,.F.,(3,3),(0.,1.),.PIECEWISE_BEZIER_KNOTS.);
#6052 = CARTESIAN_POINT('',(50.,26.057622427852,-7.165031440652));
#6053 = CARTESIAN_POINT('',(50.,25.978931958445,-7.056252272507));
#6054 = CARTESIAN_POINT('',(50.,25.79999400585,-7.056252231545));
#6055 = ORIENTED_EDGE('',*,*,#6056,.T.);
#6056 = EDGE_CURVE('',#6049,#6057,#6059,.T.);
#6057 = VERTEX_POINT('',#6058);
#6058 = CARTESIAN_POINT('',(50.,25.555924968823,-7.131844466443));
#6059 = B_SPLINE_CURVE_WITH_KNOTS('',2,(#6060,#6061,#6062),
  .UNSPECIFIED.,.F.,.F.,(3,3),(0.,1.),.PIECEWISE_BEZIER_KNOTS.);
#6060 = CARTESIAN_POINT('',(50.,25.79999400585,-7.056252231545));
#6061 = CARTESIAN_POINT('',(50.,25.633837335584,-7.056252193509));
#6062 = CARTESIAN_POINT('',(50.,25.555924968823,-7.131844466443));
#6063 = ORIENTED_EDGE('',*,*,#6064,.T.);
#6064 = EDGE_CURVE('',#6057,#6065,#6067,.T.);
#6065 = VERTEX_POINT('',#6066);
#6066 = CARTESIAN_POINT('',(50.,25.458778492491,-7.381738658718));
#6067 = B_SPLINE_CURVE_WITH_KNOTS('',2,(#6068,#6069,#6070),
  .UNSPECIFIED.,.F.,.F.,(3,3),(0.,1.),.PIECEWISE_BEZIER_KNOTS.);
#6068 = CARTESIAN_POINT('',(50.,25.555924968823,-7.131844466443));
#6069 = CARTESIAN_POINT('',(50.,25.478154782461,-7.207294915224));
#6070 = CARTESIAN_POINT('',(50.,25.458778492491,-7.381738658718));
#6071 = ORIENTED_EDGE('',*,*,#6072,.T.);
#6072 = EDGE_CURVE('',#6065,#6073,#6075,.T.);
#6073 = VERTEX_POINT('',#6074);
#6074 = CARTESIAN_POINT('',(50.,24.834660763969,-7.351955436932));
#6075 = LINE('',#6076,#6077);
#6076 = CARTESIAN_POINT('',(50.,25.458778492491,-7.381738658718));
#6077 = VECTOR('',#6078,1.);
#6078 = DIRECTION('',(0.,-0.998863317057,4.766627568221E-02));
#6079 = ORIENTED_EDGE('',*,*,#6080,.T.);
#6080 = EDGE_CURVE('',#6073,#6081,#6083,.T.);
#6081 = VERTEX_POINT('',#6082);
#6082 = CARTESIAN_POINT('',(50.,25.143002456159,-6.842523033888));
#6083 = B_SPLINE_CURVE_WITH_KNOTS('',2,(#6084,#6085,#6086),
  .UNSPECIFIED.,.F.,.F.,(3,3),(0.,1.),.PIECEWISE_BEZIER_KNOTS.);
#6084 = CARTESIAN_POINT('',(50.,24.834660763969,-7.351955436932));
#6085 = CARTESIAN_POINT('',(50.,24.892570313757,-7.015832131007));
#6086 = CARTESIAN_POINT('',(50.,25.143002456159,-6.842523033888));
#6087 = ORIENTED_EDGE('',*,*,#6088,.T.);
#6088 = EDGE_CURVE('',#6081,#6089,#6091,.T.);
#6089 = VERTEX_POINT('',#6090);
#6090 = CARTESIAN_POINT('',(50.,25.826010164397,-6.669072211608));
#6091 = B_SPLINE_CURVE_WITH_KNOTS('',2,(#6092,#6093,#6094),
  .UNSPECIFIED.,.F.,.F.,(3,3),(0.,1.),.PIECEWISE_BEZIER_KNOTS.);
#6092 = CARTESIAN_POINT('',(50.,25.143002456159,-6.842523033888));
#6093 = CARTESIAN_POINT('',(50.,25.39357677896,-6.669072112617));
#6094 = CARTESIAN_POINT('',(50.,25.826010164397,-6.669072211608));
#6095 = ORIENTED_EDGE('',*,*,#6096,.T.);
#6096 = EDGE_CURVE('',#6089,#6097,#6099,.T.);
#6097 = VERTEX_POINT('',#6098);
#6098 = CARTESIAN_POINT('',(50.,26.498905980662,-6.883936006388));
#6099 = B_SPLINE_CURVE_WITH_KNOTS('',2,(#6100,#6101,#6102),
  .UNSPECIFIED.,.F.,.F.,(3,3),(0.,1.),.PIECEWISE_BEZIER_KNOTS.);
#6100 = CARTESIAN_POINT('',(50.,25.826010164397,-6.669072211608));
#6101 = CARTESIAN_POINT('',(50.,26.262703977277,-6.669072311575));
#6102 = CARTESIAN_POINT('',(50.,26.498905980662,-6.883936006388));
#6103 = ORIENTED_EDGE('',*,*,#6104,.T.);
#6104 = EDGE_CURVE('',#6097,#6105,#6107,.T.);
#6105 = VERTEX_POINT('',#6106);
#6106 = CARTESIAN_POINT('',(50.,26.734644254908,-7.494631002292));
#6107 = B_SPLINE_CURVE_WITH_KNOTS('',2,(#6108,#6109,#6110),
  .UNSPECIFIED.,.F.,.F.,(3,3),(0.,1.),.PIECEWISE_BEZIER_KNOTS.);
#6108 = CARTESIAN_POINT('',(50.,26.498905980662,-6.883936006388));
#6109 = CARTESIAN_POINT('',(50.,26.735107984047,-7.098799701201));
#6110 = CARTESIAN_POINT('',(50.,26.734644254908,-7.494631002292));
#6111 = ORIENTED_EDGE('',*,*,#6112,.T.);
#6112 = EDGE_CURVE('',#6105,#6113,#6115,.T.);
#6113 = VERTEX_POINT('',#6114);
#6114 = CARTESIAN_POINT('',(50.,26.733662132751,-8.332953761426));
#6115 = LINE('',#6116,#6117);
#6116 = CARTESIAN_POINT('',(50.,26.734644254908,-7.494631002292));
#6117 = VECTOR('',#6118,1.);
#6118 = DIRECTION('',(0.,-1.17153145648E-03,-0.999999313757));
#6119 = ORIENTED_EDGE('',*,*,#6120,.T.);
#6120 = EDGE_CURVE('',#6113,#6121,#6123,.T.);
#6121 = VERTEX_POINT('',#6122);
#6122 = CARTESIAN_POINT('',(50.,26.776947643436,-8.600008712271));
#6123 = B_SPLINE_CURVE_WITH_KNOTS('',2,(#6124,#6125,#6126),
  .UNSPECIFIED.,.F.,.F.,(3,3),(0.,1.),.PIECEWISE_BEZIER_KNOTS.);
#6124 = CARTESIAN_POINT('',(50.,26.733662132751,-8.332953761426));
#6125 = CARTESIAN_POINT('',(50.,26.733435335805,-8.526543774321));
#6126 = CARTESIAN_POINT('',(50.,26.776947643436,-8.600008712271));
#6127 = ORIENTED_EDGE('',*,*,#6128,.T.);
#6128 = EDGE_CURVE('',#6121,#6129,#6131,.T.);
#6129 = VERTEX_POINT('',#6130);
#6130 = CARTESIAN_POINT('',(50.,26.922852390092,-8.673331849476));
#6131 = B_SPLINE_CURVE_WITH_KNOTS('',2,(#6132,#6133,#6134),
  .UNSPECIFIED.,.F.,.F.,(3,3),(0.,1.),.PIECEWISE_BEZIER_KNOTS.);
#6132 = CARTESIAN_POINT('',(50.,26.776947643436,-8.600008712271));
#6133 = CARTESIAN_POINT('',(50.,26.820602131466,-8.673331826069));
#6134 = CARTESIAN_POINT('',(50.,26.922852390092,-8.673331849476));
#6135 = ORIENTED_EDGE('',*,*,#6136,.T.);
#6136 = EDGE_CURVE('',#6129,#6137,#6139,.T.);
#6137 = VERTEX_POINT('',#6138);
#6138 = CARTESIAN_POINT('',(50.,27.054940594461,-8.660567703036));
#6139 = B_SPLINE_CURVE_WITH_KNOTS('',2,(#6140,#6141,#6142),
  .UNSPECIFIED.,.F.,.F.,(3,3),(0.,1.),.PIECEWISE_BEZIER_KNOTS.);
#6140 = CARTESIAN_POINT('',(50.,26.922852390092,-8.673331849476));
#6141 = CARTESIAN_POINT('',(50.,26.991019229176,-8.673331865081));
#6142 = CARTESIAN_POINT('',(50.,27.054940594461,-8.660567703036));
#6143 = ORIENTED_EDGE('',*,*,#6144,.T.);
#6144 = EDGE_CURVE('',#6137,#6145,#6147,.T.);
#6145 = VERTEX_POINT('',#6146);
#6146 = CARTESIAN_POINT('',(50.,27.054561768794,-8.983926845453));
#6147 = LINE('',#6148,#6149);
#6148 = CARTESIAN_POINT('',(50.,27.054940594461,-8.660567703036));
#6149 = VECTOR('',#6150,1.);
#6150 = DIRECTION('',(0.,-1.171531456481E-03,-0.999999313757));
#6151 = ORIENTED_EDGE('',*,*,#6152,.T.);
#6152 = EDGE_CURVE('',#6145,#6153,#6155,.T.);
#6153 = VERTEX_POINT('',#6154);
#6154 = CARTESIAN_POINT('',(50.,26.958674736317,-9.007327814078));
#6155 = B_SPLINE_CURVE_WITH_KNOTS('',2,(#6156,#6157,#6158),
  .UNSPECIFIED.,.F.,.F.,(3,3),(0.,1.),.PIECEWISE_BEZIER_KNOTS.);
#6156 = CARTESIAN_POINT('',(50.,27.054561768794,-8.983926845453));
#6157 = CARTESIAN_POINT('',(50.,27.001291472115,-8.996691009936));
#6158 = CARTESIAN_POINT('',(50.,26.958674736317,-9.007327814078));
#6159 = ORIENTED_EDGE('',*,*,#6160,.T.);
#6160 = EDGE_CURVE('',#6153,#6161,#6163,.T.);
#6161 = VERTEX_POINT('',#6162);
#6162 = CARTESIAN_POINT('',(50.,26.87344624927,-9.024346696805));
#6163 = B_SPLINE_CURVE_WITH_KNOTS('',2,(#6164,#6165,#6166),
  .UNSPECIFIED.,.F.,.F.,(3,3),(0.,1.),.PIECEWISE_BEZIER_KNOTS.);
#6164 = CARTESIAN_POINT('',(50.,26.958674736317,-9.007327814078));
#6165 = CARTESIAN_POINT('',(50.,26.91605800052,-9.017964618221));
#6166 = CARTESIAN_POINT('',(50.,26.87344624927,-9.024346696805));
#6167 = ORIENTED_EDGE('',*,*,#6168,.T.);
#6168 = EDGE_CURVE('',#6161,#6169,#6171,.T.);
#6169 = VERTEX_POINT('',#6170);
#6170 = CARTESIAN_POINT('',(50.,26.782828697617,-9.034983489959));
#6171 = B_SPLINE_CURVE_WITH_KNOTS('',2,(#6172,#6173,#6174),
  .UNSPECIFIED.,.F.,.F.,(3,3),(0.,1.),.PIECEWISE_BEZIER_KNOTS.);
#6172 = CARTESIAN_POINT('',(50.,26.87344624927,-9.024346696805));
#6173 = CARTESIAN_POINT('',(50.,26.83083449802,-9.030728775389));
#6174 = CARTESIAN_POINT('',(50.,26.782828697617,-9.034983489959));
#6175 = ORIENTED_EDGE('',*,*,#6176,.T.);
#6176 = EDGE_CURVE('',#6169,#6177,#6179,.T.);
#6177 = VERTEX_POINT('',#6178);
#6178 = CARTESIAN_POINT('',(50.,26.671058499821,-9.039238189932));
#6179 = B_SPLINE_CURVE_WITH_KNOTS('',2,(#6180,#6181,#6182),
  .UNSPECIFIED.,.F.,.F.,(3,3),(0.,1.),.PIECEWISE_BEZIER_KNOTS.);
#6180 = CARTESIAN_POINT('',(50.,26.782828697617,-9.034983489959));
#6181 = CARTESIAN_POINT('',(50.,26.734964911462,-9.039238204562));
#6182 = CARTESIAN_POINT('',(50.,26.671058499821,-9.039238189932));
#6183 = ORIENTED_EDGE('',*,*,#6184,.T.);
#6184 = EDGE_CURVE('',#6177,#6185,#6187,.T.);
#6185 = VERTEX_POINT('',#6186);
#6186 = CARTESIAN_POINT('',(50.,26.337738643558,-8.928615249089));
#6187 = B_SPLINE_CURVE_WITH_KNOTS('',2,(#6188,#6189,#6190),
  .UNSPECIFIED.,.F.,.F.,(3,3),(0.,1.),.PIECEWISE_BEZIER_KNOTS.);
#6188 = CARTESIAN_POINT('',(50.,26.671058499821,-9.039238189932));
#6189 = CARTESIAN_POINT('',(50.,26.445255845357,-9.039238138242));
#6190 = CARTESIAN_POINT('',(50.,26.337738643558,-8.928615249089));
#6191 = ORIENTED_EDGE('',*,*,#6192,.T.);
#6192 = EDGE_CURVE('',#6185,#6193,#6195,.T.);
#6193 = VERTEX_POINT('',#6194);
#6194 = CARTESIAN_POINT('',(50.,26.209313038481,-8.603128714407));
#6195 = B_SPLINE_CURVE_WITH_KNOTS('',2,(#6196,#6197,#6198),
  .UNSPECIFIED.,.F.,.F.,(3,3),(0.,1.),.PIECEWISE_BEZIER_KNOTS.);
#6196 = CARTESIAN_POINT('',(50.,26.337738643558,-8.928615249089));
#6197 = CARTESIAN_POINT('',(50.,26.230363456008,-8.817992359968));
#6198 = CARTESIAN_POINT('',(50.,26.209313038481,-8.603128714407));
#6199 = ORIENTED_EDGE('',*,*,#6200,.T.);
#6200 = EDGE_CURVE('',#6193,#5983,#6201,.T.);
#6201 = LINE('',#6202,#6203);
#6202 = CARTESIAN_POINT('',(50.,26.209313038481,-8.603128714407));
#6203 = VECTOR('',#6204,1.);
#6204 = DIRECTION('',(0.,-1.,2.289171805002E-07));
#6205 = FACE_BOUND('',#6206,.T.);
#6206 = EDGE_LOOP('',(#6207,#6217,#6225,#6233,#6241,#6249,#6257,#6265,
    #6273,#6281,#6289,#6297,#6305,#6313,#6321,#6329,#6337,#6345,#6353));
#6207 = ORIENTED_EDGE('',*,*,#6208,.T.);
#6208 = EDGE_CURVE('',#6209,#6211,#6213,.T.);
#6209 = VERTEX_POINT('',#6210);
#6210 = CARTESIAN_POINT('',(50.,29.421623687168,-9.010873982522));
#6211 = VERTEX_POINT('',#6212);
#6212 = CARTESIAN_POINT('',(50.,28.825163845186,-9.010873845982));
#6213 = LINE('',#6214,#6215);
#6214 = CARTESIAN_POINT('',(50.,29.421623687168,-9.010873982522));
#6215 = VECTOR('',#6216,1.);
#6216 = DIRECTION('',(0.,-1.,2.289171407913E-07));
#6217 = ORIENTED_EDGE('',*,*,#6218,.T.);
#6218 = EDGE_CURVE('',#6211,#6219,#6221,.T.);
#6219 = VERTEX_POINT('',#6220);
#6220 = CARTESIAN_POINT('',(50.,28.826680144764,-7.716586331203));
#6221 = LINE('',#6222,#6223);
#6222 = CARTESIAN_POINT('',(50.,28.825163845186,-9.010873845982));
#6223 = VECTOR('',#6224,1.);
#6224 = DIRECTION('',(0.,1.171531456477E-03,0.999999313757));
#6225 = ORIENTED_EDGE('',*,*,#6226,.T.);
#6226 = EDGE_CURVE('',#6219,#6227,#6229,.T.);
#6227 = VERTEX_POINT('',#6228);
#6228 = CARTESIAN_POINT('',(50.,28.416260856183,-7.108869603203));
#6229 = B_SPLINE_CURVE_WITH_KNOTS('',2,(#6230,#6231,#6232),
  .UNSPECIFIED.,.F.,.F.,(3,3),(0.,1.),.PIECEWISE_BEZIER_KNOTS.);
#6230 = CARTESIAN_POINT('',(50.,28.826680144764,-7.716586331203));
#6231 = CARTESIAN_POINT('',(50.,28.827392104406,-7.108869697318));
#6232 = CARTESIAN_POINT('',(50.,28.416260856183,-7.108869603203));
#6233 = ORIENTED_EDGE('',*,*,#6234,.T.);
#6234 = EDGE_CURVE('',#6227,#6235,#6237,.T.);
#6235 = VERTEX_POINT('',#6236);
#6236 = CARTESIAN_POINT('',(50.,28.065551036378,-7.295510150786));
#6237 = B_SPLINE_CURVE_WITH_KNOTS('',2,(#6238,#6239,#6240),
  .UNSPECIFIED.,.F.,.F.,(3,3),(0.,1.),.PIECEWISE_BEZIER_KNOTS.);
#6238 = CARTESIAN_POINT('',(50.,28.416260856183,-7.108869603203));
#6239 = CARTESIAN_POINT('',(50.,28.198979056604,-7.108869553463));
#6240 = CARTESIAN_POINT('',(50.,28.065551036378,-7.295510150786));
#6241 = ORIENTED_EDGE('',*,*,#6242,.T.);
#6242 = EDGE_CURVE('',#6235,#6243,#6245,.T.);
#6243 = VERTEX_POINT('',#6244);
#6244 = CARTESIAN_POINT('',(50.,27.931922924238,-7.774166745613));
#6245 = B_SPLINE_CURVE_WITH_KNOTS('',2,(#6246,#6247,#6248),
  .UNSPECIFIED.,.F.,.F.,(3,3),(0.,1.),.PIECEWISE_BEZIER_KNOTS.);
#6246 = CARTESIAN_POINT('',(50.,28.065551036378,-7.295510150786));
#6247 = CARTESIAN_POINT('',(50.,27.932265196552,-7.482008923955));
#6248 = CARTESIAN_POINT('',(50.,27.931922924238,-7.774166745613));
#6249 = ORIENTED_EDGE('',*,*,#6250,.T.);
#6250 = EDGE_CURVE('',#6243,#6251,#6253,.T.);
#6251 = VERTEX_POINT('',#6252);
#6252 = CARTESIAN_POINT('',(50.,27.930474082214,-9.010873641173));
#6253 = LINE('',#6254,#6255);
#6254 = CARTESIAN_POINT('',(50.,27.931922924238,-7.774166745613));
#6255 = VECTOR('',#6256,1.);
#6256 = DIRECTION('',(0.,-1.171531456478E-03,-0.999999313757));
#6257 = ORIENTED_EDGE('',*,*,#6258,.T.);
#6258 = EDGE_CURVE('',#6251,#6259,#6261,.T.);
#6259 = VERTEX_POINT('',#6260);
#6260 = CARTESIAN_POINT('',(50.,27.33188402651,-9.010873504145));
#6261 = LINE('',#6262,#6263);
#6262 = CARTESIAN_POINT('',(50.,27.930474082214,-9.010873641173));
#6263 = VECTOR('',#6264,1.);
#6264 = DIRECTION('',(0.,-1.,2.289171399434E-07));
#6265 = ORIENTED_EDGE('',*,*,#6266,.T.);
#6266 = EDGE_CURVE('',#6259,#6267,#6269,.T.);
#6267 = VERTEX_POINT('',#6268);
#6268 = CARTESIAN_POINT('',(50.,27.333980859808,-7.22105228603));
#6269 = LINE('',#6270,#6271);
#6270 = CARTESIAN_POINT('',(50.,27.33188402651,-9.010873504145));
#6271 = VECTOR('',#6272,1.);
#6272 = DIRECTION('',(0.,1.171531456477E-03,0.999999313757));
#6273 = ORIENTED_EDGE('',*,*,#6274,.T.);
#6274 = EDGE_CURVE('',#6267,#6275,#6277,.T.);
#6275 = VERTEX_POINT('',#6276);
#6276 = CARTESIAN_POINT('',(50.,27.328940048974,-6.91740670413));
#6277 = B_SPLINE_CURVE_WITH_KNOTS('',2,(#6278,#6279,#6280),
  .UNSPECIFIED.,.F.,.F.,(3,3),(0.,1.),.PIECEWISE_BEZIER_KNOTS.);
#6278 = CARTESIAN_POINT('',(50.,27.333980859808,-7.22105228603));
#6279 = CARTESIAN_POINT('',(50.,27.33419801996,-7.035688075881));
#6280 = CARTESIAN_POINT('',(50.,27.328940048974,-6.91740670413));
#6281 = ORIENTED_EDGE('',*,*,#6282,.T.);
#6282 = EDGE_CURVE('',#6275,#6283,#6285,.T.);
#6283 = VERTEX_POINT('',#6284);
#6284 = CARTESIAN_POINT('',(50.,27.317543277285,-6.705379544485));
#6285 = B_SPLINE_CURVE_WITH_KNOTS('',2,(#6286,#6287,#6288),
  .UNSPECIFIED.,.F.,.F.,(3,3),(0.,1.),.PIECEWISE_BEZIER_KNOTS.);
#6286 = CARTESIAN_POINT('',(50.,27.328940048974,-6.91740670413));
#6287 = CARTESIAN_POINT('',(50.,27.323824092236,-6.799125332411));
#6288 = CARTESIAN_POINT('',(50.,27.317543277285,-6.705379544485));
#6289 = ORIENTED_EDGE('',*,*,#6290,.T.);
#6290 = EDGE_CURVE('',#6283,#6291,#6293,.T.);
#6291 = VERTEX_POINT('',#6292);
#6292 = CARTESIAN_POINT('',(50.,27.88844055461,-6.705379675173));
#6293 = LINE('',#6294,#6295);
#6294 = CARTESIAN_POINT('',(50.,27.317543277285,-6.705379544485));
#6295 = VECTOR('',#6296,1.);
#6296 = DIRECTION('',(0.,1.,-2.289171421248E-07));
#6297 = ORIENTED_EDGE('',*,*,#6298,.T.);
#6298 = EDGE_CURVE('',#6291,#6299,#6301,.T.);
#6299 = VERTEX_POINT('',#6300);
#6300 = CARTESIAN_POINT('',(50.,27.905229547785,-6.921094264871));
#6301 = B_SPLINE_CURVE_WITH_KNOTS('',2,(#6302,#6303,#6304),
  .UNSPECIFIED.,.F.,.F.,(3,3),(0.,1.),.PIECEWISE_BEZIER_KNOTS.);
#6302 = CARTESIAN_POINT('',(50.,27.88844055461,-6.705379675173));
#6303 = CARTESIAN_POINT('',(50.,27.894783842566,-6.745799569438));
#6304 = CARTESIAN_POINT('',(50.,27.905229547785,-6.921094264871));
#6305 = ORIENTED_EDGE('',*,*,#6306,.T.);
#6306 = EDGE_CURVE('',#6299,#6307,#6309,.T.);
#6307 = VERTEX_POINT('',#6308);
#6308 = CARTESIAN_POINT('',(50.,27.915598324809,-7.162053558084));
#6309 = B_SPLINE_CURVE_WITH_KNOTS('',2,(#6310,#6311,#6312),
  .UNSPECIFIED.,.F.,.F.,(3,3),(0.,1.),.PIECEWISE_BEZIER_KNOTS.);
#6310 = CARTESIAN_POINT('',(50.,27.905229547785,-6.921094264871));
#6311 = CARTESIAN_POINT('',(50.,27.915675419155,-7.096247136118));
#6312 = CARTESIAN_POINT('',(50.,27.915598324809,-7.162053558084));
#6313 = ORIENTED_EDGE('',*,*,#6314,.T.);
#6314 = EDGE_CURVE('',#6307,#6315,#6317,.T.);
#6315 = VERTEX_POINT('',#6316);
#6316 = CARTESIAN_POINT('',(50.,27.924119179695,-7.162053560034));
#6317 = LINE('',#6318,#6319);
#6318 = CARTESIAN_POINT('',(50.,27.915598324809,-7.162053558084));
#6319 = VECTOR('',#6320,1.);
#6320 = DIRECTION('',(0.,1.,-2.289171110097E-07));
#6321 = ORIENTED_EDGE('',*,*,#6322,.T.);
#6322 = EDGE_CURVE('',#6315,#6323,#6325,.T.);
#6323 = VERTEX_POINT('',#6324);
#6324 = CARTESIAN_POINT('',(50.,28.229188351192,-6.779128329536));
#6325 = B_SPLINE_CURVE_WITH_KNOTS('',2,(#6326,#6327,#6328),
  .UNSPECIFIED.,.F.,.F.,(3,3),(0.,1.),.PIECEWISE_BEZIER_KNOTS.);
#6326 = CARTESIAN_POINT('',(50.,27.924119179695,-7.162053560034));
#6327 = CARTESIAN_POINT('',(50.,28.045850403804,-6.898260603226));
#6328 = CARTESIAN_POINT('',(50.,28.229188351192,-6.779128329536));
#6329 = ORIENTED_EDGE('',*,*,#6330,.T.);
#6330 = EDGE_CURVE('',#6323,#6331,#6333,.T.);
#6331 = VERTEX_POINT('',#6332);
#6332 = CARTESIAN_POINT('',(50.,28.666021731423,-6.659996113876));
#6333 = B_SPLINE_CURVE_WITH_KNOTS('',2,(#6334,#6335,#6336),
  .UNSPECIFIED.,.F.,.F.,(3,3),(0.,1.),.PIECEWISE_BEZIER_KNOTS.);
#6334 = CARTESIAN_POINT('',(50.,28.229188351192,-6.779128329536));
#6335 = CARTESIAN_POINT('',(50.,28.412526298581,-6.659996055846));
#6336 = CARTESIAN_POINT('',(50.,28.666021731423,-6.659996113876));
#6337 = ORIENTED_EDGE('',*,*,#6338,.T.);
#6338 = EDGE_CURVE('',#6331,#6339,#6341,.T.);
#6339 = VERTEX_POINT('',#6340);
#6340 = CARTESIAN_POINT('',(50.,29.228133474351,-6.885922169749));
#6341 = B_SPLINE_CURVE_WITH_KNOTS('',2,(#6342,#6343,#6344),
  .UNSPECIFIED.,.F.,.F.,(3,3),(0.,1.),.PIECEWISE_BEZIER_KNOTS.);
#6342 = CARTESIAN_POINT('',(50.,28.666021731423,-6.659996113876));
#6343 = CARTESIAN_POINT('',(50.,29.032418491498,-6.65999619775));
#6344 = CARTESIAN_POINT('',(50.,29.228133474351,-6.885922169749));
#6345 = ORIENTED_EDGE('',*,*,#6346,.T.);
#6346 = EDGE_CURVE('',#6339,#6347,#6349,.T.);
#6347 = VERTEX_POINT('',#6348);
#6348 = CARTESIAN_POINT('',(50.,29.423339036373,-7.546681093788));
#6349 = B_SPLINE_CURVE_WITH_KNOTS('',2,(#6350,#6351,#6352),
  .UNSPECIFIED.,.F.,.F.,(3,3),(0.,1.),.PIECEWISE_BEZIER_KNOTS.);
#6350 = CARTESIAN_POINT('',(50.,29.228133474351,-6.885922169749));
#6351 = CARTESIAN_POINT('',(50.,29.423848457204,-7.111848141749));
#6352 = CARTESIAN_POINT('',(50.,29.423339036373,-7.546681093788));
#6353 = ORIENTED_EDGE('',*,*,#6354,.T.);
#6354 = EDGE_CURVE('',#6347,#6209,#6355,.T.);
#6355 = LINE('',#6356,#6357);
#6356 = CARTESIAN_POINT('',(50.,29.423339036373,-7.546681093788));
#6357 = VECTOR('',#6358,1.);
#6358 = DIRECTION('',(0.,-1.171531456477E-03,-0.999999313757));
#6359 = FACE_BOUND('',#6360,.T.);
#6360 = EDGE_LOOP('',(#6361,#6371,#6379,#6387,#6395,#6403,#6411,#6419,
    #6427,#6435,#6443,#6451));
#6361 = ORIENTED_EDGE('',*,*,#6362,.T.);
#6362 = EDGE_CURVE('',#6363,#6365,#6367,.T.);
#6363 = VERTEX_POINT('',#6364);
#6364 = CARTESIAN_POINT('',(50.,32.120888500633,-9.01087460043));
#6365 = VERTEX_POINT('',#6366);
#6366 = CARTESIAN_POINT('',(50.,31.466912888174,-9.010874450724));
#6367 = LINE('',#6368,#6369);
#6368 = CARTESIAN_POINT('',(50.,32.120888500633,-9.01087460043));
#6369 = VECTOR('',#6370,1.);
#6370 = DIRECTION('',(0.,-1.,2.289171388511E-07));
#6371 = ORIENTED_EDGE('',*,*,#6372,.T.);
#6372 = EDGE_CURVE('',#6365,#6373,#6375,.T.);
#6373 = VERTEX_POINT('',#6374);
#6374 = CARTESIAN_POINT('',(50.,30.852504330841,-7.966764657833));
#6375 = LINE('',#6376,#6377);
#6376 = CARTESIAN_POINT('',(50.,31.466912888174,-9.010874450724));
#6377 = VECTOR('',#6378,1.);
#6378 = DIRECTION('',(0.,-0.507158913744,0.861852560599));
#6379 = ORIENTED_EDGE('',*,*,#6380,.T.);
#6380 = EDGE_CURVE('',#6373,#6381,#6383,.T.);
#6381 = VERTEX_POINT('',#6382);
#6382 = CARTESIAN_POINT('',(50.,30.594538787226,-8.14574672064));
#6383 = LINE('',#6384,#6385);
#6384 = CARTESIAN_POINT('',(50.,30.852504330841,-7.966764657833));
#6385 = VECTOR('',#6386,1.);
#6386 = DIRECTION('',(0.,-0.821609649114,-0.570050510466));
#6387 = ORIENTED_EDGE('',*,*,#6388,.T.);
#6388 = EDGE_CURVE('',#6381,#6389,#6391,.T.);
#6389 = VERTEX_POINT('',#6390);
#6390 = CARTESIAN_POINT('',(50.,30.593525262415,-9.010874250791));
#6391 = LINE('',#6392,#6393);
#6392 = CARTESIAN_POINT('',(50.,30.594538787226,-8.14574672064));
#6393 = VECTOR('',#6394,1.);
#6394 = DIRECTION('',(0.,-1.171531456478E-03,-0.999999313757));
#6395 = ORIENTED_EDGE('',*,*,#6396,.T.);
#6396 = EDGE_CURVE('',#6389,#6397,#6399,.T.);
#6397 = VERTEX_POINT('',#6398);
#6398 = CARTESIAN_POINT('',(50.,29.994935206712,-9.010874113763));
#6399 = LINE('',#6400,#6401);
#6400 = CARTESIAN_POINT('',(50.,30.593525262415,-9.010874250791));
#6401 = VECTOR('',#6402,1.);
#6402 = DIRECTION('',(0.,-1.,2.289171399434E-07));
#6403 = ORIENTED_EDGE('',*,*,#6404,.T.);
#6404 = EDGE_CURVE('',#6397,#6405,#6407,.T.);
#6405 = VERTEX_POINT('',#6406);
#6406 = CARTESIAN_POINT('',(50.,29.998635735333,-5.852165859416));
#6407 = LINE('',#6408,#6409);
#6408 = CARTESIAN_POINT('',(50.,29.994935206712,-9.010874113763));
#6409 = VECTOR('',#6410,1.);
#6410 = DIRECTION('',(0.,1.171531456478E-03,0.999999313757));
#6411 = ORIENTED_EDGE('',*,*,#6412,.T.);
#6412 = EDGE_CURVE('',#6405,#6413,#6415,.T.);
#6413 = VERTEX_POINT('',#6414);
#6414 = CARTESIAN_POINT('',(50.,30.597225791036,-5.852165996443));
#6415 = LINE('',#6416,#6417);
#6416 = CARTESIAN_POINT('',(50.,29.998635735333,-5.852165859416));
#6417 = VECTOR('',#6418,1.);
#6418 = DIRECTION('',(0.,1.,-2.289171414272E-07));
#6419 = ORIENTED_EDGE('',*,*,#6420,.T.);
#6420 = EDGE_CURVE('',#6413,#6421,#6423,.T.);
#6421 = VERTEX_POINT('',#6422);
#6422 = CARTESIAN_POINT('',(50.,30.595107856484,-7.659998886088));
#6423 = LINE('',#6424,#6425);
#6424 = CARTESIAN_POINT('',(50.,30.597225791036,-5.852165996443));
#6425 = VECTOR('',#6426,1.);
#6426 = DIRECTION('',(0.,-1.171531456477E-03,-0.999999313757));
#6427 = ORIENTED_EDGE('',*,*,#6428,.T.);
#6428 = EDGE_CURVE('',#6421,#6429,#6431,.T.);
#6429 = VERTEX_POINT('',#6430);
#6430 = CARTESIAN_POINT('',(50.,31.418488719407,-6.705380483261));
#6431 = LINE('',#6432,#6433);
#6432 = CARTESIAN_POINT('',(50.,30.595107856484,-7.659998886088));
#6433 = VECTOR('',#6434,1.);
#6434 = DIRECTION('',(0.,0.65313707811,0.757239696));
#6435 = ORIENTED_EDGE('',*,*,#6436,.T.);
#6436 = EDGE_CURVE('',#6429,#6437,#6439,.T.);
#6437 = VERTEX_POINT('',#6438);
#6438 = CARTESIAN_POINT('',(50.,32.061813263259,-6.705380630529));
#6439 = LINE('',#6440,#6441);
#6440 = CARTESIAN_POINT('',(50.,31.418488719407,-6.705380483261));
#6441 = VECTOR('',#6442,1.);
#6442 = DIRECTION('',(0.,1.,-2.28917141383E-07));
#6443 = ORIENTED_EDGE('',*,*,#6444,.T.);
#6444 = EDGE_CURVE('',#6437,#6445,#6447,.T.);
#6445 = VERTEX_POINT('',#6446);
#6446 = CARTESIAN_POINT('',(50.,31.251278647943,-7.604545779841));
#6447 = LINE('',#6448,#6449);
#6448 = CARTESIAN_POINT('',(50.,32.061813263259,-6.705380630529));
#6449 = VECTOR('',#6450,1.);
#6450 = DIRECTION('',(0.,-0.669551428786,-0.742765699404));
#6451 = ORIENTED_EDGE('',*,*,#6452,.T.);
#6452 = EDGE_CURVE('',#6445,#6363,#6453,.T.);
#6453 = LINE('',#6454,#6455);
#6454 = CARTESIAN_POINT('',(50.,31.251278647943,-7.604545779841));
#6455 = VECTOR('',#6456,1.);
#6456 = DIRECTION('',(0.,0.525928399018,-0.850528846722));
#6457 = PLANE('',#6458);
#6458 = AXIS2_PLACEMENT_3D('',#6459,#6460,#6461);
#6459 = CARTESIAN_POINT('',(50.,-45.,0.));
#6460 = DIRECTION('',(1.,0.,0.));
#6461 = DIRECTION('',(0.,1.,0.));
#6462 = ADVANCED_FACE('',(#6463),#6489,.F.);
#6463 = FACE_BOUND('',#6464,.F.);
#6464 = EDGE_LOOP('',(#6465,#6473,#6481,#6487,#6488));
#6465 = ORIENTED_EDGE('',*,*,#6466,.T.);
#6466 = EDGE_CURVE('',#4743,#6467,#6469,.T.);
#6467 = VERTEX_POINT('',#6468);
#6468 = CARTESIAN_POINT('',(49.025,-6.,-4.5));
#6469 = LINE('',#6470,#6471);
#6470 = CARTESIAN_POINT('',(50.,-6.,-5.5));
#6471 = VECTOR('',#6472,1.);
#6472 = DIRECTION('',(-0.69810013613,1.589839681282E-16,0.71600013962));
#6473 = ORIENTED_EDGE('',*,*,#6474,.T.);
#6474 = EDGE_CURVE('',#6467,#6475,#6477,.T.);
#6475 = VERTEX_POINT('',#6476);
#6476 = CARTESIAN_POINT('',(48.35,-6.,-4.5));
#6477 = LINE('',#6478,#6479);
#6478 = CARTESIAN_POINT('',(49.025,-6.,-4.5));
#6479 = VECTOR('',#6480,1.);
#6480 = DIRECTION('',(-1.,0.,0.));
#6481 = ORIENTED_EDGE('',*,*,#6482,.T.);
#6482 = EDGE_CURVE('',#6475,#3373,#6483,.T.);
#6483 = LINE('',#6484,#6485);
#6484 = CARTESIAN_POINT('',(48.35,-6.,-4.5));
#6485 = VECTOR('',#6486,1.);
#6486 = DIRECTION('',(0.,2.22044604925E-16,1.));
#6487 = ORIENTED_EDGE('',*,*,#3380,.T.);
#6488 = ORIENTED_EDGE('',*,*,#4742,.T.);
#6489 = PLANE('',#6490);
#6490 = AXIS2_PLACEMENT_3D('',#6491,#6492,#6493);
#6491 = CARTESIAN_POINT('',(49.318909076454,-6.,-4.284029725598));
#6492 = DIRECTION('',(0.,1.,-1.102069471943E-15));
#6493 = DIRECTION('',(0.,1.102069471943E-15,1.));
#6494 = ADVANCED_FACE('',(#6495),#6521,.T.);
#6495 = FACE_BOUND('',#6496,.T.);
#6496 = EDGE_LOOP('',(#6497,#6505,#6513,#6519,#6520));
#6497 = ORIENTED_EDGE('',*,*,#6498,.T.);
#6498 = EDGE_CURVE('',#4751,#6499,#6501,.T.);
#6499 = VERTEX_POINT('',#6500);
#6500 = CARTESIAN_POINT('',(49.025,-14.,-4.5));
#6501 = LINE('',#6502,#6503);
#6502 = CARTESIAN_POINT('',(50.,-14.,-5.5));
#6503 = VECTOR('',#6504,1.);
#6504 = DIRECTION('',(-0.69810013613,1.589839681282E-16,0.71600013962));
#6505 = ORIENTED_EDGE('',*,*,#6506,.T.);
#6506 = EDGE_CURVE('',#6499,#6507,#6509,.T.);
#6507 = VERTEX_POINT('',#6508);
#6508 = CARTESIAN_POINT('',(48.35,-14.,-4.5));
#6509 = LINE('',#6510,#6511);
#6510 = CARTESIAN_POINT('',(49.025,-14.,-4.5));
#6511 = VECTOR('',#6512,1.);
#6512 = DIRECTION('',(-1.,0.,0.));
#6513 = ORIENTED_EDGE('',*,*,#6514,.T.);
#6514 = EDGE_CURVE('',#6507,#3348,#6515,.T.);
#6515 = LINE('',#6516,#6517);
#6516 = CARTESIAN_POINT('',(48.35,-14.,-4.5));
#6517 = VECTOR('',#6518,1.);
#6518 = DIRECTION('',(0.,2.22044604925E-16,1.));
#6519 = ORIENTED_EDGE('',*,*,#3347,.T.);
#6520 = ORIENTED_EDGE('',*,*,#4758,.T.);
#6521 = PLANE('',#6522);
#6522 = AXIS2_PLACEMENT_3D('',#6523,#6524,#6525);
#6523 = CARTESIAN_POINT('',(49.318909076454,-14.,-4.284029725598));
#6524 = DIRECTION('',(0.,1.,-1.102069471943E-15));
#6525 = DIRECTION('',(0.,1.102069471943E-15,1.));
#6526 = ADVANCED_FACE('',(#6527),#6546,.T.);
#6527 = FACE_BOUND('',#6528,.T.);
#6528 = EDGE_LOOP('',(#6529,#6530,#6531,#6539));
#6529 = ORIENTED_EDGE('',*,*,#4719,.F.);
#6530 = ORIENTED_EDGE('',*,*,#3330,.F.);
#6531 = ORIENTED_EDGE('',*,*,#6532,.T.);
#6532 = EDGE_CURVE('',#3323,#6533,#6535,.T.);
#6533 = VERTEX_POINT('',#6534);
#6534 = CARTESIAN_POINT('',(45.,-50.,-24.5));
#6535 = LINE('',#6536,#6537);
#6536 = CARTESIAN_POINT('',(45.,-50.,0.));
#6537 = VECTOR('',#6538,1.);
#6538 = DIRECTION('',(-0.,-0.,-1.));
#6539 = ORIENTED_EDGE('',*,*,#6540,.T.);
#6540 = EDGE_CURVE('',#6533,#4720,#6541,.T.);
#6541 = CIRCLE('',#6542,5.);
#6542 = AXIS2_PLACEMENT_3D('',#6543,#6544,#6545);
#6543 = CARTESIAN_POINT('',(45.,-45.,-24.5));
#6544 = DIRECTION('',(-0.,0.,1.));
#6545 = DIRECTION('',(0.,-1.,0.));
#6546 = CYLINDRICAL_SURFACE('',#6547,5.);
#6547 = AXIS2_PLACEMENT_3D('',#6548,#6549,#6550);
#6548 = CARTESIAN_POINT('',(45.,-45.,0.));
#6549 = DIRECTION('',(0.,0.,1.));
#6550 = DIRECTION('',(1.,0.,0.));
#6551 = ADVANCED_FACE('',(#6552,#6570,#6660,#6838,#7072,#7162,#7173,
    #7184,#7195),#7206,.T.);
#6552 = FACE_BOUND('',#6553,.T.);
#6553 = EDGE_LOOP('',(#6554,#6562,#6568,#6569));
#6554 = ORIENTED_EDGE('',*,*,#6555,.T.);
#6555 = EDGE_CURVE('',#3314,#6556,#6558,.T.);
#6556 = VERTEX_POINT('',#6557);
#6557 = CARTESIAN_POINT('',(-45.,-50.,-24.5));
#6558 = LINE('',#6559,#6560);
#6559 = CARTESIAN_POINT('',(-45.,-50.,0.));
#6560 = VECTOR('',#6561,1.);
#6561 = DIRECTION('',(-0.,-0.,-1.));
#6562 = ORIENTED_EDGE('',*,*,#6563,.T.);
#6563 = EDGE_CURVE('',#6556,#6533,#6564,.T.);
#6564 = LINE('',#6565,#6566);
#6565 = CARTESIAN_POINT('',(-45.,-50.,-24.5));
#6566 = VECTOR('',#6567,1.);
#6567 = DIRECTION('',(1.,0.,0.));
#6568 = ORIENTED_EDGE('',*,*,#6532,.F.);
#6569 = ORIENTED_EDGE('',*,*,#3322,.F.);
#6570 = FACE_BOUND('',#6571,.T.);
#6571 = EDGE_LOOP('',(#6572,#6582,#6590,#6598,#6606,#6614,#6622,#6630,
    #6638,#6646,#6654));
#6572 = ORIENTED_EDGE('',*,*,#6573,.T.);
#6573 = EDGE_CURVE('',#6574,#6576,#6578,.T.);
#6574 = VERTEX_POINT('',#6575);
#6575 = CARTESIAN_POINT('',(-27.29439094316,-50.,-19.06934477176));
#6576 = VERTEX_POINT('',#6577);
#6577 = CARTESIAN_POINT('',(-30.,-50.,-19.));
#6578 = LINE('',#6579,#6580);
#6579 = CARTESIAN_POINT('',(-27.29439094316,-50.,-19.06934477176));
#6580 = VECTOR('',#6581,1.);
#6581 = DIRECTION('',(-0.999671713169,5.689135897645E-18,
    2.562159030869E-02));
#6582 = ORIENTED_EDGE('',*,*,#6583,.T.);
#6583 = EDGE_CURVE('',#6576,#6584,#6586,.T.);
#6584 = VERTEX_POINT('',#6585);
#6585 = CARTESIAN_POINT('',(-29.98478718075,-50.,-18.4064449203));
#6586 = LINE('',#6587,#6588);
#6587 = CARTESIAN_POINT('',(-30.,-50.,-19.));
#6588 = VECTOR('',#6589,1.);
#6589 = DIRECTION('',(2.562159030869E-02,2.219717106053E-16,
    0.999671713169));
#6590 = ORIENTED_EDGE('',*,*,#6591,.T.);
#6591 = EDGE_CURVE('',#6584,#6592,#6594,.T.);
#6592 = VERTEX_POINT('',#6593);
#6593 = CARTESIAN_POINT('',(-28.99396077903,-50.,-18.43183980524));
#6594 = LINE('',#6595,#6596);
#6595 = CARTESIAN_POINT('',(-29.98478718075,-50.,-18.4064449203));
#6596 = VECTOR('',#6597,1.);
#6597 = DIRECTION('',(0.999671713169,-5.689135897645E-18,
    -2.562159030869E-02));
#6598 = ORIENTED_EDGE('',*,*,#6599,.T.);
#6599 = EDGE_CURVE('',#6592,#6600,#6602,.T.);
#6600 = VERTEX_POINT('',#6601);
#6601 = CARTESIAN_POINT('',(-28.92408371455,-50.,-15.70546240569));
#6602 = LINE('',#6603,#6604);
#6603 = CARTESIAN_POINT('',(-28.99396077903,-50.,-18.43183980524));
#6604 = VECTOR('',#6605,1.);
#6605 = DIRECTION('',(2.562159030869E-02,2.219717106053E-16,
    0.999671713169));
#6606 = ORIENTED_EDGE('',*,*,#6607,.T.);
#6607 = EDGE_CURVE('',#6600,#6608,#6610,.T.);
#6608 = VERTEX_POINT('',#6609);
#6609 = CARTESIAN_POINT('',(-29.89889345008,-50.,-16.27442301229));
#6610 = LINE('',#6611,#6612);
#6611 = CARTESIAN_POINT('',(-28.92408371455,-50.,-15.70546240569));
#6612 = VECTOR('',#6613,1.);
#6613 = DIRECTION('',(-0.863654866491,-1.119290428856E-16,
    -0.504083595832));
#6614 = ORIENTED_EDGE('',*,*,#6615,.T.);
#6615 = EDGE_CURVE('',#6608,#6616,#6618,.T.);
#6616 = VERTEX_POINT('',#6617);
#6617 = CARTESIAN_POINT('',(-29.88280716752,-50.,-15.6467882151));
#6618 = LINE('',#6619,#6620);
#6619 = CARTESIAN_POINT('',(-29.89889345008,-50.,-16.27442301229));
#6620 = VECTOR('',#6621,1.);
#6621 = DIRECTION('',(2.562159030869E-02,2.219717106053E-16,
    0.999671713169));
#6622 = ORIENTED_EDGE('',*,*,#6623,.T.);
#6623 = EDGE_CURVE('',#6616,#6624,#6626,.T.);
#6624 = VERTEX_POINT('',#6625);
#6625 = CARTESIAN_POINT('',(-28.86410157508,-50.,-15.02779950296));
#6626 = LINE('',#6627,#6628);
#6627 = CARTESIAN_POINT('',(-29.88280716752,-50.,-15.6467882151));
#6628 = VECTOR('',#6629,1.);
#6629 = DIRECTION('',(0.854605520362,1.153028277457E-16,0.51927777207));
#6630 = ORIENTED_EDGE('',*,*,#6631,.T.);
#6631 = EDGE_CURVE('',#6624,#6632,#6634,.T.);
#6632 = VERTEX_POINT('',#6633);
#6633 = CARTESIAN_POINT('',(-28.10891583623,-50.,-15.04715491669));
#6634 = LINE('',#6635,#6636);
#6635 = CARTESIAN_POINT('',(-28.86410157508,-50.,-15.02779950296));
#6636 = VECTOR('',#6637,1.);
#6637 = DIRECTION('',(0.999671713169,-5.689135897644E-18,
    -2.562159030869E-02));
#6638 = ORIENTED_EDGE('',*,*,#6639,.T.);
#6639 = EDGE_CURVE('',#6632,#6640,#6642,.T.);
#6640 = VERTEX_POINT('',#6641);
#6641 = CARTESIAN_POINT('',(-28.19618937822,-50.,-18.45228668967));
#6642 = LINE('',#6643,#6644);
#6643 = CARTESIAN_POINT('',(-28.10891583623,-50.,-15.04715491669));
#6644 = VECTOR('',#6645,1.);
#6645 = DIRECTION('',(-2.562159030869E-02,-2.219717106053E-16,
    -0.999671713169));
#6646 = ORIENTED_EDGE('',*,*,#6647,.T.);
#6647 = EDGE_CURVE('',#6640,#6648,#6650,.T.);
#6648 = VERTEX_POINT('',#6649);
#6649 = CARTESIAN_POINT('',(-27.27917812391,-50.,-18.47578969207));
#6650 = LINE('',#6651,#6652);
#6651 = CARTESIAN_POINT('',(-28.19618937822,-50.,-18.45228668967));
#6652 = VECTOR('',#6653,1.);
#6653 = DIRECTION('',(0.999671713169,-5.689135897644E-18,
    -2.562159030869E-02));
#6654 = ORIENTED_EDGE('',*,*,#6655,.T.);
#6655 = EDGE_CURVE('',#6648,#6574,#6656,.T.);
#6656 = LINE('',#6657,#6658);
#6657 = CARTESIAN_POINT('',(-27.27917812391,-50.,-18.47578969207));
#6658 = VECTOR('',#6659,1.);
#6659 = DIRECTION('',(-2.562159030869E-02,-2.219717106053E-16,
    -0.999671713169));
#6660 = FACE_BOUND('',#6661,.T.);
#6661 = EDGE_LOOP('',(#6662,#6672,#6680,#6688,#6696,#6704,#6712,#6720,
    #6728,#6736,#6744,#6752,#6760,#6768,#6776,#6784,#6792,#6800,#6808,
    #6816,#6824,#6832));
#6662 = ORIENTED_EDGE('',*,*,#6663,.T.);
#6663 = EDGE_CURVE('',#6664,#6666,#6668,.T.);
#6664 = VERTEX_POINT('',#6665);
#6665 = CARTESIAN_POINT('',(-7.300702386905,-50.,-19.07174600986));
#6666 = VERTEX_POINT('',#6667);
#6667 = CARTESIAN_POINT('',(-10.09999990006,-50.,-19.00000000256));
#6668 = LINE('',#6669,#6670);
#6669 = CARTESIAN_POINT('',(-7.300702386905,-50.,-19.07174600986));
#6670 = VECTOR('',#6671,1.);
#6671 = DIRECTION('',(-0.999671713169,5.689135897645E-18,
    2.562159030869E-02));
#6672 = ORIENTED_EDGE('',*,*,#6673,.T.);
#6673 = EDGE_CURVE('',#6666,#6674,#6676,.T.);
#6674 = VERTEX_POINT('',#6675);
#6675 = CARTESIAN_POINT('',(-10.08581097391,-50.,-18.44639392504));
#6676 = LINE('',#6677,#6678);
#6677 = CARTESIAN_POINT('',(-10.09999990006,-50.,-19.00000000256));
#6678 = VECTOR('',#6679,1.);
#6679 = DIRECTION('',(2.562159030869E-02,2.219717106053E-16,
    0.999671713169));
#6680 = ORIENTED_EDGE('',*,*,#6681,.T.);
#6681 = EDGE_CURVE('',#6674,#6682,#6684,.T.);
#6682 = VERTEX_POINT('',#6683);
#6683 = CARTESIAN_POINT('',(-9.624426795685,-50.,-17.78792339665));
#6684 = B_SPLINE_CURVE_WITH_KNOTS('',2,(#6685,#6686,#6687),
  .UNSPECIFIED.,.F.,.F.,(3,3),(0.,1.),.PIECEWISE_BEZIER_KNOTS.);
#6685 = CARTESIAN_POINT('',(-10.08581097391,-50.,-18.44639392504));
#6686 = CARTESIAN_POINT('',(-9.920860977618,-50.,-18.10694816463));
#6687 = CARTESIAN_POINT('',(-9.624426795685,-50.,-17.78792339665));
#6688 = ORIENTED_EDGE('',*,*,#6689,.T.);
#6689 = EDGE_CURVE('',#6682,#6690,#6692,.T.);
#6690 = VERTEX_POINT('',#6691);
#6691 = CARTESIAN_POINT('',(-8.88149682444,-50.,-17.12530152002));
#6692 = B_SPLINE_CURVE_WITH_KNOTS('',2,(#6693,#6694,#6695),
  .UNSPECIFIED.,.F.,.F.,(3,3),(0.,1.),.PIECEWISE_BEZIER_KNOTS.);
#6693 = CARTESIAN_POINT('',(-9.624426795685,-50.,-17.78792339665));
#6694 = CARTESIAN_POINT('',(-9.327803344143,-50.,-17.46890347965));
#6695 = CARTESIAN_POINT('',(-8.88149682444,-50.,-17.12530152002));
#6696 = ORIENTED_EDGE('',*,*,#6697,.T.);
#6697 = EDGE_CURVE('',#6690,#6698,#6700,.T.);
#6698 = VERTEX_POINT('',#6699);
#6699 = CARTESIAN_POINT('',(-8.278082510088,-50.,-16.57827176565));
#6700 = B_SPLINE_CURVE_WITH_KNOTS('',2,(#6701,#6702,#6703),
  .UNSPECIFIED.,.F.,.F.,(3,3),(0.,1.),.PIECEWISE_BEZIER_KNOTS.);
#6701 = CARTESIAN_POINT('',(-8.88149682444,-50.,-17.12530152002));
#6702 = CARTESIAN_POINT('',(-8.452583659993,-50.,-16.79527352265));
#6703 = CARTESIAN_POINT('',(-8.278082510088,-50.,-16.57827176565));
#6704 = ORIENTED_EDGE('',*,*,#6705,.T.);
#6705 = EDGE_CURVE('',#6698,#6706,#6708,.T.);
#6706 = VERTEX_POINT('',#6707);
#6707 = CARTESIAN_POINT('',(-8.097932944912,-50.,-16.14827662529));
#6708 = B_SPLINE_CURVE_WITH_KNOTS('',2,(#6709,#6710,#6711),
  .UNSPECIFIED.,.F.,.F.,(3,3),(0.,1.),.PIECEWISE_BEZIER_KNOTS.);
#6709 = CARTESIAN_POINT('',(-8.278082510088,-50.,-16.57827176565));
#6710 = CARTESIAN_POINT('',(-8.103387238,-50.,-16.36108552786));
#6711 = CARTESIAN_POINT('',(-8.097932944912,-50.,-16.14827662529));
#6712 = ORIENTED_EDGE('',*,*,#6713,.T.);
#6713 = EDGE_CURVE('',#6706,#6714,#6716,.T.);
#6714 = VERTEX_POINT('',#6715);
#6715 = CARTESIAN_POINT('',(-8.609777562843,-50.,-15.61282748037));
#6716 = B_SPLINE_CURVE_WITH_KNOTS('',2,(#6717,#6718,#6719),
  .UNSPECIFIED.,.F.,.F.,(3,3),(0.,1.),.PIECEWISE_BEZIER_KNOTS.);
#6717 = CARTESIAN_POINT('',(-8.097932944912,-50.,-16.14827662529));
#6718 = CARTESIAN_POINT('',(-8.084554398609,-50.,-15.62628895233));
#6719 = CARTESIAN_POINT('',(-8.609777562843,-50.,-15.61282748037));
#6720 = ORIENTED_EDGE('',*,*,#6721,.T.);
#6721 = EDGE_CURVE('',#6714,#6722,#6724,.T.);
#6722 = VERTEX_POINT('',#6723);
#6723 = CARTESIAN_POINT('',(-9.003773439474,-50.,-15.74065343089));
#6724 = B_SPLINE_CURVE_WITH_KNOTS('',2,(#6725,#6726,#6727),
  .UNSPECIFIED.,.F.,.F.,(3,3),(0.,1.),.PIECEWISE_BEZIER_KNOTS.);
#6725 = CARTESIAN_POINT('',(-8.609777562843,-50.,-15.61282748037));
#6726 = CARTESIAN_POINT('',(-8.865291534632,-50.,-15.60627865618));
#6727 = CARTESIAN_POINT('',(-9.003773439474,-50.,-15.74065343089));
#6728 = ORIENTED_EDGE('',*,*,#6729,.T.);
#6729 = EDGE_CURVE('',#6722,#6730,#6732,.T.);
#6730 = VERTEX_POINT('',#6731);
#6731 = CARTESIAN_POINT('',(-9.188878040172,-50.,-16.14968139878));
#6732 = B_SPLINE_CURVE_WITH_KNOTS('',2,(#6733,#6734,#6735),
  .UNSPECIFIED.,.F.,.F.,(3,3),(0.,1.),.PIECEWISE_BEZIER_KNOTS.);
#6733 = CARTESIAN_POINT('',(-9.003773439474,-50.,-15.74065343089));
#6734 = CARTESIAN_POINT('',(-9.142066074707,-50.,-15.87503305659));
#6735 = CARTESIAN_POINT('',(-9.188878040172,-50.,-16.14968139878));
#6736 = ORIENTED_EDGE('',*,*,#6737,.T.);
#6737 = EDGE_CURVE('',#6730,#6738,#6740,.T.);
#6738 = VERTEX_POINT('',#6739);
#6739 = CARTESIAN_POINT('',(-9.991162911502,-50.,-16.0836493616));
#6740 = LINE('',#6741,#6742);
#6741 = CARTESIAN_POINT('',(-9.188878040172,-50.,-16.14968139878));
#6742 = VECTOR('',#6743,1.);
#6743 = DIRECTION('',(-0.99663005709,1.821378893539E-17,
    8.202761306244E-02));
#6744 = ORIENTED_EDGE('',*,*,#6745,.T.);
#6745 = EDGE_CURVE('',#6738,#6746,#6748,.T.);
#6746 = VERTEX_POINT('',#6747);
#6747 = CARTESIAN_POINT('',(-9.553568934501,-50.,-15.24496467394));
#6748 = B_SPLINE_CURVE_WITH_KNOTS('',2,(#6749,#6750,#6751),
  .UNSPECIFIED.,.F.,.F.,(3,3),(0.,1.),.PIECEWISE_BEZIER_KNOTS.);
#6749 = CARTESIAN_POINT('',(-9.991162911502,-50.,-16.0836493616));
#6750 = CARTESIAN_POINT('',(-9.908754432453,-50.,-15.52857099721));
#6751 = CARTESIAN_POINT('',(-9.553568934501,-50.,-15.24496467394));
#6752 = ORIENTED_EDGE('',*,*,#6753,.T.);
#6753 = EDGE_CURVE('',#6746,#6754,#6756,.T.);
#6754 = VERTEX_POINT('',#6755);
#6755 = CARTESIAN_POINT('',(-8.599151002727,-50.,-14.97652722439));
#6756 = B_SPLINE_CURVE_WITH_KNOTS('',2,(#6757,#6758,#6759),
  .UNSPECIFIED.,.F.,.F.,(3,3),(0.,1.),.PIECEWISE_BEZIER_KNOTS.);
#6757 = CARTESIAN_POINT('',(-9.553568934501,-50.,-15.24496467394));
#6758 = CARTESIAN_POINT('',(-9.198189314366,-50.,-14.96117386988));
#6759 = CARTESIAN_POINT('',(-8.599151002727,-50.,-14.97652722439));
#6760 = ORIENTED_EDGE('',*,*,#6761,.T.);
#6761 = EDGE_CURVE('',#6754,#6762,#6764,.T.);
#6762 = VERTEX_POINT('',#6763);
#6763 = CARTESIAN_POINT('',(-7.613050719623,-50.,-15.29716309389));
#6764 = B_SPLINE_CURVE_WITH_KNOTS('',2,(#6765,#6766,#6767),
  .UNSPECIFIED.,.F.,.F.,(3,3),(0.,1.),.PIECEWISE_BEZIER_KNOTS.);
#6765 = CARTESIAN_POINT('',(-8.599151002727,-50.,-14.97652722439));
#6766 = CARTESIAN_POINT('',(-7.95184894086,-50.,-14.99311757902));
#6767 = CARTESIAN_POINT('',(-7.613050719623,-50.,-15.29716309389));
#6768 = ORIENTED_EDGE('',*,*,#6769,.T.);
#6769 = EDGE_CURVE('',#6762,#6770,#6772,.T.);
#6770 = VERTEX_POINT('',#6771);
#6771 = CARTESIAN_POINT('',(-7.287931904273,-50.,-16.13493485108));
#6772 = B_SPLINE_CURVE_WITH_KNOTS('',2,(#6773,#6774,#6775),
  .UNSPECIFIED.,.F.,.F.,(3,3),(0.,1.),.PIECEWISE_BEZIER_KNOTS.);
#6773 = CARTESIAN_POINT('',(-7.613050719623,-50.,-15.29716309389));
#6774 = CARTESIAN_POINT('',(-7.274252498386,-50.,-15.60120860877));
#6775 = CARTESIAN_POINT('',(-7.287931904273,-50.,-16.13493485108));
#6776 = ORIENTED_EDGE('',*,*,#6777,.T.);
#6777 = EDGE_CURVE('',#6770,#6778,#6780,.T.);
#6778 = VERTEX_POINT('',#6779);
#6779 = CARTESIAN_POINT('',(-7.411678933788,-50.,-16.64026348146));
#6780 = B_SPLINE_CURVE_WITH_KNOTS('',2,(#6781,#6782,#6783),
  .UNSPECIFIED.,.F.,.F.,(3,3),(0.,1.),.PIECEWISE_BEZIER_KNOTS.);
#6781 = CARTESIAN_POINT('',(-7.287931904273,-50.,-16.13493485108));
#6782 = CARTESIAN_POINT('',(-7.295133123973,-50.,-16.41590318865));
#6783 = CARTESIAN_POINT('',(-7.411678933788,-50.,-16.64026348146));
#6784 = ORIENTED_EDGE('',*,*,#6785,.T.);
#6785 = EDGE_CURVE('',#6778,#6786,#6788,.T.);
#6786 = VERTEX_POINT('',#6787);
#6787 = CARTESIAN_POINT('',(-7.70631238783,-50.,-17.05159954002));
#6788 = B_SPLINE_CURVE_WITH_KNOTS('',2,(#6789,#6790,#6791),
  .UNSPECIFIED.,.F.,.F.,(3,3),(0.,1.),.PIECEWISE_BEZIER_KNOTS.);
#6789 = CARTESIAN_POINT('',(-7.411678933788,-50.,-16.64026348146));
#6790 = CARTESIAN_POINT('',(-7.52821989103,-50.,-16.8644344425));
#6791 = CARTESIAN_POINT('',(-7.70631238783,-50.,-17.05159954002));
#6792 = ORIENTED_EDGE('',*,*,#6793,.T.);
#6793 = EDGE_CURVE('',#6786,#6794,#6796,.T.);
#6794 = VERTEX_POINT('',#6795);
#6795 = CARTESIAN_POINT('',(-8.10029798254,-50.,-17.40071052015));
#6796 = B_SPLINE_CURVE_WITH_KNOTS('',2,(#6797,#6798,#6799),
  .UNSPECIFIED.,.F.,.F.,(3,3),(0.,1.),.PIECEWISE_BEZIER_KNOTS.);
#6797 = CARTESIAN_POINT('',(-7.70631238783,-50.,-17.05159954002));
#6798 = CARTESIAN_POINT('',(-7.884400032055,-50.,-17.23857530577));
#6799 = CARTESIAN_POINT('',(-8.10029798254,-50.,-17.40071052015));
#6800 = ORIENTED_EDGE('',*,*,#6801,.T.);
#6801 = EDGE_CURVE('',#6794,#6802,#6804,.T.);
#6802 = VERTEX_POINT('',#6803);
#6803 = CARTESIAN_POINT('',(-8.518811062106,-50.,-17.71660640546));
#6804 = B_SPLINE_CURVE_WITH_KNOTS('',2,(#6805,#6806,#6807),
  .UNSPECIFIED.,.F.,.F.,(3,3),(0.,1.),.PIECEWISE_BEZIER_KNOTS.);
#6805 = CARTESIAN_POINT('',(-8.10029798254,-50.,-17.40071052015));
#6806 = CARTESIAN_POINT('',(-8.316001810842,-50.,-17.56266125375));
#6807 = CARTESIAN_POINT('',(-8.518811062106,-50.,-17.71660640546));
#6808 = ORIENTED_EDGE('',*,*,#6809,.T.);
#6809 = EDGE_CURVE('',#6802,#6810,#6812,.T.);
#6810 = VERTEX_POINT('',#6811);
#6811 = CARTESIAN_POINT('',(-8.889104083836,-50.,-18.028054487));
#6812 = B_SPLINE_CURVE_WITH_KNOTS('',2,(#6813,#6814,#6815),
  .UNSPECIFIED.,.F.,.F.,(3,3),(0.,1.),.PIECEWISE_BEZIER_KNOTS.);
#6813 = CARTESIAN_POINT('',(-8.518811062106,-50.,-17.71660640546));
#6814 = CARTESIAN_POINT('',(-8.721615460796,-50.,-17.87036222541));
#6815 = CARTESIAN_POINT('',(-8.889104083836,-50.,-18.028054487));
#6816 = ORIENTED_EDGE('',*,*,#6817,.T.);
#6817 = EDGE_CURVE('',#6810,#6818,#6820,.T.);
#6818 = VERTEX_POINT('',#6819);
#6819 = CARTESIAN_POINT('',(-9.140623079935,-50.,-18.3681233256));
#6820 = B_SPLINE_CURVE_WITH_KNOTS('',2,(#6821,#6822,#6823),
  .UNSPECIFIED.,.F.,.F.,(3,3),(0.,1.),.PIECEWISE_BEZIER_KNOTS.);
#6821 = CARTESIAN_POINT('',(-8.889104083836,-50.,-18.028054487));
#6822 = CARTESIAN_POINT('',(-9.056403437267,-50.,-18.18575159958));
#6823 = CARTESIAN_POINT('',(-9.140623079935,-50.,-18.3681233256));
#6824 = ORIENTED_EDGE('',*,*,#6825,.T.);
#6825 = EDGE_CURVE('',#6818,#6826,#6828,.T.);
#6826 = VERTEX_POINT('',#6827);
#6827 = CARTESIAN_POINT('',(-7.283888218265,-50.,-18.41571144809));
#6828 = LINE('',#6829,#6830);
#6829 = CARTESIAN_POINT('',(-9.140623079935,-50.,-18.3681233256));
#6830 = VECTOR('',#6831,1.);
#6831 = DIRECTION('',(0.999671713169,-5.689135897645E-18,
    -2.562159030869E-02));
#6832 = ORIENTED_EDGE('',*,*,#6833,.T.);
#6833 = EDGE_CURVE('',#6826,#6664,#6834,.T.);
#6834 = LINE('',#6835,#6836);
#6835 = CARTESIAN_POINT('',(-7.283888218265,-50.,-18.41571144809));
#6836 = VECTOR('',#6837,1.);
#6837 = DIRECTION('',(-2.562159030869E-02,-2.219717106053E-16,
    -0.999671713169));
#6838 = FACE_BOUND('',#6839,.T.);
#6839 = EDGE_LOOP('',(#6840,#6850,#6858,#6866,#6874,#6882,#6890,#6898,
    #6906,#6914,#6922,#6930,#6938,#6946,#6954,#6962,#6970,#6978,#6986,
    #6994,#7002,#7010,#7018,#7026,#7034,#7042,#7050,#7058,#7066));
#6840 = ORIENTED_EDGE('',*,*,#6841,.T.);
#6841 = EDGE_CURVE('',#6842,#6844,#6846,.T.);
#6842 = VERTEX_POINT('',#6843);
#6843 = CARTESIAN_POINT('',(12.486303971973,-50.,-17.32490625647));
#6844 = VERTEX_POINT('',#6845);
#6845 = CARTESIAN_POINT('',(12.718612223914,-50.,-17.9634543539));
#6846 = B_SPLINE_CURVE_WITH_KNOTS('',2,(#6847,#6848,#6849),
  .UNSPECIFIED.,.F.,.F.,(3,3),(0.,1.),.PIECEWISE_BEZIER_KNOTS.);
#6847 = CARTESIAN_POINT('',(12.486303971973,-50.,-17.32490625647));
#6848 = CARTESIAN_POINT('',(12.728472654123,-50.,-17.57873220974));
#6849 = CARTESIAN_POINT('',(12.718612223914,-50.,-17.9634543539));
#6850 = ORIENTED_EDGE('',*,*,#6851,.T.);
#6851 = EDGE_CURVE('',#6844,#6852,#6854,.T.);
#6852 = VERTEX_POINT('',#6853);
#6853 = CARTESIAN_POINT('',(12.327345666339,-50.,-18.81980909729));
#6854 = B_SPLINE_CURVE_WITH_KNOTS('',2,(#6855,#6856,#6857),
  .UNSPECIFIED.,.F.,.F.,(3,3),(0.,1.),.PIECEWISE_BEZIER_KNOTS.);
#6855 = CARTESIAN_POINT('',(12.718612223914,-50.,-17.9634543539));
#6856 = CARTESIAN_POINT('',(12.704253457678,-50.,-18.52368704315));
#6857 = CARTESIAN_POINT('',(12.327345666339,-50.,-18.81980909729));
#6858 = ORIENTED_EDGE('',*,*,#6859,.T.);
#6859 = EDGE_CURVE('',#6852,#6860,#6862,.T.);
#6860 = VERTEX_POINT('',#6861);
#6861 = CARTESIAN_POINT('',(11.269072136134,-50.,-19.09827828848));
#6862 = B_SPLINE_CURVE_WITH_KNOTS('',2,(#6863,#6864,#6865),
  .UNSPECIFIED.,.F.,.F.,(3,3),(0.,1.),.PIECEWISE_BEZIER_KNOTS.);
#6863 = CARTESIAN_POINT('',(12.327345666339,-50.,-18.81980909729));
#6864 = CARTESIAN_POINT('',(11.950442727573,-50.,-19.11574181966));
#6865 = CARTESIAN_POINT('',(11.269072136134,-50.,-19.09827828848));
#6866 = ORIENTED_EDGE('',*,*,#6867,.T.);
#6867 = EDGE_CURVE('',#6860,#6868,#6870,.T.);
#6868 = VERTEX_POINT('',#6869);
#6869 = CARTESIAN_POINT('',(10.251781188181,-50.,-18.77532735301));
#6870 = B_SPLINE_CURVE_WITH_KNOTS('',2,(#6871,#6872,#6873),
  .UNSPECIFIED.,.F.,.F.,(3,3),(0.,1.),.PIECEWISE_BEZIER_KNOTS.);
#6871 = CARTESIAN_POINT('',(11.269072136134,-50.,-19.09827828848));
#6872 = CARTESIAN_POINT('',(10.624609118399,-50.,-19.08176069856));
#6873 = CARTESIAN_POINT('',(10.251781188181,-50.,-18.77532735301));
#6874 = ORIENTED_EDGE('',*,*,#6875,.T.);
#6875 = EDGE_CURVE('',#6868,#6876,#6878,.T.);
#6876 = VERTEX_POINT('',#6877);
#6877 = CARTESIAN_POINT('',(9.827994598891,-50.,-17.90774505686));
#6878 = B_SPLINE_CURVE_WITH_KNOTS('',2,(#6879,#6880,#6881),
  .UNSPECIFIED.,.F.,.F.,(3,3),(0.,1.),.PIECEWISE_BEZIER_KNOTS.);
#6879 = CARTESIAN_POINT('',(10.251781188181,-50.,-18.77532735301));
#6880 = CARTESIAN_POINT('',(9.878958110538,-50.,-18.4687046757));
#6881 = CARTESIAN_POINT('',(9.827994598891,-50.,-17.90774505686));
#6882 = ORIENTED_EDGE('',*,*,#6883,.T.);
#6883 = EDGE_CURVE('',#6876,#6884,#6886,.T.);
#6884 = VERTEX_POINT('',#6885);
#6885 = CARTESIAN_POINT('',(10.641780935576,-50.,-17.85755635342));
#6886 = LINE('',#6887,#6888);
#6887 = CARTESIAN_POINT('',(9.827994598891,-50.,-17.90774505686));
#6888 = VECTOR('',#6889,1.);
#6889 = DIRECTION('',(0.998103624121,1.366820363774E-17,
    6.155611680974E-02));
#6890 = ORIENTED_EDGE('',*,*,#6891,.T.);
#6891 = EDGE_CURVE('',#6884,#6892,#6894,.T.);
#6892 = VERTEX_POINT('',#6893);
#6893 = CARTESIAN_POINT('',(11.282828894817,-50.,-18.45069089137));
#6894 = B_SPLINE_CURVE_WITH_KNOTS('',2,(#6895,#6896,#6897),
  .UNSPECIFIED.,.F.,.F.,(3,3),(0.,1.),.PIECEWISE_BEZIER_KNOTS.);
#6895 = CARTESIAN_POINT('',(10.641780935576,-50.,-17.85755635342));
#6896 = CARTESIAN_POINT('',(10.703663892094,-50.,-18.43584688986));
#6897 = CARTESIAN_POINT('',(11.282828894817,-50.,-18.45069089137));
#6898 = ORIENTED_EDGE('',*,*,#6899,.T.);
#6899 = EDGE_CURVE('',#6892,#6900,#6902,.T.);
#6900 = VERTEX_POINT('',#6901);
#6901 = CARTESIAN_POINT('',(11.732169138381,-50.,-18.32125211904));
#6902 = B_SPLINE_CURVE_WITH_KNOTS('',2,(#6903,#6904,#6905),
  .UNSPECIFIED.,.F.,.F.,(3,3),(0.,1.),.PIECEWISE_BEZIER_KNOTS.);
#6903 = CARTESIAN_POINT('',(11.282828894817,-50.,-18.45069089137));
#6904 = CARTESIAN_POINT('',(11.569572352047,-50.,-18.45804012741));
#6905 = CARTESIAN_POINT('',(11.732169138381,-50.,-18.32125211904));
#6906 = ORIENTED_EDGE('',*,*,#6907,.T.);
#6907 = EDGE_CURVE('',#6900,#6908,#6910,.T.);
#6908 = VERTEX_POINT('',#6909);
#6909 = CARTESIAN_POINT('',(11.902214625685,-50.,-17.89383985316));
#6910 = B_SPLINE_CURVE_WITH_KNOTS('',2,(#6911,#6912,#6913),
  .UNSPECIFIED.,.F.,.F.,(3,3),(0.,1.),.PIECEWISE_BEZIER_KNOTS.);
#6911 = CARTESIAN_POINT('',(11.732169138381,-50.,-18.32125211904));
#6912 = CARTESIAN_POINT('',(11.894770777289,-50.,-18.18427477892));
#6913 = CARTESIAN_POINT('',(11.902214625685,-50.,-17.89383985316));
#6914 = ORIENTED_EDGE('',*,*,#6915,.T.);
#6915 = EDGE_CURVE('',#6908,#6916,#6918,.T.);
#6916 = VERTEX_POINT('',#6917);
#6917 = CARTESIAN_POINT('',(11.719558690693,-50.,-17.48315388271));
#6918 = B_SPLINE_CURVE_WITH_KNOTS('',2,(#6919,#6920,#6921),
  .UNSPECIFIED.,.F.,.F.,(3,3),(0.,1.),.PIECEWISE_BEZIER_KNOTS.);
#6919 = CARTESIAN_POINT('',(11.902214625685,-50.,-17.89383985316));
#6920 = CARTESIAN_POINT('',(11.909003376602,-50.,-17.62896471552));
#6921 = CARTESIAN_POINT('',(11.719558690693,-50.,-17.48315388271));
#6922 = ORIENTED_EDGE('',*,*,#6923,.T.);
#6923 = EDGE_CURVE('',#6916,#6924,#6926,.T.);
#6924 = VERTEX_POINT('',#6925);
#6925 = CARTESIAN_POINT('',(11.149686943804,-50.,-17.32740324655));
#6926 = B_SPLINE_CURVE_WITH_KNOTS('',2,(#6927,#6928,#6929),
  .UNSPECIFIED.,.F.,.F.,(3,3),(0.,1.),.PIECEWISE_BEZIER_KNOTS.);
#6927 = CARTESIAN_POINT('',(11.719558690693,-50.,-17.48315388271));
#6928 = CARTESIAN_POINT('',(11.530118857357,-50.,-17.33715371813));
#6929 = CARTESIAN_POINT('',(11.149686943804,-50.,-17.32740324655));
#6930 = ORIENTED_EDGE('',*,*,#6931,.T.);
#6931 = EDGE_CURVE('',#6924,#6932,#6934,.T.);
#6932 = VERTEX_POINT('',#6933);
#6933 = CARTESIAN_POINT('',(10.871460618966,-50.,-17.32027230465));
#6934 = LINE('',#6935,#6936);
#6935 = CARTESIAN_POINT('',(11.149686943804,-50.,-17.32740324655));
#6936 = VECTOR('',#6937,1.);
#6937 = DIRECTION('',(-0.999671713169,5.689135897646E-18,
    2.56215903087E-02));
#6938 = ORIENTED_EDGE('',*,*,#6939,.T.);
#6939 = EDGE_CURVE('',#6932,#6940,#6942,.T.);
#6940 = VERTEX_POINT('',#6941);
#6941 = CARTESIAN_POINT('',(10.887983633171,-50.,-16.67559764871));
#6942 = LINE('',#6943,#6944);
#6943 = CARTESIAN_POINT('',(10.871460618966,-50.,-17.32027230465));
#6944 = VECTOR('',#6945,1.);
#6945 = DIRECTION('',(2.562159030869E-02,2.219717106053E-16,
    0.999671713169));
#6946 = ORIENTED_EDGE('',*,*,#6947,.T.);
#6947 = EDGE_CURVE('',#6940,#6948,#6950,.T.);
#6948 = VERTEX_POINT('',#6949);
#6949 = CARTESIAN_POINT('',(11.149175693223,-50.,-16.68229200233));
#6950 = LINE('',#6951,#6952);
#6951 = CARTESIAN_POINT('',(10.887983633171,-50.,-16.67559764871));
#6952 = VECTOR('',#6953,1.);
#6953 = DIRECTION('',(0.999671713169,-5.689135897644E-18,
    -2.562159030869E-02));
#6954 = ORIENTED_EDGE('',*,*,#6955,.T.);
#6955 = EDGE_CURVE('',#6948,#6956,#6958,.T.);
#6956 = VERTEX_POINT('',#6957);
#6957 = CARTESIAN_POINT('',(11.669487187488,-50.,-16.55486167961));
#6958 = B_SPLINE_CURVE_WITH_KNOTS('',2,(#6959,#6960,#6961),
  .UNSPECIFIED.,.F.,.F.,(3,3),(0.,1.),.PIECEWISE_BEZIER_KNOTS.);
#6959 = CARTESIAN_POINT('',(11.149175693223,-50.,-16.68229200233));
#6960 = CARTESIAN_POINT('',(11.492700033073,-50.,-16.69109653264));
#6961 = CARTESIAN_POINT('',(11.669487187488,-50.,-16.55486167961));
#6962 = ORIENTED_EDGE('',*,*,#6963,.T.);
#6963 = EDGE_CURVE('',#6956,#6964,#6966,.T.);
#6964 = VERTEX_POINT('',#6965);
#6965 = CARTESIAN_POINT('',(11.852990304211,-50.,-16.15659166539));
#6966 = B_SPLINE_CURVE_WITH_KNOTS('',2,(#6967,#6968,#6969),
  .UNSPECIFIED.,.F.,.F.,(3,3),(0.,1.),.PIECEWISE_BEZIER_KNOTS.);
#6967 = CARTESIAN_POINT('',(11.669487187488,-50.,-16.55486167961));
#6968 = CARTESIAN_POINT('',(11.846279194476,-50.,-16.41843749481));
#6969 = CARTESIAN_POINT('',(11.852990304211,-50.,-16.15659166539));
#6970 = ORIENTED_EDGE('',*,*,#6971,.T.);
#6971 = EDGE_CURVE('',#6964,#6972,#6974,.T.);
#6972 = VERTEX_POINT('',#6973);
#6973 = CARTESIAN_POINT('',(11.725149805593,-50.,-15.7649300354));
#6974 = B_SPLINE_CURVE_WITH_KNOTS('',2,(#6975,#6976,#6977),
  .UNSPECIFIED.,.F.,.F.,(3,3),(0.,1.),.PIECEWISE_BEZIER_KNOTS.);
#6975 = CARTESIAN_POINT('',(11.852990304211,-50.,-16.15659166539));
#6976 = CARTESIAN_POINT('',(11.859332618327,-50.,-15.90913505003));
#6977 = CARTESIAN_POINT('',(11.725149805593,-50.,-15.7649300354));
#6978 = ORIENTED_EDGE('',*,*,#6979,.T.);
#6979 = EDGE_CURVE('',#6972,#6980,#6982,.T.);
#6980 = VERTEX_POINT('',#6981);
#6981 = CARTESIAN_POINT('',(11.32713001086,-50.,-15.61377342165));
#6982 = B_SPLINE_CURVE_WITH_KNOTS('',2,(#6983,#6984,#6985),
  .UNSPECIFIED.,.F.,.F.,(3,3),(0.,1.),.PIECEWISE_BEZIER_KNOTS.);
#6983 = CARTESIAN_POINT('',(11.725149805593,-50.,-15.7649300354));
#6984 = CARTESIAN_POINT('',(11.591161115043,-50.,-15.62054053998));
#6985 = CARTESIAN_POINT('',(11.32713001086,-50.,-15.61377342165));
#6986 = ORIENTED_EDGE('',*,*,#6987,.T.);
#6987 = EDGE_CURVE('',#6980,#6988,#6990,.T.);
#6988 = VERTEX_POINT('',#6989);
#6989 = CARTESIAN_POINT('',(10.92462185441,-50.,-15.74119174626));
#6990 = B_SPLINE_CURVE_WITH_KNOTS('',2,(#6991,#6992,#6993),
  .UNSPECIFIED.,.F.,.F.,(3,3),(0.,1.),.PIECEWISE_BEZIER_KNOTS.);
#6991 = CARTESIAN_POINT('',(11.32713001086,-50.,-15.61377342165));
#6992 = CARTESIAN_POINT('',(11.080133171464,-50.,-15.60744289159));
#6993 = CARTESIAN_POINT('',(10.92462185441,-50.,-15.74119174626));
#6994 = ORIENTED_EDGE('',*,*,#6995,.T.);
#6995 = EDGE_CURVE('',#6988,#6996,#6998,.T.);
#6996 = VERTEX_POINT('',#6997);
#6997 = CARTESIAN_POINT('',(10.7401335306,-50.,-16.12617458014));
#6998 = B_SPLINE_CURVE_WITH_KNOTS('',2,(#6999,#7000,#7001),
  .UNSPECIFIED.,.F.,.F.,(3,3),(0.,1.),.PIECEWISE_BEZIER_KNOTS.);
#6999 = CARTESIAN_POINT('',(10.92462185441,-50.,-15.74119174626));
#7000 = CARTESIAN_POINT('',(10.769304659538,-50.,-15.87475612015));
#7001 = CARTESIAN_POINT('',(10.7401335306,-50.,-16.12617458014));
#7002 = ORIENTED_EDGE('',*,*,#7003,.T.);
#7003 = EDGE_CURVE('',#6996,#7004,#7006,.T.);
#7004 = VERTEX_POINT('',#7005);
#7005 = CARTESIAN_POINT('',(9.943822754541,-50.,-16.04873883479));
#7006 = LINE('',#7007,#7008);
#7007 = CARTESIAN_POINT('',(10.7401335306,-50.,-16.12617458014));
#7008 = VECTOR('',#7009,1.);
#7009 = DIRECTION('',(-0.995305158178,2.149093795939E-17,
    9.678658018576E-02));
#7010 = ORIENTED_EDGE('',*,*,#7011,.T.);
#7011 = EDGE_CURVE('',#7004,#7012,#7014,.T.);
#7012 = VERTEX_POINT('',#7013);
#7013 = CARTESIAN_POINT('',(10.393345665595,-50.,-15.24711437602));
#7014 = B_SPLINE_CURVE_WITH_KNOTS('',2,(#7015,#7016,#7017),
  .UNSPECIFIED.,.F.,.F.,(3,3),(0.,1.),.PIECEWISE_BEZIER_KNOTS.);
#7015 = CARTESIAN_POINT('',(9.943822754541,-50.,-16.04873883479));
#7016 = CARTESIAN_POINT('',(10.019582630544,-50.,-15.53138129374));
#7017 = CARTESIAN_POINT('',(10.393345665595,-50.,-15.24711437602));
#7018 = ORIENTED_EDGE('',*,*,#7019,.T.);
#7019 = EDGE_CURVE('',#7012,#7020,#7022,.T.);
#7020 = VERTEX_POINT('',#7021);
#7021 = CARTESIAN_POINT('',(11.357629879893,-50.,-14.97798251865));
#7022 = B_SPLINE_CURVE_WITH_KNOTS('',2,(#7023,#7024,#7025),
  .UNSPECIFIED.,.F.,.F.,(3,3),(0.,1.),.PIECEWISE_BEZIER_KNOTS.);
#7023 = CARTESIAN_POINT('',(10.393345665595,-50.,-15.24711437602));
#7024 = CARTESIAN_POINT('',(10.767108700647,-50.,-14.96284745829));
#7025 = CARTESIAN_POINT('',(11.357629879893,-50.,-14.97798251865));
#7026 = ORIENTED_EDGE('',*,*,#7027,.T.);
#7027 = EDGE_CURVE('',#7020,#7028,#7030,.T.);
#7028 = VERTEX_POINT('',#7029);
#7029 = CARTESIAN_POINT('',(12.331175246908,-50.,-15.28598195681));
#7030 = B_SPLINE_CURVE_WITH_KNOTS('',2,(#7031,#7032,#7033),
  .UNSPECIFIED.,.F.,.F.,(3,3),(0.,1.),.PIECEWISE_BEZIER_KNOTS.);
#7031 = CARTESIAN_POINT('',(11.357629879893,-50.,-14.97798251865));
#7032 = CARTESIAN_POINT('',(11.985058632843,-50.,-14.99406352029));
#7033 = CARTESIAN_POINT('',(12.331175246908,-50.,-15.28598195681));
#7034 = ORIENTED_EDGE('',*,*,#7035,.T.);
#7035 = EDGE_CURVE('',#7028,#7036,#7038,.T.);
#7036 = VERTEX_POINT('',#7037);
#7037 = CARTESIAN_POINT('',(12.664660630279,-50.,-16.07811976442));
#7038 = B_SPLINE_CURVE_WITH_KNOTS('',2,(#7039,#7040,#7041),
  .UNSPECIFIED.,.F.,.F.,(3,3),(0.,1.),.PIECEWISE_BEZIER_KNOTS.);
#7039 = CARTESIAN_POINT('',(12.331175246908,-50.,-15.28598195681));
#7040 = CARTESIAN_POINT('',(12.677481130582,-50.,-15.5779052443));
#7041 = CARTESIAN_POINT('',(12.664660630279,-50.,-16.07811976442));
#7042 = ORIENTED_EDGE('',*,*,#7043,.T.);
#7043 = EDGE_CURVE('',#7036,#7044,#7046,.T.);
#7044 = VERTEX_POINT('',#7045);
#7045 = CARTESIAN_POINT('',(12.428730389485,-50.,-16.68932096029));
#7046 = B_SPLINE_CURVE_WITH_KNOTS('',2,(#7047,#7048,#7049),
  .UNSPECIFIED.,.F.,.F.,(3,3),(0.,1.),.PIECEWISE_BEZIER_KNOTS.);
#7047 = CARTESIAN_POINT('',(12.664660630279,-50.,-16.07811976442));
#7048 = CARTESIAN_POINT('',(12.65504768134,-50.,-16.45318598862));
#7049 = CARTESIAN_POINT('',(12.428730389485,-50.,-16.68932096029));
#7050 = ORIENTED_EDGE('',*,*,#7051,.T.);
#7051 = EDGE_CURVE('',#7044,#7052,#7054,.T.);
#7052 = VERTEX_POINT('',#7053);
#7053 = CARTESIAN_POINT('',(11.78606869564,-50.,-16.99416714387));
#7054 = B_SPLINE_CURVE_WITH_KNOTS('',2,(#7055,#7056,#7057),
  .UNSPECIFIED.,.F.,.F.,(3,3),(0.,1.),.PIECEWISE_BEZIER_KNOTS.);
#7055 = CARTESIAN_POINT('',(12.428730389485,-50.,-16.68932096029));
#7056 = CARTESIAN_POINT('',(12.202607219812,-50.,-16.92527145119));
#7057 = CARTESIAN_POINT('',(11.78606869564,-50.,-16.99416714387));
#7058 = ORIENTED_EDGE('',*,*,#7059,.T.);
#7059 = EDGE_CURVE('',#7052,#7060,#7062,.T.);
#7060 = VERTEX_POINT('',#7061);
#7061 = CARTESIAN_POINT('',(11.785777541205,-50.,-17.0055270497));
#7062 = LINE('',#7063,#7064);
#7063 = CARTESIAN_POINT('',(11.78606869564,-50.,-16.99416714387));
#7064 = VECTOR('',#7065,1.);
#7065 = DIRECTION('',(-2.562159030867E-02,-2.219717106053E-16,
    -0.999671713169));
#7066 = ORIENTED_EDGE('',*,*,#7067,.T.);
#7067 = EDGE_CURVE('',#7060,#6842,#7068,.T.);
#7068 = B_SPLINE_CURVE_WITH_KNOTS('',2,(#7069,#7070,#7071),
  .UNSPECIFIED.,.F.,.F.,(3,3),(0.,1.),.PIECEWISE_BEZIER_KNOTS.);
#7069 = CARTESIAN_POINT('',(11.785777541205,-50.,-17.0055270497));
#7070 = CARTESIAN_POINT('',(12.244324559432,-50.,-17.07108515419));
#7071 = CARTESIAN_POINT('',(12.486303971973,-50.,-17.32490625647));
#7072 = FACE_BOUND('',#7073,.T.);
#7073 = EDGE_LOOP('',(#7074,#7084,#7092,#7100,#7108,#7116,#7124,#7132,
    #7140,#7148,#7156));
#7074 = ORIENTED_EDGE('',*,*,#7075,.T.);
#7075 = EDGE_CURVE('',#7076,#7078,#7080,.T.);
#7076 = VERTEX_POINT('',#7077);
#7077 = CARTESIAN_POINT('',(32.835244201187,-50.,-18.26777895785));
#7078 = VERTEX_POINT('',#7079);
#7079 = CARTESIAN_POINT('',(32.30150390456,-50.,-18.25409919175));
#7080 = LINE('',#7081,#7082);
#7081 = CARTESIAN_POINT('',(32.835244201187,-50.,-18.26777895785));
#7082 = VECTOR('',#7083,1.);
#7083 = DIRECTION('',(-0.999671713169,5.689135897644E-18,
    2.562159030869E-02));
#7084 = ORIENTED_EDGE('',*,*,#7085,.T.);
#7085 = EDGE_CURVE('',#7078,#7086,#7088,.T.);
#7086 = VERTEX_POINT('',#7087);
#7087 = CARTESIAN_POINT('',(32.280691215008,-50.,-19.06614312694));
#7088 = LINE('',#7089,#7090);
#7089 = CARTESIAN_POINT('',(32.30150390456,-50.,-18.25409919175));
#7090 = VECTOR('',#7091,1.);
#7091 = DIRECTION('',(-2.562159030869E-02,-2.219717106053E-16,
    -0.999671713169));
#7092 = ORIENTED_EDGE('',*,*,#7093,.T.);
#7093 = EDGE_CURVE('',#7086,#7094,#7096,.T.);
#7094 = VERTEX_POINT('',#7095);
#7095 = CARTESIAN_POINT('',(31.519827387902,-50.,-19.04664218378));
#7096 = LINE('',#7097,#7098);
#7097 = CARTESIAN_POINT('',(32.280691215008,-50.,-19.06614312694));
#7098 = VECTOR('',#7099,1.);
#7099 = DIRECTION('',(-0.999671713169,5.689135897644E-18,
    2.562159030869E-02));
#7100 = ORIENTED_EDGE('',*,*,#7101,.T.);
#7101 = EDGE_CURVE('',#7094,#7102,#7104,.T.);
#7102 = VERTEX_POINT('',#7103);
#7103 = CARTESIAN_POINT('',(31.540640077454,-50.,-18.23459824859));
#7104 = LINE('',#7105,#7106);
#7105 = CARTESIAN_POINT('',(31.519827387902,-50.,-19.04664218378));
#7106 = VECTOR('',#7107,1.);
#7107 = DIRECTION('',(2.562159030869E-02,2.219717106053E-16,
    0.999671713169));
#7108 = ORIENTED_EDGE('',*,*,#7109,.T.);
#7109 = EDGE_CURVE('',#7102,#7110,#7112,.T.);
#7110 = VERTEX_POINT('',#7111);
#7111 = CARTESIAN_POINT('',(29.720812789486,-50.,-18.18795606737));
#7112 = LINE('',#7113,#7114);
#7113 = CARTESIAN_POINT('',(31.540640077454,-50.,-18.23459824859));
#7114 = VECTOR('',#7115,1.);
#7115 = DIRECTION('',(-0.999671713169,5.689135897644E-18,
    2.562159030869E-02));
#7116 = ORIENTED_EDGE('',*,*,#7117,.T.);
#7117 = EDGE_CURVE('',#7110,#7118,#7120,.T.);
#7118 = VERTEX_POINT('',#7119);
#7119 = CARTESIAN_POINT('',(29.73617118595,-50.,-17.58872103476));
#7120 = LINE('',#7121,#7122);
#7121 = CARTESIAN_POINT('',(29.720812789486,-50.,-18.18795606737));
#7122 = VECTOR('',#7123,1.);
#7123 = DIRECTION('',(2.56215903087E-02,2.219717106053E-16,
    0.999671713169));
#7124 = ORIENTED_EDGE('',*,*,#7125,.T.);
#7125 = EDGE_CURVE('',#7118,#7126,#7128,.T.);
#7126 = VERTEX_POINT('',#7127);
#7127 = CARTESIAN_POINT('',(31.491717719111,-50.,-15.04460815429));
#7128 = LINE('',#7129,#7130);
#7129 = CARTESIAN_POINT('',(29.73617118595,-50.,-17.58872103476));
#7130 = VECTOR('',#7131,1.);
#7131 = DIRECTION('',(0.567949091374,1.827568507696E-16,0.823063685025)
  );
#7132 = ORIENTED_EDGE('',*,*,#7133,.T.);
#7133 = EDGE_CURVE('',#7126,#7134,#7136,.T.);
#7134 = VERTEX_POINT('',#7135);
#7135 = CARTESIAN_POINT('',(32.383177576243,-50.,-15.06745627426));
#7136 = LINE('',#7137,#7138);
#7137 = CARTESIAN_POINT('',(31.491717719111,-50.,-15.04460815429));
#7138 = VECTOR('',#7139,1.);
#7139 = DIRECTION('',(0.999671713169,-5.689135897644E-18,
    -2.562159030869E-02));
#7140 = ORIENTED_EDGE('',*,*,#7141,.T.);
#7141 = EDGE_CURVE('',#7134,#7142,#7144,.T.);
#7142 = VERTEX_POINT('',#7143);
#7143 = CARTESIAN_POINT('',(32.316716723806,-50.,-17.66054411206));
#7144 = LINE('',#7145,#7146);
#7145 = CARTESIAN_POINT('',(32.383177576243,-50.,-15.06745627426));
#7146 = VECTOR('',#7147,1.);
#7147 = DIRECTION('',(-2.562159030869E-02,-2.219717106053E-16,
    -0.999671713169));
#7148 = ORIENTED_EDGE('',*,*,#7149,.T.);
#7149 = EDGE_CURVE('',#7142,#7150,#7152,.T.);
#7150 = VERTEX_POINT('',#7151);
#7151 = CARTESIAN_POINT('',(32.850457020433,-50.,-17.67422387816));
#7152 = LINE('',#7153,#7154);
#7153 = CARTESIAN_POINT('',(32.316716723806,-50.,-17.66054411206));
#7154 = VECTOR('',#7155,1.);
#7155 = DIRECTION('',(0.999671713169,-5.689135897644E-18,
    -2.562159030869E-02));
#7156 = ORIENTED_EDGE('',*,*,#7157,.T.);
#7157 = EDGE_CURVE('',#7150,#7076,#7158,.T.);
#7158 = LINE('',#7159,#7160);
#7159 = CARTESIAN_POINT('',(32.850457020433,-50.,-17.67422387816));
#7160 = VECTOR('',#7161,1.);
#7161 = DIRECTION('',(-2.56215903087E-02,-2.219717106053E-16,
    -0.999671713169));
#7162 = FACE_BOUND('',#7163,.T.);
#7163 = EDGE_LOOP('',(#7164));
#7164 = ORIENTED_EDGE('',*,*,#7165,.T.);
#7165 = EDGE_CURVE('',#7166,#7166,#7168,.T.);
#7166 = VERTEX_POINT('',#7167);
#7167 = CARTESIAN_POINT('',(-27.,-50.,-11.));
#7168 = CIRCLE('',#7169,2.15);
#7169 = AXIS2_PLACEMENT_3D('',#7170,#7171,#7172);
#7170 = CARTESIAN_POINT('',(-29.15,-50.,-11.));
#7171 = DIRECTION('',(0.,1.,-2.22044604925E-16));
#7172 = DIRECTION('',(1.,0.,0.));
#7173 = FACE_BOUND('',#7174,.T.);
#7174 = EDGE_LOOP('',(#7175));
#7175 = ORIENTED_EDGE('',*,*,#7176,.T.);
#7176 = EDGE_CURVE('',#7177,#7177,#7179,.T.);
#7177 = VERTEX_POINT('',#7178);
#7178 = CARTESIAN_POINT('',(-7.1,-50.,-11.));
#7179 = CIRCLE('',#7180,2.15);
#7180 = AXIS2_PLACEMENT_3D('',#7181,#7182,#7183);
#7181 = CARTESIAN_POINT('',(-9.25,-50.,-11.));
#7182 = DIRECTION('',(0.,1.,-2.22044604925E-16));
#7183 = DIRECTION('',(1.,0.,0.));
#7184 = FACE_BOUND('',#7185,.T.);
#7185 = EDGE_LOOP('',(#7186));
#7186 = ORIENTED_EDGE('',*,*,#7187,.T.);
#7187 = EDGE_CURVE('',#7188,#7188,#7190,.T.);
#7188 = VERTEX_POINT('',#7189);
#7189 = CARTESIAN_POINT('',(12.8,-50.,-11.));
#7190 = CIRCLE('',#7191,2.15);
#7191 = AXIS2_PLACEMENT_3D('',#7192,#7193,#7194);
#7192 = CARTESIAN_POINT('',(10.65,-50.,-11.));
#7193 = DIRECTION('',(0.,1.,-2.22044604925E-16));
#7194 = DIRECTION('',(1.,0.,0.));
#7195 = FACE_BOUND('',#7196,.T.);
#7196 = EDGE_LOOP('',(#7197));
#7197 = ORIENTED_EDGE('',*,*,#7198,.T.);
#7198 = EDGE_CURVE('',#7199,#7199,#7201,.T.);
#7199 = VERTEX_POINT('',#7200);
#7200 = CARTESIAN_POINT('',(32.7,-50.,-11.));
#7201 = CIRCLE('',#7202,2.15);
#7202 = AXIS2_PLACEMENT_3D('',#7203,#7204,#7205);
#7203 = CARTESIAN_POINT('',(30.55,-50.,-11.));
#7204 = DIRECTION('',(0.,1.,-2.22044604925E-16));
#7205 = DIRECTION('',(1.,0.,0.));
#7206 = PLANE('',#7207);
#7207 = AXIS2_PLACEMENT_3D('',#7208,#7209,#7210);
#7208 = CARTESIAN_POINT('',(-45.,-50.,0.));
#7209 = DIRECTION('',(0.,-1.,0.));
#7210 = DIRECTION('',(1.,0.,0.));
#7211 = ADVANCED_FACE('',(#7212),#7224,.T.);
#7212 = FACE_BOUND('',#7213,.T.);
#7213 = EDGE_LOOP('',(#7214,#7215,#7216,#7217));
#7214 = ORIENTED_EDGE('',*,*,#6555,.F.);
#7215 = ORIENTED_EDGE('',*,*,#3313,.F.);
#7216 = ORIENTED_EDGE('',*,*,#4516,.T.);
#7217 = ORIENTED_EDGE('',*,*,#7218,.T.);
#7218 = EDGE_CURVE('',#4517,#6556,#7219,.T.);
#7219 = CIRCLE('',#7220,5.);
#7220 = AXIS2_PLACEMENT_3D('',#7221,#7222,#7223);
#7221 = CARTESIAN_POINT('',(-45.,-45.,-24.5));
#7222 = DIRECTION('',(0.,-0.,1.));
#7223 = DIRECTION('',(-1.,0.,0.));
#7224 = CYLINDRICAL_SURFACE('',#7225,5.);
#7225 = AXIS2_PLACEMENT_3D('',#7226,#7227,#7228);
#7226 = CARTESIAN_POINT('',(-45.,-45.,0.));
#7227 = DIRECTION('',(0.,0.,1.));
#7228 = DIRECTION('',(1.,0.,0.));
#7229 = ADVANCED_FACE('',(#7230),#7248,.T.);
#7230 = FACE_BOUND('',#7231,.T.);
#7231 = EDGE_LOOP('',(#7232,#7233,#7234,#7242));
#7232 = ORIENTED_EDGE('',*,*,#3394,.F.);
#7233 = ORIENTED_EDGE('',*,*,#3288,.F.);
#7234 = ORIENTED_EDGE('',*,*,#7235,.T.);
#7235 = EDGE_CURVE('',#3280,#7236,#7238,.T.);
#7236 = VERTEX_POINT('',#7237);
#7237 = CARTESIAN_POINT('',(-28.,45.,-24.5));
#7238 = LINE('',#7239,#7240);
#7239 = CARTESIAN_POINT('',(-28.,45.,0.));
#7240 = VECTOR('',#7241,1.);
#7241 = DIRECTION('',(-0.,-0.,-1.));
#7242 = ORIENTED_EDGE('',*,*,#7243,.T.);
#7243 = EDGE_CURVE('',#7236,#3395,#7244,.T.);
#7244 = LINE('',#7245,#7246);
#7245 = CARTESIAN_POINT('',(-28.,45.,-24.5));
#7246 = VECTOR('',#7247,1.);
#7247 = DIRECTION('',(0.,-1.,0.));
#7248 = PLANE('',#7249);
#7249 = AXIS2_PLACEMENT_3D('',#7250,#7251,#7252);
#7250 = CARTESIAN_POINT('',(-28.,45.,0.));
#7251 = DIRECTION('',(-1.,0.,0.));
#7252 = DIRECTION('',(0.,-1.,0.));
#7253 = ADVANCED_FACE('',(#7254),#7273,.T.);
#7254 = FACE_BOUND('',#7255,.T.);
#7255 = EDGE_LOOP('',(#7256,#7257,#7258,#7266));
#7256 = ORIENTED_EDGE('',*,*,#7235,.F.);
#7257 = ORIENTED_EDGE('',*,*,#3279,.F.);
#7258 = ORIENTED_EDGE('',*,*,#7259,.T.);
#7259 = EDGE_CURVE('',#3272,#7260,#7262,.T.);
#7260 = VERTEX_POINT('',#7261);
#7261 = CARTESIAN_POINT('',(-23.,50.,-24.5));
#7262 = LINE('',#7263,#7264);
#7263 = CARTESIAN_POINT('',(-23.,50.,0.));
#7264 = VECTOR('',#7265,1.);
#7265 = DIRECTION('',(-0.,-0.,-1.));
#7266 = ORIENTED_EDGE('',*,*,#7267,.T.);
#7267 = EDGE_CURVE('',#7260,#7236,#7268,.T.);
#7268 = CIRCLE('',#7269,5.);
#7269 = AXIS2_PLACEMENT_3D('',#7270,#7271,#7272);
#7270 = CARTESIAN_POINT('',(-23.,45.,-24.5));
#7271 = DIRECTION('',(0.,-0.,1.));
#7272 = DIRECTION('',(0.,1.,0.));
#7273 = CYLINDRICAL_SURFACE('',#7274,5.);
#7274 = AXIS2_PLACEMENT_3D('',#7275,#7276,#7277);
#7275 = CARTESIAN_POINT('',(-23.,45.,0.));
#7276 = DIRECTION('',(0.,0.,1.));
#7277 = DIRECTION('',(1.,0.,0.));
#7278 = ADVANCED_FACE('',(#7279),#7398,.F.);
#7279 = FACE_BOUND('',#7280,.F.);
#7280 = EDGE_LOOP('',(#7281,#7291,#7299,#7305,#7306,#7307,#7315,#7323,
    #7365,#7373));
#7281 = ORIENTED_EDGE('',*,*,#7282,.F.);
#7282 = EDGE_CURVE('',#7283,#7285,#7287,.T.);
#7283 = VERTEX_POINT('',#7284);
#7284 = CARTESIAN_POINT('',(9.486832980505,50.,-24.5));
#7285 = VERTEX_POINT('',#7286);
#7286 = CARTESIAN_POINT('',(9.486832980505,50.,-22.75));
#7287 = LINE('',#7288,#7289);
#7288 = CARTESIAN_POINT('',(9.486832980505,50.,-25.));
#7289 = VECTOR('',#7290,1.);
#7290 = DIRECTION('',(0.,0.,1.));
#7291 = ORIENTED_EDGE('',*,*,#7292,.F.);
#7292 = EDGE_CURVE('',#7293,#7283,#7295,.T.);
#7293 = VERTEX_POINT('',#7294);
#7294 = CARTESIAN_POINT('',(45.,50.,-24.5));
#7295 = LINE('',#7296,#7297);
#7296 = CARTESIAN_POINT('',(45.,50.,-24.5));
#7297 = VECTOR('',#7298,1.);
#7298 = DIRECTION('',(-1.,-0.,-0.));
#7299 = ORIENTED_EDGE('',*,*,#7300,.F.);
#7300 = EDGE_CURVE('',#3263,#7293,#7301,.T.);
#7301 = LINE('',#7302,#7303);
#7302 = CARTESIAN_POINT('',(45.,50.,0.));
#7303 = VECTOR('',#7304,1.);
#7304 = DIRECTION('',(-0.,-0.,-1.));
#7305 = ORIENTED_EDGE('',*,*,#3271,.F.);
#7306 = ORIENTED_EDGE('',*,*,#7259,.T.);
#7307 = ORIENTED_EDGE('',*,*,#7308,.F.);
#7308 = EDGE_CURVE('',#7309,#7260,#7311,.T.);
#7309 = VERTEX_POINT('',#7310);
#7310 = CARTESIAN_POINT('',(-9.486832980505,50.,-24.5));
#7311 = LINE('',#7312,#7313);
#7312 = CARTESIAN_POINT('',(-9.486832980505,50.,-24.5));
#7313 = VECTOR('',#7314,1.);
#7314 = DIRECTION('',(-1.,-0.,-0.));
#7315 = ORIENTED_EDGE('',*,*,#7316,.T.);
#7316 = EDGE_CURVE('',#7309,#7317,#7319,.T.);
#7317 = VERTEX_POINT('',#7318);
#7318 = CARTESIAN_POINT('',(-9.486832980505,50.,-22.75));
#7319 = LINE('',#7320,#7321);
#7320 = CARTESIAN_POINT('',(-9.486832980505,50.,-25.));
#7321 = VECTOR('',#7322,1.);
#7322 = DIRECTION('',(0.,0.,1.));
#7323 = ORIENTED_EDGE('',*,*,#7324,.F.);
#7324 = EDGE_CURVE('',#7325,#7317,#7327,.T.);
#7325 = VERTEX_POINT('',#7326);
#7326 = CARTESIAN_POINT('',(-6.647378807605,50.,-22.));
#7327 = B_SPLINE_CURVE_WITH_KNOTS('',6,(#7328,#7329,#7330,#7331,#7332,
    #7333,#7334,#7335,#7336,#7337,#7338,#7339,#7340,#7341,#7342,#7343,
    #7344,#7345,#7346,#7347,#7348,#7349,#7350,#7351,#7352,#7353,#7354,
    #7355,#7356,#7357,#7358,#7359,#7360,#7361,#7362,#7363,#7364),
  .UNSPECIFIED.,.F.,.F.,(7,5,5,5,5,5,5,7),(0.,0.211133188979,
    0.450008730982,0.747698014586,0.973919298864,0.988218539482,
    0.994898909445,1.),.UNSPECIFIED.);
#7328 = CARTESIAN_POINT('',(-6.647378807605,50.,-22.));
#7329 = CARTESIAN_POINT('',(-6.742747297611,50.,-22.));
#7330 = CARTESIAN_POINT('',(-6.840573211852,50.,-22.00354860559));
#7331 = CARTESIAN_POINT('',(-6.940220851964,50.,-22.01058353396));
#7332 = CARTESIAN_POINT('',(-7.041128494578,50.,-22.02091333205));
#7333 = CARTESIAN_POINT('',(-7.142863193691,50.,-22.0342920263));
#7334 = CARTESIAN_POINT('',(-7.360786062252,50.,-22.06876181364));
#7335 = CARTESIAN_POINT('',(-7.477105239261,50.,-22.09063342678));
#7336 = CARTESIAN_POINT('',(-7.593611485146,50.,-22.11570871934));
#7337 = CARTESIAN_POINT('',(-7.709988226236,50.,-22.14359393349));
#7338 = CARTESIAN_POINT('',(-7.826031983623,50.,-22.17392209826));
#7339 = CARTESIAN_POINT('',(-8.08568206658,50.,-22.24678474774));
#7340 = CARTESIAN_POINT('',(-8.229019621979,50.,-22.29048041759));
#7341 = CARTESIAN_POINT('',(-8.371409335062,50.,-22.33679914044));
#7342 = CARTESIAN_POINT('',(-8.512742312516,50.,-22.38515239714));
#7343 = CARTESIAN_POINT('',(-8.652971447446,50.,-22.43501348476));
#7344 = CARTESIAN_POINT('',(-8.897795058679,50.,-22.52457274414));
#7345 = CARTESIAN_POINT('',(-9.002854661225,50.,-22.56383417082));
#7346 = CARTESIAN_POINT('',(-9.107249823263,50.,-22.6034735233));
#7347 = CARTESIAN_POINT('',(-9.210964658779,50.,-22.64328761079));
#7348 = CARTESIAN_POINT('',(-9.313971960826,50.,-22.68308026323));
#7349 = CARTESIAN_POINT('',(-9.422690465951,50.,-22.7251619756));
#7350 = CARTESIAN_POINT('',(-9.429150902819,50.,-22.72766293282));
#7351 = CARTESIAN_POINT('',(-9.435608315736,50.,-22.7301629892));
#7352 = CARTESIAN_POINT('',(-9.442062692165,50.,-22.73266209619));
#7353 = CARTESIAN_POINT('',(-9.448514019195,50.,-22.73516020529));
#7354 = CARTESIAN_POINT('',(-9.457974806554,50.,-22.73882385474));
#7355 = CARTESIAN_POINT('',(-9.460987299748,50.,-22.73999046033));
#7356 = CARTESIAN_POINT('',(-9.463999767051,50.,-22.74115708201));
#7357 = CARTESIAN_POINT('',(-9.467012212393,50.,-22.74232371689));
#7358 = CARTESIAN_POINT('',(-9.470024639703,50.,-22.74349036211));
#7359 = CARTESIAN_POINT('',(-9.475337313626,50.,-22.74554786383));
#7360 = CARTESIAN_POINT('',(-9.477637191154,50.,-22.74643855651));
#7361 = CARTESIAN_POINT('',(-9.479936652374,50.,-22.74732912066));
#7362 = CARTESIAN_POINT('',(-9.482235702562,50.,-22.74821955018));
#7363 = CARTESIAN_POINT('',(-9.484534385391,50.,-22.74910980506));
#7364 = CARTESIAN_POINT('',(-9.486832782927,50.,-22.74999981135));
#7365 = ORIENTED_EDGE('',*,*,#7366,.T.);
#7366 = EDGE_CURVE('',#7325,#7367,#7369,.T.);
#7367 = VERTEX_POINT('',#7368);
#7368 = CARTESIAN_POINT('',(6.647378807605,50.,-22.));
#7369 = LINE('',#7370,#7371);
#7370 = CARTESIAN_POINT('',(-9.486832980505,50.,-22.));
#7371 = VECTOR('',#7372,1.);
#7372 = DIRECTION('',(1.,0.,0.));
#7373 = ORIENTED_EDGE('',*,*,#7374,.T.);
#7374 = EDGE_CURVE('',#7367,#7285,#7375,.T.);
#7375 = B_SPLINE_CURVE_WITH_KNOTS('',6,(#7376,#7377,#7378,#7379,#7380,
    #7381,#7382,#7383,#7384,#7385,#7386,#7387,#7388,#7389,#7390,#7391,
    #7392,#7393,#7394,#7395,#7396,#7397),.UNSPECIFIED.,.F.,.F.,(7,5,5,5,
    7),(0.,0.211131081062,0.450004245496,0.747690605662,1.),
  .UNSPECIFIED.);
#7376 = CARTESIAN_POINT('',(6.647378807605,50.,-22.));
#7377 = CARTESIAN_POINT('',(6.742747298093,50.,-22.));
#7378 = CARTESIAN_POINT('',(6.840573211616,50.,-22.00354860563));
#7379 = CARTESIAN_POINT('',(6.940220850579,50.,-22.01058353404));
#7380 = CARTESIAN_POINT('',(7.041128492186,50.,-22.02091333208));
#7381 = CARTESIAN_POINT('',(7.142863190683,50.,-22.03429202626));
#7382 = CARTESIAN_POINT('',(7.360786062815,50.,-22.06876181425));
#7383 = CARTESIAN_POINT('',(7.477105244216,50.,-22.09063342836));
#7384 = CARTESIAN_POINT('',(7.593611495652,50.,-22.11570872242));
#7385 = CARTESIAN_POINT('',(7.709988243581,50.,-22.14359393887));
#7386 = CARTESIAN_POINT('',(7.826032009521,50.,-22.17392210686));
#7387 = CARTESIAN_POINT('',(8.085682135349,50.,-22.24678477058));
#7388 = CARTESIAN_POINT('',(8.229019725956,50.,-22.29048045273));
#7389 = CARTESIAN_POINT('',(8.37140947759,50.,-22.33679918932));
#7390 = CARTESIAN_POINT('',(8.512742497271,50.,-22.38515245994));
#7391 = CARTESIAN_POINT('',(8.652971675939,50.,-22.43501356005));
#7392 = CARTESIAN_POINT('',(8.909987499318,50.,-22.52903286221));
#7393 = CARTESIAN_POINT('',(9.02707895393,50.,-22.57289801698));
#7394 = CARTESIAN_POINT('',(9.143342697338,50.,-22.6172029702));
#7395 = CARTESIAN_POINT('',(9.258756145797,50.,-22.66166737706));
#7396 = CARTESIAN_POINT('',(9.373277094204,50.,-22.70602100645));
#7397 = CARTESIAN_POINT('',(9.486832980505,50.,-22.75));
#7398 = PLANE('',#7399);
#7399 = AXIS2_PLACEMENT_3D('',#7400,#7401,#7402);
#7400 = CARTESIAN_POINT('',(-23.,50.,0.));
#7401 = DIRECTION('',(0.,-1.,0.));
#7402 = DIRECTION('',(1.,0.,0.));
#7403 = ADVANCED_FACE('',(#7404),#7416,.T.);
#7404 = FACE_BOUND('',#7405,.T.);
#7405 = EDGE_LOOP('',(#7406,#7407,#7408,#7409));
#7406 = ORIENTED_EDGE('',*,*,#7300,.F.);
#7407 = ORIENTED_EDGE('',*,*,#3262,.F.);
#7408 = ORIENTED_EDGE('',*,*,#4735,.T.);
#7409 = ORIENTED_EDGE('',*,*,#7410,.T.);
#7410 = EDGE_CURVE('',#4728,#7293,#7411,.T.);
#7411 = CIRCLE('',#7412,5.);
#7412 = AXIS2_PLACEMENT_3D('',#7413,#7414,#7415);
#7413 = CARTESIAN_POINT('',(45.,45.,-24.5));
#7414 = DIRECTION('',(0.,0.,1.));
#7415 = DIRECTION('',(1.,0.,0.));
#7416 = CYLINDRICAL_SURFACE('',#7417,5.);
#7417 = AXIS2_PLACEMENT_3D('',#7418,#7419,#7420);
#7418 = CARTESIAN_POINT('',(45.,45.,0.));
#7419 = DIRECTION('',(0.,0.,1.));
#7420 = DIRECTION('',(1.,0.,0.));
#7421 = ADVANCED_FACE('',(#7422,#7425),#7436,.T.);
#7422 = FACE_BOUND('',#7423,.T.);
#7423 = EDGE_LOOP('',(#7424));
#7424 = ORIENTED_EDGE('',*,*,#3429,.T.);
#7425 = FACE_BOUND('',#7426,.T.);
#7426 = EDGE_LOOP('',(#7427));
#7427 = ORIENTED_EDGE('',*,*,#7428,.F.);
#7428 = EDGE_CURVE('',#7429,#7429,#7431,.T.);
#7429 = VERTEX_POINT('',#7430);
#7430 = CARTESIAN_POINT('',(-16.55,31.,-16.));
#7431 = CIRCLE('',#7432,2.65);
#7432 = AXIS2_PLACEMENT_3D('',#7433,#7434,#7435);
#7433 = CARTESIAN_POINT('',(-19.2,31.,-16.));
#7434 = DIRECTION('',(0.,0.,1.));
#7435 = DIRECTION('',(1.,0.,0.));
#7436 = PLANE('',#7437);
#7437 = AXIS2_PLACEMENT_3D('',#7438,#7439,#7440);
#7438 = CARTESIAN_POINT('',(11.8,-8.204640795237E-16,-16.));
#7439 = DIRECTION('',(0.,0.,1.));
#7440 = DIRECTION('',(1.,0.,0.));
#7441 = ADVANCED_FACE('',(#7442,#7445),#7456,.T.);
#7442 = FACE_BOUND('',#7443,.T.);
#7443 = EDGE_LOOP('',(#7444));
#7444 = ORIENTED_EDGE('',*,*,#3454,.T.);
#7445 = FACE_BOUND('',#7446,.T.);
#7446 = EDGE_LOOP('',(#7447));
#7447 = ORIENTED_EDGE('',*,*,#7448,.F.);
#7448 = EDGE_CURVE('',#7449,#7449,#7451,.T.);
#7449 = VERTEX_POINT('',#7450);
#7450 = CARTESIAN_POINT('',(-16.55,-31.,-16.));
#7451 = CIRCLE('',#7452,2.65);
#7452 = AXIS2_PLACEMENT_3D('',#7453,#7454,#7455);
#7453 = CARTESIAN_POINT('',(-19.2,-31.,-16.));
#7454 = DIRECTION('',(0.,0.,1.));
#7455 = DIRECTION('',(1.,0.,0.));
#7456 = PLANE('',#7457);
#7457 = AXIS2_PLACEMENT_3D('',#7458,#7459,#7460);
#7458 = CARTESIAN_POINT('',(11.8,-8.204640795237E-16,-16.));
#7459 = DIRECTION('',(0.,0.,1.));
#7460 = DIRECTION('',(1.,0.,0.));
#7461 = ADVANCED_FACE('',(#7462),#7465,.T.);
#7462 = FACE_BOUND('',#7463,.T.);
#7463 = EDGE_LOOP('',(#7464));
#7464 = ORIENTED_EDGE('',*,*,#3479,.T.);
#7465 = PLANE('',#7466);
#7466 = AXIS2_PLACEMENT_3D('',#7467,#7468,#7469);
#7467 = CARTESIAN_POINT('',(-8.272229721546,18.755084227219,-17.5));
#7468 = DIRECTION('',(0.,0.,1.));
#7469 = DIRECTION('',(1.,0.,0.));
#7470 = ADVANCED_FACE('',(#7471),#7474,.T.);
#7471 = FACE_BOUND('',#7472,.T.);
#7472 = EDGE_LOOP('',(#7473));
#7473 = ORIENTED_EDGE('',*,*,#3504,.T.);
#7474 = PLANE('',#7475);
#7475 = AXIS2_PLACEMENT_3D('',#7476,#7477,#7478);
#7476 = CARTESIAN_POINT('',(-8.272229721546,18.755084227219,-17.5));
#7477 = DIRECTION('',(0.,0.,1.));
#7478 = DIRECTION('',(1.,0.,0.));
#7479 = ADVANCED_FACE('',(#7480),#7483,.T.);
#7480 = FACE_BOUND('',#7481,.T.);
#7481 = EDGE_LOOP('',(#7482));
#7482 = ORIENTED_EDGE('',*,*,#3529,.T.);
#7483 = PLANE('',#7484);
#7484 = AXIS2_PLACEMENT_3D('',#7485,#7486,#7487);
#7485 = CARTESIAN_POINT('',(-8.272229721546,18.755084227219,-17.5));
#7486 = DIRECTION('',(0.,0.,1.));
#7487 = DIRECTION('',(1.,0.,0.));
#7488 = ADVANCED_FACE('',(#7489),#7500,.F.);
#7489 = FACE_BOUND('',#7490,.F.);
#7490 = EDGE_LOOP('',(#7491,#7492,#7493,#7494));
#7491 = ORIENTED_EDGE('',*,*,#3544,.F.);
#7492 = ORIENTED_EDGE('',*,*,#3611,.T.);
#7493 = ORIENTED_EDGE('',*,*,#3635,.T.);
#7494 = ORIENTED_EDGE('',*,*,#7495,.F.);
#7495 = EDGE_CURVE('',#3547,#3636,#7496,.T.);
#7496 = LINE('',#7497,#7498);
#7497 = CARTESIAN_POINT('',(-49.35,3.,-2.4));
#7498 = VECTOR('',#7499,1.);
#7499 = DIRECTION('',(0.,-1.,2.22044604925E-16));
#7500 = PLANE('',#7501);
#7501 = AXIS2_PLACEMENT_3D('',#7502,#7503,#7504);
#7502 = CARTESIAN_POINT('',(-48.35,3.,-1.5));
#7503 = DIRECTION('',(0.668964731622,-1.650444550465E-16,-0.743294146247
    ));
#7504 = DIRECTION('',(-0.743294146247,-1.485400095419E-16,
    -0.668964731622));
#7505 = ADVANCED_FACE('',(#7506),#7512,.F.);
#7506 = FACE_BOUND('',#7507,.F.);
#7507 = EDGE_LOOP('',(#7508,#7509,#7510,#7511));
#7508 = ORIENTED_EDGE('',*,*,#3571,.F.);
#7509 = ORIENTED_EDGE('',*,*,#7495,.T.);
#7510 = ORIENTED_EDGE('',*,*,#3646,.T.);
#7511 = ORIENTED_EDGE('',*,*,#3586,.F.);
#7512 = PLANE('',#7513);
#7513 = AXIS2_PLACEMENT_3D('',#7514,#7515,#7516);
#7514 = CARTESIAN_POINT('',(-49.35,3.,-2.4));
#7515 = DIRECTION('',(0.4472135955,1.986027322598E-16,0.894427191));
#7516 = DIRECTION('',(0.894427191,-9.930136612989E-17,-0.4472135955));
#7517 = ADVANCED_FACE('',(#7518),#7529,.F.);
#7518 = FACE_BOUND('',#7519,.F.);
#7519 = EDGE_LOOP('',(#7520,#7521,#7522,#7523));
#7520 = ORIENTED_EDGE('',*,*,#3660,.F.);
#7521 = ORIENTED_EDGE('',*,*,#3727,.T.);
#7522 = ORIENTED_EDGE('',*,*,#3751,.T.);
#7523 = ORIENTED_EDGE('',*,*,#7524,.F.);
#7524 = EDGE_CURVE('',#3663,#3752,#7525,.T.);
#7525 = LINE('',#7526,#7527);
#7526 = CARTESIAN_POINT('',(-3.,-49.35,-2.4));
#7527 = VECTOR('',#7528,1.);
#7528 = DIRECTION('',(1.,0.,0.));
#7529 = PLANE('',#7530);
#7530 = AXIS2_PLACEMENT_3D('',#7531,#7532,#7533);
#7531 = CARTESIAN_POINT('',(-3.,-48.35,-1.5));
#7532 = DIRECTION('',(0.,0.668964731622,-0.743294146247));
#7533 = DIRECTION('',(0.,-0.743294146247,-0.668964731622));
#7534 = ADVANCED_FACE('',(#7535),#7541,.F.);
#7535 = FACE_BOUND('',#7536,.F.);
#7536 = EDGE_LOOP('',(#7537,#7538,#7539,#7540));
#7537 = ORIENTED_EDGE('',*,*,#3670,.F.);
#7538 = ORIENTED_EDGE('',*,*,#7524,.T.);
#7539 = ORIENTED_EDGE('',*,*,#3759,.T.);
#7540 = ORIENTED_EDGE('',*,*,#3702,.F.);
#7541 = PLANE('',#7542);
#7542 = AXIS2_PLACEMENT_3D('',#7543,#7544,#7545);
#7543 = CARTESIAN_POINT('',(-3.,-49.35,-2.4));
#7544 = DIRECTION('',(0.,0.4472135955,0.894427191));
#7545 = DIRECTION('',(0.,0.894427191,-0.4472135955));
#7546 = ADVANCED_FACE('',(#7547),#7563,.T.);
#7547 = FACE_BOUND('',#7548,.T.);
#7548 = EDGE_LOOP('',(#7549,#7555,#7556,#7562));
#7549 = ORIENTED_EDGE('',*,*,#7550,.T.);
#7550 = EDGE_CURVE('',#6499,#6467,#7551,.T.);
#7551 = LINE('',#7552,#7553);
#7552 = CARTESIAN_POINT('',(49.025,-14.,-4.5));
#7553 = VECTOR('',#7554,1.);
#7554 = DIRECTION('',(0.,1.,-2.22044604925E-16));
#7555 = ORIENTED_EDGE('',*,*,#6474,.T.);
#7556 = ORIENTED_EDGE('',*,*,#7557,.F.);
#7557 = EDGE_CURVE('',#6507,#6475,#7558,.T.);
#7558 = LINE('',#7559,#7560);
#7559 = CARTESIAN_POINT('',(48.35,-14.,-4.5));
#7560 = VECTOR('',#7561,1.);
#7561 = DIRECTION('',(0.,1.,-2.22044604925E-16));
#7562 = ORIENTED_EDGE('',*,*,#6506,.F.);
#7563 = PLANE('',#7564);
#7564 = AXIS2_PLACEMENT_3D('',#7565,#7566,#7567);
#7565 = CARTESIAN_POINT('',(49.025,-14.,-4.5));
#7566 = DIRECTION('',(0.,2.22044604925E-16,1.));
#7567 = DIRECTION('',(-1.,0.,0.));
#7568 = ADVANCED_FACE('',(#7569),#7580,.T.);
#7569 = FACE_BOUND('',#7570,.T.);
#7570 = EDGE_LOOP('',(#7571,#7572,#7578,#7579));
#7571 = ORIENTED_EDGE('',*,*,#3828,.F.);
#7572 = ORIENTED_EDGE('',*,*,#7573,.T.);
#7573 = EDGE_CURVE('',#3812,#3845,#7574,.T.);
#7574 = LINE('',#7575,#7576);
#7575 = CARTESIAN_POINT('',(-3.,49.35,-2.4));
#7576 = VECTOR('',#7577,1.);
#7577 = DIRECTION('',(1.,0.,0.));
#7578 = ORIENTED_EDGE('',*,*,#3861,.T.);
#7579 = ORIENTED_EDGE('',*,*,#3785,.F.);
#7580 = PLANE('',#7581);
#7581 = AXIS2_PLACEMENT_3D('',#7582,#7583,#7584);
#7582 = CARTESIAN_POINT('',(-3.,49.35,-2.4));
#7583 = DIRECTION('',(0.,0.514495755428,-0.857492925713));
#7584 = DIRECTION('',(0.,-0.857492925713,-0.514495755428));
#7585 = ADVANCED_FACE('',(#7586),#7592,.T.);
#7586 = FACE_BOUND('',#7587,.T.);
#7587 = EDGE_LOOP('',(#7588,#7589,#7590,#7591));
#7588 = ORIENTED_EDGE('',*,*,#3809,.F.);
#7589 = ORIENTED_EDGE('',*,*,#3876,.T.);
#7590 = ORIENTED_EDGE('',*,*,#3842,.T.);
#7591 = ORIENTED_EDGE('',*,*,#7573,.F.);
#7592 = PLANE('',#7593);
#7593 = AXIS2_PLACEMENT_3D('',#7594,#7595,#7596);
#7594 = CARTESIAN_POINT('',(-3.,48.35,-1.5));
#7595 = DIRECTION('',(0.,0.668964731622,0.743294146247));
#7596 = DIRECTION('',(0.,0.743294146247,-0.668964731622));
#7597 = ADVANCED_FACE('',(#7598,#7604),#7615,.T.);
#7598 = FACE_BOUND('',#7599,.T.);
#7599 = EDGE_LOOP('',(#7600,#7601,#7602,#7603));
#7600 = ORIENTED_EDGE('',*,*,#3948,.F.);
#7601 = ORIENTED_EDGE('',*,*,#3900,.F.);
#7602 = ORIENTED_EDGE('',*,*,#3931,.F.);
#7603 = ORIENTED_EDGE('',*,*,#3972,.F.);
#7604 = FACE_BOUND('',#7605,.T.);
#7605 = EDGE_LOOP('',(#7606));
#7606 = ORIENTED_EDGE('',*,*,#7607,.F.);
#7607 = EDGE_CURVE('',#7608,#7608,#7610,.T.);
#7608 = VERTEX_POINT('',#7609);
#7609 = CARTESIAN_POINT('',(12.8,-48.5,-11.));
#7610 = CIRCLE('',#7611,2.15);
#7611 = AXIS2_PLACEMENT_3D('',#7612,#7613,#7614);
#7612 = CARTESIAN_POINT('',(10.65,-48.5,-11.));
#7613 = DIRECTION('',(0.,1.,-2.22044604925E-16));
#7614 = DIRECTION('',(1.,0.,0.));
#7615 = PLANE('',#7616);
#7616 = AXIS2_PLACEMENT_3D('',#7617,#7618,#7619);
#7617 = CARTESIAN_POINT('',(9.9,-48.5,-11.));
#7618 = DIRECTION('',(0.,1.,0.));
#7619 = DIRECTION('',(0.,0.,1.));
#7620 = ADVANCED_FACE('',(#7621,#7627),#7638,.T.);
#7621 = FACE_BOUND('',#7622,.T.);
#7622 = EDGE_LOOP('',(#7623,#7624,#7625,#7626));
#7623 = ORIENTED_EDGE('',*,*,#4027,.F.);
#7624 = ORIENTED_EDGE('',*,*,#4068,.F.);
#7625 = ORIENTED_EDGE('',*,*,#4044,.F.);
#7626 = ORIENTED_EDGE('',*,*,#3996,.F.);
#7627 = FACE_BOUND('',#7628,.T.);
#7628 = EDGE_LOOP('',(#7629));
#7629 = ORIENTED_EDGE('',*,*,#7630,.F.);
#7630 = EDGE_CURVE('',#7631,#7631,#7633,.T.);
#7631 = VERTEX_POINT('',#7632);
#7632 = CARTESIAN_POINT('',(32.7,-48.5,-11.));
#7633 = CIRCLE('',#7634,2.15);
#7634 = AXIS2_PLACEMENT_3D('',#7635,#7636,#7637);
#7635 = CARTESIAN_POINT('',(30.55,-48.5,-11.));
#7636 = DIRECTION('',(0.,1.,-2.22044604925E-16));
#7637 = DIRECTION('',(1.,0.,0.));
#7638 = PLANE('',#7639);
#7639 = AXIS2_PLACEMENT_3D('',#7640,#7641,#7642);
#7640 = CARTESIAN_POINT('',(29.8,-48.5,-11.));
#7641 = DIRECTION('',(0.,1.,0.));
#7642 = DIRECTION('',(0.,0.,1.));
#7643 = ADVANCED_FACE('',(#7644,#7650),#7661,.T.);
#7644 = FACE_BOUND('',#7645,.T.);
#7645 = EDGE_LOOP('',(#7646,#7647,#7648,#7649));
#7646 = ORIENTED_EDGE('',*,*,#4164,.F.);
#7647 = ORIENTED_EDGE('',*,*,#4140,.F.);
#7648 = ORIENTED_EDGE('',*,*,#4092,.F.);
#7649 = ORIENTED_EDGE('',*,*,#4123,.F.);
#7650 = FACE_BOUND('',#7651,.T.);
#7651 = EDGE_LOOP('',(#7652));
#7652 = ORIENTED_EDGE('',*,*,#7653,.F.);
#7653 = EDGE_CURVE('',#7654,#7654,#7656,.T.);
#7654 = VERTEX_POINT('',#7655);
#7655 = CARTESIAN_POINT('',(-7.1,-48.5,-11.));
#7656 = CIRCLE('',#7657,2.15);
#7657 = AXIS2_PLACEMENT_3D('',#7658,#7659,#7660);
#7658 = CARTESIAN_POINT('',(-9.25,-48.5,-11.));
#7659 = DIRECTION('',(0.,1.,-2.22044604925E-16));
#7660 = DIRECTION('',(1.,0.,0.));
#7661 = PLANE('',#7662);
#7662 = AXIS2_PLACEMENT_3D('',#7663,#7664,#7665);
#7663 = CARTESIAN_POINT('',(-10.,-48.5,-11.));
#7664 = DIRECTION('',(0.,1.,0.));
#7665 = DIRECTION('',(0.,0.,1.));
#7666 = ADVANCED_FACE('',(#7667,#7673),#7684,.T.);
#7667 = FACE_BOUND('',#7668,.T.);
#7668 = EDGE_LOOP('',(#7669,#7670,#7671,#7672));
#7669 = ORIENTED_EDGE('',*,*,#4236,.F.);
#7670 = ORIENTED_EDGE('',*,*,#4188,.F.);
#7671 = ORIENTED_EDGE('',*,*,#4219,.F.);
#7672 = ORIENTED_EDGE('',*,*,#4260,.F.);
#7673 = FACE_BOUND('',#7674,.T.);
#7674 = EDGE_LOOP('',(#7675));
#7675 = ORIENTED_EDGE('',*,*,#7676,.F.);
#7676 = EDGE_CURVE('',#7677,#7677,#7679,.T.);
#7677 = VERTEX_POINT('',#7678);
#7678 = CARTESIAN_POINT('',(-27.,-48.5,-11.));
#7679 = CIRCLE('',#7680,2.15);
#7680 = AXIS2_PLACEMENT_3D('',#7681,#7682,#7683);
#7681 = CARTESIAN_POINT('',(-29.15,-48.5,-11.));
#7682 = DIRECTION('',(0.,1.,-2.22044604925E-16));
#7683 = DIRECTION('',(1.,0.,0.));
#7684 = PLANE('',#7685);
#7685 = AXIS2_PLACEMENT_3D('',#7686,#7687,#7688);
#7686 = CARTESIAN_POINT('',(-29.9,-48.5,-11.));
#7687 = DIRECTION('',(0.,1.,0.));
#7688 = DIRECTION('',(0.,0.,1.));
#7689 = ADVANCED_FACE('',(#7690),#7709,.F.);
#7690 = FACE_BOUND('',#7691,.F.);
#7691 = EDGE_LOOP('',(#7692,#7700,#7707,#7708));
#7692 = ORIENTED_EDGE('',*,*,#7693,.T.);
#7693 = EDGE_CURVE('',#4277,#7694,#7696,.T.);
#7694 = VERTEX_POINT('',#7695);
#7695 = CARTESIAN_POINT('',(45.15,31.,-20.2));
#7696 = LINE('',#7697,#7698);
#7697 = CARTESIAN_POINT('',(45.15,31.,-16.));
#7698 = VECTOR('',#7699,1.);
#7699 = DIRECTION('',(-0.,-0.,-1.));
#7700 = ORIENTED_EDGE('',*,*,#7701,.T.);
#7701 = EDGE_CURVE('',#7694,#7694,#7702,.T.);
#7702 = CIRCLE('',#7703,2.35);
#7703 = AXIS2_PLACEMENT_3D('',#7704,#7705,#7706);
#7704 = CARTESIAN_POINT('',(42.8,31.,-20.2));
#7705 = DIRECTION('',(0.,0.,1.));
#7706 = DIRECTION('',(1.,0.,0.));
#7707 = ORIENTED_EDGE('',*,*,#7693,.F.);
#7708 = ORIENTED_EDGE('',*,*,#4286,.F.);
#7709 = CYLINDRICAL_SURFACE('',#7710,2.35);
#7710 = AXIS2_PLACEMENT_3D('',#7711,#7712,#7713);
#7711 = CARTESIAN_POINT('',(42.8,31.,-16.));
#7712 = DIRECTION('',(0.,0.,1.));
#7713 = DIRECTION('',(1.,0.,0.));
#7714 = ADVANCED_FACE('',(#7715),#7734,.F.);
#7715 = FACE_BOUND('',#7716,.F.);
#7716 = EDGE_LOOP('',(#7717,#7725,#7732,#7733));
#7717 = ORIENTED_EDGE('',*,*,#7718,.T.);
#7718 = EDGE_CURVE('',#4302,#7719,#7721,.T.);
#7719 = VERTEX_POINT('',#7720);
#7720 = CARTESIAN_POINT('',(45.15,-31.,-20.2));
#7721 = LINE('',#7722,#7723);
#7722 = CARTESIAN_POINT('',(45.15,-31.,-16.));
#7723 = VECTOR('',#7724,1.);
#7724 = DIRECTION('',(-0.,-0.,-1.));
#7725 = ORIENTED_EDGE('',*,*,#7726,.T.);
#7726 = EDGE_CURVE('',#7719,#7719,#7727,.T.);
#7727 = CIRCLE('',#7728,2.35);
#7728 = AXIS2_PLACEMENT_3D('',#7729,#7730,#7731);
#7729 = CARTESIAN_POINT('',(42.8,-31.,-20.2));
#7730 = DIRECTION('',(0.,0.,1.));
#7731 = DIRECTION('',(1.,0.,0.));
#7732 = ORIENTED_EDGE('',*,*,#7718,.F.);
#7733 = ORIENTED_EDGE('',*,*,#4311,.F.);
#7734 = CYLINDRICAL_SURFACE('',#7735,2.35);
#7735 = AXIS2_PLACEMENT_3D('',#7736,#7737,#7738);
#7736 = CARTESIAN_POINT('',(42.8,-31.,-16.));
#7737 = DIRECTION('',(0.,0.,1.));
#7738 = DIRECTION('',(1.,0.,0.));
#7739 = ADVANCED_FACE('',(#7740),#7751,.F.);
#7740 = FACE_BOUND('',#7741,.F.);
#7741 = EDGE_LOOP('',(#7742,#7743,#7744,#7750));
#7742 = ORIENTED_EDGE('',*,*,#4540,.F.);
#7743 = ORIENTED_EDGE('',*,*,#4524,.T.);
#7744 = ORIENTED_EDGE('',*,*,#7745,.T.);
#7745 = EDGE_CURVE('',#4517,#4589,#7746,.T.);
#7746 = LINE('',#7747,#7748);
#7747 = CARTESIAN_POINT('',(-50.,-45.,-24.5));
#7748 = VECTOR('',#7749,1.);
#7749 = DIRECTION('',(0.707106781187,-3.140184917368E-16,-0.707106781187
    ));
#7750 = ORIENTED_EDGE('',*,*,#4599,.F.);
#7751 = PLANE('',#7752);
#7752 = AXIS2_PLACEMENT_3D('',#7753,#7754,#7755);
#7753 = CARTESIAN_POINT('',(-49.75,19.75,-24.75));
#7754 = DIRECTION('',(0.707106781187,0.,0.707106781187));
#7755 = DIRECTION('',(0.,-1.,0.));
#7756 = ADVANCED_FACE('',(#7757),#7768,.T.);
#7757 = FACE_BOUND('',#7758,.F.);
#7758 = EDGE_LOOP('',(#7759,#7765,#7766,#7767));
#7759 = ORIENTED_EDGE('',*,*,#7760,.F.);
#7760 = EDGE_CURVE('',#7236,#4609,#7761,.T.);
#7761 = LINE('',#7762,#7763);
#7762 = CARTESIAN_POINT('',(-28.,45.,-24.5));
#7763 = VECTOR('',#7764,1.);
#7764 = DIRECTION('',(0.707106781187,2.70720688925E-16,-0.707106781187)
  );
#7765 = ORIENTED_EDGE('',*,*,#7243,.T.);
#7766 = ORIENTED_EDGE('',*,*,#4563,.T.);
#7767 = ORIENTED_EDGE('',*,*,#4608,.F.);
#7768 = PLANE('',#7769);
#7769 = AXIS2_PLACEMENT_3D('',#7770,#7771,#7772);
#7770 = CARTESIAN_POINT('',(-27.75,45.,-24.75));
#7771 = DIRECTION('',(-0.707106781187,0.,-0.707106781187));
#7772 = DIRECTION('',(0.,1.,0.));
#7773 = ADVANCED_FACE('',(#7774),#7785,.T.);
#7774 = FACE_BOUND('',#7775,.F.);
#7775 = EDGE_LOOP('',(#7776,#7777,#7778,#7784));
#7776 = ORIENTED_EDGE('',*,*,#7745,.F.);
#7777 = ORIENTED_EDGE('',*,*,#7218,.T.);
#7778 = ORIENTED_EDGE('',*,*,#7779,.T.);
#7779 = EDGE_CURVE('',#6556,#4591,#7780,.T.);
#7780 = LINE('',#7781,#7782);
#7781 = CARTESIAN_POINT('',(-45.,-50.,-24.5));
#7782 = VECTOR('',#7783,1.);
#7783 = DIRECTION('',(4.329780281177E-17,0.707106781187,-0.707106781187)
  );
#7784 = ORIENTED_EDGE('',*,*,#4588,.F.);
#7785 = CONICAL_SURFACE('',#7786,5.,0.785398163397);
#7786 = AXIS2_PLACEMENT_3D('',#7787,#7788,#7789);
#7787 = CARTESIAN_POINT('',(-45.,-45.,-24.5));
#7788 = DIRECTION('',(0.,0.,1.));
#7789 = DIRECTION('',(-1.,0.,0.));
#7790 = ADVANCED_FACE('',(#7791),#7802,.T.);
#7791 = FACE_BOUND('',#7792,.F.);
#7792 = EDGE_LOOP('',(#7793,#7794,#7795,#7801));
#7793 = ORIENTED_EDGE('',*,*,#7779,.F.);
#7794 = ORIENTED_EDGE('',*,*,#6563,.T.);
#7795 = ORIENTED_EDGE('',*,*,#7796,.T.);
#7796 = EDGE_CURVE('',#6533,#4686,#7797,.T.);
#7797 = LINE('',#7798,#7799);
#7798 = CARTESIAN_POINT('',(45.,-49.75,-24.75));
#7799 = VECTOR('',#7800,1.);
#7800 = DIRECTION('',(0.,0.707106781187,-0.707106781187));
#7801 = ORIENTED_EDGE('',*,*,#4694,.F.);
#7802 = PLANE('',#7803);
#7803 = AXIS2_PLACEMENT_3D('',#7804,#7805,#7806);
#7804 = CARTESIAN_POINT('',(-45.,-49.75,-24.75));
#7805 = DIRECTION('',(0.,-0.707106781187,-0.707106781187));
#7806 = DIRECTION('',(-1.,-0.,-0.));
#7807 = ADVANCED_FACE('',(#7808),#7819,.T.);
#7808 = FACE_BOUND('',#7809,.F.);
#7809 = EDGE_LOOP('',(#7810,#7811,#7812,#7818));
#7810 = ORIENTED_EDGE('',*,*,#7796,.F.);
#7811 = ORIENTED_EDGE('',*,*,#6540,.T.);
#7812 = ORIENTED_EDGE('',*,*,#7813,.T.);
#7813 = EDGE_CURVE('',#4720,#4678,#7814,.T.);
#7814 = LINE('',#7815,#7816);
#7815 = CARTESIAN_POINT('',(50.,-45.,-24.5));
#7816 = VECTOR('',#7817,1.);
#7817 = DIRECTION('',(-0.707106781187,4.329780281177E-17,-0.707106781187
    ));
#7818 = ORIENTED_EDGE('',*,*,#4685,.F.);
#7819 = CONICAL_SURFACE('',#7820,5.,0.785398163397);
#7820 = AXIS2_PLACEMENT_3D('',#7821,#7822,#7823);
#7821 = CARTESIAN_POINT('',(45.,-45.,-24.5));
#7822 = DIRECTION('',(0.,0.,1.));
#7823 = DIRECTION('',(0.,-1.,0.));
#7824 = ADVANCED_FACE('',(#7825),#7836,.T.);
#7825 = FACE_BOUND('',#7826,.F.);
#7826 = EDGE_LOOP('',(#7827,#7828,#7829,#7835));
#7827 = ORIENTED_EDGE('',*,*,#7813,.F.);
#7828 = ORIENTED_EDGE('',*,*,#4727,.T.);
#7829 = ORIENTED_EDGE('',*,*,#7830,.T.);
#7830 = EDGE_CURVE('',#4728,#4669,#7831,.T.);
#7831 = LINE('',#7832,#7833);
#7832 = CARTESIAN_POINT('',(49.75,45.,-24.75));
#7833 = VECTOR('',#7834,1.);
#7834 = DIRECTION('',(-0.707106781187,0.,-0.707106781187));
#7835 = ORIENTED_EDGE('',*,*,#4677,.F.);
#7836 = PLANE('',#7837);
#7837 = AXIS2_PLACEMENT_3D('',#7838,#7839,#7840);
#7838 = CARTESIAN_POINT('',(49.75,-45.,-24.75));
#7839 = DIRECTION('',(0.707106781187,0.,-0.707106781187));
#7840 = DIRECTION('',(-0.,-1.,-0.));
#7841 = ADVANCED_FACE('',(#7842),#7853,.T.);
#7842 = FACE_BOUND('',#7843,.F.);
#7843 = EDGE_LOOP('',(#7844,#7845,#7846,#7852));
#7844 = ORIENTED_EDGE('',*,*,#7830,.F.);
#7845 = ORIENTED_EDGE('',*,*,#7410,.T.);
#7846 = ORIENTED_EDGE('',*,*,#7847,.T.);
#7847 = EDGE_CURVE('',#7293,#4661,#7848,.T.);
#7848 = LINE('',#7849,#7850);
#7849 = CARTESIAN_POINT('',(45.,50.,-24.5));
#7850 = VECTOR('',#7851,1.);
#7851 = DIRECTION('',(-4.329780281177E-17,-0.707106781187,
    -0.707106781187));
#7852 = ORIENTED_EDGE('',*,*,#4668,.F.);
#7853 = CONICAL_SURFACE('',#7854,5.,0.785398163397);
#7854 = AXIS2_PLACEMENT_3D('',#7855,#7856,#7857);
#7855 = CARTESIAN_POINT('',(45.,45.,-24.5));
#7856 = DIRECTION('',(0.,0.,1.));
#7857 = DIRECTION('',(1.,0.,0.));
#7858 = ADVANCED_FACE('',(#7859),#7870,.F.);
#7859 = FACE_BOUND('',#7860,.F.);
#7860 = EDGE_LOOP('',(#7861,#7862,#7863,#7869));
#7861 = ORIENTED_EDGE('',*,*,#7847,.F.);
#7862 = ORIENTED_EDGE('',*,*,#7292,.T.);
#7863 = ORIENTED_EDGE('',*,*,#7864,.T.);
#7864 = EDGE_CURVE('',#7283,#4652,#7865,.T.);
#7865 = LINE('',#7866,#7867);
#7866 = CARTESIAN_POINT('',(9.486832980505,49.75,-24.75));
#7867 = VECTOR('',#7868,1.);
#7868 = DIRECTION('',(0.,-0.707106781187,-0.707106781187));
#7869 = ORIENTED_EDGE('',*,*,#4660,.F.);
#7870 = PLANE('',#7871);
#7871 = AXIS2_PLACEMENT_3D('',#7872,#7873,#7874);
#7872 = CARTESIAN_POINT('',(45.,49.75,-24.75));
#7873 = DIRECTION('',(0.,-0.707106781187,0.707106781187));
#7874 = DIRECTION('',(-1.,0.,0.));
#7875 = ADVANCED_FACE('',(#7876),#7887,.T.);
#7876 = FACE_BOUND('',#7877,.F.);
#7877 = EDGE_LOOP('',(#7878,#7884,#7885,#7886));
#7878 = ORIENTED_EDGE('',*,*,#7879,.F.);
#7879 = EDGE_CURVE('',#7260,#4617,#7880,.T.);
#7880 = LINE('',#7881,#7882);
#7881 = CARTESIAN_POINT('',(-23.,49.75,-24.75));
#7882 = VECTOR('',#7883,1.);
#7883 = DIRECTION('',(0.,-0.707106781187,-0.707106781187));
#7884 = ORIENTED_EDGE('',*,*,#7267,.T.);
#7885 = ORIENTED_EDGE('',*,*,#7760,.T.);
#7886 = ORIENTED_EDGE('',*,*,#4616,.F.);
#7887 = CONICAL_SURFACE('',#7888,5.,0.785398163397);
#7888 = AXIS2_PLACEMENT_3D('',#7889,#7890,#7891);
#7889 = CARTESIAN_POINT('',(-23.,45.,-24.5));
#7890 = DIRECTION('',(0.,0.,1.));
#7891 = DIRECTION('',(0.,1.,0.));
#7892 = ADVANCED_FACE('',(#7893),#7912,.F.);
#7893 = FACE_BOUND('',#7894,.F.);
#7894 = EDGE_LOOP('',(#7895,#7896,#7905,#7911));
#7895 = ORIENTED_EDGE('',*,*,#7864,.F.);
#7896 = ORIENTED_EDGE('',*,*,#7897,.T.);
#7897 = EDGE_CURVE('',#7283,#7898,#7900,.T.);
#7898 = VERTEX_POINT('',#7899);
#7899 = CARTESIAN_POINT('',(4.493762990766,54.736842105263,-24.5));
#7900 = CIRCLE('',#7901,5.);
#7901 = AXIS2_PLACEMENT_3D('',#7902,#7903,#7904);
#7902 = CARTESIAN_POINT('',(9.486832980505,55.,-24.5));
#7903 = DIRECTION('',(0.,0.,-1.));
#7904 = DIRECTION('',(-3.552713678801E-16,-1.,-0.));
#7905 = ORIENTED_EDGE('',*,*,#7906,.T.);
#7906 = EDGE_CURVE('',#7898,#4643,#7907,.T.);
#7907 = LINE('',#7908,#7909);
#7908 = CARTESIAN_POINT('',(4.493762990766,54.736842105263,-24.5));
#7909 = VECTOR('',#7910,1.);
#7910 = DIRECTION('',(-0.706126729737,-3.721614637824E-02,
    -0.707106781187));
#7911 = ORIENTED_EDGE('',*,*,#4651,.F.);
#7912 = CONICAL_SURFACE('',#7913,5.,0.785398163397);
#7913 = AXIS2_PLACEMENT_3D('',#7914,#7915,#7916);
#7914 = CARTESIAN_POINT('',(9.486832980505,55.,-24.5));
#7915 = DIRECTION('',(0.,0.,-1.));
#7916 = DIRECTION('',(-3.552713678801E-16,-1.,-0.));
#7917 = ADVANCED_FACE('',(#7918),#7929,.F.);
#7918 = FACE_BOUND('',#7919,.F.);
#7919 = EDGE_LOOP('',(#7920,#7926,#7927,#7928));
#7920 = ORIENTED_EDGE('',*,*,#7921,.F.);
#7921 = EDGE_CURVE('',#7309,#4626,#7922,.T.);
#7922 = LINE('',#7923,#7924);
#7923 = CARTESIAN_POINT('',(-9.486832980505,50.,-24.5));
#7924 = VECTOR('',#7925,1.);
#7925 = DIRECTION('',(-1.110223024625E-16,-0.707106781187,
    -0.707106781187));
#7926 = ORIENTED_EDGE('',*,*,#7308,.T.);
#7927 = ORIENTED_EDGE('',*,*,#7879,.T.);
#7928 = ORIENTED_EDGE('',*,*,#4625,.F.);
#7929 = PLANE('',#7930);
#7930 = AXIS2_PLACEMENT_3D('',#7931,#7932,#7933);
#7931 = CARTESIAN_POINT('',(-9.486832980505,49.75,-24.75));
#7932 = DIRECTION('',(0.,-0.707106781187,0.707106781187));
#7933 = DIRECTION('',(-1.,0.,0.));
#7934 = ADVANCED_FACE('',(#7935),#7954,.T.);
#7935 = FACE_BOUND('',#7936,.F.);
#7936 = EDGE_LOOP('',(#7937,#7938,#7947,#7953));
#7937 = ORIENTED_EDGE('',*,*,#7906,.F.);
#7938 = ORIENTED_EDGE('',*,*,#7939,.T.);
#7939 = EDGE_CURVE('',#7898,#7940,#7942,.T.);
#7940 = VERTEX_POINT('',#7941);
#7941 = CARTESIAN_POINT('',(-4.493762990766,54.736842105263,-24.5));
#7942 = CIRCLE('',#7943,4.5);
#7943 = AXIS2_PLACEMENT_3D('',#7944,#7945,#7946);
#7944 = CARTESIAN_POINT('',(0.,54.5,-24.5));
#7945 = DIRECTION('',(0.,-0.,1.));
#7946 = DIRECTION('',(0.998613997948,5.263157894737E-02,0.));
#7947 = ORIENTED_EDGE('',*,*,#7948,.T.);
#7948 = EDGE_CURVE('',#7940,#4634,#7949,.T.);
#7949 = LINE('',#7950,#7951);
#7950 = CARTESIAN_POINT('',(-4.493762990766,54.736842105263,-24.5));
#7951 = VECTOR('',#7952,1.);
#7952 = DIRECTION('',(0.706126729737,-3.721614637824E-02,-0.707106781187
    ));
#7953 = ORIENTED_EDGE('',*,*,#4642,.F.);
#7954 = CONICAL_SURFACE('',#7955,4.5,0.785398163397);
#7955 = AXIS2_PLACEMENT_3D('',#7956,#7957,#7958);
#7956 = CARTESIAN_POINT('',(0.,54.5,-24.5));
#7957 = DIRECTION('',(0.,0.,1.));
#7958 = DIRECTION('',(0.998613997948,5.263157894737E-02,0.));
#7959 = ADVANCED_FACE('',(#7960),#7972,.F.);
#7960 = FACE_BOUND('',#7961,.F.);
#7961 = EDGE_LOOP('',(#7962,#7963,#7970,#7971));
#7962 = ORIENTED_EDGE('',*,*,#7948,.F.);
#7963 = ORIENTED_EDGE('',*,*,#7964,.T.);
#7964 = EDGE_CURVE('',#7940,#7309,#7965,.T.);
#7965 = CIRCLE('',#7966,5.);
#7966 = AXIS2_PLACEMENT_3D('',#7967,#7968,#7969);
#7967 = CARTESIAN_POINT('',(-9.486832980505,55.,-24.5));
#7968 = DIRECTION('',(0.,0.,-1.));
#7969 = DIRECTION('',(0.998613997948,-5.263157894737E-02,0.));
#7970 = ORIENTED_EDGE('',*,*,#7921,.T.);
#7971 = ORIENTED_EDGE('',*,*,#4633,.F.);
#7972 = CONICAL_SURFACE('',#7973,5.,0.785398163397);
#7973 = AXIS2_PLACEMENT_3D('',#7974,#7975,#7976);
#7974 = CARTESIAN_POINT('',(-9.486832980505,55.,-24.5));
#7975 = DIRECTION('',(0.,0.,-1.));
#7976 = DIRECTION('',(0.998613997948,-5.263157894737E-02,0.));
#7977 = ADVANCED_FACE('',(#7978),#7997,.F.);
#7978 = FACE_BOUND('',#7979,.T.);
#7979 = EDGE_LOOP('',(#7980,#7988,#7995,#7996));
#7980 = ORIENTED_EDGE('',*,*,#7981,.F.);
#7981 = EDGE_CURVE('',#7982,#4703,#7984,.T.);
#7982 = VERTEX_POINT('',#7983);
#7983 = CARTESIAN_POINT('',(2.5,54.5,-24.5));
#7984 = LINE('',#7985,#7986);
#7985 = CARTESIAN_POINT('',(2.5,54.5,-24.5));
#7986 = VECTOR('',#7987,1.);
#7987 = DIRECTION('',(0.707106781187,0.,-0.707106781187));
#7988 = ORIENTED_EDGE('',*,*,#7989,.T.);
#7989 = EDGE_CURVE('',#7982,#7982,#7990,.T.);
#7990 = CIRCLE('',#7991,2.5);
#7991 = AXIS2_PLACEMENT_3D('',#7992,#7993,#7994);
#7992 = CARTESIAN_POINT('',(0.,54.5,-24.5));
#7993 = DIRECTION('',(0.,0.,1.));
#7994 = DIRECTION('',(1.,0.,0.));
#7995 = ORIENTED_EDGE('',*,*,#7981,.T.);
#7996 = ORIENTED_EDGE('',*,*,#4702,.F.);
#7997 = CONICAL_SURFACE('',#7998,2.5,0.785398163397);
#7998 = AXIS2_PLACEMENT_3D('',#7999,#8000,#8001);
#7999 = CARTESIAN_POINT('',(0.,54.5,-24.5));
#8000 = DIRECTION('',(0.,0.,-1.));
#8001 = DIRECTION('',(1.,0.,0.));
#8002 = ADVANCED_FACE('',(#8003),#8009,.T.);
#8003 = FACE_BOUND('',#8004,.T.);
#8004 = EDGE_LOOP('',(#8005,#8006,#8007,#8008));
#8005 = ORIENTED_EDGE('',*,*,#4750,.T.);
#8006 = ORIENTED_EDGE('',*,*,#6466,.T.);
#8007 = ORIENTED_EDGE('',*,*,#7550,.F.);
#8008 = ORIENTED_EDGE('',*,*,#6498,.F.);
#8009 = PLANE('',#8010);
#8010 = AXIS2_PLACEMENT_3D('',#8011,#8012,#8013);
#8011 = CARTESIAN_POINT('',(50.,-14.,-5.5));
#8012 = DIRECTION('',(0.71600013962,1.55009368925E-16,0.69810013613));
#8013 = DIRECTION('',(-0.69810013613,1.589839681282E-16,0.71600013962));
#8014 = ADVANCED_FACE('',(#8015),#8039,.F.);
#8015 = FACE_BOUND('',#8016,.F.);
#8016 = EDGE_LOOP('',(#8017,#8025,#8032,#8038));
#8017 = ORIENTED_EDGE('',*,*,#8018,.T.);
#8018 = EDGE_CURVE('',#4768,#8019,#8021,.T.);
#8019 = VERTEX_POINT('',#8020);
#8020 = CARTESIAN_POINT('',(49.2,22.553950860036,-19.098119375));
#8021 = LINE('',#8022,#8023);
#8022 = CARTESIAN_POINT('',(50.,22.553950860036,-19.098119375));
#8023 = VECTOR('',#8024,1.);
#8024 = DIRECTION('',(-1.,-0.,-0.));
#8025 = ORIENTED_EDGE('',*,*,#8026,.T.);
#8026 = EDGE_CURVE('',#8019,#8027,#8029,.T.);
#8027 = VERTEX_POINT('',#8028);
#8028 = CARTESIAN_POINT('',(49.2,21.230055262893,-18.333579375));
#8029 = B_SPLINE_CURVE_WITH_KNOTS('',1,(#8030,#8031),.UNSPECIFIED.,.F.,
  .F.,(2,2),(0.,57.781313458591),.PIECEWISE_BEZIER_KNOTS.);
#8030 = CARTESIAN_POINT('',(49.2,22.553950860036,-19.098119375));
#8031 = CARTESIAN_POINT('',(49.2,21.230055262893,-18.333579375));
#8032 = ORIENTED_EDGE('',*,*,#8033,.F.);
#8033 = EDGE_CURVE('',#4770,#8027,#8034,.T.);
#8034 = LINE('',#8035,#8036);
#8035 = CARTESIAN_POINT('',(50.,21.230055262893,-18.333579375));
#8036 = VECTOR('',#8037,1.);
#8037 = DIRECTION('',(-1.,-0.,-0.));
#8038 = ORIENTED_EDGE('',*,*,#4767,.F.);
#8039 = SURFACE_OF_LINEAR_EXTRUSION('',#8040,#8043);
#8040 = B_SPLINE_CURVE_WITH_KNOTS('',1,(#8041,#8042),.UNSPECIFIED.,.F.,
  .F.,(2,2),(0.,57.781313458591),.PIECEWISE_BEZIER_KNOTS.);
#8041 = CARTESIAN_POINT('',(50.,22.553950860036,-19.098119375));
#8042 = CARTESIAN_POINT('',(50.,21.230055262893,-18.333579375));
#8043 = VECTOR('',#8044,1.);
#8044 = DIRECTION('',(1.,0.,0.));
#8045 = ADVANCED_FACE('',(#8046),#8063,.F.);
#8046 = FACE_BOUND('',#8047,.F.);
#8047 = EDGE_LOOP('',(#8048,#8056,#8061,#8062));
#8048 = ORIENTED_EDGE('',*,*,#8049,.T.);
#8049 = EDGE_CURVE('',#4777,#8050,#8052,.T.);
#8050 = VERTEX_POINT('',#8051);
#8051 = CARTESIAN_POINT('',(49.2,21.230055262893,-19.86255354166));
#8052 = LINE('',#8053,#8054);
#8053 = CARTESIAN_POINT('',(50.,21.230055262893,-19.86255354166));
#8054 = VECTOR('',#8055,1.);
#8055 = DIRECTION('',(-1.,-0.,-0.));
#8056 = ORIENTED_EDGE('',*,*,#8057,.T.);
#8057 = EDGE_CURVE('',#8050,#8019,#8058,.T.);
#8058 = B_SPLINE_CURVE_WITH_KNOTS('',1,(#8059,#8060),.UNSPECIFIED.,.F.,
  .F.,(2,2),(0.,57.779313192526),.PIECEWISE_BEZIER_KNOTS.);
#8059 = CARTESIAN_POINT('',(49.2,21.230055262893,-19.86255354166));
#8060 = CARTESIAN_POINT('',(49.2,22.553950860036,-19.098119375));
#8061 = ORIENTED_EDGE('',*,*,#8018,.F.);
#8062 = ORIENTED_EDGE('',*,*,#4776,.F.);
#8063 = SURFACE_OF_LINEAR_EXTRUSION('',#8064,#8067);
#8064 = B_SPLINE_CURVE_WITH_KNOTS('',1,(#8065,#8066),.UNSPECIFIED.,.F.,
  .F.,(2,2),(0.,57.779313192526),.PIECEWISE_BEZIER_KNOTS.);
#8065 = CARTESIAN_POINT('',(50.,21.230055262893,-19.86255354166));
#8066 = CARTESIAN_POINT('',(50.,22.553950860036,-19.098119375));
#8067 = VECTOR('',#8068,1.);
#8068 = DIRECTION('',(1.,0.,0.));
#8069 = ADVANCED_FACE('',(#8070),#8087,.F.);
#8070 = FACE_BOUND('',#8071,.F.);
#8071 = EDGE_LOOP('',(#8072,#8073,#8080,#8086));
#8072 = ORIENTED_EDGE('',*,*,#8033,.T.);
#8073 = ORIENTED_EDGE('',*,*,#8074,.T.);
#8074 = EDGE_CURVE('',#8027,#8075,#8077,.T.);
#8075 = VERTEX_POINT('',#8076);
#8076 = CARTESIAN_POINT('',(49.2,21.230055262893,-18.878965));
#8077 = B_SPLINE_CURVE_WITH_KNOTS('',1,(#8078,#8079),.UNSPECIFIED.,.F.,
  .F.,(2,2),(0.,20.613),.PIECEWISE_BEZIER_KNOTS.);
#8078 = CARTESIAN_POINT('',(49.2,21.230055262893,-18.333579375));
#8079 = CARTESIAN_POINT('',(49.2,21.230055262893,-18.878965));
#8080 = ORIENTED_EDGE('',*,*,#8081,.F.);
#8081 = EDGE_CURVE('',#5071,#8075,#8082,.T.);
#8082 = LINE('',#8083,#8084);
#8083 = CARTESIAN_POINT('',(50.,21.230055262893,-18.878965));
#8084 = VECTOR('',#8085,1.);
#8085 = DIRECTION('',(-1.,-0.,-0.));
#8086 = ORIENTED_EDGE('',*,*,#5077,.F.);
#8087 = SURFACE_OF_LINEAR_EXTRUSION('',#8088,#8091);
#8088 = B_SPLINE_CURVE_WITH_KNOTS('',1,(#8089,#8090),.UNSPECIFIED.,.F.,
  .F.,(2,2),(0.,20.613),.PIECEWISE_BEZIER_KNOTS.);
#8089 = CARTESIAN_POINT('',(50.,21.230055262893,-18.333579375));
#8090 = CARTESIAN_POINT('',(50.,21.230055262893,-18.878965));
#8091 = VECTOR('',#8092,1.);
#8092 = DIRECTION('',(1.,0.,0.));
#8093 = ADVANCED_FACE('',(#8094),#8111,.F.);
#8094 = FACE_BOUND('',#8095,.F.);
#8095 = EDGE_LOOP('',(#8096,#8104,#8109,#8110));
#8096 = ORIENTED_EDGE('',*,*,#8097,.T.);
#8097 = EDGE_CURVE('',#4784,#8098,#8100,.T.);
#8098 = VERTEX_POINT('',#8099);
#8099 = CARTESIAN_POINT('',(49.2,21.230055262893,-19.31629479166));
#8100 = LINE('',#8101,#8102);
#8101 = CARTESIAN_POINT('',(50.,21.230055262893,-19.31629479166));
#8102 = VECTOR('',#8103,1.);
#8103 = DIRECTION('',(-1.,-0.,-0.));
#8104 = ORIENTED_EDGE('',*,*,#8105,.T.);
#8105 = EDGE_CURVE('',#8098,#8050,#8106,.T.);
#8106 = B_SPLINE_CURVE_WITH_KNOTS('',1,(#8107,#8108),.UNSPECIFIED.,.F.,
  .F.,(2,2),(0.,20.646),.PIECEWISE_BEZIER_KNOTS.);
#8107 = CARTESIAN_POINT('',(49.2,21.230055262893,-19.31629479166));
#8108 = CARTESIAN_POINT('',(49.2,21.230055262893,-19.86255354166));
#8109 = ORIENTED_EDGE('',*,*,#8049,.F.);
#8110 = ORIENTED_EDGE('',*,*,#4783,.F.);
#8111 = SURFACE_OF_LINEAR_EXTRUSION('',#8112,#8115);
#8112 = B_SPLINE_CURVE_WITH_KNOTS('',1,(#8113,#8114),.UNSPECIFIED.,.F.,
  .F.,(2,2),(0.,20.646),.PIECEWISE_BEZIER_KNOTS.);
#8113 = CARTESIAN_POINT('',(50.,21.230055262893,-19.31629479166));
#8114 = CARTESIAN_POINT('',(50.,21.230055262893,-19.86255354166));
#8115 = VECTOR('',#8116,1.);
#8116 = DIRECTION('',(1.,0.,0.));
#8117 = ADVANCED_FACE('',(#8118),#8135,.F.);
#8118 = FACE_BOUND('',#8119,.F.);
#8119 = EDGE_LOOP('',(#8120,#8121,#8128,#8134));
#8120 = ORIENTED_EDGE('',*,*,#8081,.T.);
#8121 = ORIENTED_EDGE('',*,*,#8122,.T.);
#8122 = EDGE_CURVE('',#8075,#8123,#8125,.T.);
#8123 = VERTEX_POINT('',#8124);
#8124 = CARTESIAN_POINT('',(49.2,14.463257280278,-18.878965));
#8125 = B_SPLINE_CURVE_WITH_KNOTS('',1,(#8126,#8127),.UNSPECIFIED.,.F.,
  .F.,(2,2),(0.,255.753),.PIECEWISE_BEZIER_KNOTS.);
#8126 = CARTESIAN_POINT('',(49.2,21.230055262893,-18.878965));
#8127 = CARTESIAN_POINT('',(49.2,14.463257280278,-18.878965));
#8128 = ORIENTED_EDGE('',*,*,#8129,.F.);
#8129 = EDGE_CURVE('',#5064,#8123,#8130,.T.);
#8130 = LINE('',#8131,#8132);
#8131 = CARTESIAN_POINT('',(50.,14.463257280278,-18.878965));
#8132 = VECTOR('',#8133,1.);
#8133 = DIRECTION('',(-1.,-0.,-0.));
#8134 = ORIENTED_EDGE('',*,*,#5070,.F.);
#8135 = SURFACE_OF_LINEAR_EXTRUSION('',#8136,#8139);
#8136 = B_SPLINE_CURVE_WITH_KNOTS('',1,(#8137,#8138),.UNSPECIFIED.,.F.,
  .F.,(2,2),(0.,255.753),.PIECEWISE_BEZIER_KNOTS.);
#8137 = CARTESIAN_POINT('',(50.,21.230055262893,-18.878965));
#8138 = CARTESIAN_POINT('',(50.,14.463257280278,-18.878965));
#8139 = VECTOR('',#8140,1.);
#8140 = DIRECTION('',(1.,0.,0.));
#8141 = ADVANCED_FACE('',(#8142),#8159,.F.);
#8142 = FACE_BOUND('',#8143,.F.);
#8143 = EDGE_LOOP('',(#8144,#8152,#8157,#8158));
#8144 = ORIENTED_EDGE('',*,*,#8145,.T.);
#8145 = EDGE_CURVE('',#4791,#8146,#8148,.T.);
#8146 = VERTEX_POINT('',#8147);
#8147 = CARTESIAN_POINT('',(49.2,16.118067245458,-19.31629479166));
#8148 = LINE('',#8149,#8150);
#8149 = CARTESIAN_POINT('',(50.,16.118067245458,-19.31629479166));
#8150 = VECTOR('',#8151,1.);
#8151 = DIRECTION('',(-1.,-0.,-0.));
#8152 = ORIENTED_EDGE('',*,*,#8153,.T.);
#8153 = EDGE_CURVE('',#8146,#8098,#8154,.T.);
#8154 = B_SPLINE_CURVE_WITH_KNOTS('',1,(#8155,#8156),.UNSPECIFIED.,.F.,
  .F.,(2,2),(0.,193.209),.PIECEWISE_BEZIER_KNOTS.);
#8155 = CARTESIAN_POINT('',(49.2,16.118067245458,-19.31629479166));
#8156 = CARTESIAN_POINT('',(49.2,21.230055262893,-19.31629479166));
#8157 = ORIENTED_EDGE('',*,*,#8097,.F.);
#8158 = ORIENTED_EDGE('',*,*,#4790,.F.);
#8159 = SURFACE_OF_LINEAR_EXTRUSION('',#8160,#8163);
#8160 = B_SPLINE_CURVE_WITH_KNOTS('',1,(#8161,#8162),.UNSPECIFIED.,.F.,
  .F.,(2,2),(0.,193.209),.PIECEWISE_BEZIER_KNOTS.);
#8161 = CARTESIAN_POINT('',(50.,16.118067245458,-19.31629479166));
#8162 = CARTESIAN_POINT('',(50.,21.230055262893,-19.31629479166));
#8163 = VECTOR('',#8164,1.);
#8164 = DIRECTION('',(1.,0.,0.));
#8165 = ADVANCED_FACE('',(#8166),#8183,.F.);
#8166 = FACE_BOUND('',#8167,.F.);
#8167 = EDGE_LOOP('',(#8168,#8169,#8176,#8182));
#8168 = ORIENTED_EDGE('',*,*,#8129,.T.);
#8169 = ORIENTED_EDGE('',*,*,#8170,.T.);
#8170 = EDGE_CURVE('',#8123,#8171,#8173,.T.);
#8171 = VERTEX_POINT('',#8172);
#8172 = CARTESIAN_POINT('',(49.2,15.780829335887,-17.48693916666));
#8173 = B_SPLINE_CURVE_WITH_KNOTS('',1,(#8174,#8175),.UNSPECIFIED.,.F.,
  .F.,(2,2),(0.,72.442137930903),.PIECEWISE_BEZIER_KNOTS.);
#8174 = CARTESIAN_POINT('',(49.2,14.463257280278,-18.878965));
#8175 = CARTESIAN_POINT('',(49.2,15.780829335887,-17.48693916666));
#8176 = ORIENTED_EDGE('',*,*,#8177,.F.);
#8177 = EDGE_CURVE('',#5055,#8171,#8178,.T.);
#8178 = LINE('',#8179,#8180);
#8179 = CARTESIAN_POINT('',(50.,15.780829335887,-17.48693916666));
#8180 = VECTOR('',#8181,1.);
#8181 = DIRECTION('',(-1.,-0.,-0.));
#8182 = ORIENTED_EDGE('',*,*,#5063,.F.);
#8183 = SURFACE_OF_LINEAR_EXTRUSION('',#8184,#8187);
#8184 = B_SPLINE_CURVE_WITH_KNOTS('',1,(#8185,#8186),.UNSPECIFIED.,.F.,
  .F.,(2,2),(0.,72.442137930903),.PIECEWISE_BEZIER_KNOTS.);
#8185 = CARTESIAN_POINT('',(50.,14.463257280278,-18.878965));
#8186 = CARTESIAN_POINT('',(50.,15.780829335887,-17.48693916666));
#8187 = VECTOR('',#8188,1.);
#8188 = DIRECTION('',(1.,0.,0.));
#8189 = ADVANCED_FACE('',(#8190),#8207,.F.);
#8190 = FACE_BOUND('',#8191,.F.);
#8191 = EDGE_LOOP('',(#8192,#8200,#8205,#8206));
#8192 = ORIENTED_EDGE('',*,*,#8193,.T.);
#8193 = EDGE_CURVE('',#4798,#8194,#8196,.T.);
#8194 = VERTEX_POINT('',#8195);
#8195 = CARTESIAN_POINT('',(49.2,17.435930342728,-20.70858520833));
#8196 = LINE('',#8197,#8198);
#8197 = CARTESIAN_POINT('',(50.,17.435930342728,-20.70858520833));
#8198 = VECTOR('',#8199,1.);
#8199 = DIRECTION('',(-1.,-0.,-0.));
#8200 = ORIENTED_EDGE('',*,*,#8201,.T.);
#8201 = EDGE_CURVE('',#8194,#8146,#8202,.T.);
#8202 = B_SPLINE_CURVE_WITH_KNOTS('',1,(#8203,#8204),.UNSPECIFIED.,.F.,
  .F.,(2,2),(0.,72.456962156856),.PIECEWISE_BEZIER_KNOTS.);
#8203 = CARTESIAN_POINT('',(49.2,17.435930342728,-20.70858520833));
#8204 = CARTESIAN_POINT('',(49.2,16.118067245458,-19.31629479166));
#8205 = ORIENTED_EDGE('',*,*,#8145,.F.);
#8206 = ORIENTED_EDGE('',*,*,#4797,.F.);
#8207 = SURFACE_OF_LINEAR_EXTRUSION('',#8208,#8211);
#8208 = B_SPLINE_CURVE_WITH_KNOTS('',1,(#8209,#8210),.UNSPECIFIED.,.F.,
  .F.,(2,2),(0.,72.456962156856),.PIECEWISE_BEZIER_KNOTS.);
#8209 = CARTESIAN_POINT('',(50.,17.435930342728,-20.70858520833));
#8210 = CARTESIAN_POINT('',(50.,16.118067245458,-19.31629479166));
#8211 = VECTOR('',#8212,1.);
#8212 = DIRECTION('',(1.,0.,0.));
#8213 = ADVANCED_FACE('',(#8214),#8233,.F.);
#8214 = FACE_BOUND('',#8215,.F.);
#8215 = EDGE_LOOP('',(#8216,#8217,#8226,#8232));
#8216 = ORIENTED_EDGE('',*,*,#8177,.T.);
#8217 = ORIENTED_EDGE('',*,*,#8218,.T.);
#8218 = EDGE_CURVE('',#8171,#8219,#8221,.T.);
#8219 = VERTEX_POINT('',#8220);
#8220 = CARTESIAN_POINT('',(49.2,16.190589535598,-17.3305175));
#8221 = B_SPLINE_CURVE_WITH_KNOTS('',3,(#8222,#8223,#8224,#8225),
  .UNSPECIFIED.,.F.,.F.,(4,4),(0.,1.),.PIECEWISE_BEZIER_KNOTS.);
#8222 = CARTESIAN_POINT('',(49.2,15.780829335887,-17.48693916666));
#8223 = CARTESIAN_POINT('',(49.2,15.892959750194,-17.39706020833));
#8224 = CARTESIAN_POINT('',(49.2,16.039671205441,-17.33401));
#8225 = CARTESIAN_POINT('',(49.2,16.190589535598,-17.3305175));
#8226 = ORIENTED_EDGE('',*,*,#8227,.F.);
#8227 = EDGE_CURVE('',#5046,#8219,#8228,.T.);
#8228 = LINE('',#8229,#8230);
#8229 = CARTESIAN_POINT('',(50.,16.190589535598,-17.3305175));
#8230 = VECTOR('',#8231,1.);
#8231 = DIRECTION('',(-1.,-0.,-0.));
#8232 = ORIENTED_EDGE('',*,*,#5054,.F.);
#8233 = SURFACE_OF_LINEAR_EXTRUSION('',#8234,#8239);
#8234 = B_SPLINE_CURVE_WITH_KNOTS('',3,(#8235,#8236,#8237,#8238),
  .UNSPECIFIED.,.F.,.F.,(4,4),(0.,1.),.PIECEWISE_BEZIER_KNOTS.);
#8235 = CARTESIAN_POINT('',(50.,15.780829335887,-17.48693916666));
#8236 = CARTESIAN_POINT('',(50.,15.892959750194,-17.39706020833));
#8237 = CARTESIAN_POINT('',(50.,16.039671205441,-17.33401));
#8238 = CARTESIAN_POINT('',(50.,16.190589535598,-17.3305175));
#8239 = VECTOR('',#8240,1.);
#8240 = DIRECTION('',(1.,0.,0.));
#8241 = ADVANCED_FACE('',(#8242),#8261,.F.);
#8242 = FACE_BOUND('',#8243,.F.);
#8243 = EDGE_LOOP('',(#8244,#8252,#8259,#8260));
#8244 = ORIENTED_EDGE('',*,*,#8245,.T.);
#8245 = EDGE_CURVE('',#4805,#8246,#8248,.T.);
#8246 = VERTEX_POINT('',#8247);
#8247 = CARTESIAN_POINT('',(49.2,17.845822834103,-20.86490104166));
#8248 = LINE('',#8249,#8250);
#8249 = CARTESIAN_POINT('',(50.,17.845822834103,-20.86490104166));
#8250 = VECTOR('',#8251,1.);
#8251 = DIRECTION('',(-1.,-0.,-0.));
#8252 = ORIENTED_EDGE('',*,*,#8253,.T.);
#8253 = EDGE_CURVE('',#8246,#8194,#8254,.T.);
#8254 = B_SPLINE_CURVE_WITH_KNOTS('',3,(#8255,#8256,#8257,#8258),
  .UNSPECIFIED.,.F.,.F.,(4,4),(0.,1.),.PIECEWISE_BEZIER_KNOTS.);
#8255 = CARTESIAN_POINT('',(49.2,17.845822834103,-20.86490104166));
#8256 = CARTESIAN_POINT('',(49.2,17.694878045612,-20.861435));
#8257 = CARTESIAN_POINT('',(49.2,17.548007840369,-20.79846416666));
#8258 = CARTESIAN_POINT('',(49.2,17.435930342728,-20.70858520833));
#8259 = ORIENTED_EDGE('',*,*,#8193,.F.);
#8260 = ORIENTED_EDGE('',*,*,#4804,.F.);
#8261 = SURFACE_OF_LINEAR_EXTRUSION('',#8262,#8267);
#8262 = B_SPLINE_CURVE_WITH_KNOTS('',3,(#8263,#8264,#8265,#8266),
  .UNSPECIFIED.,.F.,.F.,(4,4),(0.,1.),.PIECEWISE_BEZIER_KNOTS.);
#8263 = CARTESIAN_POINT('',(50.,17.845822834103,-20.86490104166));
#8264 = CARTESIAN_POINT('',(50.,17.694878045612,-20.861435));
#8265 = CARTESIAN_POINT('',(50.,17.548007840369,-20.79846416666));
#8266 = CARTESIAN_POINT('',(50.,17.435930342728,-20.70858520833));
#8267 = VECTOR('',#8268,1.);
#8268 = DIRECTION('',(1.,0.,0.));
#8269 = ADVANCED_FACE('',(#8270),#8289,.F.);
#8270 = FACE_BOUND('',#8271,.F.);
#8271 = EDGE_LOOP('',(#8272,#8273,#8282,#8288));
#8272 = ORIENTED_EDGE('',*,*,#8227,.T.);
#8273 = ORIENTED_EDGE('',*,*,#8274,.T.);
#8274 = EDGE_CURVE('',#8219,#8275,#8277,.T.);
#8275 = VERTEX_POINT('',#8276);
#8276 = CARTESIAN_POINT('',(49.2,17.297129928982,-17.33009416666));
#8277 = B_SPLINE_CURVE_WITH_KNOTS('',3,(#8278,#8279,#8280,#8281),
  .UNSPECIFIED.,.F.,.F.,(4,4),(0.,1.),.PIECEWISE_BEZIER_KNOTS.);
#8278 = CARTESIAN_POINT('',(49.2,16.190589535598,-17.3305175));
#8279 = CARTESIAN_POINT('',(49.2,16.801115564419,-17.3305175));
#8280 = CARTESIAN_POINT('',(49.2,17.163674098456,-17.33035875));
#8281 = CARTESIAN_POINT('',(49.2,17.297129928982,-17.33009416666));
#8282 = ORIENTED_EDGE('',*,*,#8283,.F.);
#8283 = EDGE_CURVE('',#5037,#8275,#8284,.T.);
#8284 = LINE('',#8285,#8286);
#8285 = CARTESIAN_POINT('',(50.,17.297129928982,-17.33009416666));
#8286 = VECTOR('',#8287,1.);
#8287 = DIRECTION('',(-1.,-0.,-0.));
#8288 = ORIENTED_EDGE('',*,*,#5045,.F.);
#8289 = SURFACE_OF_LINEAR_EXTRUSION('',#8290,#8295);
#8290 = B_SPLINE_CURVE_WITH_KNOTS('',3,(#8291,#8292,#8293,#8294),
  .UNSPECIFIED.,.F.,.F.,(4,4),(0.,1.),.PIECEWISE_BEZIER_KNOTS.);
#8291 = CARTESIAN_POINT('',(50.,16.190589535598,-17.3305175));
#8292 = CARTESIAN_POINT('',(50.,16.801115564419,-17.3305175));
#8293 = CARTESIAN_POINT('',(50.,17.163674098456,-17.33035875));
#8294 = CARTESIAN_POINT('',(50.,17.297129928982,-17.33009416666));
#8295 = VECTOR('',#8296,1.);
#8296 = DIRECTION('',(1.,0.,0.));
#8297 = ADVANCED_FACE('',(#8298),#8317,.F.);
#8298 = FACE_BOUND('',#8299,.F.);
#8299 = EDGE_LOOP('',(#8300,#8308,#8315,#8316));
#8300 = ORIENTED_EDGE('',*,*,#8301,.T.);
#8301 = EDGE_CURVE('',#4814,#8302,#8304,.T.);
#8302 = VERTEX_POINT('',#8303);
#8303 = CARTESIAN_POINT('',(49.2,18.912622811656,-20.86540375));
#8304 = LINE('',#8305,#8306);
#8305 = CARTESIAN_POINT('',(50.,18.912622811656,-20.86540375));
#8306 = VECTOR('',#8307,1.);
#8307 = DIRECTION('',(-1.,-0.,-0.));
#8308 = ORIENTED_EDGE('',*,*,#8309,.T.);
#8309 = EDGE_CURVE('',#8302,#8246,#8310,.T.);
#8310 = B_SPLINE_CURVE_WITH_KNOTS('',3,(#8311,#8312,#8313,#8314),
  .UNSPECIFIED.,.F.,.F.,(4,4),(0.,1.),.PIECEWISE_BEZIER_KNOTS.);
#8311 = CARTESIAN_POINT('',(49.2,18.912622811656,-20.86540375));
#8312 = CARTESIAN_POINT('',(49.2,18.912622811656,-20.86540375));
#8313 = CARTESIAN_POINT('',(49.2,18.635048442496,-20.86490104166));
#8314 = CARTESIAN_POINT('',(49.2,17.845822834103,-20.86490104166));
#8315 = ORIENTED_EDGE('',*,*,#8245,.F.);
#8316 = ORIENTED_EDGE('',*,*,#4813,.F.);
#8317 = SURFACE_OF_LINEAR_EXTRUSION('',#8318,#8323);
#8318 = B_SPLINE_CURVE_WITH_KNOTS('',3,(#8319,#8320,#8321,#8322),
  .UNSPECIFIED.,.F.,.F.,(4,4),(0.,1.),.PIECEWISE_BEZIER_KNOTS.);
#8319 = CARTESIAN_POINT('',(50.,18.912622811656,-20.86540375));
#8320 = CARTESIAN_POINT('',(50.,18.912622811656,-20.86540375));
#8321 = CARTESIAN_POINT('',(50.,18.635048442496,-20.86490104166));
#8322 = CARTESIAN_POINT('',(50.,17.845822834103,-20.86490104166));
#8323 = VECTOR('',#8324,1.);
#8324 = DIRECTION('',(1.,0.,0.));
#8325 = ADVANCED_FACE('',(#8326),#8345,.F.);
#8326 = FACE_BOUND('',#8327,.F.);
#8327 = EDGE_LOOP('',(#8328,#8329,#8338,#8344));
#8328 = ORIENTED_EDGE('',*,*,#8283,.T.);
#8329 = ORIENTED_EDGE('',*,*,#8330,.T.);
#8330 = EDGE_CURVE('',#8275,#8331,#8333,.T.);
#8331 = VERTEX_POINT('',#8332);
#8332 = CARTESIAN_POINT('',(49.2,17.91945637422,-17.77385333333));
#8333 = B_SPLINE_CURVE_WITH_KNOTS('',3,(#8334,#8335,#8336,#8337),
  .UNSPECIFIED.,.F.,.F.,(4,4),(0.,1.),.PIECEWISE_BEZIER_KNOTS.);
#8334 = CARTESIAN_POINT('',(49.2,17.297129928982,-17.33009416666));
#8335 = CARTESIAN_POINT('',(49.2,17.387590968745,-17.58782479166));
#8336 = CARTESIAN_POINT('',(49.2,17.630584296965,-17.77385333333));
#8337 = CARTESIAN_POINT('',(49.2,17.91945637422,-17.77385333333));
#8338 = ORIENTED_EDGE('',*,*,#8339,.F.);
#8339 = EDGE_CURVE('',#5028,#8331,#8340,.T.);
#8340 = LINE('',#8341,#8342);
#8341 = CARTESIAN_POINT('',(50.,17.91945637422,-17.77385333333));
#8342 = VECTOR('',#8343,1.);
#8343 = DIRECTION('',(-1.,-0.,-0.));
#8344 = ORIENTED_EDGE('',*,*,#5036,.F.);
#8345 = SURFACE_OF_LINEAR_EXTRUSION('',#8346,#8351);
#8346 = B_SPLINE_CURVE_WITH_KNOTS('',3,(#8347,#8348,#8349,#8350),
  .UNSPECIFIED.,.F.,.F.,(4,4),(0.,1.),.PIECEWISE_BEZIER_KNOTS.);
#8347 = CARTESIAN_POINT('',(50.,17.297129928982,-17.33009416666));
#8348 = CARTESIAN_POINT('',(50.,17.387590968745,-17.58782479166));
#8349 = CARTESIAN_POINT('',(50.,17.630584296965,-17.77385333333));
#8350 = CARTESIAN_POINT('',(50.,17.91945637422,-17.77385333333));
#8351 = VECTOR('',#8352,1.);
#8352 = DIRECTION('',(1.,0.,0.));
#8353 = ADVANCED_FACE('',(#8354),#8371,.F.);
#8354 = FACE_BOUND('',#8355,.F.);
#8355 = EDGE_LOOP('',(#8356,#8364,#8369,#8370));
#8356 = ORIENTED_EDGE('',*,*,#8357,.T.);
#8357 = EDGE_CURVE('',#4823,#8358,#8360,.T.);
#8358 = VERTEX_POINT('',#8359);
#8359 = CARTESIAN_POINT('',(49.2,18.912622811656,-20.422094375));
#8360 = LINE('',#8361,#8362);
#8361 = CARTESIAN_POINT('',(50.,18.912622811656,-20.422094375));
#8362 = VECTOR('',#8363,1.);
#8363 = DIRECTION('',(-1.,-0.,-0.));
#8364 = ORIENTED_EDGE('',*,*,#8365,.T.);
#8365 = EDGE_CURVE('',#8358,#8302,#8366,.T.);
#8366 = B_SPLINE_CURVE_WITH_KNOTS('',1,(#8367,#8368),.UNSPECIFIED.,.F.,
  .F.,(2,2),(0.,16.755),.PIECEWISE_BEZIER_KNOTS.);
#8367 = CARTESIAN_POINT('',(49.2,18.912622811656,-20.422094375));
#8368 = CARTESIAN_POINT('',(49.2,18.912622811656,-20.86540375));
#8369 = ORIENTED_EDGE('',*,*,#8301,.F.);
#8370 = ORIENTED_EDGE('',*,*,#4822,.F.);
#8371 = SURFACE_OF_LINEAR_EXTRUSION('',#8372,#8375);
#8372 = B_SPLINE_CURVE_WITH_KNOTS('',1,(#8373,#8374),.UNSPECIFIED.,.F.,
  .F.,(2,2),(0.,16.755),.PIECEWISE_BEZIER_KNOTS.);
#8373 = CARTESIAN_POINT('',(50.,18.912622811656,-20.422094375));
#8374 = CARTESIAN_POINT('',(50.,18.912622811656,-20.86540375));
#8375 = VECTOR('',#8376,1.);
#8376 = DIRECTION('',(1.,0.,0.));
#8377 = ADVANCED_FACE('',(#8378),#8397,.F.);
#8378 = FACE_BOUND('',#8379,.F.);
#8379 = EDGE_LOOP('',(#8380,#8381,#8390,#8396));
#8380 = ORIENTED_EDGE('',*,*,#8339,.T.);
#8381 = ORIENTED_EDGE('',*,*,#8382,.T.);
#8382 = EDGE_CURVE('',#8331,#8383,#8385,.T.);
#8383 = VERTEX_POINT('',#8384);
#8384 = CARTESIAN_POINT('',(49.2,18.581470318624,-17.11173354166));
#8385 = B_SPLINE_CURVE_WITH_KNOTS('',3,(#8386,#8387,#8388,#8389),
  .UNSPECIFIED.,.F.,.F.,(4,4),(0.,1.),.PIECEWISE_BEZIER_KNOTS.);
#8386 = CARTESIAN_POINT('',(49.2,17.91945637422,-17.77385333333));
#8387 = CARTESIAN_POINT('',(49.2,18.284898866531,-17.77385333333));
#8388 = CARTESIAN_POINT('',(49.2,18.581470318624,-17.47730833333));
#8389 = CARTESIAN_POINT('',(49.2,18.581470318624,-17.11173354166));
#8390 = ORIENTED_EDGE('',*,*,#8391,.F.);
#8391 = EDGE_CURVE('',#5019,#8383,#8392,.T.);
#8392 = LINE('',#8393,#8394);
#8393 = CARTESIAN_POINT('',(50.,18.581470318624,-17.11173354166));
#8394 = VECTOR('',#8395,1.);
#8395 = DIRECTION('',(-1.,-0.,-0.));
#8396 = ORIENTED_EDGE('',*,*,#5027,.F.);
#8397 = SURFACE_OF_LINEAR_EXTRUSION('',#8398,#8403);
#8398 = B_SPLINE_CURVE_WITH_KNOTS('',3,(#8399,#8400,#8401,#8402),
  .UNSPECIFIED.,.F.,.F.,(4,4),(0.,1.),.PIECEWISE_BEZIER_KNOTS.);
#8399 = CARTESIAN_POINT('',(50.,17.91945637422,-17.77385333333));
#8400 = CARTESIAN_POINT('',(50.,18.284898866531,-17.77385333333));
#8401 = CARTESIAN_POINT('',(50.,18.581470318624,-17.47730833333));
#8402 = CARTESIAN_POINT('',(50.,18.581470318624,-17.11173354166));
#8403 = VECTOR('',#8404,1.);
#8404 = DIRECTION('',(1.,0.,0.));
#8405 = ADVANCED_FACE('',(#8406),#8423,.F.);
#8406 = FACE_BOUND('',#8407,.F.);
#8407 = EDGE_LOOP('',(#8408,#8416,#8421,#8422));
#8408 = ORIENTED_EDGE('',*,*,#8409,.T.);
#8409 = EDGE_CURVE('',#4830,#8410,#8412,.T.);
#8410 = VERTEX_POINT('',#8411);
#8411 = CARTESIAN_POINT('',(49.2,20.236862367125,-20.422094375));
#8412 = LINE('',#8413,#8414);
#8413 = CARTESIAN_POINT('',(50.,20.236862367125,-20.422094375));
#8414 = VECTOR('',#8415,1.);
#8415 = DIRECTION('',(-1.,-0.,-0.));
#8416 = ORIENTED_EDGE('',*,*,#8417,.T.);
#8417 = EDGE_CURVE('',#8410,#8358,#8418,.T.);
#8418 = B_SPLINE_CURVE_WITH_KNOTS('',1,(#8419,#8420),.UNSPECIFIED.,.F.,
  .F.,(2,2),(0.,50.05),.PIECEWISE_BEZIER_KNOTS.);
#8419 = CARTESIAN_POINT('',(49.2,20.236862367125,-20.422094375));
#8420 = CARTESIAN_POINT('',(49.2,18.912622811656,-20.422094375));
#8421 = ORIENTED_EDGE('',*,*,#8357,.F.);
#8422 = ORIENTED_EDGE('',*,*,#4829,.F.);
#8423 = SURFACE_OF_LINEAR_EXTRUSION('',#8424,#8427);
#8424 = B_SPLINE_CURVE_WITH_KNOTS('',1,(#8425,#8426),.UNSPECIFIED.,.F.,
  .F.,(2,2),(0.,50.05),.PIECEWISE_BEZIER_KNOTS.);
#8425 = CARTESIAN_POINT('',(50.,20.236862367125,-20.422094375));
#8426 = CARTESIAN_POINT('',(50.,18.912622811656,-20.422094375));
#8427 = VECTOR('',#8428,1.);
#8428 = DIRECTION('',(1.,0.,0.));
#8429 = ADVANCED_FACE('',(#8430),#8449,.F.);
#8430 = FACE_BOUND('',#8431,.F.);
#8431 = EDGE_LOOP('',(#8432,#8433,#8442,#8448));
#8432 = ORIENTED_EDGE('',*,*,#8391,.T.);
#8433 = ORIENTED_EDGE('',*,*,#8434,.T.);
#8434 = EDGE_CURVE('',#8383,#8435,#8437,.T.);
#8435 = VERTEX_POINT('',#8436);
#8436 = CARTESIAN_POINT('',(49.2,17.91945637422,-16.44956083333));
#8437 = B_SPLINE_CURVE_WITH_KNOTS('',3,(#8438,#8439,#8440,#8441),
  .UNSPECIFIED.,.F.,.F.,(4,4),(0.,1.),.PIECEWISE_BEZIER_KNOTS.);
#8438 = CARTESIAN_POINT('',(49.2,18.581470318624,-17.11173354166));
#8439 = CARTESIAN_POINT('',(49.2,18.581470318624,-16.746));
#8440 = CARTESIAN_POINT('',(49.2,18.284925324863,-16.44956083333));
#8441 = CARTESIAN_POINT('',(49.2,17.91945637422,-16.44956083333));
#8442 = ORIENTED_EDGE('',*,*,#8443,.F.);
#8443 = EDGE_CURVE('',#5010,#8435,#8444,.T.);
#8444 = LINE('',#8445,#8446);
#8445 = CARTESIAN_POINT('',(50.,17.91945637422,-16.44956083333));
#8446 = VECTOR('',#8447,1.);
#8447 = DIRECTION('',(-1.,-0.,-0.));
#8448 = ORIENTED_EDGE('',*,*,#5018,.F.);
#8449 = SURFACE_OF_LINEAR_EXTRUSION('',#8450,#8455);
#8450 = B_SPLINE_CURVE_WITH_KNOTS('',3,(#8451,#8452,#8453,#8454),
  .UNSPECIFIED.,.F.,.F.,(4,4),(0.,1.),.PIECEWISE_BEZIER_KNOTS.);
#8451 = CARTESIAN_POINT('',(50.,18.581470318624,-17.11173354166));
#8452 = CARTESIAN_POINT('',(50.,18.581470318624,-16.746));
#8453 = CARTESIAN_POINT('',(50.,18.284925324863,-16.44956083333));
#8454 = CARTESIAN_POINT('',(50.,17.91945637422,-16.44956083333));
#8455 = VECTOR('',#8456,1.);
#8456 = DIRECTION('',(1.,0.,0.));
#8457 = ADVANCED_FACE('',(#8458),#8475,.F.);
#8458 = FACE_BOUND('',#8459,.F.);
#8459 = EDGE_LOOP('',(#8460,#8468,#8473,#8474));
#8460 = ORIENTED_EDGE('',*,*,#8461,.T.);
#8461 = EDGE_CURVE('',#4837,#8462,#8464,.T.);
#8462 = VERTEX_POINT('',#8463);
#8463 = CARTESIAN_POINT('',(49.2,20.236862367125,-21.74620166666));
#8464 = LINE('',#8465,#8466);
#8465 = CARTESIAN_POINT('',(50.,20.236862367125,-21.74620166666));
#8466 = VECTOR('',#8467,1.);
#8467 = DIRECTION('',(-1.,-0.,-0.));
#8468 = ORIENTED_EDGE('',*,*,#8469,.T.);
#8469 = EDGE_CURVE('',#8462,#8410,#8470,.T.);
#8470 = B_SPLINE_CURVE_WITH_KNOTS('',1,(#8471,#8472),.UNSPECIFIED.,.F.,
  .F.,(2,2),(0.,50.045),.PIECEWISE_BEZIER_KNOTS.);
#8471 = CARTESIAN_POINT('',(49.2,20.236862367125,-21.74620166666));
#8472 = CARTESIAN_POINT('',(49.2,20.236862367125,-20.422094375));
#8473 = ORIENTED_EDGE('',*,*,#8409,.F.);
#8474 = ORIENTED_EDGE('',*,*,#4836,.F.);
#8475 = SURFACE_OF_LINEAR_EXTRUSION('',#8476,#8479);
#8476 = B_SPLINE_CURVE_WITH_KNOTS('',1,(#8477,#8478),.UNSPECIFIED.,.F.,
  .F.,(2,2),(0.,50.045),.PIECEWISE_BEZIER_KNOTS.);
#8477 = CARTESIAN_POINT('',(50.,20.236862367125,-21.74620166666));
#8478 = CARTESIAN_POINT('',(50.,20.236862367125,-20.422094375));
#8479 = VECTOR('',#8480,1.);
#8480 = DIRECTION('',(1.,0.,0.));
#8481 = ADVANCED_FACE('',(#8482),#8501,.F.);
#8482 = FACE_BOUND('',#8483,.F.);
#8483 = EDGE_LOOP('',(#8484,#8485,#8494,#8500));
#8484 = ORIENTED_EDGE('',*,*,#8443,.T.);
#8485 = ORIENTED_EDGE('',*,*,#8486,.T.);
#8486 = EDGE_CURVE('',#8435,#8487,#8489,.T.);
#8487 = VERTEX_POINT('',#8488);
#8488 = CARTESIAN_POINT('',(49.2,17.297129928982,-16.8930025));
#8489 = B_SPLINE_CURVE_WITH_KNOTS('',3,(#8490,#8491,#8492,#8493),
  .UNSPECIFIED.,.F.,.F.,(4,4),(0.,1.),.PIECEWISE_BEZIER_KNOTS.);
#8490 = CARTESIAN_POINT('',(49.2,17.91945637422,-16.44956083333));
#8491 = CARTESIAN_POINT('',(49.2,17.630584296965,-16.44956083333));
#8492 = CARTESIAN_POINT('',(49.2,17.387590968745,-16.63548354166));
#8493 = CARTESIAN_POINT('',(49.2,17.297129928982,-16.8930025));
#8494 = ORIENTED_EDGE('',*,*,#8495,.F.);
#8495 = EDGE_CURVE('',#5003,#8487,#8496,.T.);
#8496 = LINE('',#8497,#8498);
#8497 = CARTESIAN_POINT('',(50.,17.297129928982,-16.8930025));
#8498 = VECTOR('',#8499,1.);
#8499 = DIRECTION('',(-1.,-0.,-0.));
#8500 = ORIENTED_EDGE('',*,*,#5009,.F.);
#8501 = SURFACE_OF_LINEAR_EXTRUSION('',#8502,#8507);
#8502 = B_SPLINE_CURVE_WITH_KNOTS('',3,(#8503,#8504,#8505,#8506),
  .UNSPECIFIED.,.F.,.F.,(4,4),(0.,1.),.PIECEWISE_BEZIER_KNOTS.);
#8503 = CARTESIAN_POINT('',(50.,17.91945637422,-16.44956083333));
#8504 = CARTESIAN_POINT('',(50.,17.630584296965,-16.44956083333));
#8505 = CARTESIAN_POINT('',(50.,17.387590968745,-16.63548354166));
#8506 = CARTESIAN_POINT('',(50.,17.297129928982,-16.8930025));
#8507 = VECTOR('',#8508,1.);
#8508 = DIRECTION('',(1.,0.,0.));
#8509 = ADVANCED_FACE('',(#8510),#8527,.F.);
#8510 = FACE_BOUND('',#8511,.F.);
#8511 = EDGE_LOOP('',(#8512,#8520,#8525,#8526));
#8512 = ORIENTED_EDGE('',*,*,#8513,.T.);
#8513 = EDGE_CURVE('',#4844,#8514,#8516,.T.);
#8514 = VERTEX_POINT('',#8515);
#8515 = CARTESIAN_POINT('',(49.2,18.912622811656,-21.74620166666));
#8516 = LINE('',#8517,#8518);
#8517 = CARTESIAN_POINT('',(50.,18.912622811656,-21.74620166666));
#8518 = VECTOR('',#8519,1.);
#8519 = DIRECTION('',(-1.,-0.,-0.));
#8520 = ORIENTED_EDGE('',*,*,#8521,.T.);
#8521 = EDGE_CURVE('',#8514,#8462,#8522,.T.);
#8522 = B_SPLINE_CURVE_WITH_KNOTS('',1,(#8523,#8524),.UNSPECIFIED.,.F.,
  .F.,(2,2),(0.,50.05),.PIECEWISE_BEZIER_KNOTS.);
#8523 = CARTESIAN_POINT('',(49.2,18.912622811656,-21.74620166666));
#8524 = CARTESIAN_POINT('',(49.2,20.236862367125,-21.74620166666));
#8525 = ORIENTED_EDGE('',*,*,#8461,.F.);
#8526 = ORIENTED_EDGE('',*,*,#4843,.F.);
#8527 = SURFACE_OF_LINEAR_EXTRUSION('',#8528,#8531);
#8528 = B_SPLINE_CURVE_WITH_KNOTS('',1,(#8529,#8530),.UNSPECIFIED.,.F.,
  .F.,(2,2),(0.,50.05),.PIECEWISE_BEZIER_KNOTS.);
#8529 = CARTESIAN_POINT('',(50.,18.912622811656,-21.74620166666));
#8530 = CARTESIAN_POINT('',(50.,20.236862367125,-21.74620166666));
#8531 = VECTOR('',#8532,1.);
#8532 = DIRECTION('',(1.,0.,0.));
#8533 = ADVANCED_FACE('',(#8534),#8551,.F.);
#8534 = FACE_BOUND('',#8535,.F.);
#8535 = EDGE_LOOP('',(#8536,#8537,#8544,#8550));
#8536 = ORIENTED_EDGE('',*,*,#8495,.T.);
#8537 = ORIENTED_EDGE('',*,*,#8538,.T.);
#8538 = EDGE_CURVE('',#8487,#8539,#8541,.T.);
#8539 = VERTEX_POINT('',#8540);
#8540 = CARTESIAN_POINT('',(49.2,16.203554118659,-16.89281729166));
#8541 = B_SPLINE_CURVE_WITH_KNOTS('',1,(#8542,#8543),.UNSPECIFIED.,.F.,
  .F.,(2,2),(0.,41.332000592761),.PIECEWISE_BEZIER_KNOTS.);
#8542 = CARTESIAN_POINT('',(49.2,17.297129928982,-16.8930025));
#8543 = CARTESIAN_POINT('',(49.2,16.203554118659,-16.89281729166));
#8544 = ORIENTED_EDGE('',*,*,#8545,.F.);
#8545 = EDGE_CURVE('',#4994,#8539,#8546,.T.);
#8546 = LINE('',#8547,#8548);
#8547 = CARTESIAN_POINT('',(50.,16.203554118659,-16.89281729166));
#8548 = VECTOR('',#8549,1.);
#8549 = DIRECTION('',(-1.,-0.,-0.));
#8550 = ORIENTED_EDGE('',*,*,#5002,.F.);
#8551 = SURFACE_OF_LINEAR_EXTRUSION('',#8552,#8555);
#8552 = B_SPLINE_CURVE_WITH_KNOTS('',1,(#8553,#8554),.UNSPECIFIED.,.F.,
  .F.,(2,2),(0.,41.332000592761),.PIECEWISE_BEZIER_KNOTS.);
#8553 = CARTESIAN_POINT('',(50.,17.297129928982,-16.8930025));
#8554 = CARTESIAN_POINT('',(50.,16.203554118659,-16.89281729166));
#8555 = VECTOR('',#8556,1.);
#8556 = DIRECTION('',(1.,0.,0.));
#8557 = ADVANCED_FACE('',(#8558),#8575,.F.);
#8558 = FACE_BOUND('',#8559,.F.);
#8559 = EDGE_LOOP('',(#8560,#8568,#8573,#8574));
#8560 = ORIENTED_EDGE('',*,*,#8561,.T.);
#8561 = EDGE_CURVE('',#4851,#8562,#8564,.T.);
#8562 = VERTEX_POINT('',#8563);
#8563 = CARTESIAN_POINT('',(49.2,18.912622811656,-21.30231020833));
#8564 = LINE('',#8565,#8566);
#8565 = CARTESIAN_POINT('',(50.,18.912622811656,-21.30231020833));
#8566 = VECTOR('',#8567,1.);
#8567 = DIRECTION('',(-1.,-0.,-0.));
#8568 = ORIENTED_EDGE('',*,*,#8569,.T.);
#8569 = EDGE_CURVE('',#8562,#8514,#8570,.T.);
#8570 = B_SPLINE_CURVE_WITH_KNOTS('',1,(#8571,#8572),.UNSPECIFIED.,.F.,
  .F.,(2,2),(0.,16.777),.PIECEWISE_BEZIER_KNOTS.);
#8571 = CARTESIAN_POINT('',(49.2,18.912622811656,-21.30231020833));
#8572 = CARTESIAN_POINT('',(49.2,18.912622811656,-21.74620166666));
#8573 = ORIENTED_EDGE('',*,*,#8513,.F.);
#8574 = ORIENTED_EDGE('',*,*,#4850,.F.);
#8575 = SURFACE_OF_LINEAR_EXTRUSION('',#8576,#8579);
#8576 = B_SPLINE_CURVE_WITH_KNOTS('',1,(#8577,#8578),.UNSPECIFIED.,.F.,
  .F.,(2,2),(0.,16.777),.PIECEWISE_BEZIER_KNOTS.);
#8577 = CARTESIAN_POINT('',(50.,18.912622811656,-21.30231020833));
#8578 = CARTESIAN_POINT('',(50.,18.912622811656,-21.74620166666));
#8579 = VECTOR('',#8580,1.);
#8580 = DIRECTION('',(1.,0.,0.));
#8581 = ADVANCED_FACE('',(#8582),#8601,.F.);
#8582 = FACE_BOUND('',#8583,.F.);
#8583 = EDGE_LOOP('',(#8584,#8585,#8594,#8600));
#8584 = ORIENTED_EDGE('',*,*,#8545,.T.);
#8585 = ORIENTED_EDGE('',*,*,#8586,.T.);
#8586 = EDGE_CURVE('',#8539,#8587,#8589,.T.);
#8587 = VERTEX_POINT('',#8588);
#8588 = CARTESIAN_POINT('',(49.2,15.398929760589,-17.2460625));
#8589 = B_SPLINE_CURVE_WITH_KNOTS('',3,(#8590,#8591,#8592,#8593),
  .UNSPECIFIED.,.F.,.F.,(4,4),(0.,1.),.PIECEWISE_BEZIER_KNOTS.);
#8590 = CARTESIAN_POINT('',(49.2,16.203554118659,-16.89281729166));
#8591 = CARTESIAN_POINT('',(49.2,15.907167874895,-16.89281729166));
#8592 = CARTESIAN_POINT('',(49.2,15.596599964764,-17.05543020833));
#8593 = CARTESIAN_POINT('',(49.2,15.398929760589,-17.2460625));
#8594 = ORIENTED_EDGE('',*,*,#8595,.F.);
#8595 = EDGE_CURVE('',#4985,#8587,#8596,.T.);
#8596 = LINE('',#8597,#8598);
#8597 = CARTESIAN_POINT('',(50.,15.398929760589,-17.2460625));
#8598 = VECTOR('',#8599,1.);
#8599 = DIRECTION('',(-1.,-0.,-0.));
#8600 = ORIENTED_EDGE('',*,*,#4993,.F.);
#8601 = SURFACE_OF_LINEAR_EXTRUSION('',#8602,#8607);
#8602 = B_SPLINE_CURVE_WITH_KNOTS('',3,(#8603,#8604,#8605,#8606),
  .UNSPECIFIED.,.F.,.F.,(4,4),(0.,1.),.PIECEWISE_BEZIER_KNOTS.);
#8603 = CARTESIAN_POINT('',(50.,16.203554118659,-16.89281729166));
#8604 = CARTESIAN_POINT('',(50.,15.907167874895,-16.89281729166));
#8605 = CARTESIAN_POINT('',(50.,15.596599964764,-17.05543020833));
#8606 = CARTESIAN_POINT('',(50.,15.398929760589,-17.2460625));
#8607 = VECTOR('',#8608,1.);
#8608 = DIRECTION('',(1.,0.,0.));
#8609 = ADVANCED_FACE('',(#8610),#8627,.F.);
#8610 = FACE_BOUND('',#8611,.F.);
#8611 = EDGE_LOOP('',(#8612,#8620,#8625,#8626));
#8612 = ORIENTED_EDGE('',*,*,#8613,.T.);
#8613 = EDGE_CURVE('',#4858,#8614,#8616,.T.);
#8614 = VERTEX_POINT('',#8615);
#8615 = CARTESIAN_POINT('',(49.2,17.858734500498,-21.30254833333));
#8616 = LINE('',#8617,#8618);
#8617 = CARTESIAN_POINT('',(50.,17.858734500498,-21.30254833333));
#8618 = VECTOR('',#8619,1.);
#8619 = DIRECTION('',(-1.,-0.,-0.));
#8620 = ORIENTED_EDGE('',*,*,#8621,.T.);
#8621 = EDGE_CURVE('',#8614,#8562,#8622,.T.);
#8622 = B_SPLINE_CURVE_WITH_KNOTS('',1,(#8623,#8624),.UNSPECIFIED.,.F.,
  .F.,(2,2),(0.,39.83200101677),.PIECEWISE_BEZIER_KNOTS.);
#8623 = CARTESIAN_POINT('',(49.2,17.858734500498,-21.30254833333));
#8624 = CARTESIAN_POINT('',(49.2,18.912622811656,-21.30231020833));
#8625 = ORIENTED_EDGE('',*,*,#8561,.F.);
#8626 = ORIENTED_EDGE('',*,*,#4857,.F.);
#8627 = SURFACE_OF_LINEAR_EXTRUSION('',#8628,#8631);
#8628 = B_SPLINE_CURVE_WITH_KNOTS('',1,(#8629,#8630),.UNSPECIFIED.,.F.,
  .F.,(2,2),(0.,39.83200101677),.PIECEWISE_BEZIER_KNOTS.);
#8629 = CARTESIAN_POINT('',(50.,17.858734500498,-21.30254833333));
#8630 = CARTESIAN_POINT('',(50.,18.912622811656,-21.30231020833));
#8631 = VECTOR('',#8632,1.);
#8632 = DIRECTION('',(1.,0.,0.));
#8633 = ADVANCED_FACE('',(#8634),#8653,.F.);
#8634 = FACE_BOUND('',#8635,.F.);
#8635 = EDGE_LOOP('',(#8636,#8637,#8646,#8652));
#8636 = ORIENTED_EDGE('',*,*,#8595,.T.);
#8637 = ORIENTED_EDGE('',*,*,#8638,.T.);
#8638 = EDGE_CURVE('',#8587,#8639,#8641,.T.);
#8639 = VERTEX_POINT('',#8640);
#8640 = CARTESIAN_POINT('',(49.2,15.398612260596,-17.24616833333));
#8641 = B_SPLINE_CURVE_WITH_KNOTS('',3,(#8642,#8643,#8644,#8645),
  .UNSPECIFIED.,.F.,.F.,(4,4),(0.,1.),.PIECEWISE_BEZIER_KNOTS.);
#8642 = CARTESIAN_POINT('',(49.2,15.398929760589,-17.2460625));
#8643 = CARTESIAN_POINT('',(49.2,15.404327260476,-17.24040041666));
#8644 = CARTESIAN_POINT('',(49.2,15.409936427025,-17.23436791666));
#8645 = CARTESIAN_POINT('',(49.2,15.398612260596,-17.24616833333));
#8646 = ORIENTED_EDGE('',*,*,#8647,.F.);
#8647 = EDGE_CURVE('',#4976,#8639,#8648,.T.);
#8648 = LINE('',#8649,#8650);
#8649 = CARTESIAN_POINT('',(50.,15.398612260596,-17.24616833333));
#8650 = VECTOR('',#8651,1.);
#8651 = DIRECTION('',(-1.,-0.,-0.));
#8652 = ORIENTED_EDGE('',*,*,#4984,.F.);
#8653 = SURFACE_OF_LINEAR_EXTRUSION('',#8654,#8659);
#8654 = B_SPLINE_CURVE_WITH_KNOTS('',3,(#8655,#8656,#8657,#8658),
  .UNSPECIFIED.,.F.,.F.,(4,4),(0.,1.),.PIECEWISE_BEZIER_KNOTS.);
#8655 = CARTESIAN_POINT('',(50.,15.398929760589,-17.2460625));
#8656 = CARTESIAN_POINT('',(50.,15.404327260476,-17.24040041666));
#8657 = CARTESIAN_POINT('',(50.,15.409936427025,-17.23436791666));
#8658 = CARTESIAN_POINT('',(50.,15.398612260596,-17.24616833333));
#8659 = VECTOR('',#8660,1.);
#8660 = DIRECTION('',(1.,0.,0.));
#8661 = ADVANCED_FACE('',(#8662),#8681,.F.);
#8662 = FACE_BOUND('',#8663,.F.);
#8663 = EDGE_LOOP('',(#8664,#8672,#8679,#8680));
#8664 = ORIENTED_EDGE('',*,*,#8665,.T.);
#8665 = EDGE_CURVE('',#4865,#8666,#8668,.T.);
#8666 = VERTEX_POINT('',#8667);
#8667 = CARTESIAN_POINT('',(49.2,17.053924934099,-20.94943541666));
#8668 = LINE('',#8669,#8670);
#8669 = CARTESIAN_POINT('',(50.,17.053924934099,-20.94943541666));
#8670 = VECTOR('',#8671,1.);
#8671 = DIRECTION('',(-1.,-0.,-0.));
#8672 = ORIENTED_EDGE('',*,*,#8673,.T.);
#8673 = EDGE_CURVE('',#8666,#8614,#8674,.T.);
#8674 = B_SPLINE_CURVE_WITH_KNOTS('',3,(#8675,#8676,#8677,#8678),
  .UNSPECIFIED.,.F.,.F.,(4,4),(0.,1.),.PIECEWISE_BEZIER_KNOTS.);
#8675 = CARTESIAN_POINT('',(49.2,17.053924934099,-20.94943541666));
#8676 = CARTESIAN_POINT('',(49.2,17.251595138273,-21.14004125));
#8677 = CARTESIAN_POINT('',(49.2,17.562295340069,-21.30254833333));
#8678 = CARTESIAN_POINT('',(49.2,17.858734500498,-21.30254833333));
#8679 = ORIENTED_EDGE('',*,*,#8613,.F.);
#8680 = ORIENTED_EDGE('',*,*,#4864,.F.);
#8681 = SURFACE_OF_LINEAR_EXTRUSION('',#8682,#8687);
#8682 = B_SPLINE_CURVE_WITH_KNOTS('',3,(#8683,#8684,#8685,#8686),
  .UNSPECIFIED.,.F.,.F.,(4,4),(0.,1.),.PIECEWISE_BEZIER_KNOTS.);
#8683 = CARTESIAN_POINT('',(50.,17.053924934099,-20.94943541666));
#8684 = CARTESIAN_POINT('',(50.,17.251595138273,-21.14004125));
#8685 = CARTESIAN_POINT('',(50.,17.562295340069,-21.30254833333));
#8686 = CARTESIAN_POINT('',(50.,17.858734500498,-21.30254833333));
#8687 = VECTOR('',#8688,1.);
#8688 = DIRECTION('',(1.,0.,0.));
#8689 = ADVANCED_FACE('',(#8690),#8709,.F.);
#8690 = FACE_BOUND('',#8691,.F.);
#8691 = EDGE_LOOP('',(#8692,#8693,#8702,#8708));
#8692 = ORIENTED_EDGE('',*,*,#8647,.T.);
#8693 = ORIENTED_EDGE('',*,*,#8694,.T.);
#8694 = EDGE_CURVE('',#8639,#8695,#8697,.T.);
#8695 = VERTEX_POINT('',#8696);
#8696 = CARTESIAN_POINT('',(49.2,14.000712706677,-18.72291375));
#8697 = B_SPLINE_CURVE_WITH_KNOTS('',3,(#8698,#8699,#8700,#8701),
  .UNSPECIFIED.,.F.,.F.,(4,4),(0.,1.),.PIECEWISE_BEZIER_KNOTS.);
#8698 = CARTESIAN_POINT('',(49.2,15.398612260596,-17.24616833333));
#8699 = CARTESIAN_POINT('',(49.2,15.394431844017,-17.25087791666));
#8700 = CARTESIAN_POINT('',(49.2,14.000712706677,-18.72291375));
#8701 = CARTESIAN_POINT('',(49.2,14.000712706677,-18.72291375));
#8702 = ORIENTED_EDGE('',*,*,#8703,.F.);
#8703 = EDGE_CURVE('',#4967,#8695,#8704,.T.);
#8704 = LINE('',#8705,#8706);
#8705 = CARTESIAN_POINT('',(50.,14.000712706677,-18.72291375));
#8706 = VECTOR('',#8707,1.);
#8707 = DIRECTION('',(-1.,-0.,-0.));
#8708 = ORIENTED_EDGE('',*,*,#4975,.F.);
#8709 = SURFACE_OF_LINEAR_EXTRUSION('',#8710,#8715);
#8710 = B_SPLINE_CURVE_WITH_KNOTS('',3,(#8711,#8712,#8713,#8714),
  .UNSPECIFIED.,.F.,.F.,(4,4),(0.,1.),.PIECEWISE_BEZIER_KNOTS.);
#8711 = CARTESIAN_POINT('',(50.,15.398612260596,-17.24616833333));
#8712 = CARTESIAN_POINT('',(50.,15.394431844017,-17.25087791666));
#8713 = CARTESIAN_POINT('',(50.,14.000712706677,-18.72291375));
#8714 = CARTESIAN_POINT('',(50.,14.000712706677,-18.72291375));
#8715 = VECTOR('',#8716,1.);
#8716 = DIRECTION('',(1.,0.,0.));
#8717 = ADVANCED_FACE('',(#8718),#8737,.F.);
#8718 = FACE_BOUND('',#8719,.F.);
#8719 = EDGE_LOOP('',(#8720,#8728,#8735,#8736));
#8720 = ORIENTED_EDGE('',*,*,#8721,.T.);
#8721 = EDGE_CURVE('',#4874,#8722,#8724,.T.);
#8722 = VERTEX_POINT('',#8723);
#8723 = CARTESIAN_POINT('',(49.2,17.053819100768,-20.94932958333));
#8724 = LINE('',#8725,#8726);
#8725 = CARTESIAN_POINT('',(50.,17.053819100768,-20.94932958333));
#8726 = VECTOR('',#8727,1.);
#8727 = DIRECTION('',(-1.,-0.,-0.));
#8728 = ORIENTED_EDGE('',*,*,#8729,.T.);
#8729 = EDGE_CURVE('',#8722,#8666,#8730,.T.);
#8730 = B_SPLINE_CURVE_WITH_KNOTS('',3,(#8731,#8732,#8733,#8734),
  .UNSPECIFIED.,.F.,.F.,(4,4),(0.,1.),.PIECEWISE_BEZIER_KNOTS.);
#8731 = CARTESIAN_POINT('',(49.2,17.053819100768,-20.94932958333));
#8732 = CARTESIAN_POINT('',(49.2,17.0649845172,-20.96115645833));
#8733 = CARTESIAN_POINT('',(49.2,17.059428267317,-20.95499166666));
#8734 = CARTESIAN_POINT('',(49.2,17.053924934099,-20.94943541666));
#8735 = ORIENTED_EDGE('',*,*,#8665,.F.);
#8736 = ORIENTED_EDGE('',*,*,#4873,.F.);
#8737 = SURFACE_OF_LINEAR_EXTRUSION('',#8738,#8743);
#8738 = B_SPLINE_CURVE_WITH_KNOTS('',3,(#8739,#8740,#8741,#8742),
  .UNSPECIFIED.,.F.,.F.,(4,4),(0.,1.),.PIECEWISE_BEZIER_KNOTS.);
#8739 = CARTESIAN_POINT('',(50.,17.053819100768,-20.94932958333));
#8740 = CARTESIAN_POINT('',(50.,17.0649845172,-20.96115645833));
#8741 = CARTESIAN_POINT('',(50.,17.059428267317,-20.95499166666));
#8742 = CARTESIAN_POINT('',(50.,17.053924934099,-20.94943541666));
#8743 = VECTOR('',#8744,1.);
#8744 = DIRECTION('',(1.,0.,0.));
#8745 = ADVANCED_FACE('',(#8746),#8765,.F.);
#8746 = FACE_BOUND('',#8747,.F.);
#8747 = EDGE_LOOP('',(#8748,#8749,#8758,#8764));
#8748 = ORIENTED_EDGE('',*,*,#8703,.T.);
#8749 = ORIENTED_EDGE('',*,*,#8750,.T.);
#8750 = EDGE_CURVE('',#8695,#8751,#8753,.T.);
#8751 = VERTEX_POINT('',#8752);
#8752 = CARTESIAN_POINT('',(49.2,13.59137584029,-18.87891208333));
#8753 = B_SPLINE_CURVE_WITH_KNOTS('',3,(#8754,#8755,#8756,#8757),
  .UNSPECIFIED.,.F.,.F.,(4,4),(0.,1.),.PIECEWISE_BEZIER_KNOTS.);
#8754 = CARTESIAN_POINT('',(49.2,14.000712706677,-18.72291375));
#8755 = CARTESIAN_POINT('',(49.2,13.888820417365,-18.81266041666));
#8756 = CARTESIAN_POINT('',(49.2,13.742188337117,-18.87531375));
#8757 = CARTESIAN_POINT('',(49.2,13.59137584029,-18.87891208333));
#8758 = ORIENTED_EDGE('',*,*,#8759,.F.);
#8759 = EDGE_CURVE('',#4960,#8751,#8760,.T.);
#8760 = LINE('',#8761,#8762);
#8761 = CARTESIAN_POINT('',(50.,13.59137584029,-18.87891208333));
#8762 = VECTOR('',#8763,1.);
#8763 = DIRECTION('',(-1.,-0.,-0.));
#8764 = ORIENTED_EDGE('',*,*,#4966,.F.);
#8765 = SURFACE_OF_LINEAR_EXTRUSION('',#8766,#8771);
#8766 = B_SPLINE_CURVE_WITH_KNOTS('',3,(#8767,#8768,#8769,#8770),
  .UNSPECIFIED.,.F.,.F.,(4,4),(0.,1.),.PIECEWISE_BEZIER_KNOTS.);
#8767 = CARTESIAN_POINT('',(50.,14.000712706677,-18.72291375));
#8768 = CARTESIAN_POINT('',(50.,13.888820417365,-18.81266041666));
#8769 = CARTESIAN_POINT('',(50.,13.742188337117,-18.87531375));
#8770 = CARTESIAN_POINT('',(50.,13.59137584029,-18.87891208333));
#8771 = VECTOR('',#8772,1.);
#8772 = DIRECTION('',(1.,0.,0.));
#8773 = ADVANCED_FACE('',(#8774),#8793,.F.);
#8774 = FACE_BOUND('',#8775,.F.);
#8775 = EDGE_LOOP('',(#8776,#8784,#8791,#8792));
#8776 = ORIENTED_EDGE('',*,*,#8777,.T.);
#8777 = EDGE_CURVE('',#4883,#8778,#8780,.T.);
#8778 = VERTEX_POINT('',#8779);
#8779 = CARTESIAN_POINT('',(49.2,15.656104755178,-19.47263708333));
#8780 = LINE('',#8781,#8782);
#8781 = CARTESIAN_POINT('',(50.,15.656104755178,-19.47263708333));
#8782 = VECTOR('',#8783,1.);
#8783 = DIRECTION('',(-1.,-0.,-0.));
#8784 = ORIENTED_EDGE('',*,*,#8785,.T.);
#8785 = EDGE_CURVE('',#8778,#8722,#8786,.T.);
#8786 = B_SPLINE_CURVE_WITH_KNOTS('',3,(#8787,#8788,#8789,#8790),
  .UNSPECIFIED.,.F.,.F.,(4,4),(0.,1.),.PIECEWISE_BEZIER_KNOTS.);
#8787 = CARTESIAN_POINT('',(49.2,15.656104755178,-19.47263708333));
#8788 = CARTESIAN_POINT('',(49.2,15.656104755178,-19.47263708333));
#8789 = CARTESIAN_POINT('',(49.2,17.049506392525,-20.94456708333));
#8790 = CARTESIAN_POINT('',(49.2,17.053819100768,-20.94932958333));
#8791 = ORIENTED_EDGE('',*,*,#8721,.F.);
#8792 = ORIENTED_EDGE('',*,*,#4882,.F.);
#8793 = SURFACE_OF_LINEAR_EXTRUSION('',#8794,#8799);
#8794 = B_SPLINE_CURVE_WITH_KNOTS('',3,(#8795,#8796,#8797,#8798),
  .UNSPECIFIED.,.F.,.F.,(4,4),(0.,1.),.PIECEWISE_BEZIER_KNOTS.);
#8795 = CARTESIAN_POINT('',(50.,15.656104755178,-19.47263708333));
#8796 = CARTESIAN_POINT('',(50.,15.656104755178,-19.47263708333));
#8797 = CARTESIAN_POINT('',(50.,17.049506392525,-20.94456708333));
#8798 = CARTESIAN_POINT('',(50.,17.053819100768,-20.94932958333));
#8799 = VECTOR('',#8800,1.);
#8800 = DIRECTION('',(1.,0.,0.));
#8801 = ADVANCED_FACE('',(#8802),#8819,.F.);
#8802 = FACE_BOUND('',#8803,.F.);
#8803 = EDGE_LOOP('',(#8804,#8805,#8812,#8818));
#8804 = ORIENTED_EDGE('',*,*,#8759,.T.);
#8805 = ORIENTED_EDGE('',*,*,#8806,.T.);
#8806 = EDGE_CURVE('',#8751,#8807,#8809,.T.);
#8807 = VERTEX_POINT('',#8808);
#8808 = CARTESIAN_POINT('',(49.2,12.825883356397,-18.87891208333));
#8809 = B_SPLINE_CURVE_WITH_KNOTS('',1,(#8810,#8811),.UNSPECIFIED.,.F.,
  .F.,(2,2),(0.,28.932),.PIECEWISE_BEZIER_KNOTS.);
#8810 = CARTESIAN_POINT('',(49.2,13.59137584029,-18.87891208333));
#8811 = CARTESIAN_POINT('',(49.2,12.825883356397,-18.87891208333));
#8812 = ORIENTED_EDGE('',*,*,#8813,.F.);
#8813 = EDGE_CURVE('',#4951,#8807,#8814,.T.);
#8814 = LINE('',#8815,#8816);
#8815 = CARTESIAN_POINT('',(50.,12.825883356397,-18.87891208333));
#8816 = VECTOR('',#8817,1.);
#8817 = DIRECTION('',(-1.,-0.,-0.));
#8818 = ORIENTED_EDGE('',*,*,#4959,.F.);
#8819 = SURFACE_OF_LINEAR_EXTRUSION('',#8820,#8823);
#8820 = B_SPLINE_CURVE_WITH_KNOTS('',1,(#8821,#8822),.UNSPECIFIED.,.F.,
  .F.,(2,2),(0.,28.932),.PIECEWISE_BEZIER_KNOTS.);
#8821 = CARTESIAN_POINT('',(50.,13.59137584029,-18.87891208333));
#8822 = CARTESIAN_POINT('',(50.,12.825883356397,-18.87891208333));
#8823 = VECTOR('',#8824,1.);
#8824 = DIRECTION('',(1.,0.,0.));
#8825 = ADVANCED_FACE('',(#8826),#8845,.F.);
#8826 = FACE_BOUND('',#8827,.F.);
#8827 = EDGE_LOOP('',(#8828,#8836,#8843,#8844));
#8828 = ORIENTED_EDGE('',*,*,#8829,.T.);
#8829 = EDGE_CURVE('',#4892,#8830,#8832,.T.);
#8830 = VERTEX_POINT('',#8831);
#8831 = CARTESIAN_POINT('',(49.2,15.247349972112,-19.31621541666));
#8832 = LINE('',#8833,#8834);
#8833 = CARTESIAN_POINT('',(50.,15.247349972112,-19.31621541666));
#8834 = VECTOR('',#8835,1.);
#8835 = DIRECTION('',(-1.,-0.,-0.));
#8836 = ORIENTED_EDGE('',*,*,#8837,.T.);
#8837 = EDGE_CURVE('',#8830,#8778,#8838,.T.);
#8838 = B_SPLINE_CURVE_WITH_KNOTS('',3,(#8839,#8840,#8841,#8842),
  .UNSPECIFIED.,.F.,.F.,(4,4),(0.,1.),.PIECEWISE_BEZIER_KNOTS.);
#8839 = CARTESIAN_POINT('',(49.2,15.247349972112,-19.31621541666));
#8840 = CARTESIAN_POINT('',(49.2,15.397871427278,-19.320051875));
#8841 = CARTESIAN_POINT('',(49.2,15.544318299197,-19.38278458333));
#8842 = CARTESIAN_POINT('',(49.2,15.656104755178,-19.47263708333));
#8843 = ORIENTED_EDGE('',*,*,#8777,.F.);
#8844 = ORIENTED_EDGE('',*,*,#4891,.F.);
#8845 = SURFACE_OF_LINEAR_EXTRUSION('',#8846,#8851);
#8846 = B_SPLINE_CURVE_WITH_KNOTS('',3,(#8847,#8848,#8849,#8850),
  .UNSPECIFIED.,.F.,.F.,(4,4),(0.,1.),.PIECEWISE_BEZIER_KNOTS.);
#8847 = CARTESIAN_POINT('',(50.,15.247349972112,-19.31621541666));
#8848 = CARTESIAN_POINT('',(50.,15.397871427278,-19.320051875));
#8849 = CARTESIAN_POINT('',(50.,15.544318299197,-19.38278458333));
#8850 = CARTESIAN_POINT('',(50.,15.656104755178,-19.47263708333));
#8851 = VECTOR('',#8852,1.);
#8852 = DIRECTION('',(1.,0.,0.));
#8853 = ADVANCED_FACE('',(#8854),#8873,.F.);
#8854 = FACE_BOUND('',#8855,.F.);
#8855 = EDGE_LOOP('',(#8856,#8857,#8866,#8872));
#8856 = ORIENTED_EDGE('',*,*,#8813,.T.);
#8857 = ORIENTED_EDGE('',*,*,#8858,.T.);
#8858 = EDGE_CURVE('',#8807,#8859,#8861,.T.);
#8859 = VERTEX_POINT('',#8860);
#8860 = CARTESIAN_POINT('',(49.2,11.7421765042,-17.99221395833));
#8861 = B_SPLINE_CURVE_WITH_KNOTS('',3,(#8862,#8863,#8864,#8865),
  .UNSPECIFIED.,.F.,.F.,(4,4),(0.,1.),.PIECEWISE_BEZIER_KNOTS.);
#8862 = CARTESIAN_POINT('',(49.2,12.825883356397,-18.87891208333));
#8863 = CARTESIAN_POINT('',(49.2,12.724415650199,-18.37321395833));
#8864 = CARTESIAN_POINT('',(49.2,12.277851909595,-17.99221395833));
#8865 = CARTESIAN_POINT('',(49.2,11.7421765042,-17.99221395833));
#8866 = ORIENTED_EDGE('',*,*,#8867,.F.);
#8867 = EDGE_CURVE('',#4942,#8859,#8868,.T.);
#8868 = LINE('',#8869,#8870);
#8869 = CARTESIAN_POINT('',(50.,11.7421765042,-17.99221395833));
#8870 = VECTOR('',#8871,1.);
#8871 = DIRECTION('',(-1.,-0.,-0.));
#8872 = ORIENTED_EDGE('',*,*,#4950,.F.);
#8873 = SURFACE_OF_LINEAR_EXTRUSION('',#8874,#8879);
#8874 = B_SPLINE_CURVE_WITH_KNOTS('',3,(#8875,#8876,#8877,#8878),
  .UNSPECIFIED.,.F.,.F.,(4,4),(0.,1.),.PIECEWISE_BEZIER_KNOTS.);
#8875 = CARTESIAN_POINT('',(50.,12.825883356397,-18.87891208333));
#8876 = CARTESIAN_POINT('',(50.,12.724415650199,-18.37321395833));
#8877 = CARTESIAN_POINT('',(50.,12.277851909595,-17.99221395833));
#8878 = CARTESIAN_POINT('',(50.,11.7421765042,-17.99221395833));
#8879 = VECTOR('',#8880,1.);
#8880 = DIRECTION('',(1.,0.,0.));
#8881 = ADVANCED_FACE('',(#8882),#8899,.F.);
#8882 = FACE_BOUND('',#8883,.F.);
#8883 = EDGE_LOOP('',(#8884,#8892,#8897,#8898));
#8884 = ORIENTED_EDGE('',*,*,#8885,.T.);
#8885 = EDGE_CURVE('',#4901,#8886,#8888,.T.);
#8886 = VERTEX_POINT('',#8887);
#8887 = CARTESIAN_POINT('',(49.2,13.583888132114,-19.31621541666));
#8888 = LINE('',#8889,#8890);
#8889 = CARTESIAN_POINT('',(50.,13.583888132114,-19.31621541666));
#8890 = VECTOR('',#8891,1.);
#8891 = DIRECTION('',(-1.,-0.,-0.));
#8892 = ORIENTED_EDGE('',*,*,#8893,.T.);
#8893 = EDGE_CURVE('',#8886,#8830,#8894,.T.);
#8894 = B_SPLINE_CURVE_WITH_KNOTS('',1,(#8895,#8896),.UNSPECIFIED.,.F.,
  .F.,(2,2),(0.,62.871),.PIECEWISE_BEZIER_KNOTS.);
#8895 = CARTESIAN_POINT('',(49.2,13.583888132114,-19.31621541666));
#8896 = CARTESIAN_POINT('',(49.2,15.247349972112,-19.31621541666));
#8897 = ORIENTED_EDGE('',*,*,#8829,.F.);
#8898 = ORIENTED_EDGE('',*,*,#4900,.F.);
#8899 = SURFACE_OF_LINEAR_EXTRUSION('',#8900,#8903);
#8900 = B_SPLINE_CURVE_WITH_KNOTS('',1,(#8901,#8902),.UNSPECIFIED.,.F.,
  .F.,(2,2),(0.,62.871),.PIECEWISE_BEZIER_KNOTS.);
#8901 = CARTESIAN_POINT('',(50.,13.583888132114,-19.31621541666));
#8902 = CARTESIAN_POINT('',(50.,15.247349972112,-19.31621541666));
#8903 = VECTOR('',#8904,1.);
#8904 = DIRECTION('',(1.,0.,0.));
#8905 = ADVANCED_FACE('',(#8906),#8925,.F.);
#8906 = FACE_BOUND('',#8907,.F.);
#8907 = EDGE_LOOP('',(#8908,#8909,#8918,#8924));
#8908 = ORIENTED_EDGE('',*,*,#8867,.T.);
#8909 = ORIENTED_EDGE('',*,*,#8910,.T.);
#8910 = EDGE_CURVE('',#8859,#8911,#8913,.T.);
#8911 = VERTEX_POINT('',#8912);
#8912 = CARTESIAN_POINT('',(49.2,10.636376944135,-19.09782833333));
#8913 = B_SPLINE_CURVE_WITH_KNOTS('',3,(#8914,#8915,#8916,#8917),
  .UNSPECIFIED.,.F.,.F.,(4,4),(0.,1.),.PIECEWISE_BEZIER_KNOTS.);
#8914 = CARTESIAN_POINT('',(49.2,11.7421765042,-17.99221395833));
#8915 = CARTESIAN_POINT('',(49.2,11.131438808718,-17.99221395833));
#8916 = CARTESIAN_POINT('',(49.2,10.636376944135,-18.48727583333));
#8917 = CARTESIAN_POINT('',(49.2,10.636376944135,-19.09782833333));
#8918 = ORIENTED_EDGE('',*,*,#8919,.F.);
#8919 = EDGE_CURVE('',#4933,#8911,#8920,.T.);
#8920 = LINE('',#8921,#8922);
#8921 = CARTESIAN_POINT('',(50.,10.636376944135,-19.09782833333));
#8922 = VECTOR('',#8923,1.);
#8923 = DIRECTION('',(-1.,-0.,-0.));
#8924 = ORIENTED_EDGE('',*,*,#4941,.F.);
#8925 = SURFACE_OF_LINEAR_EXTRUSION('',#8926,#8931);
#8926 = B_SPLINE_CURVE_WITH_KNOTS('',3,(#8927,#8928,#8929,#8930),
  .UNSPECIFIED.,.F.,.F.,(4,4),(0.,1.),.PIECEWISE_BEZIER_KNOTS.);
#8927 = CARTESIAN_POINT('',(50.,11.7421765042,-17.99221395833));
#8928 = CARTESIAN_POINT('',(50.,11.131438808718,-17.99221395833));
#8929 = CARTESIAN_POINT('',(50.,10.636376944135,-18.48727583333));
#8930 = CARTESIAN_POINT('',(50.,10.636376944135,-19.09782833333));
#8931 = VECTOR('',#8932,1.);
#8932 = DIRECTION('',(1.,0.,0.));
#8933 = ADVANCED_FACE('',(#8934),#8953,.F.);
#8934 = FACE_BOUND('',#8935,.F.);
#8935 = EDGE_LOOP('',(#8936,#8944,#8951,#8952));
#8936 = ORIENTED_EDGE('',*,*,#8937,.T.);
#8937 = EDGE_CURVE('',#4908,#8938,#8940,.T.);
#8938 = VERTEX_POINT('',#8939);
#8939 = CARTESIAN_POINT('',(49.2,13.578067298903,-19.31621541666));
#8940 = LINE('',#8941,#8942);
#8941 = CARTESIAN_POINT('',(50.,13.578067298903,-19.31621541666));
#8942 = VECTOR('',#8943,1.);
#8943 = DIRECTION('',(-1.,-0.,-0.));
#8944 = ORIENTED_EDGE('',*,*,#8945,.T.);
#8945 = EDGE_CURVE('',#8938,#8886,#8946,.T.);
#8946 = B_SPLINE_CURVE_WITH_KNOTS('',3,(#8947,#8948,#8949,#8950),
  .UNSPECIFIED.,.F.,.F.,(4,4),(0.,1.),.PIECEWISE_BEZIER_KNOTS.);
#8947 = CARTESIAN_POINT('',(49.2,13.578067298903,-19.31621541666));
#8948 = CARTESIAN_POINT('',(49.2,13.579998757196,-19.31621541666));
#8949 = CARTESIAN_POINT('',(49.2,13.581930215489,-19.31632125));
#8950 = CARTESIAN_POINT('',(49.2,13.583888132114,-19.31621541666));
#8951 = ORIENTED_EDGE('',*,*,#8885,.F.);
#8952 = ORIENTED_EDGE('',*,*,#4907,.F.);
#8953 = SURFACE_OF_LINEAR_EXTRUSION('',#8954,#8959);
#8954 = B_SPLINE_CURVE_WITH_KNOTS('',3,(#8955,#8956,#8957,#8958),
  .UNSPECIFIED.,.F.,.F.,(4,4),(0.,1.),.PIECEWISE_BEZIER_KNOTS.);
#8955 = CARTESIAN_POINT('',(50.,13.578067298903,-19.31621541666));
#8956 = CARTESIAN_POINT('',(50.,13.579998757196,-19.31621541666));
#8957 = CARTESIAN_POINT('',(50.,13.581930215489,-19.31632125));
#8958 = CARTESIAN_POINT('',(50.,13.583888132114,-19.31621541666));
#8959 = VECTOR('',#8960,1.);
#8960 = DIRECTION('',(1.,0.,0.));
#8961 = ADVANCED_FACE('',(#8962),#8981,.F.);
#8962 = FACE_BOUND('',#8963,.F.);
#8963 = EDGE_LOOP('',(#8964,#8965,#8974,#8980));
#8964 = ORIENTED_EDGE('',*,*,#8919,.T.);
#8965 = ORIENTED_EDGE('',*,*,#8966,.T.);
#8966 = EDGE_CURVE('',#8911,#8967,#8969,.T.);
#8967 = VERTEX_POINT('',#8968);
#8968 = CARTESIAN_POINT('',(49.2,11.7421765042,-20.203654375));
#8969 = B_SPLINE_CURVE_WITH_KNOTS('',3,(#8970,#8971,#8972,#8973),
  .UNSPECIFIED.,.F.,.F.,(4,4),(0.,1.),.PIECEWISE_BEZIER_KNOTS.);
#8970 = CARTESIAN_POINT('',(49.2,10.636376944135,-19.09782833333));
#8971 = CARTESIAN_POINT('',(49.2,10.636376944135,-19.70856604166));
#8972 = CARTESIAN_POINT('',(49.2,11.131438808718,-20.203654375));
#8973 = CARTESIAN_POINT('',(49.2,11.7421765042,-20.203654375));
#8974 = ORIENTED_EDGE('',*,*,#8975,.F.);
#8975 = EDGE_CURVE('',#4924,#8967,#8976,.T.);
#8976 = LINE('',#8977,#8978);
#8977 = CARTESIAN_POINT('',(50.,11.7421765042,-20.203654375));
#8978 = VECTOR('',#8979,1.);
#8979 = DIRECTION('',(-1.,-0.,-0.));
#8980 = ORIENTED_EDGE('',*,*,#4932,.F.);
#8981 = SURFACE_OF_LINEAR_EXTRUSION('',#8982,#8987);
#8982 = B_SPLINE_CURVE_WITH_KNOTS('',3,(#8983,#8984,#8985,#8986),
  .UNSPECIFIED.,.F.,.F.,(4,4),(0.,1.),.PIECEWISE_BEZIER_KNOTS.);
#8983 = CARTESIAN_POINT('',(50.,10.636376944135,-19.09782833333));
#8984 = CARTESIAN_POINT('',(50.,10.636376944135,-19.70856604166));
#8985 = CARTESIAN_POINT('',(50.,11.131438808718,-20.203654375));
#8986 = CARTESIAN_POINT('',(50.,11.7421765042,-20.203654375));
#8987 = VECTOR('',#8988,1.);
#8988 = DIRECTION('',(1.,0.,0.));
#8989 = ADVANCED_FACE('',(#8990),#9007,.F.);
#8990 = FACE_BOUND('',#8991,.F.);
#8991 = EDGE_LOOP('',(#8992,#9000,#9005,#9006));
#8992 = ORIENTED_EDGE('',*,*,#8993,.T.);
#8993 = EDGE_CURVE('',#4917,#8994,#8996,.T.);
#8994 = VERTEX_POINT('',#8995);
#8995 = CARTESIAN_POINT('',(49.2,12.825989189728,-19.31621541666));
#8996 = LINE('',#8997,#8998);
#8997 = CARTESIAN_POINT('',(50.,12.825989189728,-19.31621541666));
#8998 = VECTOR('',#8999,1.);
#8999 = DIRECTION('',(-1.,-0.,-0.));
#9000 = ORIENTED_EDGE('',*,*,#9001,.T.);
#9001 = EDGE_CURVE('',#8994,#8938,#9002,.T.);
#9002 = B_SPLINE_CURVE_WITH_KNOTS('',1,(#9003,#9004),.UNSPECIFIED.,.F.,
  .F.,(2,2),(0.,28.425),.PIECEWISE_BEZIER_KNOTS.);
#9003 = CARTESIAN_POINT('',(49.2,12.825989189728,-19.31621541666));
#9004 = CARTESIAN_POINT('',(49.2,13.578067298903,-19.31621541666));
#9005 = ORIENTED_EDGE('',*,*,#8937,.F.);
#9006 = ORIENTED_EDGE('',*,*,#4916,.F.);
#9007 = SURFACE_OF_LINEAR_EXTRUSION('',#9008,#9011);
#9008 = B_SPLINE_CURVE_WITH_KNOTS('',1,(#9009,#9010),.UNSPECIFIED.,.F.,
  .F.,(2,2),(0.,28.425),.PIECEWISE_BEZIER_KNOTS.);
#9009 = CARTESIAN_POINT('',(50.,12.825989189728,-19.31621541666));
#9010 = CARTESIAN_POINT('',(50.,13.578067298903,-19.31621541666));
#9011 = VECTOR('',#9012,1.);
#9012 = DIRECTION('',(1.,0.,0.));
#9013 = ADVANCED_FACE('',(#9014),#9026,.F.);
#9014 = FACE_BOUND('',#9015,.F.);
#9015 = EDGE_LOOP('',(#9016,#9017,#9024,#9025));
#9016 = ORIENTED_EDGE('',*,*,#8975,.T.);
#9017 = ORIENTED_EDGE('',*,*,#9018,.T.);
#9018 = EDGE_CURVE('',#8967,#8994,#9019,.T.);
#9019 = B_SPLINE_CURVE_WITH_KNOTS('',3,(#9020,#9021,#9022,#9023),
  .UNSPECIFIED.,.F.,.F.,(4,4),(0.,1.),.PIECEWISE_BEZIER_KNOTS.);
#9020 = CARTESIAN_POINT('',(49.2,11.7421765042,-20.203654375));
#9021 = CARTESIAN_POINT('',(49.2,12.277957742927,-20.203654375));
#9022 = CARTESIAN_POINT('',(49.2,12.72452148353,-19.822336875));
#9023 = CARTESIAN_POINT('',(49.2,12.825989189728,-19.31621541666));
#9024 = ORIENTED_EDGE('',*,*,#8993,.F.);
#9025 = ORIENTED_EDGE('',*,*,#4923,.F.);
#9026 = SURFACE_OF_LINEAR_EXTRUSION('',#9027,#9032);
#9027 = B_SPLINE_CURVE_WITH_KNOTS('',3,(#9028,#9029,#9030,#9031),
  .UNSPECIFIED.,.F.,.F.,(4,4),(0.,1.),.PIECEWISE_BEZIER_KNOTS.);
#9028 = CARTESIAN_POINT('',(50.,11.7421765042,-20.203654375));
#9029 = CARTESIAN_POINT('',(50.,12.277957742927,-20.203654375));
#9030 = CARTESIAN_POINT('',(50.,12.72452148353,-19.822336875));
#9031 = CARTESIAN_POINT('',(50.,12.825989189728,-19.31621541666));
#9032 = VECTOR('',#9033,1.);
#9033 = DIRECTION('',(1.,0.,0.));
#9034 = ADVANCED_FACE('',(#9035),#9060,.T.);
#9035 = FACE_BOUND('',#9036,.T.);
#9036 = EDGE_LOOP('',(#9037,#9045,#9053,#9059));
#9037 = ORIENTED_EDGE('',*,*,#9038,.T.);
#9038 = EDGE_CURVE('',#5085,#9039,#9041,.T.);
#9039 = VERTEX_POINT('',#9040);
#9040 = CARTESIAN_POINT('',(49.2,2.65594270357,-7.289547718308));
#9041 = LINE('',#9042,#9043);
#9042 = CARTESIAN_POINT('',(50.,2.65594270357,-7.289547718308));
#9043 = VECTOR('',#9044,1.);
#9044 = DIRECTION('',(-1.,-0.,-0.));
#9045 = ORIENTED_EDGE('',*,*,#9046,.T.);
#9046 = EDGE_CURVE('',#9039,#9047,#9049,.T.);
#9047 = VERTEX_POINT('',#9048);
#9048 = CARTESIAN_POINT('',(49.2,2.911855595552,-8.014127539633));
#9049 = B_SPLINE_CURVE_WITH_KNOTS('',2,(#9050,#9051,#9052),
  .UNSPECIFIED.,.F.,.F.,(3,3),(0.,1.),.PIECEWISE_BEZIER_KNOTS.);
#9050 = CARTESIAN_POINT('',(49.2,2.65594270357,-7.289547718308));
#9051 = CARTESIAN_POINT('',(49.2,2.912392431398,-7.555893597023));
#9052 = CARTESIAN_POINT('',(49.2,2.911855595552,-8.014127539633));
#9053 = ORIENTED_EDGE('',*,*,#9054,.F.);
#9054 = EDGE_CURVE('',#5087,#9047,#9055,.T.);
#9055 = LINE('',#9056,#9057);
#9056 = CARTESIAN_POINT('',(50.,2.911855595552,-8.014127539633));
#9057 = VECTOR('',#9058,1.);
#9058 = DIRECTION('',(-1.,-0.,-0.));
#9059 = ORIENTED_EDGE('',*,*,#5084,.F.);
#9060 = SURFACE_OF_LINEAR_EXTRUSION('',#9061,#9065);
#9061 = B_SPLINE_CURVE_WITH_KNOTS('',2,(#9062,#9063,#9064),
  .UNSPECIFIED.,.F.,.F.,(3,3),(0.,1.),.PIECEWISE_BEZIER_KNOTS.);
#9062 = CARTESIAN_POINT('',(50.,2.65594270357,-7.289547718308));
#9063 = CARTESIAN_POINT('',(50.,2.912392431398,-7.555893597023));
#9064 = CARTESIAN_POINT('',(50.,2.911855595552,-8.014127539633));
#9065 = VECTOR('',#9066,1.);
#9066 = DIRECTION('',(1.,0.,0.));
#9067 = ADVANCED_FACE('',(#9068),#9086,.T.);
#9068 = FACE_BOUND('',#9069,.T.);
#9069 = EDGE_LOOP('',(#9070,#9078,#9084,#9085));
#9070 = ORIENTED_EDGE('',*,*,#9071,.T.);
#9071 = EDGE_CURVE('',#5239,#9072,#9074,.T.);
#9072 = VERTEX_POINT('',#9073);
#9073 = CARTESIAN_POINT('',(49.2,1.971462198148,-7.023059917424));
#9074 = LINE('',#9075,#9076);
#9075 = CARTESIAN_POINT('',(50.,1.971462198148,-7.023059917424));
#9076 = VECTOR('',#9077,1.);
#9077 = DIRECTION('',(-1.,-0.,-0.));
#9078 = ORIENTED_EDGE('',*,*,#9079,.T.);
#9079 = EDGE_CURVE('',#9072,#9039,#9080,.T.);
#9080 = B_SPLINE_CURVE_WITH_KNOTS('',2,(#9081,#9082,#9083),
  .UNSPECIFIED.,.F.,.F.,(3,3),(0.,1.),.PIECEWISE_BEZIER_KNOTS.);
#9081 = CARTESIAN_POINT('',(49.2,1.971462198148,-7.023059917424));
#9082 = CARTESIAN_POINT('',(49.2,2.399635156142,-7.02306001544));
#9083 = CARTESIAN_POINT('',(49.2,2.65594270357,-7.289547718308));
#9084 = ORIENTED_EDGE('',*,*,#9038,.F.);
#9085 = ORIENTED_EDGE('',*,*,#5246,.F.);
#9086 = SURFACE_OF_LINEAR_EXTRUSION('',#9087,#9091);
#9087 = B_SPLINE_CURVE_WITH_KNOTS('',2,(#9088,#9089,#9090),
  .UNSPECIFIED.,.F.,.F.,(3,3),(0.,1.),.PIECEWISE_BEZIER_KNOTS.);
#9088 = CARTESIAN_POINT('',(50.,1.971462198148,-7.023059917424));
#9089 = CARTESIAN_POINT('',(50.,2.399635156142,-7.02306001544));
#9090 = CARTESIAN_POINT('',(50.,2.65594270357,-7.289547718308));
#9091 = VECTOR('',#9092,1.);
#9092 = DIRECTION('',(1.,0.,0.));
#9093 = ADVANCED_FACE('',(#9094),#9112,.T.);
#9094 = FACE_BOUND('',#9095,.T.);
#9095 = EDGE_LOOP('',(#9096,#9097,#9105,#9111));
#9096 = ORIENTED_EDGE('',*,*,#9054,.T.);
#9097 = ORIENTED_EDGE('',*,*,#9098,.T.);
#9098 = EDGE_CURVE('',#9047,#9099,#9101,.T.);
#9099 = VERTEX_POINT('',#9100);
#9100 = CARTESIAN_POINT('',(49.2,2.613729700131,-8.773879632085));
#9101 = B_SPLINE_CURVE_WITH_KNOTS('',2,(#9102,#9103,#9104),
  .UNSPECIFIED.,.F.,.F.,(3,3),(0.,1.),.PIECEWISE_BEZIER_KNOTS.);
#9102 = CARTESIAN_POINT('',(49.2,2.911855595552,-8.014127539633));
#9103 = CARTESIAN_POINT('',(49.2,2.911296329238,-8.491507747254));
#9104 = CARTESIAN_POINT('',(49.2,2.613729700131,-8.773879632085));
#9105 = ORIENTED_EDGE('',*,*,#9106,.F.);
#9106 = EDGE_CURVE('',#5095,#9099,#9107,.T.);
#9107 = LINE('',#9108,#9109);
#9108 = CARTESIAN_POINT('',(50.,2.613729700131,-8.773879632085));
#9109 = VECTOR('',#9110,1.);
#9110 = DIRECTION('',(-1.,-0.,-0.));
#9111 = ORIENTED_EDGE('',*,*,#5094,.F.);
#9112 = SURFACE_OF_LINEAR_EXTRUSION('',#9113,#9117);
#9113 = B_SPLINE_CURVE_WITH_KNOTS('',2,(#9114,#9115,#9116),
  .UNSPECIFIED.,.F.,.F.,(3,3),(0.,1.),.PIECEWISE_BEZIER_KNOTS.);
#9114 = CARTESIAN_POINT('',(50.,2.911855595552,-8.014127539633));
#9115 = CARTESIAN_POINT('',(50.,2.911296329238,-8.491507747254));
#9116 = CARTESIAN_POINT('',(50.,2.613729700131,-8.773879632085));
#9117 = VECTOR('',#9118,1.);
#9118 = DIRECTION('',(1.,0.,0.));
#9119 = ADVANCED_FACE('',(#9120),#9138,.T.);
#9120 = FACE_BOUND('',#9121,.T.);
#9121 = EDGE_LOOP('',(#9122,#9130,#9136,#9137));
#9122 = ORIENTED_EDGE('',*,*,#9123,.T.);
#9123 = EDGE_CURVE('',#5231,#9124,#9126,.T.);
#9124 = VERTEX_POINT('',#9125);
#9125 = CARTESIAN_POINT('',(49.2,1.428033394529,-7.21452244319));
#9126 = LINE('',#9127,#9128);
#9127 = CARTESIAN_POINT('',(50.,1.428033394529,-7.21452244319));
#9128 = VECTOR('',#9129,1.);
#9129 = DIRECTION('',(-1.,-0.,-0.));
#9130 = ORIENTED_EDGE('',*,*,#9131,.T.);
#9131 = EDGE_CURVE('',#9124,#9072,#9132,.T.);
#9132 = B_SPLINE_CURVE_WITH_KNOTS('',2,(#9133,#9134,#9135),
  .UNSPECIFIED.,.F.,.F.,(3,3),(0.,1.),.PIECEWISE_BEZIER_KNOTS.);
#9133 = CARTESIAN_POINT('',(49.2,1.428033394529,-7.21452244319));
#9134 = CARTESIAN_POINT('',(49.2,1.645539498779,-7.023059842814));
#9135 = CARTESIAN_POINT('',(49.2,1.971462198148,-7.023059917424));
#9136 = ORIENTED_EDGE('',*,*,#9071,.F.);
#9137 = ORIENTED_EDGE('',*,*,#5238,.F.);
#9138 = SURFACE_OF_LINEAR_EXTRUSION('',#9139,#9143);
#9139 = B_SPLINE_CURVE_WITH_KNOTS('',2,(#9140,#9141,#9142),
  .UNSPECIFIED.,.F.,.F.,(3,3),(0.,1.),.PIECEWISE_BEZIER_KNOTS.);
#9140 = CARTESIAN_POINT('',(50.,1.428033394529,-7.21452244319));
#9141 = CARTESIAN_POINT('',(50.,1.645539498779,-7.023059842814));
#9142 = CARTESIAN_POINT('',(50.,1.971462198148,-7.023059917424));
#9143 = VECTOR('',#9144,1.);
#9144 = DIRECTION('',(1.,0.,0.));
#9145 = ADVANCED_FACE('',(#9146),#9164,.T.);
#9146 = FACE_BOUND('',#9147,.T.);
#9147 = EDGE_LOOP('',(#9148,#9149,#9157,#9163));
#9148 = ORIENTED_EDGE('',*,*,#9106,.T.);
#9149 = ORIENTED_EDGE('',*,*,#9150,.T.);
#9150 = EDGE_CURVE('',#9099,#9151,#9153,.T.);
#9151 = VERTEX_POINT('',#9152);
#9152 = CARTESIAN_POINT('',(49.2,1.798663150981,-9.056251398452));
#9153 = B_SPLINE_CURVE_WITH_KNOTS('',2,(#9154,#9155,#9156),
  .UNSPECIFIED.,.F.,.F.,(3,3),(0.,1.),.PIECEWISE_BEZIER_KNOTS.);
#9154 = CARTESIAN_POINT('',(49.2,2.613729700131,-8.773879632085));
#9155 = CARTESIAN_POINT('',(49.2,2.316305085273,-9.056251516949));
#9156 = CARTESIAN_POINT('',(49.2,1.798663150981,-9.056251398452));
#9157 = ORIENTED_EDGE('',*,*,#9158,.F.);
#9158 = EDGE_CURVE('',#5103,#9151,#9159,.T.);
#9159 = LINE('',#9160,#9161);
#9160 = CARTESIAN_POINT('',(50.,1.798663150981,-9.056251398452));
#9161 = VECTOR('',#9162,1.);
#9162 = DIRECTION('',(-1.,-0.,-0.));
#9163 = ORIENTED_EDGE('',*,*,#5102,.F.);
#9164 = SURFACE_OF_LINEAR_EXTRUSION('',#9165,#9169);
#9165 = B_SPLINE_CURVE_WITH_KNOTS('',2,(#9166,#9167,#9168),
  .UNSPECIFIED.,.F.,.F.,(3,3),(0.,1.),.PIECEWISE_BEZIER_KNOTS.);
#9166 = CARTESIAN_POINT('',(50.,2.613729700131,-8.773879632085));
#9167 = CARTESIAN_POINT('',(50.,2.316305085273,-9.056251516949));
#9168 = CARTESIAN_POINT('',(50.,1.798663150981,-9.056251398452));
#9169 = VECTOR('',#9170,1.);
#9170 = DIRECTION('',(1.,0.,0.));
#9171 = ADVANCED_FACE('',(#9172),#9190,.T.);
#9172 = FACE_BOUND('',#9173,.T.);
#9173 = EDGE_LOOP('',(#9174,#9182,#9188,#9189));
#9174 = ORIENTED_EDGE('',*,*,#9175,.T.);
#9175 = EDGE_CURVE('',#5223,#9176,#9178,.T.);
#9176 = VERTEX_POINT('',#9177);
#9177 = CARTESIAN_POINT('',(49.2,1.477912070525,-6.460159612951));
#9178 = LINE('',#9179,#9180);
#9179 = CARTESIAN_POINT('',(50.,1.477912070525,-6.460159612951));
#9180 = VECTOR('',#9181,1.);
#9181 = DIRECTION('',(-1.,-0.,-0.));
#9182 = ORIENTED_EDGE('',*,*,#9183,.T.);
#9183 = EDGE_CURVE('',#9176,#9124,#9184,.T.);
#9184 = LINE('',#9185,#9186);
#9185 = CARTESIAN_POINT('',(49.2,1.477912070525,-6.460159612951));
#9186 = VECTOR('',#9187,1.);
#9187 = DIRECTION('',(0.,-6.597620953355E-02,-0.997821196295));
#9188 = ORIENTED_EDGE('',*,*,#9123,.F.);
#9189 = ORIENTED_EDGE('',*,*,#5230,.F.);
#9190 = PLANE('',#9191);
#9191 = AXIS2_PLACEMENT_3D('',#9192,#9193,#9194);
#9192 = CARTESIAN_POINT('',(50.,1.477912070525,-6.460159612951));
#9193 = DIRECTION('',(0.,-0.997821196295,6.597620953355E-02));
#9194 = DIRECTION('',(0.,-6.597620953355E-02,-0.997821196295));
#9195 = ADVANCED_FACE('',(#9196),#9214,.T.);
#9196 = FACE_BOUND('',#9197,.T.);
#9197 = EDGE_LOOP('',(#9198,#9199,#9207,#9213));
#9198 = ORIENTED_EDGE('',*,*,#9158,.T.);
#9199 = ORIENTED_EDGE('',*,*,#9200,.T.);
#9200 = EDGE_CURVE('',#9151,#9201,#9203,.T.);
#9201 = VERTEX_POINT('',#9202);
#9202 = CARTESIAN_POINT('',(49.2,1.075623677619,-8.852166230277));
#9203 = B_SPLINE_CURVE_WITH_KNOTS('',2,(#9204,#9205,#9206),
  .UNSPECIFIED.,.F.,.F.,(3,3),(0.,1.),.PIECEWISE_BEZIER_KNOTS.);
#9204 = CARTESIAN_POINT('',(49.2,1.798663150981,-9.056251398452));
#9205 = CARTESIAN_POINT('',(49.2,1.347057842052,-9.056251295072));
#9206 = CARTESIAN_POINT('',(49.2,1.075623677619,-8.852166230277));
#9207 = ORIENTED_EDGE('',*,*,#9208,.F.);
#9208 = EDGE_CURVE('',#5111,#9201,#9209,.T.);
#9209 = LINE('',#9210,#9211);
#9210 = CARTESIAN_POINT('',(50.,1.075623677619,-8.852166230277));
#9211 = VECTOR('',#9212,1.);
#9212 = DIRECTION('',(-1.,-0.,-0.));
#9213 = ORIENTED_EDGE('',*,*,#5110,.F.);
#9214 = SURFACE_OF_LINEAR_EXTRUSION('',#9215,#9219);
#9215 = B_SPLINE_CURVE_WITH_KNOTS('',2,(#9216,#9217,#9218),
  .UNSPECIFIED.,.F.,.F.,(3,3),(0.,1.),.PIECEWISE_BEZIER_KNOTS.);
#9216 = CARTESIAN_POINT('',(50.,1.798663150981,-9.056251398452));
#9217 = CARTESIAN_POINT('',(50.,1.347057842052,-9.056251295072));
#9218 = CARTESIAN_POINT('',(50.,1.075623677619,-8.852166230277));
#9219 = VECTOR('',#9220,1.);
#9220 = DIRECTION('',(1.,0.,0.));
#9221 = ADVANCED_FACE('',(#9222),#9240,.T.);
#9222 = FACE_BOUND('',#9223,.T.);
#9223 = EDGE_LOOP('',(#9224,#9232,#9238,#9239));
#9224 = ORIENTED_EDGE('',*,*,#9225,.T.);
#9225 = EDGE_CURVE('',#5215,#9226,#9228,.T.);
#9226 = VERTEX_POINT('',#9227);
#9227 = CARTESIAN_POINT('',(49.2,2.738998593572,-6.460159901636));
#9228 = LINE('',#9229,#9230);
#9229 = CARTESIAN_POINT('',(50.,2.738998593572,-6.460159901636));
#9230 = VECTOR('',#9231,1.);
#9231 = DIRECTION('',(-1.,-0.,-0.));
#9232 = ORIENTED_EDGE('',*,*,#9233,.T.);
#9233 = EDGE_CURVE('',#9226,#9176,#9234,.T.);
#9234 = LINE('',#9235,#9236);
#9235 = CARTESIAN_POINT('',(49.2,2.738998593572,-6.460159901636));
#9236 = VECTOR('',#9237,1.);
#9237 = DIRECTION('',(0.,-1.,2.2891714059E-07));
#9238 = ORIENTED_EDGE('',*,*,#9175,.F.);
#9239 = ORIENTED_EDGE('',*,*,#5222,.F.);
#9240 = PLANE('',#9241);
#9241 = AXIS2_PLACEMENT_3D('',#9242,#9243,#9244);
#9242 = CARTESIAN_POINT('',(50.,2.738998593572,-6.460159901636));
#9243 = DIRECTION('',(0.,2.2891714059E-07,1.));
#9244 = DIRECTION('',(0.,-1.,2.2891714059E-07));
#9245 = ADVANCED_FACE('',(#9246),#9264,.T.);
#9246 = FACE_BOUND('',#9247,.T.);
#9247 = EDGE_LOOP('',(#9248,#9249,#9257,#9263));
#9248 = ORIENTED_EDGE('',*,*,#9208,.T.);
#9249 = ORIENTED_EDGE('',*,*,#9250,.T.);
#9250 = EDGE_CURVE('',#9201,#9251,#9253,.T.);
#9251 = VERTEX_POINT('',#9252);
#9252 = CARTESIAN_POINT('',(49.2,0.740878211228,-8.261326597652));
#9253 = B_SPLINE_CURVE_WITH_KNOTS('',2,(#9254,#9255,#9256),
  .UNSPECIFIED.,.F.,.F.,(3,3),(0.,1.),.PIECEWISE_BEZIER_KNOTS.);
#9254 = CARTESIAN_POINT('',(49.2,1.075623677619,-8.852166230277));
#9255 = CARTESIAN_POINT('',(49.2,0.804331527433,-8.648081165514));
#9256 = CARTESIAN_POINT('',(49.2,0.740878211228,-8.261326597652));
#9257 = ORIENTED_EDGE('',*,*,#9258,.F.);
#9258 = EDGE_CURVE('',#5119,#9251,#9259,.T.);
#9259 = LINE('',#9260,#9261);
#9260 = CARTESIAN_POINT('',(50.,0.740878211228,-8.261326597652));
#9261 = VECTOR('',#9262,1.);
#9262 = DIRECTION('',(-1.,-0.,-0.));
#9263 = ORIENTED_EDGE('',*,*,#5118,.F.);
#9264 = SURFACE_OF_LINEAR_EXTRUSION('',#9265,#9269);
#9265 = B_SPLINE_CURVE_WITH_KNOTS('',2,(#9266,#9267,#9268),
  .UNSPECIFIED.,.F.,.F.,(3,3),(0.,1.),.PIECEWISE_BEZIER_KNOTS.);
#9266 = CARTESIAN_POINT('',(50.,1.075623677619,-8.852166230277));
#9267 = CARTESIAN_POINT('',(50.,0.804331527433,-8.648081165514));
#9268 = CARTESIAN_POINT('',(50.,0.740878211228,-8.261326597652));
#9269 = VECTOR('',#9270,1.);
#9270 = DIRECTION('',(1.,0.,0.));
#9271 = ADVANCED_FACE('',(#9272),#9290,.T.);
#9272 = FACE_BOUND('',#9273,.T.);
#9273 = EDGE_LOOP('',(#9274,#9282,#9288,#9289));
#9274 = ORIENTED_EDGE('',*,*,#9275,.T.);
#9275 = EDGE_CURVE('',#5207,#9276,#9278,.T.);
#9276 = VERTEX_POINT('',#9277);
#9277 = CARTESIAN_POINT('',(49.2,2.739519478865,-6.015541080812));
#9278 = LINE('',#9279,#9280);
#9279 = CARTESIAN_POINT('',(50.,2.739519478865,-6.015541080812));
#9280 = VECTOR('',#9281,1.);
#9281 = DIRECTION('',(-1.,-0.,-0.));
#9282 = ORIENTED_EDGE('',*,*,#9283,.T.);
#9283 = EDGE_CURVE('',#9276,#9226,#9284,.T.);
#9284 = LINE('',#9285,#9286);
#9285 = CARTESIAN_POINT('',(49.2,2.739519478865,-6.015541080812));
#9286 = VECTOR('',#9287,1.);
#9287 = DIRECTION('',(0.,-1.171531456477E-03,-0.999999313757));
#9288 = ORIENTED_EDGE('',*,*,#9225,.F.);
#9289 = ORIENTED_EDGE('',*,*,#5214,.F.);
#9290 = PLANE('',#9291);
#9291 = AXIS2_PLACEMENT_3D('',#9292,#9293,#9294);
#9292 = CARTESIAN_POINT('',(50.,2.739519478865,-6.015541080812));
#9293 = DIRECTION('',(0.,-0.999999313757,1.171531456477E-03));
#9294 = DIRECTION('',(0.,-1.171531456477E-03,-0.999999313757));
#9295 = ADVANCED_FACE('',(#9296),#9314,.T.);
#9296 = FACE_BOUND('',#9297,.T.);
#9297 = EDGE_LOOP('',(#9298,#9299,#9307,#9313));
#9298 = ORIENTED_EDGE('',*,*,#9258,.T.);
#9299 = ORIENTED_EDGE('',*,*,#9300,.T.);
#9300 = EDGE_CURVE('',#9251,#9301,#9303,.T.);
#9301 = VERTEX_POINT('',#9302);
#9302 = CARTESIAN_POINT('',(49.2,1.33952592154,-8.21211374239));
#9303 = LINE('',#9304,#9305);
#9304 = CARTESIAN_POINT('',(49.2,0.740878211228,-8.261326597652));
#9305 = VECTOR('',#9306,1.);
#9306 = DIRECTION('',(0.,0.996638059177,8.19303301582E-02));
#9307 = ORIENTED_EDGE('',*,*,#9308,.F.);
#9308 = EDGE_CURVE('',#5127,#9301,#9309,.T.);
#9309 = LINE('',#9310,#9311);
#9310 = CARTESIAN_POINT('',(50.,1.33952592154,-8.21211374239));
#9311 = VECTOR('',#9312,1.);
#9312 = DIRECTION('',(-1.,-0.,-0.));
#9313 = ORIENTED_EDGE('',*,*,#5126,.F.);
#9314 = PLANE('',#9315);
#9315 = AXIS2_PLACEMENT_3D('',#9316,#9317,#9318);
#9316 = CARTESIAN_POINT('',(50.,0.740878211228,-8.261326597652));
#9317 = DIRECTION('',(0.,8.19303301582E-02,-0.996638059177));
#9318 = DIRECTION('',(0.,0.996638059177,8.19303301582E-02));
#9319 = ADVANCED_FACE('',(#9320),#9338,.T.);
#9320 = FACE_BOUND('',#9321,.T.);
#9321 = EDGE_LOOP('',(#9322,#9330,#9336,#9337));
#9322 = ORIENTED_EDGE('',*,*,#9323,.T.);
#9323 = EDGE_CURVE('',#5199,#9324,#9326,.T.);
#9324 = VERTEX_POINT('',#9325);
#9325 = CARTESIAN_POINT('',(49.2,0.935228456869,-6.015540667779));
#9326 = LINE('',#9327,#9328);
#9327 = CARTESIAN_POINT('',(50.,0.935228456869,-6.015540667779));
#9328 = VECTOR('',#9329,1.);
#9329 = DIRECTION('',(-1.,-0.,-0.));
#9330 = ORIENTED_EDGE('',*,*,#9331,.T.);
#9331 = EDGE_CURVE('',#9324,#9276,#9332,.T.);
#9332 = LINE('',#9333,#9334);
#9333 = CARTESIAN_POINT('',(49.2,0.935228456869,-6.015540667779));
#9334 = VECTOR('',#9335,1.);
#9335 = DIRECTION('',(0.,1.,-2.289171407913E-07));
#9336 = ORIENTED_EDGE('',*,*,#9275,.F.);
#9337 = ORIENTED_EDGE('',*,*,#5206,.F.);
#9338 = PLANE('',#9339);
#9339 = AXIS2_PLACEMENT_3D('',#9340,#9341,#9342);
#9340 = CARTESIAN_POINT('',(50.,0.935228456869,-6.015540667779));
#9341 = DIRECTION('',(0.,-2.289171407913E-07,-1.));
#9342 = DIRECTION('',(0.,1.,-2.289171407913E-07));
#9343 = ADVANCED_FACE('',(#9344),#9362,.T.);
#9344 = FACE_BOUND('',#9345,.T.);
#9345 = EDGE_LOOP('',(#9346,#9347,#9355,#9361));
#9346 = ORIENTED_EDGE('',*,*,#9308,.T.);
#9347 = ORIENTED_EDGE('',*,*,#9348,.T.);
#9348 = EDGE_CURVE('',#9301,#9349,#9351,.T.);
#9349 = VERTEX_POINT('',#9350);
#9350 = CARTESIAN_POINT('',(49.2,1.505352614712,-8.493776612374));
#9351 = B_SPLINE_CURVE_WITH_KNOTS('',2,(#9352,#9353,#9354),
  .UNSPECIFIED.,.F.,.F.,(3,3),(0.,1.),.PIECEWISE_BEZIER_KNOTS.);
#9352 = CARTESIAN_POINT('',(49.2,1.33952592154,-8.21211374239));
#9353 = CARTESIAN_POINT('',(49.2,1.386163992616,-8.405561941828));
#9354 = CARTESIAN_POINT('',(49.2,1.505352614712,-8.493776612374));
#9355 = ORIENTED_EDGE('',*,*,#9356,.F.);
#9356 = EDGE_CURVE('',#5135,#9349,#9357,.T.);
#9357 = LINE('',#9358,#9359);
#9358 = CARTESIAN_POINT('',(50.,1.505352614712,-8.493776612374));
#9359 = VECTOR('',#9360,1.);
#9360 = DIRECTION('',(-1.,-0.,-0.));
#9361 = ORIENTED_EDGE('',*,*,#5134,.F.);
#9362 = SURFACE_OF_LINEAR_EXTRUSION('',#9363,#9367);
#9363 = B_SPLINE_CURVE_WITH_KNOTS('',2,(#9364,#9365,#9366),
  .UNSPECIFIED.,.F.,.F.,(3,3),(0.,1.),.PIECEWISE_BEZIER_KNOTS.);
#9364 = CARTESIAN_POINT('',(50.,1.33952592154,-8.21211374239));
#9365 = CARTESIAN_POINT('',(50.,1.386163992616,-8.405561941828));
#9366 = CARTESIAN_POINT('',(50.,1.505352614712,-8.493776612374));
#9367 = VECTOR('',#9368,1.);
#9368 = DIRECTION('',(1.,0.,0.));
#9369 = ADVANCED_FACE('',(#9370),#9388,.T.);
#9370 = FACE_BOUND('',#9371,.T.);
#9371 = EDGE_LOOP('',(#9372,#9380,#9386,#9387));
#9372 = ORIENTED_EDGE('',*,*,#9373,.T.);
#9373 = EDGE_CURVE('',#5191,#9374,#9376,.T.);
#9374 = VERTEX_POINT('',#9375);
#9375 = CARTESIAN_POINT('',(49.2,0.828875100325,-7.699561019788));
#9376 = LINE('',#9377,#9378);
#9377 = CARTESIAN_POINT('',(50.,0.828875100325,-7.699561019788));
#9378 = VECTOR('',#9379,1.);
#9379 = DIRECTION('',(-1.,-0.,-0.));
#9380 = ORIENTED_EDGE('',*,*,#9381,.T.);
#9381 = EDGE_CURVE('',#9374,#9324,#9382,.T.);
#9382 = LINE('',#9383,#9384);
#9383 = CARTESIAN_POINT('',(49.2,0.828875100325,-7.699561019788));
#9384 = VECTOR('',#9385,1.);
#9385 = DIRECTION('',(0.,6.302886690012E-02,0.998011704309));
#9386 = ORIENTED_EDGE('',*,*,#9323,.F.);
#9387 = ORIENTED_EDGE('',*,*,#5198,.F.);
#9388 = PLANE('',#9389);
#9389 = AXIS2_PLACEMENT_3D('',#9390,#9391,#9392);
#9390 = CARTESIAN_POINT('',(50.,0.828875100325,-7.699561019788));
#9391 = DIRECTION('',(0.,0.998011704309,-6.302886690012E-02));
#9392 = DIRECTION('',(0.,6.302886690012E-02,0.998011704309));
#9393 = ADVANCED_FACE('',(#9394),#9412,.T.);
#9394 = FACE_BOUND('',#9395,.T.);
#9395 = EDGE_LOOP('',(#9396,#9397,#9405,#9411));
#9396 = ORIENTED_EDGE('',*,*,#9356,.T.);
#9397 = ORIENTED_EDGE('',*,*,#9398,.T.);
#9398 = EDGE_CURVE('',#9349,#9399,#9401,.T.);
#9399 = VERTEX_POINT('',#9400);
#9400 = CARTESIAN_POINT('',(49.2,1.805609569275,-8.581849500185));
#9401 = B_SPLINE_CURVE_WITH_KNOTS('',2,(#9402,#9403,#9404),
  .UNSPECIFIED.,.F.,.F.,(3,3),(0.,1.),.PIECEWISE_BEZIER_KNOTS.);
#9402 = CARTESIAN_POINT('',(49.2,1.505352614712,-8.493776612374));
#9403 = CARTESIAN_POINT('',(49.2,1.624541402959,-8.581849458735));
#9404 = CARTESIAN_POINT('',(49.2,1.805609569275,-8.581849500185));
#9405 = ORIENTED_EDGE('',*,*,#9406,.F.);
#9406 = EDGE_CURVE('',#5143,#9399,#9407,.T.);
#9407 = LINE('',#9408,#9409);
#9408 = CARTESIAN_POINT('',(50.,1.805609569275,-8.581849500185));
#9409 = VECTOR('',#9410,1.);
#9410 = DIRECTION('',(-1.,-0.,-0.));
#9411 = ORIENTED_EDGE('',*,*,#5142,.F.);
#9412 = SURFACE_OF_LINEAR_EXTRUSION('',#9413,#9417);
#9413 = B_SPLINE_CURVE_WITH_KNOTS('',2,(#9414,#9415,#9416),
  .UNSPECIFIED.,.F.,.F.,(3,3),(0.,1.),.PIECEWISE_BEZIER_KNOTS.);
#9414 = CARTESIAN_POINT('',(50.,1.505352614712,-8.493776612374));
#9415 = CARTESIAN_POINT('',(50.,1.624541402959,-8.581849458735));
#9416 = CARTESIAN_POINT('',(50.,1.805609569275,-8.581849500185));
#9417 = VECTOR('',#9418,1.);
#9418 = DIRECTION('',(1.,0.,0.));
#9419 = ADVANCED_FACE('',(#9420),#9438,.T.);
#9420 = FACE_BOUND('',#9421,.T.);
#9421 = EDGE_LOOP('',(#9422,#9430,#9436,#9437));
#9422 = ORIENTED_EDGE('',*,*,#9423,.T.);
#9423 = EDGE_CURVE('',#5183,#9424,#9426,.T.);
#9424 = VERTEX_POINT('',#9425);
#9425 = CARTESIAN_POINT('',(49.2,1.412553659979,-7.699561153402));
#9426 = LINE('',#9427,#9428);
#9427 = CARTESIAN_POINT('',(50.,1.412553659979,-7.699561153402));
#9428 = VECTOR('',#9429,1.);
#9429 = DIRECTION('',(-1.,-0.,-0.));
#9430 = ORIENTED_EDGE('',*,*,#9431,.T.);
#9431 = EDGE_CURVE('',#9424,#9374,#9432,.T.);
#9432 = LINE('',#9433,#9434);
#9433 = CARTESIAN_POINT('',(49.2,1.412553659979,-7.699561153402));
#9434 = VECTOR('',#9435,1.);
#9435 = DIRECTION('',(0.,-1.,2.289171414434E-07));
#9436 = ORIENTED_EDGE('',*,*,#9373,.F.);
#9437 = ORIENTED_EDGE('',*,*,#5190,.F.);
#9438 = PLANE('',#9439);
#9439 = AXIS2_PLACEMENT_3D('',#9440,#9441,#9442);
#9440 = CARTESIAN_POINT('',(50.,1.412553659979,-7.699561153402));
#9441 = DIRECTION('',(0.,2.289171414434E-07,1.));
#9442 = DIRECTION('',(0.,-1.,2.289171414434E-07));
#9443 = ADVANCED_FACE('',(#9444),#9462,.T.);
#9444 = FACE_BOUND('',#9445,.T.);
#9445 = EDGE_LOOP('',(#9446,#9447,#9455,#9461));
#9446 = ORIENTED_EDGE('',*,*,#9406,.T.);
#9447 = ORIENTED_EDGE('',*,*,#9448,.T.);
#9448 = EDGE_CURVE('',#9399,#9449,#9451,.T.);
#9449 = VERTEX_POINT('',#9450);
#9450 = CARTESIAN_POINT('',(49.2,2.162516841301,-8.438890803096));
#9451 = B_SPLINE_CURVE_WITH_KNOTS('',2,(#9452,#9453,#9454),
  .UNSPECIFIED.,.F.,.F.,(3,3),(0.,1.),.PIECEWISE_BEZIER_KNOTS.);
#9452 = CARTESIAN_POINT('',(49.2,1.805609569275,-8.581849500185));
#9453 = CARTESIAN_POINT('',(49.2,2.029282010019,-8.581849551387));
#9454 = CARTESIAN_POINT('',(49.2,2.162516841301,-8.438890803096));
#9455 = ORIENTED_EDGE('',*,*,#9456,.F.);
#9456 = EDGE_CURVE('',#5151,#9449,#9457,.T.);
#9457 = LINE('',#9458,#9459);
#9458 = CARTESIAN_POINT('',(50.,2.162516841301,-8.438890803096));
#9459 = VECTOR('',#9460,1.);
#9460 = DIRECTION('',(-1.,-0.,-0.));
#9461 = ORIENTED_EDGE('',*,*,#5150,.F.);
#9462 = SURFACE_OF_LINEAR_EXTRUSION('',#9463,#9467);
#9463 = B_SPLINE_CURVE_WITH_KNOTS('',2,(#9464,#9465,#9466),
  .UNSPECIFIED.,.F.,.F.,(3,3),(0.,1.),.PIECEWISE_BEZIER_KNOTS.);
#9464 = CARTESIAN_POINT('',(50.,1.805609569275,-8.581849500185));
#9465 = CARTESIAN_POINT('',(50.,2.029282010019,-8.581849551387));
#9466 = CARTESIAN_POINT('',(50.,2.162516841301,-8.438890803096));
#9467 = VECTOR('',#9468,1.);
#9468 = DIRECTION('',(1.,0.,0.));
#9469 = ADVANCED_FACE('',(#9470),#9488,.T.);
#9470 = FACE_BOUND('',#9471,.T.);
#9471 = EDGE_LOOP('',(#9472,#9480,#9486,#9487));
#9472 = ORIENTED_EDGE('',*,*,#9473,.T.);
#9473 = EDGE_CURVE('',#5175,#9474,#9476,.T.);
#9474 = VERTEX_POINT('',#9475);
#9475 = CARTESIAN_POINT('',(49.2,1.819651277705,-7.505971233647));
#9476 = LINE('',#9477,#9478);
#9477 = CARTESIAN_POINT('',(50.,1.819651277705,-7.505971233647));
#9478 = VECTOR('',#9479,1.);
#9479 = DIRECTION('',(-1.,-0.,-0.));
#9480 = ORIENTED_EDGE('',*,*,#9481,.T.);
#9481 = EDGE_CURVE('',#9474,#9424,#9482,.T.);
#9482 = B_SPLINE_CURVE_WITH_KNOTS('',2,(#9483,#9484,#9485),
  .UNSPECIFIED.,.F.,.F.,(3,3),(0.,1.),.PIECEWISE_BEZIER_KNOTS.);
#9483 = CARTESIAN_POINT('',(49.2,1.819651277705,-7.505971233647));
#9484 = CARTESIAN_POINT('',(49.2,1.570416272305,-7.505971176593));
#9485 = CARTESIAN_POINT('',(49.2,1.412553659979,-7.699561153402));
#9486 = ORIENTED_EDGE('',*,*,#9423,.F.);
#9487 = ORIENTED_EDGE('',*,*,#5182,.F.);
#9488 = SURFACE_OF_LINEAR_EXTRUSION('',#9489,#9493);
#9489 = B_SPLINE_CURVE_WITH_KNOTS('',2,(#9490,#9491,#9492),
  .UNSPECIFIED.,.F.,.F.,(3,3),(0.,1.),.PIECEWISE_BEZIER_KNOTS.);
#9490 = CARTESIAN_POINT('',(50.,1.819651277705,-7.505971233647));
#9491 = CARTESIAN_POINT('',(50.,1.570416272305,-7.505971176593));
#9492 = CARTESIAN_POINT('',(50.,1.412553659979,-7.699561153402));
#9493 = VECTOR('',#9494,1.);
#9494 = DIRECTION('',(1.,0.,0.));
#9495 = ADVANCED_FACE('',(#9496),#9514,.T.);
#9496 = FACE_BOUND('',#9497,.T.);
#9497 = EDGE_LOOP('',(#9498,#9499,#9507,#9513));
#9498 = ORIENTED_EDGE('',*,*,#9456,.T.);
#9499 = ORIENTED_EDGE('',*,*,#9500,.T.);
#9500 = EDGE_CURVE('',#9449,#9501,#9503,.T.);
#9501 = VERTEX_POINT('',#9502);
#9502 = CARTESIAN_POINT('',(49.2,2.296208876433,-8.026891575378));
#9503 = B_SPLINE_CURVE_WITH_KNOTS('',2,(#9504,#9505,#9506),
  .UNSPECIFIED.,.F.,.F.,(3,3),(0.,1.),.PIECEWISE_BEZIER_KNOTS.);
#9504 = CARTESIAN_POINT('',(49.2,2.162516841301,-8.438890803096));
#9505 = CARTESIAN_POINT('',(49.2,2.295893852983,-8.295790230651));
#9506 = CARTESIAN_POINT('',(49.2,2.296208876433,-8.026891575378));
#9507 = ORIENTED_EDGE('',*,*,#9508,.F.);
#9508 = EDGE_CURVE('',#5159,#9501,#9509,.T.);
#9509 = LINE('',#9510,#9511);
#9510 = CARTESIAN_POINT('',(50.,2.296208876433,-8.026891575378));
#9511 = VECTOR('',#9512,1.);
#9512 = DIRECTION('',(-1.,-0.,-0.));
#9513 = ORIENTED_EDGE('',*,*,#5158,.F.);
#9514 = SURFACE_OF_LINEAR_EXTRUSION('',#9515,#9519);
#9515 = B_SPLINE_CURVE_WITH_KNOTS('',2,(#9516,#9517,#9518),
  .UNSPECIFIED.,.F.,.F.,(3,3),(0.,1.),.PIECEWISE_BEZIER_KNOTS.);
#9516 = CARTESIAN_POINT('',(50.,2.162516841301,-8.438890803096));
#9517 = CARTESIAN_POINT('',(50.,2.295893852983,-8.295790230651));
#9518 = CARTESIAN_POINT('',(50.,2.296208876433,-8.026891575378));
#9519 = VECTOR('',#9520,1.);
#9520 = DIRECTION('',(1.,0.,0.));
#9521 = ADVANCED_FACE('',(#9522),#9540,.T.);
#9522 = FACE_BOUND('',#9523,.T.);
#9523 = EDGE_LOOP('',(#9524,#9532,#9538,#9539));
#9524 = ORIENTED_EDGE('',*,*,#9525,.T.);
#9525 = EDGE_CURVE('',#5167,#9526,#9528,.T.);
#9526 = VERTEX_POINT('',#9527);
#9527 = CARTESIAN_POINT('',(49.2,2.17097022397,-7.647937323564));
#9528 = LINE('',#9529,#9530);
#9529 = CARTESIAN_POINT('',(50.,2.17097022397,-7.647937323564));
#9530 = VECTOR('',#9531,1.);
#9531 = DIRECTION('',(-1.,-0.,-0.));
#9532 = ORIENTED_EDGE('',*,*,#9533,.T.);
#9533 = EDGE_CURVE('',#9526,#9474,#9534,.T.);
#9534 = B_SPLINE_CURVE_WITH_KNOTS('',2,(#9535,#9536,#9537),
  .UNSPECIFIED.,.F.,.F.,(3,3),(0.,1.),.PIECEWISE_BEZIER_KNOTS.);
#9535 = CARTESIAN_POINT('',(49.2,2.17097022397,-7.647937323564));
#9536 = CARTESIAN_POINT('',(49.2,2.045453932169,-7.505971285338));
#9537 = CARTESIAN_POINT('',(49.2,1.819651277705,-7.505971233647));
#9538 = ORIENTED_EDGE('',*,*,#9473,.F.);
#9539 = ORIENTED_EDGE('',*,*,#5174,.F.);
#9540 = SURFACE_OF_LINEAR_EXTRUSION('',#9541,#9545);
#9541 = B_SPLINE_CURVE_WITH_KNOTS('',2,(#9542,#9543,#9544),
  .UNSPECIFIED.,.F.,.F.,(3,3),(0.,1.),.PIECEWISE_BEZIER_KNOTS.);
#9542 = CARTESIAN_POINT('',(50.,2.17097022397,-7.647937323564));
#9543 = CARTESIAN_POINT('',(50.,2.045453932169,-7.505971285338));
#9544 = CARTESIAN_POINT('',(50.,1.819651277705,-7.505971233647));
#9545 = VECTOR('',#9546,1.);
#9546 = DIRECTION('',(1.,0.,0.));
#9547 = ADVANCED_FACE('',(#9548),#9559,.T.);
#9548 = FACE_BOUND('',#9549,.T.);
#9549 = EDGE_LOOP('',(#9550,#9551,#9557,#9558));
#9550 = ORIENTED_EDGE('',*,*,#9508,.T.);
#9551 = ORIENTED_EDGE('',*,*,#9552,.T.);
#9552 = EDGE_CURVE('',#9501,#9526,#9553,.T.);
#9553 = B_SPLINE_CURVE_WITH_KNOTS('',2,(#9554,#9555,#9556),
  .UNSPECIFIED.,.F.,.F.,(3,3),(0.,1.),.PIECEWISE_BEZIER_KNOTS.);
#9554 = CARTESIAN_POINT('',(49.2,2.296208876433,-8.026891575378));
#9555 = CARTESIAN_POINT('',(49.2,2.29648651577,-7.789903361791));
#9556 = CARTESIAN_POINT('',(49.2,2.17097022397,-7.647937323564));
#9557 = ORIENTED_EDGE('',*,*,#9525,.F.);
#9558 = ORIENTED_EDGE('',*,*,#5166,.F.);
#9559 = SURFACE_OF_LINEAR_EXTRUSION('',#9560,#9564);
#9560 = B_SPLINE_CURVE_WITH_KNOTS('',2,(#9561,#9562,#9563),
  .UNSPECIFIED.,.F.,.F.,(3,3),(0.,1.),.PIECEWISE_BEZIER_KNOTS.);
#9561 = CARTESIAN_POINT('',(50.,2.296208876433,-8.026891575378));
#9562 = CARTESIAN_POINT('',(50.,2.29648651577,-7.789903361791));
#9563 = CARTESIAN_POINT('',(50.,2.17097022397,-7.647937323564));
#9564 = VECTOR('',#9565,1.);
#9565 = DIRECTION('',(1.,0.,0.));
#9566 = ADVANCED_FACE('',(#9567),#9592,.T.);
#9567 = FACE_BOUND('',#9568,.T.);
#9568 = EDGE_LOOP('',(#9569,#9577,#9585,#9591));
#9569 = ORIENTED_EDGE('',*,*,#9570,.T.);
#9570 = EDGE_CURVE('',#5255,#9571,#9573,.T.);
#9571 = VERTEX_POINT('',#9572);
#9572 = CARTESIAN_POINT('',(49.2,5.916094180163,-6.015541807985));
#9573 = LINE('',#9574,#9575);
#9574 = CARTESIAN_POINT('',(50.,5.916094180163,-6.015541807985));
#9575 = VECTOR('',#9576,1.);
#9576 = DIRECTION('',(-1.,-0.,-0.));
#9577 = ORIENTED_EDGE('',*,*,#9578,.T.);
#9578 = EDGE_CURVE('',#9571,#9579,#9581,.T.);
#9579 = VERTEX_POINT('',#9580);
#9580 = CARTESIAN_POINT('',(49.2,4.809134350528,-9.010868348302));
#9581 = LINE('',#9582,#9583);
#9582 = CARTESIAN_POINT('',(49.2,5.916094180163,-6.015541807985));
#9583 = VECTOR('',#9584,1.);
#9584 = DIRECTION('',(0.,-0.346647750879,-0.937995382084));
#9585 = ORIENTED_EDGE('',*,*,#9586,.F.);
#9586 = EDGE_CURVE('',#5257,#9579,#9587,.T.);
#9587 = LINE('',#9588,#9589);
#9588 = CARTESIAN_POINT('',(50.,4.809134350528,-9.010868348302));
#9589 = VECTOR('',#9590,1.);
#9590 = DIRECTION('',(-1.,-0.,-0.));
#9591 = ORIENTED_EDGE('',*,*,#5254,.F.);
#9592 = PLANE('',#9593);
#9593 = AXIS2_PLACEMENT_3D('',#9594,#9595,#9596);
#9594 = CARTESIAN_POINT('',(50.,5.916094180163,-6.015541807985));
#9595 = DIRECTION('',(0.,-0.937995382084,0.346647750879));
#9596 = DIRECTION('',(0.,-0.346647750879,-0.937995382084));
#9597 = ADVANCED_FACE('',(#9598),#9616,.T.);
#9598 = FACE_BOUND('',#9599,.T.);
#9599 = EDGE_LOOP('',(#9600,#9608,#9614,#9615));
#9600 = ORIENTED_EDGE('',*,*,#9601,.T.);
#9601 = EDGE_CURVE('',#5321,#9602,#9604,.T.);
#9602 = VERTEX_POINT('',#9603);
#9603 = CARTESIAN_POINT('',(49.2,5.266378995147,-6.015541659254));
#9604 = LINE('',#9605,#9606);
#9605 = CARTESIAN_POINT('',(50.,5.266378995147,-6.015541659254));
#9606 = VECTOR('',#9607,1.);
#9607 = DIRECTION('',(-1.,-0.,-0.));
#9608 = ORIENTED_EDGE('',*,*,#9609,.T.);
#9609 = EDGE_CURVE('',#9602,#9571,#9610,.T.);
#9610 = LINE('',#9611,#9612);
#9611 = CARTESIAN_POINT('',(49.2,5.266378995147,-6.015541659254));
#9612 = VECTOR('',#9613,1.);
#9613 = DIRECTION('',(0.,1.,-2.289171404007E-07));
#9614 = ORIENTED_EDGE('',*,*,#9570,.F.);
#9615 = ORIENTED_EDGE('',*,*,#5328,.F.);
#9616 = PLANE('',#9617);
#9617 = AXIS2_PLACEMENT_3D('',#9618,#9619,#9620);
#9618 = CARTESIAN_POINT('',(50.,5.266378995147,-6.015541659254));
#9619 = DIRECTION('',(0.,-2.289171404007E-07,-1.));
#9620 = DIRECTION('',(0.,1.,-2.289171404007E-07));
#9621 = ADVANCED_FACE('',(#9622),#9640,.T.);
#9622 = FACE_BOUND('',#9623,.T.);
#9623 = EDGE_LOOP('',(#9624,#9625,#9633,#9639));
#9624 = ORIENTED_EDGE('',*,*,#9586,.T.);
#9625 = ORIENTED_EDGE('',*,*,#9626,.T.);
#9626 = EDGE_CURVE('',#9579,#9627,#9629,.T.);
#9627 = VERTEX_POINT('',#9628);
#9628 = CARTESIAN_POINT('',(49.2,4.17220044784,-9.010868202497));
#9629 = LINE('',#9630,#9631);
#9630 = CARTESIAN_POINT('',(49.2,4.809134350528,-9.010868348302));
#9631 = VECTOR('',#9632,1.);
#9632 = DIRECTION('',(0.,-1.,2.28917139596E-07));
#9633 = ORIENTED_EDGE('',*,*,#9634,.F.);
#9634 = EDGE_CURVE('',#5265,#9627,#9635,.T.);
#9635 = LINE('',#9636,#9637);
#9636 = CARTESIAN_POINT('',(50.,4.17220044784,-9.010868202497));
#9637 = VECTOR('',#9638,1.);
#9638 = DIRECTION('',(-1.,-0.,-0.));
#9639 = ORIENTED_EDGE('',*,*,#5264,.F.);
#9640 = PLANE('',#9641);
#9641 = AXIS2_PLACEMENT_3D('',#9642,#9643,#9644);
#9642 = CARTESIAN_POINT('',(50.,4.809134350528,-9.010868348302));
#9643 = DIRECTION('',(0.,2.28917139596E-07,1.));
#9644 = DIRECTION('',(0.,-1.,2.28917139596E-07));
#9645 = ADVANCED_FACE('',(#9646),#9664,.T.);
#9646 = FACE_BOUND('',#9647,.T.);
#9647 = EDGE_LOOP('',(#9648,#9656,#9662,#9663));
#9648 = ORIENTED_EDGE('',*,*,#9649,.T.);
#9649 = EDGE_CURVE('',#5313,#9650,#9652,.T.);
#9650 = VERTEX_POINT('',#9651);
#9651 = CARTESIAN_POINT('',(49.2,4.648493715408,-7.939102943151));
#9652 = LINE('',#9653,#9654);
#9653 = CARTESIAN_POINT('',(50.,4.648493715408,-7.939102943151));
#9654 = VECTOR('',#9655,1.);
#9655 = DIRECTION('',(-1.,-0.,-0.));
#9656 = ORIENTED_EDGE('',*,*,#9657,.T.);
#9657 = EDGE_CURVE('',#9650,#9602,#9658,.T.);
#9658 = LINE('',#9659,#9660);
#9659 = CARTESIAN_POINT('',(49.2,4.648493715408,-7.939102943151));
#9660 = VECTOR('',#9661,1.);
#9661 = DIRECTION('',(0.,0.305828709384,0.952086550959));
#9662 = ORIENTED_EDGE('',*,*,#9601,.F.);
#9663 = ORIENTED_EDGE('',*,*,#5320,.F.);
#9664 = PLANE('',#9665);
#9665 = AXIS2_PLACEMENT_3D('',#9666,#9667,#9668);
#9666 = CARTESIAN_POINT('',(50.,4.648493715408,-7.939102943151));
#9667 = DIRECTION('',(0.,0.952086550959,-0.305828709384));
#9668 = DIRECTION('',(0.,0.305828709384,0.952086550959));
#9669 = ADVANCED_FACE('',(#9670),#9688,.T.);
#9670 = FACE_BOUND('',#9671,.T.);
#9671 = EDGE_LOOP('',(#9672,#9673,#9681,#9687));
#9672 = ORIENTED_EDGE('',*,*,#9634,.T.);
#9673 = ORIENTED_EDGE('',*,*,#9674,.T.);
#9674 = EDGE_CURVE('',#9627,#9675,#9677,.T.);
#9675 = VERTEX_POINT('',#9676);
#9676 = CARTESIAN_POINT('',(49.2,3.065868220978,-6.015541155519));
#9677 = LINE('',#9678,#9679);
#9678 = CARTESIAN_POINT('',(49.2,4.17220044784,-9.010868202497));
#9679 = VECTOR('',#9680,1.);
#9680 = DIRECTION('',(0.,-0.346474762613,0.9380592939));
#9681 = ORIENTED_EDGE('',*,*,#9682,.F.);
#9682 = EDGE_CURVE('',#5273,#9675,#9683,.T.);
#9683 = LINE('',#9684,#9685);
#9684 = CARTESIAN_POINT('',(50.,3.065868220978,-6.015541155519));
#9685 = VECTOR('',#9686,1.);
#9686 = DIRECTION('',(-1.,-0.,-0.));
#9687 = ORIENTED_EDGE('',*,*,#5272,.F.);
#9688 = PLANE('',#9689);
#9689 = AXIS2_PLACEMENT_3D('',#9690,#9691,#9692);
#9690 = CARTESIAN_POINT('',(50.,4.17220044784,-9.010868202497));
#9691 = DIRECTION('',(0.,0.9380592939,0.346474762613));
#9692 = DIRECTION('',(0.,-0.346474762613,0.9380592939));
#9693 = ADVANCED_FACE('',(#9694),#9712,.T.);
#9694 = FACE_BOUND('',#9695,.T.);
#9695 = EDGE_LOOP('',(#9696,#9704,#9710,#9711));
#9696 = ORIENTED_EDGE('',*,*,#9697,.T.);
#9697 = EDGE_CURVE('',#5305,#9698,#9700,.T.);
#9698 = VERTEX_POINT('',#9699);
#9699 = CARTESIAN_POINT('',(49.2,4.539404538579,-8.321744570141));
#9700 = LINE('',#9701,#9702);
#9701 = CARTESIAN_POINT('',(50.,4.539404538579,-8.321744570141));
#9702 = VECTOR('',#9703,1.);
#9703 = DIRECTION('',(-1.,-0.,-0.));
#9704 = ORIENTED_EDGE('',*,*,#9705,.T.);
#9705 = EDGE_CURVE('',#9698,#9650,#9706,.T.);
#9706 = LINE('',#9707,#9708);
#9707 = CARTESIAN_POINT('',(49.2,4.539404538579,-8.321744570141));
#9708 = VECTOR('',#9709,1.);
#9709 = DIRECTION('',(0.,0.274170387157,0.961681131564));
#9710 = ORIENTED_EDGE('',*,*,#9649,.F.);
#9711 = ORIENTED_EDGE('',*,*,#5312,.F.);
#9712 = PLANE('',#9713);
#9713 = AXIS2_PLACEMENT_3D('',#9714,#9715,#9716);
#9714 = CARTESIAN_POINT('',(50.,4.539404538579,-8.321744570141));
#9715 = DIRECTION('',(0.,0.961681131564,-0.274170387157));
#9716 = DIRECTION('',(0.,0.274170387157,0.961681131564));
#9717 = ADVANCED_FACE('',(#9718),#9736,.T.);
#9718 = FACE_BOUND('',#9719,.T.);
#9719 = EDGE_LOOP('',(#9720,#9721,#9729,#9735));
#9720 = ORIENTED_EDGE('',*,*,#9682,.T.);
#9721 = ORIENTED_EDGE('',*,*,#9722,.T.);
#9722 = EDGE_CURVE('',#9675,#9723,#9725,.T.);
#9723 = VERTEX_POINT('',#9724);
#9724 = CARTESIAN_POINT('',(49.2,3.721974047158,-6.015541305713));
#9725 = LINE('',#9726,#9727);
#9726 = CARTESIAN_POINT('',(49.2,3.065868220978,-6.015541155519));
#9727 = VECTOR('',#9728,1.);
#9728 = DIRECTION('',(0.,1.,-2.289171407913E-07));
#9729 = ORIENTED_EDGE('',*,*,#9730,.F.);
#9730 = EDGE_CURVE('',#5281,#9723,#9731,.T.);
#9731 = LINE('',#9732,#9733);
#9732 = CARTESIAN_POINT('',(50.,3.721974047158,-6.015541305713));
#9733 = VECTOR('',#9734,1.);
#9734 = DIRECTION('',(-1.,-0.,-0.));
#9735 = ORIENTED_EDGE('',*,*,#5280,.F.);
#9736 = PLANE('',#9737);
#9737 = AXIS2_PLACEMENT_3D('',#9738,#9739,#9740);
#9738 = CARTESIAN_POINT('',(50.,3.065868220978,-6.015541155519));
#9739 = DIRECTION('',(0.,-2.289171407913E-07,-1.));
#9740 = DIRECTION('',(0.,1.,-2.289171407913E-07));
#9741 = ADVANCED_FACE('',(#9742),#9760,.T.);
#9742 = FACE_BOUND('',#9743,.T.);
#9743 = EDGE_LOOP('',(#9744,#9752,#9758,#9759));
#9744 = ORIENTED_EDGE('',*,*,#9745,.T.);
#9745 = EDGE_CURVE('',#5297,#9746,#9748,.T.);
#9746 = VERTEX_POINT('',#9747);
#9747 = CARTESIAN_POINT('',(49.2,4.494455881008,-8.504555934714));
#9748 = LINE('',#9749,#9750);
#9749 = CARTESIAN_POINT('',(50.,4.494455881008,-8.504555934714));
#9750 = VECTOR('',#9751,1.);
#9751 = DIRECTION('',(-1.,-0.,-0.));
#9752 = ORIENTED_EDGE('',*,*,#9753,.T.);
#9753 = EDGE_CURVE('',#9746,#9698,#9754,.T.);
#9754 = LINE('',#9755,#9756);
#9755 = CARTESIAN_POINT('',(49.2,4.494455881008,-8.504555934714));
#9756 = VECTOR('',#9757,1.);
#9757 = DIRECTION('',(0.,0.238763293093,0.971077798053));
#9758 = ORIENTED_EDGE('',*,*,#9697,.F.);
#9759 = ORIENTED_EDGE('',*,*,#5304,.F.);
#9760 = PLANE('',#9761);
#9761 = AXIS2_PLACEMENT_3D('',#9762,#9763,#9764);
#9762 = CARTESIAN_POINT('',(50.,4.494455881008,-8.504555934714));
#9763 = DIRECTION('',(0.,0.971077798053,-0.238763293093));
#9764 = DIRECTION('',(0.,0.238763293093,0.971077798053));
#9765 = ADVANCED_FACE('',(#9766),#9784,.T.);
#9766 = FACE_BOUND('',#9767,.T.);
#9767 = EDGE_LOOP('',(#9768,#9769,#9777,#9783));
#9768 = ORIENTED_EDGE('',*,*,#9730,.T.);
#9769 = ORIENTED_EDGE('',*,*,#9770,.T.);
#9770 = EDGE_CURVE('',#9723,#9771,#9773,.T.);
#9771 = VERTEX_POINT('',#9772);
#9772 = CARTESIAN_POINT('',(49.2,4.337482512089,-7.939102871955));
#9773 = LINE('',#9774,#9775);
#9774 = CARTESIAN_POINT('',(49.2,3.721974047158,-6.015541305713));
#9775 = VECTOR('',#9776,1.);
#9776 = DIRECTION('',(0.,0.304761697439,-0.952428636578));
#9777 = ORIENTED_EDGE('',*,*,#9778,.F.);
#9778 = EDGE_CURVE('',#5289,#9771,#9779,.T.);
#9779 = LINE('',#9780,#9781);
#9780 = CARTESIAN_POINT('',(50.,4.337482512089,-7.939102871955));
#9781 = VECTOR('',#9782,1.);
#9782 = DIRECTION('',(-1.,-0.,-0.));
#9783 = ORIENTED_EDGE('',*,*,#5288,.F.);
#9784 = PLANE('',#9785);
#9785 = AXIS2_PLACEMENT_3D('',#9786,#9787,#9788);
#9786 = CARTESIAN_POINT('',(50.,3.721974047158,-6.015541305713));
#9787 = DIRECTION('',(0.,-0.952428636578,-0.304761697439));
#9788 = DIRECTION('',(0.,0.304761697439,-0.952428636578));
#9789 = ADVANCED_FACE('',(#9790),#9801,.T.);
#9790 = FACE_BOUND('',#9791,.T.);
#9791 = EDGE_LOOP('',(#9792,#9793,#9799,#9800));
#9792 = ORIENTED_EDGE('',*,*,#9778,.T.);
#9793 = ORIENTED_EDGE('',*,*,#9794,.T.);
#9794 = EDGE_CURVE('',#9771,#9746,#9795,.T.);
#9795 = B_SPLINE_CURVE_WITH_KNOTS('',2,(#9796,#9797,#9798),
  .UNSPECIFIED.,.F.,.F.,(3,3),(0.,1.),.PIECEWISE_BEZIER_KNOTS.);
#9796 = CARTESIAN_POINT('',(49.2,4.337482512089,-7.939102871955));
#9797 = CARTESIAN_POINT('',(49.2,4.394779128595,-8.126168985493));
#9798 = CARTESIAN_POINT('',(49.2,4.494455881008,-8.504555934714));
#9799 = ORIENTED_EDGE('',*,*,#9745,.F.);
#9800 = ORIENTED_EDGE('',*,*,#5296,.F.);
#9801 = SURFACE_OF_LINEAR_EXTRUSION('',#9802,#9806);
#9802 = B_SPLINE_CURVE_WITH_KNOTS('',2,(#9803,#9804,#9805),
  .UNSPECIFIED.,.F.,.F.,(3,3),(0.,1.),.PIECEWISE_BEZIER_KNOTS.);
#9803 = CARTESIAN_POINT('',(50.,4.337482512089,-7.939102871955));
#9804 = CARTESIAN_POINT('',(50.,4.394779128595,-8.126168985493));
#9805 = CARTESIAN_POINT('',(50.,4.494455881008,-8.504555934714));
#9806 = VECTOR('',#9807,1.);
#9807 = DIRECTION('',(1.,0.,0.));
#9808 = ADVANCED_FACE('',(#9809),#9834,.T.);
#9809 = FACE_BOUND('',#9810,.T.);
#9810 = EDGE_LOOP('',(#9811,#9819,#9827,#9833));
#9811 = ORIENTED_EDGE('',*,*,#9812,.T.);
#9812 = EDGE_CURVE('',#5337,#9813,#9815,.T.);
#9813 = VERTEX_POINT('',#9814);
#9814 = CARTESIAN_POINT('',(49.2,12.257892713598,-6.976543939383));
#9815 = LINE('',#9816,#9817);
#9816 = CARTESIAN_POINT('',(50.,12.257892713598,-6.976543939383));
#9817 = VECTOR('',#9818,1.);
#9818 = DIRECTION('',(-1.,-0.,-0.));
#9819 = ORIENTED_EDGE('',*,*,#9820,.T.);
#9820 = EDGE_CURVE('',#9813,#9821,#9823,.T.);
#9821 = VERTEX_POINT('',#9822);
#9822 = CARTESIAN_POINT('',(49.2,12.554092911878,-7.860534154217));
#9823 = B_SPLINE_CURVE_WITH_KNOTS('',2,(#9824,#9825,#9826),
  .UNSPECIFIED.,.F.,.F.,(3,3),(0.,1.),.PIECEWISE_BEZIER_KNOTS.);
#9824 = CARTESIAN_POINT('',(49.2,12.257892713598,-6.976543939383));
#9825 = CARTESIAN_POINT('',(49.2,12.554768318166,-7.284018841092));
#9826 = CARTESIAN_POINT('',(49.2,12.554092911878,-7.860534154217));
#9827 = ORIENTED_EDGE('',*,*,#9828,.F.);
#9828 = EDGE_CURVE('',#5339,#9821,#9829,.T.);
#9829 = LINE('',#9830,#9831);
#9830 = CARTESIAN_POINT('',(50.,12.554092911878,-7.860534154217));
#9831 = VECTOR('',#9832,1.);
#9832 = DIRECTION('',(-1.,-0.,-0.));
#9833 = ORIENTED_EDGE('',*,*,#5336,.F.);
#9834 = SURFACE_OF_LINEAR_EXTRUSION('',#9835,#9839);
#9835 = B_SPLINE_CURVE_WITH_KNOTS('',2,(#9836,#9837,#9838),
  .UNSPECIFIED.,.F.,.F.,(3,3),(0.,1.),.PIECEWISE_BEZIER_KNOTS.);
#9836 = CARTESIAN_POINT('',(50.,12.257892713598,-6.976543939383));
#9837 = CARTESIAN_POINT('',(50.,12.554768318166,-7.284018841092));
#9838 = CARTESIAN_POINT('',(50.,12.554092911878,-7.860534154217));
#9839 = VECTOR('',#9840,1.);
#9840 = DIRECTION('',(1.,0.,0.));
#9841 = ADVANCED_FACE('',(#9842),#9860,.T.);
#9842 = FACE_BOUND('',#9843,.T.);
#9843 = EDGE_LOOP('',(#9844,#9852,#9858,#9859));
#9844 = ORIENTED_EDGE('',*,*,#9845,.T.);
#9845 = EDGE_CURVE('',#5387,#9846,#9848,.T.);
#9846 = VERTEX_POINT('',#9847);
#9847 = CARTESIAN_POINT('',(49.2,11.396652487117,-6.669068908481));
#9848 = LINE('',#9849,#9850);
#9849 = CARTESIAN_POINT('',(50.,11.396652487117,-6.669068908481));
#9850 = VECTOR('',#9851,1.);
#9851 = DIRECTION('',(-1.,-0.,-0.));
#9852 = ORIENTED_EDGE('',*,*,#9853,.T.);
#9853 = EDGE_CURVE('',#9846,#9813,#9854,.T.);
#9854 = B_SPLINE_CURVE_WITH_KNOTS('',2,(#9855,#9856,#9857),
  .UNSPECIFIED.,.F.,.F.,(3,3),(0.,1.),.PIECEWISE_BEZIER_KNOTS.);
#9855 = CARTESIAN_POINT('',(49.2,11.396652487117,-6.669068908481));
#9856 = CARTESIAN_POINT('',(49.2,11.961159123279,-6.669069037706));
#9857 = CARTESIAN_POINT('',(49.2,12.257892713598,-6.976543939383));
#9858 = ORIENTED_EDGE('',*,*,#9812,.F.);
#9859 = ORIENTED_EDGE('',*,*,#5394,.F.);
#9860 = SURFACE_OF_LINEAR_EXTRUSION('',#9861,#9865);
#9861 = B_SPLINE_CURVE_WITH_KNOTS('',2,(#9862,#9863,#9864),
  .UNSPECIFIED.,.F.,.F.,(3,3),(0.,1.),.PIECEWISE_BEZIER_KNOTS.);
#9862 = CARTESIAN_POINT('',(50.,11.396652487117,-6.669068908481));
#9863 = CARTESIAN_POINT('',(50.,11.961159123279,-6.669069037706));
#9864 = CARTESIAN_POINT('',(50.,12.257892713598,-6.976543939383));
#9865 = VECTOR('',#9866,1.);
#9866 = DIRECTION('',(1.,0.,0.));
#9867 = ADVANCED_FACE('',(#9868),#9886,.T.);
#9868 = FACE_BOUND('',#9869,.T.);
#9869 = EDGE_LOOP('',(#9870,#9871,#9879,#9885));
#9870 = ORIENTED_EDGE('',*,*,#9828,.T.);
#9871 = ORIENTED_EDGE('',*,*,#9872,.T.);
#9872 = EDGE_CURVE('',#9821,#9873,#9875,.T.);
#9873 = VERTEX_POINT('',#9874);
#9874 = CARTESIAN_POINT('',(49.2,12.242053562406,-8.738142141476));
#9875 = B_SPLINE_CURVE_WITH_KNOTS('',2,(#9876,#9877,#9878),
  .UNSPECIFIED.,.F.,.F.,(3,3),(0.,1.),.PIECEWISE_BEZIER_KNOTS.);
#9876 = CARTESIAN_POINT('',(49.2,12.554092911878,-7.860534154217));
#9877 = CARTESIAN_POINT('',(49.2,12.553437443783,-8.420030565109));
#9878 = CARTESIAN_POINT('',(49.2,12.242053562406,-8.738142141476));
#9879 = ORIENTED_EDGE('',*,*,#9880,.F.);
#9880 = EDGE_CURVE('',#5347,#9873,#9881,.T.);
#9881 = LINE('',#9882,#9883);
#9882 = CARTESIAN_POINT('',(50.,12.242053562406,-8.738142141476));
#9883 = VECTOR('',#9884,1.);
#9884 = DIRECTION('',(-1.,-0.,-0.));
#9885 = ORIENTED_EDGE('',*,*,#5346,.F.);
#9886 = SURFACE_OF_LINEAR_EXTRUSION('',#9887,#9891);
#9887 = B_SPLINE_CURVE_WITH_KNOTS('',2,(#9888,#9889,#9890),
  .UNSPECIFIED.,.F.,.F.,(3,3),(0.,1.),.PIECEWISE_BEZIER_KNOTS.);
#9888 = CARTESIAN_POINT('',(50.,12.554092911878,-7.860534154217));
#9889 = CARTESIAN_POINT('',(50.,12.553437443783,-8.420030565109));
#9890 = CARTESIAN_POINT('',(50.,12.242053562406,-8.738142141476));
#9891 = VECTOR('',#9892,1.);
#9892 = DIRECTION('',(1.,0.,0.));
#9893 = ADVANCED_FACE('',(#9894),#9912,.T.);
#9894 = FACE_BOUND('',#9895,.T.);
#9895 = EDGE_LOOP('',(#9896,#9904,#9910,#9911));
#9896 = ORIENTED_EDGE('',*,*,#9897,.T.);
#9897 = EDGE_CURVE('',#5379,#9898,#9900,.T.);
#9898 = VERTEX_POINT('',#9899);
#9899 = CARTESIAN_POINT('',(49.2,10.53780367935,-6.987180359523));
#9900 = LINE('',#9901,#9902);
#9901 = CARTESIAN_POINT('',(50.,10.53780367935,-6.987180359523));
#9902 = VECTOR('',#9903,1.);
#9903 = DIRECTION('',(-1.,-0.,-0.));
#9904 = ORIENTED_EDGE('',*,*,#9905,.T.);
#9905 = EDGE_CURVE('',#9898,#9846,#9906,.T.);
#9906 = B_SPLINE_CURVE_WITH_KNOTS('',2,(#9907,#9908,#9909),
  .UNSPECIFIED.,.F.,.F.,(3,3),(0.,1.),.PIECEWISE_BEZIER_KNOTS.);
#9907 = CARTESIAN_POINT('',(49.2,10.53780367935,-6.987180359523));
#9908 = CARTESIAN_POINT('',(49.2,10.844927133284,-6.669068782181));
#9909 = CARTESIAN_POINT('',(49.2,11.396652487117,-6.669068908481));
#9910 = ORIENTED_EDGE('',*,*,#9845,.F.);
#9911 = ORIENTED_EDGE('',*,*,#5386,.F.);
#9912 = SURFACE_OF_LINEAR_EXTRUSION('',#9913,#9917);
#9913 = B_SPLINE_CURVE_WITH_KNOTS('',2,(#9914,#9915,#9916),
  .UNSPECIFIED.,.F.,.F.,(3,3),(0.,1.),.PIECEWISE_BEZIER_KNOTS.);
#9914 = CARTESIAN_POINT('',(50.,10.53780367935,-6.987180359523));
#9915 = CARTESIAN_POINT('',(50.,10.844927133284,-6.669068782181));
#9916 = CARTESIAN_POINT('',(50.,11.396652487117,-6.669068908481));
#9917 = VECTOR('',#9918,1.);
#9918 = DIRECTION('',(1.,0.,0.));
#9919 = ADVANCED_FACE('',(#9920),#9938,.T.);
#9920 = FACE_BOUND('',#9921,.T.);
#9921 = EDGE_LOOP('',(#9922,#9923,#9931,#9937));
#9922 = ORIENTED_EDGE('',*,*,#9880,.T.);
#9923 = ORIENTED_EDGE('',*,*,#9924,.T.);
#9924 = EDGE_CURVE('',#9873,#9925,#9927,.T.);
#9925 = VERTEX_POINT('',#9926);
#9926 = CARTESIAN_POINT('',(49.2,11.381074540917,-9.05625359203));
#9927 = B_SPLINE_CURVE_WITH_KNOTS('',2,(#9928,#9929,#9930),
  .UNSPECIFIED.,.F.,.F.,(3,3),(0.,1.),.PIECEWISE_BEZIER_KNOTS.);
#9928 = CARTESIAN_POINT('',(49.2,12.242053562406,-8.738142141476));
#9929 = CARTESIAN_POINT('',(49.2,11.930669681029,-9.056253717842));
#9930 = CARTESIAN_POINT('',(49.2,11.381074540917,-9.05625359203));
#9931 = ORIENTED_EDGE('',*,*,#9932,.F.);
#9932 = EDGE_CURVE('',#5355,#9925,#9933,.T.);
#9933 = LINE('',#9934,#9935);
#9934 = CARTESIAN_POINT('',(50.,11.381074540917,-9.05625359203));
#9935 = VECTOR('',#9936,1.);
#9936 = DIRECTION('',(-1.,-0.,-0.));
#9937 = ORIENTED_EDGE('',*,*,#5354,.F.);
#9938 = SURFACE_OF_LINEAR_EXTRUSION('',#9939,#9943);
#9939 = B_SPLINE_CURVE_WITH_KNOTS('',2,(#9940,#9941,#9942),
  .UNSPECIFIED.,.F.,.F.,(3,3),(0.,1.),.PIECEWISE_BEZIER_KNOTS.);
#9940 = CARTESIAN_POINT('',(50.,12.242053562406,-8.738142141476));
#9941 = CARTESIAN_POINT('',(50.,11.930669681029,-9.056253717842));
#9942 = CARTESIAN_POINT('',(50.,11.381074540917,-9.05625359203));
#9943 = VECTOR('',#9944,1.);
#9944 = DIRECTION('',(1.,0.,0.));
#9945 = ADVANCED_FACE('',(#9946),#9964,.T.);
#9946 = FACE_BOUND('',#9947,.T.);
#9947 = EDGE_LOOP('',(#9948,#9956,#9962,#9963));
#9948 = ORIENTED_EDGE('',*,*,#9949,.T.);
#9949 = EDGE_CURVE('',#5371,#9950,#9952,.T.);
#9950 = VERTEX_POINT('',#9951);
#9951 = CARTESIAN_POINT('',(49.2,10.23002974187,-7.860533622199));
#9952 = LINE('',#9953,#9954);
#9953 = CARTESIAN_POINT('',(50.,10.23002974187,-7.860533622199));
#9954 = VECTOR('',#9955,1.);
#9955 = DIRECTION('',(-1.,-0.,-0.));
#9956 = ORIENTED_EDGE('',*,*,#9957,.T.);
#9957 = EDGE_CURVE('',#9950,#9898,#9958,.T.);
#9958 = B_SPLINE_CURVE_WITH_KNOTS('',2,(#9959,#9960,#9961),
  .UNSPECIFIED.,.F.,.F.,(3,3),(0.,1.),.PIECEWISE_BEZIER_KNOTS.);
#9959 = CARTESIAN_POINT('',(49.2,10.23002974187,-7.860533622199));
#9960 = CARTESIAN_POINT('',(49.2,10.230680225416,-7.305291936864));
#9961 = CARTESIAN_POINT('',(49.2,10.53780367935,-6.987180359523));
#9962 = ORIENTED_EDGE('',*,*,#9897,.F.);
#9963 = ORIENTED_EDGE('',*,*,#5378,.F.);
#9964 = SURFACE_OF_LINEAR_EXTRUSION('',#9965,#9969);
#9965 = B_SPLINE_CURVE_WITH_KNOTS('',2,(#9966,#9967,#9968),
  .UNSPECIFIED.,.F.,.F.,(3,3),(0.,1.),.PIECEWISE_BEZIER_KNOTS.);
#9966 = CARTESIAN_POINT('',(50.,10.23002974187,-7.860533622199));
#9967 = CARTESIAN_POINT('',(50.,10.230680225416,-7.305291936864));
#9968 = CARTESIAN_POINT('',(50.,10.53780367935,-6.987180359523));
#9969 = VECTOR('',#9970,1.);
#9970 = DIRECTION('',(1.,0.,0.));
#9971 = ADVANCED_FACE('',(#9972),#9990,.T.);
#9972 = FACE_BOUND('',#9973,.T.);
#9973 = EDGE_LOOP('',(#9974,#9975,#9983,#9989));
#9974 = ORIENTED_EDGE('',*,*,#9932,.T.);
#9975 = ORIENTED_EDGE('',*,*,#9976,.T.);
#9976 = EDGE_CURVE('',#9925,#9977,#9979,.T.);
#9977 = VERTEX_POINT('',#9978);
#9978 = CARTESIAN_POINT('',(49.2,10.535753534655,-8.737148981577));
#9979 = B_SPLINE_CURVE_WITH_KNOTS('',2,(#9980,#9981,#9982),
  .UNSPECIFIED.,.F.,.F.,(3,3),(0.,1.),.PIECEWISE_BEZIER_KNOTS.);
#9980 = CARTESIAN_POINT('',(49.2,11.381074540917,-9.05625359203));
#9981 = CARTESIAN_POINT('',(49.2,10.842130469412,-9.056253468657));
#9982 = CARTESIAN_POINT('',(49.2,10.535753534655,-8.737148981577));
#9983 = ORIENTED_EDGE('',*,*,#9984,.F.);
#9984 = EDGE_CURVE('',#5363,#9977,#9985,.T.);
#9985 = LINE('',#9986,#9987);
#9986 = CARTESIAN_POINT('',(50.,10.535753534655,-8.737148981577));
#9987 = VECTOR('',#9988,1.);
#9988 = DIRECTION('',(-1.,-0.,-0.));
#9989 = ORIENTED_EDGE('',*,*,#5362,.F.);
#9990 = SURFACE_OF_LINEAR_EXTRUSION('',#9991,#9995);
#9991 = B_SPLINE_CURVE_WITH_KNOTS('',2,(#9992,#9993,#9994),
  .UNSPECIFIED.,.F.,.F.,(3,3),(0.,1.),.PIECEWISE_BEZIER_KNOTS.);
#9992 = CARTESIAN_POINT('',(50.,11.381074540917,-9.05625359203));
#9993 = CARTESIAN_POINT('',(50.,10.842130469412,-9.056253468657));
#9994 = CARTESIAN_POINT('',(50.,10.535753534655,-8.737148981577));
#9995 = VECTOR('',#9996,1.);
#9996 = DIRECTION('',(1.,0.,0.));
#9997 = ADVANCED_FACE('',(#9998),#10009,.T.);
#9998 = FACE_BOUND('',#9999,.T.);
#9999 = EDGE_LOOP('',(#10000,#10001,#10007,#10008));
#10000 = ORIENTED_EDGE('',*,*,#9984,.T.);
#10001 = ORIENTED_EDGE('',*,*,#10002,.T.);
#10002 = EDGE_CURVE('',#9977,#9950,#10003,.T.);
#10003 = B_SPLINE_CURVE_WITH_KNOTS('',2,(#10004,#10005,#10006),
  .UNSPECIFIED.,.F.,.F.,(3,3),(0.,1.),.PIECEWISE_BEZIER_KNOTS.);
#10004 = CARTESIAN_POINT('',(49.2,10.535753534655,-8.737148981577));
#10005 = CARTESIAN_POINT('',(49.2,10.229376766049,-8.417902670312));
#10006 = CARTESIAN_POINT('',(49.2,10.23002974187,-7.860533622199));
#10007 = ORIENTED_EDGE('',*,*,#9949,.F.);
#10008 = ORIENTED_EDGE('',*,*,#5370,.F.);
#10009 = SURFACE_OF_LINEAR_EXTRUSION('',#10010,#10014);
#10010 = B_SPLINE_CURVE_WITH_KNOTS('',2,(#10011,#10012,#10013),
  .UNSPECIFIED.,.F.,.F.,(3,3),(0.,1.),.PIECEWISE_BEZIER_KNOTS.);
#10011 = CARTESIAN_POINT('',(50.,10.535753534655,-8.737148981577));
#10012 = CARTESIAN_POINT('',(50.,10.229376766049,-8.417902670312));
#10013 = CARTESIAN_POINT('',(50.,10.23002974187,-7.860533622199));
#10014 = VECTOR('',#10015,1.);
#10015 = DIRECTION('',(1.,0.,0.));
#10016 = ADVANCED_FACE('',(#10017),#10042,.T.);
#10017 = FACE_BOUND('',#10018,.T.);
#10018 = EDGE_LOOP('',(#10019,#10027,#10035,#10041));
#10019 = ORIENTED_EDGE('',*,*,#10020,.T.);
#10020 = EDGE_CURVE('',#5403,#10021,#10023,.T.);
#10021 = VERTEX_POINT('',#10022);
#10022 = CARTESIAN_POINT('',(49.2,16.12596844223,-6.705376982541));
#10023 = LINE('',#10024,#10025);
#10024 = CARTESIAN_POINT('',(50.,16.12596844223,-6.705376982541));
#10025 = VECTOR('',#10026,1.);
#10026 = DIRECTION('',(-1.,-0.,-0.));
#10027 = ORIENTED_EDGE('',*,*,#10028,.T.);
#10028 = EDGE_CURVE('',#10021,#10029,#10031,.T.);
#10029 = VERTEX_POINT('',#10030);
#10030 = CARTESIAN_POINT('',(49.2,15.518286784817,-9.01087079981));
#10031 = LINE('',#10032,#10033);
#10032 = CARTESIAN_POINT('',(49.2,16.12596844223,-6.705376982541));
#10033 = VECTOR('',#10034,1.);
#10034 = DIRECTION('',(0.,-0.254874850702,-0.966974048504));
#10035 = ORIENTED_EDGE('',*,*,#10036,.F.);
#10036 = EDGE_CURVE('',#5405,#10029,#10037,.T.);
#10037 = LINE('',#10038,#10039);
#10038 = CARTESIAN_POINT('',(50.,15.518286784817,-9.01087079981));
#10039 = VECTOR('',#10040,1.);
#10040 = DIRECTION('',(-1.,-0.,-0.));
#10041 = ORIENTED_EDGE('',*,*,#5402,.F.);
#10042 = PLANE('',#10043);
#10043 = AXIS2_PLACEMENT_3D('',#10044,#10045,#10046);
#10044 = CARTESIAN_POINT('',(50.,16.12596844223,-6.705376982541));
#10045 = DIRECTION('',(0.,-0.966974048504,0.254874850702));
#10046 = DIRECTION('',(0.,-0.254874850702,-0.966974048504));
#10047 = ADVANCED_FACE('',(#10048),#10066,.T.);
#10048 = FACE_BOUND('',#10049,.T.);
#10049 = EDGE_LOOP('',(#10050,#10058,#10064,#10065));
#10050 = ORIENTED_EDGE('',*,*,#10051,.T.);
#10051 = EDGE_CURVE('',#5541,#10052,#10054,.T.);
#10052 = VERTEX_POINT('',#10053);
#10053 = CARTESIAN_POINT('',(49.2,15.572112874676,-6.705376855754));
#10054 = LINE('',#10055,#10056);
#10055 = CARTESIAN_POINT('',(50.,15.572112874676,-6.705376855754));
#10056 = VECTOR('',#10057,1.);
#10057 = DIRECTION('',(-1.,-0.,-0.));
#10058 = ORIENTED_EDGE('',*,*,#10059,.T.);
#10059 = EDGE_CURVE('',#10052,#10021,#10060,.T.);
#10060 = LINE('',#10061,#10062);
#10061 = CARTESIAN_POINT('',(49.2,15.572112874676,-6.705376855754));
#10062 = VECTOR('',#10063,1.);
#10063 = DIRECTION('',(0.,1.,-2.289171398749E-07));
#10064 = ORIENTED_EDGE('',*,*,#10020,.F.);
#10065 = ORIENTED_EDGE('',*,*,#5548,.F.);
#10066 = PLANE('',#10067);
#10067 = AXIS2_PLACEMENT_3D('',#10068,#10069,#10070);
#10068 = CARTESIAN_POINT('',(50.,15.572112874676,-6.705376855754));
#10069 = DIRECTION('',(0.,-2.289171398749E-07,-1.));
#10070 = DIRECTION('',(0.,1.,-2.289171398749E-07));
#10071 = ADVANCED_FACE('',(#10072),#10090,.T.);
#10072 = FACE_BOUND('',#10073,.T.);
#10073 = EDGE_LOOP('',(#10074,#10075,#10083,#10089));
#10074 = ORIENTED_EDGE('',*,*,#10036,.T.);
#10075 = ORIENTED_EDGE('',*,*,#10076,.T.);
#10076 = EDGE_CURVE('',#10029,#10077,#10079,.T.);
#10077 = VERTEX_POINT('',#10078);
#10078 = CARTESIAN_POINT('',(49.2,14.885613309572,-9.01087065498));
#10079 = LINE('',#10080,#10081);
#10080 = CARTESIAN_POINT('',(49.2,15.518286784817,-9.01087079981));
#10081 = VECTOR('',#10082,1.);
#10082 = DIRECTION('',(0.,-1.,2.289171411924E-07));
#10083 = ORIENTED_EDGE('',*,*,#10084,.F.);
#10084 = EDGE_CURVE('',#5413,#10077,#10085,.T.);
#10085 = LINE('',#10086,#10087);
#10086 = CARTESIAN_POINT('',(50.,14.885613309572,-9.01087065498));
#10087 = VECTOR('',#10088,1.);
#10088 = DIRECTION('',(-1.,-0.,-0.));
#10089 = ORIENTED_EDGE('',*,*,#5412,.F.);
#10090 = PLANE('',#10091);
#10091 = AXIS2_PLACEMENT_3D('',#10092,#10093,#10094);
#10092 = CARTESIAN_POINT('',(50.,15.518286784817,-9.01087079981));
#10093 = DIRECTION('',(0.,2.289171411924E-07,1.));
#10094 = DIRECTION('',(0.,-1.,2.289171411924E-07));
#10095 = ADVANCED_FACE('',(#10096),#10114,.T.);
#10096 = FACE_BOUND('',#10097,.T.);
#10097 = EDGE_LOOP('',(#10098,#10106,#10112,#10113));
#10098 = ORIENTED_EDGE('',*,*,#10099,.T.);
#10099 = EDGE_CURVE('',#5533,#10100,#10102,.T.);
#10100 = VERTEX_POINT('',#10101);
#10101 = CARTESIAN_POINT('',(49.2,15.23806374829,-8.187014043204));
#10102 = LINE('',#10103,#10104);
#10103 = CARTESIAN_POINT('',(50.,15.23806374829,-8.187014043204));
#10104 = VECTOR('',#10105,1.);
#10105 = DIRECTION('',(-1.,-0.,-0.));
#10106 = ORIENTED_EDGE('',*,*,#10107,.T.);
#10107 = EDGE_CURVE('',#10100,#10052,#10108,.T.);
#10108 = LINE('',#10109,#10110);
#10109 = CARTESIAN_POINT('',(49.2,15.23806374829,-8.187014043204));
#10110 = VECTOR('',#10111,1.);
#10111 = DIRECTION('',(0.,0.219938790279,0.975513674189));
#10112 = ORIENTED_EDGE('',*,*,#10051,.F.);
#10113 = ORIENTED_EDGE('',*,*,#5540,.F.);
#10114 = PLANE('',#10115);
#10115 = AXIS2_PLACEMENT_3D('',#10116,#10117,#10118);
#10116 = CARTESIAN_POINT('',(50.,15.23806374829,-8.187014043204));
#10117 = DIRECTION('',(0.,0.975513674189,-0.219938790279));
#10118 = DIRECTION('',(0.,0.219938790279,0.975513674189));
#10119 = ADVANCED_FACE('',(#10120),#10138,.T.);
#10120 = FACE_BOUND('',#10121,.T.);
#10121 = EDGE_LOOP('',(#10122,#10123,#10131,#10137));
#10122 = ORIENTED_EDGE('',*,*,#10084,.T.);
#10123 = ORIENTED_EDGE('',*,*,#10124,.T.);
#10124 = EDGE_CURVE('',#10077,#10125,#10127,.T.);
#10125 = VERTEX_POINT('',#10126);
#10126 = CARTESIAN_POINT('',(49.2,14.520864607301,-7.604116477406));
#10127 = LINE('',#10128,#10129);
#10128 = CARTESIAN_POINT('',(49.2,14.885613309572,-9.01087065498));
#10129 = VECTOR('',#10130,1.);
#10130 = DIRECTION('',(0.,-0.250984503824,0.967991104732));
#10131 = ORIENTED_EDGE('',*,*,#10132,.F.);
#10132 = EDGE_CURVE('',#5421,#10125,#10133,.T.);
#10133 = LINE('',#10134,#10135);
#10134 = CARTESIAN_POINT('',(50.,14.520864607301,-7.604116477406));
#10135 = VECTOR('',#10136,1.);
#10136 = DIRECTION('',(-1.,-0.,-0.));
#10137 = ORIENTED_EDGE('',*,*,#5420,.F.);
#10138 = PLANE('',#10139);
#10139 = AXIS2_PLACEMENT_3D('',#10140,#10141,#10142);
#10140 = CARTESIAN_POINT('',(50.,14.885613309572,-9.01087065498));
#10141 = DIRECTION('',(0.,0.967991104732,0.250984503824));
#10142 = DIRECTION('',(0.,-0.250984503824,0.967991104732));
#10143 = ADVANCED_FACE('',(#10144),#10162,.T.);
#10144 = FACE_BOUND('',#10145,.T.);
#10145 = EDGE_LOOP('',(#10146,#10154,#10160,#10161));
#10146 = ORIENTED_EDGE('',*,*,#10147,.T.);
#10147 = EDGE_CURVE('',#5525,#10148,#10150,.T.);
#10148 = VERTEX_POINT('',#10149);
#10149 = CARTESIAN_POINT('',(49.2,15.178088119301,-8.468393213127));
#10150 = LINE('',#10151,#10152);
#10151 = CARTESIAN_POINT('',(50.,15.178088119301,-8.468393213127));
#10152 = VECTOR('',#10153,1.);
#10153 = DIRECTION('',(-1.,-0.,-0.));
#10154 = ORIENTED_EDGE('',*,*,#10155,.T.);
#10155 = EDGE_CURVE('',#10148,#10100,#10156,.T.);
#10156 = LINE('',#10157,#10158);
#10157 = CARTESIAN_POINT('',(49.2,15.178088119301,-8.468393213127));
#10158 = VECTOR('',#10159,1.);
#10159 = DIRECTION('',(0.,0.208465834319,0.978029649817));
#10160 = ORIENTED_EDGE('',*,*,#10099,.F.);
#10161 = ORIENTED_EDGE('',*,*,#5532,.F.);
#10162 = PLANE('',#10163);
#10163 = AXIS2_PLACEMENT_3D('',#10164,#10165,#10166);
#10164 = CARTESIAN_POINT('',(50.,15.178088119301,-8.468393213127));
#10165 = DIRECTION('',(0.,0.978029649817,-0.208465834319));
#10166 = DIRECTION('',(0.,0.208465834319,0.978029649817));
#10167 = ADVANCED_FACE('',(#10168),#10186,.T.);
#10168 = FACE_BOUND('',#10169,.T.);
#10169 = EDGE_LOOP('',(#10170,#10171,#10179,#10185));
#10170 = ORIENTED_EDGE('',*,*,#10132,.T.);
#10171 = ORIENTED_EDGE('',*,*,#10172,.T.);
#10172 = EDGE_CURVE('',#10125,#10173,#10175,.T.);
#10173 = VERTEX_POINT('',#10174);
#10174 = CARTESIAN_POINT('',(49.2,14.421299010314,-7.130849148239));
#10175 = B_SPLINE_CURVE_WITH_KNOTS('',2,(#10176,#10177,#10178),
  .UNSPECIFIED.,.F.,.F.,(3,3),(0.,1.),.PIECEWISE_BEZIER_KNOTS.);
#10176 = CARTESIAN_POINT('',(49.2,14.520864607301,-7.604116477406));
#10177 = CARTESIAN_POINT('',(49.2,14.495414527283,-7.508101498127));
#10178 = CARTESIAN_POINT('',(49.2,14.421299010314,-7.130849148239));
#10179 = ORIENTED_EDGE('',*,*,#10180,.F.);
#10180 = EDGE_CURVE('',#5429,#10173,#10181,.T.);
#10181 = LINE('',#10182,#10183);
#10182 = CARTESIAN_POINT('',(50.,14.421299010314,-7.130849148239));
#10183 = VECTOR('',#10184,1.);
#10184 = DIRECTION('',(-1.,-0.,-0.));
#10185 = ORIENTED_EDGE('',*,*,#5428,.F.);
#10186 = SURFACE_OF_LINEAR_EXTRUSION('',#10187,#10191);
#10187 = B_SPLINE_CURVE_WITH_KNOTS('',2,(#10188,#10189,#10190),
  .UNSPECIFIED.,.F.,.F.,(3,3),(0.,1.),.PIECEWISE_BEZIER_KNOTS.);
#10188 = CARTESIAN_POINT('',(50.,14.520864607301,-7.604116477406));
#10189 = CARTESIAN_POINT('',(50.,14.495414527283,-7.508101498127));
#10190 = CARTESIAN_POINT('',(50.,14.421299010314,-7.130849148239));
#10191 = VECTOR('',#10192,1.);
#10192 = DIRECTION('',(1.,0.,0.));
#10193 = ADVANCED_FACE('',(#10194),#10212,.T.);
#10194 = FACE_BOUND('',#10195,.T.);
#10195 = EDGE_LOOP('',(#10196,#10204,#10210,#10211));
#10196 = ORIENTED_EDGE('',*,*,#10197,.T.);
#10197 = EDGE_CURVE('',#5517,#10198,#10200,.T.);
#10198 = VERTEX_POINT('',#10199);
#10199 = CARTESIAN_POINT('',(49.2,15.091226377993,-8.061215957222));
#10200 = LINE('',#10201,#10202);
#10201 = CARTESIAN_POINT('',(50.,15.091226377993,-8.061215957222));
#10202 = VECTOR('',#10203,1.);
#10203 = DIRECTION('',(-1.,-0.,-0.));
#10204 = ORIENTED_EDGE('',*,*,#10205,.T.);
#10205 = EDGE_CURVE('',#10198,#10148,#10206,.T.);
#10206 = B_SPLINE_CURVE_WITH_KNOTS('',2,(#10207,#10208,#10209),
  .UNSPECIFIED.,.F.,.F.,(3,3),(0.,1.),.PIECEWISE_BEZIER_KNOTS.);
#10207 = CARTESIAN_POINT('',(49.2,15.091226377993,-8.061215957222));
#10208 = CARTESIAN_POINT('',(49.2,15.120919439534,-8.172122476931));
#10209 = CARTESIAN_POINT('',(49.2,15.178088119301,-8.468393213127));
#10210 = ORIENTED_EDGE('',*,*,#10147,.F.);
#10211 = ORIENTED_EDGE('',*,*,#5524,.F.);
#10212 = SURFACE_OF_LINEAR_EXTRUSION('',#10213,#10217);
#10213 = B_SPLINE_CURVE_WITH_KNOTS('',2,(#10214,#10215,#10216),
  .UNSPECIFIED.,.F.,.F.,(3,3),(0.,1.),.PIECEWISE_BEZIER_KNOTS.);
#10214 = CARTESIAN_POINT('',(50.,15.091226377993,-8.061215957222));
#10215 = CARTESIAN_POINT('',(50.,15.120919439534,-8.172122476931));
#10216 = CARTESIAN_POINT('',(50.,15.178088119301,-8.468393213127));
#10217 = VECTOR('',#10218,1.);
#10218 = DIRECTION('',(1.,0.,0.));
#10219 = ADVANCED_FACE('',(#10220),#10238,.T.);
#10220 = FACE_BOUND('',#10221,.T.);
#10221 = EDGE_LOOP('',(#10222,#10223,#10231,#10237));
#10222 = ORIENTED_EDGE('',*,*,#10180,.T.);
#10223 = ORIENTED_EDGE('',*,*,#10224,.T.);
#10224 = EDGE_CURVE('',#10173,#10225,#10227,.T.);
#10225 = VERTEX_POINT('',#10226);
#10226 = CARTESIAN_POINT('',(49.2,14.309968464338,-7.608371154688));
#10227 = LINE('',#10228,#10229);
#10228 = CARTESIAN_POINT('',(49.2,14.421299010314,-7.130849148239));
#10229 = VECTOR('',#10230,1.);
#10230 = DIRECTION('',(0.,-0.227053110294,-0.973882377449));
#10231 = ORIENTED_EDGE('',*,*,#10232,.F.);
#10232 = EDGE_CURVE('',#5437,#10225,#10233,.T.);
#10233 = LINE('',#10234,#10235);
#10234 = CARTESIAN_POINT('',(50.,14.309968464338,-7.608371154688));
#10235 = VECTOR('',#10236,1.);
#10236 = DIRECTION('',(-1.,-0.,-0.));
#10237 = ORIENTED_EDGE('',*,*,#5436,.F.);
#10238 = PLANE('',#10239);
#10239 = AXIS2_PLACEMENT_3D('',#10240,#10241,#10242);
#10240 = CARTESIAN_POINT('',(50.,14.421299010314,-7.130849148239));
#10241 = DIRECTION('',(0.,-0.973882377449,0.227053110294));
#10242 = DIRECTION('',(0.,-0.227053110294,-0.973882377449));
#10243 = ADVANCED_FACE('',(#10244),#10262,.T.);
#10244 = FACE_BOUND('',#10245,.T.);
#10245 = EDGE_LOOP('',(#10246,#10254,#10260,#10261));
#10246 = ORIENTED_EDGE('',*,*,#10247,.T.);
#10247 = EDGE_CURVE('',#5509,#10248,#10250,.T.);
#10248 = VERTEX_POINT('',#10249);
#10249 = CARTESIAN_POINT('',(49.2,14.739199309622,-6.705376665086));
#10250 = LINE('',#10251,#10252);
#10251 = CARTESIAN_POINT('',(50.,14.739199309622,-6.705376665086));
#10252 = VECTOR('',#10253,1.);
#10253 = DIRECTION('',(-1.,-0.,-0.));
#10254 = ORIENTED_EDGE('',*,*,#10255,.T.);
#10255 = EDGE_CURVE('',#10248,#10198,#10256,.T.);
#10256 = LINE('',#10257,#10258);
#10257 = CARTESIAN_POINT('',(49.2,14.739199309622,-6.705376665086));
#10258 = VECTOR('',#10259,1.);
#10259 = DIRECTION('',(0.,0.251305417547,-0.967907840195));
#10260 = ORIENTED_EDGE('',*,*,#10197,.F.);
#10261 = ORIENTED_EDGE('',*,*,#5516,.F.);
#10262 = PLANE('',#10263);
#10263 = AXIS2_PLACEMENT_3D('',#10264,#10265,#10266);
#10264 = CARTESIAN_POINT('',(50.,14.739199309622,-6.705376665086));
#10265 = DIRECTION('',(0.,-0.967907840195,-0.251305417547));
#10266 = DIRECTION('',(0.,0.251305417547,-0.967907840195));
#10267 = ADVANCED_FACE('',(#10268),#10286,.T.);
#10268 = FACE_BOUND('',#10269,.T.);
#10269 = EDGE_LOOP('',(#10270,#10271,#10279,#10285));
#10270 = ORIENTED_EDGE('',*,*,#10232,.T.);
#10271 = ORIENTED_EDGE('',*,*,#10272,.T.);
#10272 = EDGE_CURVE('',#10225,#10273,#10275,.T.);
#10273 = VERTEX_POINT('',#10274);
#10274 = CARTESIAN_POINT('',(49.2,13.937668203565,-9.010870437979));
#10275 = LINE('',#10276,#10277);
#10276 = CARTESIAN_POINT('',(49.2,14.309968464338,-7.608371154688));
#10277 = VECTOR('',#10278,1.);
#10278 = DIRECTION('',(0.,-0.256569008212,-0.966525914823));
#10279 = ORIENTED_EDGE('',*,*,#10280,.F.);
#10280 = EDGE_CURVE('',#5445,#10273,#10281,.T.);
#10281 = LINE('',#10282,#10283);
#10282 = CARTESIAN_POINT('',(50.,13.937668203565,-9.010870437979));
#10283 = VECTOR('',#10284,1.);
#10284 = DIRECTION('',(-1.,-0.,-0.));
#10285 = ORIENTED_EDGE('',*,*,#5444,.F.);
#10286 = PLANE('',#10287);
#10287 = AXIS2_PLACEMENT_3D('',#10288,#10289,#10290);
#10288 = CARTESIAN_POINT('',(50.,14.309968464338,-7.608371154688));
#10289 = DIRECTION('',(0.,-0.966525914823,0.256569008212));
#10290 = DIRECTION('',(0.,-0.256569008212,-0.966525914823));
#10291 = ADVANCED_FACE('',(#10292),#10310,.T.);
#10292 = FACE_BOUND('',#10293,.T.);
#10293 = EDGE_LOOP('',(#10294,#10302,#10308,#10309));
#10294 = ORIENTED_EDGE('',*,*,#10295,.T.);
#10295 = EDGE_CURVE('',#5501,#10296,#10298,.T.);
#10296 = VERTEX_POINT('',#10297);
#10297 = CARTESIAN_POINT('',(49.2,14.098004979492,-6.705376518306));
#10298 = LINE('',#10299,#10300);
#10299 = CARTESIAN_POINT('',(50.,14.098004979492,-6.705376518306));
#10300 = VECTOR('',#10301,1.);
#10301 = DIRECTION('',(-1.,-0.,-0.));
#10302 = ORIENTED_EDGE('',*,*,#10303,.T.);
#10303 = EDGE_CURVE('',#10296,#10248,#10304,.T.);
#10304 = LINE('',#10305,#10306);
#10305 = CARTESIAN_POINT('',(49.2,14.098004979492,-6.705376518306));
#10306 = VECTOR('',#10307,1.);
#10307 = DIRECTION('',(0.,1.,-2.289171394061E-07));
#10308 = ORIENTED_EDGE('',*,*,#10247,.F.);
#10309 = ORIENTED_EDGE('',*,*,#5508,.F.);
#10310 = PLANE('',#10311);
#10311 = AXIS2_PLACEMENT_3D('',#10312,#10313,#10314);
#10312 = CARTESIAN_POINT('',(50.,14.098004979492,-6.705376518306));
#10313 = DIRECTION('',(0.,-2.289171394061E-07,-1.));
#10314 = DIRECTION('',(0.,1.,-2.289171394061E-07));
#10315 = ADVANCED_FACE('',(#10316),#10334,.T.);
#10316 = FACE_BOUND('',#10317,.T.);
#10317 = EDGE_LOOP('',(#10318,#10319,#10327,#10333));
#10318 = ORIENTED_EDGE('',*,*,#10280,.T.);
#10319 = ORIENTED_EDGE('',*,*,#10320,.T.);
#10320 = EDGE_CURVE('',#10273,#10321,#10323,.T.);
#10321 = VERTEX_POINT('',#10322);
#10322 = CARTESIAN_POINT('',(49.2,13.30499472832,-9.01087029315));
#10323 = LINE('',#10324,#10325);
#10324 = CARTESIAN_POINT('',(49.2,13.937668203565,-9.010870437979));
#10325 = VECTOR('',#10326,1.);
#10326 = DIRECTION('',(0.,-1.,2.289171411924E-07));
#10327 = ORIENTED_EDGE('',*,*,#10328,.F.);
#10328 = EDGE_CURVE('',#5453,#10321,#10329,.T.);
#10329 = LINE('',#10330,#10331);
#10330 = CARTESIAN_POINT('',(50.,13.30499472832,-9.01087029315));
#10331 = VECTOR('',#10332,1.);
#10332 = DIRECTION('',(-1.,-0.,-0.));
#10333 = ORIENTED_EDGE('',*,*,#5452,.F.);
#10334 = PLANE('',#10335);
#10335 = AXIS2_PLACEMENT_3D('',#10336,#10337,#10338);
#10336 = CARTESIAN_POINT('',(50.,13.937668203565,-9.010870437979));
#10337 = DIRECTION('',(0.,2.289171411924E-07,1.));
#10338 = DIRECTION('',(0.,-1.,2.289171411924E-07));
#10339 = ADVANCED_FACE('',(#10340),#10358,.T.);
#10340 = FACE_BOUND('',#10341,.T.);
#10341 = EDGE_LOOP('',(#10342,#10350,#10356,#10357));
#10342 = ORIENTED_EDGE('',*,*,#10343,.T.);
#10343 = EDGE_CURVE('',#5493,#10344,#10346,.T.);
#10344 = VERTEX_POINT('',#10345);
#10345 = CARTESIAN_POINT('',(49.2,13.734280237484,-8.061215646594));
#10346 = LINE('',#10347,#10348);
#10347 = CARTESIAN_POINT('',(50.,13.734280237484,-8.061215646594));
#10348 = VECTOR('',#10349,1.);
#10349 = DIRECTION('',(-1.,-0.,-0.));
#10350 = ORIENTED_EDGE('',*,*,#10351,.T.);
#10351 = EDGE_CURVE('',#10344,#10296,#10352,.T.);
#10352 = LINE('',#10353,#10354);
#10353 = CARTESIAN_POINT('',(49.2,13.734280237484,-8.061215646594));
#10354 = VECTOR('',#10355,1.);
#10355 = DIRECTION('',(0.,0.259103994805,0.965849429195));
#10356 = ORIENTED_EDGE('',*,*,#10295,.F.);
#10357 = ORIENTED_EDGE('',*,*,#5500,.F.);
#10358 = PLANE('',#10359);
#10359 = AXIS2_PLACEMENT_3D('',#10360,#10361,#10362);
#10360 = CARTESIAN_POINT('',(50.,13.734280237484,-8.061215646594));
#10361 = DIRECTION('',(0.,0.965849429195,-0.259103994805));
#10362 = DIRECTION('',(0.,0.259103994805,0.965849429195));
#10363 = ADVANCED_FACE('',(#10364),#10382,.T.);
#10364 = FACE_BOUND('',#10365,.T.);
#10365 = EDGE_LOOP('',(#10366,#10367,#10375,#10381));
#10366 = ORIENTED_EDGE('',*,*,#10328,.T.);
#10367 = ORIENTED_EDGE('',*,*,#10368,.T.);
#10368 = EDGE_CURVE('',#10321,#10369,#10371,.T.);
#10369 = VERTEX_POINT('',#10370);
#10370 = CARTESIAN_POINT('',(49.2,12.711235846884,-6.70537620085));
#10371 = LINE('',#10372,#10373);
#10372 = CARTESIAN_POINT('',(49.2,13.30499472832,-9.01087029315));
#10373 = VECTOR('',#10374,1.);
#10374 = DIRECTION('',(0.,-0.249402524093,0.968399907567));
#10375 = ORIENTED_EDGE('',*,*,#10376,.F.);
#10376 = EDGE_CURVE('',#5461,#10369,#10377,.T.);
#10377 = LINE('',#10378,#10379);
#10378 = CARTESIAN_POINT('',(50.,12.711235846884,-6.70537620085));
#10379 = VECTOR('',#10380,1.);
#10380 = DIRECTION('',(-1.,-0.,-0.));
#10381 = ORIENTED_EDGE('',*,*,#5460,.F.);
#10382 = PLANE('',#10383);
#10383 = AXIS2_PLACEMENT_3D('',#10384,#10385,#10386);
#10384 = CARTESIAN_POINT('',(50.,13.30499472832,-9.01087029315));
#10385 = DIRECTION('',(0.,0.968399907567,0.249402524093));
#10386 = DIRECTION('',(0.,-0.249402524093,0.968399907567));
#10387 = ADVANCED_FACE('',(#10388),#10406,.T.);
#10388 = FACE_BOUND('',#10389,.T.);
#10389 = EDGE_LOOP('',(#10390,#10398,#10404,#10405));
#10390 = ORIENTED_EDGE('',*,*,#10391,.T.);
#10391 = EDGE_CURVE('',#5485,#10392,#10394,.T.);
#10392 = VERTEX_POINT('',#10393);
#10393 = CARTESIAN_POINT('',(49.2,13.680732633771,-8.310684376294));
#10394 = LINE('',#10395,#10396);
#10395 = CARTESIAN_POINT('',(50.,13.680732633771,-8.310684376294));
#10396 = VECTOR('',#10397,1.);
#10397 = DIRECTION('',(-1.,-0.,-0.));
#10398 = ORIENTED_EDGE('',*,*,#10399,.T.);
#10399 = EDGE_CURVE('',#10392,#10344,#10400,.T.);
#10400 = LINE('',#10401,#10402);
#10401 = CARTESIAN_POINT('',(49.2,13.680732633771,-8.310684376294));
#10402 = VECTOR('',#10403,1.);
#10403 = DIRECTION('',(0.,0.209866393224,0.977730073689));
#10404 = ORIENTED_EDGE('',*,*,#10343,.F.);
#10405 = ORIENTED_EDGE('',*,*,#5492,.F.);
#10406 = PLANE('',#10407);
#10407 = AXIS2_PLACEMENT_3D('',#10408,#10409,#10410);
#10408 = CARTESIAN_POINT('',(50.,13.680732633771,-8.310684376294));
#10409 = DIRECTION('',(0.,0.977730073689,-0.209866393224));
#10410 = DIRECTION('',(0.,0.209866393224,0.977730073689));
#10411 = ADVANCED_FACE('',(#10412),#10430,.T.);
#10412 = FACE_BOUND('',#10413,.T.);
#10413 = EDGE_LOOP('',(#10414,#10415,#10423,#10429));
#10414 = ORIENTED_EDGE('',*,*,#10376,.T.);
#10415 = ORIENTED_EDGE('',*,*,#10416,.T.);
#10416 = EDGE_CURVE('',#10369,#10417,#10419,.T.);
#10417 = VERTEX_POINT('',#10418);
#10418 = CARTESIAN_POINT('',(49.2,13.273612269324,-6.705376329588));
#10419 = LINE('',#10420,#10421);
#10420 = CARTESIAN_POINT('',(49.2,12.711235846884,-6.70537620085));
#10421 = VECTOR('',#10422,1.);
#10422 = DIRECTION('',(0.,1.,-2.289171410169E-07));
#10423 = ORIENTED_EDGE('',*,*,#10424,.F.);
#10424 = EDGE_CURVE('',#5469,#10417,#10425,.T.);
#10425 = LINE('',#10426,#10427);
#10426 = CARTESIAN_POINT('',(50.,13.273612269324,-6.705376329588));
#10427 = VECTOR('',#10428,1.);
#10428 = DIRECTION('',(-1.,-0.,-0.));
#10429 = ORIENTED_EDGE('',*,*,#5468,.F.);
#10430 = PLANE('',#10431);
#10431 = AXIS2_PLACEMENT_3D('',#10432,#10433,#10434);
#10432 = CARTESIAN_POINT('',(50.,12.711235846884,-6.70537620085));
#10433 = DIRECTION('',(0.,-2.289171410169E-07,-1.));
#10434 = DIRECTION('',(0.,1.,-2.289171410169E-07));
#10435 = ADVANCED_FACE('',(#10436),#10454,.T.);
#10436 = FACE_BOUND('',#10437,.T.);
#10437 = EDGE_LOOP('',(#10438,#10446,#10452,#10453));
#10438 = ORIENTED_EDGE('',*,*,#10439,.T.);
#10439 = EDGE_CURVE('',#5477,#10440,#10442,.T.);
#10440 = VERTEX_POINT('',#10441);
#10441 = CARTESIAN_POINT('',(49.2,13.650724881083,-8.468392863488));
#10442 = LINE('',#10443,#10444);
#10443 = CARTESIAN_POINT('',(50.,13.650724881083,-8.468392863488));
#10444 = VECTOR('',#10445,1.);
#10445 = DIRECTION('',(-1.,-0.,-0.));
#10446 = ORIENTED_EDGE('',*,*,#10447,.T.);
#10447 = EDGE_CURVE('',#10440,#10392,#10448,.T.);
#10448 = LINE('',#10449,#10450);
#10449 = CARTESIAN_POINT('',(49.2,13.650724881083,-8.468392863488));
#10450 = VECTOR('',#10451,1.);
#10451 = DIRECTION('',(0.,0.186919998711,0.982375139182));
#10452 = ORIENTED_EDGE('',*,*,#10391,.F.);
#10453 = ORIENTED_EDGE('',*,*,#5484,.F.);
#10454 = PLANE('',#10455);
#10455 = AXIS2_PLACEMENT_3D('',#10456,#10457,#10458);
#10456 = CARTESIAN_POINT('',(50.,13.650724881083,-8.468392863488));
#10457 = DIRECTION('',(0.,0.982375139182,-0.186919998711));
#10458 = DIRECTION('',(0.,0.186919998711,0.982375139182));
#10459 = ADVANCED_FACE('',(#10460),#10471,.T.);
#10460 = FACE_BOUND('',#10461,.T.);
#10461 = EDGE_LOOP('',(#10462,#10463,#10469,#10470));
#10462 = ORIENTED_EDGE('',*,*,#10424,.T.);
#10463 = ORIENTED_EDGE('',*,*,#10464,.T.);
#10464 = EDGE_CURVE('',#10417,#10440,#10465,.T.);
#10465 = LINE('',#10466,#10467);
#10466 = CARTESIAN_POINT('',(49.2,13.273612269324,-6.705376329588));
#10467 = VECTOR('',#10468,1.);
#10468 = DIRECTION('',(0.,0.209170241724,-0.977879240999));
#10469 = ORIENTED_EDGE('',*,*,#10439,.F.);
#10470 = ORIENTED_EDGE('',*,*,#5476,.F.);
#10471 = PLANE('',#10472);
#10472 = AXIS2_PLACEMENT_3D('',#10473,#10474,#10475);
#10473 = CARTESIAN_POINT('',(50.,13.273612269324,-6.705376329588));
#10474 = DIRECTION('',(0.,-0.977879240999,-0.209170241724));
#10475 = DIRECTION('',(0.,0.209170241724,-0.977879240999));
#10476 = ADVANCED_FACE('',(#10477),#10502,.T.);
#10477 = FACE_BOUND('',#10478,.T.);
#10478 = EDGE_LOOP('',(#10479,#10487,#10495,#10501));
#10479 = ORIENTED_EDGE('',*,*,#10480,.T.);
#10480 = EDGE_CURVE('',#5557,#10481,#10483,.T.);
#10481 = VERTEX_POINT('',#10482);
#10482 = CARTESIAN_POINT('',(49.2,9.622943679317,-6.263451332466));
#10483 = LINE('',#10484,#10485);
#10484 = CARTESIAN_POINT('',(50.,9.622943679317,-6.263451332466));
#10485 = VECTOR('',#10486,1.);
#10486 = DIRECTION('',(-1.,-0.,-0.));
#10487 = ORIENTED_EDGE('',*,*,#10488,.T.);
#10488 = EDGE_CURVE('',#10481,#10489,#10491,.T.);
#10489 = VERTEX_POINT('',#10490);
#10490 = CARTESIAN_POINT('',(49.2,9.912967738159,-6.964346522653));
#10491 = B_SPLINE_CURVE_WITH_KNOTS('',2,(#10492,#10493,#10494),
  .UNSPECIFIED.,.F.,.F.,(3,3),(0.,1.),.PIECEWISE_BEZIER_KNOTS.);
#10492 = CARTESIAN_POINT('',(49.2,9.622943679317,-6.263451332466));
#10493 = CARTESIAN_POINT('',(49.2,9.913498592548,-6.511218250713));
#10494 = CARTESIAN_POINT('',(49.2,9.912967738159,-6.964346522653));
#10495 = ORIENTED_EDGE('',*,*,#10496,.F.);
#10496 = EDGE_CURVE('',#5559,#10489,#10497,.T.);
#10497 = LINE('',#10498,#10499);
#10498 = CARTESIAN_POINT('',(50.,9.912967738159,-6.964346522653));
#10499 = VECTOR('',#10500,1.);
#10500 = DIRECTION('',(-1.,-0.,-0.));
#10501 = ORIENTED_EDGE('',*,*,#5556,.F.);
#10502 = SURFACE_OF_LINEAR_EXTRUSION('',#10503,#10507);
#10503 = B_SPLINE_CURVE_WITH_KNOTS('',2,(#10504,#10505,#10506),
  .UNSPECIFIED.,.F.,.F.,(3,3),(0.,1.),.PIECEWISE_BEZIER_KNOTS.);
#10504 = CARTESIAN_POINT('',(50.,9.622943679317,-6.263451332466));
#10505 = CARTESIAN_POINT('',(50.,9.913498592548,-6.511218250713));
#10506 = CARTESIAN_POINT('',(50.,9.912967738159,-6.964346522653));
#10507 = VECTOR('',#10508,1.);
#10508 = DIRECTION('',(1.,0.,0.));
#10509 = ADVANCED_FACE('',(#10510),#10528,.T.);
#10510 = FACE_BOUND('',#10511,.T.);
#10511 = EDGE_LOOP('',(#10512,#10520,#10526,#10527));
#10512 = ORIENTED_EDGE('',*,*,#10513,.T.);
#10513 = EDGE_CURVE('',#5623,#10514,#10516,.T.);
#10514 = VERTEX_POINT('',#10515);
#10515 = CARTESIAN_POINT('',(49.2,8.793586874981,-6.015542466692));
#10516 = LINE('',#10517,#10518);
#10517 = CARTESIAN_POINT('',(50.,8.793586874981,-6.015542466692));
#10518 = VECTOR('',#10519,1.);
#10519 = DIRECTION('',(-1.,-0.,-0.));
#10520 = ORIENTED_EDGE('',*,*,#10521,.T.);
#10521 = EDGE_CURVE('',#10514,#10481,#10522,.T.);
#10522 = B_SPLINE_CURVE_WITH_KNOTS('',2,(#10523,#10524,#10525),
  .UNSPECIFIED.,.F.,.F.,(3,3),(0.,1.),.PIECEWISE_BEZIER_KNOTS.);
#10523 = CARTESIAN_POINT('',(49.2,8.793586874981,-6.015542466692));
#10524 = CARTESIAN_POINT('',(49.2,9.332530946486,-6.015542590066));
#10525 = CARTESIAN_POINT('',(49.2,9.622943679317,-6.263451332466));
#10526 = ORIENTED_EDGE('',*,*,#10480,.F.);
#10527 = ORIENTED_EDGE('',*,*,#5630,.F.);
#10528 = SURFACE_OF_LINEAR_EXTRUSION('',#10529,#10533);
#10529 = B_SPLINE_CURVE_WITH_KNOTS('',2,(#10530,#10531,#10532),
  .UNSPECIFIED.,.F.,.F.,(3,3),(0.,1.),.PIECEWISE_BEZIER_KNOTS.);
#10530 = CARTESIAN_POINT('',(50.,8.793586874981,-6.015542466692));
#10531 = CARTESIAN_POINT('',(50.,9.332530946486,-6.015542590066));
#10532 = CARTESIAN_POINT('',(50.,9.622943679317,-6.263451332466));
#10533 = VECTOR('',#10534,1.);
#10534 = DIRECTION('',(1.,0.,0.));
#10535 = ADVANCED_FACE('',(#10536),#10554,.T.);
#10536 = FACE_BOUND('',#10537,.T.);
#10537 = EDGE_LOOP('',(#10538,#10539,#10547,#10553));
#10538 = ORIENTED_EDGE('',*,*,#10496,.T.);
#10539 = ORIENTED_EDGE('',*,*,#10540,.T.);
#10540 = EDGE_CURVE('',#10489,#10541,#10543,.T.);
#10541 = VERTEX_POINT('',#10542);
#10542 = CARTESIAN_POINT('',(49.2,9.78028869867,-7.481437471915));
#10543 = B_SPLINE_CURVE_WITH_KNOTS('',2,(#10544,#10545,#10546),
  .UNSPECIFIED.,.F.,.F.,(3,3),(0.,1.),.PIECEWISE_BEZIER_KNOTS.);
#10544 = CARTESIAN_POINT('',(49.2,9.912967738159,-6.964346522653));
#10545 = CARTESIAN_POINT('',(49.2,9.912628622726,-7.25380968479));
#10546 = CARTESIAN_POINT('',(49.2,9.78028869867,-7.481437471915));
#10547 = ORIENTED_EDGE('',*,*,#10548,.F.);
#10548 = EDGE_CURVE('',#5567,#10541,#10549,.T.);
#10549 = LINE('',#10550,#10551);
#10550 = CARTESIAN_POINT('',(50.,9.78028869867,-7.481437471915));
#10551 = VECTOR('',#10552,1.);
#10552 = DIRECTION('',(-1.,-0.,-0.));
#10553 = ORIENTED_EDGE('',*,*,#5566,.F.);
#10554 = SURFACE_OF_LINEAR_EXTRUSION('',#10555,#10559);
#10555 = B_SPLINE_CURVE_WITH_KNOTS('',2,(#10556,#10557,#10558),
  .UNSPECIFIED.,.F.,.F.,(3,3),(0.,1.),.PIECEWISE_BEZIER_KNOTS.);
#10556 = CARTESIAN_POINT('',(50.,9.912967738159,-6.964346522653));
#10557 = CARTESIAN_POINT('',(50.,9.912628622726,-7.25380968479));
#10558 = CARTESIAN_POINT('',(50.,9.78028869867,-7.481437471915));
#10559 = VECTOR('',#10560,1.);
#10560 = DIRECTION('',(1.,0.,0.));
#10561 = ADVANCED_FACE('',(#10562),#10580,.T.);
#10562 = FACE_BOUND('',#10563,.T.);
#10563 = EDGE_LOOP('',(#10564,#10572,#10578,#10579));
#10564 = ORIENTED_EDGE('',*,*,#10565,.T.);
#10565 = EDGE_CURVE('',#5615,#10566,#10568,.T.);
#10566 = VERTEX_POINT('',#10567);
#10567 = CARTESIAN_POINT('',(49.2,7.445161589358,-6.015542158014));
#10568 = LINE('',#10569,#10570);
#10569 = CARTESIAN_POINT('',(50.,7.445161589358,-6.015542158014));
#10570 = VECTOR('',#10571,1.);
#10571 = DIRECTION('',(-1.,-0.,-0.));
#10572 = ORIENTED_EDGE('',*,*,#10573,.T.);
#10573 = EDGE_CURVE('',#10566,#10514,#10574,.T.);
#10574 = LINE('',#10575,#10576);
#10575 = CARTESIAN_POINT('',(49.2,7.445161589358,-6.015542158014));
#10576 = VECTOR('',#10577,1.);
#10577 = DIRECTION('',(0.,1.,-2.289171403208E-07));
#10578 = ORIENTED_EDGE('',*,*,#10513,.F.);
#10579 = ORIENTED_EDGE('',*,*,#5622,.F.);
#10580 = PLANE('',#10581);
#10581 = AXIS2_PLACEMENT_3D('',#10582,#10583,#10584);
#10582 = CARTESIAN_POINT('',(50.,7.445161589358,-6.015542158014));
#10583 = DIRECTION('',(0.,-2.289171403208E-07,-1.));
#10584 = DIRECTION('',(0.,1.,-2.289171403208E-07));
#10585 = ADVANCED_FACE('',(#10586),#10604,.T.);
#10586 = FACE_BOUND('',#10587,.T.);
#10587 = EDGE_LOOP('',(#10588,#10589,#10597,#10603));
#10588 = ORIENTED_EDGE('',*,*,#10548,.T.);
#10589 = ORIENTED_EDGE('',*,*,#10590,.T.);
#10590 = EDGE_CURVE('',#10541,#10591,#10593,.T.);
#10591 = VERTEX_POINT('',#10592);
#10592 = CARTESIAN_POINT('',(49.2,9.401692201561,-7.83358683737));
#10593 = B_SPLINE_CURVE_WITH_KNOTS('',2,(#10594,#10595,#10596),
  .UNSPECIFIED.,.F.,.F.,(3,3),(0.,1.),.PIECEWISE_BEZIER_KNOTS.);
#10594 = CARTESIAN_POINT('',(49.2,9.78028869867,-7.481437471915));
#10595 = CARTESIAN_POINT('',(49.2,9.647948774614,-7.709065259041));
#10596 = CARTESIAN_POINT('',(49.2,9.401692201561,-7.83358683737));
#10597 = ORIENTED_EDGE('',*,*,#10598,.F.);
#10598 = EDGE_CURVE('',#5575,#10591,#10599,.T.);
#10599 = LINE('',#10600,#10601);
#10600 = CARTESIAN_POINT('',(50.,9.401692201561,-7.83358683737));
#10601 = VECTOR('',#10602,1.);
#10602 = DIRECTION('',(-1.,-0.,-0.));
#10603 = ORIENTED_EDGE('',*,*,#5574,.F.);
#10604 = SURFACE_OF_LINEAR_EXTRUSION('',#10605,#10609);
#10605 = B_SPLINE_CURVE_WITH_KNOTS('',2,(#10606,#10607,#10608),
  .UNSPECIFIED.,.F.,.F.,(3,3),(0.,1.),.PIECEWISE_BEZIER_KNOTS.);
#10606 = CARTESIAN_POINT('',(50.,9.78028869867,-7.481437471915));
#10607 = CARTESIAN_POINT('',(50.,9.647948774614,-7.709065259041));
#10608 = CARTESIAN_POINT('',(50.,9.401692201561,-7.83358683737));
#10609 = VECTOR('',#10610,1.);
#10610 = DIRECTION('',(1.,0.,0.));
#10611 = ADVANCED_FACE('',(#10612),#10630,.T.);
#10612 = FACE_BOUND('',#10613,.T.);
#10613 = EDGE_LOOP('',(#10614,#10622,#10628,#10629));
#10614 = ORIENTED_EDGE('',*,*,#10615,.T.);
#10615 = EDGE_CURVE('',#5607,#10616,#10618,.T.);
#10616 = VERTEX_POINT('',#10617);
#10617 = CARTESIAN_POINT('',(49.2,7.441652467389,-9.01086895093));
#10618 = LINE('',#10619,#10620);
#10619 = CARTESIAN_POINT('',(50.,7.441652467389,-9.01086895093));
#10620 = VECTOR('',#10621,1.);
#10621 = DIRECTION('',(-1.,-0.,-0.));
#10622 = ORIENTED_EDGE('',*,*,#10623,.T.);
#10623 = EDGE_CURVE('',#10616,#10566,#10624,.T.);
#10624 = LINE('',#10625,#10626);
#10625 = CARTESIAN_POINT('',(49.2,7.441652467389,-9.01086895093));
#10626 = VECTOR('',#10627,1.);
#10627 = DIRECTION('',(0.,1.171531456477E-03,0.999999313757));
#10628 = ORIENTED_EDGE('',*,*,#10565,.F.);
#10629 = ORIENTED_EDGE('',*,*,#5614,.F.);
#10630 = PLANE('',#10631);
#10631 = AXIS2_PLACEMENT_3D('',#10632,#10633,#10634);
#10632 = CARTESIAN_POINT('',(50.,7.441652467389,-9.01086895093));
#10633 = DIRECTION('',(0.,0.999999313757,-1.171531456477E-03));
#10634 = DIRECTION('',(0.,1.171531456477E-03,0.999999313757));
#10635 = ADVANCED_FACE('',(#10636),#10654,.T.);
#10636 = FACE_BOUND('',#10637,.T.);
#10637 = EDGE_LOOP('',(#10638,#10639,#10647,#10653));
#10638 = ORIENTED_EDGE('',*,*,#10598,.T.);
#10639 = ORIENTED_EDGE('',*,*,#10640,.T.);
#10640 = EDGE_CURVE('',#10591,#10641,#10643,.T.);
#10641 = VERTEX_POINT('',#10642);
#10642 = CARTESIAN_POINT('',(49.2,8.81687382721,-7.95796651401));
#10643 = B_SPLINE_CURVE_WITH_KNOTS('',2,(#10644,#10645,#10646),
  .UNSPECIFIED.,.F.,.F.,(3,3),(0.,1.),.PIECEWISE_BEZIER_KNOTS.);
#10644 = CARTESIAN_POINT('',(49.2,9.401692201561,-7.83358683737));
#10645 = CARTESIAN_POINT('',(49.2,9.155577808907,-7.957966591545));
#10646 = CARTESIAN_POINT('',(49.2,8.81687382721,-7.95796651401));
#10647 = ORIENTED_EDGE('',*,*,#10648,.F.);
#10648 = EDGE_CURVE('',#5583,#10641,#10649,.T.);
#10649 = LINE('',#10650,#10651);
#10650 = CARTESIAN_POINT('',(50.,8.81687382721,-7.95796651401));
#10651 = VECTOR('',#10652,1.);
#10652 = DIRECTION('',(-1.,-0.,-0.));
#10653 = ORIENTED_EDGE('',*,*,#5582,.F.);
#10654 = SURFACE_OF_LINEAR_EXTRUSION('',#10655,#10659);
#10655 = B_SPLINE_CURVE_WITH_KNOTS('',2,(#10656,#10657,#10658),
  .UNSPECIFIED.,.F.,.F.,(3,3),(0.,1.),.PIECEWISE_BEZIER_KNOTS.);
#10656 = CARTESIAN_POINT('',(50.,9.401692201561,-7.83358683737));
#10657 = CARTESIAN_POINT('',(50.,9.155577808907,-7.957966591545));
#10658 = CARTESIAN_POINT('',(50.,8.81687382721,-7.95796651401));
#10659 = VECTOR('',#10660,1.);
#10660 = DIRECTION('',(1.,0.,0.));
#10661 = ADVANCED_FACE('',(#10662),#10680,.T.);
#10662 = FACE_BOUND('',#10663,.T.);
#10663 = EDGE_LOOP('',(#10664,#10672,#10678,#10679));
#10664 = ORIENTED_EDGE('',*,*,#10665,.T.);
#10665 = EDGE_CURVE('',#5599,#10666,#10668,.T.);
#10666 = VERTEX_POINT('',#10667);
#10667 = CARTESIAN_POINT('',(49.2,8.070065515192,-9.010869094785));
#10668 = LINE('',#10669,#10670);
#10669 = CARTESIAN_POINT('',(50.,8.070065515192,-9.010869094785));
#10670 = VECTOR('',#10671,1.);
#10671 = DIRECTION('',(-1.,-0.,-0.));
#10672 = ORIENTED_EDGE('',*,*,#10673,.T.);
#10673 = EDGE_CURVE('',#10666,#10616,#10674,.T.);
#10674 = LINE('',#10675,#10676);
#10675 = CARTESIAN_POINT('',(49.2,8.070065515192,-9.010869094785));
#10676 = VECTOR('',#10677,1.);
#10677 = DIRECTION('',(0.,-1.,2.289171399836E-07));
#10678 = ORIENTED_EDGE('',*,*,#10615,.F.);
#10679 = ORIENTED_EDGE('',*,*,#5606,.F.);
#10680 = PLANE('',#10681);
#10681 = AXIS2_PLACEMENT_3D('',#10682,#10683,#10684);
#10682 = CARTESIAN_POINT('',(50.,8.070065515192,-9.010869094785));
#10683 = DIRECTION('',(0.,2.289171399836E-07,1.));
#10684 = DIRECTION('',(0.,-1.,2.289171399836E-07));
#10685 = ADVANCED_FACE('',(#10686),#10704,.T.);
#10686 = FACE_BOUND('',#10687,.T.);
#10687 = EDGE_LOOP('',(#10688,#10689,#10697,#10703));
#10688 = ORIENTED_EDGE('',*,*,#10648,.T.);
#10689 = ORIENTED_EDGE('',*,*,#10690,.T.);
#10690 = EDGE_CURVE('',#10641,#10691,#10693,.T.);
#10691 = VERTEX_POINT('',#10692);
#10692 = CARTESIAN_POINT('',(49.2,8.071299024732,-7.957966343335));
#10693 = LINE('',#10694,#10695);
#10694 = CARTESIAN_POINT('',(49.2,8.81687382721,-7.95796651401));
#10695 = VECTOR('',#10696,1.);
#10696 = DIRECTION('',(0.,-1.,2.289171407913E-07));
#10697 = ORIENTED_EDGE('',*,*,#10698,.F.);
#10698 = EDGE_CURVE('',#5591,#10691,#10699,.T.);
#10699 = LINE('',#10700,#10701);
#10700 = CARTESIAN_POINT('',(50.,8.071299024732,-7.957966343335));
#10701 = VECTOR('',#10702,1.);
#10702 = DIRECTION('',(-1.,-0.,-0.));
#10703 = ORIENTED_EDGE('',*,*,#5590,.F.);
#10704 = PLANE('',#10705);
#10705 = AXIS2_PLACEMENT_3D('',#10706,#10707,#10708);
#10706 = CARTESIAN_POINT('',(50.,8.81687382721,-7.95796651401));
#10707 = DIRECTION('',(0.,2.289171407913E-07,1.));
#10708 = DIRECTION('',(0.,-1.,2.289171407913E-07));
#10709 = ADVANCED_FACE('',(#10710),#10721,.T.);
#10710 = FACE_BOUND('',#10711,.T.);
#10711 = EDGE_LOOP('',(#10712,#10713,#10719,#10720));
#10712 = ORIENTED_EDGE('',*,*,#10698,.T.);
#10713 = ORIENTED_EDGE('',*,*,#10714,.T.);
#10714 = EDGE_CURVE('',#10691,#10666,#10715,.T.);
#10715 = LINE('',#10716,#10717);
#10716 = CARTESIAN_POINT('',(49.2,8.071299024732,-7.957966343335));
#10717 = VECTOR('',#10718,1.);
#10718 = DIRECTION('',(0.,-1.171531456477E-03,-0.999999313757));
#10719 = ORIENTED_EDGE('',*,*,#10665,.F.);
#10720 = ORIENTED_EDGE('',*,*,#5598,.F.);
#10721 = PLANE('',#10722);
#10722 = AXIS2_PLACEMENT_3D('',#10723,#10724,#10725);
#10723 = CARTESIAN_POINT('',(50.,8.071299024732,-7.957966343335));
#10724 = DIRECTION('',(0.,-0.999999313757,1.171531456477E-03));
#10725 = DIRECTION('',(0.,-1.171531456477E-03,-0.999999313757));
#10726 = ADVANCED_FACE('',(#10727),#10752,.T.);
#10727 = FACE_BOUND('',#10728,.T.);
#10728 = EDGE_LOOP('',(#10729,#10737,#10745,#10751));
#10729 = ORIENTED_EDGE('',*,*,#10730,.T.);
#10730 = EDGE_CURVE('',#5649,#10731,#10733,.T.);
#10731 = VERTEX_POINT('',#10732);
#10732 = CARTESIAN_POINT('',(49.2,18.355271917039,-8.433363366668));
#10733 = LINE('',#10734,#10735);
#10734 = CARTESIAN_POINT('',(50.,18.355271917039,-8.433363366668));
#10735 = VECTOR('',#10736,1.);
#10736 = DIRECTION('',(-1.,-0.,-0.));
#10737 = ORIENTED_EDGE('',*,*,#10738,.T.);
#10738 = EDGE_CURVE('',#10731,#10739,#10741,.T.);
#10739 = VERTEX_POINT('',#10740);
#10740 = CARTESIAN_POINT('',(49.2,17.359732371298,-9.056254960647));
#10741 = B_SPLINE_CURVE_WITH_KNOTS('',2,(#10742,#10743,#10744),
  .UNSPECIFIED.,.F.,.F.,(3,3),(0.,1.),.PIECEWISE_BEZIER_KNOTS.);
#10742 = CARTESIAN_POINT('',(49.2,18.355271917039,-8.433363366668));
#10743 = CARTESIAN_POINT('',(49.2,18.109567601218,-9.056255132298));
#10744 = CARTESIAN_POINT('',(49.2,17.359732371298,-9.056254960647));
#10745 = ORIENTED_EDGE('',*,*,#10746,.F.);
#10746 = EDGE_CURVE('',#5651,#10739,#10747,.T.);
#10747 = LINE('',#10748,#10749);
#10748 = CARTESIAN_POINT('',(50.,17.359732371298,-9.056254960647));
#10749 = VECTOR('',#10750,1.);
#10750 = DIRECTION('',(-1.,-0.,-0.));
#10751 = ORIENTED_EDGE('',*,*,#5648,.F.);
#10752 = SURFACE_OF_LINEAR_EXTRUSION('',#10753,#10757);
#10753 = B_SPLINE_CURVE_WITH_KNOTS('',2,(#10754,#10755,#10756),
  .UNSPECIFIED.,.F.,.F.,(3,3),(0.,1.),.PIECEWISE_BEZIER_KNOTS.);
#10754 = CARTESIAN_POINT('',(50.,18.355271917039,-8.433363366668));
#10755 = CARTESIAN_POINT('',(50.,18.109567601218,-9.056255132298));
#10756 = CARTESIAN_POINT('',(50.,17.359732371298,-9.056254960647));
#10757 = VECTOR('',#10758,1.);
#10758 = DIRECTION('',(1.,0.,0.));
#10759 = ADVANCED_FACE('',(#10760),#10778,.T.);
#10760 = FACE_BOUND('',#10761,.T.);
#10761 = EDGE_LOOP('',(#10762,#10770,#10776,#10777));
#10762 = ORIENTED_EDGE('',*,*,#10763,.T.);
#10763 = EDGE_CURVE('',#5739,#10764,#10766,.T.);
#10764 = VERTEX_POINT('',#10765);
#10765 = CARTESIAN_POINT('',(49.2,17.790822437031,-8.384575717709));
#10766 = LINE('',#10767,#10768);
#10767 = CARTESIAN_POINT('',(50.,17.790822437031,-8.384575717709));
#10768 = VECTOR('',#10769,1.);
#10769 = DIRECTION('',(-1.,-0.,-0.));
#10770 = ORIENTED_EDGE('',*,*,#10771,.T.);
#10771 = EDGE_CURVE('',#10764,#10731,#10772,.T.);
#10772 = LINE('',#10773,#10774);
#10773 = CARTESIAN_POINT('',(49.2,17.790822437031,-8.384575717709));
#10774 = VECTOR('',#10775,1.);
#10775 = DIRECTION('',(0.,0.996285378965,-8.611297034157E-02));
#10776 = ORIENTED_EDGE('',*,*,#10730,.F.);
#10777 = ORIENTED_EDGE('',*,*,#5746,.F.);
#10778 = PLANE('',#10779);
#10779 = AXIS2_PLACEMENT_3D('',#10780,#10781,#10782);
#10780 = CARTESIAN_POINT('',(50.,17.790822437031,-8.384575717709));
#10781 = DIRECTION('',(0.,-8.611297034157E-02,-0.996285378965));
#10782 = DIRECTION('',(0.,0.996285378965,-8.611297034157E-02));
#10783 = ADVANCED_FACE('',(#10784),#10802,.T.);
#10784 = FACE_BOUND('',#10785,.T.);
#10785 = EDGE_LOOP('',(#10786,#10787,#10795,#10801));
#10786 = ORIENTED_EDGE('',*,*,#10746,.T.);
#10787 = ORIENTED_EDGE('',*,*,#10788,.T.);
#10788 = EDGE_CURVE('',#10739,#10789,#10791,.T.);
#10789 = VERTEX_POINT('',#10790);
#10790 = CARTESIAN_POINT('',(49.2,16.561262442473,-8.748779944115));
#10791 = B_SPLINE_CURVE_WITH_KNOTS('',2,(#10792,#10793,#10794),
  .UNSPECIFIED.,.F.,.F.,(3,3),(0.,1.),.PIECEWISE_BEZIER_KNOTS.);
#10792 = CARTESIAN_POINT('',(49.2,17.359732371298,-9.056254960647));
#10793 = CARTESIAN_POINT('',(49.2,16.839960223285,-9.056254841663));
#10794 = CARTESIAN_POINT('',(49.2,16.561262442473,-8.748779944115));
#10795 = ORIENTED_EDGE('',*,*,#10796,.F.);
#10796 = EDGE_CURVE('',#5659,#10789,#10797,.T.);
#10797 = LINE('',#10798,#10799);
#10798 = CARTESIAN_POINT('',(50.,16.561262442473,-8.748779944115));
#10799 = VECTOR('',#10800,1.);
#10800 = DIRECTION('',(-1.,-0.,-0.));
#10801 = ORIENTED_EDGE('',*,*,#5658,.F.);
#10802 = SURFACE_OF_LINEAR_EXTRUSION('',#10803,#10807);
#10803 = B_SPLINE_CURVE_WITH_KNOTS('',2,(#10804,#10805,#10806),
  .UNSPECIFIED.,.F.,.F.,(3,3),(0.,1.),.PIECEWISE_BEZIER_KNOTS.);
#10804 = CARTESIAN_POINT('',(50.,17.359732371298,-9.056254960647));
#10805 = CARTESIAN_POINT('',(50.,16.839960223285,-9.056254841663));
#10806 = CARTESIAN_POINT('',(50.,16.561262442473,-8.748779944115));
#10807 = VECTOR('',#10808,1.);
#10808 = DIRECTION('',(1.,0.,0.));
#10809 = ADVANCED_FACE('',(#10810),#10828,.T.);
#10810 = FACE_BOUND('',#10811,.T.);
#10811 = EDGE_LOOP('',(#10812,#10820,#10826,#10827));
#10812 = ORIENTED_EDGE('',*,*,#10813,.T.);
#10813 = EDGE_CURVE('',#5731,#10814,#10816,.T.);
#10814 = VERTEX_POINT('',#10815);
#10815 = CARTESIAN_POINT('',(49.2,17.390023910933,-8.656310765011));
#10816 = LINE('',#10817,#10818);
#10817 = CARTESIAN_POINT('',(50.,17.390023910933,-8.656310765011));
#10818 = VECTOR('',#10819,1.);
#10819 = DIRECTION('',(-1.,-0.,-0.));
#10820 = ORIENTED_EDGE('',*,*,#10821,.T.);
#10821 = EDGE_CURVE('',#10814,#10764,#10822,.T.);
#10822 = B_SPLINE_CURVE_WITH_KNOTS('',2,(#10823,#10824,#10825),
  .UNSPECIFIED.,.F.,.F.,(3,3),(0.,1.),.PIECEWISE_BEZIER_KNOTS.);
#10823 = CARTESIAN_POINT('',(49.2,17.390023910933,-8.656310765011));
#10824 = CARTESIAN_POINT('',(49.2,17.707425755416,-8.65631083767));
#10825 = CARTESIAN_POINT('',(49.2,17.790822437031,-8.384575717709));
#10826 = ORIENTED_EDGE('',*,*,#10763,.F.);
#10827 = ORIENTED_EDGE('',*,*,#5738,.F.);
#10828 = SURFACE_OF_LINEAR_EXTRUSION('',#10829,#10833);
#10829 = B_SPLINE_CURVE_WITH_KNOTS('',2,(#10830,#10831,#10832),
  .UNSPECIFIED.,.F.,.F.,(3,3),(0.,1.),.PIECEWISE_BEZIER_KNOTS.);
#10830 = CARTESIAN_POINT('',(50.,17.390023910933,-8.656310765011));
#10831 = CARTESIAN_POINT('',(50.,17.707425755416,-8.65631083767));
#10832 = CARTESIAN_POINT('',(50.,17.790822437031,-8.384575717709));
#10833 = VECTOR('',#10834,1.);
#10834 = DIRECTION('',(1.,0.,0.));
#10835 = ADVANCED_FACE('',(#10836),#10854,.T.);
#10836 = FACE_BOUND('',#10837,.T.);
#10837 = EDGE_LOOP('',(#10838,#10839,#10847,#10853));
#10838 = ORIENTED_EDGE('',*,*,#10796,.T.);
#10839 = ORIENTED_EDGE('',*,*,#10840,.T.);
#10840 = EDGE_CURVE('',#10789,#10841,#10843,.T.);
#10841 = VERTEX_POINT('',#10842);
#10842 = CARTESIAN_POINT('',(49.2,16.283255021594,-7.852025556767));
#10843 = B_SPLINE_CURVE_WITH_KNOTS('',2,(#10844,#10845,#10846),
  .UNSPECIFIED.,.F.,.F.,(3,3),(0.,1.),.PIECEWISE_BEZIER_KNOTS.);
#10844 = CARTESIAN_POINT('',(49.2,16.561262442473,-8.748779944115));
#10845 = CARTESIAN_POINT('',(49.2,16.282564661662,-8.441305046567));
#10846 = CARTESIAN_POINT('',(49.2,16.283255021594,-7.852025556767));
#10847 = ORIENTED_EDGE('',*,*,#10848,.F.);
#10848 = EDGE_CURVE('',#5667,#10841,#10849,.T.);
#10849 = LINE('',#10850,#10851);
#10850 = CARTESIAN_POINT('',(50.,16.283255021594,-7.852025556767));
#10851 = VECTOR('',#10852,1.);
#10852 = DIRECTION('',(-1.,-0.,-0.));
#10853 = ORIENTED_EDGE('',*,*,#5666,.F.);
#10854 = SURFACE_OF_LINEAR_EXTRUSION('',#10855,#10859);
#10855 = B_SPLINE_CURVE_WITH_KNOTS('',2,(#10856,#10857,#10858),
  .UNSPECIFIED.,.F.,.F.,(3,3),(0.,1.),.PIECEWISE_BEZIER_KNOTS.);
#10856 = CARTESIAN_POINT('',(50.,16.561262442473,-8.748779944115));
#10857 = CARTESIAN_POINT('',(50.,16.282564661662,-8.441305046567));
#10858 = CARTESIAN_POINT('',(50.,16.283255021594,-7.852025556767));
#10859 = VECTOR('',#10860,1.);
#10860 = DIRECTION('',(1.,0.,0.));
#10861 = ADVANCED_FACE('',(#10862),#10880,.T.);
#10862 = FACE_BOUND('',#10863,.T.);
#10863 = EDGE_LOOP('',(#10864,#10872,#10878,#10879));
#10864 = ORIENTED_EDGE('',*,*,#10865,.T.);
#10865 = EDGE_CURVE('',#5723,#10866,#10868,.T.);
#10866 = VERTEX_POINT('',#10867);
#10867 = CARTESIAN_POINT('',(49.2,17.035472698041,-8.485270716366));
#10868 = LINE('',#10869,#10870);
#10869 = CARTESIAN_POINT('',(50.,17.035472698041,-8.485270716366));
#10870 = VECTOR('',#10871,1.);
#10871 = DIRECTION('',(-1.,-0.,-0.));
#10872 = ORIENTED_EDGE('',*,*,#10873,.T.);
#10873 = EDGE_CURVE('',#10866,#10814,#10874,.T.);
#10874 = B_SPLINE_CURVE_WITH_KNOTS('',2,(#10875,#10876,#10877),
  .UNSPECIFIED.,.F.,.F.,(3,3),(0.,1.),.PIECEWISE_BEZIER_KNOTS.);
#10875 = CARTESIAN_POINT('',(49.2,17.035472698041,-8.485270716366));
#10876 = CARTESIAN_POINT('',(49.2,17.159960829025,-8.656310712346));
#10877 = CARTESIAN_POINT('',(49.2,17.390023910933,-8.656310765011));
#10878 = ORIENTED_EDGE('',*,*,#10813,.F.);
#10879 = ORIENTED_EDGE('',*,*,#5730,.F.);
#10880 = SURFACE_OF_LINEAR_EXTRUSION('',#10881,#10885);
#10881 = B_SPLINE_CURVE_WITH_KNOTS('',2,(#10882,#10883,#10884),
  .UNSPECIFIED.,.F.,.F.,(3,3),(0.,1.),.PIECEWISE_BEZIER_KNOTS.);
#10882 = CARTESIAN_POINT('',(50.,17.035472698041,-8.485270716366));
#10883 = CARTESIAN_POINT('',(50.,17.159960829025,-8.656310712346));
#10884 = CARTESIAN_POINT('',(50.,17.390023910933,-8.656310765011));
#10885 = VECTOR('',#10886,1.);
#10886 = DIRECTION('',(1.,0.,0.));
#10887 = ADVANCED_FACE('',(#10888),#10906,.T.);
#10888 = FACE_BOUND('',#10889,.T.);
#10889 = EDGE_LOOP('',(#10890,#10891,#10899,#10905));
#10890 = ORIENTED_EDGE('',*,*,#10848,.T.);
#10891 = ORIENTED_EDGE('',*,*,#10892,.T.);
#10892 = EDGE_CURVE('',#10841,#10893,#10895,.T.);
#10893 = VERTEX_POINT('',#10894);
#10894 = CARTESIAN_POINT('',(49.2,16.567600263475,-6.975552156651));
#10895 = B_SPLINE_CURVE_WITH_KNOTS('',2,(#10896,#10897,#10898),
  .UNSPECIFIED.,.F.,.F.,(3,3),(0.,1.),.PIECEWISE_BEZIER_KNOTS.);
#10896 = CARTESIAN_POINT('',(49.2,16.283255021594,-7.852025556767));
#10897 = CARTESIAN_POINT('',(49.2,16.28392295106,-7.281892331979));
#10898 = CARTESIAN_POINT('',(49.2,16.567600263475,-6.975552156651));
#10899 = ORIENTED_EDGE('',*,*,#10900,.F.);
#10900 = EDGE_CURVE('',#5675,#10893,#10901,.T.);
#10901 = LINE('',#10902,#10903);
#10902 = CARTESIAN_POINT('',(50.,16.567600263475,-6.975552156651));
#10903 = VECTOR('',#10904,1.);
#10904 = DIRECTION('',(-1.,-0.,-0.));
#10905 = ORIENTED_EDGE('',*,*,#5674,.F.);
#10906 = SURFACE_OF_LINEAR_EXTRUSION('',#10907,#10911);
#10907 = B_SPLINE_CURVE_WITH_KNOTS('',2,(#10908,#10909,#10910),
  .UNSPECIFIED.,.F.,.F.,(3,3),(0.,1.),.PIECEWISE_BEZIER_KNOTS.);
#10908 = CARTESIAN_POINT('',(50.,16.283255021594,-7.852025556767));
#10909 = CARTESIAN_POINT('',(50.,16.28392295106,-7.281892331979));
#10910 = CARTESIAN_POINT('',(50.,16.567600263475,-6.975552156651));
#10911 = VECTOR('',#10912,1.);
#10912 = DIRECTION('',(1.,0.,0.));
#10913 = ADVANCED_FACE('',(#10914),#10932,.T.);
#10914 = FACE_BOUND('',#10915,.T.);
#10915 = EDGE_LOOP('',(#10916,#10924,#10930,#10931));
#10916 = ORIENTED_EDGE('',*,*,#10917,.T.);
#10917 = EDGE_CURVE('',#5715,#10918,#10920,.T.);
#10918 = VERTEX_POINT('',#10919);
#10919 = CARTESIAN_POINT('',(49.2,16.911520028314,-7.978391049698));
#10920 = LINE('',#10921,#10922);
#10921 = CARTESIAN_POINT('',(50.,16.911520028314,-7.978391049698));
#10922 = VECTOR('',#10923,1.);
#10923 = DIRECTION('',(-1.,-0.,-0.));
#10924 = ORIENTED_EDGE('',*,*,#10925,.T.);
#10925 = EDGE_CURVE('',#10918,#10866,#10926,.T.);
#10926 = B_SPLINE_CURVE_WITH_KNOTS('',2,(#10927,#10928,#10929),
  .UNSPECIFIED.,.F.,.F.,(3,3),(0.,1.),.PIECEWISE_BEZIER_KNOTS.);
#10927 = CARTESIAN_POINT('',(49.2,16.911520028314,-7.978391049698));
#10928 = CARTESIAN_POINT('',(49.2,16.911126581305,-8.314230720419));
#10929 = CARTESIAN_POINT('',(49.2,17.035472698041,-8.485270716366));
#10930 = ORIENTED_EDGE('',*,*,#10865,.F.);
#10931 = ORIENTED_EDGE('',*,*,#5722,.F.);
#10932 = SURFACE_OF_LINEAR_EXTRUSION('',#10933,#10937);
#10933 = B_SPLINE_CURVE_WITH_KNOTS('',2,(#10934,#10935,#10936),
  .UNSPECIFIED.,.F.,.F.,(3,3),(0.,1.),.PIECEWISE_BEZIER_KNOTS.);
#10934 = CARTESIAN_POINT('',(50.,16.911520028314,-7.978391049698));
#10935 = CARTESIAN_POINT('',(50.,16.911126581305,-8.314230720419));
#10936 = CARTESIAN_POINT('',(50.,17.035472698041,-8.485270716366));
#10937 = VECTOR('',#10938,1.);
#10938 = DIRECTION('',(1.,0.,0.));
#10939 = ADVANCED_FACE('',(#10940),#10958,.T.);
#10940 = FACE_BOUND('',#10941,.T.);
#10941 = EDGE_LOOP('',(#10942,#10943,#10951,#10957));
#10942 = ORIENTED_EDGE('',*,*,#10900,.T.);
#10943 = ORIENTED_EDGE('',*,*,#10944,.T.);
#10944 = EDGE_CURVE('',#10893,#10945,#10947,.T.);
#10945 = VERTEX_POINT('',#10946);
#10946 = CARTESIAN_POINT('',(49.2,17.371049890055,-6.669070276123));
#10947 = B_SPLINE_CURVE_WITH_KNOTS('',2,(#10948,#10949,#10950),
  .UNSPECIFIED.,.F.,.F.,(3,3),(0.,1.),.PIECEWISE_BEZIER_KNOTS.);
#10948 = CARTESIAN_POINT('',(49.2,16.567600263475,-6.975552156651));
#10949 = CARTESIAN_POINT('',(49.2,16.851277742042,-6.669070157138));
#10950 = CARTESIAN_POINT('',(49.2,17.371049890055,-6.669070276123));
#10951 = ORIENTED_EDGE('',*,*,#10952,.F.);
#10952 = EDGE_CURVE('',#5683,#10945,#10953,.T.);
#10953 = LINE('',#10954,#10955);
#10954 = CARTESIAN_POINT('',(50.,17.371049890055,-6.669070276123));
#10955 = VECTOR('',#10956,1.);
#10956 = DIRECTION('',(-1.,-0.,-0.));
#10957 = ORIENTED_EDGE('',*,*,#5682,.F.);
#10958 = SURFACE_OF_LINEAR_EXTRUSION('',#10959,#10963);
#10959 = B_SPLINE_CURVE_WITH_KNOTS('',2,(#10960,#10961,#10962),
  .UNSPECIFIED.,.F.,.F.,(3,3),(0.,1.),.PIECEWISE_BEZIER_KNOTS.);
#10960 = CARTESIAN_POINT('',(50.,16.567600263475,-6.975552156651));
#10961 = CARTESIAN_POINT('',(50.,16.851277742042,-6.669070157138));
#10962 = CARTESIAN_POINT('',(50.,17.371049890055,-6.669070276123));
#10963 = VECTOR('',#10964,1.);
#10964 = DIRECTION('',(1.,0.,0.));
#10965 = ADVANCED_FACE('',(#10966),#10984,.T.);
#10966 = FACE_BOUND('',#10967,.T.);
#10967 = EDGE_LOOP('',(#10968,#10976,#10982,#10983));
#10968 = ORIENTED_EDGE('',*,*,#10969,.T.);
#10969 = EDGE_CURVE('',#5707,#10970,#10972,.T.);
#10970 = VERTEX_POINT('',#10971);
#10971 = CARTESIAN_POINT('',(49.2,18.38988835094,-7.978391388122));
#10972 = LINE('',#10973,#10974);
#10973 = CARTESIAN_POINT('',(50.,18.38988835094,-7.978391388122));
#10974 = VECTOR('',#10975,1.);
#10975 = DIRECTION('',(-1.,-0.,-0.));
#10976 = ORIENTED_EDGE('',*,*,#10977,.T.);
#10977 = EDGE_CURVE('',#10970,#10918,#10978,.T.);
#10978 = LINE('',#10979,#10980);
#10979 = CARTESIAN_POINT('',(49.2,18.38988835094,-7.978391388122));
#10980 = VECTOR('',#10981,1.);
#10981 = DIRECTION('',(0.,-1.,2.28917140448E-07));
#10982 = ORIENTED_EDGE('',*,*,#10917,.F.);
#10983 = ORIENTED_EDGE('',*,*,#5714,.F.);
#10984 = PLANE('',#10985);
#10985 = AXIS2_PLACEMENT_3D('',#10986,#10987,#10988);
#10986 = CARTESIAN_POINT('',(50.,18.38988835094,-7.978391388122));
#10987 = DIRECTION('',(0.,2.28917140448E-07,1.));
#10988 = DIRECTION('',(0.,-1.,2.28917140448E-07));
#10989 = ADVANCED_FACE('',(#10990),#11008,.T.);
#10990 = FACE_BOUND('',#10991,.T.);
#10991 = EDGE_LOOP('',(#10992,#10993,#11001,#11007));
#10992 = ORIENTED_EDGE('',*,*,#10952,.T.);
#10993 = ORIENTED_EDGE('',*,*,#10994,.T.);
#10994 = EDGE_CURVE('',#10945,#10995,#10997,.T.);
#10995 = VERTEX_POINT('',#10996);
#10996 = CARTESIAN_POINT('',(49.2,18.129020503129,-6.998102559551));
#10997 = B_SPLINE_CURVE_WITH_KNOTS('',2,(#10998,#10999,#11000),
  .UNSPECIFIED.,.F.,.F.,(3,3),(0.,1.),.PIECEWISE_BEZIER_KNOTS.);
#10998 = CARTESIAN_POINT('',(49.2,17.371049890055,-6.669070276123));
#10999 = CARTESIAN_POINT('',(49.2,17.867389687133,-6.669070389743));
#11000 = CARTESIAN_POINT('',(49.2,18.129020503129,-6.998102559551));
#11001 = ORIENTED_EDGE('',*,*,#11002,.F.);
#11002 = EDGE_CURVE('',#5691,#10995,#11003,.T.);
#11003 = LINE('',#11004,#11005);
#11004 = CARTESIAN_POINT('',(50.,18.129020503129,-6.998102559551));
#11005 = VECTOR('',#11006,1.);
#11006 = DIRECTION('',(-1.,-0.,-0.));
#11007 = ORIENTED_EDGE('',*,*,#5690,.F.);
#11008 = SURFACE_OF_LINEAR_EXTRUSION('',#11009,#11013);
#11009 = B_SPLINE_CURVE_WITH_KNOTS('',2,(#11010,#11011,#11012),
  .UNSPECIFIED.,.F.,.F.,(3,3),(0.,1.),.PIECEWISE_BEZIER_KNOTS.);
#11010 = CARTESIAN_POINT('',(50.,17.371049890055,-6.669070276123));
#11011 = CARTESIAN_POINT('',(50.,17.867389687133,-6.669070389743));
#11012 = CARTESIAN_POINT('',(50.,18.129020503129,-6.998102559551));
#11013 = VECTOR('',#11014,1.);
#11014 = DIRECTION('',(1.,0.,0.));
#11015 = ADVANCED_FACE('',(#11016),#11034,.T.);
#11016 = FACE_BOUND('',#11017,.T.);
#11017 = EDGE_LOOP('',(#11018,#11026,#11032,#11033));
#11018 = ORIENTED_EDGE('',*,*,#11019,.T.);
#11019 = EDGE_CURVE('',#5699,#11020,#11022,.T.);
#11020 = VERTEX_POINT('',#11021);
#11021 = CARTESIAN_POINT('',(49.2,18.389908289133,-7.961372485889));
#11022 = LINE('',#11023,#11024);
#11023 = CARTESIAN_POINT('',(50.,18.389908289133,-7.961372485889));
#11024 = VECTOR('',#11025,1.);
#11025 = DIRECTION('',(-1.,-0.,-0.));
#11026 = ORIENTED_EDGE('',*,*,#11027,.T.);
#11027 = EDGE_CURVE('',#11020,#10970,#11028,.T.);
#11028 = LINE('',#11029,#11030);
#11029 = CARTESIAN_POINT('',(49.2,18.389908289133,-7.961372485889));
#11030 = VECTOR('',#11031,1.);
#11031 = DIRECTION('',(0.,-1.17153145647E-03,-0.999999313757));
#11032 = ORIENTED_EDGE('',*,*,#10969,.F.);
#11033 = ORIENTED_EDGE('',*,*,#5706,.F.);
#11034 = PLANE('',#11035);
#11035 = AXIS2_PLACEMENT_3D('',#11036,#11037,#11038);
#11036 = CARTESIAN_POINT('',(50.,18.389908289133,-7.961372485889));
#11037 = DIRECTION('',(0.,-0.999999313757,1.17153145647E-03));
#11038 = DIRECTION('',(0.,-1.17153145647E-03,-0.999999313757));
#11039 = ADVANCED_FACE('',(#11040),#11051,.T.);
#11040 = FACE_BOUND('',#11041,.T.);
#11041 = EDGE_LOOP('',(#11042,#11043,#11049,#11050));
#11042 = ORIENTED_EDGE('',*,*,#11002,.T.);
#11043 = ORIENTED_EDGE('',*,*,#11044,.T.);
#11044 = EDGE_CURVE('',#10995,#11020,#11045,.T.);
#11045 = B_SPLINE_CURVE_WITH_KNOTS('',2,(#11046,#11047,#11048),
  .UNSPECIFIED.,.F.,.F.,(3,3),(0.,1.),.PIECEWISE_BEZIER_KNOTS.);
#11046 = CARTESIAN_POINT('',(49.2,18.129020503129,-6.998102559551));
#11047 = CARTESIAN_POINT('',(49.2,18.390651485277,-7.326992905174));
#11048 = CARTESIAN_POINT('',(49.2,18.389908289133,-7.961372485889));
#11049 = ORIENTED_EDGE('',*,*,#11019,.F.);
#11050 = ORIENTED_EDGE('',*,*,#5698,.F.);
#11051 = SURFACE_OF_LINEAR_EXTRUSION('',#11052,#11056);
#11052 = B_SPLINE_CURVE_WITH_KNOTS('',2,(#11053,#11054,#11055),
  .UNSPECIFIED.,.F.,.F.,(3,3),(0.,1.),.PIECEWISE_BEZIER_KNOTS.);
#11053 = CARTESIAN_POINT('',(50.,18.129020503129,-6.998102559551));
#11054 = CARTESIAN_POINT('',(50.,18.390651485277,-7.326992905174));
#11055 = CARTESIAN_POINT('',(50.,18.389908289133,-7.961372485889));
#11056 = VECTOR('',#11057,1.);
#11057 = DIRECTION('',(1.,0.,0.));
#11058 = ADVANCED_FACE('',(#11059),#11084,.T.);
#11059 = FACE_BOUND('',#11060,.T.);
#11060 = EDGE_LOOP('',(#11061,#11069,#11077,#11083));
#11061 = ORIENTED_EDGE('',*,*,#11062,.T.);
#11062 = EDGE_CURVE('',#5755,#11063,#11065,.T.);
#11063 = VERTEX_POINT('',#11064);
#11064 = CARTESIAN_POINT('',(49.2,19.44143038833,-9.010871697885));
#11065 = LINE('',#11066,#11067);
#11066 = CARTESIAN_POINT('',(50.,19.44143038833,-9.010871697885));
#11067 = VECTOR('',#11068,1.);
#11068 = DIRECTION('',(-1.,-0.,-0.));
#11069 = ORIENTED_EDGE('',*,*,#11070,.T.);
#11070 = EDGE_CURVE('',#11063,#11071,#11073,.T.);
#11071 = VERTEX_POINT('',#11072);
#11072 = CARTESIAN_POINT('',(49.2,18.842840332626,-9.010871560857));
#11073 = LINE('',#11074,#11075);
#11074 = CARTESIAN_POINT('',(49.2,19.44143038833,-9.010871697885));
#11075 = VECTOR('',#11076,1.);
#11076 = DIRECTION('',(0.,-1.,2.28917142911E-07));
#11077 = ORIENTED_EDGE('',*,*,#11078,.F.);
#11078 = EDGE_CURVE('',#5757,#11071,#11079,.T.);
#11079 = LINE('',#11080,#11081);
#11080 = CARTESIAN_POINT('',(50.,18.842840332626,-9.010871560857));
#11081 = VECTOR('',#11082,1.);
#11082 = DIRECTION('',(-1.,-0.,-0.));
#11083 = ORIENTED_EDGE('',*,*,#5754,.F.);
#11084 = PLANE('',#11085);
#11085 = AXIS2_PLACEMENT_3D('',#11086,#11087,#11088);
#11086 = CARTESIAN_POINT('',(50.,19.44143038833,-9.010871697885));
#11087 = DIRECTION('',(0.,2.28917142911E-07,1.));
#11088 = DIRECTION('',(0.,-1.,2.28917142911E-07));
#11089 = ADVANCED_FACE('',(#11090),#11108,.T.);
#11090 = FACE_BOUND('',#11091,.T.);
#11091 = EDGE_LOOP('',(#11092,#11100,#11106,#11107));
#11092 = ORIENTED_EDGE('',*,*,#11093,.T.);
#11093 = EDGE_CURVE('',#5877,#11094,#11096,.T.);
#11094 = VERTEX_POINT('',#11095);
#11095 = CARTESIAN_POINT('',(49.2,19.442756942771,-7.878547402684));
#11096 = LINE('',#11097,#11098);
#11097 = CARTESIAN_POINT('',(50.,19.442756942771,-7.878547402684));
#11098 = VECTOR('',#11099,1.);
#11099 = DIRECTION('',(-1.,-0.,-0.));
#11100 = ORIENTED_EDGE('',*,*,#11101,.T.);
#11101 = EDGE_CURVE('',#11094,#11063,#11102,.T.);
#11102 = LINE('',#11103,#11104);
#11103 = CARTESIAN_POINT('',(49.2,19.442756942771,-7.878547402684));
#11104 = VECTOR('',#11105,1.);
#11105 = DIRECTION('',(0.,-1.171531456477E-03,-0.999999313757));
#11106 = ORIENTED_EDGE('',*,*,#11062,.F.);
#11107 = ORIENTED_EDGE('',*,*,#5884,.F.);
#11108 = PLANE('',#11109);
#11109 = AXIS2_PLACEMENT_3D('',#11110,#11111,#11112);
#11110 = CARTESIAN_POINT('',(50.,19.442756942771,-7.878547402684));
#11111 = DIRECTION('',(0.,-0.999999313757,1.171531456477E-03));
#11112 = DIRECTION('',(0.,-1.171531456477E-03,-0.999999313757));
#11113 = ADVANCED_FACE('',(#11114),#11132,.T.);
#11114 = FACE_BOUND('',#11115,.T.);
#11115 = EDGE_LOOP('',(#11116,#11117,#11125,#11131));
#11116 = ORIENTED_EDGE('',*,*,#11078,.T.);
#11117 = ORIENTED_EDGE('',*,*,#11118,.T.);
#11118 = EDGE_CURVE('',#11071,#11119,#11121,.T.);
#11119 = VERTEX_POINT('',#11120);
#11120 = CARTESIAN_POINT('',(49.2,18.844907258634,-7.246578696091));
#11121 = LINE('',#11122,#11123);
#11122 = CARTESIAN_POINT('',(49.2,18.842840332626,-9.010871560857));
#11123 = VECTOR('',#11124,1.);
#11124 = DIRECTION('',(0.,1.171531456478E-03,0.999999313757));
#11125 = ORIENTED_EDGE('',*,*,#11126,.F.);
#11126 = EDGE_CURVE('',#5765,#11119,#11127,.T.);
#11127 = LINE('',#11128,#11129);
#11128 = CARTESIAN_POINT('',(50.,18.844907258634,-7.246578696091));
#11129 = VECTOR('',#11130,1.);
#11130 = DIRECTION('',(-1.,-0.,-0.));
#11131 = ORIENTED_EDGE('',*,*,#5764,.F.);
#11132 = PLANE('',#11133);
#11133 = AXIS2_PLACEMENT_3D('',#11134,#11135,#11136);
#11134 = CARTESIAN_POINT('',(50.,18.842840332626,-9.010871560857));
#11135 = DIRECTION('',(0.,0.999999313757,-1.171531456478E-03));
#11136 = DIRECTION('',(0.,1.171531456478E-03,0.999999313757));
#11137 = ADVANCED_FACE('',(#11138),#11156,.T.);
#11138 = FACE_BOUND('',#11139,.T.);
#11139 = EDGE_LOOP('',(#11140,#11148,#11154,#11155));
#11140 = ORIENTED_EDGE('',*,*,#11141,.T.);
#11141 = EDGE_CURVE('',#5869,#11142,#11144,.T.);
#11142 = VERTEX_POINT('',#11143);
#11143 = CARTESIAN_POINT('',(49.2,19.56793298679,-7.341175593205));
#11144 = LINE('',#11145,#11146);
#11145 = CARTESIAN_POINT('',(50.,19.56793298679,-7.341175593205));
#11146 = VECTOR('',#11147,1.);
#11147 = DIRECTION('',(-1.,-0.,-0.));
#11148 = ORIENTED_EDGE('',*,*,#11149,.T.);
#11149 = EDGE_CURVE('',#11142,#11094,#11150,.T.);
#11150 = B_SPLINE_CURVE_WITH_KNOTS('',2,(#11151,#11152,#11153),
  .UNSPECIFIED.,.F.,.F.,(3,3),(0.,1.),.PIECEWISE_BEZIER_KNOTS.);
#11151 = CARTESIAN_POINT('',(49.2,19.56793298679,-7.341175593205));
#11152 = CARTESIAN_POINT('',(49.2,19.443174149459,-7.52242687347));
#11153 = CARTESIAN_POINT('',(49.2,19.442756942771,-7.878547402684));
#11154 = ORIENTED_EDGE('',*,*,#11093,.F.);
#11155 = ORIENTED_EDGE('',*,*,#5876,.F.);
#11156 = SURFACE_OF_LINEAR_EXTRUSION('',#11157,#11161);
#11157 = B_SPLINE_CURVE_WITH_KNOTS('',2,(#11158,#11159,#11160),
  .UNSPECIFIED.,.F.,.F.,(3,3),(0.,1.),.PIECEWISE_BEZIER_KNOTS.);
#11158 = CARTESIAN_POINT('',(50.,19.56793298679,-7.341175593205));
#11159 = CARTESIAN_POINT('',(50.,19.443174149459,-7.52242687347));
#11160 = CARTESIAN_POINT('',(50.,19.442756942771,-7.878547402684));
#11161 = VECTOR('',#11162,1.);
#11162 = DIRECTION('',(1.,0.,0.));
#11163 = ADVANCED_FACE('',(#11164),#11182,.T.);
#11164 = FACE_BOUND('',#11165,.T.);
#11165 = EDGE_LOOP('',(#11166,#11167,#11175,#11181));
#11166 = ORIENTED_EDGE('',*,*,#11126,.T.);
#11167 = ORIENTED_EDGE('',*,*,#11168,.T.);
#11168 = EDGE_CURVE('',#11119,#11169,#11171,.T.);
#11169 = VERTEX_POINT('',#11170);
#11170 = CARTESIAN_POINT('',(49.2,18.839881401445,-6.930168937517));
#11171 = B_SPLINE_CURVE_WITH_KNOTS('',2,(#11172,#11173,#11174),
  .UNSPECIFIED.,.F.,.F.,(3,3),(0.,1.),.PIECEWISE_BEZIER_KNOTS.);
#11172 = CARTESIAN_POINT('',(49.2,18.844907258634,-7.246578696091));
#11173 = CARTESIAN_POINT('',(49.2,18.845129403335,-7.056959760384));
#11174 = CARTESIAN_POINT('',(49.2,18.839881401445,-6.930168937517));
#11175 = ORIENTED_EDGE('',*,*,#11176,.F.);
#11176 = EDGE_CURVE('',#5773,#11169,#11177,.T.);
#11177 = LINE('',#11178,#11179);
#11178 = CARTESIAN_POINT('',(50.,18.839881401445,-6.930168937517));
#11179 = VECTOR('',#11180,1.);
#11180 = DIRECTION('',(-1.,-0.,-0.));
#11181 = ORIENTED_EDGE('',*,*,#5772,.F.);
#11182 = SURFACE_OF_LINEAR_EXTRUSION('',#11183,#11187);
#11183 = B_SPLINE_CURVE_WITH_KNOTS('',2,(#11184,#11185,#11186),
  .UNSPECIFIED.,.F.,.F.,(3,3),(0.,1.),.PIECEWISE_BEZIER_KNOTS.);
#11184 = CARTESIAN_POINT('',(50.,18.844907258634,-7.246578696091));
#11185 = CARTESIAN_POINT('',(50.,18.845129403335,-7.056959760384));
#11186 = CARTESIAN_POINT('',(50.,18.839881401445,-6.930168937517));
#11187 = VECTOR('',#11188,1.);
#11188 = DIRECTION('',(1.,0.,0.));
#11189 = ADVANCED_FACE('',(#11190),#11208,.T.);
#11190 = FACE_BOUND('',#11191,.T.);
#11191 = EDGE_LOOP('',(#11192,#11200,#11206,#11207));
#11192 = ORIENTED_EDGE('',*,*,#11193,.T.);
#11193 = EDGE_CURVE('',#5861,#11194,#11196,.T.);
#11194 = VERTEX_POINT('',#11195);
#11195 = CARTESIAN_POINT('',(49.2,19.916506279113,-7.159924364175));
#11196 = LINE('',#11197,#11198);
#11197 = CARTESIAN_POINT('',(50.,19.916506279113,-7.159924364175));
#11198 = VECTOR('',#11199,1.);
#11199 = DIRECTION('',(-1.,-0.,-0.));
#11200 = ORIENTED_EDGE('',*,*,#11201,.T.);
#11201 = EDGE_CURVE('',#11194,#11142,#11202,.T.);
#11202 = B_SPLINE_CURVE_WITH_KNOTS('',2,(#11203,#11204,#11205),
  .UNSPECIFIED.,.F.,.F.,(3,3),(0.,1.),.PIECEWISE_BEZIER_KNOTS.);
#11203 = CARTESIAN_POINT('',(49.2,19.916506279113,-7.159924364175));
#11204 = CARTESIAN_POINT('',(49.2,19.69283383837,-7.159924312972));
#11205 = CARTESIAN_POINT('',(49.2,19.56793298679,-7.341175593205));
#11206 = ORIENTED_EDGE('',*,*,#11141,.F.);
#11207 = ORIENTED_EDGE('',*,*,#5868,.F.);
#11208 = SURFACE_OF_LINEAR_EXTRUSION('',#11209,#11213);
#11209 = B_SPLINE_CURVE_WITH_KNOTS('',2,(#11210,#11211,#11212),
  .UNSPECIFIED.,.F.,.F.,(3,3),(0.,1.),.PIECEWISE_BEZIER_KNOTS.);
#11210 = CARTESIAN_POINT('',(50.,19.916506279113,-7.159924364175));
#11211 = CARTESIAN_POINT('',(50.,19.69283383837,-7.159924312972));
#11212 = CARTESIAN_POINT('',(50.,19.56793298679,-7.341175593205));
#11213 = VECTOR('',#11214,1.);
#11214 = DIRECTION('',(1.,0.,0.));
#11215 = ADVANCED_FACE('',(#11216),#11234,.T.);
#11216 = FACE_BOUND('',#11217,.T.);
#11217 = EDGE_LOOP('',(#11218,#11219,#11227,#11233));
#11218 = ORIENTED_EDGE('',*,*,#11176,.T.);
#11219 = ORIENTED_EDGE('',*,*,#11220,.T.);
#11220 = EDGE_CURVE('',#11169,#11221,#11223,.T.);
#11221 = VERTEX_POINT('',#11222);
#11222 = CARTESIAN_POINT('',(49.2,18.828499583401,-6.705377601197));
#11223 = B_SPLINE_CURVE_WITH_KNOTS('',2,(#11224,#11225,#11226),
  .UNSPECIFIED.,.F.,.F.,(3,3),(0.,1.),.PIECEWISE_BEZIER_KNOTS.);
#11224 = CARTESIAN_POINT('',(49.2,18.839881401445,-6.930168937517));
#11225 = CARTESIAN_POINT('',(49.2,18.834775413803,-6.803378114682));
#11226 = CARTESIAN_POINT('',(49.2,18.828499583401,-6.705377601197));
#11227 = ORIENTED_EDGE('',*,*,#11228,.F.);
#11228 = EDGE_CURVE('',#5781,#11221,#11229,.T.);
#11229 = LINE('',#11230,#11231);
#11230 = CARTESIAN_POINT('',(50.,18.828499583401,-6.705377601197));
#11231 = VECTOR('',#11232,1.);
#11232 = DIRECTION('',(-1.,-0.,-0.));
#11233 = ORIENTED_EDGE('',*,*,#5780,.F.);
#11234 = SURFACE_OF_LINEAR_EXTRUSION('',#11235,#11239);
#11235 = B_SPLINE_CURVE_WITH_KNOTS('',2,(#11236,#11237,#11238),
  .UNSPECIFIED.,.F.,.F.,(3,3),(0.,1.),.PIECEWISE_BEZIER_KNOTS.);
#11236 = CARTESIAN_POINT('',(50.,18.839881401445,-6.930168937517));
#11237 = CARTESIAN_POINT('',(50.,18.834775413803,-6.803378114682));
#11238 = CARTESIAN_POINT('',(50.,18.828499583401,-6.705377601197));
#11239 = VECTOR('',#11240,1.);
#11240 = DIRECTION('',(1.,0.,0.));
#11241 = ADVANCED_FACE('',(#11242),#11260,.T.);
#11242 = FACE_BOUND('',#11243,.T.);
#11243 = EDGE_LOOP('',(#11244,#11252,#11258,#11259));
#11244 = ORIENTED_EDGE('',*,*,#11245,.T.);
#11245 = EDGE_CURVE('',#5853,#11246,#11248,.T.);
#11246 = VERTEX_POINT('',#11247);
#11247 = CARTESIAN_POINT('',(49.2,20.172094541565,-7.191834864378));
#11248 = LINE('',#11249,#11250);
#11249 = CARTESIAN_POINT('',(50.,20.172094541565,-7.191834864378));
#11250 = VECTOR('',#11251,1.);
#11251 = DIRECTION('',(-1.,-0.,-0.));
#11252 = ORIENTED_EDGE('',*,*,#11253,.T.);
#11253 = EDGE_CURVE('',#11246,#11194,#11254,.T.);
#11254 = B_SPLINE_CURVE_WITH_KNOTS('',2,(#11255,#11256,#11257),
  .UNSPECIFIED.,.F.,.F.,(3,3),(0.,1.),.PIECEWISE_BEZIER_KNOTS.);
#11255 = CARTESIAN_POINT('',(49.2,20.172094541565,-7.191834864378));
#11256 = CARTESIAN_POINT('',(49.2,20.027277392624,-7.159924389532));
#11257 = CARTESIAN_POINT('',(49.2,19.916506279113,-7.159924364175));
#11258 = ORIENTED_EDGE('',*,*,#11193,.F.);
#11259 = ORIENTED_EDGE('',*,*,#5860,.F.);
#11260 = SURFACE_OF_LINEAR_EXTRUSION('',#11261,#11265);
#11261 = B_SPLINE_CURVE_WITH_KNOTS('',2,(#11262,#11263,#11264),
  .UNSPECIFIED.,.F.,.F.,(3,3),(0.,1.),.PIECEWISE_BEZIER_KNOTS.);
#11262 = CARTESIAN_POINT('',(50.,20.172094541565,-7.191834864378));
#11263 = CARTESIAN_POINT('',(50.,20.027277392624,-7.159924389532));
#11264 = CARTESIAN_POINT('',(50.,19.916506279113,-7.159924364175));
#11265 = VECTOR('',#11266,1.);
#11266 = DIRECTION('',(1.,0.,0.));
#11267 = ADVANCED_FACE('',(#11268),#11286,.T.);
#11268 = FACE_BOUND('',#11269,.T.);
#11269 = EDGE_LOOP('',(#11270,#11271,#11279,#11285));
#11270 = ORIENTED_EDGE('',*,*,#11228,.T.);
#11271 = ORIENTED_EDGE('',*,*,#11272,.T.);
#11272 = EDGE_CURVE('',#11221,#11273,#11275,.T.);
#11273 = VERTEX_POINT('',#11274);
#11274 = CARTESIAN_POINT('',(49.2,19.399396860726,-6.705377731885));
#11275 = LINE('',#11276,#11277);
#11276 = CARTESIAN_POINT('',(49.2,18.828499583401,-6.705377601197));
#11277 = VECTOR('',#11278,1.);
#11278 = DIRECTION('',(0.,1.,-2.28917140569E-07));
#11279 = ORIENTED_EDGE('',*,*,#11280,.F.);
#11280 = EDGE_CURVE('',#5789,#11273,#11281,.T.);
#11281 = LINE('',#11282,#11283);
#11282 = CARTESIAN_POINT('',(50.,19.399396860726,-6.705377731885));
#11283 = VECTOR('',#11284,1.);
#11284 = DIRECTION('',(-1.,-0.,-0.));
#11285 = ORIENTED_EDGE('',*,*,#5788,.F.);
#11286 = PLANE('',#11287);
#11287 = AXIS2_PLACEMENT_3D('',#11288,#11289,#11290);
#11288 = CARTESIAN_POINT('',(50.,18.828499583401,-6.705377601197));
#11289 = DIRECTION('',(0.,-2.28917140569E-07,-1.));
#11290 = DIRECTION('',(0.,1.,-2.28917140569E-07));
#11291 = ADVANCED_FACE('',(#11292),#11310,.T.);
#11292 = FACE_BOUND('',#11293,.T.);
#11293 = EDGE_LOOP('',(#11294,#11302,#11308,#11309));
#11294 = ORIENTED_EDGE('',*,*,#11295,.T.);
#11295 = EDGE_CURVE('',#5845,#11296,#11298,.T.);
#11296 = VERTEX_POINT('',#11297);
#11297 = CARTESIAN_POINT('',(49.2,20.172680225984,-6.691904611299));
#11298 = LINE('',#11299,#11300);
#11299 = CARTESIAN_POINT('',(50.,20.172680225984,-6.691904611299));
#11300 = VECTOR('',#11301,1.);
#11301 = DIRECTION('',(-1.,-0.,-0.));
#11302 = ORIENTED_EDGE('',*,*,#11303,.T.);
#11303 = EDGE_CURVE('',#11296,#11246,#11304,.T.);
#11304 = LINE('',#11305,#11306);
#11305 = CARTESIAN_POINT('',(49.2,20.172680225984,-6.691904611299));
#11306 = VECTOR('',#11307,1.);
#11307 = DIRECTION('',(0.,-1.171531456477E-03,-0.999999313757));
#11308 = ORIENTED_EDGE('',*,*,#11245,.F.);
#11309 = ORIENTED_EDGE('',*,*,#5852,.F.);
#11310 = PLANE('',#11311);
#11311 = AXIS2_PLACEMENT_3D('',#11312,#11313,#11314);
#11312 = CARTESIAN_POINT('',(50.,20.172680225984,-6.691904611299));
#11313 = DIRECTION('',(0.,-0.999999313757,1.171531456477E-03));
#11314 = DIRECTION('',(0.,-1.171531456477E-03,-0.999999313757));
#11315 = ADVANCED_FACE('',(#11316),#11334,.T.);
#11316 = FACE_BOUND('',#11317,.T.);
#11317 = EDGE_LOOP('',(#11318,#11319,#11327,#11333));
#11318 = ORIENTED_EDGE('',*,*,#11280,.T.);
#11319 = ORIENTED_EDGE('',*,*,#11320,.T.);
#11320 = EDGE_CURVE('',#11273,#11321,#11323,.T.);
#11321 = VERTEX_POINT('',#11322);
#11322 = CARTESIAN_POINT('',(49.2,19.416165915708,-6.938111223815));
#11323 = B_SPLINE_CURVE_WITH_KNOTS('',2,(#11324,#11325,#11326),
  .UNSPECIFIED.,.F.,.F.,(3,3),(0.,1.),.PIECEWISE_BEZIER_KNOTS.);
#11324 = CARTESIAN_POINT('',(49.2,19.399396860726,-6.705377731885));
#11325 = CARTESIAN_POINT('',(49.2,19.405742640956,-6.743670263371));
#11326 = CARTESIAN_POINT('',(49.2,19.416165915708,-6.938111223815));
#11327 = ORIENTED_EDGE('',*,*,#11328,.F.);
#11328 = EDGE_CURVE('',#5797,#11321,#11329,.T.);
#11329 = LINE('',#11330,#11331);
#11330 = CARTESIAN_POINT('',(50.,19.416165915708,-6.938111223815));
#11331 = VECTOR('',#11332,1.);
#11332 = DIRECTION('',(-1.,-0.,-0.));
#11333 = ORIENTED_EDGE('',*,*,#5796,.F.);
#11334 = SURFACE_OF_LINEAR_EXTRUSION('',#11335,#11339);
#11335 = B_SPLINE_CURVE_WITH_KNOTS('',2,(#11336,#11337,#11338),
  .UNSPECIFIED.,.F.,.F.,(3,3),(0.,1.),.PIECEWISE_BEZIER_KNOTS.);
#11336 = CARTESIAN_POINT('',(50.,19.399396860726,-6.705377731885));
#11337 = CARTESIAN_POINT('',(50.,19.405742640956,-6.743670263371));
#11338 = CARTESIAN_POINT('',(50.,19.416165915708,-6.938111223815));
#11339 = VECTOR('',#11340,1.);
#11340 = DIRECTION('',(1.,0.,0.));
#11341 = ADVANCED_FACE('',(#11342),#11360,.T.);
#11342 = FACE_BOUND('',#11343,.T.);
#11343 = EDGE_LOOP('',(#11344,#11352,#11358,#11359));
#11344 = ORIENTED_EDGE('',*,*,#11345,.T.);
#11345 = EDGE_CURVE('',#5837,#11346,#11348,.T.);
#11346 = VERTEX_POINT('',#11347);
#11347 = CARTESIAN_POINT('',(49.2,19.987389016337,-6.659994127188));
#11348 = LINE('',#11349,#11350);
#11349 = CARTESIAN_POINT('',(50.,19.987389016337,-6.659994127188));
#11350 = VECTOR('',#11351,1.);
#11351 = DIRECTION('',(-1.,-0.,-0.));
#11352 = ORIENTED_EDGE('',*,*,#11353,.T.);
#11353 = EDGE_CURVE('',#11346,#11296,#11354,.T.);
#11354 = B_SPLINE_CURVE_WITH_KNOTS('',2,(#11355,#11356,#11357),
  .UNSPECIFIED.,.F.,.F.,(3,3),(0.,1.),.PIECEWISE_BEZIER_KNOTS.);
#11355 = CARTESIAN_POINT('',(49.2,19.987389016337,-6.659994127188));
#11356 = CARTESIAN_POINT('',(49.2,20.102420557291,-6.659994153521));
#11357 = CARTESIAN_POINT('',(49.2,20.172680225984,-6.691904611299));
#11358 = ORIENTED_EDGE('',*,*,#11295,.F.);
#11359 = ORIENTED_EDGE('',*,*,#5844,.F.);
#11360 = SURFACE_OF_LINEAR_EXTRUSION('',#11361,#11365);
#11361 = B_SPLINE_CURVE_WITH_KNOTS('',2,(#11362,#11363,#11364),
  .UNSPECIFIED.,.F.,.F.,(3,3),(0.,1.),.PIECEWISE_BEZIER_KNOTS.);
#11362 = CARTESIAN_POINT('',(50.,19.987389016337,-6.659994127188));
#11363 = CARTESIAN_POINT('',(50.,20.102420557291,-6.659994153521));
#11364 = CARTESIAN_POINT('',(50.,20.172680225984,-6.691904611299));
#11365 = VECTOR('',#11366,1.);
#11366 = DIRECTION('',(1.,0.,0.));
#11367 = ADVANCED_FACE('',(#11368),#11386,.T.);
#11368 = FACE_BOUND('',#11369,.T.);
#11369 = EDGE_LOOP('',(#11370,#11371,#11379,#11385));
#11370 = ORIENTED_EDGE('',*,*,#11328,.T.);
#11371 = ORIENTED_EDGE('',*,*,#11372,.T.);
#11372 = EDGE_CURVE('',#11321,#11373,#11375,.T.);
#11373 = VERTEX_POINT('',#11374);
#11374 = CARTESIAN_POINT('',(49.2,19.426514754539,-7.196089419261));
#11375 = B_SPLINE_CURVE_WITH_KNOTS('',2,(#11376,#11377,#11378),
  .UNSPECIFIED.,.F.,.F.,(3,3),(0.,1.),.PIECEWISE_BEZIER_KNOTS.);
#11376 = CARTESIAN_POINT('',(49.2,19.416165915708,-6.938111223815));
#11377 = CARTESIAN_POINT('',(49.2,19.426589356611,-7.132410360074));
#11378 = CARTESIAN_POINT('',(49.2,19.426514754539,-7.196089419261));
#11379 = ORIENTED_EDGE('',*,*,#11380,.F.);
#11380 = EDGE_CURVE('',#5805,#11373,#11381,.T.);
#11381 = LINE('',#11382,#11383);
#11382 = CARTESIAN_POINT('',(50.,19.426514754539,-7.196089419261));
#11383 = VECTOR('',#11384,1.);
#11384 = DIRECTION('',(-1.,-0.,-0.));
#11385 = ORIENTED_EDGE('',*,*,#5804,.F.);
#11386 = SURFACE_OF_LINEAR_EXTRUSION('',#11387,#11391);
#11387 = B_SPLINE_CURVE_WITH_KNOTS('',2,(#11388,#11389,#11390),
  .UNSPECIFIED.,.F.,.F.,(3,3),(0.,1.),.PIECEWISE_BEZIER_KNOTS.);
#11388 = CARTESIAN_POINT('',(50.,19.416165915708,-6.938111223815));
#11389 = CARTESIAN_POINT('',(50.,19.426589356611,-7.132410360074));
#11390 = CARTESIAN_POINT('',(50.,19.426514754539,-7.196089419261));
#11391 = VECTOR('',#11392,1.);
#11392 = DIRECTION('',(1.,0.,0.));
#11393 = ADVANCED_FACE('',(#11394),#11412,.T.);
#11394 = FACE_BOUND('',#11395,.T.);
#11395 = EDGE_LOOP('',(#11396,#11404,#11410,#11411));
#11396 = ORIENTED_EDGE('',*,*,#11397,.T.);
#11397 = EDGE_CURVE('',#5829,#11398,#11400,.T.);
#11398 = VERTEX_POINT('',#11399);
#11399 = CARTESIAN_POINT('',(49.2,19.753009347744,-6.707930648169));
#11400 = LINE('',#11401,#11402);
#11401 = CARTESIAN_POINT('',(50.,19.753009347744,-6.707930648169));
#11402 = VECTOR('',#11403,1.);
#11403 = DIRECTION('',(-1.,-0.,-0.));
#11404 = ORIENTED_EDGE('',*,*,#11405,.T.);
#11405 = EDGE_CURVE('',#11398,#11346,#11406,.T.);
#11406 = B_SPLINE_CURVE_WITH_KNOTS('',2,(#11407,#11408,#11409),
  .UNSPECIFIED.,.F.,.F.,(3,3),(0.,1.),.PIECEWISE_BEZIER_KNOTS.);
#11407 = CARTESIAN_POINT('',(49.2,19.753009347744,-6.707930648169));
#11408 = CARTESIAN_POINT('',(49.2,19.846794910727,-6.659994095003));
#11409 = CARTESIAN_POINT('',(49.2,19.987389016337,-6.659994127188));
#11410 = ORIENTED_EDGE('',*,*,#11345,.F.);
#11411 = ORIENTED_EDGE('',*,*,#5836,.F.);
#11412 = SURFACE_OF_LINEAR_EXTRUSION('',#11413,#11417);
#11413 = B_SPLINE_CURVE_WITH_KNOTS('',2,(#11414,#11415,#11416),
  .UNSPECIFIED.,.F.,.F.,(3,3),(0.,1.),.PIECEWISE_BEZIER_KNOTS.);
#11414 = CARTESIAN_POINT('',(50.,19.753009347744,-6.707930648169));
#11415 = CARTESIAN_POINT('',(50.,19.846794910727,-6.659994095003));
#11416 = CARTESIAN_POINT('',(50.,19.987389016337,-6.659994127188));
#11417 = VECTOR('',#11418,1.);
#11418 = DIRECTION('',(1.,0.,0.));
#11419 = ADVANCED_FACE('',(#11420),#11438,.T.);
#11420 = FACE_BOUND('',#11421,.T.);
#11421 = EDGE_LOOP('',(#11422,#11423,#11431,#11437));
#11422 = ORIENTED_EDGE('',*,*,#11380,.T.);
#11423 = ORIENTED_EDGE('',*,*,#11424,.T.);
#11424 = EDGE_CURVE('',#11373,#11425,#11427,.T.);
#11425 = VERTEX_POINT('',#11426);
#11426 = CARTESIAN_POINT('',(49.2,19.435035609425,-7.196089421211));
#11427 = LINE('',#11428,#11429);
#11428 = CARTESIAN_POINT('',(49.2,19.426514754539,-7.196089419261));
#11429 = VECTOR('',#11430,1.);
#11430 = DIRECTION('',(0.,1.,-2.289171110096E-07));
#11431 = ORIENTED_EDGE('',*,*,#11432,.F.);
#11432 = EDGE_CURVE('',#5813,#11425,#11433,.T.);
#11433 = LINE('',#11434,#11435);
#11434 = CARTESIAN_POINT('',(50.,19.435035609425,-7.196089421211));
#11435 = VECTOR('',#11436,1.);
#11436 = DIRECTION('',(-1.,-0.,-0.));
#11437 = ORIENTED_EDGE('',*,*,#5812,.F.);
#11438 = PLANE('',#11439);
#11439 = AXIS2_PLACEMENT_3D('',#11440,#11441,#11442);
#11440 = CARTESIAN_POINT('',(50.,19.426514754539,-7.196089419261));
#11441 = DIRECTION('',(0.,-2.289171110096E-07,-1.));
#11442 = DIRECTION('',(0.,1.,-2.289171110096E-07));
#11443 = ADVANCED_FACE('',(#11444),#11462,.T.);
#11444 = FACE_BOUND('',#11445,.T.);
#11445 = EDGE_LOOP('',(#11446,#11454,#11460,#11461));
#11446 = ORIENTED_EDGE('',*,*,#11447,.T.);
#11447 = EDGE_CURVE('',#5821,#11448,#11450,.T.);
#11448 = VERTEX_POINT('',#11449);
#11449 = CARTESIAN_POINT('',(49.2,19.590941138006,-6.854718642863));
#11450 = LINE('',#11451,#11452);
#11451 = CARTESIAN_POINT('',(50.,19.590941138006,-6.854718642863));
#11452 = VECTOR('',#11453,1.);
#11453 = DIRECTION('',(-1.,-0.,-0.));
#11454 = ORIENTED_EDGE('',*,*,#11455,.T.);
#11455 = EDGE_CURVE('',#11448,#11398,#11456,.T.);
#11456 = B_SPLINE_CURVE_WITH_KNOTS('',2,(#11457,#11458,#11459),
  .UNSPECIFIED.,.F.,.F.,(3,3),(0.,1.),.PIECEWISE_BEZIER_KNOTS.);
#11457 = CARTESIAN_POINT('',(49.2,19.590941138006,-6.854718642863));
#11458 = CARTESIAN_POINT('',(49.2,19.659223950912,-6.755725377149));
#11459 = CARTESIAN_POINT('',(49.2,19.753009347744,-6.707930648169));
#11460 = ORIENTED_EDGE('',*,*,#11397,.F.);
#11461 = ORIENTED_EDGE('',*,*,#5828,.F.);
#11462 = SURFACE_OF_LINEAR_EXTRUSION('',#11463,#11467);
#11463 = B_SPLINE_CURVE_WITH_KNOTS('',2,(#11464,#11465,#11466),
  .UNSPECIFIED.,.F.,.F.,(3,3),(0.,1.),.PIECEWISE_BEZIER_KNOTS.);
#11464 = CARTESIAN_POINT('',(50.,19.590941138006,-6.854718642863));
#11465 = CARTESIAN_POINT('',(50.,19.659223950912,-6.755725377149));
#11466 = CARTESIAN_POINT('',(50.,19.753009347744,-6.707930648169));
#11467 = VECTOR('',#11468,1.);
#11468 = DIRECTION('',(1.,0.,0.));
#11469 = ADVANCED_FACE('',(#11470),#11481,.T.);
#11470 = FACE_BOUND('',#11471,.T.);
#11471 = EDGE_LOOP('',(#11472,#11473,#11479,#11480));
#11472 = ORIENTED_EDGE('',*,*,#11432,.T.);
#11473 = ORIENTED_EDGE('',*,*,#11474,.T.);
#11474 = EDGE_CURVE('',#11425,#11448,#11475,.T.);
#11475 = B_SPLINE_CURVE_WITH_KNOTS('',2,(#11476,#11477,#11478),
  .UNSPECIFIED.,.F.,.F.,(3,3),(0.,1.),.PIECEWISE_BEZIER_KNOTS.);
#11476 = CARTESIAN_POINT('',(49.2,19.435035609425,-7.196089421211));
#11477 = CARTESIAN_POINT('',(49.2,19.522658491251,-6.953570084392));
#11478 = CARTESIAN_POINT('',(49.2,19.590941138006,-6.854718642863));
#11479 = ORIENTED_EDGE('',*,*,#11447,.F.);
#11480 = ORIENTED_EDGE('',*,*,#5820,.F.);
#11481 = SURFACE_OF_LINEAR_EXTRUSION('',#11482,#11486);
#11482 = B_SPLINE_CURVE_WITH_KNOTS('',2,(#11483,#11484,#11485),
  .UNSPECIFIED.,.F.,.F.,(3,3),(0.,1.),.PIECEWISE_BEZIER_KNOTS.);
#11483 = CARTESIAN_POINT('',(50.,19.435035609425,-7.196089421211));
#11484 = CARTESIAN_POINT('',(50.,19.522658491251,-6.953570084392));
#11485 = CARTESIAN_POINT('',(50.,19.590941138006,-6.854718642863));
#11486 = VECTOR('',#11487,1.);
#11487 = DIRECTION('',(1.,0.,0.));
#11488 = ADVANCED_FACE('',(#11489),#11514,.T.);
#11489 = FACE_BOUND('',#11490,.T.);
#11490 = EDGE_LOOP('',(#11491,#11499,#11507,#11513));
#11491 = ORIENTED_EDGE('',*,*,#11492,.T.);
#11492 = EDGE_CURVE('',#5893,#11493,#11495,.T.);
#11493 = VERTEX_POINT('',#11494);
#11494 = CARTESIAN_POINT('',(49.2,24.210000429671,-7.664110325801));
#11495 = LINE('',#11496,#11497);
#11496 = CARTESIAN_POINT('',(50.,24.210000429671,-7.664110325801));
#11497 = VECTOR('',#11498,1.);
#11498 = DIRECTION('',(-1.,-0.,-0.));
#11499 = ORIENTED_EDGE('',*,*,#11500,.T.);
#11500 = EDGE_CURVE('',#11493,#11501,#11503,.T.);
#11501 = VERTEX_POINT('',#11502);
#11502 = CARTESIAN_POINT('',(49.2,24.400149018776,-8.156240292351));
#11503 = B_SPLINE_CURVE_WITH_KNOTS('',2,(#11504,#11505,#11506),
  .UNSPECIFIED.,.F.,.F.,(3,3),(0.,1.),.PIECEWISE_BEZIER_KNOTS.);
#11504 = CARTESIAN_POINT('',(49.2,24.210000429671,-7.664110325801));
#11505 = CARTESIAN_POINT('',(49.2,24.400507740099,-7.850041876351));
#11506 = CARTESIAN_POINT('',(49.2,24.400149018776,-8.156240292351));
#11507 = ORIENTED_EDGE('',*,*,#11508,.F.);
#11508 = EDGE_CURVE('',#5895,#11501,#11509,.T.);
#11509 = LINE('',#11510,#11511);
#11510 = CARTESIAN_POINT('',(50.,24.400149018776,-8.156240292351));
#11511 = VECTOR('',#11512,1.);
#11512 = DIRECTION('',(-1.,-0.,-0.));
#11513 = ORIENTED_EDGE('',*,*,#5892,.F.);
#11514 = SURFACE_OF_LINEAR_EXTRUSION('',#11515,#11519);
#11515 = B_SPLINE_CURVE_WITH_KNOTS('',2,(#11516,#11517,#11518),
  .UNSPECIFIED.,.F.,.F.,(3,3),(0.,1.),.PIECEWISE_BEZIER_KNOTS.);
#11516 = CARTESIAN_POINT('',(50.,24.210000429671,-7.664110325801));
#11517 = CARTESIAN_POINT('',(50.,24.400507740099,-7.850041876351));
#11518 = CARTESIAN_POINT('',(50.,24.400149018776,-8.156240292351));
#11519 = VECTOR('',#11520,1.);
#11520 = DIRECTION('',(1.,0.,0.));
#11521 = ADVANCED_FACE('',(#11522),#11540,.T.);
#11522 = FACE_BOUND('',#11523,.T.);
#11523 = EDGE_LOOP('',(#11524,#11532,#11538,#11539));
#11524 = ORIENTED_EDGE('',*,*,#11525,.T.);
#11525 = EDGE_CURVE('',#5967,#11526,#11528,.T.);
#11526 = VERTEX_POINT('',#11527);
#11527 = CARTESIAN_POINT('',(49.2,23.655418598772,-7.43548961213));
#11528 = LINE('',#11529,#11530);
#11529 = CARTESIAN_POINT('',(50.,23.655418598772,-7.43548961213));
#11530 = VECTOR('',#11531,1.);
#11531 = DIRECTION('',(-1.,-0.,-0.));
#11532 = ORIENTED_EDGE('',*,*,#11533,.T.);
#11533 = EDGE_CURVE('',#11526,#11493,#11534,.T.);
#11534 = B_SPLINE_CURVE_WITH_KNOTS('',2,(#11535,#11536,#11537),
  .UNSPECIFIED.,.F.,.F.,(3,3),(0.,1.),.PIECEWISE_BEZIER_KNOTS.);
#11535 = CARTESIAN_POINT('',(49.2,23.655418598772,-7.43548961213));
#11536 = CARTESIAN_POINT('',(49.2,24.019635299643,-7.478036951099));
#11537 = CARTESIAN_POINT('',(49.2,24.210000429671,-7.664110325801));
#11538 = ORIENTED_EDGE('',*,*,#11492,.F.);
#11539 = ORIENTED_EDGE('',*,*,#5974,.F.);
#11540 = SURFACE_OF_LINEAR_EXTRUSION('',#11541,#11545);
#11541 = B_SPLINE_CURVE_WITH_KNOTS('',2,(#11542,#11543,#11544),
  .UNSPECIFIED.,.F.,.F.,(3,3),(0.,1.),.PIECEWISE_BEZIER_KNOTS.);
#11542 = CARTESIAN_POINT('',(50.,23.655418598772,-7.43548961213));
#11543 = CARTESIAN_POINT('',(50.,24.019635299643,-7.478036951099));
#11544 = CARTESIAN_POINT('',(50.,24.210000429671,-7.664110325801));
#11545 = VECTOR('',#11546,1.);
#11546 = DIRECTION('',(1.,0.,0.));
#11547 = ADVANCED_FACE('',(#11548),#11566,.T.);
#11548 = FACE_BOUND('',#11549,.T.);
#11549 = EDGE_LOOP('',(#11550,#11551,#11559,#11565));
#11550 = ORIENTED_EDGE('',*,*,#11508,.T.);
#11551 = ORIENTED_EDGE('',*,*,#11552,.T.);
#11552 = EDGE_CURVE('',#11501,#11553,#11555,.T.);
#11553 = VERTEX_POINT('',#11554);
#11554 = CARTESIAN_POINT('',(49.2,24.092658535939,-8.787641494955));
#11555 = B_SPLINE_CURVE_WITH_KNOTS('',2,(#11556,#11557,#11558),
  .UNSPECIFIED.,.F.,.F.,(3,3),(0.,1.),.PIECEWISE_BEZIER_KNOTS.);
#11556 = CARTESIAN_POINT('',(49.2,24.400149018776,-8.156240292351));
#11557 = CARTESIAN_POINT('',(49.2,24.399670834447,-8.56441029756));
#11558 = CARTESIAN_POINT('',(49.2,24.092658535939,-8.787641494955));
#11559 = ORIENTED_EDGE('',*,*,#11560,.F.);
#11560 = EDGE_CURVE('',#5903,#11553,#11561,.T.);
#11561 = LINE('',#11562,#11563);
#11562 = CARTESIAN_POINT('',(50.,24.092658535939,-8.787641494955));
#11563 = VECTOR('',#11564,1.);
#11564 = DIRECTION('',(-1.,-0.,-0.));
#11565 = ORIENTED_EDGE('',*,*,#5902,.F.);
#11566 = SURFACE_OF_LINEAR_EXTRUSION('',#11567,#11571);
#11567 = B_SPLINE_CURVE_WITH_KNOTS('',2,(#11568,#11569,#11570),
  .UNSPECIFIED.,.F.,.F.,(3,3),(0.,1.),.PIECEWISE_BEZIER_KNOTS.);
#11568 = CARTESIAN_POINT('',(50.,24.400149018776,-8.156240292351));
#11569 = CARTESIAN_POINT('',(50.,24.399670834447,-8.56441029756));
#11570 = CARTESIAN_POINT('',(50.,24.092658535939,-8.787641494955));
#11571 = VECTOR('',#11572,1.);
#11572 = DIRECTION('',(1.,0.,0.));
#11573 = ADVANCED_FACE('',(#11574),#11592,.T.);
#11574 = FACE_BOUND('',#11575,.T.);
#11575 = EDGE_LOOP('',(#11576,#11584,#11590,#11591));
#11576 = ORIENTED_EDGE('',*,*,#11577,.T.);
#11577 = EDGE_CURVE('',#5959,#11578,#11580,.T.);
#11578 = VERTEX_POINT('',#11579);
#11579 = CARTESIAN_POINT('',(49.2,24.086993509562,-7.198501497275));
#11580 = LINE('',#11581,#11582);
#11581 = CARTESIAN_POINT('',(50.,24.086993509562,-7.198501497275));
#11582 = VECTOR('',#11583,1.);
#11583 = DIRECTION('',(-1.,-0.,-0.));
#11584 = ORIENTED_EDGE('',*,*,#11585,.T.);
#11585 = EDGE_CURVE('',#11578,#11526,#11586,.T.);
#11586 = B_SPLINE_CURVE_WITH_KNOTS('',2,(#11587,#11588,#11589),
  .UNSPECIFIED.,.F.,.F.,(3,3),(0.,1.),.PIECEWISE_BEZIER_KNOTS.);
#11587 = CARTESIAN_POINT('',(49.2,24.086993509562,-7.198501497275));
#11588 = CARTESIAN_POINT('',(49.2,23.945199940828,-7.373796157857));
#11589 = CARTESIAN_POINT('',(49.2,23.655418598772,-7.43548961213));
#11590 = ORIENTED_EDGE('',*,*,#11525,.F.);
#11591 = ORIENTED_EDGE('',*,*,#5966,.F.);
#11592 = SURFACE_OF_LINEAR_EXTRUSION('',#11593,#11597);
#11593 = B_SPLINE_CURVE_WITH_KNOTS('',2,(#11594,#11595,#11596),
  .UNSPECIFIED.,.F.,.F.,(3,3),(0.,1.),.PIECEWISE_BEZIER_KNOTS.);
#11594 = CARTESIAN_POINT('',(50.,24.086993509562,-7.198501497275));
#11595 = CARTESIAN_POINT('',(50.,23.945199940828,-7.373796157857));
#11596 = CARTESIAN_POINT('',(50.,23.655418598772,-7.43548961213));
#11597 = VECTOR('',#11598,1.);
#11598 = DIRECTION('',(1.,0.,0.));
#11599 = ADVANCED_FACE('',(#11600),#11618,.T.);
#11600 = FACE_BOUND('',#11601,.T.);
#11601 = EDGE_LOOP('',(#11602,#11603,#11611,#11617));
#11602 = ORIENTED_EDGE('',*,*,#11560,.T.);
#11603 = ORIENTED_EDGE('',*,*,#11604,.T.);
#11604 = EDGE_CURVE('',#11553,#11605,#11607,.T.);
#11605 = VERTEX_POINT('',#11606);
#11606 = CARTESIAN_POINT('',(49.2,23.240311524762,-9.010872567514));
#11607 = B_SPLINE_CURVE_WITH_KNOTS('',2,(#11608,#11609,#11610),
  .UNSPECIFIED.,.F.,.F.,(3,3),(0.,1.),.PIECEWISE_BEZIER_KNOTS.);
#11608 = CARTESIAN_POINT('',(49.2,24.092658535939,-8.787641494955));
#11609 = CARTESIAN_POINT('',(49.2,23.785646237431,-9.01087269235));
#11610 = CARTESIAN_POINT('',(49.2,23.240311524762,-9.010872567514));
#11611 = ORIENTED_EDGE('',*,*,#11612,.F.);
#11612 = EDGE_CURVE('',#5911,#11605,#11613,.T.);
#11613 = LINE('',#11614,#11615);
#11614 = CARTESIAN_POINT('',(50.,23.240311524762,-9.010872567514));
#11615 = VECTOR('',#11616,1.);
#11616 = DIRECTION('',(-1.,-0.,-0.));
#11617 = ORIENTED_EDGE('',*,*,#5910,.F.);
#11618 = SURFACE_OF_LINEAR_EXTRUSION('',#11619,#11623);
#11619 = B_SPLINE_CURVE_WITH_KNOTS('',2,(#11620,#11621,#11622),
  .UNSPECIFIED.,.F.,.F.,(3,3),(0.,1.),.PIECEWISE_BEZIER_KNOTS.);
#11620 = CARTESIAN_POINT('',(50.,24.092658535939,-8.787641494955));
#11621 = CARTESIAN_POINT('',(50.,23.785646237431,-9.01087269235));
#11622 = CARTESIAN_POINT('',(50.,23.240311524762,-9.010872567514));
#11623 = VECTOR('',#11624,1.);
#11624 = DIRECTION('',(1.,0.,0.));
#11625 = ADVANCED_FACE('',(#11626),#11644,.T.);
#11626 = FACE_BOUND('',#11627,.T.);
#11627 = EDGE_LOOP('',(#11628,#11636,#11642,#11643));
#11628 = ORIENTED_EDGE('',*,*,#11629,.T.);
#11629 = EDGE_CURVE('',#5951,#11630,#11632,.T.);
#11630 = VERTEX_POINT('',#11631);
#11631 = CARTESIAN_POINT('',(49.2,24.229227999288,-6.768065127423));
#11632 = LINE('',#11633,#11634);
#11633 = CARTESIAN_POINT('',(50.,24.229227999288,-6.768065127423));
#11634 = VECTOR('',#11635,1.);
#11635 = DIRECTION('',(-1.,-0.,-0.));
#11636 = ORIENTED_EDGE('',*,*,#11637,.T.);
#11637 = EDGE_CURVE('',#11630,#11578,#11638,.T.);
#11638 = B_SPLINE_CURVE_WITH_KNOTS('',2,(#11639,#11640,#11641),
  .UNSPECIFIED.,.F.,.F.,(3,3),(0.,1.),.PIECEWISE_BEZIER_KNOTS.);
#11639 = CARTESIAN_POINT('',(49.2,24.229227999288,-6.768065127423));
#11640 = CARTESIAN_POINT('',(49.2,24.228929258696,-7.023065012539));
#11641 = CARTESIAN_POINT('',(49.2,24.086993509562,-7.198501497275));
#11642 = ORIENTED_EDGE('',*,*,#11577,.F.);
#11643 = ORIENTED_EDGE('',*,*,#5958,.F.);
#11644 = SURFACE_OF_LINEAR_EXTRUSION('',#11645,#11649);
#11645 = B_SPLINE_CURVE_WITH_KNOTS('',2,(#11646,#11647,#11648),
  .UNSPECIFIED.,.F.,.F.,(3,3),(0.,1.),.PIECEWISE_BEZIER_KNOTS.);
#11646 = CARTESIAN_POINT('',(50.,24.229227999288,-6.768065127423));
#11647 = CARTESIAN_POINT('',(50.,24.228929258696,-7.023065012539));
#11648 = CARTESIAN_POINT('',(50.,24.086993509562,-7.198501497275));
#11649 = VECTOR('',#11650,1.);
#11650 = DIRECTION('',(1.,0.,0.));
#11651 = ADVANCED_FACE('',(#11652),#11670,.T.);
#11652 = FACE_BOUND('',#11653,.T.);
#11653 = EDGE_LOOP('',(#11654,#11655,#11663,#11669));
#11654 = ORIENTED_EDGE('',*,*,#11612,.T.);
#11655 = ORIENTED_EDGE('',*,*,#11656,.T.);
#11656 = EDGE_CURVE('',#11605,#11657,#11659,.T.);
#11657 = VERTEX_POINT('',#11658);
#11658 = CARTESIAN_POINT('',(49.2,21.738510851201,-9.010872223726));
#11659 = LINE('',#11660,#11661);
#11660 = CARTESIAN_POINT('',(49.2,23.240311524762,-9.010872567514));
#11661 = VECTOR('',#11662,1.);
#11662 = DIRECTION('',(0.,-1.,2.289171414672E-07));
#11663 = ORIENTED_EDGE('',*,*,#11664,.F.);
#11664 = EDGE_CURVE('',#5919,#11657,#11665,.T.);
#11665 = LINE('',#11666,#11667);
#11666 = CARTESIAN_POINT('',(50.,21.738510851201,-9.010872223726));
#11667 = VECTOR('',#11668,1.);
#11668 = DIRECTION('',(-1.,-0.,-0.));
#11669 = ORIENTED_EDGE('',*,*,#5918,.F.);
#11670 = PLANE('',#11671);
#11671 = AXIS2_PLACEMENT_3D('',#11672,#11673,#11674);
#11672 = CARTESIAN_POINT('',(50.,23.240311524762,-9.010872567514));
#11673 = DIRECTION('',(0.,2.289171414672E-07,1.));
#11674 = DIRECTION('',(0.,-1.,2.289171414672E-07));
#11675 = ADVANCED_FACE('',(#11676),#11694,.T.);
#11676 = FACE_BOUND('',#11677,.T.);
#11677 = EDGE_LOOP('',(#11678,#11686,#11692,#11693));
#11678 = ORIENTED_EDGE('',*,*,#11679,.T.);
#11679 = EDGE_CURVE('',#5943,#11680,#11682,.T.);
#11680 = VERTEX_POINT('',#11681);
#11681 = CARTESIAN_POINT('',(49.2,23.947562299059,-6.205873992381));
#11682 = LINE('',#11683,#11684);
#11683 = CARTESIAN_POINT('',(50.,23.947562299059,-6.205873992381));
#11684 = VECTOR('',#11685,1.);
#11685 = DIRECTION('',(-1.,-0.,-0.));
#11686 = ORIENTED_EDGE('',*,*,#11687,.T.);
#11687 = EDGE_CURVE('',#11680,#11630,#11688,.T.);
#11688 = B_SPLINE_CURVE_WITH_KNOTS('',2,(#11689,#11690,#11691),
  .UNSPECIFIED.,.F.,.F.,(3,3),(0.,1.),.PIECEWISE_BEZIER_KNOTS.);
#11689 = CARTESIAN_POINT('',(49.2,23.947562299059,-6.205873992381));
#11690 = CARTESIAN_POINT('',(49.2,24.229663814957,-6.396060289458));
#11691 = CARTESIAN_POINT('',(49.2,24.229227999288,-6.768065127423));
#11692 = ORIENTED_EDGE('',*,*,#11629,.F.);
#11693 = ORIENTED_EDGE('',*,*,#5950,.F.);
#11694 = SURFACE_OF_LINEAR_EXTRUSION('',#11695,#11699);
#11695 = B_SPLINE_CURVE_WITH_KNOTS('',2,(#11696,#11697,#11698),
  .UNSPECIFIED.,.F.,.F.,(3,3),(0.,1.),.PIECEWISE_BEZIER_KNOTS.);
#11696 = CARTESIAN_POINT('',(50.,23.947562299059,-6.205873992381));
#11697 = CARTESIAN_POINT('',(50.,24.229663814957,-6.396060289458));
#11698 = CARTESIAN_POINT('',(50.,24.229227999288,-6.768065127423));
#11699 = VECTOR('',#11700,1.);
#11700 = DIRECTION('',(1.,0.,0.));
#11701 = ADVANCED_FACE('',(#11702),#11720,.T.);
#11702 = FACE_BOUND('',#11703,.T.);
#11703 = EDGE_LOOP('',(#11704,#11705,#11713,#11719));
#11704 = ORIENTED_EDGE('',*,*,#11664,.T.);
#11705 = ORIENTED_EDGE('',*,*,#11706,.T.);
#11706 = EDGE_CURVE('',#11657,#11707,#11709,.T.);
#11707 = VERTEX_POINT('',#11708);
#11708 = CARTESIAN_POINT('',(49.2,21.742019973169,-6.01554543081));
#11709 = LINE('',#11710,#11711);
#11710 = CARTESIAN_POINT('',(49.2,21.738510851201,-9.010872223726));
#11711 = VECTOR('',#11712,1.);
#11712 = DIRECTION('',(0.,1.171531456478E-03,0.999999313757));
#11713 = ORIENTED_EDGE('',*,*,#11714,.F.);
#11714 = EDGE_CURVE('',#5927,#11707,#11715,.T.);
#11715 = LINE('',#11716,#11717);
#11716 = CARTESIAN_POINT('',(50.,21.742019973169,-6.01554543081));
#11717 = VECTOR('',#11718,1.);
#11718 = DIRECTION('',(-1.,-0.,-0.));
#11719 = ORIENTED_EDGE('',*,*,#5926,.F.);
#11720 = PLANE('',#11721);
#11721 = AXIS2_PLACEMENT_3D('',#11722,#11723,#11724);
#11722 = CARTESIAN_POINT('',(50.,21.738510851201,-9.010872223726));
#11723 = DIRECTION('',(0.,0.999999313757,-1.171531456478E-03));
#11724 = DIRECTION('',(0.,1.171531456478E-03,0.999999313757));
#11725 = ADVANCED_FACE('',(#11726),#11744,.T.);
#11726 = FACE_BOUND('',#11727,.T.);
#11727 = EDGE_LOOP('',(#11728,#11736,#11742,#11743));
#11728 = ORIENTED_EDGE('',*,*,#11729,.T.);
#11729 = EDGE_CURVE('',#5935,#11730,#11732,.T.);
#11730 = VERTEX_POINT('',#11731);
#11731 = CARTESIAN_POINT('',(49.2,23.116007823449,-6.01554574534));
#11732 = LINE('',#11733,#11734);
#11733 = CARTESIAN_POINT('',(50.,23.116007823449,-6.01554574534));
#11734 = VECTOR('',#11735,1.);
#11735 = DIRECTION('',(-1.,-0.,-0.));
#11736 = ORIENTED_EDGE('',*,*,#11737,.T.);
#11737 = EDGE_CURVE('',#11730,#11680,#11738,.T.);
#11738 = B_SPLINE_CURVE_WITH_KNOTS('',2,(#11739,#11740,#11741),
  .UNSPECIFIED.,.F.,.F.,(3,3),(0.,1.),.PIECEWISE_BEZIER_KNOTS.);
#11739 = CARTESIAN_POINT('',(49.2,23.116007823449,-6.01554574534));
#11740 = CARTESIAN_POINT('',(49.2,23.665602963561,-6.015545871152));
#11741 = CARTESIAN_POINT('',(49.2,23.947562299059,-6.205873992381));
#11742 = ORIENTED_EDGE('',*,*,#11679,.F.);
#11743 = ORIENTED_EDGE('',*,*,#5942,.F.);
#11744 = SURFACE_OF_LINEAR_EXTRUSION('',#11745,#11749);
#11745 = B_SPLINE_CURVE_WITH_KNOTS('',2,(#11746,#11747,#11748),
  .UNSPECIFIED.,.F.,.F.,(3,3),(0.,1.),.PIECEWISE_BEZIER_KNOTS.);
#11746 = CARTESIAN_POINT('',(50.,23.116007823449,-6.01554574534));
#11747 = CARTESIAN_POINT('',(50.,23.665602963561,-6.015545871152));
#11748 = CARTESIAN_POINT('',(50.,23.947562299059,-6.205873992381));
#11749 = VECTOR('',#11750,1.);
#11750 = DIRECTION('',(1.,0.,0.));
#11751 = ADVANCED_FACE('',(#11752),#11763,.T.);
#11752 = FACE_BOUND('',#11753,.T.);
#11753 = EDGE_LOOP('',(#11754,#11755,#11761,#11762));
#11754 = ORIENTED_EDGE('',*,*,#11714,.T.);
#11755 = ORIENTED_EDGE('',*,*,#11756,.T.);
#11756 = EDGE_CURVE('',#11707,#11730,#11757,.T.);
#11757 = LINE('',#11758,#11759);
#11758 = CARTESIAN_POINT('',(49.2,21.742019973169,-6.01554543081));
#11759 = VECTOR('',#11760,1.);
#11760 = DIRECTION('',(0.,1.,-2.289171404219E-07));
#11761 = ORIENTED_EDGE('',*,*,#11729,.F.);
#11762 = ORIENTED_EDGE('',*,*,#5934,.F.);
#11763 = PLANE('',#11764);
#11764 = AXIS2_PLACEMENT_3D('',#11765,#11766,#11767);
#11765 = CARTESIAN_POINT('',(50.,21.742019973169,-6.01554543081));
#11766 = DIRECTION('',(0.,-2.289171404219E-07,-1.));
#11767 = DIRECTION('',(0.,1.,-2.289171404219E-07));
#11768 = ADVANCED_FACE('',(#11769),#11794,.T.);
#11769 = FACE_BOUND('',#11770,.T.);
#11770 = EDGE_LOOP('',(#11771,#11779,#11787,#11793));
#11771 = ORIENTED_EDGE('',*,*,#11772,.T.);
#11772 = EDGE_CURVE('',#5983,#11773,#11775,.T.);
#11773 = VERTEX_POINT('',#11774);
#11774 = CARTESIAN_POINT('',(49.2,26.196531756153,-8.603128711481));
#11775 = LINE('',#11776,#11777);
#11776 = CARTESIAN_POINT('',(50.,26.196531756153,-8.603128711481));
#11777 = VECTOR('',#11778,1.);
#11778 = DIRECTION('',(-1.,-0.,-0.));
#11779 = ORIENTED_EDGE('',*,*,#11780,.T.);
#11780 = EDGE_CURVE('',#11773,#11781,#11783,.T.);
#11781 = VERTEX_POINT('',#11782);
#11782 = CARTESIAN_POINT('',(49.2,25.437644816959,-9.05625680982));
#11783 = B_SPLINE_CURVE_WITH_KNOTS('',2,(#11784,#11785,#11786),
  .UNSPECIFIED.,.F.,.F.,(3,3),(0.,1.),.PIECEWISE_BEZIER_KNOTS.);
#11784 = CARTESIAN_POINT('',(49.2,26.196531756153,-8.603128711481));
#11785 = CARTESIAN_POINT('',(49.2,25.944635682643,-9.056256925879));
#11786 = CARTESIAN_POINT('',(49.2,25.437644816959,-9.05625680982));
#11787 = ORIENTED_EDGE('',*,*,#11788,.F.);
#11788 = EDGE_CURVE('',#5985,#11781,#11789,.T.);
#11789 = LINE('',#11790,#11791);
#11790 = CARTESIAN_POINT('',(50.,25.437644816959,-9.05625680982));
#11791 = VECTOR('',#11792,1.);
#11792 = DIRECTION('',(-1.,-0.,-0.));
#11793 = ORIENTED_EDGE('',*,*,#5982,.F.);
#11794 = SURFACE_OF_LINEAR_EXTRUSION('',#11795,#11799);
#11795 = B_SPLINE_CURVE_WITH_KNOTS('',2,(#11796,#11797,#11798),
  .UNSPECIFIED.,.F.,.F.,(3,3),(0.,1.),.PIECEWISE_BEZIER_KNOTS.);
#11796 = CARTESIAN_POINT('',(50.,26.196531756153,-8.603128711481));
#11797 = CARTESIAN_POINT('',(50.,25.944635682643,-9.056256925879));
#11798 = CARTESIAN_POINT('',(50.,25.437644816959,-9.05625680982));
#11799 = VECTOR('',#11800,1.);
#11800 = DIRECTION('',(1.,0.,0.));
#11801 = ADVANCED_FACE('',(#11802),#11820,.T.);
#11802 = FACE_BOUND('',#11803,.T.);
#11803 = EDGE_LOOP('',(#11804,#11812,#11818,#11819));
#11804 = ORIENTED_EDGE('',*,*,#11805,.T.);
#11805 = EDGE_CURVE('',#6193,#11806,#11808,.T.);
#11806 = VERTEX_POINT('',#11807);
#11807 = CARTESIAN_POINT('',(49.2,26.209313038481,-8.603128714407));
#11808 = LINE('',#11809,#11810);
#11809 = CARTESIAN_POINT('',(50.,26.209313038481,-8.603128714407));
#11810 = VECTOR('',#11811,1.);
#11811 = DIRECTION('',(-1.,-0.,-0.));
#11812 = ORIENTED_EDGE('',*,*,#11813,.T.);
#11813 = EDGE_CURVE('',#11806,#11773,#11814,.T.);
#11814 = LINE('',#11815,#11816);
#11815 = CARTESIAN_POINT('',(49.2,26.209313038481,-8.603128714407));
#11816 = VECTOR('',#11817,1.);
#11817 = DIRECTION('',(0.,-1.,2.289171805002E-07));
#11818 = ORIENTED_EDGE('',*,*,#11772,.F.);
#11819 = ORIENTED_EDGE('',*,*,#6200,.F.);
#11820 = PLANE('',#11821);
#11821 = AXIS2_PLACEMENT_3D('',#11822,#11823,#11824);
#11822 = CARTESIAN_POINT('',(50.,26.209313038481,-8.603128714407));
#11823 = DIRECTION('',(0.,2.289171805002E-07,1.));
#11824 = DIRECTION('',(0.,-1.,2.289171805002E-07));
#11825 = ADVANCED_FACE('',(#11826),#11844,.T.);
#11826 = FACE_BOUND('',#11827,.T.);
#11827 = EDGE_LOOP('',(#11828,#11829,#11837,#11843));
#11828 = ORIENTED_EDGE('',*,*,#11788,.T.);
#11829 = ORIENTED_EDGE('',*,*,#11830,.T.);
#11830 = EDGE_CURVE('',#11781,#11831,#11833,.T.);
#11831 = VERTEX_POINT('',#11832);
#11832 = CARTESIAN_POINT('',(49.2,24.915956126193,-8.87387078809));
#11833 = B_SPLINE_CURVE_WITH_KNOTS('',2,(#11834,#11835,#11836),
  .UNSPECIFIED.,.F.,.F.,(3,3),(0.,1.),.PIECEWISE_BEZIER_KNOTS.);
#11834 = CARTESIAN_POINT('',(49.2,25.437644816959,-9.05625680982));
#11835 = CARTESIAN_POINT('',(49.2,25.103201262704,-9.05625673326));
#11836 = CARTESIAN_POINT('',(49.2,24.915956126193,-8.87387078809));
#11837 = ORIENTED_EDGE('',*,*,#11838,.F.);
#11838 = EDGE_CURVE('',#5993,#11831,#11839,.T.);
#11839 = LINE('',#11840,#11841);
#11840 = CARTESIAN_POINT('',(50.,24.915956126193,-8.87387078809));
#11841 = VECTOR('',#11842,1.);
#11842 = DIRECTION('',(-1.,-0.,-0.));
#11843 = ORIENTED_EDGE('',*,*,#5992,.F.);
#11844 = SURFACE_OF_LINEAR_EXTRUSION('',#11845,#11849);
#11845 = B_SPLINE_CURVE_WITH_KNOTS('',2,(#11846,#11847,#11848),
  .UNSPECIFIED.,.F.,.F.,(3,3),(0.,1.),.PIECEWISE_BEZIER_KNOTS.);
#11846 = CARTESIAN_POINT('',(50.,25.437644816959,-9.05625680982));
#11847 = CARTESIAN_POINT('',(50.,25.103201262704,-9.05625673326));
#11848 = CARTESIAN_POINT('',(50.,24.915956126193,-8.87387078809));
#11849 = VECTOR('',#11850,1.);
#11850 = DIRECTION('',(1.,0.,0.));
#11851 = ADVANCED_FACE('',(#11852),#11870,.T.);
#11852 = FACE_BOUND('',#11853,.T.);
#11853 = EDGE_LOOP('',(#11854,#11862,#11868,#11869));
#11854 = ORIENTED_EDGE('',*,*,#11855,.T.);
#11855 = EDGE_CURVE('',#6185,#11856,#11858,.T.);
#11856 = VERTEX_POINT('',#11857);
#11857 = CARTESIAN_POINT('',(49.2,26.337738643558,-8.928615249089));
#11858 = LINE('',#11859,#11860);
#11859 = CARTESIAN_POINT('',(50.,26.337738643558,-8.928615249089));
#11860 = VECTOR('',#11861,1.);
#11861 = DIRECTION('',(-1.,-0.,-0.));
#11862 = ORIENTED_EDGE('',*,*,#11863,.T.);
#11863 = EDGE_CURVE('',#11856,#11806,#11864,.T.);
#11864 = B_SPLINE_CURVE_WITH_KNOTS('',2,(#11865,#11866,#11867),
  .UNSPECIFIED.,.F.,.F.,(3,3),(0.,1.),.PIECEWISE_BEZIER_KNOTS.);
#11865 = CARTESIAN_POINT('',(49.2,26.337738643558,-8.928615249089));
#11866 = CARTESIAN_POINT('',(49.2,26.230363456008,-8.817992359968));
#11867 = CARTESIAN_POINT('',(49.2,26.209313038481,-8.603128714407));
#11868 = ORIENTED_EDGE('',*,*,#11805,.F.);
#11869 = ORIENTED_EDGE('',*,*,#6192,.F.);
#11870 = SURFACE_OF_LINEAR_EXTRUSION('',#11871,#11875);
#11871 = B_SPLINE_CURVE_WITH_KNOTS('',2,(#11872,#11873,#11874),
  .UNSPECIFIED.,.F.,.F.,(3,3),(0.,1.),.PIECEWISE_BEZIER_KNOTS.);
#11872 = CARTESIAN_POINT('',(50.,26.337738643558,-8.928615249089));
#11873 = CARTESIAN_POINT('',(50.,26.230363456008,-8.817992359968));
#11874 = CARTESIAN_POINT('',(50.,26.209313038481,-8.603128714407));
#11875 = VECTOR('',#11876,1.);
#11876 = DIRECTION('',(1.,0.,0.));
#11877 = ADVANCED_FACE('',(#11878),#11896,.T.);
#11878 = FACE_BOUND('',#11879,.T.);
#11879 = EDGE_LOOP('',(#11880,#11881,#11889,#11895));
#11880 = ORIENTED_EDGE('',*,*,#11838,.T.);
#11881 = ORIENTED_EDGE('',*,*,#11882,.T.);
#11882 = EDGE_CURVE('',#11831,#11883,#11885,.T.);
#11883 = VERTEX_POINT('',#11884);
#11884 = CARTESIAN_POINT('',(49.2,24.729098787535,-8.360467194497));
#11885 = B_SPLINE_CURVE_WITH_KNOTS('',2,(#11886,#11887,#11888),
  .UNSPECIFIED.,.F.,.F.,(3,3),(0.,1.),.PIECEWISE_BEZIER_KNOTS.);
#11886 = CARTESIAN_POINT('',(49.2,24.915956126193,-8.87387078809));
#11887 = CARTESIAN_POINT('',(49.2,24.728711155833,-8.691343018734));
#11888 = CARTESIAN_POINT('',(49.2,24.729098787535,-8.360467194497));
#11889 = ORIENTED_EDGE('',*,*,#11890,.F.);
#11890 = EDGE_CURVE('',#6001,#11883,#11891,.T.);
#11891 = LINE('',#11892,#11893);
#11892 = CARTESIAN_POINT('',(50.,24.729098787535,-8.360467194497));
#11893 = VECTOR('',#11894,1.);
#11894 = DIRECTION('',(-1.,-0.,-0.));
#11895 = ORIENTED_EDGE('',*,*,#6000,.F.);
#11896 = SURFACE_OF_LINEAR_EXTRUSION('',#11897,#11901);
#11897 = B_SPLINE_CURVE_WITH_KNOTS('',2,(#11898,#11899,#11900),
  .UNSPECIFIED.,.F.,.F.,(3,3),(0.,1.),.PIECEWISE_BEZIER_KNOTS.);
#11898 = CARTESIAN_POINT('',(50.,24.915956126193,-8.87387078809));
#11899 = CARTESIAN_POINT('',(50.,24.728711155833,-8.691343018734));
#11900 = CARTESIAN_POINT('',(50.,24.729098787535,-8.360467194497));
#11901 = VECTOR('',#11902,1.);
#11902 = DIRECTION('',(1.,0.,0.));
#11903 = ADVANCED_FACE('',(#11904),#11922,.T.);
#11904 = FACE_BOUND('',#11905,.T.);
#11905 = EDGE_LOOP('',(#11906,#11914,#11920,#11921));
#11906 = ORIENTED_EDGE('',*,*,#11907,.T.);
#11907 = EDGE_CURVE('',#6177,#11908,#11910,.T.);
#11908 = VERTEX_POINT('',#11909);
#11909 = CARTESIAN_POINT('',(49.2,26.671058499821,-9.039238189932));
#11910 = LINE('',#11911,#11912);
#11911 = CARTESIAN_POINT('',(50.,26.671058499821,-9.039238189932));
#11912 = VECTOR('',#11913,1.);
#11913 = DIRECTION('',(-1.,-0.,-0.));
#11914 = ORIENTED_EDGE('',*,*,#11915,.T.);
#11915 = EDGE_CURVE('',#11908,#11856,#11916,.T.);
#11916 = B_SPLINE_CURVE_WITH_KNOTS('',2,(#11917,#11918,#11919),
  .UNSPECIFIED.,.F.,.F.,(3,3),(0.,1.),.PIECEWISE_BEZIER_KNOTS.);
#11917 = CARTESIAN_POINT('',(49.2,26.671058499821,-9.039238189932));
#11918 = CARTESIAN_POINT('',(49.2,26.445255845357,-9.039238138242));
#11919 = CARTESIAN_POINT('',(49.2,26.337738643558,-8.928615249089));
#11920 = ORIENTED_EDGE('',*,*,#11855,.F.);
#11921 = ORIENTED_EDGE('',*,*,#6184,.F.);
#11922 = SURFACE_OF_LINEAR_EXTRUSION('',#11923,#11927);
#11923 = B_SPLINE_CURVE_WITH_KNOTS('',2,(#11924,#11925,#11926),
  .UNSPECIFIED.,.F.,.F.,(3,3),(0.,1.),.PIECEWISE_BEZIER_KNOTS.);
#11924 = CARTESIAN_POINT('',(50.,26.671058499821,-9.039238189932));
#11925 = CARTESIAN_POINT('',(50.,26.445255845357,-9.039238138242));
#11926 = CARTESIAN_POINT('',(50.,26.337738643558,-8.928615249089));
#11927 = VECTOR('',#11928,1.);
#11928 = DIRECTION('',(1.,0.,0.));
#11929 = ADVANCED_FACE('',(#11930),#11948,.T.);
#11930 = FACE_BOUND('',#11931,.T.);
#11931 = EDGE_LOOP('',(#11932,#11933,#11941,#11947));
#11932 = ORIENTED_EDGE('',*,*,#11890,.T.);
#11933 = ORIENTED_EDGE('',*,*,#11934,.T.);
#11934 = EDGE_CURVE('',#11883,#11935,#11937,.T.);
#11935 = VERTEX_POINT('',#11936);
#11936 = CARTESIAN_POINT('',(49.2,24.962926198896,-7.814160486215));
#11937 = B_SPLINE_CURVE_WITH_KNOTS('',2,(#11938,#11939,#11940),
  .UNSPECIFIED.,.F.,.F.,(3,3),(0.,1.),.PIECEWISE_BEZIER_KNOTS.);
#11938 = CARTESIAN_POINT('',(49.2,24.729098787535,-8.360467194497));
#11939 = CARTESIAN_POINT('',(49.2,24.729518818801,-8.001935654133));
#11940 = CARTESIAN_POINT('',(49.2,24.962926198896,-7.814160486215));
#11941 = ORIENTED_EDGE('',*,*,#11942,.F.);
#11942 = EDGE_CURVE('',#6009,#11935,#11943,.T.);
#11943 = LINE('',#11944,#11945);
#11944 = CARTESIAN_POINT('',(50.,24.962926198896,-7.814160486215));
#11945 = VECTOR('',#11946,1.);
#11946 = DIRECTION('',(-1.,-0.,-0.));
#11947 = ORIENTED_EDGE('',*,*,#6008,.F.);
#11948 = SURFACE_OF_LINEAR_EXTRUSION('',#11949,#11953);
#11949 = B_SPLINE_CURVE_WITH_KNOTS('',2,(#11950,#11951,#11952),
  .UNSPECIFIED.,.F.,.F.,(3,3),(0.,1.),.PIECEWISE_BEZIER_KNOTS.);
#11950 = CARTESIAN_POINT('',(50.,24.729098787535,-8.360467194497));
#11951 = CARTESIAN_POINT('',(50.,24.729518818801,-8.001935654133));
#11952 = CARTESIAN_POINT('',(50.,24.962926198896,-7.814160486215));
#11953 = VECTOR('',#11954,1.);
#11954 = DIRECTION('',(1.,0.,0.));
#11955 = ADVANCED_FACE('',(#11956),#11974,.T.);
#11956 = FACE_BOUND('',#11957,.T.);
#11957 = EDGE_LOOP('',(#11958,#11966,#11972,#11973));
#11958 = ORIENTED_EDGE('',*,*,#11959,.T.);
#11959 = EDGE_CURVE('',#6169,#11960,#11962,.T.);
#11960 = VERTEX_POINT('',#11961);
#11961 = CARTESIAN_POINT('',(49.2,26.782828697617,-9.034983489959));
#11962 = LINE('',#11963,#11964);
#11963 = CARTESIAN_POINT('',(50.,26.782828697617,-9.034983489959));
#11964 = VECTOR('',#11965,1.);
#11965 = DIRECTION('',(-1.,-0.,-0.));
#11966 = ORIENTED_EDGE('',*,*,#11967,.T.);
#11967 = EDGE_CURVE('',#11960,#11908,#11968,.T.);
#11968 = B_SPLINE_CURVE_WITH_KNOTS('',2,(#11969,#11970,#11971),
  .UNSPECIFIED.,.F.,.F.,(3,3),(0.,1.),.PIECEWISE_BEZIER_KNOTS.);
#11969 = CARTESIAN_POINT('',(49.2,26.782828697617,-9.034983489959));
#11970 = CARTESIAN_POINT('',(49.2,26.734964911462,-9.039238204562));
#11971 = CARTESIAN_POINT('',(49.2,26.671058499821,-9.039238189932));
#11972 = ORIENTED_EDGE('',*,*,#11907,.F.);
#11973 = ORIENTED_EDGE('',*,*,#6176,.F.);
#11974 = SURFACE_OF_LINEAR_EXTRUSION('',#11975,#11979);
#11975 = B_SPLINE_CURVE_WITH_KNOTS('',2,(#11976,#11977,#11978),
  .UNSPECIFIED.,.F.,.F.,(3,3),(0.,1.),.PIECEWISE_BEZIER_KNOTS.);
#11976 = CARTESIAN_POINT('',(50.,26.782828697617,-9.034983489959));
#11977 = CARTESIAN_POINT('',(50.,26.734964911462,-9.039238204562));
#11978 = CARTESIAN_POINT('',(50.,26.671058499821,-9.039238189932));
#11979 = VECTOR('',#11980,1.);
#11980 = DIRECTION('',(1.,0.,0.));
#11981 = ADVANCED_FACE('',(#11982),#12000,.T.);
#11982 = FACE_BOUND('',#11983,.T.);
#11983 = EDGE_LOOP('',(#11984,#11985,#11993,#11999));
#11984 = ORIENTED_EDGE('',*,*,#11942,.T.);
#11985 = ORIENTED_EDGE('',*,*,#11986,.T.);
#11986 = EDGE_CURVE('',#11935,#11987,#11989,.T.);
#11987 = VERTEX_POINT('',#11988);
#11988 = CARTESIAN_POINT('',(49.2,25.639565031831,-7.622130694202));
#11989 = B_SPLINE_CURVE_WITH_KNOTS('',2,(#11990,#11991,#11992),
  .UNSPECIFIED.,.F.,.F.,(3,3),(0.,1.),.PIECEWISE_BEZIER_KNOTS.);
#11990 = CARTESIAN_POINT('',(49.2,24.962926198896,-7.814160486215));
#11991 = CARTESIAN_POINT('',(49.2,25.196475593239,-7.62638531833));
#11992 = CARTESIAN_POINT('',(49.2,25.639565031831,-7.622130694202));
#11993 = ORIENTED_EDGE('',*,*,#11994,.F.);
#11994 = EDGE_CURVE('',#6017,#11987,#11995,.T.);
#11995 = LINE('',#11996,#11997);
#11996 = CARTESIAN_POINT('',(50.,25.639565031831,-7.622130694202));
#11997 = VECTOR('',#11998,1.);
#11998 = DIRECTION('',(-1.,-0.,-0.));
#11999 = ORIENTED_EDGE('',*,*,#6016,.F.);
#12000 = SURFACE_OF_LINEAR_EXTRUSION('',#12001,#12005);
#12001 = B_SPLINE_CURVE_WITH_KNOTS('',2,(#12002,#12003,#12004),
  .UNSPECIFIED.,.F.,.F.,(3,3),(0.,1.),.PIECEWISE_BEZIER_KNOTS.);
#12002 = CARTESIAN_POINT('',(50.,24.962926198896,-7.814160486215));
#12003 = CARTESIAN_POINT('',(50.,25.196475593239,-7.62638531833));
#12004 = CARTESIAN_POINT('',(50.,25.639565031831,-7.622130694202));
#12005 = VECTOR('',#12006,1.);
#12006 = DIRECTION('',(1.,0.,0.));
#12007 = ADVANCED_FACE('',(#12008),#12026,.T.);
#12008 = FACE_BOUND('',#12009,.T.);
#12009 = EDGE_LOOP('',(#12010,#12018,#12024,#12025));
#12010 = ORIENTED_EDGE('',*,*,#12011,.T.);
#12011 = EDGE_CURVE('',#6161,#12012,#12014,.T.);
#12012 = VERTEX_POINT('',#12013);
#12013 = CARTESIAN_POINT('',(49.2,26.87344624927,-9.024346696805));
#12014 = LINE('',#12015,#12016);
#12015 = CARTESIAN_POINT('',(50.,26.87344624927,-9.024346696805));
#12016 = VECTOR('',#12017,1.);
#12017 = DIRECTION('',(-1.,-0.,-0.));
#12018 = ORIENTED_EDGE('',*,*,#12019,.T.);
#12019 = EDGE_CURVE('',#12012,#11960,#12020,.T.);
#12020 = B_SPLINE_CURVE_WITH_KNOTS('',2,(#12021,#12022,#12023),
  .UNSPECIFIED.,.F.,.F.,(3,3),(0.,1.),.PIECEWISE_BEZIER_KNOTS.);
#12021 = CARTESIAN_POINT('',(49.2,26.87344624927,-9.024346696805));
#12022 = CARTESIAN_POINT('',(49.2,26.83083449802,-9.030728775389));
#12023 = CARTESIAN_POINT('',(49.2,26.782828697617,-9.034983489959));
#12024 = ORIENTED_EDGE('',*,*,#11959,.F.);
#12025 = ORIENTED_EDGE('',*,*,#6168,.F.);
#12026 = SURFACE_OF_LINEAR_EXTRUSION('',#12027,#12031);
#12027 = B_SPLINE_CURVE_WITH_KNOTS('',2,(#12028,#12029,#12030),
  .UNSPECIFIED.,.F.,.F.,(3,3),(0.,1.),.PIECEWISE_BEZIER_KNOTS.);
#12028 = CARTESIAN_POINT('',(50.,26.87344624927,-9.024346696805));
#12029 = CARTESIAN_POINT('',(50.,26.83083449802,-9.030728775389));
#12030 = CARTESIAN_POINT('',(50.,26.782828697617,-9.034983489959));
#12031 = VECTOR('',#12032,1.);
#12032 = DIRECTION('',(1.,0.,0.));
#12033 = ADVANCED_FACE('',(#12034),#12052,.T.);
#12034 = FACE_BOUND('',#12035,.T.);
#12035 = EDGE_LOOP('',(#12036,#12037,#12045,#12051));
#12036 = ORIENTED_EDGE('',*,*,#11994,.T.);
#12037 = ORIENTED_EDGE('',*,*,#12038,.T.);
#12038 = EDGE_CURVE('',#11987,#12039,#12041,.T.);
#12039 = VERTEX_POINT('',#12040);
#12040 = CARTESIAN_POINT('',(49.2,26.135914798005,-7.613621356706));
#12041 = LINE('',#12042,#12043);
#12042 = CARTESIAN_POINT('',(49.2,25.639565031831,-7.622130694202));
#12043 = VECTOR('',#12044,1.);
#12044 = DIRECTION('',(0.,0.999853076881,1.714131416385E-02));
#12045 = ORIENTED_EDGE('',*,*,#12046,.F.);
#12046 = EDGE_CURVE('',#6025,#12039,#12047,.T.);
#12047 = LINE('',#12048,#12049);
#12048 = CARTESIAN_POINT('',(50.,26.135914798005,-7.613621356706));
#12049 = VECTOR('',#12050,1.);
#12050 = DIRECTION('',(-1.,-0.,-0.));
#12051 = ORIENTED_EDGE('',*,*,#6024,.F.);
#12052 = PLANE('',#12053);
#12053 = AXIS2_PLACEMENT_3D('',#12054,#12055,#12056);
#12054 = CARTESIAN_POINT('',(50.,25.639565031831,-7.622130694202));
#12055 = DIRECTION('',(0.,1.714131416385E-02,-0.999853076881));
#12056 = DIRECTION('',(0.,0.999853076881,1.714131416385E-02));
#12057 = ADVANCED_FACE('',(#12058),#12076,.T.);
#12058 = FACE_BOUND('',#12059,.T.);
#12059 = EDGE_LOOP('',(#12060,#12068,#12074,#12075));
#12060 = ORIENTED_EDGE('',*,*,#12061,.T.);
#12061 = EDGE_CURVE('',#6153,#12062,#12064,.T.);
#12062 = VERTEX_POINT('',#12063);
#12063 = CARTESIAN_POINT('',(49.2,26.958674736317,-9.007327814078));
#12064 = LINE('',#12065,#12066);
#12065 = CARTESIAN_POINT('',(50.,26.958674736317,-9.007327814078));
#12066 = VECTOR('',#12067,1.);
#12067 = DIRECTION('',(-1.,-0.,-0.));
#12068 = ORIENTED_EDGE('',*,*,#12069,.T.);
#12069 = EDGE_CURVE('',#12062,#12012,#12070,.T.);
#12070 = B_SPLINE_CURVE_WITH_KNOTS('',2,(#12071,#12072,#12073),
  .UNSPECIFIED.,.F.,.F.,(3,3),(0.,1.),.PIECEWISE_BEZIER_KNOTS.);
#12071 = CARTESIAN_POINT('',(49.2,26.958674736317,-9.007327814078));
#12072 = CARTESIAN_POINT('',(49.2,26.91605800052,-9.017964618221));
#12073 = CARTESIAN_POINT('',(49.2,26.87344624927,-9.024346696805));
#12074 = ORIENTED_EDGE('',*,*,#12011,.F.);
#12075 = ORIENTED_EDGE('',*,*,#6160,.F.);
#12076 = SURFACE_OF_LINEAR_EXTRUSION('',#12077,#12081);
#12077 = B_SPLINE_CURVE_WITH_KNOTS('',2,(#12078,#12079,#12080),
  .UNSPECIFIED.,.F.,.F.,(3,3),(0.,1.),.PIECEWISE_BEZIER_KNOTS.);
#12078 = CARTESIAN_POINT('',(50.,26.958674736317,-9.007327814078));
#12079 = CARTESIAN_POINT('',(50.,26.91605800052,-9.017964618221));
#12080 = CARTESIAN_POINT('',(50.,26.87344624927,-9.024346696805));
#12081 = VECTOR('',#12082,1.);
#12082 = DIRECTION('',(1.,0.,0.));
#12083 = ADVANCED_FACE('',(#12084),#12102,.T.);
#12084 = FACE_BOUND('',#12085,.T.);
#12085 = EDGE_LOOP('',(#12086,#12087,#12095,#12101));
#12086 = ORIENTED_EDGE('',*,*,#12046,.T.);
#12087 = ORIENTED_EDGE('',*,*,#12088,.T.);
#12088 = EDGE_CURVE('',#12039,#12089,#12091,.T.);
#12089 = VERTEX_POINT('',#12090);
#12090 = CARTESIAN_POINT('',(49.2,26.136050710021,-7.497609173155));
#12091 = LINE('',#12092,#12093);
#12092 = CARTESIAN_POINT('',(49.2,26.135914798005,-7.613621356706));
#12093 = VECTOR('',#12094,1.);
#12094 = DIRECTION('',(0.,1.171531456471E-03,0.999999313757));
#12095 = ORIENTED_EDGE('',*,*,#12096,.F.);
#12096 = EDGE_CURVE('',#6033,#12089,#12097,.T.);
#12097 = LINE('',#12098,#12099);
#12098 = CARTESIAN_POINT('',(50.,26.136050710021,-7.497609173155));
#12099 = VECTOR('',#12100,1.);
#12100 = DIRECTION('',(-1.,-0.,-0.));
#12101 = ORIENTED_EDGE('',*,*,#6032,.F.);
#12102 = PLANE('',#12103);
#12103 = AXIS2_PLACEMENT_3D('',#12104,#12105,#12106);
#12104 = CARTESIAN_POINT('',(50.,26.135914798005,-7.613621356706));
#12105 = DIRECTION('',(0.,0.999999313757,-1.171531456471E-03));
#12106 = DIRECTION('',(0.,1.171531456471E-03,0.999999313757));
#12107 = ADVANCED_FACE('',(#12108),#12126,.T.);
#12108 = FACE_BOUND('',#12109,.T.);
#12109 = EDGE_LOOP('',(#12110,#12118,#12124,#12125));
#12110 = ORIENTED_EDGE('',*,*,#12111,.T.);
#12111 = EDGE_CURVE('',#6145,#12112,#12114,.T.);
#12112 = VERTEX_POINT('',#12113);
#12113 = CARTESIAN_POINT('',(49.2,27.054561768794,-8.983926845453));
#12114 = LINE('',#12115,#12116);
#12115 = CARTESIAN_POINT('',(50.,27.054561768794,-8.983926845453));
#12116 = VECTOR('',#12117,1.);
#12117 = DIRECTION('',(-1.,-0.,-0.));
#12118 = ORIENTED_EDGE('',*,*,#12119,.T.);
#12119 = EDGE_CURVE('',#12112,#12062,#12120,.T.);
#12120 = B_SPLINE_CURVE_WITH_KNOTS('',2,(#12121,#12122,#12123),
  .UNSPECIFIED.,.F.,.F.,(3,3),(0.,1.),.PIECEWISE_BEZIER_KNOTS.);
#12121 = CARTESIAN_POINT('',(49.2,27.054561768794,-8.983926845453));
#12122 = CARTESIAN_POINT('',(49.2,27.001291472115,-8.996691009936));
#12123 = CARTESIAN_POINT('',(49.2,26.958674736317,-9.007327814078));
#12124 = ORIENTED_EDGE('',*,*,#12061,.F.);
#12125 = ORIENTED_EDGE('',*,*,#6152,.F.);
#12126 = SURFACE_OF_LINEAR_EXTRUSION('',#12127,#12131);
#12127 = B_SPLINE_CURVE_WITH_KNOTS('',2,(#12128,#12129,#12130),
  .UNSPECIFIED.,.F.,.F.,(3,3),(0.,1.),.PIECEWISE_BEZIER_KNOTS.);
#12128 = CARTESIAN_POINT('',(50.,27.054561768794,-8.983926845453));
#12129 = CARTESIAN_POINT('',(50.,27.001291472115,-8.996691009936));
#12130 = CARTESIAN_POINT('',(50.,26.958674736317,-9.007327814078));
#12131 = VECTOR('',#12132,1.);
#12132 = DIRECTION('',(1.,0.,0.));
#12133 = ADVANCED_FACE('',(#12134),#12152,.T.);
#12134 = FACE_BOUND('',#12135,.T.);
#12135 = EDGE_LOOP('',(#12136,#12137,#12145,#12151));
#12136 = ORIENTED_EDGE('',*,*,#12096,.T.);
#12137 = ORIENTED_EDGE('',*,*,#12138,.T.);
#12138 = EDGE_CURVE('',#12089,#12139,#12141,.T.);
#12139 = VERTEX_POINT('',#12140);
#12140 = CARTESIAN_POINT('',(49.2,26.057622427852,-7.165031440652));
#12141 = B_SPLINE_CURVE_WITH_KNOTS('',2,(#12142,#12143,#12144),
  .UNSPECIFIED.,.F.,.F.,(3,3),(0.,1.),.PIECEWISE_BEZIER_KNOTS.);
#12142 = CARTESIAN_POINT('',(49.2,26.136050710021,-7.497609173155));
#12143 = CARTESIAN_POINT('',(49.2,26.13631306341,-7.273668784613));
#12144 = CARTESIAN_POINT('',(49.2,26.057622427852,-7.165031440652));
#12145 = ORIENTED_EDGE('',*,*,#12146,.F.);
#12146 = EDGE_CURVE('',#6041,#12139,#12147,.T.);
#12147 = LINE('',#12148,#12149);
#12148 = CARTESIAN_POINT('',(50.,26.057622427852,-7.165031440652));
#12149 = VECTOR('',#12150,1.);
#12150 = DIRECTION('',(-1.,-0.,-0.));
#12151 = ORIENTED_EDGE('',*,*,#6040,.F.);
#12152 = SURFACE_OF_LINEAR_EXTRUSION('',#12153,#12157);
#12153 = B_SPLINE_CURVE_WITH_KNOTS('',2,(#12154,#12155,#12156),
  .UNSPECIFIED.,.F.,.F.,(3,3),(0.,1.),.PIECEWISE_BEZIER_KNOTS.);
#12154 = CARTESIAN_POINT('',(50.,26.136050710021,-7.497609173155));
#12155 = CARTESIAN_POINT('',(50.,26.13631306341,-7.273668784613));
#12156 = CARTESIAN_POINT('',(50.,26.057622427852,-7.165031440652));
#12157 = VECTOR('',#12158,1.);
#12158 = DIRECTION('',(1.,0.,0.));
#12159 = ADVANCED_FACE('',(#12160),#12178,.T.);
#12160 = FACE_BOUND('',#12161,.T.);
#12161 = EDGE_LOOP('',(#12162,#12170,#12176,#12177));
#12162 = ORIENTED_EDGE('',*,*,#12163,.T.);
#12163 = EDGE_CURVE('',#6137,#12164,#12166,.T.);
#12164 = VERTEX_POINT('',#12165);
#12165 = CARTESIAN_POINT('',(49.2,27.054940594461,-8.660567703036));
#12166 = LINE('',#12167,#12168);
#12167 = CARTESIAN_POINT('',(50.,27.054940594461,-8.660567703036));
#12168 = VECTOR('',#12169,1.);
#12169 = DIRECTION('',(-1.,-0.,-0.));
#12170 = ORIENTED_EDGE('',*,*,#12171,.T.);
#12171 = EDGE_CURVE('',#12164,#12112,#12172,.T.);
#12172 = LINE('',#12173,#12174);
#12173 = CARTESIAN_POINT('',(49.2,27.054940594461,-8.660567703036));
#12174 = VECTOR('',#12175,1.);
#12175 = DIRECTION('',(0.,-1.171531456481E-03,-0.999999313757));
#12176 = ORIENTED_EDGE('',*,*,#12111,.F.);
#12177 = ORIENTED_EDGE('',*,*,#6144,.F.);
#12178 = PLANE('',#12179);
#12179 = AXIS2_PLACEMENT_3D('',#12180,#12181,#12182);
#12180 = CARTESIAN_POINT('',(50.,27.054940594461,-8.660567703036));
#12181 = DIRECTION('',(0.,-0.999999313757,1.171531456481E-03));
#12182 = DIRECTION('',(0.,-1.171531456481E-03,-0.999999313757));
#12183 = ADVANCED_FACE('',(#12184),#12202,.T.);
#12184 = FACE_BOUND('',#12185,.T.);
#12185 = EDGE_LOOP('',(#12186,#12187,#12195,#12201));
#12186 = ORIENTED_EDGE('',*,*,#12146,.T.);
#12187 = ORIENTED_EDGE('',*,*,#12188,.T.);
#12188 = EDGE_CURVE('',#12139,#12189,#12191,.T.);
#12189 = VERTEX_POINT('',#12190);
#12190 = CARTESIAN_POINT('',(49.2,25.79999400585,-7.056252231545));
#12191 = B_SPLINE_CURVE_WITH_KNOTS('',2,(#12192,#12193,#12194),
  .UNSPECIFIED.,.F.,.F.,(3,3),(0.,1.),.PIECEWISE_BEZIER_KNOTS.);
#12192 = CARTESIAN_POINT('',(49.2,26.057622427852,-7.165031440652));
#12193 = CARTESIAN_POINT('',(49.2,25.978931958445,-7.056252272507));
#12194 = CARTESIAN_POINT('',(49.2,25.79999400585,-7.056252231545));
#12195 = ORIENTED_EDGE('',*,*,#12196,.F.);
#12196 = EDGE_CURVE('',#6049,#12189,#12197,.T.);
#12197 = LINE('',#12198,#12199);
#12198 = CARTESIAN_POINT('',(50.,25.79999400585,-7.056252231545));
#12199 = VECTOR('',#12200,1.);
#12200 = DIRECTION('',(-1.,-0.,-0.));
#12201 = ORIENTED_EDGE('',*,*,#6048,.F.);
#12202 = SURFACE_OF_LINEAR_EXTRUSION('',#12203,#12207);
#12203 = B_SPLINE_CURVE_WITH_KNOTS('',2,(#12204,#12205,#12206),
  .UNSPECIFIED.,.F.,.F.,(3,3),(0.,1.),.PIECEWISE_BEZIER_KNOTS.);
#12204 = CARTESIAN_POINT('',(50.,26.057622427852,-7.165031440652));
#12205 = CARTESIAN_POINT('',(50.,25.978931958445,-7.056252272507));
#12206 = CARTESIAN_POINT('',(50.,25.79999400585,-7.056252231545));
#12207 = VECTOR('',#12208,1.);
#12208 = DIRECTION('',(1.,0.,0.));
#12209 = ADVANCED_FACE('',(#12210),#12228,.T.);
#12210 = FACE_BOUND('',#12211,.T.);
#12211 = EDGE_LOOP('',(#12212,#12220,#12226,#12227));
#12212 = ORIENTED_EDGE('',*,*,#12213,.T.);
#12213 = EDGE_CURVE('',#6129,#12214,#12216,.T.);
#12214 = VERTEX_POINT('',#12215);
#12215 = CARTESIAN_POINT('',(49.2,26.922852390092,-8.673331849476));
#12216 = LINE('',#12217,#12218);
#12217 = CARTESIAN_POINT('',(50.,26.922852390092,-8.673331849476));
#12218 = VECTOR('',#12219,1.);
#12219 = DIRECTION('',(-1.,-0.,-0.));
#12220 = ORIENTED_EDGE('',*,*,#12221,.T.);
#12221 = EDGE_CURVE('',#12214,#12164,#12222,.T.);
#12222 = B_SPLINE_CURVE_WITH_KNOTS('',2,(#12223,#12224,#12225),
  .UNSPECIFIED.,.F.,.F.,(3,3),(0.,1.),.PIECEWISE_BEZIER_KNOTS.);
#12223 = CARTESIAN_POINT('',(49.2,26.922852390092,-8.673331849476));
#12224 = CARTESIAN_POINT('',(49.2,26.991019229176,-8.673331865081));
#12225 = CARTESIAN_POINT('',(49.2,27.054940594461,-8.660567703036));
#12226 = ORIENTED_EDGE('',*,*,#12163,.F.);
#12227 = ORIENTED_EDGE('',*,*,#6136,.F.);
#12228 = SURFACE_OF_LINEAR_EXTRUSION('',#12229,#12233);
#12229 = B_SPLINE_CURVE_WITH_KNOTS('',2,(#12230,#12231,#12232),
  .UNSPECIFIED.,.F.,.F.,(3,3),(0.,1.),.PIECEWISE_BEZIER_KNOTS.);
#12230 = CARTESIAN_POINT('',(50.,26.922852390092,-8.673331849476));
#12231 = CARTESIAN_POINT('',(50.,26.991019229176,-8.673331865081));
#12232 = CARTESIAN_POINT('',(50.,27.054940594461,-8.660567703036));
#12233 = VECTOR('',#12234,1.);
#12234 = DIRECTION('',(1.,0.,0.));
#12235 = ADVANCED_FACE('',(#12236),#12254,.T.);
#12236 = FACE_BOUND('',#12237,.T.);
#12237 = EDGE_LOOP('',(#12238,#12239,#12247,#12253));
#12238 = ORIENTED_EDGE('',*,*,#12196,.T.);
#12239 = ORIENTED_EDGE('',*,*,#12240,.T.);
#12240 = EDGE_CURVE('',#12189,#12241,#12243,.T.);
#12241 = VERTEX_POINT('',#12242);
#12242 = CARTESIAN_POINT('',(49.2,25.555924968823,-7.131844466443));
#12243 = B_SPLINE_CURVE_WITH_KNOTS('',2,(#12244,#12245,#12246),
  .UNSPECIFIED.,.F.,.F.,(3,3),(0.,1.),.PIECEWISE_BEZIER_KNOTS.);
#12244 = CARTESIAN_POINT('',(49.2,25.79999400585,-7.056252231545));
#12245 = CARTESIAN_POINT('',(49.2,25.633837335584,-7.056252193509));
#12246 = CARTESIAN_POINT('',(49.2,25.555924968823,-7.131844466443));
#12247 = ORIENTED_EDGE('',*,*,#12248,.F.);
#12248 = EDGE_CURVE('',#6057,#12241,#12249,.T.);
#12249 = LINE('',#12250,#12251);
#12250 = CARTESIAN_POINT('',(50.,25.555924968823,-7.131844466443));
#12251 = VECTOR('',#12252,1.);
#12252 = DIRECTION('',(-1.,-0.,-0.));
#12253 = ORIENTED_EDGE('',*,*,#6056,.F.);
#12254 = SURFACE_OF_LINEAR_EXTRUSION('',#12255,#12259);
#12255 = B_SPLINE_CURVE_WITH_KNOTS('',2,(#12256,#12257,#12258),
  .UNSPECIFIED.,.F.,.F.,(3,3),(0.,1.),.PIECEWISE_BEZIER_KNOTS.);
#12256 = CARTESIAN_POINT('',(50.,25.79999400585,-7.056252231545));
#12257 = CARTESIAN_POINT('',(50.,25.633837335584,-7.056252193509));
#12258 = CARTESIAN_POINT('',(50.,25.555924968823,-7.131844466443));
#12259 = VECTOR('',#12260,1.);
#12260 = DIRECTION('',(1.,0.,0.));
#12261 = ADVANCED_FACE('',(#12262),#12280,.T.);
#12262 = FACE_BOUND('',#12263,.T.);
#12263 = EDGE_LOOP('',(#12264,#12272,#12278,#12279));
#12264 = ORIENTED_EDGE('',*,*,#12265,.T.);
#12265 = EDGE_CURVE('',#6121,#12266,#12268,.T.);
#12266 = VERTEX_POINT('',#12267);
#12267 = CARTESIAN_POINT('',(49.2,26.776947643436,-8.600008712271));
#12268 = LINE('',#12269,#12270);
#12269 = CARTESIAN_POINT('',(50.,26.776947643436,-8.600008712271));
#12270 = VECTOR('',#12271,1.);
#12271 = DIRECTION('',(-1.,-0.,-0.));
#12272 = ORIENTED_EDGE('',*,*,#12273,.T.);
#12273 = EDGE_CURVE('',#12266,#12214,#12274,.T.);
#12274 = B_SPLINE_CURVE_WITH_KNOTS('',2,(#12275,#12276,#12277),
  .UNSPECIFIED.,.F.,.F.,(3,3),(0.,1.),.PIECEWISE_BEZIER_KNOTS.);
#12275 = CARTESIAN_POINT('',(49.2,26.776947643436,-8.600008712271));
#12276 = CARTESIAN_POINT('',(49.2,26.820602131466,-8.673331826069));
#12277 = CARTESIAN_POINT('',(49.2,26.922852390092,-8.673331849476));
#12278 = ORIENTED_EDGE('',*,*,#12213,.F.);
#12279 = ORIENTED_EDGE('',*,*,#6128,.F.);
#12280 = SURFACE_OF_LINEAR_EXTRUSION('',#12281,#12285);
#12281 = B_SPLINE_CURVE_WITH_KNOTS('',2,(#12282,#12283,#12284),
  .UNSPECIFIED.,.F.,.F.,(3,3),(0.,1.),.PIECEWISE_BEZIER_KNOTS.);
#12282 = CARTESIAN_POINT('',(50.,26.776947643436,-8.600008712271));
#12283 = CARTESIAN_POINT('',(50.,26.820602131466,-8.673331826069));
#12284 = CARTESIAN_POINT('',(50.,26.922852390092,-8.673331849476));
#12285 = VECTOR('',#12286,1.);
#12286 = DIRECTION('',(1.,0.,0.));
#12287 = ADVANCED_FACE('',(#12288),#12306,.T.);
#12288 = FACE_BOUND('',#12289,.T.);
#12289 = EDGE_LOOP('',(#12290,#12291,#12299,#12305));
#12290 = ORIENTED_EDGE('',*,*,#12248,.T.);
#12291 = ORIENTED_EDGE('',*,*,#12292,.T.);
#12292 = EDGE_CURVE('',#12241,#12293,#12295,.T.);
#12293 = VERTEX_POINT('',#12294);
#12294 = CARTESIAN_POINT('',(49.2,25.458778492491,-7.381738658718));
#12295 = B_SPLINE_CURVE_WITH_KNOTS('',2,(#12296,#12297,#12298),
  .UNSPECIFIED.,.F.,.F.,(3,3),(0.,1.),.PIECEWISE_BEZIER_KNOTS.);
#12296 = CARTESIAN_POINT('',(49.2,25.555924968823,-7.131844466443));
#12297 = CARTESIAN_POINT('',(49.2,25.478154782461,-7.207294915224));
#12298 = CARTESIAN_POINT('',(49.2,25.458778492491,-7.381738658718));
#12299 = ORIENTED_EDGE('',*,*,#12300,.F.);
#12300 = EDGE_CURVE('',#6065,#12293,#12301,.T.);
#12301 = LINE('',#12302,#12303);
#12302 = CARTESIAN_POINT('',(50.,25.458778492491,-7.381738658718));
#12303 = VECTOR('',#12304,1.);
#12304 = DIRECTION('',(-1.,-0.,-0.));
#12305 = ORIENTED_EDGE('',*,*,#6064,.F.);
#12306 = SURFACE_OF_LINEAR_EXTRUSION('',#12307,#12311);
#12307 = B_SPLINE_CURVE_WITH_KNOTS('',2,(#12308,#12309,#12310),
  .UNSPECIFIED.,.F.,.F.,(3,3),(0.,1.),.PIECEWISE_BEZIER_KNOTS.);
#12308 = CARTESIAN_POINT('',(50.,25.555924968823,-7.131844466443));
#12309 = CARTESIAN_POINT('',(50.,25.478154782461,-7.207294915224));
#12310 = CARTESIAN_POINT('',(50.,25.458778492491,-7.381738658718));
#12311 = VECTOR('',#12312,1.);
#12312 = DIRECTION('',(1.,0.,0.));
#12313 = ADVANCED_FACE('',(#12314),#12332,.T.);
#12314 = FACE_BOUND('',#12315,.T.);
#12315 = EDGE_LOOP('',(#12316,#12324,#12330,#12331));
#12316 = ORIENTED_EDGE('',*,*,#12317,.T.);
#12317 = EDGE_CURVE('',#6113,#12318,#12320,.T.);
#12318 = VERTEX_POINT('',#12319);
#12319 = CARTESIAN_POINT('',(49.2,26.733662132751,-8.332953761426));
#12320 = LINE('',#12321,#12322);
#12321 = CARTESIAN_POINT('',(50.,26.733662132751,-8.332953761426));
#12322 = VECTOR('',#12323,1.);
#12323 = DIRECTION('',(-1.,-0.,-0.));
#12324 = ORIENTED_EDGE('',*,*,#12325,.T.);
#12325 = EDGE_CURVE('',#12318,#12266,#12326,.T.);
#12326 = B_SPLINE_CURVE_WITH_KNOTS('',2,(#12327,#12328,#12329),
  .UNSPECIFIED.,.F.,.F.,(3,3),(0.,1.),.PIECEWISE_BEZIER_KNOTS.);
#12327 = CARTESIAN_POINT('',(49.2,26.733662132751,-8.332953761426));
#12328 = CARTESIAN_POINT('',(49.2,26.733435335805,-8.526543774321));
#12329 = CARTESIAN_POINT('',(49.2,26.776947643436,-8.600008712271));
#12330 = ORIENTED_EDGE('',*,*,#12265,.F.);
#12331 = ORIENTED_EDGE('',*,*,#6120,.F.);
#12332 = SURFACE_OF_LINEAR_EXTRUSION('',#12333,#12337);
#12333 = B_SPLINE_CURVE_WITH_KNOTS('',2,(#12334,#12335,#12336),
  .UNSPECIFIED.,.F.,.F.,(3,3),(0.,1.),.PIECEWISE_BEZIER_KNOTS.);
#12334 = CARTESIAN_POINT('',(50.,26.733662132751,-8.332953761426));
#12335 = CARTESIAN_POINT('',(50.,26.733435335805,-8.526543774321));
#12336 = CARTESIAN_POINT('',(50.,26.776947643436,-8.600008712271));
#12337 = VECTOR('',#12338,1.);
#12338 = DIRECTION('',(1.,0.,0.));
#12339 = ADVANCED_FACE('',(#12340),#12358,.T.);
#12340 = FACE_BOUND('',#12341,.T.);
#12341 = EDGE_LOOP('',(#12342,#12343,#12351,#12357));
#12342 = ORIENTED_EDGE('',*,*,#12300,.T.);
#12343 = ORIENTED_EDGE('',*,*,#12344,.T.);
#12344 = EDGE_CURVE('',#12293,#12345,#12347,.T.);
#12345 = VERTEX_POINT('',#12346);
#12346 = CARTESIAN_POINT('',(49.2,24.834660763969,-7.351955436932));
#12347 = LINE('',#12348,#12349);
#12348 = CARTESIAN_POINT('',(49.2,25.458778492491,-7.381738658718));
#12349 = VECTOR('',#12350,1.);
#12350 = DIRECTION('',(0.,-0.998863317057,4.766627568221E-02));
#12351 = ORIENTED_EDGE('',*,*,#12352,.F.);
#12352 = EDGE_CURVE('',#6073,#12345,#12353,.T.);
#12353 = LINE('',#12354,#12355);
#12354 = CARTESIAN_POINT('',(50.,24.834660763969,-7.351955436932));
#12355 = VECTOR('',#12356,1.);
#12356 = DIRECTION('',(-1.,-0.,-0.));
#12357 = ORIENTED_EDGE('',*,*,#6072,.F.);
#12358 = PLANE('',#12359);
#12359 = AXIS2_PLACEMENT_3D('',#12360,#12361,#12362);
#12360 = CARTESIAN_POINT('',(50.,25.458778492491,-7.381738658718));
#12361 = DIRECTION('',(0.,4.766627568221E-02,0.998863317057));
#12362 = DIRECTION('',(0.,-0.998863317057,4.766627568221E-02));
#12363 = ADVANCED_FACE('',(#12364),#12382,.T.);
#12364 = FACE_BOUND('',#12365,.T.);
#12365 = EDGE_LOOP('',(#12366,#12374,#12380,#12381));
#12366 = ORIENTED_EDGE('',*,*,#12367,.T.);
#12367 = EDGE_CURVE('',#6105,#12368,#12370,.T.);
#12368 = VERTEX_POINT('',#12369);
#12369 = CARTESIAN_POINT('',(49.2,26.734644254908,-7.494631002292));
#12370 = LINE('',#12371,#12372);
#12371 = CARTESIAN_POINT('',(50.,26.734644254908,-7.494631002292));
#12372 = VECTOR('',#12373,1.);
#12373 = DIRECTION('',(-1.,-0.,-0.));
#12374 = ORIENTED_EDGE('',*,*,#12375,.T.);
#12375 = EDGE_CURVE('',#12368,#12318,#12376,.T.);
#12376 = LINE('',#12377,#12378);
#12377 = CARTESIAN_POINT('',(49.2,26.734644254908,-7.494631002292));
#12378 = VECTOR('',#12379,1.);
#12379 = DIRECTION('',(0.,-1.17153145648E-03,-0.999999313757));
#12380 = ORIENTED_EDGE('',*,*,#12317,.F.);
#12381 = ORIENTED_EDGE('',*,*,#6112,.F.);
#12382 = PLANE('',#12383);
#12383 = AXIS2_PLACEMENT_3D('',#12384,#12385,#12386);
#12384 = CARTESIAN_POINT('',(50.,26.734644254908,-7.494631002292));
#12385 = DIRECTION('',(0.,-0.999999313757,1.17153145648E-03));
#12386 = DIRECTION('',(0.,-1.17153145648E-03,-0.999999313757));
#12387 = ADVANCED_FACE('',(#12388),#12406,.T.);
#12388 = FACE_BOUND('',#12389,.T.);
#12389 = EDGE_LOOP('',(#12390,#12391,#12399,#12405));
#12390 = ORIENTED_EDGE('',*,*,#12352,.T.);
#12391 = ORIENTED_EDGE('',*,*,#12392,.T.);
#12392 = EDGE_CURVE('',#12345,#12393,#12395,.T.);
#12393 = VERTEX_POINT('',#12394);
#12394 = CARTESIAN_POINT('',(49.2,25.143002456159,-6.842523033888));
#12395 = B_SPLINE_CURVE_WITH_KNOTS('',2,(#12396,#12397,#12398),
  .UNSPECIFIED.,.F.,.F.,(3,3),(0.,1.),.PIECEWISE_BEZIER_KNOTS.);
#12396 = CARTESIAN_POINT('',(49.2,24.834660763969,-7.351955436932));
#12397 = CARTESIAN_POINT('',(49.2,24.892570313757,-7.015832131007));
#12398 = CARTESIAN_POINT('',(49.2,25.143002456159,-6.842523033888));
#12399 = ORIENTED_EDGE('',*,*,#12400,.F.);
#12400 = EDGE_CURVE('',#6081,#12393,#12401,.T.);
#12401 = LINE('',#12402,#12403);
#12402 = CARTESIAN_POINT('',(50.,25.143002456159,-6.842523033888));
#12403 = VECTOR('',#12404,1.);
#12404 = DIRECTION('',(-1.,-0.,-0.));
#12405 = ORIENTED_EDGE('',*,*,#6080,.F.);
#12406 = SURFACE_OF_LINEAR_EXTRUSION('',#12407,#12411);
#12407 = B_SPLINE_CURVE_WITH_KNOTS('',2,(#12408,#12409,#12410),
  .UNSPECIFIED.,.F.,.F.,(3,3),(0.,1.),.PIECEWISE_BEZIER_KNOTS.);
#12408 = CARTESIAN_POINT('',(50.,24.834660763969,-7.351955436932));
#12409 = CARTESIAN_POINT('',(50.,24.892570313757,-7.015832131007));
#12410 = CARTESIAN_POINT('',(50.,25.143002456159,-6.842523033888));
#12411 = VECTOR('',#12412,1.);
#12412 = DIRECTION('',(1.,0.,0.));
#12413 = ADVANCED_FACE('',(#12414),#12432,.T.);
#12414 = FACE_BOUND('',#12415,.T.);
#12415 = EDGE_LOOP('',(#12416,#12424,#12430,#12431));
#12416 = ORIENTED_EDGE('',*,*,#12417,.T.);
#12417 = EDGE_CURVE('',#6097,#12418,#12420,.T.);
#12418 = VERTEX_POINT('',#12419);
#12419 = CARTESIAN_POINT('',(49.2,26.498905980662,-6.883936006388));
#12420 = LINE('',#12421,#12422);
#12421 = CARTESIAN_POINT('',(50.,26.498905980662,-6.883936006388));
#12422 = VECTOR('',#12423,1.);
#12423 = DIRECTION('',(-1.,-0.,-0.));
#12424 = ORIENTED_EDGE('',*,*,#12425,.T.);
#12425 = EDGE_CURVE('',#12418,#12368,#12426,.T.);
#12426 = B_SPLINE_CURVE_WITH_KNOTS('',2,(#12427,#12428,#12429),
  .UNSPECIFIED.,.F.,.F.,(3,3),(0.,1.),.PIECEWISE_BEZIER_KNOTS.);
#12427 = CARTESIAN_POINT('',(49.2,26.498905980662,-6.883936006388));
#12428 = CARTESIAN_POINT('',(49.2,26.735107984047,-7.098799701201));
#12429 = CARTESIAN_POINT('',(49.2,26.734644254908,-7.494631002292));
#12430 = ORIENTED_EDGE('',*,*,#12367,.F.);
#12431 = ORIENTED_EDGE('',*,*,#6104,.F.);
#12432 = SURFACE_OF_LINEAR_EXTRUSION('',#12433,#12437);
#12433 = B_SPLINE_CURVE_WITH_KNOTS('',2,(#12434,#12435,#12436),
  .UNSPECIFIED.,.F.,.F.,(3,3),(0.,1.),.PIECEWISE_BEZIER_KNOTS.);
#12434 = CARTESIAN_POINT('',(50.,26.498905980662,-6.883936006388));
#12435 = CARTESIAN_POINT('',(50.,26.735107984047,-7.098799701201));
#12436 = CARTESIAN_POINT('',(50.,26.734644254908,-7.494631002292));
#12437 = VECTOR('',#12438,1.);
#12438 = DIRECTION('',(1.,0.,0.));
#12439 = ADVANCED_FACE('',(#12440),#12458,.T.);
#12440 = FACE_BOUND('',#12441,.T.);
#12441 = EDGE_LOOP('',(#12442,#12443,#12451,#12457));
#12442 = ORIENTED_EDGE('',*,*,#12400,.T.);
#12443 = ORIENTED_EDGE('',*,*,#12444,.T.);
#12444 = EDGE_CURVE('',#12393,#12445,#12447,.T.);
#12445 = VERTEX_POINT('',#12446);
#12446 = CARTESIAN_POINT('',(49.2,25.826010164397,-6.669072211608));
#12447 = B_SPLINE_CURVE_WITH_KNOTS('',2,(#12448,#12449,#12450),
  .UNSPECIFIED.,.F.,.F.,(3,3),(0.,1.),.PIECEWISE_BEZIER_KNOTS.);
#12448 = CARTESIAN_POINT('',(49.2,25.143002456159,-6.842523033888));
#12449 = CARTESIAN_POINT('',(49.2,25.39357677896,-6.669072112617));
#12450 = CARTESIAN_POINT('',(49.2,25.826010164397,-6.669072211608));
#12451 = ORIENTED_EDGE('',*,*,#12452,.F.);
#12452 = EDGE_CURVE('',#6089,#12445,#12453,.T.);
#12453 = LINE('',#12454,#12455);
#12454 = CARTESIAN_POINT('',(50.,25.826010164397,-6.669072211608));
#12455 = VECTOR('',#12456,1.);
#12456 = DIRECTION('',(-1.,-0.,-0.));
#12457 = ORIENTED_EDGE('',*,*,#6088,.F.);
#12458 = SURFACE_OF_LINEAR_EXTRUSION('',#12459,#12463);
#12459 = B_SPLINE_CURVE_WITH_KNOTS('',2,(#12460,#12461,#12462),
  .UNSPECIFIED.,.F.,.F.,(3,3),(0.,1.),.PIECEWISE_BEZIER_KNOTS.);
#12460 = CARTESIAN_POINT('',(50.,25.143002456159,-6.842523033888));
#12461 = CARTESIAN_POINT('',(50.,25.39357677896,-6.669072112617));
#12462 = CARTESIAN_POINT('',(50.,25.826010164397,-6.669072211608));
#12463 = VECTOR('',#12464,1.);
#12464 = DIRECTION('',(1.,0.,0.));
#12465 = ADVANCED_FACE('',(#12466),#12477,.T.);
#12466 = FACE_BOUND('',#12467,.T.);
#12467 = EDGE_LOOP('',(#12468,#12469,#12475,#12476));
#12468 = ORIENTED_EDGE('',*,*,#12452,.T.);
#12469 = ORIENTED_EDGE('',*,*,#12470,.T.);
#12470 = EDGE_CURVE('',#12445,#12418,#12471,.T.);
#12471 = B_SPLINE_CURVE_WITH_KNOTS('',2,(#12472,#12473,#12474),
  .UNSPECIFIED.,.F.,.F.,(3,3),(0.,1.),.PIECEWISE_BEZIER_KNOTS.);
#12472 = CARTESIAN_POINT('',(49.2,25.826010164397,-6.669072211608));
#12473 = CARTESIAN_POINT('',(49.2,26.262703977277,-6.669072311575));
#12474 = CARTESIAN_POINT('',(49.2,26.498905980662,-6.883936006388));
#12475 = ORIENTED_EDGE('',*,*,#12417,.F.);
#12476 = ORIENTED_EDGE('',*,*,#6096,.F.);
#12477 = SURFACE_OF_LINEAR_EXTRUSION('',#12478,#12482);
#12478 = B_SPLINE_CURVE_WITH_KNOTS('',2,(#12479,#12480,#12481),
  .UNSPECIFIED.,.F.,.F.,(3,3),(0.,1.),.PIECEWISE_BEZIER_KNOTS.);
#12479 = CARTESIAN_POINT('',(50.,25.826010164397,-6.669072211608));
#12480 = CARTESIAN_POINT('',(50.,26.262703977277,-6.669072311575));
#12481 = CARTESIAN_POINT('',(50.,26.498905980662,-6.883936006388));
#12482 = VECTOR('',#12483,1.);
#12483 = DIRECTION('',(1.,0.,0.));
#12484 = ADVANCED_FACE('',(#12485),#12510,.T.);
#12485 = FACE_BOUND('',#12486,.T.);
#12486 = EDGE_LOOP('',(#12487,#12495,#12503,#12509));
#12487 = ORIENTED_EDGE('',*,*,#12488,.T.);
#12488 = EDGE_CURVE('',#6209,#12489,#12491,.T.);
#12489 = VERTEX_POINT('',#12490);
#12490 = CARTESIAN_POINT('',(49.2,29.421623687168,-9.010873982522));
#12491 = LINE('',#12492,#12493);
#12492 = CARTESIAN_POINT('',(50.,29.421623687168,-9.010873982522));
#12493 = VECTOR('',#12494,1.);
#12494 = DIRECTION('',(-1.,-0.,-0.));
#12495 = ORIENTED_EDGE('',*,*,#12496,.T.);
#12496 = EDGE_CURVE('',#12489,#12497,#12499,.T.);
#12497 = VERTEX_POINT('',#12498);
#12498 = CARTESIAN_POINT('',(49.2,28.825163845186,-9.010873845982));
#12499 = LINE('',#12500,#12501);
#12500 = CARTESIAN_POINT('',(49.2,29.421623687168,-9.010873982522));
#12501 = VECTOR('',#12502,1.);
#12502 = DIRECTION('',(0.,-1.,2.289171407913E-07));
#12503 = ORIENTED_EDGE('',*,*,#12504,.F.);
#12504 = EDGE_CURVE('',#6211,#12497,#12505,.T.);
#12505 = LINE('',#12506,#12507);
#12506 = CARTESIAN_POINT('',(50.,28.825163845186,-9.010873845982));
#12507 = VECTOR('',#12508,1.);
#12508 = DIRECTION('',(-1.,-0.,-0.));
#12509 = ORIENTED_EDGE('',*,*,#6208,.F.);
#12510 = PLANE('',#12511);
#12511 = AXIS2_PLACEMENT_3D('',#12512,#12513,#12514);
#12512 = CARTESIAN_POINT('',(50.,29.421623687168,-9.010873982522));
#12513 = DIRECTION('',(0.,2.289171407913E-07,1.));
#12514 = DIRECTION('',(0.,-1.,2.289171407913E-07));
#12515 = ADVANCED_FACE('',(#12516),#12534,.T.);
#12516 = FACE_BOUND('',#12517,.T.);
#12517 = EDGE_LOOP('',(#12518,#12526,#12532,#12533));
#12518 = ORIENTED_EDGE('',*,*,#12519,.T.);
#12519 = EDGE_CURVE('',#6347,#12520,#12522,.T.);
#12520 = VERTEX_POINT('',#12521);
#12521 = CARTESIAN_POINT('',(49.2,29.423339036373,-7.546681093788));
#12522 = LINE('',#12523,#12524);
#12523 = CARTESIAN_POINT('',(50.,29.423339036373,-7.546681093788));
#12524 = VECTOR('',#12525,1.);
#12525 = DIRECTION('',(-1.,-0.,-0.));
#12526 = ORIENTED_EDGE('',*,*,#12527,.T.);
#12527 = EDGE_CURVE('',#12520,#12489,#12528,.T.);
#12528 = LINE('',#12529,#12530);
#12529 = CARTESIAN_POINT('',(49.2,29.423339036373,-7.546681093788));
#12530 = VECTOR('',#12531,1.);
#12531 = DIRECTION('',(0.,-1.171531456477E-03,-0.999999313757));
#12532 = ORIENTED_EDGE('',*,*,#12488,.F.);
#12533 = ORIENTED_EDGE('',*,*,#6354,.F.);
#12534 = PLANE('',#12535);
#12535 = AXIS2_PLACEMENT_3D('',#12536,#12537,#12538);
#12536 = CARTESIAN_POINT('',(50.,29.423339036373,-7.546681093788));
#12537 = DIRECTION('',(0.,-0.999999313757,1.171531456477E-03));
#12538 = DIRECTION('',(0.,-1.171531456477E-03,-0.999999313757));
#12539 = ADVANCED_FACE('',(#12540),#12558,.T.);
#12540 = FACE_BOUND('',#12541,.T.);
#12541 = EDGE_LOOP('',(#12542,#12543,#12551,#12557));
#12542 = ORIENTED_EDGE('',*,*,#12504,.T.);
#12543 = ORIENTED_EDGE('',*,*,#12544,.T.);
#12544 = EDGE_CURVE('',#12497,#12545,#12547,.T.);
#12545 = VERTEX_POINT('',#12546);
#12546 = CARTESIAN_POINT('',(49.2,28.826680144764,-7.716586331203));
#12547 = LINE('',#12548,#12549);
#12548 = CARTESIAN_POINT('',(49.2,28.825163845186,-9.010873845982));
#12549 = VECTOR('',#12550,1.);
#12550 = DIRECTION('',(0.,1.171531456477E-03,0.999999313757));
#12551 = ORIENTED_EDGE('',*,*,#12552,.F.);
#12552 = EDGE_CURVE('',#6219,#12545,#12553,.T.);
#12553 = LINE('',#12554,#12555);
#12554 = CARTESIAN_POINT('',(50.,28.826680144764,-7.716586331203));
#12555 = VECTOR('',#12556,1.);
#12556 = DIRECTION('',(-1.,-0.,-0.));
#12557 = ORIENTED_EDGE('',*,*,#6218,.F.);
#12558 = PLANE('',#12559);
#12559 = AXIS2_PLACEMENT_3D('',#12560,#12561,#12562);
#12560 = CARTESIAN_POINT('',(50.,28.825163845186,-9.010873845982));
#12561 = DIRECTION('',(0.,0.999999313757,-1.171531456477E-03));
#12562 = DIRECTION('',(0.,1.171531456477E-03,0.999999313757));
#12563 = ADVANCED_FACE('',(#12564),#12582,.T.);
#12564 = FACE_BOUND('',#12565,.T.);
#12565 = EDGE_LOOP('',(#12566,#12574,#12580,#12581));
#12566 = ORIENTED_EDGE('',*,*,#12567,.T.);
#12567 = EDGE_CURVE('',#6339,#12568,#12570,.T.);
#12568 = VERTEX_POINT('',#12569);
#12569 = CARTESIAN_POINT('',(49.2,29.228133474351,-6.885922169749));
#12570 = LINE('',#12571,#12572);
#12571 = CARTESIAN_POINT('',(50.,29.228133474351,-6.885922169749));
#12572 = VECTOR('',#12573,1.);
#12573 = DIRECTION('',(-1.,-0.,-0.));
#12574 = ORIENTED_EDGE('',*,*,#12575,.T.);
#12575 = EDGE_CURVE('',#12568,#12520,#12576,.T.);
#12576 = B_SPLINE_CURVE_WITH_KNOTS('',2,(#12577,#12578,#12579),
  .UNSPECIFIED.,.F.,.F.,(3,3),(0.,1.),.PIECEWISE_BEZIER_KNOTS.);
#12577 = CARTESIAN_POINT('',(49.2,29.228133474351,-6.885922169749));
#12578 = CARTESIAN_POINT('',(49.2,29.423848457204,-7.111848141749));
#12579 = CARTESIAN_POINT('',(49.2,29.423339036373,-7.546681093788));
#12580 = ORIENTED_EDGE('',*,*,#12519,.F.);
#12581 = ORIENTED_EDGE('',*,*,#6346,.F.);
#12582 = SURFACE_OF_LINEAR_EXTRUSION('',#12583,#12587);
#12583 = B_SPLINE_CURVE_WITH_KNOTS('',2,(#12584,#12585,#12586),
  .UNSPECIFIED.,.F.,.F.,(3,3),(0.,1.),.PIECEWISE_BEZIER_KNOTS.);
#12584 = CARTESIAN_POINT('',(50.,29.228133474351,-6.885922169749));
#12585 = CARTESIAN_POINT('',(50.,29.423848457204,-7.111848141749));
#12586 = CARTESIAN_POINT('',(50.,29.423339036373,-7.546681093788));
#12587 = VECTOR('',#12588,1.);
#12588 = DIRECTION('',(1.,0.,0.));
#12589 = ADVANCED_FACE('',(#12590),#12608,.T.);
#12590 = FACE_BOUND('',#12591,.T.);
#12591 = EDGE_LOOP('',(#12592,#12593,#12601,#12607));
#12592 = ORIENTED_EDGE('',*,*,#12552,.T.);
#12593 = ORIENTED_EDGE('',*,*,#12594,.T.);
#12594 = EDGE_CURVE('',#12545,#12595,#12597,.T.);
#12595 = VERTEX_POINT('',#12596);
#12596 = CARTESIAN_POINT('',(49.2,28.416260856183,-7.108869603203));
#12597 = B_SPLINE_CURVE_WITH_KNOTS('',2,(#12598,#12599,#12600),
  .UNSPECIFIED.,.F.,.F.,(3,3),(0.,1.),.PIECEWISE_BEZIER_KNOTS.);
#12598 = CARTESIAN_POINT('',(49.2,28.826680144764,-7.716586331203));
#12599 = CARTESIAN_POINT('',(49.2,28.827392104406,-7.108869697318));
#12600 = CARTESIAN_POINT('',(49.2,28.416260856183,-7.108869603203));
#12601 = ORIENTED_EDGE('',*,*,#12602,.F.);
#12602 = EDGE_CURVE('',#6227,#12595,#12603,.T.);
#12603 = LINE('',#12604,#12605);
#12604 = CARTESIAN_POINT('',(50.,28.416260856183,-7.108869603203));
#12605 = VECTOR('',#12606,1.);
#12606 = DIRECTION('',(-1.,-0.,-0.));
#12607 = ORIENTED_EDGE('',*,*,#6226,.F.);
#12608 = SURFACE_OF_LINEAR_EXTRUSION('',#12609,#12613);
#12609 = B_SPLINE_CURVE_WITH_KNOTS('',2,(#12610,#12611,#12612),
  .UNSPECIFIED.,.F.,.F.,(3,3),(0.,1.),.PIECEWISE_BEZIER_KNOTS.);
#12610 = CARTESIAN_POINT('',(50.,28.826680144764,-7.716586331203));
#12611 = CARTESIAN_POINT('',(50.,28.827392104406,-7.108869697318));
#12612 = CARTESIAN_POINT('',(50.,28.416260856183,-7.108869603203));
#12613 = VECTOR('',#12614,1.);
#12614 = DIRECTION('',(1.,0.,0.));
#12615 = ADVANCED_FACE('',(#12616),#12634,.T.);
#12616 = FACE_BOUND('',#12617,.T.);
#12617 = EDGE_LOOP('',(#12618,#12626,#12632,#12633));
#12618 = ORIENTED_EDGE('',*,*,#12619,.T.);
#12619 = EDGE_CURVE('',#6331,#12620,#12622,.T.);
#12620 = VERTEX_POINT('',#12621);
#12621 = CARTESIAN_POINT('',(49.2,28.666021731423,-6.659996113876));
#12622 = LINE('',#12623,#12624);
#12623 = CARTESIAN_POINT('',(50.,28.666021731423,-6.659996113876));
#12624 = VECTOR('',#12625,1.);
#12625 = DIRECTION('',(-1.,-0.,-0.));
#12626 = ORIENTED_EDGE('',*,*,#12627,.T.);
#12627 = EDGE_CURVE('',#12620,#12568,#12628,.T.);
#12628 = B_SPLINE_CURVE_WITH_KNOTS('',2,(#12629,#12630,#12631),
  .UNSPECIFIED.,.F.,.F.,(3,3),(0.,1.),.PIECEWISE_BEZIER_KNOTS.);
#12629 = CARTESIAN_POINT('',(49.2,28.666021731423,-6.659996113876));
#12630 = CARTESIAN_POINT('',(49.2,29.032418491498,-6.65999619775));
#12631 = CARTESIAN_POINT('',(49.2,29.228133474351,-6.885922169749));
#12632 = ORIENTED_EDGE('',*,*,#12567,.F.);
#12633 = ORIENTED_EDGE('',*,*,#6338,.F.);
#12634 = SURFACE_OF_LINEAR_EXTRUSION('',#12635,#12639);
#12635 = B_SPLINE_CURVE_WITH_KNOTS('',2,(#12636,#12637,#12638),
  .UNSPECIFIED.,.F.,.F.,(3,3),(0.,1.),.PIECEWISE_BEZIER_KNOTS.);
#12636 = CARTESIAN_POINT('',(50.,28.666021731423,-6.659996113876));
#12637 = CARTESIAN_POINT('',(50.,29.032418491498,-6.65999619775));
#12638 = CARTESIAN_POINT('',(50.,29.228133474351,-6.885922169749));
#12639 = VECTOR('',#12640,1.);
#12640 = DIRECTION('',(1.,0.,0.));
#12641 = ADVANCED_FACE('',(#12642),#12660,.T.);
#12642 = FACE_BOUND('',#12643,.T.);
#12643 = EDGE_LOOP('',(#12644,#12645,#12653,#12659));
#12644 = ORIENTED_EDGE('',*,*,#12602,.T.);
#12645 = ORIENTED_EDGE('',*,*,#12646,.T.);
#12646 = EDGE_CURVE('',#12595,#12647,#12649,.T.);
#12647 = VERTEX_POINT('',#12648);
#12648 = CARTESIAN_POINT('',(49.2,28.065551036378,-7.295510150786));
#12649 = B_SPLINE_CURVE_WITH_KNOTS('',2,(#12650,#12651,#12652),
  .UNSPECIFIED.,.F.,.F.,(3,3),(0.,1.),.PIECEWISE_BEZIER_KNOTS.);
#12650 = CARTESIAN_POINT('',(49.2,28.416260856183,-7.108869603203));
#12651 = CARTESIAN_POINT('',(49.2,28.198979056604,-7.108869553463));
#12652 = CARTESIAN_POINT('',(49.2,28.065551036378,-7.295510150786));
#12653 = ORIENTED_EDGE('',*,*,#12654,.F.);
#12654 = EDGE_CURVE('',#6235,#12647,#12655,.T.);
#12655 = LINE('',#12656,#12657);
#12656 = CARTESIAN_POINT('',(50.,28.065551036378,-7.295510150786));
#12657 = VECTOR('',#12658,1.);
#12658 = DIRECTION('',(-1.,-0.,-0.));
#12659 = ORIENTED_EDGE('',*,*,#6234,.F.);
#12660 = SURFACE_OF_LINEAR_EXTRUSION('',#12661,#12665);
#12661 = B_SPLINE_CURVE_WITH_KNOTS('',2,(#12662,#12663,#12664),
  .UNSPECIFIED.,.F.,.F.,(3,3),(0.,1.),.PIECEWISE_BEZIER_KNOTS.);
#12662 = CARTESIAN_POINT('',(50.,28.416260856183,-7.108869603203));
#12663 = CARTESIAN_POINT('',(50.,28.198979056604,-7.108869553463));
#12664 = CARTESIAN_POINT('',(50.,28.065551036378,-7.295510150786));
#12665 = VECTOR('',#12666,1.);
#12666 = DIRECTION('',(1.,0.,0.));
#12667 = ADVANCED_FACE('',(#12668),#12686,.T.);
#12668 = FACE_BOUND('',#12669,.T.);
#12669 = EDGE_LOOP('',(#12670,#12678,#12684,#12685));
#12670 = ORIENTED_EDGE('',*,*,#12671,.T.);
#12671 = EDGE_CURVE('',#6323,#12672,#12674,.T.);
#12672 = VERTEX_POINT('',#12673);
#12673 = CARTESIAN_POINT('',(49.2,28.229188351192,-6.779128329536));
#12674 = LINE('',#12675,#12676);
#12675 = CARTESIAN_POINT('',(50.,28.229188351192,-6.779128329536));
#12676 = VECTOR('',#12677,1.);
#12677 = DIRECTION('',(-1.,-0.,-0.));
#12678 = ORIENTED_EDGE('',*,*,#12679,.T.);
#12679 = EDGE_CURVE('',#12672,#12620,#12680,.T.);
#12680 = B_SPLINE_CURVE_WITH_KNOTS('',2,(#12681,#12682,#12683),
  .UNSPECIFIED.,.F.,.F.,(3,3),(0.,1.),.PIECEWISE_BEZIER_KNOTS.);
#12681 = CARTESIAN_POINT('',(49.2,28.229188351192,-6.779128329536));
#12682 = CARTESIAN_POINT('',(49.2,28.412526298581,-6.659996055846));
#12683 = CARTESIAN_POINT('',(49.2,28.666021731423,-6.659996113876));
#12684 = ORIENTED_EDGE('',*,*,#12619,.F.);
#12685 = ORIENTED_EDGE('',*,*,#6330,.F.);
#12686 = SURFACE_OF_LINEAR_EXTRUSION('',#12687,#12691);
#12687 = B_SPLINE_CURVE_WITH_KNOTS('',2,(#12688,#12689,#12690),
  .UNSPECIFIED.,.F.,.F.,(3,3),(0.,1.),.PIECEWISE_BEZIER_KNOTS.);
#12688 = CARTESIAN_POINT('',(50.,28.229188351192,-6.779128329536));
#12689 = CARTESIAN_POINT('',(50.,28.412526298581,-6.659996055846));
#12690 = CARTESIAN_POINT('',(50.,28.666021731423,-6.659996113876));
#12691 = VECTOR('',#12692,1.);
#12692 = DIRECTION('',(1.,0.,0.));
#12693 = ADVANCED_FACE('',(#12694),#12712,.T.);
#12694 = FACE_BOUND('',#12695,.T.);
#12695 = EDGE_LOOP('',(#12696,#12697,#12705,#12711));
#12696 = ORIENTED_EDGE('',*,*,#12654,.T.);
#12697 = ORIENTED_EDGE('',*,*,#12698,.T.);
#12698 = EDGE_CURVE('',#12647,#12699,#12701,.T.);
#12699 = VERTEX_POINT('',#12700);
#12700 = CARTESIAN_POINT('',(49.2,27.931922924238,-7.774166745613));
#12701 = B_SPLINE_CURVE_WITH_KNOTS('',2,(#12702,#12703,#12704),
  .UNSPECIFIED.,.F.,.F.,(3,3),(0.,1.),.PIECEWISE_BEZIER_KNOTS.);
#12702 = CARTESIAN_POINT('',(49.2,28.065551036378,-7.295510150786));
#12703 = CARTESIAN_POINT('',(49.2,27.932265196552,-7.482008923955));
#12704 = CARTESIAN_POINT('',(49.2,27.931922924238,-7.774166745613));
#12705 = ORIENTED_EDGE('',*,*,#12706,.F.);
#12706 = EDGE_CURVE('',#6243,#12699,#12707,.T.);
#12707 = LINE('',#12708,#12709);
#12708 = CARTESIAN_POINT('',(50.,27.931922924238,-7.774166745613));
#12709 = VECTOR('',#12710,1.);
#12710 = DIRECTION('',(-1.,-0.,-0.));
#12711 = ORIENTED_EDGE('',*,*,#6242,.F.);
#12712 = SURFACE_OF_LINEAR_EXTRUSION('',#12713,#12717);
#12713 = B_SPLINE_CURVE_WITH_KNOTS('',2,(#12714,#12715,#12716),
  .UNSPECIFIED.,.F.,.F.,(3,3),(0.,1.),.PIECEWISE_BEZIER_KNOTS.);
#12714 = CARTESIAN_POINT('',(50.,28.065551036378,-7.295510150786));
#12715 = CARTESIAN_POINT('',(50.,27.932265196552,-7.482008923955));
#12716 = CARTESIAN_POINT('',(50.,27.931922924238,-7.774166745613));
#12717 = VECTOR('',#12718,1.);
#12718 = DIRECTION('',(1.,0.,0.));
#12719 = ADVANCED_FACE('',(#12720),#12738,.T.);
#12720 = FACE_BOUND('',#12721,.T.);
#12721 = EDGE_LOOP('',(#12722,#12730,#12736,#12737));
#12722 = ORIENTED_EDGE('',*,*,#12723,.T.);
#12723 = EDGE_CURVE('',#6315,#12724,#12726,.T.);
#12724 = VERTEX_POINT('',#12725);
#12725 = CARTESIAN_POINT('',(49.2,27.924119179695,-7.162053560034));
#12726 = LINE('',#12727,#12728);
#12727 = CARTESIAN_POINT('',(50.,27.924119179695,-7.162053560034));
#12728 = VECTOR('',#12729,1.);
#12729 = DIRECTION('',(-1.,-0.,-0.));
#12730 = ORIENTED_EDGE('',*,*,#12731,.T.);
#12731 = EDGE_CURVE('',#12724,#12672,#12732,.T.);
#12732 = B_SPLINE_CURVE_WITH_KNOTS('',2,(#12733,#12734,#12735),
  .UNSPECIFIED.,.F.,.F.,(3,3),(0.,1.),.PIECEWISE_BEZIER_KNOTS.);
#12733 = CARTESIAN_POINT('',(49.2,27.924119179695,-7.162053560034));
#12734 = CARTESIAN_POINT('',(49.2,28.045850403804,-6.898260603226));
#12735 = CARTESIAN_POINT('',(49.2,28.229188351192,-6.779128329536));
#12736 = ORIENTED_EDGE('',*,*,#12671,.F.);
#12737 = ORIENTED_EDGE('',*,*,#6322,.F.);
#12738 = SURFACE_OF_LINEAR_EXTRUSION('',#12739,#12743);
#12739 = B_SPLINE_CURVE_WITH_KNOTS('',2,(#12740,#12741,#12742),
  .UNSPECIFIED.,.F.,.F.,(3,3),(0.,1.),.PIECEWISE_BEZIER_KNOTS.);
#12740 = CARTESIAN_POINT('',(50.,27.924119179695,-7.162053560034));
#12741 = CARTESIAN_POINT('',(50.,28.045850403804,-6.898260603226));
#12742 = CARTESIAN_POINT('',(50.,28.229188351192,-6.779128329536));
#12743 = VECTOR('',#12744,1.);
#12744 = DIRECTION('',(1.,0.,0.));
#12745 = ADVANCED_FACE('',(#12746),#12764,.T.);
#12746 = FACE_BOUND('',#12747,.T.);
#12747 = EDGE_LOOP('',(#12748,#12749,#12757,#12763));
#12748 = ORIENTED_EDGE('',*,*,#12706,.T.);
#12749 = ORIENTED_EDGE('',*,*,#12750,.T.);
#12750 = EDGE_CURVE('',#12699,#12751,#12753,.T.);
#12751 = VERTEX_POINT('',#12752);
#12752 = CARTESIAN_POINT('',(49.2,27.930474082214,-9.010873641173));
#12753 = LINE('',#12754,#12755);
#12754 = CARTESIAN_POINT('',(49.2,27.931922924238,-7.774166745613));
#12755 = VECTOR('',#12756,1.);
#12756 = DIRECTION('',(0.,-1.171531456478E-03,-0.999999313757));
#12757 = ORIENTED_EDGE('',*,*,#12758,.F.);
#12758 = EDGE_CURVE('',#6251,#12751,#12759,.T.);
#12759 = LINE('',#12760,#12761);
#12760 = CARTESIAN_POINT('',(50.,27.930474082214,-9.010873641173));
#12761 = VECTOR('',#12762,1.);
#12762 = DIRECTION('',(-1.,-0.,-0.));
#12763 = ORIENTED_EDGE('',*,*,#6250,.F.);
#12764 = PLANE('',#12765);
#12765 = AXIS2_PLACEMENT_3D('',#12766,#12767,#12768);
#12766 = CARTESIAN_POINT('',(50.,27.931922924238,-7.774166745613));
#12767 = DIRECTION('',(0.,-0.999999313757,1.171531456478E-03));
#12768 = DIRECTION('',(0.,-1.171531456478E-03,-0.999999313757));
#12769 = ADVANCED_FACE('',(#12770),#12788,.T.);
#12770 = FACE_BOUND('',#12771,.T.);
#12771 = EDGE_LOOP('',(#12772,#12780,#12786,#12787));
#12772 = ORIENTED_EDGE('',*,*,#12773,.T.);
#12773 = EDGE_CURVE('',#6307,#12774,#12776,.T.);
#12774 = VERTEX_POINT('',#12775);
#12775 = CARTESIAN_POINT('',(49.2,27.915598324809,-7.162053558084));
#12776 = LINE('',#12777,#12778);
#12777 = CARTESIAN_POINT('',(50.,27.915598324809,-7.162053558084));
#12778 = VECTOR('',#12779,1.);
#12779 = DIRECTION('',(-1.,-0.,-0.));
#12780 = ORIENTED_EDGE('',*,*,#12781,.T.);
#12781 = EDGE_CURVE('',#12774,#12724,#12782,.T.);
#12782 = LINE('',#12783,#12784);
#12783 = CARTESIAN_POINT('',(49.2,27.915598324809,-7.162053558084));
#12784 = VECTOR('',#12785,1.);
#12785 = DIRECTION('',(0.,1.,-2.289171110097E-07));
#12786 = ORIENTED_EDGE('',*,*,#12723,.F.);
#12787 = ORIENTED_EDGE('',*,*,#6314,.F.);
#12788 = PLANE('',#12789);
#12789 = AXIS2_PLACEMENT_3D('',#12790,#12791,#12792);
#12790 = CARTESIAN_POINT('',(50.,27.915598324809,-7.162053558084));
#12791 = DIRECTION('',(0.,-2.289171110097E-07,-1.));
#12792 = DIRECTION('',(0.,1.,-2.289171110097E-07));
#12793 = ADVANCED_FACE('',(#12794),#12812,.T.);
#12794 = FACE_BOUND('',#12795,.T.);
#12795 = EDGE_LOOP('',(#12796,#12797,#12805,#12811));
#12796 = ORIENTED_EDGE('',*,*,#12758,.T.);
#12797 = ORIENTED_EDGE('',*,*,#12798,.T.);
#12798 = EDGE_CURVE('',#12751,#12799,#12801,.T.);
#12799 = VERTEX_POINT('',#12800);
#12800 = CARTESIAN_POINT('',(49.2,27.33188402651,-9.010873504145));
#12801 = LINE('',#12802,#12803);
#12802 = CARTESIAN_POINT('',(49.2,27.930474082214,-9.010873641173));
#12803 = VECTOR('',#12804,1.);
#12804 = DIRECTION('',(0.,-1.,2.289171399434E-07));
#12805 = ORIENTED_EDGE('',*,*,#12806,.F.);
#12806 = EDGE_CURVE('',#6259,#12799,#12807,.T.);
#12807 = LINE('',#12808,#12809);
#12808 = CARTESIAN_POINT('',(50.,27.33188402651,-9.010873504145));
#12809 = VECTOR('',#12810,1.);
#12810 = DIRECTION('',(-1.,-0.,-0.));
#12811 = ORIENTED_EDGE('',*,*,#6258,.F.);
#12812 = PLANE('',#12813);
#12813 = AXIS2_PLACEMENT_3D('',#12814,#12815,#12816);
#12814 = CARTESIAN_POINT('',(50.,27.930474082214,-9.010873641173));
#12815 = DIRECTION('',(0.,2.289171399434E-07,1.));
#12816 = DIRECTION('',(0.,-1.,2.289171399434E-07));
#12817 = ADVANCED_FACE('',(#12818),#12836,.T.);
#12818 = FACE_BOUND('',#12819,.T.);
#12819 = EDGE_LOOP('',(#12820,#12828,#12834,#12835));
#12820 = ORIENTED_EDGE('',*,*,#12821,.T.);
#12821 = EDGE_CURVE('',#6299,#12822,#12824,.T.);
#12822 = VERTEX_POINT('',#12823);
#12823 = CARTESIAN_POINT('',(49.2,27.905229547785,-6.921094264871));
#12824 = LINE('',#12825,#12826);
#12825 = CARTESIAN_POINT('',(50.,27.905229547785,-6.921094264871));
#12826 = VECTOR('',#12827,1.);
#12827 = DIRECTION('',(-1.,-0.,-0.));
#12828 = ORIENTED_EDGE('',*,*,#12829,.T.);
#12829 = EDGE_CURVE('',#12822,#12774,#12830,.T.);
#12830 = B_SPLINE_CURVE_WITH_KNOTS('',2,(#12831,#12832,#12833),
  .UNSPECIFIED.,.F.,.F.,(3,3),(0.,1.),.PIECEWISE_BEZIER_KNOTS.);
#12831 = CARTESIAN_POINT('',(49.2,27.905229547785,-6.921094264871));
#12832 = CARTESIAN_POINT('',(49.2,27.915675419155,-7.096247136118));
#12833 = CARTESIAN_POINT('',(49.2,27.915598324809,-7.162053558084));
#12834 = ORIENTED_EDGE('',*,*,#12773,.F.);
#12835 = ORIENTED_EDGE('',*,*,#6306,.F.);
#12836 = SURFACE_OF_LINEAR_EXTRUSION('',#12837,#12841);
#12837 = B_SPLINE_CURVE_WITH_KNOTS('',2,(#12838,#12839,#12840),
  .UNSPECIFIED.,.F.,.F.,(3,3),(0.,1.),.PIECEWISE_BEZIER_KNOTS.);
#12838 = CARTESIAN_POINT('',(50.,27.905229547785,-6.921094264871));
#12839 = CARTESIAN_POINT('',(50.,27.915675419155,-7.096247136118));
#12840 = CARTESIAN_POINT('',(50.,27.915598324809,-7.162053558084));
#12841 = VECTOR('',#12842,1.);
#12842 = DIRECTION('',(1.,0.,0.));
#12843 = ADVANCED_FACE('',(#12844),#12862,.T.);
#12844 = FACE_BOUND('',#12845,.T.);
#12845 = EDGE_LOOP('',(#12846,#12847,#12855,#12861));
#12846 = ORIENTED_EDGE('',*,*,#12806,.T.);
#12847 = ORIENTED_EDGE('',*,*,#12848,.T.);
#12848 = EDGE_CURVE('',#12799,#12849,#12851,.T.);
#12849 = VERTEX_POINT('',#12850);
#12850 = CARTESIAN_POINT('',(49.2,27.333980859808,-7.22105228603));
#12851 = LINE('',#12852,#12853);
#12852 = CARTESIAN_POINT('',(49.2,27.33188402651,-9.010873504145));
#12853 = VECTOR('',#12854,1.);
#12854 = DIRECTION('',(0.,1.171531456477E-03,0.999999313757));
#12855 = ORIENTED_EDGE('',*,*,#12856,.F.);
#12856 = EDGE_CURVE('',#6267,#12849,#12857,.T.);
#12857 = LINE('',#12858,#12859);
#12858 = CARTESIAN_POINT('',(50.,27.333980859808,-7.22105228603));
#12859 = VECTOR('',#12860,1.);
#12860 = DIRECTION('',(-1.,-0.,-0.));
#12861 = ORIENTED_EDGE('',*,*,#6266,.F.);
#12862 = PLANE('',#12863);
#12863 = AXIS2_PLACEMENT_3D('',#12864,#12865,#12866);
#12864 = CARTESIAN_POINT('',(50.,27.33188402651,-9.010873504145));
#12865 = DIRECTION('',(0.,0.999999313757,-1.171531456477E-03));
#12866 = DIRECTION('',(0.,1.171531456477E-03,0.999999313757));
#12867 = ADVANCED_FACE('',(#12868),#12886,.T.);
#12868 = FACE_BOUND('',#12869,.T.);
#12869 = EDGE_LOOP('',(#12870,#12878,#12884,#12885));
#12870 = ORIENTED_EDGE('',*,*,#12871,.T.);
#12871 = EDGE_CURVE('',#6291,#12872,#12874,.T.);
#12872 = VERTEX_POINT('',#12873);
#12873 = CARTESIAN_POINT('',(49.2,27.88844055461,-6.705379675173));
#12874 = LINE('',#12875,#12876);
#12875 = CARTESIAN_POINT('',(50.,27.88844055461,-6.705379675173));
#12876 = VECTOR('',#12877,1.);
#12877 = DIRECTION('',(-1.,-0.,-0.));
#12878 = ORIENTED_EDGE('',*,*,#12879,.T.);
#12879 = EDGE_CURVE('',#12872,#12822,#12880,.T.);
#12880 = B_SPLINE_CURVE_WITH_KNOTS('',2,(#12881,#12882,#12883),
  .UNSPECIFIED.,.F.,.F.,(3,3),(0.,1.),.PIECEWISE_BEZIER_KNOTS.);
#12881 = CARTESIAN_POINT('',(49.2,27.88844055461,-6.705379675173));
#12882 = CARTESIAN_POINT('',(49.2,27.894783842566,-6.745799569438));
#12883 = CARTESIAN_POINT('',(49.2,27.905229547785,-6.921094264871));
#12884 = ORIENTED_EDGE('',*,*,#12821,.F.);
#12885 = ORIENTED_EDGE('',*,*,#6298,.F.);
#12886 = SURFACE_OF_LINEAR_EXTRUSION('',#12887,#12891);
#12887 = B_SPLINE_CURVE_WITH_KNOTS('',2,(#12888,#12889,#12890),
  .UNSPECIFIED.,.F.,.F.,(3,3),(0.,1.),.PIECEWISE_BEZIER_KNOTS.);
#12888 = CARTESIAN_POINT('',(50.,27.88844055461,-6.705379675173));
#12889 = CARTESIAN_POINT('',(50.,27.894783842566,-6.745799569438));
#12890 = CARTESIAN_POINT('',(50.,27.905229547785,-6.921094264871));
#12891 = VECTOR('',#12892,1.);
#12892 = DIRECTION('',(1.,0.,0.));
#12893 = ADVANCED_FACE('',(#12894),#12912,.T.);
#12894 = FACE_BOUND('',#12895,.T.);
#12895 = EDGE_LOOP('',(#12896,#12897,#12905,#12911));
#12896 = ORIENTED_EDGE('',*,*,#12856,.T.);
#12897 = ORIENTED_EDGE('',*,*,#12898,.T.);
#12898 = EDGE_CURVE('',#12849,#12899,#12901,.T.);
#12899 = VERTEX_POINT('',#12900);
#12900 = CARTESIAN_POINT('',(49.2,27.328940048974,-6.91740670413));
#12901 = B_SPLINE_CURVE_WITH_KNOTS('',2,(#12902,#12903,#12904),
  .UNSPECIFIED.,.F.,.F.,(3,3),(0.,1.),.PIECEWISE_BEZIER_KNOTS.);
#12902 = CARTESIAN_POINT('',(49.2,27.333980859808,-7.22105228603));
#12903 = CARTESIAN_POINT('',(49.2,27.33419801996,-7.035688075881));
#12904 = CARTESIAN_POINT('',(49.2,27.328940048974,-6.91740670413));
#12905 = ORIENTED_EDGE('',*,*,#12906,.F.);
#12906 = EDGE_CURVE('',#6275,#12899,#12907,.T.);
#12907 = LINE('',#12908,#12909);
#12908 = CARTESIAN_POINT('',(50.,27.328940048974,-6.91740670413));
#12909 = VECTOR('',#12910,1.);
#12910 = DIRECTION('',(-1.,-0.,-0.));
#12911 = ORIENTED_EDGE('',*,*,#6274,.F.);
#12912 = SURFACE_OF_LINEAR_EXTRUSION('',#12913,#12917);
#12913 = B_SPLINE_CURVE_WITH_KNOTS('',2,(#12914,#12915,#12916),
  .UNSPECIFIED.,.F.,.F.,(3,3),(0.,1.),.PIECEWISE_BEZIER_KNOTS.);
#12914 = CARTESIAN_POINT('',(50.,27.333980859808,-7.22105228603));
#12915 = CARTESIAN_POINT('',(50.,27.33419801996,-7.035688075881));
#12916 = CARTESIAN_POINT('',(50.,27.328940048974,-6.91740670413));
#12917 = VECTOR('',#12918,1.);
#12918 = DIRECTION('',(1.,0.,0.));
#12919 = ADVANCED_FACE('',(#12920),#12938,.T.);
#12920 = FACE_BOUND('',#12921,.T.);
#12921 = EDGE_LOOP('',(#12922,#12930,#12936,#12937));
#12922 = ORIENTED_EDGE('',*,*,#12923,.T.);
#12923 = EDGE_CURVE('',#6283,#12924,#12926,.T.);
#12924 = VERTEX_POINT('',#12925);
#12925 = CARTESIAN_POINT('',(49.2,27.317543277285,-6.705379544485));
#12926 = LINE('',#12927,#12928);
#12927 = CARTESIAN_POINT('',(50.,27.317543277285,-6.705379544485));
#12928 = VECTOR('',#12929,1.);
#12929 = DIRECTION('',(-1.,-0.,-0.));
#12930 = ORIENTED_EDGE('',*,*,#12931,.T.);
#12931 = EDGE_CURVE('',#12924,#12872,#12932,.T.);
#12932 = LINE('',#12933,#12934);
#12933 = CARTESIAN_POINT('',(49.2,27.317543277285,-6.705379544485));
#12934 = VECTOR('',#12935,1.);
#12935 = DIRECTION('',(0.,1.,-2.289171421248E-07));
#12936 = ORIENTED_EDGE('',*,*,#12871,.F.);
#12937 = ORIENTED_EDGE('',*,*,#6290,.F.);
#12938 = PLANE('',#12939);
#12939 = AXIS2_PLACEMENT_3D('',#12940,#12941,#12942);
#12940 = CARTESIAN_POINT('',(50.,27.317543277285,-6.705379544485));
#12941 = DIRECTION('',(0.,-2.289171421248E-07,-1.));
#12942 = DIRECTION('',(0.,1.,-2.289171421248E-07));
#12943 = ADVANCED_FACE('',(#12944),#12955,.T.);
#12944 = FACE_BOUND('',#12945,.T.);
#12945 = EDGE_LOOP('',(#12946,#12947,#12953,#12954));
#12946 = ORIENTED_EDGE('',*,*,#12906,.T.);
#12947 = ORIENTED_EDGE('',*,*,#12948,.T.);
#12948 = EDGE_CURVE('',#12899,#12924,#12949,.T.);
#12949 = B_SPLINE_CURVE_WITH_KNOTS('',2,(#12950,#12951,#12952),
  .UNSPECIFIED.,.F.,.F.,(3,3),(0.,1.),.PIECEWISE_BEZIER_KNOTS.);
#12950 = CARTESIAN_POINT('',(49.2,27.328940048974,-6.91740670413));
#12951 = CARTESIAN_POINT('',(49.2,27.323824092236,-6.799125332411));
#12952 = CARTESIAN_POINT('',(49.2,27.317543277285,-6.705379544485));
#12953 = ORIENTED_EDGE('',*,*,#12923,.F.);
#12954 = ORIENTED_EDGE('',*,*,#6282,.F.);
#12955 = SURFACE_OF_LINEAR_EXTRUSION('',#12956,#12960);
#12956 = B_SPLINE_CURVE_WITH_KNOTS('',2,(#12957,#12958,#12959),
  .UNSPECIFIED.,.F.,.F.,(3,3),(0.,1.),.PIECEWISE_BEZIER_KNOTS.);
#12957 = CARTESIAN_POINT('',(50.,27.328940048974,-6.91740670413));
#12958 = CARTESIAN_POINT('',(50.,27.323824092236,-6.799125332411));
#12959 = CARTESIAN_POINT('',(50.,27.317543277285,-6.705379544485));
#12960 = VECTOR('',#12961,1.);
#12961 = DIRECTION('',(1.,0.,0.));
#12962 = ADVANCED_FACE('',(#12963),#12988,.T.);
#12963 = FACE_BOUND('',#12964,.T.);
#12964 = EDGE_LOOP('',(#12965,#12973,#12981,#12987));
#12965 = ORIENTED_EDGE('',*,*,#12966,.T.);
#12966 = EDGE_CURVE('',#6363,#12967,#12969,.T.);
#12967 = VERTEX_POINT('',#12968);
#12968 = CARTESIAN_POINT('',(49.2,32.120888500633,-9.01087460043));
#12969 = LINE('',#12970,#12971);
#12970 = CARTESIAN_POINT('',(50.,32.120888500633,-9.01087460043));
#12971 = VECTOR('',#12972,1.);
#12972 = DIRECTION('',(-1.,-0.,-0.));
#12973 = ORIENTED_EDGE('',*,*,#12974,.T.);
#12974 = EDGE_CURVE('',#12967,#12975,#12977,.T.);
#12975 = VERTEX_POINT('',#12976);
#12976 = CARTESIAN_POINT('',(49.2,31.466912888174,-9.010874450724));
#12977 = LINE('',#12978,#12979);
#12978 = CARTESIAN_POINT('',(49.2,32.120888500633,-9.01087460043));
#12979 = VECTOR('',#12980,1.);
#12980 = DIRECTION('',(0.,-1.,2.289171388511E-07));
#12981 = ORIENTED_EDGE('',*,*,#12982,.F.);
#12982 = EDGE_CURVE('',#6365,#12975,#12983,.T.);
#12983 = LINE('',#12984,#12985);
#12984 = CARTESIAN_POINT('',(50.,31.466912888174,-9.010874450724));
#12985 = VECTOR('',#12986,1.);
#12986 = DIRECTION('',(-1.,-0.,-0.));
#12987 = ORIENTED_EDGE('',*,*,#6362,.F.);
#12988 = PLANE('',#12989);
#12989 = AXIS2_PLACEMENT_3D('',#12990,#12991,#12992);
#12990 = CARTESIAN_POINT('',(50.,32.120888500633,-9.01087460043));
#12991 = DIRECTION('',(0.,2.289171388511E-07,1.));
#12992 = DIRECTION('',(0.,-1.,2.289171388511E-07));
#12993 = ADVANCED_FACE('',(#12994),#13012,.T.);
#12994 = FACE_BOUND('',#12995,.T.);
#12995 = EDGE_LOOP('',(#12996,#13004,#13010,#13011));
#12996 = ORIENTED_EDGE('',*,*,#12997,.T.);
#12997 = EDGE_CURVE('',#6445,#12998,#13000,.T.);
#12998 = VERTEX_POINT('',#12999);
#12999 = CARTESIAN_POINT('',(49.2,31.251278647943,-7.604545779841));
#13000 = LINE('',#13001,#13002);
#13001 = CARTESIAN_POINT('',(50.,31.251278647943,-7.604545779841));
#13002 = VECTOR('',#13003,1.);
#13003 = DIRECTION('',(-1.,-0.,-0.));
#13004 = ORIENTED_EDGE('',*,*,#13005,.T.);
#13005 = EDGE_CURVE('',#12998,#12967,#13006,.T.);
#13006 = LINE('',#13007,#13008);
#13007 = CARTESIAN_POINT('',(49.2,31.251278647943,-7.604545779841));
#13008 = VECTOR('',#13009,1.);
#13009 = DIRECTION('',(0.,0.525928399018,-0.850528846722));
#13010 = ORIENTED_EDGE('',*,*,#12966,.F.);
#13011 = ORIENTED_EDGE('',*,*,#6452,.F.);
#13012 = PLANE('',#13013);
#13013 = AXIS2_PLACEMENT_3D('',#13014,#13015,#13016);
#13014 = CARTESIAN_POINT('',(50.,31.251278647943,-7.604545779841));
#13015 = DIRECTION('',(0.,-0.850528846722,-0.525928399018));
#13016 = DIRECTION('',(0.,0.525928399018,-0.850528846722));
#13017 = ADVANCED_FACE('',(#13018),#13036,.T.);
#13018 = FACE_BOUND('',#13019,.T.);
#13019 = EDGE_LOOP('',(#13020,#13021,#13029,#13035));
#13020 = ORIENTED_EDGE('',*,*,#12982,.T.);
#13021 = ORIENTED_EDGE('',*,*,#13022,.T.);
#13022 = EDGE_CURVE('',#12975,#13023,#13025,.T.);
#13023 = VERTEX_POINT('',#13024);
#13024 = CARTESIAN_POINT('',(49.2,30.852504330841,-7.966764657833));
#13025 = LINE('',#13026,#13027);
#13026 = CARTESIAN_POINT('',(49.2,31.466912888174,-9.010874450724));
#13027 = VECTOR('',#13028,1.);
#13028 = DIRECTION('',(0.,-0.507158913744,0.861852560599));
#13029 = ORIENTED_EDGE('',*,*,#13030,.F.);
#13030 = EDGE_CURVE('',#6373,#13023,#13031,.T.);
#13031 = LINE('',#13032,#13033);
#13032 = CARTESIAN_POINT('',(50.,30.852504330841,-7.966764657833));
#13033 = VECTOR('',#13034,1.);
#13034 = DIRECTION('',(-1.,-0.,-0.));
#13035 = ORIENTED_EDGE('',*,*,#6372,.F.);
#13036 = PLANE('',#13037);
#13037 = AXIS2_PLACEMENT_3D('',#13038,#13039,#13040);
#13038 = CARTESIAN_POINT('',(50.,31.466912888174,-9.010874450724));
#13039 = DIRECTION('',(0.,0.861852560599,0.507158913744));
#13040 = DIRECTION('',(0.,-0.507158913744,0.861852560599));
#13041 = ADVANCED_FACE('',(#13042),#13060,.T.);
#13042 = FACE_BOUND('',#13043,.T.);
#13043 = EDGE_LOOP('',(#13044,#13052,#13058,#13059));
#13044 = ORIENTED_EDGE('',*,*,#13045,.T.);
#13045 = EDGE_CURVE('',#6437,#13046,#13048,.T.);
#13046 = VERTEX_POINT('',#13047);
#13047 = CARTESIAN_POINT('',(49.2,32.061813263259,-6.705380630529));
#13048 = LINE('',#13049,#13050);
#13049 = CARTESIAN_POINT('',(50.,32.061813263259,-6.705380630529));
#13050 = VECTOR('',#13051,1.);
#13051 = DIRECTION('',(-1.,-0.,-0.));
#13052 = ORIENTED_EDGE('',*,*,#13053,.T.);
#13053 = EDGE_CURVE('',#13046,#12998,#13054,.T.);
#13054 = LINE('',#13055,#13056);
#13055 = CARTESIAN_POINT('',(49.2,32.061813263259,-6.705380630529));
#13056 = VECTOR('',#13057,1.);
#13057 = DIRECTION('',(0.,-0.669551428786,-0.742765699404));
#13058 = ORIENTED_EDGE('',*,*,#12997,.F.);
#13059 = ORIENTED_EDGE('',*,*,#6444,.F.);
#13060 = PLANE('',#13061);
#13061 = AXIS2_PLACEMENT_3D('',#13062,#13063,#13064);
#13062 = CARTESIAN_POINT('',(50.,32.061813263259,-6.705380630529));
#13063 = DIRECTION('',(0.,-0.742765699404,0.669551428786));
#13064 = DIRECTION('',(0.,-0.669551428786,-0.742765699404));
#13065 = ADVANCED_FACE('',(#13066),#13084,.T.);
#13066 = FACE_BOUND('',#13067,.T.);
#13067 = EDGE_LOOP('',(#13068,#13069,#13077,#13083));
#13068 = ORIENTED_EDGE('',*,*,#13030,.T.);
#13069 = ORIENTED_EDGE('',*,*,#13070,.T.);
#13070 = EDGE_CURVE('',#13023,#13071,#13073,.T.);
#13071 = VERTEX_POINT('',#13072);
#13072 = CARTESIAN_POINT('',(49.2,30.594538787226,-8.14574672064));
#13073 = LINE('',#13074,#13075);
#13074 = CARTESIAN_POINT('',(49.2,30.852504330841,-7.966764657833));
#13075 = VECTOR('',#13076,1.);
#13076 = DIRECTION('',(0.,-0.821609649114,-0.570050510466));
#13077 = ORIENTED_EDGE('',*,*,#13078,.F.);
#13078 = EDGE_CURVE('',#6381,#13071,#13079,.T.);
#13079 = LINE('',#13080,#13081);
#13080 = CARTESIAN_POINT('',(50.,30.594538787226,-8.14574672064));
#13081 = VECTOR('',#13082,1.);
#13082 = DIRECTION('',(-1.,-0.,-0.));
#13083 = ORIENTED_EDGE('',*,*,#6380,.F.);
#13084 = PLANE('',#13085);
#13085 = AXIS2_PLACEMENT_3D('',#13086,#13087,#13088);
#13086 = CARTESIAN_POINT('',(50.,30.852504330841,-7.966764657833));
#13087 = DIRECTION('',(0.,-0.570050510466,0.821609649114));
#13088 = DIRECTION('',(0.,-0.821609649114,-0.570050510466));
#13089 = ADVANCED_FACE('',(#13090),#13108,.T.);
#13090 = FACE_BOUND('',#13091,.T.);
#13091 = EDGE_LOOP('',(#13092,#13100,#13106,#13107));
#13092 = ORIENTED_EDGE('',*,*,#13093,.T.);
#13093 = EDGE_CURVE('',#6429,#13094,#13096,.T.);
#13094 = VERTEX_POINT('',#13095);
#13095 = CARTESIAN_POINT('',(49.2,31.418488719407,-6.705380483261));
#13096 = LINE('',#13097,#13098);
#13097 = CARTESIAN_POINT('',(50.,31.418488719407,-6.705380483261));
#13098 = VECTOR('',#13099,1.);
#13099 = DIRECTION('',(-1.,-0.,-0.));
#13100 = ORIENTED_EDGE('',*,*,#13101,.T.);
#13101 = EDGE_CURVE('',#13094,#13046,#13102,.T.);
#13102 = LINE('',#13103,#13104);
#13103 = CARTESIAN_POINT('',(49.2,31.418488719407,-6.705380483261));
#13104 = VECTOR('',#13105,1.);
#13105 = DIRECTION('',(0.,1.,-2.28917141383E-07));
#13106 = ORIENTED_EDGE('',*,*,#13045,.F.);
#13107 = ORIENTED_EDGE('',*,*,#6436,.F.);
#13108 = PLANE('',#13109);
#13109 = AXIS2_PLACEMENT_3D('',#13110,#13111,#13112);
#13110 = CARTESIAN_POINT('',(50.,31.418488719407,-6.705380483261));
#13111 = DIRECTION('',(0.,-2.28917141383E-07,-1.));
#13112 = DIRECTION('',(0.,1.,-2.28917141383E-07));
#13113 = ADVANCED_FACE('',(#13114),#13132,.T.);
#13114 = FACE_BOUND('',#13115,.T.);
#13115 = EDGE_LOOP('',(#13116,#13117,#13125,#13131));
#13116 = ORIENTED_EDGE('',*,*,#13078,.T.);
#13117 = ORIENTED_EDGE('',*,*,#13118,.T.);
#13118 = EDGE_CURVE('',#13071,#13119,#13121,.T.);
#13119 = VERTEX_POINT('',#13120);
#13120 = CARTESIAN_POINT('',(49.2,30.593525262415,-9.010874250791));
#13121 = LINE('',#13122,#13123);
#13122 = CARTESIAN_POINT('',(49.2,30.594538787226,-8.14574672064));
#13123 = VECTOR('',#13124,1.);
#13124 = DIRECTION('',(0.,-1.171531456478E-03,-0.999999313757));
#13125 = ORIENTED_EDGE('',*,*,#13126,.F.);
#13126 = EDGE_CURVE('',#6389,#13119,#13127,.T.);
#13127 = LINE('',#13128,#13129);
#13128 = CARTESIAN_POINT('',(50.,30.593525262415,-9.010874250791));
#13129 = VECTOR('',#13130,1.);
#13130 = DIRECTION('',(-1.,-0.,-0.));
#13131 = ORIENTED_EDGE('',*,*,#6388,.F.);
#13132 = PLANE('',#13133);
#13133 = AXIS2_PLACEMENT_3D('',#13134,#13135,#13136);
#13134 = CARTESIAN_POINT('',(50.,30.594538787226,-8.14574672064));
#13135 = DIRECTION('',(0.,-0.999999313757,1.171531456478E-03));
#13136 = DIRECTION('',(0.,-1.171531456478E-03,-0.999999313757));
#13137 = ADVANCED_FACE('',(#13138),#13156,.T.);
#13138 = FACE_BOUND('',#13139,.T.);
#13139 = EDGE_LOOP('',(#13140,#13148,#13154,#13155));
#13140 = ORIENTED_EDGE('',*,*,#13141,.T.);
#13141 = EDGE_CURVE('',#6421,#13142,#13144,.T.);
#13142 = VERTEX_POINT('',#13143);
#13143 = CARTESIAN_POINT('',(49.2,30.595107856484,-7.659998886088));
#13144 = LINE('',#13145,#13146);
#13145 = CARTESIAN_POINT('',(50.,30.595107856484,-7.659998886088));
#13146 = VECTOR('',#13147,1.);
#13147 = DIRECTION('',(-1.,-0.,-0.));
#13148 = ORIENTED_EDGE('',*,*,#13149,.T.);
#13149 = EDGE_CURVE('',#13142,#13094,#13150,.T.);
#13150 = LINE('',#13151,#13152);
#13151 = CARTESIAN_POINT('',(49.2,30.595107856484,-7.659998886088));
#13152 = VECTOR('',#13153,1.);
#13153 = DIRECTION('',(0.,0.65313707811,0.757239696));
#13154 = ORIENTED_EDGE('',*,*,#13093,.F.);
#13155 = ORIENTED_EDGE('',*,*,#6428,.F.);
#13156 = PLANE('',#13157);
#13157 = AXIS2_PLACEMENT_3D('',#13158,#13159,#13160);
#13158 = CARTESIAN_POINT('',(50.,30.595107856484,-7.659998886088));
#13159 = DIRECTION('',(0.,0.757239696,-0.65313707811));
#13160 = DIRECTION('',(0.,0.65313707811,0.757239696));
#13161 = ADVANCED_FACE('',(#13162),#13180,.T.);
#13162 = FACE_BOUND('',#13163,.T.);
#13163 = EDGE_LOOP('',(#13164,#13165,#13173,#13179));
#13164 = ORIENTED_EDGE('',*,*,#13126,.T.);
#13165 = ORIENTED_EDGE('',*,*,#13166,.T.);
#13166 = EDGE_CURVE('',#13119,#13167,#13169,.T.);
#13167 = VERTEX_POINT('',#13168);
#13168 = CARTESIAN_POINT('',(49.2,29.994935206712,-9.010874113763));
#13169 = LINE('',#13170,#13171);
#13170 = CARTESIAN_POINT('',(49.2,30.593525262415,-9.010874250791));
#13171 = VECTOR('',#13172,1.);
#13172 = DIRECTION('',(0.,-1.,2.289171399434E-07));
#13173 = ORIENTED_EDGE('',*,*,#13174,.F.);
#13174 = EDGE_CURVE('',#6397,#13167,#13175,.T.);
#13175 = LINE('',#13176,#13177);
#13176 = CARTESIAN_POINT('',(50.,29.994935206712,-9.010874113763));
#13177 = VECTOR('',#13178,1.);
#13178 = DIRECTION('',(-1.,-0.,-0.));
#13179 = ORIENTED_EDGE('',*,*,#6396,.F.);
#13180 = PLANE('',#13181);
#13181 = AXIS2_PLACEMENT_3D('',#13182,#13183,#13184);
#13182 = CARTESIAN_POINT('',(50.,30.593525262415,-9.010874250791));
#13183 = DIRECTION('',(0.,2.289171399434E-07,1.));
#13184 = DIRECTION('',(0.,-1.,2.289171399434E-07));
#13185 = ADVANCED_FACE('',(#13186),#13204,.T.);
#13186 = FACE_BOUND('',#13187,.T.);
#13187 = EDGE_LOOP('',(#13188,#13196,#13202,#13203));
#13188 = ORIENTED_EDGE('',*,*,#13189,.T.);
#13189 = EDGE_CURVE('',#6413,#13190,#13192,.T.);
#13190 = VERTEX_POINT('',#13191);
#13191 = CARTESIAN_POINT('',(49.2,30.597225791036,-5.852165996443));
#13192 = LINE('',#13193,#13194);
#13193 = CARTESIAN_POINT('',(50.,30.597225791036,-5.852165996443));
#13194 = VECTOR('',#13195,1.);
#13195 = DIRECTION('',(-1.,-0.,-0.));
#13196 = ORIENTED_EDGE('',*,*,#13197,.T.);
#13197 = EDGE_CURVE('',#13190,#13142,#13198,.T.);
#13198 = LINE('',#13199,#13200);
#13199 = CARTESIAN_POINT('',(49.2,30.597225791036,-5.852165996443));
#13200 = VECTOR('',#13201,1.);
#13201 = DIRECTION('',(0.,-1.171531456477E-03,-0.999999313757));
#13202 = ORIENTED_EDGE('',*,*,#13141,.F.);
#13203 = ORIENTED_EDGE('',*,*,#6420,.F.);
#13204 = PLANE('',#13205);
#13205 = AXIS2_PLACEMENT_3D('',#13206,#13207,#13208);
#13206 = CARTESIAN_POINT('',(50.,30.597225791036,-5.852165996443));
#13207 = DIRECTION('',(0.,-0.999999313757,1.171531456477E-03));
#13208 = DIRECTION('',(0.,-1.171531456477E-03,-0.999999313757));
#13209 = ADVANCED_FACE('',(#13210),#13228,.T.);
#13210 = FACE_BOUND('',#13211,.T.);
#13211 = EDGE_LOOP('',(#13212,#13213,#13221,#13227));
#13212 = ORIENTED_EDGE('',*,*,#13174,.T.);
#13213 = ORIENTED_EDGE('',*,*,#13214,.T.);
#13214 = EDGE_CURVE('',#13167,#13215,#13217,.T.);
#13215 = VERTEX_POINT('',#13216);
#13216 = CARTESIAN_POINT('',(49.2,29.998635735333,-5.852165859416));
#13217 = LINE('',#13218,#13219);
#13218 = CARTESIAN_POINT('',(49.2,29.994935206712,-9.010874113763));
#13219 = VECTOR('',#13220,1.);
#13220 = DIRECTION('',(0.,1.171531456478E-03,0.999999313757));
#13221 = ORIENTED_EDGE('',*,*,#13222,.F.);
#13222 = EDGE_CURVE('',#6405,#13215,#13223,.T.);
#13223 = LINE('',#13224,#13225);
#13224 = CARTESIAN_POINT('',(50.,29.998635735333,-5.852165859416));
#13225 = VECTOR('',#13226,1.);
#13226 = DIRECTION('',(-1.,-0.,-0.));
#13227 = ORIENTED_EDGE('',*,*,#6404,.F.);
#13228 = PLANE('',#13229);
#13229 = AXIS2_PLACEMENT_3D('',#13230,#13231,#13232);
#13230 = CARTESIAN_POINT('',(50.,29.994935206712,-9.010874113763));
#13231 = DIRECTION('',(0.,0.999999313757,-1.171531456478E-03));
#13232 = DIRECTION('',(0.,1.171531456478E-03,0.999999313757));
#13233 = ADVANCED_FACE('',(#13234),#13245,.T.);
#13234 = FACE_BOUND('',#13235,.T.);
#13235 = EDGE_LOOP('',(#13236,#13237,#13243,#13244));
#13236 = ORIENTED_EDGE('',*,*,#13222,.T.);
#13237 = ORIENTED_EDGE('',*,*,#13238,.T.);
#13238 = EDGE_CURVE('',#13215,#13190,#13239,.T.);
#13239 = LINE('',#13240,#13241);
#13240 = CARTESIAN_POINT('',(49.2,29.998635735333,-5.852165859416));
#13241 = VECTOR('',#13242,1.);
#13242 = DIRECTION('',(0.,1.,-2.289171414272E-07));
#13243 = ORIENTED_EDGE('',*,*,#13189,.F.);
#13244 = ORIENTED_EDGE('',*,*,#6412,.F.);
#13245 = PLANE('',#13246);
#13246 = AXIS2_PLACEMENT_3D('',#13247,#13248,#13249);
#13247 = CARTESIAN_POINT('',(50.,29.998635735333,-5.852165859416));
#13248 = DIRECTION('',(0.,-2.289171414272E-07,-1.));
#13249 = DIRECTION('',(0.,1.,-2.289171414272E-07));
#13250 = ADVANCED_FACE('',(#13251),#13276,.T.);
#13251 = FACE_BOUND('',#13252,.T.);
#13252 = EDGE_LOOP('',(#13253,#13261,#13269,#13275));
#13253 = ORIENTED_EDGE('',*,*,#13254,.T.);
#13254 = EDGE_CURVE('',#6574,#13255,#13257,.T.);
#13255 = VERTEX_POINT('',#13256);
#13256 = CARTESIAN_POINT('',(-27.29439094316,-49.2,-19.06934477176));
#13257 = LINE('',#13258,#13259);
#13258 = CARTESIAN_POINT('',(-27.29439094316,-50.,-19.06934477176));
#13259 = VECTOR('',#13260,1.);
#13260 = DIRECTION('',(0.,1.,-2.22044604925E-16));
#13261 = ORIENTED_EDGE('',*,*,#13262,.T.);
#13262 = EDGE_CURVE('',#13255,#13263,#13265,.T.);
#13263 = VERTEX_POINT('',#13264);
#13264 = CARTESIAN_POINT('',(-30.,-49.2,-19.));
#13265 = LINE('',#13266,#13267);
#13266 = CARTESIAN_POINT('',(-27.29439094316,-49.2,-19.06934477176));
#13267 = VECTOR('',#13268,1.);
#13268 = DIRECTION('',(-0.999671713169,5.689135897645E-18,
    2.562159030869E-02));
#13269 = ORIENTED_EDGE('',*,*,#13270,.F.);
#13270 = EDGE_CURVE('',#6576,#13263,#13271,.T.);
#13271 = LINE('',#13272,#13273);
#13272 = CARTESIAN_POINT('',(-30.,-50.,-19.));
#13273 = VECTOR('',#13274,1.);
#13274 = DIRECTION('',(0.,1.,-2.22044604925E-16));
#13275 = ORIENTED_EDGE('',*,*,#6573,.F.);
#13276 = PLANE('',#13277);
#13277 = AXIS2_PLACEMENT_3D('',#13278,#13279,#13280);
#13278 = CARTESIAN_POINT('',(-27.29439094316,-50.,-19.06934477176));
#13279 = DIRECTION('',(2.562159030869E-02,2.219717106053E-16,
    0.999671713169));
#13280 = DIRECTION('',(-0.999671713169,5.689135897645E-18,
    2.562159030869E-02));
#13281 = ADVANCED_FACE('',(#13282),#13300,.T.);
#13282 = FACE_BOUND('',#13283,.T.);
#13283 = EDGE_LOOP('',(#13284,#13292,#13298,#13299));
#13284 = ORIENTED_EDGE('',*,*,#13285,.T.);
#13285 = EDGE_CURVE('',#6648,#13286,#13288,.T.);
#13286 = VERTEX_POINT('',#13287);
#13287 = CARTESIAN_POINT('',(-27.27917812391,-49.2,-18.47578969207));
#13288 = LINE('',#13289,#13290);
#13289 = CARTESIAN_POINT('',(-27.27917812391,-50.,-18.47578969207));
#13290 = VECTOR('',#13291,1.);
#13291 = DIRECTION('',(0.,1.,-2.22044604925E-16));
#13292 = ORIENTED_EDGE('',*,*,#13293,.T.);
#13293 = EDGE_CURVE('',#13286,#13255,#13294,.T.);
#13294 = LINE('',#13295,#13296);
#13295 = CARTESIAN_POINT('',(-27.27917812391,-49.2,-18.47578969207));
#13296 = VECTOR('',#13297,1.);
#13297 = DIRECTION('',(-2.562159030869E-02,-2.219717106053E-16,
    -0.999671713169));
#13298 = ORIENTED_EDGE('',*,*,#13254,.F.);
#13299 = ORIENTED_EDGE('',*,*,#6655,.F.);
#13300 = PLANE('',#13301);
#13301 = AXIS2_PLACEMENT_3D('',#13302,#13303,#13304);
#13302 = CARTESIAN_POINT('',(-27.27917812391,-50.,-18.47578969207));
#13303 = DIRECTION('',(-0.999671713169,5.689135897645E-18,
    2.562159030869E-02));
#13304 = DIRECTION('',(-2.562159030869E-02,-2.219717106053E-16,
    -0.999671713169));
#13305 = ADVANCED_FACE('',(#13306),#13324,.T.);
#13306 = FACE_BOUND('',#13307,.T.);
#13307 = EDGE_LOOP('',(#13308,#13316,#13322,#13323));
#13308 = ORIENTED_EDGE('',*,*,#13309,.T.);
#13309 = EDGE_CURVE('',#6640,#13310,#13312,.T.);
#13310 = VERTEX_POINT('',#13311);
#13311 = CARTESIAN_POINT('',(-28.19618937822,-49.2,-18.45228668967));
#13312 = LINE('',#13313,#13314);
#13313 = CARTESIAN_POINT('',(-28.19618937822,-50.,-18.45228668967));
#13314 = VECTOR('',#13315,1.);
#13315 = DIRECTION('',(0.,1.,-2.22044604925E-16));
#13316 = ORIENTED_EDGE('',*,*,#13317,.T.);
#13317 = EDGE_CURVE('',#13310,#13286,#13318,.T.);
#13318 = LINE('',#13319,#13320);
#13319 = CARTESIAN_POINT('',(-28.19618937822,-49.2,-18.45228668967));
#13320 = VECTOR('',#13321,1.);
#13321 = DIRECTION('',(0.999671713169,-5.689135897644E-18,
    -2.562159030869E-02));
#13322 = ORIENTED_EDGE('',*,*,#13285,.F.);
#13323 = ORIENTED_EDGE('',*,*,#6647,.F.);
#13324 = PLANE('',#13325);
#13325 = AXIS2_PLACEMENT_3D('',#13326,#13327,#13328);
#13326 = CARTESIAN_POINT('',(-28.19618937822,-50.,-18.45228668967));
#13327 = DIRECTION('',(-2.562159030869E-02,-2.219717106053E-16,
    -0.999671713169));
#13328 = DIRECTION('',(0.999671713169,-5.689135897644E-18,
    -2.562159030869E-02));
#13329 = ADVANCED_FACE('',(#13330),#13348,.T.);
#13330 = FACE_BOUND('',#13331,.T.);
#13331 = EDGE_LOOP('',(#13332,#13340,#13346,#13347));
#13332 = ORIENTED_EDGE('',*,*,#13333,.T.);
#13333 = EDGE_CURVE('',#6632,#13334,#13336,.T.);
#13334 = VERTEX_POINT('',#13335);
#13335 = CARTESIAN_POINT('',(-28.10891583623,-49.2,-15.04715491669));
#13336 = LINE('',#13337,#13338);
#13337 = CARTESIAN_POINT('',(-28.10891583623,-50.,-15.04715491669));
#13338 = VECTOR('',#13339,1.);
#13339 = DIRECTION('',(0.,1.,-2.22044604925E-16));
#13340 = ORIENTED_EDGE('',*,*,#13341,.T.);
#13341 = EDGE_CURVE('',#13334,#13310,#13342,.T.);
#13342 = LINE('',#13343,#13344);
#13343 = CARTESIAN_POINT('',(-28.10891583623,-49.2,-15.04715491669));
#13344 = VECTOR('',#13345,1.);
#13345 = DIRECTION('',(-2.562159030869E-02,-2.219717106053E-16,
    -0.999671713169));
#13346 = ORIENTED_EDGE('',*,*,#13309,.F.);
#13347 = ORIENTED_EDGE('',*,*,#6639,.F.);
#13348 = PLANE('',#13349);
#13349 = AXIS2_PLACEMENT_3D('',#13350,#13351,#13352);
#13350 = CARTESIAN_POINT('',(-28.10891583623,-50.,-15.04715491669));
#13351 = DIRECTION('',(-0.999671713169,5.689135897644E-18,
    2.562159030869E-02));
#13352 = DIRECTION('',(-2.562159030869E-02,-2.219717106053E-16,
    -0.999671713169));
#13353 = ADVANCED_FACE('',(#13354),#13372,.T.);
#13354 = FACE_BOUND('',#13355,.T.);
#13355 = EDGE_LOOP('',(#13356,#13364,#13370,#13371));
#13356 = ORIENTED_EDGE('',*,*,#13357,.T.);
#13357 = EDGE_CURVE('',#6624,#13358,#13360,.T.);
#13358 = VERTEX_POINT('',#13359);
#13359 = CARTESIAN_POINT('',(-28.86410157508,-49.2,-15.02779950296));
#13360 = LINE('',#13361,#13362);
#13361 = CARTESIAN_POINT('',(-28.86410157508,-50.,-15.02779950296));
#13362 = VECTOR('',#13363,1.);
#13363 = DIRECTION('',(0.,1.,-2.22044604925E-16));
#13364 = ORIENTED_EDGE('',*,*,#13365,.T.);
#13365 = EDGE_CURVE('',#13358,#13334,#13366,.T.);
#13366 = LINE('',#13367,#13368);
#13367 = CARTESIAN_POINT('',(-28.86410157508,-49.2,-15.02779950296));
#13368 = VECTOR('',#13369,1.);
#13369 = DIRECTION('',(0.999671713169,-5.689135897644E-18,
    -2.562159030869E-02));
#13370 = ORIENTED_EDGE('',*,*,#13333,.F.);
#13371 = ORIENTED_EDGE('',*,*,#6631,.F.);
#13372 = PLANE('',#13373);
#13373 = AXIS2_PLACEMENT_3D('',#13374,#13375,#13376);
#13374 = CARTESIAN_POINT('',(-28.86410157508,-50.,-15.02779950296));
#13375 = DIRECTION('',(-2.562159030869E-02,-2.219717106053E-16,
    -0.999671713169));
#13376 = DIRECTION('',(0.999671713169,-5.689135897644E-18,
    -2.562159030869E-02));
#13377 = ADVANCED_FACE('',(#13378),#13396,.T.);
#13378 = FACE_BOUND('',#13379,.T.);
#13379 = EDGE_LOOP('',(#13380,#13388,#13394,#13395));
#13380 = ORIENTED_EDGE('',*,*,#13381,.T.);
#13381 = EDGE_CURVE('',#6616,#13382,#13384,.T.);
#13382 = VERTEX_POINT('',#13383);
#13383 = CARTESIAN_POINT('',(-29.88280716752,-49.2,-15.6467882151));
#13384 = LINE('',#13385,#13386);
#13385 = CARTESIAN_POINT('',(-29.88280716752,-50.,-15.6467882151));
#13386 = VECTOR('',#13387,1.);
#13387 = DIRECTION('',(0.,1.,-2.22044604925E-16));
#13388 = ORIENTED_EDGE('',*,*,#13389,.T.);
#13389 = EDGE_CURVE('',#13382,#13358,#13390,.T.);
#13390 = LINE('',#13391,#13392);
#13391 = CARTESIAN_POINT('',(-29.88280716752,-49.2,-15.6467882151));
#13392 = VECTOR('',#13393,1.);
#13393 = DIRECTION('',(0.854605520362,1.153028277457E-16,0.51927777207)
  );
#13394 = ORIENTED_EDGE('',*,*,#13357,.F.);
#13395 = ORIENTED_EDGE('',*,*,#6623,.F.);
#13396 = PLANE('',#13397);
#13397 = AXIS2_PLACEMENT_3D('',#13398,#13399,#13400);
#13398 = CARTESIAN_POINT('',(-29.88280716752,-50.,-15.6467882151));
#13399 = DIRECTION('',(0.51927777207,-1.897605451356E-16,-0.854605520362
    ));
#13400 = DIRECTION('',(0.854605520362,1.153028277457E-16,0.51927777207)
  );
#13401 = ADVANCED_FACE('',(#13402),#13420,.T.);
#13402 = FACE_BOUND('',#13403,.T.);
#13403 = EDGE_LOOP('',(#13404,#13412,#13418,#13419));
#13404 = ORIENTED_EDGE('',*,*,#13405,.T.);
#13405 = EDGE_CURVE('',#6608,#13406,#13408,.T.);
#13406 = VERTEX_POINT('',#13407);
#13407 = CARTESIAN_POINT('',(-29.89889345008,-49.2,-16.27442301229));
#13408 = LINE('',#13409,#13410);
#13409 = CARTESIAN_POINT('',(-29.89889345008,-50.,-16.27442301229));
#13410 = VECTOR('',#13411,1.);
#13411 = DIRECTION('',(0.,1.,-2.22044604925E-16));
#13412 = ORIENTED_EDGE('',*,*,#13413,.T.);
#13413 = EDGE_CURVE('',#13406,#13382,#13414,.T.);
#13414 = LINE('',#13415,#13416);
#13415 = CARTESIAN_POINT('',(-29.89889345008,-49.2,-16.27442301229));
#13416 = VECTOR('',#13417,1.);
#13417 = DIRECTION('',(2.562159030869E-02,2.219717106053E-16,
    0.999671713169));
#13418 = ORIENTED_EDGE('',*,*,#13381,.F.);
#13419 = ORIENTED_EDGE('',*,*,#6615,.F.);
#13420 = PLANE('',#13421);
#13421 = AXIS2_PLACEMENT_3D('',#13422,#13423,#13424);
#13422 = CARTESIAN_POINT('',(-29.89889345008,-50.,-16.27442301229));
#13423 = DIRECTION('',(0.999671713169,-5.689135897645E-18,
    -2.562159030869E-02));
#13424 = DIRECTION('',(2.562159030869E-02,2.219717106053E-16,
    0.999671713169));
#13425 = ADVANCED_FACE('',(#13426),#13444,.T.);
#13426 = FACE_BOUND('',#13427,.T.);
#13427 = EDGE_LOOP('',(#13428,#13436,#13442,#13443));
#13428 = ORIENTED_EDGE('',*,*,#13429,.T.);
#13429 = EDGE_CURVE('',#6600,#13430,#13432,.T.);
#13430 = VERTEX_POINT('',#13431);
#13431 = CARTESIAN_POINT('',(-28.92408371455,-49.2,-15.70546240569));
#13432 = LINE('',#13433,#13434);
#13433 = CARTESIAN_POINT('',(-28.92408371455,-50.,-15.70546240569));
#13434 = VECTOR('',#13435,1.);
#13435 = DIRECTION('',(0.,1.,-2.22044604925E-16));
#13436 = ORIENTED_EDGE('',*,*,#13437,.T.);
#13437 = EDGE_CURVE('',#13430,#13406,#13438,.T.);
#13438 = LINE('',#13439,#13440);
#13439 = CARTESIAN_POINT('',(-28.92408371455,-49.2,-15.70546240569));
#13440 = VECTOR('',#13441,1.);
#13441 = DIRECTION('',(-0.863654866491,-1.119290428856E-16,
    -0.504083595832));
#13442 = ORIENTED_EDGE('',*,*,#13405,.F.);
#13443 = ORIENTED_EDGE('',*,*,#6607,.F.);
#13444 = PLANE('',#13445);
#13445 = AXIS2_PLACEMENT_3D('',#13446,#13447,#13448);
#13446 = CARTESIAN_POINT('',(-28.92408371455,-50.,-15.70546240569));
#13447 = DIRECTION('',(-0.504083595832,1.917699036216E-16,0.863654866491
    ));
#13448 = DIRECTION('',(-0.863654866491,-1.119290428856E-16,
    -0.504083595832));
#13449 = ADVANCED_FACE('',(#13450),#13468,.T.);
#13450 = FACE_BOUND('',#13451,.T.);
#13451 = EDGE_LOOP('',(#13452,#13460,#13466,#13467));
#13452 = ORIENTED_EDGE('',*,*,#13453,.T.);
#13453 = EDGE_CURVE('',#6592,#13454,#13456,.T.);
#13454 = VERTEX_POINT('',#13455);
#13455 = CARTESIAN_POINT('',(-28.99396077903,-49.2,-18.43183980524));
#13456 = LINE('',#13457,#13458);
#13457 = CARTESIAN_POINT('',(-28.99396077903,-50.,-18.43183980524));
#13458 = VECTOR('',#13459,1.);
#13459 = DIRECTION('',(0.,1.,-2.22044604925E-16));
#13460 = ORIENTED_EDGE('',*,*,#13461,.T.);
#13461 = EDGE_CURVE('',#13454,#13430,#13462,.T.);
#13462 = LINE('',#13463,#13464);
#13463 = CARTESIAN_POINT('',(-28.99396077903,-49.2,-18.43183980524));
#13464 = VECTOR('',#13465,1.);
#13465 = DIRECTION('',(2.562159030869E-02,2.219717106053E-16,
    0.999671713169));
#13466 = ORIENTED_EDGE('',*,*,#13429,.F.);
#13467 = ORIENTED_EDGE('',*,*,#6599,.F.);
#13468 = PLANE('',#13469);
#13469 = AXIS2_PLACEMENT_3D('',#13470,#13471,#13472);
#13470 = CARTESIAN_POINT('',(-28.99396077903,-50.,-18.43183980524));
#13471 = DIRECTION('',(0.999671713169,-5.689135897645E-18,
    -2.562159030869E-02));
#13472 = DIRECTION('',(2.562159030869E-02,2.219717106053E-16,
    0.999671713169));
#13473 = ADVANCED_FACE('',(#13474),#13492,.T.);
#13474 = FACE_BOUND('',#13475,.T.);
#13475 = EDGE_LOOP('',(#13476,#13484,#13490,#13491));
#13476 = ORIENTED_EDGE('',*,*,#13477,.T.);
#13477 = EDGE_CURVE('',#6584,#13478,#13480,.T.);
#13478 = VERTEX_POINT('',#13479);
#13479 = CARTESIAN_POINT('',(-29.98478718075,-49.2,-18.4064449203));
#13480 = LINE('',#13481,#13482);
#13481 = CARTESIAN_POINT('',(-29.98478718075,-50.,-18.4064449203));
#13482 = VECTOR('',#13483,1.);
#13483 = DIRECTION('',(0.,1.,-2.22044604925E-16));
#13484 = ORIENTED_EDGE('',*,*,#13485,.T.);
#13485 = EDGE_CURVE('',#13478,#13454,#13486,.T.);
#13486 = LINE('',#13487,#13488);
#13487 = CARTESIAN_POINT('',(-29.98478718075,-49.2,-18.4064449203));
#13488 = VECTOR('',#13489,1.);
#13489 = DIRECTION('',(0.999671713169,-5.689135897645E-18,
    -2.562159030869E-02));
#13490 = ORIENTED_EDGE('',*,*,#13453,.F.);
#13491 = ORIENTED_EDGE('',*,*,#6591,.F.);
#13492 = PLANE('',#13493);
#13493 = AXIS2_PLACEMENT_3D('',#13494,#13495,#13496);
#13494 = CARTESIAN_POINT('',(-29.98478718075,-50.,-18.4064449203));
#13495 = DIRECTION('',(-2.562159030869E-02,-2.219717106053E-16,
    -0.999671713169));
#13496 = DIRECTION('',(0.999671713169,-5.689135897645E-18,
    -2.562159030869E-02));
#13497 = ADVANCED_FACE('',(#13498),#13509,.T.);
#13498 = FACE_BOUND('',#13499,.T.);
#13499 = EDGE_LOOP('',(#13500,#13501,#13507,#13508));
#13500 = ORIENTED_EDGE('',*,*,#13270,.T.);
#13501 = ORIENTED_EDGE('',*,*,#13502,.T.);
#13502 = EDGE_CURVE('',#13263,#13478,#13503,.T.);
#13503 = LINE('',#13504,#13505);
#13504 = CARTESIAN_POINT('',(-30.,-49.2,-19.));
#13505 = VECTOR('',#13506,1.);
#13506 = DIRECTION('',(2.562159030869E-02,2.219717106053E-16,
    0.999671713169));
#13507 = ORIENTED_EDGE('',*,*,#13477,.F.);
#13508 = ORIENTED_EDGE('',*,*,#6583,.F.);
#13509 = PLANE('',#13510);
#13510 = AXIS2_PLACEMENT_3D('',#13511,#13512,#13513);
#13511 = CARTESIAN_POINT('',(-30.,-50.,-19.));
#13512 = DIRECTION('',(0.999671713169,-5.689135897645E-18,
    -2.562159030869E-02));
#13513 = DIRECTION('',(2.562159030869E-02,2.219717106053E-16,
    0.999671713169));
#13514 = ADVANCED_FACE('',(#13515),#13540,.T.);
#13515 = FACE_BOUND('',#13516,.T.);
#13516 = EDGE_LOOP('',(#13517,#13525,#13533,#13539));
#13517 = ORIENTED_EDGE('',*,*,#13518,.T.);
#13518 = EDGE_CURVE('',#6664,#13519,#13521,.T.);
#13519 = VERTEX_POINT('',#13520);
#13520 = CARTESIAN_POINT('',(-7.300702386905,-49.2,-19.07174600986));
#13521 = LINE('',#13522,#13523);
#13522 = CARTESIAN_POINT('',(-7.300702386905,-50.,-19.07174600986));
#13523 = VECTOR('',#13524,1.);
#13524 = DIRECTION('',(0.,1.,-2.22044604925E-16));
#13525 = ORIENTED_EDGE('',*,*,#13526,.T.);
#13526 = EDGE_CURVE('',#13519,#13527,#13529,.T.);
#13527 = VERTEX_POINT('',#13528);
#13528 = CARTESIAN_POINT('',(-10.09999990006,-49.2,-19.00000000256));
#13529 = LINE('',#13530,#13531);
#13530 = CARTESIAN_POINT('',(-7.300702386905,-49.2,-19.07174600986));
#13531 = VECTOR('',#13532,1.);
#13532 = DIRECTION('',(-0.999671713169,5.689135897645E-18,
    2.562159030869E-02));
#13533 = ORIENTED_EDGE('',*,*,#13534,.F.);
#13534 = EDGE_CURVE('',#6666,#13527,#13535,.T.);
#13535 = LINE('',#13536,#13537);
#13536 = CARTESIAN_POINT('',(-10.09999990006,-50.,-19.00000000256));
#13537 = VECTOR('',#13538,1.);
#13538 = DIRECTION('',(0.,1.,-2.22044604925E-16));
#13539 = ORIENTED_EDGE('',*,*,#6663,.F.);
#13540 = PLANE('',#13541);
#13541 = AXIS2_PLACEMENT_3D('',#13542,#13543,#13544);
#13542 = CARTESIAN_POINT('',(-7.300702386905,-50.,-19.07174600986));
#13543 = DIRECTION('',(2.562159030869E-02,2.219717106053E-16,
    0.999671713169));
#13544 = DIRECTION('',(-0.999671713169,5.689135897645E-18,
    2.562159030869E-02));
#13545 = ADVANCED_FACE('',(#13546),#13564,.T.);
#13546 = FACE_BOUND('',#13547,.T.);
#13547 = EDGE_LOOP('',(#13548,#13556,#13562,#13563));
#13548 = ORIENTED_EDGE('',*,*,#13549,.T.);
#13549 = EDGE_CURVE('',#6826,#13550,#13552,.T.);
#13550 = VERTEX_POINT('',#13551);
#13551 = CARTESIAN_POINT('',(-7.283888218265,-49.2,-18.41571144809));
#13552 = LINE('',#13553,#13554);
#13553 = CARTESIAN_POINT('',(-7.283888218265,-50.,-18.41571144809));
#13554 = VECTOR('',#13555,1.);
#13555 = DIRECTION('',(0.,1.,-2.22044604925E-16));
#13556 = ORIENTED_EDGE('',*,*,#13557,.T.);
#13557 = EDGE_CURVE('',#13550,#13519,#13558,.T.);
#13558 = LINE('',#13559,#13560);
#13559 = CARTESIAN_POINT('',(-7.283888218265,-49.2,-18.41571144809));
#13560 = VECTOR('',#13561,1.);
#13561 = DIRECTION('',(-2.562159030869E-02,-2.219717106053E-16,
    -0.999671713169));
#13562 = ORIENTED_EDGE('',*,*,#13518,.F.);
#13563 = ORIENTED_EDGE('',*,*,#6833,.F.);
#13564 = PLANE('',#13565);
#13565 = AXIS2_PLACEMENT_3D('',#13566,#13567,#13568);
#13566 = CARTESIAN_POINT('',(-7.283888218265,-50.,-18.41571144809));
#13567 = DIRECTION('',(-0.999671713169,5.689135897645E-18,
    2.562159030869E-02));
#13568 = DIRECTION('',(-2.562159030869E-02,-2.219717106053E-16,
    -0.999671713169));
#13569 = ADVANCED_FACE('',(#13570),#13588,.T.);
#13570 = FACE_BOUND('',#13571,.T.);
#13571 = EDGE_LOOP('',(#13572,#13580,#13586,#13587));
#13572 = ORIENTED_EDGE('',*,*,#13573,.T.);
#13573 = EDGE_CURVE('',#6818,#13574,#13576,.T.);
#13574 = VERTEX_POINT('',#13575);
#13575 = CARTESIAN_POINT('',(-9.140623079935,-49.2,-18.3681233256));
#13576 = LINE('',#13577,#13578);
#13577 = CARTESIAN_POINT('',(-9.140623079935,-50.,-18.3681233256));
#13578 = VECTOR('',#13579,1.);
#13579 = DIRECTION('',(0.,1.,-2.22044604925E-16));
#13580 = ORIENTED_EDGE('',*,*,#13581,.T.);
#13581 = EDGE_CURVE('',#13574,#13550,#13582,.T.);
#13582 = LINE('',#13583,#13584);
#13583 = CARTESIAN_POINT('',(-9.140623079935,-49.2,-18.3681233256));
#13584 = VECTOR('',#13585,1.);
#13585 = DIRECTION('',(0.999671713169,-5.689135897645E-18,
    -2.562159030869E-02));
#13586 = ORIENTED_EDGE('',*,*,#13549,.F.);
#13587 = ORIENTED_EDGE('',*,*,#6825,.F.);
#13588 = PLANE('',#13589);
#13589 = AXIS2_PLACEMENT_3D('',#13590,#13591,#13592);
#13590 = CARTESIAN_POINT('',(-9.140623079935,-50.,-18.3681233256));
#13591 = DIRECTION('',(-2.562159030869E-02,-2.219717106053E-16,
    -0.999671713169));
#13592 = DIRECTION('',(0.999671713169,-5.689135897645E-18,
    -2.562159030869E-02));
#13593 = ADVANCED_FACE('',(#13594),#13612,.T.);
#13594 = FACE_BOUND('',#13595,.T.);
#13595 = EDGE_LOOP('',(#13596,#13604,#13610,#13611));
#13596 = ORIENTED_EDGE('',*,*,#13597,.T.);
#13597 = EDGE_CURVE('',#6810,#13598,#13600,.T.);
#13598 = VERTEX_POINT('',#13599);
#13599 = CARTESIAN_POINT('',(-8.889104083836,-49.2,-18.028054487));
#13600 = LINE('',#13601,#13602);
#13601 = CARTESIAN_POINT('',(-8.889104083836,-50.,-18.028054487));
#13602 = VECTOR('',#13603,1.);
#13603 = DIRECTION('',(0.,1.,-2.22044604925E-16));
#13604 = ORIENTED_EDGE('',*,*,#13605,.T.);
#13605 = EDGE_CURVE('',#13598,#13574,#13606,.T.);
#13606 = B_SPLINE_CURVE_WITH_KNOTS('',2,(#13607,#13608,#13609),
  .UNSPECIFIED.,.F.,.F.,(3,3),(0.,1.),.PIECEWISE_BEZIER_KNOTS.);
#13607 = CARTESIAN_POINT('',(-8.889104083836,-49.2,-18.028054487));
#13608 = CARTESIAN_POINT('',(-9.056403437267,-49.2,-18.18575159958));
#13609 = CARTESIAN_POINT('',(-9.140623079935,-49.2,-18.3681233256));
#13610 = ORIENTED_EDGE('',*,*,#13573,.F.);
#13611 = ORIENTED_EDGE('',*,*,#6817,.F.);
#13612 = SURFACE_OF_LINEAR_EXTRUSION('',#13613,#13617);
#13613 = B_SPLINE_CURVE_WITH_KNOTS('',2,(#13614,#13615,#13616),
  .UNSPECIFIED.,.F.,.F.,(3,3),(0.,1.),.PIECEWISE_BEZIER_KNOTS.);
#13614 = CARTESIAN_POINT('',(-8.889104083836,-50.,-18.028054487));
#13615 = CARTESIAN_POINT('',(-9.056403437267,-50.,-18.18575159958));
#13616 = CARTESIAN_POINT('',(-9.140623079935,-50.,-18.3681233256));
#13617 = VECTOR('',#13618,1.);
#13618 = DIRECTION('',(0.,-1.,2.22044604925E-16));
#13619 = ADVANCED_FACE('',(#13620),#13638,.T.);
#13620 = FACE_BOUND('',#13621,.T.);
#13621 = EDGE_LOOP('',(#13622,#13630,#13636,#13637));
#13622 = ORIENTED_EDGE('',*,*,#13623,.T.);
#13623 = EDGE_CURVE('',#6802,#13624,#13626,.T.);
#13624 = VERTEX_POINT('',#13625);
#13625 = CARTESIAN_POINT('',(-8.518811062106,-49.2,-17.71660640546));
#13626 = LINE('',#13627,#13628);
#13627 = CARTESIAN_POINT('',(-8.518811062106,-50.,-17.71660640546));
#13628 = VECTOR('',#13629,1.);
#13629 = DIRECTION('',(0.,1.,-2.22044604925E-16));
#13630 = ORIENTED_EDGE('',*,*,#13631,.T.);
#13631 = EDGE_CURVE('',#13624,#13598,#13632,.T.);
#13632 = B_SPLINE_CURVE_WITH_KNOTS('',2,(#13633,#13634,#13635),
  .UNSPECIFIED.,.F.,.F.,(3,3),(0.,1.),.PIECEWISE_BEZIER_KNOTS.);
#13633 = CARTESIAN_POINT('',(-8.518811062106,-49.2,-17.71660640546));
#13634 = CARTESIAN_POINT('',(-8.721615460796,-49.2,-17.87036222541));
#13635 = CARTESIAN_POINT('',(-8.889104083836,-49.2,-18.028054487));
#13636 = ORIENTED_EDGE('',*,*,#13597,.F.);
#13637 = ORIENTED_EDGE('',*,*,#6809,.F.);
#13638 = SURFACE_OF_LINEAR_EXTRUSION('',#13639,#13643);
#13639 = B_SPLINE_CURVE_WITH_KNOTS('',2,(#13640,#13641,#13642),
  .UNSPECIFIED.,.F.,.F.,(3,3),(0.,1.),.PIECEWISE_BEZIER_KNOTS.);
#13640 = CARTESIAN_POINT('',(-8.518811062106,-50.,-17.71660640546));
#13641 = CARTESIAN_POINT('',(-8.721615460796,-50.,-17.87036222541));
#13642 = CARTESIAN_POINT('',(-8.889104083836,-50.,-18.028054487));
#13643 = VECTOR('',#13644,1.);
#13644 = DIRECTION('',(0.,-1.,2.22044604925E-16));
#13645 = ADVANCED_FACE('',(#13646),#13664,.T.);
#13646 = FACE_BOUND('',#13647,.T.);
#13647 = EDGE_LOOP('',(#13648,#13656,#13662,#13663));
#13648 = ORIENTED_EDGE('',*,*,#13649,.T.);
#13649 = EDGE_CURVE('',#6794,#13650,#13652,.T.);
#13650 = VERTEX_POINT('',#13651);
#13651 = CARTESIAN_POINT('',(-8.10029798254,-49.2,-17.40071052015));
#13652 = LINE('',#13653,#13654);
#13653 = CARTESIAN_POINT('',(-8.10029798254,-50.,-17.40071052015));
#13654 = VECTOR('',#13655,1.);
#13655 = DIRECTION('',(0.,1.,-2.22044604925E-16));
#13656 = ORIENTED_EDGE('',*,*,#13657,.T.);
#13657 = EDGE_CURVE('',#13650,#13624,#13658,.T.);
#13658 = B_SPLINE_CURVE_WITH_KNOTS('',2,(#13659,#13660,#13661),
  .UNSPECIFIED.,.F.,.F.,(3,3),(0.,1.),.PIECEWISE_BEZIER_KNOTS.);
#13659 = CARTESIAN_POINT('',(-8.10029798254,-49.2,-17.40071052015));
#13660 = CARTESIAN_POINT('',(-8.316001810842,-49.2,-17.56266125375));
#13661 = CARTESIAN_POINT('',(-8.518811062106,-49.2,-17.71660640546));
#13662 = ORIENTED_EDGE('',*,*,#13623,.F.);
#13663 = ORIENTED_EDGE('',*,*,#6801,.F.);
#13664 = SURFACE_OF_LINEAR_EXTRUSION('',#13665,#13669);
#13665 = B_SPLINE_CURVE_WITH_KNOTS('',2,(#13666,#13667,#13668),
  .UNSPECIFIED.,.F.,.F.,(3,3),(0.,1.),.PIECEWISE_BEZIER_KNOTS.);
#13666 = CARTESIAN_POINT('',(-8.10029798254,-50.,-17.40071052015));
#13667 = CARTESIAN_POINT('',(-8.316001810842,-50.,-17.56266125375));
#13668 = CARTESIAN_POINT('',(-8.518811062106,-50.,-17.71660640546));
#13669 = VECTOR('',#13670,1.);
#13670 = DIRECTION('',(0.,-1.,2.22044604925E-16));
#13671 = ADVANCED_FACE('',(#13672),#13690,.T.);
#13672 = FACE_BOUND('',#13673,.T.);
#13673 = EDGE_LOOP('',(#13674,#13682,#13688,#13689));
#13674 = ORIENTED_EDGE('',*,*,#13675,.T.);
#13675 = EDGE_CURVE('',#6786,#13676,#13678,.T.);
#13676 = VERTEX_POINT('',#13677);
#13677 = CARTESIAN_POINT('',(-7.70631238783,-49.2,-17.05159954002));
#13678 = LINE('',#13679,#13680);
#13679 = CARTESIAN_POINT('',(-7.70631238783,-50.,-17.05159954002));
#13680 = VECTOR('',#13681,1.);
#13681 = DIRECTION('',(0.,1.,-2.22044604925E-16));
#13682 = ORIENTED_EDGE('',*,*,#13683,.T.);
#13683 = EDGE_CURVE('',#13676,#13650,#13684,.T.);
#13684 = B_SPLINE_CURVE_WITH_KNOTS('',2,(#13685,#13686,#13687),
  .UNSPECIFIED.,.F.,.F.,(3,3),(0.,1.),.PIECEWISE_BEZIER_KNOTS.);
#13685 = CARTESIAN_POINT('',(-7.70631238783,-49.2,-17.05159954002));
#13686 = CARTESIAN_POINT('',(-7.884400032055,-49.2,-17.23857530577));
#13687 = CARTESIAN_POINT('',(-8.10029798254,-49.2,-17.40071052015));
#13688 = ORIENTED_EDGE('',*,*,#13649,.F.);
#13689 = ORIENTED_EDGE('',*,*,#6793,.F.);
#13690 = SURFACE_OF_LINEAR_EXTRUSION('',#13691,#13695);
#13691 = B_SPLINE_CURVE_WITH_KNOTS('',2,(#13692,#13693,#13694),
  .UNSPECIFIED.,.F.,.F.,(3,3),(0.,1.),.PIECEWISE_BEZIER_KNOTS.);
#13692 = CARTESIAN_POINT('',(-7.70631238783,-50.,-17.05159954002));
#13693 = CARTESIAN_POINT('',(-7.884400032055,-50.,-17.23857530577));
#13694 = CARTESIAN_POINT('',(-8.10029798254,-50.,-17.40071052015));
#13695 = VECTOR('',#13696,1.);
#13696 = DIRECTION('',(0.,-1.,2.22044604925E-16));
#13697 = ADVANCED_FACE('',(#13698),#13716,.T.);
#13698 = FACE_BOUND('',#13699,.T.);
#13699 = EDGE_LOOP('',(#13700,#13708,#13714,#13715));
#13700 = ORIENTED_EDGE('',*,*,#13701,.T.);
#13701 = EDGE_CURVE('',#6778,#13702,#13704,.T.);
#13702 = VERTEX_POINT('',#13703);
#13703 = CARTESIAN_POINT('',(-7.411678933788,-49.2,-16.64026348146));
#13704 = LINE('',#13705,#13706);
#13705 = CARTESIAN_POINT('',(-7.411678933788,-50.,-16.64026348146));
#13706 = VECTOR('',#13707,1.);
#13707 = DIRECTION('',(0.,1.,-2.22044604925E-16));
#13708 = ORIENTED_EDGE('',*,*,#13709,.T.);
#13709 = EDGE_CURVE('',#13702,#13676,#13710,.T.);
#13710 = B_SPLINE_CURVE_WITH_KNOTS('',2,(#13711,#13712,#13713),
  .UNSPECIFIED.,.F.,.F.,(3,3),(0.,1.),.PIECEWISE_BEZIER_KNOTS.);
#13711 = CARTESIAN_POINT('',(-7.411678933788,-49.2,-16.64026348146));
#13712 = CARTESIAN_POINT('',(-7.52821989103,-49.2,-16.8644344425));
#13713 = CARTESIAN_POINT('',(-7.70631238783,-49.2,-17.05159954002));
#13714 = ORIENTED_EDGE('',*,*,#13675,.F.);
#13715 = ORIENTED_EDGE('',*,*,#6785,.F.);
#13716 = SURFACE_OF_LINEAR_EXTRUSION('',#13717,#13721);
#13717 = B_SPLINE_CURVE_WITH_KNOTS('',2,(#13718,#13719,#13720),
  .UNSPECIFIED.,.F.,.F.,(3,3),(0.,1.),.PIECEWISE_BEZIER_KNOTS.);
#13718 = CARTESIAN_POINT('',(-7.411678933788,-50.,-16.64026348146));
#13719 = CARTESIAN_POINT('',(-7.52821989103,-50.,-16.8644344425));
#13720 = CARTESIAN_POINT('',(-7.70631238783,-50.,-17.05159954002));
#13721 = VECTOR('',#13722,1.);
#13722 = DIRECTION('',(0.,-1.,2.22044604925E-16));
#13723 = ADVANCED_FACE('',(#13724),#13742,.T.);
#13724 = FACE_BOUND('',#13725,.T.);
#13725 = EDGE_LOOP('',(#13726,#13734,#13740,#13741));
#13726 = ORIENTED_EDGE('',*,*,#13727,.T.);
#13727 = EDGE_CURVE('',#6770,#13728,#13730,.T.);
#13728 = VERTEX_POINT('',#13729);
#13729 = CARTESIAN_POINT('',(-7.287931904273,-49.2,-16.13493485108));
#13730 = LINE('',#13731,#13732);
#13731 = CARTESIAN_POINT('',(-7.287931904273,-50.,-16.13493485108));
#13732 = VECTOR('',#13733,1.);
#13733 = DIRECTION('',(0.,1.,-2.22044604925E-16));
#13734 = ORIENTED_EDGE('',*,*,#13735,.T.);
#13735 = EDGE_CURVE('',#13728,#13702,#13736,.T.);
#13736 = B_SPLINE_CURVE_WITH_KNOTS('',2,(#13737,#13738,#13739),
  .UNSPECIFIED.,.F.,.F.,(3,3),(0.,1.),.PIECEWISE_BEZIER_KNOTS.);
#13737 = CARTESIAN_POINT('',(-7.287931904273,-49.2,-16.13493485108));
#13738 = CARTESIAN_POINT('',(-7.295133123973,-49.2,-16.41590318865));
#13739 = CARTESIAN_POINT('',(-7.411678933788,-49.2,-16.64026348146));
#13740 = ORIENTED_EDGE('',*,*,#13701,.F.);
#13741 = ORIENTED_EDGE('',*,*,#6777,.F.);
#13742 = SURFACE_OF_LINEAR_EXTRUSION('',#13743,#13747);
#13743 = B_SPLINE_CURVE_WITH_KNOTS('',2,(#13744,#13745,#13746),
  .UNSPECIFIED.,.F.,.F.,(3,3),(0.,1.),.PIECEWISE_BEZIER_KNOTS.);
#13744 = CARTESIAN_POINT('',(-7.287931904273,-50.,-16.13493485108));
#13745 = CARTESIAN_POINT('',(-7.295133123973,-50.,-16.41590318865));
#13746 = CARTESIAN_POINT('',(-7.411678933788,-50.,-16.64026348146));
#13747 = VECTOR('',#13748,1.);
#13748 = DIRECTION('',(0.,-1.,2.22044604925E-16));
#13749 = ADVANCED_FACE('',(#13750),#13768,.T.);
#13750 = FACE_BOUND('',#13751,.T.);
#13751 = EDGE_LOOP('',(#13752,#13760,#13766,#13767));
#13752 = ORIENTED_EDGE('',*,*,#13753,.T.);
#13753 = EDGE_CURVE('',#6762,#13754,#13756,.T.);
#13754 = VERTEX_POINT('',#13755);
#13755 = CARTESIAN_POINT('',(-7.613050719623,-49.2,-15.29716309389));
#13756 = LINE('',#13757,#13758);
#13757 = CARTESIAN_POINT('',(-7.613050719623,-50.,-15.29716309389));
#13758 = VECTOR('',#13759,1.);
#13759 = DIRECTION('',(0.,1.,-2.22044604925E-16));
#13760 = ORIENTED_EDGE('',*,*,#13761,.T.);
#13761 = EDGE_CURVE('',#13754,#13728,#13762,.T.);
#13762 = B_SPLINE_CURVE_WITH_KNOTS('',2,(#13763,#13764,#13765),
  .UNSPECIFIED.,.F.,.F.,(3,3),(0.,1.),.PIECEWISE_BEZIER_KNOTS.);
#13763 = CARTESIAN_POINT('',(-7.613050719623,-49.2,-15.29716309389));
#13764 = CARTESIAN_POINT('',(-7.274252498386,-49.2,-15.60120860877));
#13765 = CARTESIAN_POINT('',(-7.287931904273,-49.2,-16.13493485108));
#13766 = ORIENTED_EDGE('',*,*,#13727,.F.);
#13767 = ORIENTED_EDGE('',*,*,#6769,.F.);
#13768 = SURFACE_OF_LINEAR_EXTRUSION('',#13769,#13773);
#13769 = B_SPLINE_CURVE_WITH_KNOTS('',2,(#13770,#13771,#13772),
  .UNSPECIFIED.,.F.,.F.,(3,3),(0.,1.),.PIECEWISE_BEZIER_KNOTS.);
#13770 = CARTESIAN_POINT('',(-7.613050719623,-50.,-15.29716309389));
#13771 = CARTESIAN_POINT('',(-7.274252498386,-50.,-15.60120860877));
#13772 = CARTESIAN_POINT('',(-7.287931904273,-50.,-16.13493485108));
#13773 = VECTOR('',#13774,1.);
#13774 = DIRECTION('',(0.,-1.,2.22044604925E-16));
#13775 = ADVANCED_FACE('',(#13776),#13794,.T.);
#13776 = FACE_BOUND('',#13777,.T.);
#13777 = EDGE_LOOP('',(#13778,#13786,#13792,#13793));
#13778 = ORIENTED_EDGE('',*,*,#13779,.T.);
#13779 = EDGE_CURVE('',#6754,#13780,#13782,.T.);
#13780 = VERTEX_POINT('',#13781);
#13781 = CARTESIAN_POINT('',(-8.599151002727,-49.2,-14.97652722439));
#13782 = LINE('',#13783,#13784);
#13783 = CARTESIAN_POINT('',(-8.599151002727,-50.,-14.97652722439));
#13784 = VECTOR('',#13785,1.);
#13785 = DIRECTION('',(0.,1.,-2.22044604925E-16));
#13786 = ORIENTED_EDGE('',*,*,#13787,.T.);
#13787 = EDGE_CURVE('',#13780,#13754,#13788,.T.);
#13788 = B_SPLINE_CURVE_WITH_KNOTS('',2,(#13789,#13790,#13791),
  .UNSPECIFIED.,.F.,.F.,(3,3),(0.,1.),.PIECEWISE_BEZIER_KNOTS.);
#13789 = CARTESIAN_POINT('',(-8.599151002727,-49.2,-14.97652722439));
#13790 = CARTESIAN_POINT('',(-7.95184894086,-49.2,-14.99311757902));
#13791 = CARTESIAN_POINT('',(-7.613050719623,-49.2,-15.29716309389));
#13792 = ORIENTED_EDGE('',*,*,#13753,.F.);
#13793 = ORIENTED_EDGE('',*,*,#6761,.F.);
#13794 = SURFACE_OF_LINEAR_EXTRUSION('',#13795,#13799);
#13795 = B_SPLINE_CURVE_WITH_KNOTS('',2,(#13796,#13797,#13798),
  .UNSPECIFIED.,.F.,.F.,(3,3),(0.,1.),.PIECEWISE_BEZIER_KNOTS.);
#13796 = CARTESIAN_POINT('',(-8.599151002727,-50.,-14.97652722439));
#13797 = CARTESIAN_POINT('',(-7.95184894086,-50.,-14.99311757902));
#13798 = CARTESIAN_POINT('',(-7.613050719623,-50.,-15.29716309389));
#13799 = VECTOR('',#13800,1.);
#13800 = DIRECTION('',(0.,-1.,2.22044604925E-16));
#13801 = ADVANCED_FACE('',(#13802),#13820,.T.);
#13802 = FACE_BOUND('',#13803,.T.);
#13803 = EDGE_LOOP('',(#13804,#13812,#13818,#13819));
#13804 = ORIENTED_EDGE('',*,*,#13805,.T.);
#13805 = EDGE_CURVE('',#6746,#13806,#13808,.T.);
#13806 = VERTEX_POINT('',#13807);
#13807 = CARTESIAN_POINT('',(-9.553568934501,-49.2,-15.24496467394));
#13808 = LINE('',#13809,#13810);
#13809 = CARTESIAN_POINT('',(-9.553568934501,-50.,-15.24496467394));
#13810 = VECTOR('',#13811,1.);
#13811 = DIRECTION('',(0.,1.,-2.22044604925E-16));
#13812 = ORIENTED_EDGE('',*,*,#13813,.T.);
#13813 = EDGE_CURVE('',#13806,#13780,#13814,.T.);
#13814 = B_SPLINE_CURVE_WITH_KNOTS('',2,(#13815,#13816,#13817),
  .UNSPECIFIED.,.F.,.F.,(3,3),(0.,1.),.PIECEWISE_BEZIER_KNOTS.);
#13815 = CARTESIAN_POINT('',(-9.553568934501,-49.2,-15.24496467394));
#13816 = CARTESIAN_POINT('',(-9.198189314366,-49.2,-14.96117386988));
#13817 = CARTESIAN_POINT('',(-8.599151002727,-49.2,-14.97652722439));
#13818 = ORIENTED_EDGE('',*,*,#13779,.F.);
#13819 = ORIENTED_EDGE('',*,*,#6753,.F.);
#13820 = SURFACE_OF_LINEAR_EXTRUSION('',#13821,#13825);
#13821 = B_SPLINE_CURVE_WITH_KNOTS('',2,(#13822,#13823,#13824),
  .UNSPECIFIED.,.F.,.F.,(3,3),(0.,1.),.PIECEWISE_BEZIER_KNOTS.);
#13822 = CARTESIAN_POINT('',(-9.553568934501,-50.,-15.24496467394));
#13823 = CARTESIAN_POINT('',(-9.198189314366,-50.,-14.96117386988));
#13824 = CARTESIAN_POINT('',(-8.599151002727,-50.,-14.97652722439));
#13825 = VECTOR('',#13826,1.);
#13826 = DIRECTION('',(0.,-1.,2.22044604925E-16));
#13827 = ADVANCED_FACE('',(#13828),#13846,.T.);
#13828 = FACE_BOUND('',#13829,.T.);
#13829 = EDGE_LOOP('',(#13830,#13838,#13844,#13845));
#13830 = ORIENTED_EDGE('',*,*,#13831,.T.);
#13831 = EDGE_CURVE('',#6738,#13832,#13834,.T.);
#13832 = VERTEX_POINT('',#13833);
#13833 = CARTESIAN_POINT('',(-9.991162911502,-49.2,-16.0836493616));
#13834 = LINE('',#13835,#13836);
#13835 = CARTESIAN_POINT('',(-9.991162911502,-50.,-16.0836493616));
#13836 = VECTOR('',#13837,1.);
#13837 = DIRECTION('',(0.,1.,-2.22044604925E-16));
#13838 = ORIENTED_EDGE('',*,*,#13839,.T.);
#13839 = EDGE_CURVE('',#13832,#13806,#13840,.T.);
#13840 = B_SPLINE_CURVE_WITH_KNOTS('',2,(#13841,#13842,#13843),
  .UNSPECIFIED.,.F.,.F.,(3,3),(0.,1.),.PIECEWISE_BEZIER_KNOTS.);
#13841 = CARTESIAN_POINT('',(-9.991162911502,-49.2,-16.0836493616));
#13842 = CARTESIAN_POINT('',(-9.908754432453,-49.2,-15.52857099721));
#13843 = CARTESIAN_POINT('',(-9.553568934501,-49.2,-15.24496467394));
#13844 = ORIENTED_EDGE('',*,*,#13805,.F.);
#13845 = ORIENTED_EDGE('',*,*,#6745,.F.);
#13846 = SURFACE_OF_LINEAR_EXTRUSION('',#13847,#13851);
#13847 = B_SPLINE_CURVE_WITH_KNOTS('',2,(#13848,#13849,#13850),
  .UNSPECIFIED.,.F.,.F.,(3,3),(0.,1.),.PIECEWISE_BEZIER_KNOTS.);
#13848 = CARTESIAN_POINT('',(-9.991162911502,-50.,-16.0836493616));
#13849 = CARTESIAN_POINT('',(-9.908754432453,-50.,-15.52857099721));
#13850 = CARTESIAN_POINT('',(-9.553568934501,-50.,-15.24496467394));
#13851 = VECTOR('',#13852,1.);
#13852 = DIRECTION('',(0.,-1.,2.22044604925E-16));
#13853 = ADVANCED_FACE('',(#13854),#13872,.T.);
#13854 = FACE_BOUND('',#13855,.T.);
#13855 = EDGE_LOOP('',(#13856,#13864,#13870,#13871));
#13856 = ORIENTED_EDGE('',*,*,#13857,.T.);
#13857 = EDGE_CURVE('',#6730,#13858,#13860,.T.);
#13858 = VERTEX_POINT('',#13859);
#13859 = CARTESIAN_POINT('',(-9.188878040172,-49.2,-16.14968139878));
#13860 = LINE('',#13861,#13862);
#13861 = CARTESIAN_POINT('',(-9.188878040172,-50.,-16.14968139878));
#13862 = VECTOR('',#13863,1.);
#13863 = DIRECTION('',(0.,1.,-2.22044604925E-16));
#13864 = ORIENTED_EDGE('',*,*,#13865,.T.);
#13865 = EDGE_CURVE('',#13858,#13832,#13866,.T.);
#13866 = LINE('',#13867,#13868);
#13867 = CARTESIAN_POINT('',(-9.188878040172,-49.2,-16.14968139878));
#13868 = VECTOR('',#13869,1.);
#13869 = DIRECTION('',(-0.99663005709,1.821378893539E-17,
    8.202761306244E-02));
#13870 = ORIENTED_EDGE('',*,*,#13831,.F.);
#13871 = ORIENTED_EDGE('',*,*,#6737,.F.);
#13872 = PLANE('',#13873);
#13873 = AXIS2_PLACEMENT_3D('',#13874,#13875,#13876);
#13874 = CARTESIAN_POINT('',(-9.188878040172,-50.,-16.14968139878));
#13875 = DIRECTION('',(8.202761306244E-02,2.21296327283E-16,
    0.99663005709));
#13876 = DIRECTION('',(-0.99663005709,1.821378893539E-17,
    8.202761306244E-02));
#13877 = ADVANCED_FACE('',(#13878),#13896,.T.);
#13878 = FACE_BOUND('',#13879,.T.);
#13879 = EDGE_LOOP('',(#13880,#13888,#13894,#13895));
#13880 = ORIENTED_EDGE('',*,*,#13881,.T.);
#13881 = EDGE_CURVE('',#6722,#13882,#13884,.T.);
#13882 = VERTEX_POINT('',#13883);
#13883 = CARTESIAN_POINT('',(-9.003773439474,-49.2,-15.74065343089));
#13884 = LINE('',#13885,#13886);
#13885 = CARTESIAN_POINT('',(-9.003773439474,-50.,-15.74065343089));
#13886 = VECTOR('',#13887,1.);
#13887 = DIRECTION('',(0.,1.,-2.22044604925E-16));
#13888 = ORIENTED_EDGE('',*,*,#13889,.T.);
#13889 = EDGE_CURVE('',#13882,#13858,#13890,.T.);
#13890 = B_SPLINE_CURVE_WITH_KNOTS('',2,(#13891,#13892,#13893),
  .UNSPECIFIED.,.F.,.F.,(3,3),(0.,1.),.PIECEWISE_BEZIER_KNOTS.);
#13891 = CARTESIAN_POINT('',(-9.003773439474,-49.2,-15.74065343089));
#13892 = CARTESIAN_POINT('',(-9.142066074707,-49.2,-15.87503305659));
#13893 = CARTESIAN_POINT('',(-9.188878040172,-49.2,-16.14968139878));
#13894 = ORIENTED_EDGE('',*,*,#13857,.F.);
#13895 = ORIENTED_EDGE('',*,*,#6729,.F.);
#13896 = SURFACE_OF_LINEAR_EXTRUSION('',#13897,#13901);
#13897 = B_SPLINE_CURVE_WITH_KNOTS('',2,(#13898,#13899,#13900),
  .UNSPECIFIED.,.F.,.F.,(3,3),(0.,1.),.PIECEWISE_BEZIER_KNOTS.);
#13898 = CARTESIAN_POINT('',(-9.003773439474,-50.,-15.74065343089));
#13899 = CARTESIAN_POINT('',(-9.142066074707,-50.,-15.87503305659));
#13900 = CARTESIAN_POINT('',(-9.188878040172,-50.,-16.14968139878));
#13901 = VECTOR('',#13902,1.);
#13902 = DIRECTION('',(0.,-1.,2.22044604925E-16));
#13903 = ADVANCED_FACE('',(#13904),#13922,.T.);
#13904 = FACE_BOUND('',#13905,.T.);
#13905 = EDGE_LOOP('',(#13906,#13914,#13920,#13921));
#13906 = ORIENTED_EDGE('',*,*,#13907,.T.);
#13907 = EDGE_CURVE('',#6714,#13908,#13910,.T.);
#13908 = VERTEX_POINT('',#13909);
#13909 = CARTESIAN_POINT('',(-8.609777562843,-49.2,-15.61282748037));
#13910 = LINE('',#13911,#13912);
#13911 = CARTESIAN_POINT('',(-8.609777562843,-50.,-15.61282748037));
#13912 = VECTOR('',#13913,1.);
#13913 = DIRECTION('',(0.,1.,-2.22044604925E-16));
#13914 = ORIENTED_EDGE('',*,*,#13915,.T.);
#13915 = EDGE_CURVE('',#13908,#13882,#13916,.T.);
#13916 = B_SPLINE_CURVE_WITH_KNOTS('',2,(#13917,#13918,#13919),
  .UNSPECIFIED.,.F.,.F.,(3,3),(0.,1.),.PIECEWISE_BEZIER_KNOTS.);
#13917 = CARTESIAN_POINT('',(-8.609777562843,-49.2,-15.61282748037));
#13918 = CARTESIAN_POINT('',(-8.865291534632,-49.2,-15.60627865618));
#13919 = CARTESIAN_POINT('',(-9.003773439474,-49.2,-15.74065343089));
#13920 = ORIENTED_EDGE('',*,*,#13881,.F.);
#13921 = ORIENTED_EDGE('',*,*,#6721,.F.);
#13922 = SURFACE_OF_LINEAR_EXTRUSION('',#13923,#13927);
#13923 = B_SPLINE_CURVE_WITH_KNOTS('',2,(#13924,#13925,#13926),
  .UNSPECIFIED.,.F.,.F.,(3,3),(0.,1.),.PIECEWISE_BEZIER_KNOTS.);
#13924 = CARTESIAN_POINT('',(-8.609777562843,-50.,-15.61282748037));
#13925 = CARTESIAN_POINT('',(-8.865291534632,-50.,-15.60627865618));
#13926 = CARTESIAN_POINT('',(-9.003773439474,-50.,-15.74065343089));
#13927 = VECTOR('',#13928,1.);
#13928 = DIRECTION('',(0.,-1.,2.22044604925E-16));
#13929 = ADVANCED_FACE('',(#13930),#13948,.T.);
#13930 = FACE_BOUND('',#13931,.T.);
#13931 = EDGE_LOOP('',(#13932,#13940,#13946,#13947));
#13932 = ORIENTED_EDGE('',*,*,#13933,.T.);
#13933 = EDGE_CURVE('',#6706,#13934,#13936,.T.);
#13934 = VERTEX_POINT('',#13935);
#13935 = CARTESIAN_POINT('',(-8.097932944912,-49.2,-16.14827662529));
#13936 = LINE('',#13937,#13938);
#13937 = CARTESIAN_POINT('',(-8.097932944912,-50.,-16.14827662529));
#13938 = VECTOR('',#13939,1.);
#13939 = DIRECTION('',(0.,1.,-2.22044604925E-16));
#13940 = ORIENTED_EDGE('',*,*,#13941,.T.);
#13941 = EDGE_CURVE('',#13934,#13908,#13942,.T.);
#13942 = B_SPLINE_CURVE_WITH_KNOTS('',2,(#13943,#13944,#13945),
  .UNSPECIFIED.,.F.,.F.,(3,3),(0.,1.),.PIECEWISE_BEZIER_KNOTS.);
#13943 = CARTESIAN_POINT('',(-8.097932944912,-49.2,-16.14827662529));
#13944 = CARTESIAN_POINT('',(-8.084554398609,-49.2,-15.62628895233));
#13945 = CARTESIAN_POINT('',(-8.609777562843,-49.2,-15.61282748037));
#13946 = ORIENTED_EDGE('',*,*,#13907,.F.);
#13947 = ORIENTED_EDGE('',*,*,#6713,.F.);
#13948 = SURFACE_OF_LINEAR_EXTRUSION('',#13949,#13953);
#13949 = B_SPLINE_CURVE_WITH_KNOTS('',2,(#13950,#13951,#13952),
  .UNSPECIFIED.,.F.,.F.,(3,3),(0.,1.),.PIECEWISE_BEZIER_KNOTS.);
#13950 = CARTESIAN_POINT('',(-8.097932944912,-50.,-16.14827662529));
#13951 = CARTESIAN_POINT('',(-8.084554398609,-50.,-15.62628895233));
#13952 = CARTESIAN_POINT('',(-8.609777562843,-50.,-15.61282748037));
#13953 = VECTOR('',#13954,1.);
#13954 = DIRECTION('',(0.,-1.,2.22044604925E-16));
#13955 = ADVANCED_FACE('',(#13956),#13974,.T.);
#13956 = FACE_BOUND('',#13957,.T.);
#13957 = EDGE_LOOP('',(#13958,#13966,#13972,#13973));
#13958 = ORIENTED_EDGE('',*,*,#13959,.T.);
#13959 = EDGE_CURVE('',#6698,#13960,#13962,.T.);
#13960 = VERTEX_POINT('',#13961);
#13961 = CARTESIAN_POINT('',(-8.278082510088,-49.2,-16.57827176565));
#13962 = LINE('',#13963,#13964);
#13963 = CARTESIAN_POINT('',(-8.278082510088,-50.,-16.57827176565));
#13964 = VECTOR('',#13965,1.);
#13965 = DIRECTION('',(0.,1.,-2.22044604925E-16));
#13966 = ORIENTED_EDGE('',*,*,#13967,.T.);
#13967 = EDGE_CURVE('',#13960,#13934,#13968,.T.);
#13968 = B_SPLINE_CURVE_WITH_KNOTS('',2,(#13969,#13970,#13971),
  .UNSPECIFIED.,.F.,.F.,(3,3),(0.,1.),.PIECEWISE_BEZIER_KNOTS.);
#13969 = CARTESIAN_POINT('',(-8.278082510088,-49.2,-16.57827176565));
#13970 = CARTESIAN_POINT('',(-8.103387238,-49.2,-16.36108552786));
#13971 = CARTESIAN_POINT('',(-8.097932944912,-49.2,-16.14827662529));
#13972 = ORIENTED_EDGE('',*,*,#13933,.F.);
#13973 = ORIENTED_EDGE('',*,*,#6705,.F.);
#13974 = SURFACE_OF_LINEAR_EXTRUSION('',#13975,#13979);
#13975 = B_SPLINE_CURVE_WITH_KNOTS('',2,(#13976,#13977,#13978),
  .UNSPECIFIED.,.F.,.F.,(3,3),(0.,1.),.PIECEWISE_BEZIER_KNOTS.);
#13976 = CARTESIAN_POINT('',(-8.278082510088,-50.,-16.57827176565));
#13977 = CARTESIAN_POINT('',(-8.103387238,-50.,-16.36108552786));
#13978 = CARTESIAN_POINT('',(-8.097932944912,-50.,-16.14827662529));
#13979 = VECTOR('',#13980,1.);
#13980 = DIRECTION('',(0.,-1.,2.22044604925E-16));
#13981 = ADVANCED_FACE('',(#13982),#14000,.T.);
#13982 = FACE_BOUND('',#13983,.T.);
#13983 = EDGE_LOOP('',(#13984,#13992,#13998,#13999));
#13984 = ORIENTED_EDGE('',*,*,#13985,.T.);
#13985 = EDGE_CURVE('',#6690,#13986,#13988,.T.);
#13986 = VERTEX_POINT('',#13987);
#13987 = CARTESIAN_POINT('',(-8.88149682444,-49.2,-17.12530152002));
#13988 = LINE('',#13989,#13990);
#13989 = CARTESIAN_POINT('',(-8.88149682444,-50.,-17.12530152002));
#13990 = VECTOR('',#13991,1.);
#13991 = DIRECTION('',(0.,1.,-2.22044604925E-16));
#13992 = ORIENTED_EDGE('',*,*,#13993,.T.);
#13993 = EDGE_CURVE('',#13986,#13960,#13994,.T.);
#13994 = B_SPLINE_CURVE_WITH_KNOTS('',2,(#13995,#13996,#13997),
  .UNSPECIFIED.,.F.,.F.,(3,3),(0.,1.),.PIECEWISE_BEZIER_KNOTS.);
#13995 = CARTESIAN_POINT('',(-8.88149682444,-49.2,-17.12530152002));
#13996 = CARTESIAN_POINT('',(-8.452583659993,-49.2,-16.79527352265));
#13997 = CARTESIAN_POINT('',(-8.278082510088,-49.2,-16.57827176565));
#13998 = ORIENTED_EDGE('',*,*,#13959,.F.);
#13999 = ORIENTED_EDGE('',*,*,#6697,.F.);
#14000 = SURFACE_OF_LINEAR_EXTRUSION('',#14001,#14005);
#14001 = B_SPLINE_CURVE_WITH_KNOTS('',2,(#14002,#14003,#14004),
  .UNSPECIFIED.,.F.,.F.,(3,3),(0.,1.),.PIECEWISE_BEZIER_KNOTS.);
#14002 = CARTESIAN_POINT('',(-8.88149682444,-50.,-17.12530152002));
#14003 = CARTESIAN_POINT('',(-8.452583659993,-50.,-16.79527352265));
#14004 = CARTESIAN_POINT('',(-8.278082510088,-50.,-16.57827176565));
#14005 = VECTOR('',#14006,1.);
#14006 = DIRECTION('',(0.,-1.,2.22044604925E-16));
#14007 = ADVANCED_FACE('',(#14008),#14026,.T.);
#14008 = FACE_BOUND('',#14009,.T.);
#14009 = EDGE_LOOP('',(#14010,#14018,#14024,#14025));
#14010 = ORIENTED_EDGE('',*,*,#14011,.T.);
#14011 = EDGE_CURVE('',#6682,#14012,#14014,.T.);
#14012 = VERTEX_POINT('',#14013);
#14013 = CARTESIAN_POINT('',(-9.624426795685,-49.2,-17.78792339665));
#14014 = LINE('',#14015,#14016);
#14015 = CARTESIAN_POINT('',(-9.624426795685,-50.,-17.78792339665));
#14016 = VECTOR('',#14017,1.);
#14017 = DIRECTION('',(0.,1.,-2.22044604925E-16));
#14018 = ORIENTED_EDGE('',*,*,#14019,.T.);
#14019 = EDGE_CURVE('',#14012,#13986,#14020,.T.);
#14020 = B_SPLINE_CURVE_WITH_KNOTS('',2,(#14021,#14022,#14023),
  .UNSPECIFIED.,.F.,.F.,(3,3),(0.,1.),.PIECEWISE_BEZIER_KNOTS.);
#14021 = CARTESIAN_POINT('',(-9.624426795685,-49.2,-17.78792339665));
#14022 = CARTESIAN_POINT('',(-9.327803344143,-49.2,-17.46890347965));
#14023 = CARTESIAN_POINT('',(-8.88149682444,-49.2,-17.12530152002));
#14024 = ORIENTED_EDGE('',*,*,#13985,.F.);
#14025 = ORIENTED_EDGE('',*,*,#6689,.F.);
#14026 = SURFACE_OF_LINEAR_EXTRUSION('',#14027,#14031);
#14027 = B_SPLINE_CURVE_WITH_KNOTS('',2,(#14028,#14029,#14030),
  .UNSPECIFIED.,.F.,.F.,(3,3),(0.,1.),.PIECEWISE_BEZIER_KNOTS.);
#14028 = CARTESIAN_POINT('',(-9.624426795685,-50.,-17.78792339665));
#14029 = CARTESIAN_POINT('',(-9.327803344143,-50.,-17.46890347965));
#14030 = CARTESIAN_POINT('',(-8.88149682444,-50.,-17.12530152002));
#14031 = VECTOR('',#14032,1.);
#14032 = DIRECTION('',(0.,-1.,2.22044604925E-16));
#14033 = ADVANCED_FACE('',(#14034),#14052,.T.);
#14034 = FACE_BOUND('',#14035,.T.);
#14035 = EDGE_LOOP('',(#14036,#14044,#14050,#14051));
#14036 = ORIENTED_EDGE('',*,*,#14037,.T.);
#14037 = EDGE_CURVE('',#6674,#14038,#14040,.T.);
#14038 = VERTEX_POINT('',#14039);
#14039 = CARTESIAN_POINT('',(-10.08581097391,-49.2,-18.44639392504));
#14040 = LINE('',#14041,#14042);
#14041 = CARTESIAN_POINT('',(-10.08581097391,-50.,-18.44639392504));
#14042 = VECTOR('',#14043,1.);
#14043 = DIRECTION('',(0.,1.,-2.22044604925E-16));
#14044 = ORIENTED_EDGE('',*,*,#14045,.T.);
#14045 = EDGE_CURVE('',#14038,#14012,#14046,.T.);
#14046 = B_SPLINE_CURVE_WITH_KNOTS('',2,(#14047,#14048,#14049),
  .UNSPECIFIED.,.F.,.F.,(3,3),(0.,1.),.PIECEWISE_BEZIER_KNOTS.);
#14047 = CARTESIAN_POINT('',(-10.08581097391,-49.2,-18.44639392504));
#14048 = CARTESIAN_POINT('',(-9.920860977618,-49.2,-18.10694816463));
#14049 = CARTESIAN_POINT('',(-9.624426795685,-49.2,-17.78792339665));
#14050 = ORIENTED_EDGE('',*,*,#14011,.F.);
#14051 = ORIENTED_EDGE('',*,*,#6681,.F.);
#14052 = SURFACE_OF_LINEAR_EXTRUSION('',#14053,#14057);
#14053 = B_SPLINE_CURVE_WITH_KNOTS('',2,(#14054,#14055,#14056),
  .UNSPECIFIED.,.F.,.F.,(3,3),(0.,1.),.PIECEWISE_BEZIER_KNOTS.);
#14054 = CARTESIAN_POINT('',(-10.08581097391,-50.,-18.44639392504));
#14055 = CARTESIAN_POINT('',(-9.920860977618,-50.,-18.10694816463));
#14056 = CARTESIAN_POINT('',(-9.624426795685,-50.,-17.78792339665));
#14057 = VECTOR('',#14058,1.);
#14058 = DIRECTION('',(0.,-1.,2.22044604925E-16));
#14059 = ADVANCED_FACE('',(#14060),#14071,.T.);
#14060 = FACE_BOUND('',#14061,.T.);
#14061 = EDGE_LOOP('',(#14062,#14063,#14069,#14070));
#14062 = ORIENTED_EDGE('',*,*,#13534,.T.);
#14063 = ORIENTED_EDGE('',*,*,#14064,.T.);
#14064 = EDGE_CURVE('',#13527,#14038,#14065,.T.);
#14065 = LINE('',#14066,#14067);
#14066 = CARTESIAN_POINT('',(-10.09999990006,-49.2,-19.00000000256));
#14067 = VECTOR('',#14068,1.);
#14068 = DIRECTION('',(2.562159030869E-02,2.219717106053E-16,
    0.999671713169));
#14069 = ORIENTED_EDGE('',*,*,#14037,.F.);
#14070 = ORIENTED_EDGE('',*,*,#6673,.F.);
#14071 = PLANE('',#14072);
#14072 = AXIS2_PLACEMENT_3D('',#14073,#14074,#14075);
#14073 = CARTESIAN_POINT('',(-10.09999990006,-50.,-19.00000000256));
#14074 = DIRECTION('',(0.999671713169,-5.689135897645E-18,
    -2.562159030869E-02));
#14075 = DIRECTION('',(2.562159030869E-02,2.219717106053E-16,
    0.999671713169));
#14076 = ADVANCED_FACE('',(#14077),#14102,.T.);
#14077 = FACE_BOUND('',#14078,.T.);
#14078 = EDGE_LOOP('',(#14079,#14087,#14095,#14101));
#14079 = ORIENTED_EDGE('',*,*,#14080,.T.);
#14080 = EDGE_CURVE('',#6842,#14081,#14083,.T.);
#14081 = VERTEX_POINT('',#14082);
#14082 = CARTESIAN_POINT('',(12.486303971973,-49.2,-17.32490625647));
#14083 = LINE('',#14084,#14085);
#14084 = CARTESIAN_POINT('',(12.486303971973,-50.,-17.32490625647));
#14085 = VECTOR('',#14086,1.);
#14086 = DIRECTION('',(0.,1.,-2.22044604925E-16));
#14087 = ORIENTED_EDGE('',*,*,#14088,.T.);
#14088 = EDGE_CURVE('',#14081,#14089,#14091,.T.);
#14089 = VERTEX_POINT('',#14090);
#14090 = CARTESIAN_POINT('',(12.718612223914,-49.2,-17.9634543539));
#14091 = B_SPLINE_CURVE_WITH_KNOTS('',2,(#14092,#14093,#14094),
  .UNSPECIFIED.,.F.,.F.,(3,3),(0.,1.),.PIECEWISE_BEZIER_KNOTS.);
#14092 = CARTESIAN_POINT('',(12.486303971973,-49.2,-17.32490625647));
#14093 = CARTESIAN_POINT('',(12.728472654123,-49.2,-17.57873220974));
#14094 = CARTESIAN_POINT('',(12.718612223914,-49.2,-17.9634543539));
#14095 = ORIENTED_EDGE('',*,*,#14096,.F.);
#14096 = EDGE_CURVE('',#6844,#14089,#14097,.T.);
#14097 = LINE('',#14098,#14099);
#14098 = CARTESIAN_POINT('',(12.718612223914,-50.,-17.9634543539));
#14099 = VECTOR('',#14100,1.);
#14100 = DIRECTION('',(0.,1.,-2.22044604925E-16));
#14101 = ORIENTED_EDGE('',*,*,#6841,.F.);
#14102 = SURFACE_OF_LINEAR_EXTRUSION('',#14103,#14107);
#14103 = B_SPLINE_CURVE_WITH_KNOTS('',2,(#14104,#14105,#14106),
  .UNSPECIFIED.,.F.,.F.,(3,3),(0.,1.),.PIECEWISE_BEZIER_KNOTS.);
#14104 = CARTESIAN_POINT('',(12.486303971973,-50.,-17.32490625647));
#14105 = CARTESIAN_POINT('',(12.728472654123,-50.,-17.57873220974));
#14106 = CARTESIAN_POINT('',(12.718612223914,-50.,-17.9634543539));
#14107 = VECTOR('',#14108,1.);
#14108 = DIRECTION('',(0.,-1.,2.22044604925E-16));
#14109 = ADVANCED_FACE('',(#14110),#14128,.T.);
#14110 = FACE_BOUND('',#14111,.T.);
#14111 = EDGE_LOOP('',(#14112,#14120,#14126,#14127));
#14112 = ORIENTED_EDGE('',*,*,#14113,.T.);
#14113 = EDGE_CURVE('',#7060,#14114,#14116,.T.);
#14114 = VERTEX_POINT('',#14115);
#14115 = CARTESIAN_POINT('',(11.785777541205,-49.2,-17.0055270497));
#14116 = LINE('',#14117,#14118);
#14117 = CARTESIAN_POINT('',(11.785777541205,-50.,-17.0055270497));
#14118 = VECTOR('',#14119,1.);
#14119 = DIRECTION('',(0.,1.,-2.22044604925E-16));
#14120 = ORIENTED_EDGE('',*,*,#14121,.T.);
#14121 = EDGE_CURVE('',#14114,#14081,#14122,.T.);
#14122 = B_SPLINE_CURVE_WITH_KNOTS('',2,(#14123,#14124,#14125),
  .UNSPECIFIED.,.F.,.F.,(3,3),(0.,1.),.PIECEWISE_BEZIER_KNOTS.);
#14123 = CARTESIAN_POINT('',(11.785777541205,-49.2,-17.0055270497));
#14124 = CARTESIAN_POINT('',(12.244324559432,-49.2,-17.07108515419));
#14125 = CARTESIAN_POINT('',(12.486303971973,-49.2,-17.32490625647));
#14126 = ORIENTED_EDGE('',*,*,#14080,.F.);
#14127 = ORIENTED_EDGE('',*,*,#7067,.F.);
#14128 = SURFACE_OF_LINEAR_EXTRUSION('',#14129,#14133);
#14129 = B_SPLINE_CURVE_WITH_KNOTS('',2,(#14130,#14131,#14132),
  .UNSPECIFIED.,.F.,.F.,(3,3),(0.,1.),.PIECEWISE_BEZIER_KNOTS.);
#14130 = CARTESIAN_POINT('',(11.785777541205,-50.,-17.0055270497));
#14131 = CARTESIAN_POINT('',(12.244324559432,-50.,-17.07108515419));
#14132 = CARTESIAN_POINT('',(12.486303971973,-50.,-17.32490625647));
#14133 = VECTOR('',#14134,1.);
#14134 = DIRECTION('',(0.,-1.,2.22044604925E-16));
#14135 = ADVANCED_FACE('',(#14136),#14154,.T.);
#14136 = FACE_BOUND('',#14137,.T.);
#14137 = EDGE_LOOP('',(#14138,#14146,#14152,#14153));
#14138 = ORIENTED_EDGE('',*,*,#14139,.T.);
#14139 = EDGE_CURVE('',#7052,#14140,#14142,.T.);
#14140 = VERTEX_POINT('',#14141);
#14141 = CARTESIAN_POINT('',(11.78606869564,-49.2,-16.99416714387));
#14142 = LINE('',#14143,#14144);
#14143 = CARTESIAN_POINT('',(11.78606869564,-50.,-16.99416714387));
#14144 = VECTOR('',#14145,1.);
#14145 = DIRECTION('',(0.,1.,-2.22044604925E-16));
#14146 = ORIENTED_EDGE('',*,*,#14147,.T.);
#14147 = EDGE_CURVE('',#14140,#14114,#14148,.T.);
#14148 = LINE('',#14149,#14150);
#14149 = CARTESIAN_POINT('',(11.78606869564,-49.2,-16.99416714387));
#14150 = VECTOR('',#14151,1.);
#14151 = DIRECTION('',(-2.562159030867E-02,-2.219717106053E-16,
    -0.999671713169));
#14152 = ORIENTED_EDGE('',*,*,#14113,.F.);
#14153 = ORIENTED_EDGE('',*,*,#7059,.F.);
#14154 = PLANE('',#14155);
#14155 = AXIS2_PLACEMENT_3D('',#14156,#14157,#14158);
#14156 = CARTESIAN_POINT('',(11.78606869564,-50.,-16.99416714387));
#14157 = DIRECTION('',(-0.999671713169,5.689135897639E-18,
    2.562159030867E-02));
#14158 = DIRECTION('',(-2.562159030867E-02,-2.219717106053E-16,
    -0.999671713169));
#14159 = ADVANCED_FACE('',(#14160),#14178,.T.);
#14160 = FACE_BOUND('',#14161,.T.);
#14161 = EDGE_LOOP('',(#14162,#14170,#14176,#14177));
#14162 = ORIENTED_EDGE('',*,*,#14163,.T.);
#14163 = EDGE_CURVE('',#7044,#14164,#14166,.T.);
#14164 = VERTEX_POINT('',#14165);
#14165 = CARTESIAN_POINT('',(12.428730389485,-49.2,-16.68932096029));
#14166 = LINE('',#14167,#14168);
#14167 = CARTESIAN_POINT('',(12.428730389485,-50.,-16.68932096029));
#14168 = VECTOR('',#14169,1.);
#14169 = DIRECTION('',(0.,1.,-2.22044604925E-16));
#14170 = ORIENTED_EDGE('',*,*,#14171,.T.);
#14171 = EDGE_CURVE('',#14164,#14140,#14172,.T.);
#14172 = B_SPLINE_CURVE_WITH_KNOTS('',2,(#14173,#14174,#14175),
  .UNSPECIFIED.,.F.,.F.,(3,3),(0.,1.),.PIECEWISE_BEZIER_KNOTS.);
#14173 = CARTESIAN_POINT('',(12.428730389485,-49.2,-16.68932096029));
#14174 = CARTESIAN_POINT('',(12.202607219812,-49.2,-16.92527145119));
#14175 = CARTESIAN_POINT('',(11.78606869564,-49.2,-16.99416714387));
#14176 = ORIENTED_EDGE('',*,*,#14139,.F.);
#14177 = ORIENTED_EDGE('',*,*,#7051,.F.);
#14178 = SURFACE_OF_LINEAR_EXTRUSION('',#14179,#14183);
#14179 = B_SPLINE_CURVE_WITH_KNOTS('',2,(#14180,#14181,#14182),
  .UNSPECIFIED.,.F.,.F.,(3,3),(0.,1.),.PIECEWISE_BEZIER_KNOTS.);
#14180 = CARTESIAN_POINT('',(12.428730389485,-50.,-16.68932096029));
#14181 = CARTESIAN_POINT('',(12.202607219812,-50.,-16.92527145119));
#14182 = CARTESIAN_POINT('',(11.78606869564,-50.,-16.99416714387));
#14183 = VECTOR('',#14184,1.);
#14184 = DIRECTION('',(0.,-1.,2.22044604925E-16));
#14185 = ADVANCED_FACE('',(#14186),#14204,.T.);
#14186 = FACE_BOUND('',#14187,.T.);
#14187 = EDGE_LOOP('',(#14188,#14196,#14202,#14203));
#14188 = ORIENTED_EDGE('',*,*,#14189,.T.);
#14189 = EDGE_CURVE('',#7036,#14190,#14192,.T.);
#14190 = VERTEX_POINT('',#14191);
#14191 = CARTESIAN_POINT('',(12.664660630279,-49.2,-16.07811976442));
#14192 = LINE('',#14193,#14194);
#14193 = CARTESIAN_POINT('',(12.664660630279,-50.,-16.07811976442));
#14194 = VECTOR('',#14195,1.);
#14195 = DIRECTION('',(0.,1.,-2.22044604925E-16));
#14196 = ORIENTED_EDGE('',*,*,#14197,.T.);
#14197 = EDGE_CURVE('',#14190,#14164,#14198,.T.);
#14198 = B_SPLINE_CURVE_WITH_KNOTS('',2,(#14199,#14200,#14201),
  .UNSPECIFIED.,.F.,.F.,(3,3),(0.,1.),.PIECEWISE_BEZIER_KNOTS.);
#14199 = CARTESIAN_POINT('',(12.664660630279,-49.2,-16.07811976442));
#14200 = CARTESIAN_POINT('',(12.65504768134,-49.2,-16.45318598862));
#14201 = CARTESIAN_POINT('',(12.428730389485,-49.2,-16.68932096029));
#14202 = ORIENTED_EDGE('',*,*,#14163,.F.);
#14203 = ORIENTED_EDGE('',*,*,#7043,.F.);
#14204 = SURFACE_OF_LINEAR_EXTRUSION('',#14205,#14209);
#14205 = B_SPLINE_CURVE_WITH_KNOTS('',2,(#14206,#14207,#14208),
  .UNSPECIFIED.,.F.,.F.,(3,3),(0.,1.),.PIECEWISE_BEZIER_KNOTS.);
#14206 = CARTESIAN_POINT('',(12.664660630279,-50.,-16.07811976442));
#14207 = CARTESIAN_POINT('',(12.65504768134,-50.,-16.45318598862));
#14208 = CARTESIAN_POINT('',(12.428730389485,-50.,-16.68932096029));
#14209 = VECTOR('',#14210,1.);
#14210 = DIRECTION('',(0.,-1.,2.22044604925E-16));
#14211 = ADVANCED_FACE('',(#14212),#14230,.T.);
#14212 = FACE_BOUND('',#14213,.T.);
#14213 = EDGE_LOOP('',(#14214,#14222,#14228,#14229));
#14214 = ORIENTED_EDGE('',*,*,#14215,.T.);
#14215 = EDGE_CURVE('',#7028,#14216,#14218,.T.);
#14216 = VERTEX_POINT('',#14217);
#14217 = CARTESIAN_POINT('',(12.331175246908,-49.2,-15.28598195681));
#14218 = LINE('',#14219,#14220);
#14219 = CARTESIAN_POINT('',(12.331175246908,-50.,-15.28598195681));
#14220 = VECTOR('',#14221,1.);
#14221 = DIRECTION('',(0.,1.,-2.22044604925E-16));
#14222 = ORIENTED_EDGE('',*,*,#14223,.T.);
#14223 = EDGE_CURVE('',#14216,#14190,#14224,.T.);
#14224 = B_SPLINE_CURVE_WITH_KNOTS('',2,(#14225,#14226,#14227),
  .UNSPECIFIED.,.F.,.F.,(3,3),(0.,1.),.PIECEWISE_BEZIER_KNOTS.);
#14225 = CARTESIAN_POINT('',(12.331175246908,-49.2,-15.28598195681));
#14226 = CARTESIAN_POINT('',(12.677481130582,-49.2,-15.5779052443));
#14227 = CARTESIAN_POINT('',(12.664660630279,-49.2,-16.07811976442));
#14228 = ORIENTED_EDGE('',*,*,#14189,.F.);
#14229 = ORIENTED_EDGE('',*,*,#7035,.F.);
#14230 = SURFACE_OF_LINEAR_EXTRUSION('',#14231,#14235);
#14231 = B_SPLINE_CURVE_WITH_KNOTS('',2,(#14232,#14233,#14234),
  .UNSPECIFIED.,.F.,.F.,(3,3),(0.,1.),.PIECEWISE_BEZIER_KNOTS.);
#14232 = CARTESIAN_POINT('',(12.331175246908,-50.,-15.28598195681));
#14233 = CARTESIAN_POINT('',(12.677481130582,-50.,-15.5779052443));
#14234 = CARTESIAN_POINT('',(12.664660630279,-50.,-16.07811976442));
#14235 = VECTOR('',#14236,1.);
#14236 = DIRECTION('',(0.,-1.,2.22044604925E-16));
#14237 = ADVANCED_FACE('',(#14238),#14256,.T.);
#14238 = FACE_BOUND('',#14239,.T.);
#14239 = EDGE_LOOP('',(#14240,#14248,#14254,#14255));
#14240 = ORIENTED_EDGE('',*,*,#14241,.T.);
#14241 = EDGE_CURVE('',#7020,#14242,#14244,.T.);
#14242 = VERTEX_POINT('',#14243);
#14243 = CARTESIAN_POINT('',(11.357629879893,-49.2,-14.97798251865));
#14244 = LINE('',#14245,#14246);
#14245 = CARTESIAN_POINT('',(11.357629879893,-50.,-14.97798251865));
#14246 = VECTOR('',#14247,1.);
#14247 = DIRECTION('',(0.,1.,-2.22044604925E-16));
#14248 = ORIENTED_EDGE('',*,*,#14249,.T.);
#14249 = EDGE_CURVE('',#14242,#14216,#14250,.T.);
#14250 = B_SPLINE_CURVE_WITH_KNOTS('',2,(#14251,#14252,#14253),
  .UNSPECIFIED.,.F.,.F.,(3,3),(0.,1.),.PIECEWISE_BEZIER_KNOTS.);
#14251 = CARTESIAN_POINT('',(11.357629879893,-49.2,-14.97798251865));
#14252 = CARTESIAN_POINT('',(11.985058632843,-49.2,-14.99406352029));
#14253 = CARTESIAN_POINT('',(12.331175246908,-49.2,-15.28598195681));
#14254 = ORIENTED_EDGE('',*,*,#14215,.F.);
#14255 = ORIENTED_EDGE('',*,*,#7027,.F.);
#14256 = SURFACE_OF_LINEAR_EXTRUSION('',#14257,#14261);
#14257 = B_SPLINE_CURVE_WITH_KNOTS('',2,(#14258,#14259,#14260),
  .UNSPECIFIED.,.F.,.F.,(3,3),(0.,1.),.PIECEWISE_BEZIER_KNOTS.);
#14258 = CARTESIAN_POINT('',(11.357629879893,-50.,-14.97798251865));
#14259 = CARTESIAN_POINT('',(11.985058632843,-50.,-14.99406352029));
#14260 = CARTESIAN_POINT('',(12.331175246908,-50.,-15.28598195681));
#14261 = VECTOR('',#14262,1.);
#14262 = DIRECTION('',(0.,-1.,2.22044604925E-16));
#14263 = ADVANCED_FACE('',(#14264),#14282,.T.);
#14264 = FACE_BOUND('',#14265,.T.);
#14265 = EDGE_LOOP('',(#14266,#14274,#14280,#14281));
#14266 = ORIENTED_EDGE('',*,*,#14267,.T.);
#14267 = EDGE_CURVE('',#7012,#14268,#14270,.T.);
#14268 = VERTEX_POINT('',#14269);
#14269 = CARTESIAN_POINT('',(10.393345665595,-49.2,-15.24711437602));
#14270 = LINE('',#14271,#14272);
#14271 = CARTESIAN_POINT('',(10.393345665595,-50.,-15.24711437602));
#14272 = VECTOR('',#14273,1.);
#14273 = DIRECTION('',(0.,1.,-2.22044604925E-16));
#14274 = ORIENTED_EDGE('',*,*,#14275,.T.);
#14275 = EDGE_CURVE('',#14268,#14242,#14276,.T.);
#14276 = B_SPLINE_CURVE_WITH_KNOTS('',2,(#14277,#14278,#14279),
  .UNSPECIFIED.,.F.,.F.,(3,3),(0.,1.),.PIECEWISE_BEZIER_KNOTS.);
#14277 = CARTESIAN_POINT('',(10.393345665595,-49.2,-15.24711437602));
#14278 = CARTESIAN_POINT('',(10.767108700647,-49.2,-14.96284745829));
#14279 = CARTESIAN_POINT('',(11.357629879893,-49.2,-14.97798251865));
#14280 = ORIENTED_EDGE('',*,*,#14241,.F.);
#14281 = ORIENTED_EDGE('',*,*,#7019,.F.);
#14282 = SURFACE_OF_LINEAR_EXTRUSION('',#14283,#14287);
#14283 = B_SPLINE_CURVE_WITH_KNOTS('',2,(#14284,#14285,#14286),
  .UNSPECIFIED.,.F.,.F.,(3,3),(0.,1.),.PIECEWISE_BEZIER_KNOTS.);
#14284 = CARTESIAN_POINT('',(10.393345665595,-50.,-15.24711437602));
#14285 = CARTESIAN_POINT('',(10.767108700647,-50.,-14.96284745829));
#14286 = CARTESIAN_POINT('',(11.357629879893,-50.,-14.97798251865));
#14287 = VECTOR('',#14288,1.);
#14288 = DIRECTION('',(0.,-1.,2.22044604925E-16));
#14289 = ADVANCED_FACE('',(#14290),#14308,.T.);
#14290 = FACE_BOUND('',#14291,.T.);
#14291 = EDGE_LOOP('',(#14292,#14300,#14306,#14307));
#14292 = ORIENTED_EDGE('',*,*,#14293,.T.);
#14293 = EDGE_CURVE('',#7004,#14294,#14296,.T.);
#14294 = VERTEX_POINT('',#14295);
#14295 = CARTESIAN_POINT('',(9.943822754541,-49.2,-16.04873883479));
#14296 = LINE('',#14297,#14298);
#14297 = CARTESIAN_POINT('',(9.943822754541,-50.,-16.04873883479));
#14298 = VECTOR('',#14299,1.);
#14299 = DIRECTION('',(0.,1.,-2.22044604925E-16));
#14300 = ORIENTED_EDGE('',*,*,#14301,.T.);
#14301 = EDGE_CURVE('',#14294,#14268,#14302,.T.);
#14302 = B_SPLINE_CURVE_WITH_KNOTS('',2,(#14303,#14304,#14305),
  .UNSPECIFIED.,.F.,.F.,(3,3),(0.,1.),.PIECEWISE_BEZIER_KNOTS.);
#14303 = CARTESIAN_POINT('',(9.943822754541,-49.2,-16.04873883479));
#14304 = CARTESIAN_POINT('',(10.019582630544,-49.2,-15.53138129374));
#14305 = CARTESIAN_POINT('',(10.393345665595,-49.2,-15.24711437602));
#14306 = ORIENTED_EDGE('',*,*,#14267,.F.);
#14307 = ORIENTED_EDGE('',*,*,#7011,.F.);
#14308 = SURFACE_OF_LINEAR_EXTRUSION('',#14309,#14313);
#14309 = B_SPLINE_CURVE_WITH_KNOTS('',2,(#14310,#14311,#14312),
  .UNSPECIFIED.,.F.,.F.,(3,3),(0.,1.),.PIECEWISE_BEZIER_KNOTS.);
#14310 = CARTESIAN_POINT('',(9.943822754541,-50.,-16.04873883479));
#14311 = CARTESIAN_POINT('',(10.019582630544,-50.,-15.53138129374));
#14312 = CARTESIAN_POINT('',(10.393345665595,-50.,-15.24711437602));
#14313 = VECTOR('',#14314,1.);
#14314 = DIRECTION('',(0.,-1.,2.22044604925E-16));
#14315 = ADVANCED_FACE('',(#14316),#14334,.T.);
#14316 = FACE_BOUND('',#14317,.T.);
#14317 = EDGE_LOOP('',(#14318,#14326,#14332,#14333));
#14318 = ORIENTED_EDGE('',*,*,#14319,.T.);
#14319 = EDGE_CURVE('',#6996,#14320,#14322,.T.);
#14320 = VERTEX_POINT('',#14321);
#14321 = CARTESIAN_POINT('',(10.7401335306,-49.2,-16.12617458014));
#14322 = LINE('',#14323,#14324);
#14323 = CARTESIAN_POINT('',(10.7401335306,-50.,-16.12617458014));
#14324 = VECTOR('',#14325,1.);
#14325 = DIRECTION('',(0.,1.,-2.22044604925E-16));
#14326 = ORIENTED_EDGE('',*,*,#14327,.T.);
#14327 = EDGE_CURVE('',#14320,#14294,#14328,.T.);
#14328 = LINE('',#14329,#14330);
#14329 = CARTESIAN_POINT('',(10.7401335306,-49.2,-16.12617458014));
#14330 = VECTOR('',#14331,1.);
#14331 = DIRECTION('',(-0.995305158178,2.149093795939E-17,
    9.678658018576E-02));
#14332 = ORIENTED_EDGE('',*,*,#14293,.F.);
#14333 = ORIENTED_EDGE('',*,*,#7003,.F.);
#14334 = PLANE('',#14335);
#14335 = AXIS2_PLACEMENT_3D('',#14336,#14337,#14338);
#14336 = CARTESIAN_POINT('',(10.7401335306,-50.,-16.12617458014));
#14337 = DIRECTION('',(9.678658018576E-02,2.210021406275E-16,
    0.995305158178));
#14338 = DIRECTION('',(-0.995305158178,2.149093795939E-17,
    9.678658018576E-02));
#14339 = ADVANCED_FACE('',(#14340),#14358,.T.);
#14340 = FACE_BOUND('',#14341,.T.);
#14341 = EDGE_LOOP('',(#14342,#14350,#14356,#14357));
#14342 = ORIENTED_EDGE('',*,*,#14343,.T.);
#14343 = EDGE_CURVE('',#6988,#14344,#14346,.T.);
#14344 = VERTEX_POINT('',#14345);
#14345 = CARTESIAN_POINT('',(10.92462185441,-49.2,-15.74119174626));
#14346 = LINE('',#14347,#14348);
#14347 = CARTESIAN_POINT('',(10.92462185441,-50.,-15.74119174626));
#14348 = VECTOR('',#14349,1.);
#14349 = DIRECTION('',(0.,1.,-2.22044604925E-16));
#14350 = ORIENTED_EDGE('',*,*,#14351,.T.);
#14351 = EDGE_CURVE('',#14344,#14320,#14352,.T.);
#14352 = B_SPLINE_CURVE_WITH_KNOTS('',2,(#14353,#14354,#14355),
  .UNSPECIFIED.,.F.,.F.,(3,3),(0.,1.),.PIECEWISE_BEZIER_KNOTS.);
#14353 = CARTESIAN_POINT('',(10.92462185441,-49.2,-15.74119174626));
#14354 = CARTESIAN_POINT('',(10.769304659538,-49.2,-15.87475612015));
#14355 = CARTESIAN_POINT('',(10.7401335306,-49.2,-16.12617458014));
#14356 = ORIENTED_EDGE('',*,*,#14319,.F.);
#14357 = ORIENTED_EDGE('',*,*,#6995,.F.);
#14358 = SURFACE_OF_LINEAR_EXTRUSION('',#14359,#14363);
#14359 = B_SPLINE_CURVE_WITH_KNOTS('',2,(#14360,#14361,#14362),
  .UNSPECIFIED.,.F.,.F.,(3,3),(0.,1.),.PIECEWISE_BEZIER_KNOTS.);
#14360 = CARTESIAN_POINT('',(10.92462185441,-50.,-15.74119174626));
#14361 = CARTESIAN_POINT('',(10.769304659538,-50.,-15.87475612015));
#14362 = CARTESIAN_POINT('',(10.7401335306,-50.,-16.12617458014));
#14363 = VECTOR('',#14364,1.);
#14364 = DIRECTION('',(0.,-1.,2.22044604925E-16));
#14365 = ADVANCED_FACE('',(#14366),#14384,.T.);
#14366 = FACE_BOUND('',#14367,.T.);
#14367 = EDGE_LOOP('',(#14368,#14376,#14382,#14383));
#14368 = ORIENTED_EDGE('',*,*,#14369,.T.);
#14369 = EDGE_CURVE('',#6980,#14370,#14372,.T.);
#14370 = VERTEX_POINT('',#14371);
#14371 = CARTESIAN_POINT('',(11.32713001086,-49.2,-15.61377342165));
#14372 = LINE('',#14373,#14374);
#14373 = CARTESIAN_POINT('',(11.32713001086,-50.,-15.61377342165));
#14374 = VECTOR('',#14375,1.);
#14375 = DIRECTION('',(0.,1.,-2.22044604925E-16));
#14376 = ORIENTED_EDGE('',*,*,#14377,.T.);
#14377 = EDGE_CURVE('',#14370,#14344,#14378,.T.);
#14378 = B_SPLINE_CURVE_WITH_KNOTS('',2,(#14379,#14380,#14381),
  .UNSPECIFIED.,.F.,.F.,(3,3),(0.,1.),.PIECEWISE_BEZIER_KNOTS.);
#14379 = CARTESIAN_POINT('',(11.32713001086,-49.2,-15.61377342165));
#14380 = CARTESIAN_POINT('',(11.080133171464,-49.2,-15.60744289159));
#14381 = CARTESIAN_POINT('',(10.92462185441,-49.2,-15.74119174626));
#14382 = ORIENTED_EDGE('',*,*,#14343,.F.);
#14383 = ORIENTED_EDGE('',*,*,#6987,.F.);
#14384 = SURFACE_OF_LINEAR_EXTRUSION('',#14385,#14389);
#14385 = B_SPLINE_CURVE_WITH_KNOTS('',2,(#14386,#14387,#14388),
  .UNSPECIFIED.,.F.,.F.,(3,3),(0.,1.),.PIECEWISE_BEZIER_KNOTS.);
#14386 = CARTESIAN_POINT('',(11.32713001086,-50.,-15.61377342165));
#14387 = CARTESIAN_POINT('',(11.080133171464,-50.,-15.60744289159));
#14388 = CARTESIAN_POINT('',(10.92462185441,-50.,-15.74119174626));
#14389 = VECTOR('',#14390,1.);
#14390 = DIRECTION('',(0.,-1.,2.22044604925E-16));
#14391 = ADVANCED_FACE('',(#14392),#14410,.T.);
#14392 = FACE_BOUND('',#14393,.T.);
#14393 = EDGE_LOOP('',(#14394,#14402,#14408,#14409));
#14394 = ORIENTED_EDGE('',*,*,#14395,.T.);
#14395 = EDGE_CURVE('',#6972,#14396,#14398,.T.);
#14396 = VERTEX_POINT('',#14397);
#14397 = CARTESIAN_POINT('',(11.725149805593,-49.2,-15.7649300354));
#14398 = LINE('',#14399,#14400);
#14399 = CARTESIAN_POINT('',(11.725149805593,-50.,-15.7649300354));
#14400 = VECTOR('',#14401,1.);
#14401 = DIRECTION('',(0.,1.,-2.22044604925E-16));
#14402 = ORIENTED_EDGE('',*,*,#14403,.T.);
#14403 = EDGE_CURVE('',#14396,#14370,#14404,.T.);
#14404 = B_SPLINE_CURVE_WITH_KNOTS('',2,(#14405,#14406,#14407),
  .UNSPECIFIED.,.F.,.F.,(3,3),(0.,1.),.PIECEWISE_BEZIER_KNOTS.);
#14405 = CARTESIAN_POINT('',(11.725149805593,-49.2,-15.7649300354));
#14406 = CARTESIAN_POINT('',(11.591161115043,-49.2,-15.62054053998));
#14407 = CARTESIAN_POINT('',(11.32713001086,-49.2,-15.61377342165));
#14408 = ORIENTED_EDGE('',*,*,#14369,.F.);
#14409 = ORIENTED_EDGE('',*,*,#6979,.F.);
#14410 = SURFACE_OF_LINEAR_EXTRUSION('',#14411,#14415);
#14411 = B_SPLINE_CURVE_WITH_KNOTS('',2,(#14412,#14413,#14414),
  .UNSPECIFIED.,.F.,.F.,(3,3),(0.,1.),.PIECEWISE_BEZIER_KNOTS.);
#14412 = CARTESIAN_POINT('',(11.725149805593,-50.,-15.7649300354));
#14413 = CARTESIAN_POINT('',(11.591161115043,-50.,-15.62054053998));
#14414 = CARTESIAN_POINT('',(11.32713001086,-50.,-15.61377342165));
#14415 = VECTOR('',#14416,1.);
#14416 = DIRECTION('',(0.,-1.,2.22044604925E-16));
#14417 = ADVANCED_FACE('',(#14418),#14436,.T.);
#14418 = FACE_BOUND('',#14419,.T.);
#14419 = EDGE_LOOP('',(#14420,#14428,#14434,#14435));
#14420 = ORIENTED_EDGE('',*,*,#14421,.T.);
#14421 = EDGE_CURVE('',#6964,#14422,#14424,.T.);
#14422 = VERTEX_POINT('',#14423);
#14423 = CARTESIAN_POINT('',(11.852990304211,-49.2,-16.15659166539));
#14424 = LINE('',#14425,#14426);
#14425 = CARTESIAN_POINT('',(11.852990304211,-50.,-16.15659166539));
#14426 = VECTOR('',#14427,1.);
#14427 = DIRECTION('',(0.,1.,-2.22044604925E-16));
#14428 = ORIENTED_EDGE('',*,*,#14429,.T.);
#14429 = EDGE_CURVE('',#14422,#14396,#14430,.T.);
#14430 = B_SPLINE_CURVE_WITH_KNOTS('',2,(#14431,#14432,#14433),
  .UNSPECIFIED.,.F.,.F.,(3,3),(0.,1.),.PIECEWISE_BEZIER_KNOTS.);
#14431 = CARTESIAN_POINT('',(11.852990304211,-49.2,-16.15659166539));
#14432 = CARTESIAN_POINT('',(11.859332618327,-49.2,-15.90913505003));
#14433 = CARTESIAN_POINT('',(11.725149805593,-49.2,-15.7649300354));
#14434 = ORIENTED_EDGE('',*,*,#14395,.F.);
#14435 = ORIENTED_EDGE('',*,*,#6971,.F.);
#14436 = SURFACE_OF_LINEAR_EXTRUSION('',#14437,#14441);
#14437 = B_SPLINE_CURVE_WITH_KNOTS('',2,(#14438,#14439,#14440),
  .UNSPECIFIED.,.F.,.F.,(3,3),(0.,1.),.PIECEWISE_BEZIER_KNOTS.);
#14438 = CARTESIAN_POINT('',(11.852990304211,-50.,-16.15659166539));
#14439 = CARTESIAN_POINT('',(11.859332618327,-50.,-15.90913505003));
#14440 = CARTESIAN_POINT('',(11.725149805593,-50.,-15.7649300354));
#14441 = VECTOR('',#14442,1.);
#14442 = DIRECTION('',(0.,-1.,2.22044604925E-16));
#14443 = ADVANCED_FACE('',(#14444),#14462,.T.);
#14444 = FACE_BOUND('',#14445,.T.);
#14445 = EDGE_LOOP('',(#14446,#14454,#14460,#14461));
#14446 = ORIENTED_EDGE('',*,*,#14447,.T.);
#14447 = EDGE_CURVE('',#6956,#14448,#14450,.T.);
#14448 = VERTEX_POINT('',#14449);
#14449 = CARTESIAN_POINT('',(11.669487187488,-49.2,-16.55486167961));
#14450 = LINE('',#14451,#14452);
#14451 = CARTESIAN_POINT('',(11.669487187488,-50.,-16.55486167961));
#14452 = VECTOR('',#14453,1.);
#14453 = DIRECTION('',(0.,1.,-2.22044604925E-16));
#14454 = ORIENTED_EDGE('',*,*,#14455,.T.);
#14455 = EDGE_CURVE('',#14448,#14422,#14456,.T.);
#14456 = B_SPLINE_CURVE_WITH_KNOTS('',2,(#14457,#14458,#14459),
  .UNSPECIFIED.,.F.,.F.,(3,3),(0.,1.),.PIECEWISE_BEZIER_KNOTS.);
#14457 = CARTESIAN_POINT('',(11.669487187488,-49.2,-16.55486167961));
#14458 = CARTESIAN_POINT('',(11.846279194476,-49.2,-16.41843749481));
#14459 = CARTESIAN_POINT('',(11.852990304211,-49.2,-16.15659166539));
#14460 = ORIENTED_EDGE('',*,*,#14421,.F.);
#14461 = ORIENTED_EDGE('',*,*,#6963,.F.);
#14462 = SURFACE_OF_LINEAR_EXTRUSION('',#14463,#14467);
#14463 = B_SPLINE_CURVE_WITH_KNOTS('',2,(#14464,#14465,#14466),
  .UNSPECIFIED.,.F.,.F.,(3,3),(0.,1.),.PIECEWISE_BEZIER_KNOTS.);
#14464 = CARTESIAN_POINT('',(11.669487187488,-50.,-16.55486167961));
#14465 = CARTESIAN_POINT('',(11.846279194476,-50.,-16.41843749481));
#14466 = CARTESIAN_POINT('',(11.852990304211,-50.,-16.15659166539));
#14467 = VECTOR('',#14468,1.);
#14468 = DIRECTION('',(0.,-1.,2.22044604925E-16));
#14469 = ADVANCED_FACE('',(#14470),#14488,.T.);
#14470 = FACE_BOUND('',#14471,.T.);
#14471 = EDGE_LOOP('',(#14472,#14480,#14486,#14487));
#14472 = ORIENTED_EDGE('',*,*,#14473,.T.);
#14473 = EDGE_CURVE('',#6948,#14474,#14476,.T.);
#14474 = VERTEX_POINT('',#14475);
#14475 = CARTESIAN_POINT('',(11.149175693223,-49.2,-16.68229200233));
#14476 = LINE('',#14477,#14478);
#14477 = CARTESIAN_POINT('',(11.149175693223,-50.,-16.68229200233));
#14478 = VECTOR('',#14479,1.);
#14479 = DIRECTION('',(0.,1.,-2.22044604925E-16));
#14480 = ORIENTED_EDGE('',*,*,#14481,.T.);
#14481 = EDGE_CURVE('',#14474,#14448,#14482,.T.);
#14482 = B_SPLINE_CURVE_WITH_KNOTS('',2,(#14483,#14484,#14485),
  .UNSPECIFIED.,.F.,.F.,(3,3),(0.,1.),.PIECEWISE_BEZIER_KNOTS.);
#14483 = CARTESIAN_POINT('',(11.149175693223,-49.2,-16.68229200233));
#14484 = CARTESIAN_POINT('',(11.492700033073,-49.2,-16.69109653264));
#14485 = CARTESIAN_POINT('',(11.669487187488,-49.2,-16.55486167961));
#14486 = ORIENTED_EDGE('',*,*,#14447,.F.);
#14487 = ORIENTED_EDGE('',*,*,#6955,.F.);
#14488 = SURFACE_OF_LINEAR_EXTRUSION('',#14489,#14493);
#14489 = B_SPLINE_CURVE_WITH_KNOTS('',2,(#14490,#14491,#14492),
  .UNSPECIFIED.,.F.,.F.,(3,3),(0.,1.),.PIECEWISE_BEZIER_KNOTS.);
#14490 = CARTESIAN_POINT('',(11.149175693223,-50.,-16.68229200233));
#14491 = CARTESIAN_POINT('',(11.492700033073,-50.,-16.69109653264));
#14492 = CARTESIAN_POINT('',(11.669487187488,-50.,-16.55486167961));
#14493 = VECTOR('',#14494,1.);
#14494 = DIRECTION('',(0.,-1.,2.22044604925E-16));
#14495 = ADVANCED_FACE('',(#14496),#14514,.T.);
#14496 = FACE_BOUND('',#14497,.T.);
#14497 = EDGE_LOOP('',(#14498,#14506,#14512,#14513));
#14498 = ORIENTED_EDGE('',*,*,#14499,.T.);
#14499 = EDGE_CURVE('',#6940,#14500,#14502,.T.);
#14500 = VERTEX_POINT('',#14501);
#14501 = CARTESIAN_POINT('',(10.887983633171,-49.2,-16.67559764871));
#14502 = LINE('',#14503,#14504);
#14503 = CARTESIAN_POINT('',(10.887983633171,-50.,-16.67559764871));
#14504 = VECTOR('',#14505,1.);
#14505 = DIRECTION('',(0.,1.,-2.22044604925E-16));
#14506 = ORIENTED_EDGE('',*,*,#14507,.T.);
#14507 = EDGE_CURVE('',#14500,#14474,#14508,.T.);
#14508 = LINE('',#14509,#14510);
#14509 = CARTESIAN_POINT('',(10.887983633171,-49.2,-16.67559764871));
#14510 = VECTOR('',#14511,1.);
#14511 = DIRECTION('',(0.999671713169,-5.689135897644E-18,
    -2.562159030869E-02));
#14512 = ORIENTED_EDGE('',*,*,#14473,.F.);
#14513 = ORIENTED_EDGE('',*,*,#6947,.F.);
#14514 = PLANE('',#14515);
#14515 = AXIS2_PLACEMENT_3D('',#14516,#14517,#14518);
#14516 = CARTESIAN_POINT('',(10.887983633171,-50.,-16.67559764871));
#14517 = DIRECTION('',(-2.562159030869E-02,-2.219717106053E-16,
    -0.999671713169));
#14518 = DIRECTION('',(0.999671713169,-5.689135897644E-18,
    -2.562159030869E-02));
#14519 = ADVANCED_FACE('',(#14520),#14538,.T.);
#14520 = FACE_BOUND('',#14521,.T.);
#14521 = EDGE_LOOP('',(#14522,#14530,#14536,#14537));
#14522 = ORIENTED_EDGE('',*,*,#14523,.T.);
#14523 = EDGE_CURVE('',#6932,#14524,#14526,.T.);
#14524 = VERTEX_POINT('',#14525);
#14525 = CARTESIAN_POINT('',(10.871460618966,-49.2,-17.32027230465));
#14526 = LINE('',#14527,#14528);
#14527 = CARTESIAN_POINT('',(10.871460618966,-50.,-17.32027230465));
#14528 = VECTOR('',#14529,1.);
#14529 = DIRECTION('',(0.,1.,-2.22044604925E-16));
#14530 = ORIENTED_EDGE('',*,*,#14531,.T.);
#14531 = EDGE_CURVE('',#14524,#14500,#14532,.T.);
#14532 = LINE('',#14533,#14534);
#14533 = CARTESIAN_POINT('',(10.871460618966,-49.2,-17.32027230465));
#14534 = VECTOR('',#14535,1.);
#14535 = DIRECTION('',(2.562159030869E-02,2.219717106053E-16,
    0.999671713169));
#14536 = ORIENTED_EDGE('',*,*,#14499,.F.);
#14537 = ORIENTED_EDGE('',*,*,#6939,.F.);
#14538 = PLANE('',#14539);
#14539 = AXIS2_PLACEMENT_3D('',#14540,#14541,#14542);
#14540 = CARTESIAN_POINT('',(10.871460618966,-50.,-17.32027230465));
#14541 = DIRECTION('',(0.999671713169,-5.689135897644E-18,
    -2.562159030869E-02));
#14542 = DIRECTION('',(2.562159030869E-02,2.219717106053E-16,
    0.999671713169));
#14543 = ADVANCED_FACE('',(#14544),#14562,.T.);
#14544 = FACE_BOUND('',#14545,.T.);
#14545 = EDGE_LOOP('',(#14546,#14554,#14560,#14561));
#14546 = ORIENTED_EDGE('',*,*,#14547,.T.);
#14547 = EDGE_CURVE('',#6924,#14548,#14550,.T.);
#14548 = VERTEX_POINT('',#14549);
#14549 = CARTESIAN_POINT('',(11.149686943804,-49.2,-17.32740324655));
#14550 = LINE('',#14551,#14552);
#14551 = CARTESIAN_POINT('',(11.149686943804,-50.,-17.32740324655));
#14552 = VECTOR('',#14553,1.);
#14553 = DIRECTION('',(0.,1.,-2.22044604925E-16));
#14554 = ORIENTED_EDGE('',*,*,#14555,.T.);
#14555 = EDGE_CURVE('',#14548,#14524,#14556,.T.);
#14556 = LINE('',#14557,#14558);
#14557 = CARTESIAN_POINT('',(11.149686943804,-49.2,-17.32740324655));
#14558 = VECTOR('',#14559,1.);
#14559 = DIRECTION('',(-0.999671713169,5.689135897646E-18,
    2.56215903087E-02));
#14560 = ORIENTED_EDGE('',*,*,#14523,.F.);
#14561 = ORIENTED_EDGE('',*,*,#6931,.F.);
#14562 = PLANE('',#14563);
#14563 = AXIS2_PLACEMENT_3D('',#14564,#14565,#14566);
#14564 = CARTESIAN_POINT('',(11.149686943804,-50.,-17.32740324655));
#14565 = DIRECTION('',(2.56215903087E-02,2.219717106053E-16,
    0.999671713169));
#14566 = DIRECTION('',(-0.999671713169,5.689135897646E-18,
    2.56215903087E-02));
#14567 = ADVANCED_FACE('',(#14568),#14586,.T.);
#14568 = FACE_BOUND('',#14569,.T.);
#14569 = EDGE_LOOP('',(#14570,#14578,#14584,#14585));
#14570 = ORIENTED_EDGE('',*,*,#14571,.T.);
#14571 = EDGE_CURVE('',#6916,#14572,#14574,.T.);
#14572 = VERTEX_POINT('',#14573);
#14573 = CARTESIAN_POINT('',(11.719558690693,-49.2,-17.48315388271));
#14574 = LINE('',#14575,#14576);
#14575 = CARTESIAN_POINT('',(11.719558690693,-50.,-17.48315388271));
#14576 = VECTOR('',#14577,1.);
#14577 = DIRECTION('',(0.,1.,-2.22044604925E-16));
#14578 = ORIENTED_EDGE('',*,*,#14579,.T.);
#14579 = EDGE_CURVE('',#14572,#14548,#14580,.T.);
#14580 = B_SPLINE_CURVE_WITH_KNOTS('',2,(#14581,#14582,#14583),
  .UNSPECIFIED.,.F.,.F.,(3,3),(0.,1.),.PIECEWISE_BEZIER_KNOTS.);
#14581 = CARTESIAN_POINT('',(11.719558690693,-49.2,-17.48315388271));
#14582 = CARTESIAN_POINT('',(11.530118857357,-49.2,-17.33715371813));
#14583 = CARTESIAN_POINT('',(11.149686943804,-49.2,-17.32740324655));
#14584 = ORIENTED_EDGE('',*,*,#14547,.F.);
#14585 = ORIENTED_EDGE('',*,*,#6923,.F.);
#14586 = SURFACE_OF_LINEAR_EXTRUSION('',#14587,#14591);
#14587 = B_SPLINE_CURVE_WITH_KNOTS('',2,(#14588,#14589,#14590),
  .UNSPECIFIED.,.F.,.F.,(3,3),(0.,1.),.PIECEWISE_BEZIER_KNOTS.);
#14588 = CARTESIAN_POINT('',(11.719558690693,-50.,-17.48315388271));
#14589 = CARTESIAN_POINT('',(11.530118857357,-50.,-17.33715371813));
#14590 = CARTESIAN_POINT('',(11.149686943804,-50.,-17.32740324655));
#14591 = VECTOR('',#14592,1.);
#14592 = DIRECTION('',(0.,-1.,2.22044604925E-16));
#14593 = ADVANCED_FACE('',(#14594),#14612,.T.);
#14594 = FACE_BOUND('',#14595,.T.);
#14595 = EDGE_LOOP('',(#14596,#14604,#14610,#14611));
#14596 = ORIENTED_EDGE('',*,*,#14597,.T.);
#14597 = EDGE_CURVE('',#6908,#14598,#14600,.T.);
#14598 = VERTEX_POINT('',#14599);
#14599 = CARTESIAN_POINT('',(11.902214625685,-49.2,-17.89383985316));
#14600 = LINE('',#14601,#14602);
#14601 = CARTESIAN_POINT('',(11.902214625685,-50.,-17.89383985316));
#14602 = VECTOR('',#14603,1.);
#14603 = DIRECTION('',(0.,1.,-2.22044604925E-16));
#14604 = ORIENTED_EDGE('',*,*,#14605,.T.);
#14605 = EDGE_CURVE('',#14598,#14572,#14606,.T.);
#14606 = B_SPLINE_CURVE_WITH_KNOTS('',2,(#14607,#14608,#14609),
  .UNSPECIFIED.,.F.,.F.,(3,3),(0.,1.),.PIECEWISE_BEZIER_KNOTS.);
#14607 = CARTESIAN_POINT('',(11.902214625685,-49.2,-17.89383985316));
#14608 = CARTESIAN_POINT('',(11.909003376602,-49.2,-17.62896471552));
#14609 = CARTESIAN_POINT('',(11.719558690693,-49.2,-17.48315388271));
#14610 = ORIENTED_EDGE('',*,*,#14571,.F.);
#14611 = ORIENTED_EDGE('',*,*,#6915,.F.);
#14612 = SURFACE_OF_LINEAR_EXTRUSION('',#14613,#14617);
#14613 = B_SPLINE_CURVE_WITH_KNOTS('',2,(#14614,#14615,#14616),
  .UNSPECIFIED.,.F.,.F.,(3,3),(0.,1.),.PIECEWISE_BEZIER_KNOTS.);
#14614 = CARTESIAN_POINT('',(11.902214625685,-50.,-17.89383985316));
#14615 = CARTESIAN_POINT('',(11.909003376602,-50.,-17.62896471552));
#14616 = CARTESIAN_POINT('',(11.719558690693,-50.,-17.48315388271));
#14617 = VECTOR('',#14618,1.);
#14618 = DIRECTION('',(0.,-1.,2.22044604925E-16));
#14619 = ADVANCED_FACE('',(#14620),#14638,.T.);
#14620 = FACE_BOUND('',#14621,.T.);
#14621 = EDGE_LOOP('',(#14622,#14630,#14636,#14637));
#14622 = ORIENTED_EDGE('',*,*,#14623,.T.);
#14623 = EDGE_CURVE('',#6900,#14624,#14626,.T.);
#14624 = VERTEX_POINT('',#14625);
#14625 = CARTESIAN_POINT('',(11.732169138381,-49.2,-18.32125211904));
#14626 = LINE('',#14627,#14628);
#14627 = CARTESIAN_POINT('',(11.732169138381,-50.,-18.32125211904));
#14628 = VECTOR('',#14629,1.);
#14629 = DIRECTION('',(0.,1.,-2.22044604925E-16));
#14630 = ORIENTED_EDGE('',*,*,#14631,.T.);
#14631 = EDGE_CURVE('',#14624,#14598,#14632,.T.);
#14632 = B_SPLINE_CURVE_WITH_KNOTS('',2,(#14633,#14634,#14635),
  .UNSPECIFIED.,.F.,.F.,(3,3),(0.,1.),.PIECEWISE_BEZIER_KNOTS.);
#14633 = CARTESIAN_POINT('',(11.732169138381,-49.2,-18.32125211904));
#14634 = CARTESIAN_POINT('',(11.894770777289,-49.2,-18.18427477892));
#14635 = CARTESIAN_POINT('',(11.902214625685,-49.2,-17.89383985316));
#14636 = ORIENTED_EDGE('',*,*,#14597,.F.);
#14637 = ORIENTED_EDGE('',*,*,#6907,.F.);
#14638 = SURFACE_OF_LINEAR_EXTRUSION('',#14639,#14643);
#14639 = B_SPLINE_CURVE_WITH_KNOTS('',2,(#14640,#14641,#14642),
  .UNSPECIFIED.,.F.,.F.,(3,3),(0.,1.),.PIECEWISE_BEZIER_KNOTS.);
#14640 = CARTESIAN_POINT('',(11.732169138381,-50.,-18.32125211904));
#14641 = CARTESIAN_POINT('',(11.894770777289,-50.,-18.18427477892));
#14642 = CARTESIAN_POINT('',(11.902214625685,-50.,-17.89383985316));
#14643 = VECTOR('',#14644,1.);
#14644 = DIRECTION('',(0.,-1.,2.22044604925E-16));
#14645 = ADVANCED_FACE('',(#14646),#14664,.T.);
#14646 = FACE_BOUND('',#14647,.T.);
#14647 = EDGE_LOOP('',(#14648,#14656,#14662,#14663));
#14648 = ORIENTED_EDGE('',*,*,#14649,.T.);
#14649 = EDGE_CURVE('',#6892,#14650,#14652,.T.);
#14650 = VERTEX_POINT('',#14651);
#14651 = CARTESIAN_POINT('',(11.282828894817,-49.2,-18.45069089137));
#14652 = LINE('',#14653,#14654);
#14653 = CARTESIAN_POINT('',(11.282828894817,-50.,-18.45069089137));
#14654 = VECTOR('',#14655,1.);
#14655 = DIRECTION('',(0.,1.,-2.22044604925E-16));
#14656 = ORIENTED_EDGE('',*,*,#14657,.T.);
#14657 = EDGE_CURVE('',#14650,#14624,#14658,.T.);
#14658 = B_SPLINE_CURVE_WITH_KNOTS('',2,(#14659,#14660,#14661),
  .UNSPECIFIED.,.F.,.F.,(3,3),(0.,1.),.PIECEWISE_BEZIER_KNOTS.);
#14659 = CARTESIAN_POINT('',(11.282828894817,-49.2,-18.45069089137));
#14660 = CARTESIAN_POINT('',(11.569572352047,-49.2,-18.45804012741));
#14661 = CARTESIAN_POINT('',(11.732169138381,-49.2,-18.32125211904));
#14662 = ORIENTED_EDGE('',*,*,#14623,.F.);
#14663 = ORIENTED_EDGE('',*,*,#6899,.F.);
#14664 = SURFACE_OF_LINEAR_EXTRUSION('',#14665,#14669);
#14665 = B_SPLINE_CURVE_WITH_KNOTS('',2,(#14666,#14667,#14668),
  .UNSPECIFIED.,.F.,.F.,(3,3),(0.,1.),.PIECEWISE_BEZIER_KNOTS.);
#14666 = CARTESIAN_POINT('',(11.282828894817,-50.,-18.45069089137));
#14667 = CARTESIAN_POINT('',(11.569572352047,-50.,-18.45804012741));
#14668 = CARTESIAN_POINT('',(11.732169138381,-50.,-18.32125211904));
#14669 = VECTOR('',#14670,1.);
#14670 = DIRECTION('',(0.,-1.,2.22044604925E-16));
#14671 = ADVANCED_FACE('',(#14672),#14690,.T.);
#14672 = FACE_BOUND('',#14673,.T.);
#14673 = EDGE_LOOP('',(#14674,#14682,#14688,#14689));
#14674 = ORIENTED_EDGE('',*,*,#14675,.T.);
#14675 = EDGE_CURVE('',#6884,#14676,#14678,.T.);
#14676 = VERTEX_POINT('',#14677);
#14677 = CARTESIAN_POINT('',(10.641780935576,-49.2,-17.85755635342));
#14678 = LINE('',#14679,#14680);
#14679 = CARTESIAN_POINT('',(10.641780935576,-50.,-17.85755635342));
#14680 = VECTOR('',#14681,1.);
#14681 = DIRECTION('',(0.,1.,-2.22044604925E-16));
#14682 = ORIENTED_EDGE('',*,*,#14683,.T.);
#14683 = EDGE_CURVE('',#14676,#14650,#14684,.T.);
#14684 = B_SPLINE_CURVE_WITH_KNOTS('',2,(#14685,#14686,#14687),
  .UNSPECIFIED.,.F.,.F.,(3,3),(0.,1.),.PIECEWISE_BEZIER_KNOTS.);
#14685 = CARTESIAN_POINT('',(10.641780935576,-49.2,-17.85755635342));
#14686 = CARTESIAN_POINT('',(10.703663892094,-49.2,-18.43584688986));
#14687 = CARTESIAN_POINT('',(11.282828894817,-49.2,-18.45069089137));
#14688 = ORIENTED_EDGE('',*,*,#14649,.F.);
#14689 = ORIENTED_EDGE('',*,*,#6891,.F.);
#14690 = SURFACE_OF_LINEAR_EXTRUSION('',#14691,#14695);
#14691 = B_SPLINE_CURVE_WITH_KNOTS('',2,(#14692,#14693,#14694),
  .UNSPECIFIED.,.F.,.F.,(3,3),(0.,1.),.PIECEWISE_BEZIER_KNOTS.);
#14692 = CARTESIAN_POINT('',(10.641780935576,-50.,-17.85755635342));
#14693 = CARTESIAN_POINT('',(10.703663892094,-50.,-18.43584688986));
#14694 = CARTESIAN_POINT('',(11.282828894817,-50.,-18.45069089137));
#14695 = VECTOR('',#14696,1.);
#14696 = DIRECTION('',(0.,-1.,2.22044604925E-16));
#14697 = ADVANCED_FACE('',(#14698),#14716,.T.);
#14698 = FACE_BOUND('',#14699,.T.);
#14699 = EDGE_LOOP('',(#14700,#14708,#14714,#14715));
#14700 = ORIENTED_EDGE('',*,*,#14701,.T.);
#14701 = EDGE_CURVE('',#6876,#14702,#14704,.T.);
#14702 = VERTEX_POINT('',#14703);
#14703 = CARTESIAN_POINT('',(9.827994598891,-49.2,-17.90774505686));
#14704 = LINE('',#14705,#14706);
#14705 = CARTESIAN_POINT('',(9.827994598891,-50.,-17.90774505686));
#14706 = VECTOR('',#14707,1.);
#14707 = DIRECTION('',(0.,1.,-2.22044604925E-16));
#14708 = ORIENTED_EDGE('',*,*,#14709,.T.);
#14709 = EDGE_CURVE('',#14702,#14676,#14710,.T.);
#14710 = LINE('',#14711,#14712);
#14711 = CARTESIAN_POINT('',(9.827994598891,-49.2,-17.90774505686));
#14712 = VECTOR('',#14713,1.);
#14713 = DIRECTION('',(0.998103624121,1.366820363774E-17,
    6.155611680974E-02));
#14714 = ORIENTED_EDGE('',*,*,#14675,.F.);
#14715 = ORIENTED_EDGE('',*,*,#6883,.F.);
#14716 = PLANE('',#14717);
#14717 = AXIS2_PLACEMENT_3D('',#14718,#14719,#14720);
#14718 = CARTESIAN_POINT('',(9.827994598891,-50.,-17.90774505686));
#14719 = DIRECTION('',(6.155611680974E-02,-2.216235248922E-16,
    -0.998103624121));
#14720 = DIRECTION('',(0.998103624121,1.366820363774E-17,
    6.155611680974E-02));
#14721 = ADVANCED_FACE('',(#14722),#14740,.T.);
#14722 = FACE_BOUND('',#14723,.T.);
#14723 = EDGE_LOOP('',(#14724,#14732,#14738,#14739));
#14724 = ORIENTED_EDGE('',*,*,#14725,.T.);
#14725 = EDGE_CURVE('',#6868,#14726,#14728,.T.);
#14726 = VERTEX_POINT('',#14727);
#14727 = CARTESIAN_POINT('',(10.251781188181,-49.2,-18.77532735301));
#14728 = LINE('',#14729,#14730);
#14729 = CARTESIAN_POINT('',(10.251781188181,-50.,-18.77532735301));
#14730 = VECTOR('',#14731,1.);
#14731 = DIRECTION('',(0.,1.,-2.22044604925E-16));
#14732 = ORIENTED_EDGE('',*,*,#14733,.T.);
#14733 = EDGE_CURVE('',#14726,#14702,#14734,.T.);
#14734 = B_SPLINE_CURVE_WITH_KNOTS('',2,(#14735,#14736,#14737),
  .UNSPECIFIED.,.F.,.F.,(3,3),(0.,1.),.PIECEWISE_BEZIER_KNOTS.);
#14735 = CARTESIAN_POINT('',(10.251781188181,-49.2,-18.77532735301));
#14736 = CARTESIAN_POINT('',(9.878958110538,-49.2,-18.4687046757));
#14737 = CARTESIAN_POINT('',(9.827994598891,-49.2,-17.90774505686));
#14738 = ORIENTED_EDGE('',*,*,#14701,.F.);
#14739 = ORIENTED_EDGE('',*,*,#6875,.F.);
#14740 = SURFACE_OF_LINEAR_EXTRUSION('',#14741,#14745);
#14741 = B_SPLINE_CURVE_WITH_KNOTS('',2,(#14742,#14743,#14744),
  .UNSPECIFIED.,.F.,.F.,(3,3),(0.,1.),.PIECEWISE_BEZIER_KNOTS.);
#14742 = CARTESIAN_POINT('',(10.251781188181,-50.,-18.77532735301));
#14743 = CARTESIAN_POINT('',(9.878958110538,-50.,-18.4687046757));
#14744 = CARTESIAN_POINT('',(9.827994598891,-50.,-17.90774505686));
#14745 = VECTOR('',#14746,1.);
#14746 = DIRECTION('',(0.,-1.,2.22044604925E-16));
#14747 = ADVANCED_FACE('',(#14748),#14766,.T.);
#14748 = FACE_BOUND('',#14749,.T.);
#14749 = EDGE_LOOP('',(#14750,#14758,#14764,#14765));
#14750 = ORIENTED_EDGE('',*,*,#14751,.T.);
#14751 = EDGE_CURVE('',#6860,#14752,#14754,.T.);
#14752 = VERTEX_POINT('',#14753);
#14753 = CARTESIAN_POINT('',(11.269072136134,-49.2,-19.09827828848));
#14754 = LINE('',#14755,#14756);
#14755 = CARTESIAN_POINT('',(11.269072136134,-50.,-19.09827828848));
#14756 = VECTOR('',#14757,1.);
#14757 = DIRECTION('',(0.,1.,-2.22044604925E-16));
#14758 = ORIENTED_EDGE('',*,*,#14759,.T.);
#14759 = EDGE_CURVE('',#14752,#14726,#14760,.T.);
#14760 = B_SPLINE_CURVE_WITH_KNOTS('',2,(#14761,#14762,#14763),
  .UNSPECIFIED.,.F.,.F.,(3,3),(0.,1.),.PIECEWISE_BEZIER_KNOTS.);
#14761 = CARTESIAN_POINT('',(11.269072136134,-49.2,-19.09827828848));
#14762 = CARTESIAN_POINT('',(10.624609118399,-49.2,-19.08176069856));
#14763 = CARTESIAN_POINT('',(10.251781188181,-49.2,-18.77532735301));
#14764 = ORIENTED_EDGE('',*,*,#14725,.F.);
#14765 = ORIENTED_EDGE('',*,*,#6867,.F.);
#14766 = SURFACE_OF_LINEAR_EXTRUSION('',#14767,#14771);
#14767 = B_SPLINE_CURVE_WITH_KNOTS('',2,(#14768,#14769,#14770),
  .UNSPECIFIED.,.F.,.F.,(3,3),(0.,1.),.PIECEWISE_BEZIER_KNOTS.);
#14768 = CARTESIAN_POINT('',(11.269072136134,-50.,-19.09827828848));
#14769 = CARTESIAN_POINT('',(10.624609118399,-50.,-19.08176069856));
#14770 = CARTESIAN_POINT('',(10.251781188181,-50.,-18.77532735301));
#14771 = VECTOR('',#14772,1.);
#14772 = DIRECTION('',(0.,-1.,2.22044604925E-16));
#14773 = ADVANCED_FACE('',(#14774),#14792,.T.);
#14774 = FACE_BOUND('',#14775,.T.);
#14775 = EDGE_LOOP('',(#14776,#14784,#14790,#14791));
#14776 = ORIENTED_EDGE('',*,*,#14777,.T.);
#14777 = EDGE_CURVE('',#6852,#14778,#14780,.T.);
#14778 = VERTEX_POINT('',#14779);
#14779 = CARTESIAN_POINT('',(12.327345666339,-49.2,-18.81980909729));
#14780 = LINE('',#14781,#14782);
#14781 = CARTESIAN_POINT('',(12.327345666339,-50.,-18.81980909729));
#14782 = VECTOR('',#14783,1.);
#14783 = DIRECTION('',(0.,1.,-2.22044604925E-16));
#14784 = ORIENTED_EDGE('',*,*,#14785,.T.);
#14785 = EDGE_CURVE('',#14778,#14752,#14786,.T.);
#14786 = B_SPLINE_CURVE_WITH_KNOTS('',2,(#14787,#14788,#14789),
  .UNSPECIFIED.,.F.,.F.,(3,3),(0.,1.),.PIECEWISE_BEZIER_KNOTS.);
#14787 = CARTESIAN_POINT('',(12.327345666339,-49.2,-18.81980909729));
#14788 = CARTESIAN_POINT('',(11.950442727573,-49.2,-19.11574181966));
#14789 = CARTESIAN_POINT('',(11.269072136134,-49.2,-19.09827828848));
#14790 = ORIENTED_EDGE('',*,*,#14751,.F.);
#14791 = ORIENTED_EDGE('',*,*,#6859,.F.);
#14792 = SURFACE_OF_LINEAR_EXTRUSION('',#14793,#14797);
#14793 = B_SPLINE_CURVE_WITH_KNOTS('',2,(#14794,#14795,#14796),
  .UNSPECIFIED.,.F.,.F.,(3,3),(0.,1.),.PIECEWISE_BEZIER_KNOTS.);
#14794 = CARTESIAN_POINT('',(12.327345666339,-50.,-18.81980909729));
#14795 = CARTESIAN_POINT('',(11.950442727573,-50.,-19.11574181966));
#14796 = CARTESIAN_POINT('',(11.269072136134,-50.,-19.09827828848));
#14797 = VECTOR('',#14798,1.);
#14798 = DIRECTION('',(0.,-1.,2.22044604925E-16));
#14799 = ADVANCED_FACE('',(#14800),#14811,.T.);
#14800 = FACE_BOUND('',#14801,.T.);
#14801 = EDGE_LOOP('',(#14802,#14803,#14809,#14810));
#14802 = ORIENTED_EDGE('',*,*,#14096,.T.);
#14803 = ORIENTED_EDGE('',*,*,#14804,.T.);
#14804 = EDGE_CURVE('',#14089,#14778,#14805,.T.);
#14805 = B_SPLINE_CURVE_WITH_KNOTS('',2,(#14806,#14807,#14808),
  .UNSPECIFIED.,.F.,.F.,(3,3),(0.,1.),.PIECEWISE_BEZIER_KNOTS.);
#14806 = CARTESIAN_POINT('',(12.718612223914,-49.2,-17.9634543539));
#14807 = CARTESIAN_POINT('',(12.704253457678,-49.2,-18.52368704315));
#14808 = CARTESIAN_POINT('',(12.327345666339,-49.2,-18.81980909729));
#14809 = ORIENTED_EDGE('',*,*,#14777,.F.);
#14810 = ORIENTED_EDGE('',*,*,#6851,.F.);
#14811 = SURFACE_OF_LINEAR_EXTRUSION('',#14812,#14816);
#14812 = B_SPLINE_CURVE_WITH_KNOTS('',2,(#14813,#14814,#14815),
  .UNSPECIFIED.,.F.,.F.,(3,3),(0.,1.),.PIECEWISE_BEZIER_KNOTS.);
#14813 = CARTESIAN_POINT('',(12.718612223914,-50.,-17.9634543539));
#14814 = CARTESIAN_POINT('',(12.704253457678,-50.,-18.52368704315));
#14815 = CARTESIAN_POINT('',(12.327345666339,-50.,-18.81980909729));
#14816 = VECTOR('',#14817,1.);
#14817 = DIRECTION('',(0.,-1.,2.22044604925E-16));
#14818 = ADVANCED_FACE('',(#14819),#14844,.T.);
#14819 = FACE_BOUND('',#14820,.T.);
#14820 = EDGE_LOOP('',(#14821,#14829,#14837,#14843));
#14821 = ORIENTED_EDGE('',*,*,#14822,.T.);
#14822 = EDGE_CURVE('',#7076,#14823,#14825,.T.);
#14823 = VERTEX_POINT('',#14824);
#14824 = CARTESIAN_POINT('',(32.835244201187,-49.2,-18.26777895785));
#14825 = LINE('',#14826,#14827);
#14826 = CARTESIAN_POINT('',(32.835244201187,-50.,-18.26777895785));
#14827 = VECTOR('',#14828,1.);
#14828 = DIRECTION('',(0.,1.,-2.22044604925E-16));
#14829 = ORIENTED_EDGE('',*,*,#14830,.T.);
#14830 = EDGE_CURVE('',#14823,#14831,#14833,.T.);
#14831 = VERTEX_POINT('',#14832);
#14832 = CARTESIAN_POINT('',(32.30150390456,-49.2,-18.25409919175));
#14833 = LINE('',#14834,#14835);
#14834 = CARTESIAN_POINT('',(32.835244201187,-49.2,-18.26777895785));
#14835 = VECTOR('',#14836,1.);
#14836 = DIRECTION('',(-0.999671713169,5.689135897644E-18,
    2.562159030869E-02));
#14837 = ORIENTED_EDGE('',*,*,#14838,.F.);
#14838 = EDGE_CURVE('',#7078,#14831,#14839,.T.);
#14839 = LINE('',#14840,#14841);
#14840 = CARTESIAN_POINT('',(32.30150390456,-50.,-18.25409919175));
#14841 = VECTOR('',#14842,1.);
#14842 = DIRECTION('',(0.,1.,-2.22044604925E-16));
#14843 = ORIENTED_EDGE('',*,*,#7075,.F.);
#14844 = PLANE('',#14845);
#14845 = AXIS2_PLACEMENT_3D('',#14846,#14847,#14848);
#14846 = CARTESIAN_POINT('',(32.835244201187,-50.,-18.26777895785));
#14847 = DIRECTION('',(2.562159030869E-02,2.219717106053E-16,
    0.999671713169));
#14848 = DIRECTION('',(-0.999671713169,5.689135897644E-18,
    2.562159030869E-02));
#14849 = ADVANCED_FACE('',(#14850),#14868,.T.);
#14850 = FACE_BOUND('',#14851,.T.);
#14851 = EDGE_LOOP('',(#14852,#14860,#14866,#14867));
#14852 = ORIENTED_EDGE('',*,*,#14853,.T.);
#14853 = EDGE_CURVE('',#7150,#14854,#14856,.T.);
#14854 = VERTEX_POINT('',#14855);
#14855 = CARTESIAN_POINT('',(32.850457020433,-49.2,-17.67422387816));
#14856 = LINE('',#14857,#14858);
#14857 = CARTESIAN_POINT('',(32.850457020433,-50.,-17.67422387816));
#14858 = VECTOR('',#14859,1.);
#14859 = DIRECTION('',(0.,1.,-2.22044604925E-16));
#14860 = ORIENTED_EDGE('',*,*,#14861,.T.);
#14861 = EDGE_CURVE('',#14854,#14823,#14862,.T.);
#14862 = LINE('',#14863,#14864);
#14863 = CARTESIAN_POINT('',(32.850457020433,-49.2,-17.67422387816));
#14864 = VECTOR('',#14865,1.);
#14865 = DIRECTION('',(-2.56215903087E-02,-2.219717106053E-16,
    -0.999671713169));
#14866 = ORIENTED_EDGE('',*,*,#14822,.F.);
#14867 = ORIENTED_EDGE('',*,*,#7157,.F.);
#14868 = PLANE('',#14869);
#14869 = AXIS2_PLACEMENT_3D('',#14870,#14871,#14872);
#14870 = CARTESIAN_POINT('',(32.850457020433,-50.,-17.67422387816));
#14871 = DIRECTION('',(-0.999671713169,5.689135897646E-18,
    2.56215903087E-02));
#14872 = DIRECTION('',(-2.56215903087E-02,-2.219717106053E-16,
    -0.999671713169));
#14873 = ADVANCED_FACE('',(#14874),#14892,.T.);
#14874 = FACE_BOUND('',#14875,.T.);
#14875 = EDGE_LOOP('',(#14876,#14884,#14890,#14891));
#14876 = ORIENTED_EDGE('',*,*,#14877,.T.);
#14877 = EDGE_CURVE('',#7142,#14878,#14880,.T.);
#14878 = VERTEX_POINT('',#14879);
#14879 = CARTESIAN_POINT('',(32.316716723806,-49.2,-17.66054411206));
#14880 = LINE('',#14881,#14882);
#14881 = CARTESIAN_POINT('',(32.316716723806,-50.,-17.66054411206));
#14882 = VECTOR('',#14883,1.);
#14883 = DIRECTION('',(0.,1.,-2.22044604925E-16));
#14884 = ORIENTED_EDGE('',*,*,#14885,.T.);
#14885 = EDGE_CURVE('',#14878,#14854,#14886,.T.);
#14886 = LINE('',#14887,#14888);
#14887 = CARTESIAN_POINT('',(32.316716723806,-49.2,-17.66054411206));
#14888 = VECTOR('',#14889,1.);
#14889 = DIRECTION('',(0.999671713169,-5.689135897644E-18,
    -2.562159030869E-02));
#14890 = ORIENTED_EDGE('',*,*,#14853,.F.);
#14891 = ORIENTED_EDGE('',*,*,#7149,.F.);
#14892 = PLANE('',#14893);
#14893 = AXIS2_PLACEMENT_3D('',#14894,#14895,#14896);
#14894 = CARTESIAN_POINT('',(32.316716723806,-50.,-17.66054411206));
#14895 = DIRECTION('',(-2.562159030869E-02,-2.219717106053E-16,
    -0.999671713169));
#14896 = DIRECTION('',(0.999671713169,-5.689135897644E-18,
    -2.562159030869E-02));
#14897 = ADVANCED_FACE('',(#14898),#14916,.T.);
#14898 = FACE_BOUND('',#14899,.T.);
#14899 = EDGE_LOOP('',(#14900,#14908,#14914,#14915));
#14900 = ORIENTED_EDGE('',*,*,#14901,.T.);
#14901 = EDGE_CURVE('',#7134,#14902,#14904,.T.);
#14902 = VERTEX_POINT('',#14903);
#14903 = CARTESIAN_POINT('',(32.383177576243,-49.2,-15.06745627426));
#14904 = LINE('',#14905,#14906);
#14905 = CARTESIAN_POINT('',(32.383177576243,-50.,-15.06745627426));
#14906 = VECTOR('',#14907,1.);
#14907 = DIRECTION('',(0.,1.,-2.22044604925E-16));
#14908 = ORIENTED_EDGE('',*,*,#14909,.T.);
#14909 = EDGE_CURVE('',#14902,#14878,#14910,.T.);
#14910 = LINE('',#14911,#14912);
#14911 = CARTESIAN_POINT('',(32.383177576243,-49.2,-15.06745627426));
#14912 = VECTOR('',#14913,1.);
#14913 = DIRECTION('',(-2.562159030869E-02,-2.219717106053E-16,
    -0.999671713169));
#14914 = ORIENTED_EDGE('',*,*,#14877,.F.);
#14915 = ORIENTED_EDGE('',*,*,#7141,.F.);
#14916 = PLANE('',#14917);
#14917 = AXIS2_PLACEMENT_3D('',#14918,#14919,#14920);
#14918 = CARTESIAN_POINT('',(32.383177576243,-50.,-15.06745627426));
#14919 = DIRECTION('',(-0.999671713169,5.689135897644E-18,
    2.562159030869E-02));
#14920 = DIRECTION('',(-2.562159030869E-02,-2.219717106053E-16,
    -0.999671713169));
#14921 = ADVANCED_FACE('',(#14922),#14940,.T.);
#14922 = FACE_BOUND('',#14923,.T.);
#14923 = EDGE_LOOP('',(#14924,#14932,#14938,#14939));
#14924 = ORIENTED_EDGE('',*,*,#14925,.T.);
#14925 = EDGE_CURVE('',#7126,#14926,#14928,.T.);
#14926 = VERTEX_POINT('',#14927);
#14927 = CARTESIAN_POINT('',(31.491717719111,-49.2,-15.04460815429));
#14928 = LINE('',#14929,#14930);
#14929 = CARTESIAN_POINT('',(31.491717719111,-50.,-15.04460815429));
#14930 = VECTOR('',#14931,1.);
#14931 = DIRECTION('',(0.,1.,-2.22044604925E-16));
#14932 = ORIENTED_EDGE('',*,*,#14933,.T.);
#14933 = EDGE_CURVE('',#14926,#14902,#14934,.T.);
#14934 = LINE('',#14935,#14936);
#14935 = CARTESIAN_POINT('',(31.491717719111,-49.2,-15.04460815429));
#14936 = VECTOR('',#14937,1.);
#14937 = DIRECTION('',(0.999671713169,-5.689135897644E-18,
    -2.562159030869E-02));
#14938 = ORIENTED_EDGE('',*,*,#14901,.F.);
#14939 = ORIENTED_EDGE('',*,*,#7133,.F.);
#14940 = PLANE('',#14941);
#14941 = AXIS2_PLACEMENT_3D('',#14942,#14943,#14944);
#14942 = CARTESIAN_POINT('',(31.491717719111,-50.,-15.04460815429));
#14943 = DIRECTION('',(-2.562159030869E-02,-2.219717106053E-16,
    -0.999671713169));
#14944 = DIRECTION('',(0.999671713169,-5.689135897644E-18,
    -2.562159030869E-02));
#14945 = ADVANCED_FACE('',(#14946),#14964,.T.);
#14946 = FACE_BOUND('',#14947,.T.);
#14947 = EDGE_LOOP('',(#14948,#14956,#14962,#14963));
#14948 = ORIENTED_EDGE('',*,*,#14949,.T.);
#14949 = EDGE_CURVE('',#7118,#14950,#14952,.T.);
#14950 = VERTEX_POINT('',#14951);
#14951 = CARTESIAN_POINT('',(29.73617118595,-49.2,-17.58872103476));
#14952 = LINE('',#14953,#14954);
#14953 = CARTESIAN_POINT('',(29.73617118595,-50.,-17.58872103476));
#14954 = VECTOR('',#14955,1.);
#14955 = DIRECTION('',(0.,1.,-2.22044604925E-16));
#14956 = ORIENTED_EDGE('',*,*,#14957,.T.);
#14957 = EDGE_CURVE('',#14950,#14926,#14958,.T.);
#14958 = LINE('',#14959,#14960);
#14959 = CARTESIAN_POINT('',(29.73617118595,-49.2,-17.58872103476));
#14960 = VECTOR('',#14961,1.);
#14961 = DIRECTION('',(0.567949091374,1.827568507696E-16,0.823063685025)
  );
#14962 = ORIENTED_EDGE('',*,*,#14925,.F.);
#14963 = ORIENTED_EDGE('',*,*,#7125,.F.);
#14964 = PLANE('',#14965);
#14965 = AXIS2_PLACEMENT_3D('',#14966,#14967,#14968);
#14966 = CARTESIAN_POINT('',(29.73617118595,-50.,-17.58872103476));
#14967 = DIRECTION('',(0.823063685025,-1.261100316117E-16,
    -0.567949091374));
#14968 = DIRECTION('',(0.567949091374,1.827568507696E-16,0.823063685025)
  );
#14969 = ADVANCED_FACE('',(#14970),#14988,.T.);
#14970 = FACE_BOUND('',#14971,.T.);
#14971 = EDGE_LOOP('',(#14972,#14980,#14986,#14987));
#14972 = ORIENTED_EDGE('',*,*,#14973,.T.);
#14973 = EDGE_CURVE('',#7110,#14974,#14976,.T.);
#14974 = VERTEX_POINT('',#14975);
#14975 = CARTESIAN_POINT('',(29.720812789486,-49.2,-18.18795606737));
#14976 = LINE('',#14977,#14978);
#14977 = CARTESIAN_POINT('',(29.720812789486,-50.,-18.18795606737));
#14978 = VECTOR('',#14979,1.);
#14979 = DIRECTION('',(0.,1.,-2.22044604925E-16));
#14980 = ORIENTED_EDGE('',*,*,#14981,.T.);
#14981 = EDGE_CURVE('',#14974,#14950,#14982,.T.);
#14982 = LINE('',#14983,#14984);
#14983 = CARTESIAN_POINT('',(29.720812789486,-49.2,-18.18795606737));
#14984 = VECTOR('',#14985,1.);
#14985 = DIRECTION('',(2.56215903087E-02,2.219717106053E-16,
    0.999671713169));
#14986 = ORIENTED_EDGE('',*,*,#14949,.F.);
#14987 = ORIENTED_EDGE('',*,*,#7117,.F.);
#14988 = PLANE('',#14989);
#14989 = AXIS2_PLACEMENT_3D('',#14990,#14991,#14992);
#14990 = CARTESIAN_POINT('',(29.720812789486,-50.,-18.18795606737));
#14991 = DIRECTION('',(0.999671713169,-5.689135897645E-18,
    -2.56215903087E-02));
#14992 = DIRECTION('',(2.56215903087E-02,2.219717106053E-16,
    0.999671713169));
#14993 = ADVANCED_FACE('',(#14994),#15012,.T.);
#14994 = FACE_BOUND('',#14995,.T.);
#14995 = EDGE_LOOP('',(#14996,#15004,#15010,#15011));
#14996 = ORIENTED_EDGE('',*,*,#14997,.T.);
#14997 = EDGE_CURVE('',#7102,#14998,#15000,.T.);
#14998 = VERTEX_POINT('',#14999);
#14999 = CARTESIAN_POINT('',(31.540640077454,-49.2,-18.23459824859));
#15000 = LINE('',#15001,#15002);
#15001 = CARTESIAN_POINT('',(31.540640077454,-50.,-18.23459824859));
#15002 = VECTOR('',#15003,1.);
#15003 = DIRECTION('',(0.,1.,-2.22044604925E-16));
#15004 = ORIENTED_EDGE('',*,*,#15005,.T.);
#15005 = EDGE_CURVE('',#14998,#14974,#15006,.T.);
#15006 = LINE('',#15007,#15008);
#15007 = CARTESIAN_POINT('',(31.540640077454,-49.2,-18.23459824859));
#15008 = VECTOR('',#15009,1.);
#15009 = DIRECTION('',(-0.999671713169,5.689135897644E-18,
    2.562159030869E-02));
#15010 = ORIENTED_EDGE('',*,*,#14973,.F.);
#15011 = ORIENTED_EDGE('',*,*,#7109,.F.);
#15012 = PLANE('',#15013);
#15013 = AXIS2_PLACEMENT_3D('',#15014,#15015,#15016);
#15014 = CARTESIAN_POINT('',(31.540640077454,-50.,-18.23459824859));
#15015 = DIRECTION('',(2.562159030869E-02,2.219717106053E-16,
    0.999671713169));
#15016 = DIRECTION('',(-0.999671713169,5.689135897644E-18,
    2.562159030869E-02));
#15017 = ADVANCED_FACE('',(#15018),#15036,.T.);
#15018 = FACE_BOUND('',#15019,.T.);
#15019 = EDGE_LOOP('',(#15020,#15028,#15034,#15035));
#15020 = ORIENTED_EDGE('',*,*,#15021,.T.);
#15021 = EDGE_CURVE('',#7094,#15022,#15024,.T.);
#15022 = VERTEX_POINT('',#15023);
#15023 = CARTESIAN_POINT('',(31.519827387902,-49.2,-19.04664218378));
#15024 = LINE('',#15025,#15026);
#15025 = CARTESIAN_POINT('',(31.519827387902,-50.,-19.04664218378));
#15026 = VECTOR('',#15027,1.);
#15027 = DIRECTION('',(0.,1.,-2.22044604925E-16));
#15028 = ORIENTED_EDGE('',*,*,#15029,.T.);
#15029 = EDGE_CURVE('',#15022,#14998,#15030,.T.);
#15030 = LINE('',#15031,#15032);
#15031 = CARTESIAN_POINT('',(31.519827387902,-49.2,-19.04664218378));
#15032 = VECTOR('',#15033,1.);
#15033 = DIRECTION('',(2.562159030869E-02,2.219717106053E-16,
    0.999671713169));
#15034 = ORIENTED_EDGE('',*,*,#14997,.F.);
#15035 = ORIENTED_EDGE('',*,*,#7101,.F.);
#15036 = PLANE('',#15037);
#15037 = AXIS2_PLACEMENT_3D('',#15038,#15039,#15040);
#15038 = CARTESIAN_POINT('',(31.519827387902,-50.,-19.04664218378));
#15039 = DIRECTION('',(0.999671713169,-5.689135897644E-18,
    -2.562159030869E-02));
#15040 = DIRECTION('',(2.562159030869E-02,2.219717106053E-16,
    0.999671713169));
#15041 = ADVANCED_FACE('',(#15042),#15060,.T.);
#15042 = FACE_BOUND('',#15043,.T.);
#15043 = EDGE_LOOP('',(#15044,#15052,#15058,#15059));
#15044 = ORIENTED_EDGE('',*,*,#15045,.T.);
#15045 = EDGE_CURVE('',#7086,#15046,#15048,.T.);
#15046 = VERTEX_POINT('',#15047);
#15047 = CARTESIAN_POINT('',(32.280691215008,-49.2,-19.06614312694));
#15048 = LINE('',#15049,#15050);
#15049 = CARTESIAN_POINT('',(32.280691215008,-50.,-19.06614312694));
#15050 = VECTOR('',#15051,1.);
#15051 = DIRECTION('',(0.,1.,-2.22044604925E-16));
#15052 = ORIENTED_EDGE('',*,*,#15053,.T.);
#15053 = EDGE_CURVE('',#15046,#15022,#15054,.T.);
#15054 = LINE('',#15055,#15056);
#15055 = CARTESIAN_POINT('',(32.280691215008,-49.2,-19.06614312694));
#15056 = VECTOR('',#15057,1.);
#15057 = DIRECTION('',(-0.999671713169,5.689135897644E-18,
    2.562159030869E-02));
#15058 = ORIENTED_EDGE('',*,*,#15021,.F.);
#15059 = ORIENTED_EDGE('',*,*,#7093,.F.);
#15060 = PLANE('',#15061);
#15061 = AXIS2_PLACEMENT_3D('',#15062,#15063,#15064);
#15062 = CARTESIAN_POINT('',(32.280691215008,-50.,-19.06614312694));
#15063 = DIRECTION('',(2.562159030869E-02,2.219717106053E-16,
    0.999671713169));
#15064 = DIRECTION('',(-0.999671713169,5.689135897644E-18,
    2.562159030869E-02));
#15065 = ADVANCED_FACE('',(#15066),#15077,.T.);
#15066 = FACE_BOUND('',#15067,.T.);
#15067 = EDGE_LOOP('',(#15068,#15069,#15075,#15076));
#15068 = ORIENTED_EDGE('',*,*,#14838,.T.);
#15069 = ORIENTED_EDGE('',*,*,#15070,.T.);
#15070 = EDGE_CURVE('',#14831,#15046,#15071,.T.);
#15071 = LINE('',#15072,#15073);
#15072 = CARTESIAN_POINT('',(32.30150390456,-49.2,-18.25409919175));
#15073 = VECTOR('',#15074,1.);
#15074 = DIRECTION('',(-2.562159030869E-02,-2.219717106053E-16,
    -0.999671713169));
#15075 = ORIENTED_EDGE('',*,*,#15045,.F.);
#15076 = ORIENTED_EDGE('',*,*,#7085,.F.);
#15077 = PLANE('',#15078);
#15078 = AXIS2_PLACEMENT_3D('',#15079,#15080,#15081);
#15079 = CARTESIAN_POINT('',(32.30150390456,-50.,-18.25409919175));
#15080 = DIRECTION('',(-0.999671713169,5.689135897644E-18,
    2.562159030869E-02));
#15081 = DIRECTION('',(-2.562159030869E-02,-2.219717106053E-16,
    -0.999671713169));
#15082 = ADVANCED_FACE('',(#15083),#15094,.F.);
#15083 = FACE_BOUND('',#15084,.T.);
#15084 = EDGE_LOOP('',(#15085,#15086,#15092,#15093));
#15085 = ORIENTED_EDGE('',*,*,#7676,.T.);
#15086 = ORIENTED_EDGE('',*,*,#15087,.T.);
#15087 = EDGE_CURVE('',#7677,#7166,#15088,.T.);
#15088 = LINE('',#15089,#15090);
#15089 = CARTESIAN_POINT('',(-27.,-47.,-11.));
#15090 = VECTOR('',#15091,1.);
#15091 = DIRECTION('',(0.,-1.,2.22044604925E-16));
#15092 = ORIENTED_EDGE('',*,*,#7165,.F.);
#15093 = ORIENTED_EDGE('',*,*,#15087,.F.);
#15094 = CYLINDRICAL_SURFACE('',#15095,2.15);
#15095 = AXIS2_PLACEMENT_3D('',#15096,#15097,#15098);
#15096 = CARTESIAN_POINT('',(-29.15,-47.,-11.));
#15097 = DIRECTION('',(0.,1.,-2.22044604925E-16));
#15098 = DIRECTION('',(1.,0.,0.));
#15099 = ADVANCED_FACE('',(#15100),#15111,.F.);
#15100 = FACE_BOUND('',#15101,.T.);
#15101 = EDGE_LOOP('',(#15102,#15103,#15109,#15110));
#15102 = ORIENTED_EDGE('',*,*,#7653,.T.);
#15103 = ORIENTED_EDGE('',*,*,#15104,.T.);
#15104 = EDGE_CURVE('',#7654,#7177,#15105,.T.);
#15105 = LINE('',#15106,#15107);
#15106 = CARTESIAN_POINT('',(-7.1,-47.,-11.));
#15107 = VECTOR('',#15108,1.);
#15108 = DIRECTION('',(0.,-1.,2.22044604925E-16));
#15109 = ORIENTED_EDGE('',*,*,#7176,.F.);
#15110 = ORIENTED_EDGE('',*,*,#15104,.F.);
#15111 = CYLINDRICAL_SURFACE('',#15112,2.15);
#15112 = AXIS2_PLACEMENT_3D('',#15113,#15114,#15115);
#15113 = CARTESIAN_POINT('',(-9.25,-47.,-11.));
#15114 = DIRECTION('',(0.,1.,-2.22044604925E-16));
#15115 = DIRECTION('',(1.,0.,0.));
#15116 = ADVANCED_FACE('',(#15117),#15128,.F.);
#15117 = FACE_BOUND('',#15118,.T.);
#15118 = EDGE_LOOP('',(#15119,#15120,#15126,#15127));
#15119 = ORIENTED_EDGE('',*,*,#7607,.T.);
#15120 = ORIENTED_EDGE('',*,*,#15121,.T.);
#15121 = EDGE_CURVE('',#7608,#7188,#15122,.T.);
#15122 = LINE('',#15123,#15124);
#15123 = CARTESIAN_POINT('',(12.8,-47.,-11.));
#15124 = VECTOR('',#15125,1.);
#15125 = DIRECTION('',(0.,-1.,2.22044604925E-16));
#15126 = ORIENTED_EDGE('',*,*,#7187,.F.);
#15127 = ORIENTED_EDGE('',*,*,#15121,.F.);
#15128 = CYLINDRICAL_SURFACE('',#15129,2.15);
#15129 = AXIS2_PLACEMENT_3D('',#15130,#15131,#15132);
#15130 = CARTESIAN_POINT('',(10.65,-47.,-11.));
#15131 = DIRECTION('',(0.,1.,-2.22044604925E-16));
#15132 = DIRECTION('',(1.,0.,0.));
#15133 = ADVANCED_FACE('',(#15134),#15145,.F.);
#15134 = FACE_BOUND('',#15135,.T.);
#15135 = EDGE_LOOP('',(#15136,#15137,#15143,#15144));
#15136 = ORIENTED_EDGE('',*,*,#7630,.T.);
#15137 = ORIENTED_EDGE('',*,*,#15138,.T.);
#15138 = EDGE_CURVE('',#7631,#7199,#15139,.T.);
#15139 = LINE('',#15140,#15141);
#15140 = CARTESIAN_POINT('',(32.7,-47.,-11.));
#15141 = VECTOR('',#15142,1.);
#15142 = DIRECTION('',(0.,-1.,2.22044604925E-16));
#15143 = ORIENTED_EDGE('',*,*,#7198,.F.);
#15144 = ORIENTED_EDGE('',*,*,#15138,.F.);
#15145 = CYLINDRICAL_SURFACE('',#15146,2.15);
#15146 = AXIS2_PLACEMENT_3D('',#15147,#15148,#15149);
#15147 = CARTESIAN_POINT('',(30.55,-47.,-11.));
#15148 = DIRECTION('',(0.,1.,-2.22044604925E-16));
#15149 = DIRECTION('',(1.,0.,0.));
#15150 = ADVANCED_FACE('',(#15151),#15181,.F.);
#15151 = FACE_BOUND('',#15152,.T.);
#15152 = EDGE_LOOP('',(#15153,#15161,#15170,#15179,#15180));
#15153 = ORIENTED_EDGE('',*,*,#15154,.T.);
#15154 = EDGE_CURVE('',#7898,#15155,#15157,.T.);
#15155 = VERTEX_POINT('',#15156);
#15156 = CARTESIAN_POINT('',(4.493762990766,54.736842105263,-22.75));
#15157 = LINE('',#15158,#15159);
#15158 = CARTESIAN_POINT('',(4.493762990766,54.736842105263,-25.));
#15159 = VECTOR('',#15160,1.);
#15160 = DIRECTION('',(0.,0.,1.));
#15161 = ORIENTED_EDGE('',*,*,#15162,.F.);
#15162 = EDGE_CURVE('',#15163,#15155,#15165,.T.);
#15163 = VERTEX_POINT('',#15164);
#15164 = CARTESIAN_POINT('',(7.017742395375,50.652173913043,-22.75));
#15165 = CIRCLE('',#15166,5.);
#15166 = AXIS2_PLACEMENT_3D('',#15167,#15168,#15169);
#15167 = CARTESIAN_POINT('',(9.486832980505,55.,-22.75));
#15168 = DIRECTION('',(-0.,0.,-1.));
#15169 = DIRECTION('',(-3.552713678801E-16,-1.,0.));
#15170 = ORIENTED_EDGE('',*,*,#15171,.F.);
#15171 = EDGE_CURVE('',#7285,#15163,#15172,.T.);
#15172 = ( BOUNDED_CURVE() B_SPLINE_CURVE(5,(#15173,#15174,#15175,#15176
,#15177,#15178),.UNSPECIFIED.,.F.,.F.) B_SPLINE_CURVE_WITH_KNOTS((6,6),(
-2.903580951965E-07,2.582375704234),.PIECEWISE_BEZIER_KNOTS.) CURVE() 
GEOMETRIC_REPRESENTATION_ITEM() RATIONAL_B_SPLINE_CURVE((1.,1.,1.,1.,1.,
1.)) REPRESENTATION_ITEM('') );
#15173 = CARTESIAN_POINT('',(9.486832980505,50.,-22.75));
#15174 = CARTESIAN_POINT('',(8.970358299988,50.,-22.75));
#15175 = CARTESIAN_POINT('',(8.453882418156,50.066683600074,-22.75));
#15176 = CARTESIAN_POINT('',(7.948890214123,50.200069865059,-22.75));
#15177 = CARTESIAN_POINT('',(7.466851261359,50.397129104322,-22.75));
#15178 = CARTESIAN_POINT('',(7.017742395375,50.652173913043,-22.75));
#15179 = ORIENTED_EDGE('',*,*,#7282,.F.);
#15180 = ORIENTED_EDGE('',*,*,#7897,.T.);
#15181 = CYLINDRICAL_SURFACE('',#15182,5.);
#15182 = AXIS2_PLACEMENT_3D('',#15183,#15184,#15185);
#15183 = CARTESIAN_POINT('',(9.486832980505,55.,-25.));
#15184 = DIRECTION('',(-0.,-0.,-1.));
#15185 = DIRECTION('',(1.,0.,0.));
#15186 = ADVANCED_FACE('',(#15187),#15197,.T.);
#15187 = FACE_BOUND('',#15188,.T.);
#15188 = EDGE_LOOP('',(#15189,#15195,#15196));
#15189 = ORIENTED_EDGE('',*,*,#15190,.F.);
#15190 = EDGE_CURVE('',#7367,#15163,#15191,.T.);
#15191 = ( BOUNDED_CURVE() B_SPLINE_CURVE(2,(#15192,#15193,#15194),
.UNSPECIFIED.,.F.,.F.) B_SPLINE_CURVE_WITH_KNOTS((3,3),(0.,
2.582375994592),.PIECEWISE_BEZIER_KNOTS.) CURVE() 
GEOMETRIC_REPRESENTATION_ITEM() RATIONAL_B_SPLINE_CURVE((1.,
0.707106781187,1.)) REPRESENTATION_ITEM('') );
#15192 = CARTESIAN_POINT('',(6.647378807605,50.,-22.));
#15193 = CARTESIAN_POINT('',(7.017742395373,50.652173913044,-22.));
#15194 = CARTESIAN_POINT('',(7.017742395375,50.652173913043,-22.75));
#15195 = ORIENTED_EDGE('',*,*,#7374,.T.);
#15196 = ORIENTED_EDGE('',*,*,#15171,.T.);
#15197 = ( BOUNDED_SURFACE() B_SPLINE_SURFACE(2,5,(
    (#15198,#15199,#15200,#15201,#15202,#15203)
    ,(#15204,#15205,#15206,#15207,#15208,#15209)
    ,(#15210,#15211,#15212,#15213,#15214,#15215
)),.UNSPECIFIED.,.F.,.F.,.F.) B_SPLINE_SURFACE_WITH_KNOTS((3,3),(6,6),(
    0.,2.582375994592),(-2.903580951965E-07,2.582375704234),
.PIECEWISE_BEZIER_KNOTS.) GEOMETRIC_REPRESENTATION_ITEM() 
RATIONAL_B_SPLINE_SURFACE((
    (1.,1.,1.,1.,1.,1.)
    ,(0.707106781187,0.707106781187,0.707106781187,0.707106781187
      ,0.707106781187,0.707106781187)
,(1.,1.,1.,1.,1.,1.))) REPRESENTATION_ITEM('') SURFACE() );
#15198 = CARTESIAN_POINT('',(9.486833024058,49.25,-22.));
#15199 = CARTESIAN_POINT('',(8.89288698576,49.249999995501,-22.));
#15200 = CARTESIAN_POINT('',(8.298939905334,49.326686151152,-22.));
#15201 = CARTESIAN_POINT('',(7.718198817629,49.480080328526,-22.));
#15202 = CARTESIAN_POINT('',(7.163854003499,49.706698469963,-22.));
#15203 = CARTESIAN_POINT('',(6.647378807605,50.,-22.));
#15204 = CARTESIAN_POINT('',(9.486832980505,50.,-22.));
#15205 = CARTESIAN_POINT('',(8.970358299987,50.,-22.));
#15206 = CARTESIAN_POINT('',(8.453882418159,50.066683600073,-22.));
#15207 = CARTESIAN_POINT('',(7.94889021412,50.20006986506,-22.));
#15208 = CARTESIAN_POINT('',(7.466851261361,50.397129104321,-22.));
#15209 = CARTESIAN_POINT('',(7.017742395373,50.652173913044,-22.));
#15210 = CARTESIAN_POINT('',(9.486832980505,50.,-22.75));
#15211 = CARTESIAN_POINT('',(8.970358299988,50.,-22.75));
#15212 = CARTESIAN_POINT('',(8.453882418156,50.066683600074,-22.75));
#15213 = CARTESIAN_POINT('',(7.948890214123,50.200069865059,-22.75));
#15214 = CARTESIAN_POINT('',(7.466851261359,50.397129104322,-22.75));
#15215 = CARTESIAN_POINT('',(7.017742395375,50.652173913043,-22.75));
#15216 = ADVANCED_FACE('',(#15217,#15245),#15256,.T.);
#15217 = FACE_BOUND('',#15218,.T.);
#15218 = EDGE_LOOP('',(#15219,#15220,#15229,#15238));
#15219 = ORIENTED_EDGE('',*,*,#7366,.T.);
#15220 = ORIENTED_EDGE('',*,*,#15221,.T.);
#15221 = EDGE_CURVE('',#7367,#15222,#15224,.T.);
#15222 = VERTEX_POINT('',#15223);
#15223 = CARTESIAN_POINT('',(3.744802492305,54.697368421053,-22.));
#15224 = CIRCLE('',#15225,5.75);
#15225 = AXIS2_PLACEMENT_3D('',#15226,#15227,#15228);
#15226 = CARTESIAN_POINT('',(9.486832980505,55.,-22.));
#15227 = DIRECTION('',(-0.,0.,-1.));
#15228 = DIRECTION('',(-3.552713678801E-16,-1.,0.));
#15229 = ORIENTED_EDGE('',*,*,#15230,.T.);
#15230 = EDGE_CURVE('',#15222,#15231,#15233,.T.);
#15231 = VERTEX_POINT('',#15232);
#15232 = CARTESIAN_POINT('',(-3.744802492305,54.697368421053,-22.));
#15233 = CIRCLE('',#15234,3.75);
#15234 = AXIS2_PLACEMENT_3D('',#15235,#15236,#15237);
#15235 = CARTESIAN_POINT('',(0.,54.5,-22.));
#15236 = DIRECTION('',(0.,-0.,1.));
#15237 = DIRECTION('',(0.998613997948,5.263157894737E-02,0.));
#15238 = ORIENTED_EDGE('',*,*,#15239,.T.);
#15239 = EDGE_CURVE('',#15231,#7325,#15240,.T.);
#15240 = CIRCLE('',#15241,5.75);
#15241 = AXIS2_PLACEMENT_3D('',#15242,#15243,#15244);
#15242 = CARTESIAN_POINT('',(-9.486832980505,55.,-22.));
#15243 = DIRECTION('',(0.,-0.,-1.));
#15244 = DIRECTION('',(0.998613997948,-5.263157894737E-02,0.));
#15245 = FACE_BOUND('',#15246,.T.);
#15246 = EDGE_LOOP('',(#15247));
#15247 = ORIENTED_EDGE('',*,*,#15248,.F.);
#15248 = EDGE_CURVE('',#15249,#15249,#15251,.T.);
#15249 = VERTEX_POINT('',#15250);
#15250 = CARTESIAN_POINT('',(3.,54.5,-22.));
#15251 = CIRCLE('',#15252,3.);
#15252 = AXIS2_PLACEMENT_3D('',#15253,#15254,#15255);
#15253 = CARTESIAN_POINT('',(0.,54.5,-22.));
#15254 = DIRECTION('',(0.,0.,1.));
#15255 = DIRECTION('',(1.,0.,0.));
#15256 = PLANE('',#15257);
#15257 = AXIS2_PLACEMENT_3D('',#15258,#15259,#15260);
#15258 = CARTESIAN_POINT('',(-2.886100674923E-14,52.987843953868,-22.));
#15259 = DIRECTION('',(0.,0.,1.));
#15260 = DIRECTION('',(1.,0.,0.));
#15261 = ADVANCED_FACE('',(#15262),#15282,.T.);
#15262 = FACE_BOUND('',#15263,.T.);
#15263 = EDGE_LOOP('',(#15264,#15272,#15281));
#15264 = ORIENTED_EDGE('',*,*,#15265,.T.);
#15265 = EDGE_CURVE('',#7325,#15266,#15268,.T.);
#15266 = VERTEX_POINT('',#15267);
#15267 = CARTESIAN_POINT('',(-7.017742395375,50.652173913043,-22.75));
#15268 = ( BOUNDED_CURVE() B_SPLINE_CURVE(2,(#15269,#15270,#15271),
.UNSPECIFIED.,.F.,.F.) B_SPLINE_CURVE_WITH_KNOTS((3,3),(0.,
2.582375994592),.PIECEWISE_BEZIER_KNOTS.) CURVE() 
GEOMETRIC_REPRESENTATION_ITEM() RATIONAL_B_SPLINE_CURVE((1.,
0.707106781187,1.)) REPRESENTATION_ITEM('') );
#15269 = CARTESIAN_POINT('',(-6.647378807605,50.,-22.));
#15270 = CARTESIAN_POINT('',(-7.017742395375,50.652173913043,-22.));
#15271 = CARTESIAN_POINT('',(-7.017742395375,50.652173913043,-22.75));
#15272 = ORIENTED_EDGE('',*,*,#15273,.T.);
#15273 = EDGE_CURVE('',#15266,#7317,#15274,.T.);
#15274 = ( BOUNDED_CURVE() B_SPLINE_CURVE(5,(#15275,#15276,#15277,#15278
,#15279,#15280),.UNSPECIFIED.,.F.,.F.) B_SPLINE_CURVE_WITH_KNOTS((6,6),(
26.262292247899,28.844668242491),.PIECEWISE_BEZIER_KNOTS.) CURVE() 
GEOMETRIC_REPRESENTATION_ITEM() RATIONAL_B_SPLINE_CURVE((1.,1.,1.,1.,1.,
1.)) REPRESENTATION_ITEM('') );
#15275 = CARTESIAN_POINT('',(-7.017742395375,50.652173913043,-22.75));
#15276 = CARTESIAN_POINT('',(-7.466851261364,50.39712910432,-22.75));
#15277 = CARTESIAN_POINT('',(-7.948890273843,50.200069795333,-22.75));
#15278 = CARTESIAN_POINT('',(-8.453882526471,50.066683736101,-22.75));
#15279 = CARTESIAN_POINT('',(-8.970357535334,50.,-22.75));
#15280 = CARTESIAN_POINT('',(-9.486832980505,50.,-22.75));
#15281 = ORIENTED_EDGE('',*,*,#7324,.F.);
#15282 = ( BOUNDED_SURFACE() B_SPLINE_SURFACE(2,5,(
    (#15283,#15284,#15285,#15286,#15287,#15288)
    ,(#15289,#15290,#15291,#15292,#15293,#15294)
    ,(#15295,#15296,#15297,#15298,#15299,#15300
)),.UNSPECIFIED.,.F.,.F.,.F.) B_SPLINE_SURFACE_WITH_KNOTS((3,3),(6,6),(
    0.,2.582375994592),(26.262292247899,28.844668242491),
.PIECEWISE_BEZIER_KNOTS.) GEOMETRIC_REPRESENTATION_ITEM() 
RATIONAL_B_SPLINE_SURFACE((
    (1.,1.,1.,1.,1.,1.)
    ,(0.707106781187,0.707106781187,0.707106781187,0.707106781187
      ,0.707106781187,0.707106781187)
,(1.,1.,1.,1.,1.,1.))) REPRESENTATION_ITEM('') SURFACE() );
#15283 = CARTESIAN_POINT('',(-6.647378807605,50.,-22.));
#15284 = CARTESIAN_POINT('',(-7.163854003498,49.706698469964,-22.));
#15285 = CARTESIAN_POINT('',(-7.71819899032,49.480080260272,-22.));
#15286 = CARTESIAN_POINT('',(-8.298939696206,49.32668631279,-22.));
#15287 = CARTESIAN_POINT('',(-8.892886335802,49.249999995501,-22.));
#15288 = CARTESIAN_POINT('',(-9.486833024062,49.25,-22.));
#15289 = CARTESIAN_POINT('',(-7.017742395375,50.652173913043,-22.));
#15290 = CARTESIAN_POINT('',(-7.466851261362,50.397129104321,-22.));
#15291 = CARTESIAN_POINT('',(-7.948890273846,50.200069795331,-22.));
#15292 = CARTESIAN_POINT('',(-8.45388252647,50.066683736102,-22.));
#15293 = CARTESIAN_POINT('',(-8.970357535334,50.,-22.));
#15294 = CARTESIAN_POINT('',(-9.486832980505,50.,-22.));
#15295 = CARTESIAN_POINT('',(-7.017742395375,50.652173913043,-22.75));
#15296 = CARTESIAN_POINT('',(-7.466851261364,50.39712910432,-22.75));
#15297 = CARTESIAN_POINT('',(-7.948890273843,50.200069795333,-22.75));
#15298 = CARTESIAN_POINT('',(-8.453882526471,50.066683736101,-22.75));
#15299 = CARTESIAN_POINT('',(-8.970357535334,50.,-22.75));
#15300 = CARTESIAN_POINT('',(-9.486832980505,50.,-22.75));
#15301 = ADVANCED_FACE('',(#15302),#15322,.F.);
#15302 = FACE_BOUND('',#15303,.T.);
#15303 = EDGE_LOOP('',(#15304,#15305,#15306,#15315,#15321));
#15304 = ORIENTED_EDGE('',*,*,#7316,.T.);
#15305 = ORIENTED_EDGE('',*,*,#15273,.F.);
#15306 = ORIENTED_EDGE('',*,*,#15307,.F.);
#15307 = EDGE_CURVE('',#15308,#15266,#15310,.T.);
#15308 = VERTEX_POINT('',#15309);
#15309 = CARTESIAN_POINT('',(-4.493762990766,54.736842105263,-22.75));
#15310 = CIRCLE('',#15311,5.);
#15311 = AXIS2_PLACEMENT_3D('',#15312,#15313,#15314);
#15312 = CARTESIAN_POINT('',(-9.486832980505,55.,-22.75));
#15313 = DIRECTION('',(0.,-0.,-1.));
#15314 = DIRECTION('',(0.998613997948,-5.263157894737E-02,0.));
#15315 = ORIENTED_EDGE('',*,*,#15316,.F.);
#15316 = EDGE_CURVE('',#7940,#15308,#15317,.T.);
#15317 = LINE('',#15318,#15319);
#15318 = CARTESIAN_POINT('',(-4.493762990766,54.736842105263,-25.));
#15319 = VECTOR('',#15320,1.);
#15320 = DIRECTION('',(0.,0.,1.));
#15321 = ORIENTED_EDGE('',*,*,#7964,.T.);
#15322 = CYLINDRICAL_SURFACE('',#15323,5.);
#15323 = AXIS2_PLACEMENT_3D('',#15324,#15325,#15326);
#15324 = CARTESIAN_POINT('',(-9.486832980505,55.,-25.));
#15325 = DIRECTION('',(-0.,-0.,-1.));
#15326 = DIRECTION('',(1.,0.,0.));
#15327 = ADVANCED_FACE('',(#15328),#15347,.F.);
#15328 = FACE_BOUND('',#15329,.T.);
#15329 = EDGE_LOOP('',(#15330,#15338,#15339,#15340));
#15330 = ORIENTED_EDGE('',*,*,#15331,.F.);
#15331 = EDGE_CURVE('',#7429,#15332,#15334,.T.);
#15332 = VERTEX_POINT('',#15333);
#15333 = CARTESIAN_POINT('',(-16.85,31.,-16.3));
#15334 = LINE('',#15335,#15336);
#15335 = CARTESIAN_POINT('',(-16.85,31.,-16.3));
#15336 = VECTOR('',#15337,1.);
#15337 = DIRECTION('',(-0.707106781187,-0.,-0.707106781187));
#15338 = ORIENTED_EDGE('',*,*,#7428,.T.);
#15339 = ORIENTED_EDGE('',*,*,#15331,.T.);
#15340 = ORIENTED_EDGE('',*,*,#15341,.F.);
#15341 = EDGE_CURVE('',#15332,#15332,#15342,.T.);
#15342 = CIRCLE('',#15343,2.35);
#15343 = AXIS2_PLACEMENT_3D('',#15344,#15345,#15346);
#15344 = CARTESIAN_POINT('',(-19.2,31.,-16.3));
#15345 = DIRECTION('',(0.,0.,1.));
#15346 = DIRECTION('',(1.,0.,0.));
#15347 = CONICAL_SURFACE('',#15348,2.35,0.785398163397);
#15348 = AXIS2_PLACEMENT_3D('',#15349,#15350,#15351);
#15349 = CARTESIAN_POINT('',(-19.2,31.,-16.3));
#15350 = DIRECTION('',(0.,0.,1.));
#15351 = DIRECTION('',(1.,0.,0.));
#15352 = ADVANCED_FACE('',(#15353),#15372,.F.);
#15353 = FACE_BOUND('',#15354,.T.);
#15354 = EDGE_LOOP('',(#15355,#15363,#15364,#15365));
#15355 = ORIENTED_EDGE('',*,*,#15356,.F.);
#15356 = EDGE_CURVE('',#7449,#15357,#15359,.T.);
#15357 = VERTEX_POINT('',#15358);
#15358 = CARTESIAN_POINT('',(-16.85,-31.,-16.3));
#15359 = LINE('',#15360,#15361);
#15360 = CARTESIAN_POINT('',(-16.85,-31.,-16.3));
#15361 = VECTOR('',#15362,1.);
#15362 = DIRECTION('',(-0.707106781187,-0.,-0.707106781187));
#15363 = ORIENTED_EDGE('',*,*,#7448,.T.);
#15364 = ORIENTED_EDGE('',*,*,#15356,.T.);
#15365 = ORIENTED_EDGE('',*,*,#15366,.F.);
#15366 = EDGE_CURVE('',#15357,#15357,#15367,.T.);
#15367 = CIRCLE('',#15368,2.35);
#15368 = AXIS2_PLACEMENT_3D('',#15369,#15370,#15371);
#15369 = CARTESIAN_POINT('',(-19.2,-31.,-16.3));
#15370 = DIRECTION('',(0.,0.,1.));
#15371 = DIRECTION('',(1.,0.,0.));
#15372 = CONICAL_SURFACE('',#15373,2.35,0.785398163397);
#15373 = AXIS2_PLACEMENT_3D('',#15374,#15375,#15376);
#15374 = CARTESIAN_POINT('',(-19.2,-31.,-16.3));
#15375 = DIRECTION('',(0.,0.,1.));
#15376 = DIRECTION('',(1.,0.,0.));
#15377 = ADVANCED_FACE('',(#15378),#15381,.T.);
#15378 = FACE_BOUND('',#15379,.T.);
#15379 = EDGE_LOOP('',(#15380));
#15380 = ORIENTED_EDGE('',*,*,#7701,.T.);
#15381 = PLANE('',#15382);
#15382 = AXIS2_PLACEMENT_3D('',#15383,#15384,#15385);
#15383 = CARTESIAN_POINT('',(11.8,3.054919445035E-15,-20.2));
#15384 = DIRECTION('',(0.,0.,1.));
#15385 = DIRECTION('',(1.,0.,0.));
#15386 = ADVANCED_FACE('',(#15387),#15390,.T.);
#15387 = FACE_BOUND('',#15388,.T.);
#15388 = EDGE_LOOP('',(#15389));
#15389 = ORIENTED_EDGE('',*,*,#7726,.T.);
#15390 = PLANE('',#15391);
#15391 = AXIS2_PLACEMENT_3D('',#15392,#15393,#15394);
#15392 = CARTESIAN_POINT('',(11.8,3.054919445035E-15,-20.2));
#15393 = DIRECTION('',(0.,0.,1.));
#15394 = DIRECTION('',(1.,0.,0.));
#15395 = ADVANCED_FACE('',(#15396),#15408,.T.);
#15396 = FACE_BOUND('',#15397,.F.);
#15397 = EDGE_LOOP('',(#15398,#15399,#15406,#15407));
#15398 = ORIENTED_EDGE('',*,*,#15154,.T.);
#15399 = ORIENTED_EDGE('',*,*,#15400,.T.);
#15400 = EDGE_CURVE('',#15155,#15308,#15401,.T.);
#15401 = CIRCLE('',#15402,4.5);
#15402 = AXIS2_PLACEMENT_3D('',#15403,#15404,#15405);
#15403 = CARTESIAN_POINT('',(0.,54.5,-22.75));
#15404 = DIRECTION('',(0.,-0.,1.));
#15405 = DIRECTION('',(0.998613997948,5.263157894737E-02,0.));
#15406 = ORIENTED_EDGE('',*,*,#15316,.F.);
#15407 = ORIENTED_EDGE('',*,*,#7939,.F.);
#15408 = CYLINDRICAL_SURFACE('',#15409,4.5);
#15409 = AXIS2_PLACEMENT_3D('',#15410,#15411,#15412);
#15410 = CARTESIAN_POINT('',(0.,54.5,-25.));
#15411 = DIRECTION('',(-0.,-0.,-1.));
#15412 = DIRECTION('',(1.,0.,0.));
#15413 = ADVANCED_FACE('',(#15414),#15433,.F.);
#15414 = FACE_BOUND('',#15415,.T.);
#15415 = EDGE_LOOP('',(#15416,#15424,#15431,#15432));
#15416 = ORIENTED_EDGE('',*,*,#15417,.T.);
#15417 = EDGE_CURVE('',#7982,#15418,#15420,.T.);
#15418 = VERTEX_POINT('',#15419);
#15419 = CARTESIAN_POINT('',(2.5,54.5,-22.5));
#15420 = LINE('',#15421,#15422);
#15421 = CARTESIAN_POINT('',(2.5,54.5,-25.));
#15422 = VECTOR('',#15423,1.);
#15423 = DIRECTION('',(0.,0.,1.));
#15424 = ORIENTED_EDGE('',*,*,#15425,.T.);
#15425 = EDGE_CURVE('',#15418,#15418,#15426,.T.);
#15426 = CIRCLE('',#15427,2.5);
#15427 = AXIS2_PLACEMENT_3D('',#15428,#15429,#15430);
#15428 = CARTESIAN_POINT('',(0.,54.5,-22.5));
#15429 = DIRECTION('',(0.,0.,1.));
#15430 = DIRECTION('',(1.,0.,0.));
#15431 = ORIENTED_EDGE('',*,*,#15417,.F.);
#15432 = ORIENTED_EDGE('',*,*,#7989,.F.);
#15433 = CYLINDRICAL_SURFACE('',#15434,2.5);
#15434 = AXIS2_PLACEMENT_3D('',#15435,#15436,#15437);
#15435 = CARTESIAN_POINT('',(0.,54.5,-25.));
#15436 = DIRECTION('',(-0.,-0.,-1.));
#15437 = DIRECTION('',(1.,0.,0.));
#15438 = ADVANCED_FACE('',(#15439),#15480,.T.);
#15439 = FACE_BOUND('',#15440,.T.);
#15440 = EDGE_LOOP('',(#15441,#15442,#15443,#15444,#15445,#15446,#15447,
    #15448,#15449,#15450,#15451,#15452,#15453,#15454,#15455,#15456,
    #15457,#15458,#15459,#15460,#15461,#15462,#15463,#15464,#15465,
    #15466,#15467,#15468,#15469,#15470,#15471,#15472,#15473,#15474,
    #15475,#15476,#15477,#15478,#15479));
#15441 = ORIENTED_EDGE('',*,*,#8026,.T.);
#15442 = ORIENTED_EDGE('',*,*,#8074,.T.);
#15443 = ORIENTED_EDGE('',*,*,#8122,.T.);
#15444 = ORIENTED_EDGE('',*,*,#8170,.T.);
#15445 = ORIENTED_EDGE('',*,*,#8218,.T.);
#15446 = ORIENTED_EDGE('',*,*,#8274,.T.);
#15447 = ORIENTED_EDGE('',*,*,#8330,.T.);
#15448 = ORIENTED_EDGE('',*,*,#8382,.T.);
#15449 = ORIENTED_EDGE('',*,*,#8434,.T.);
#15450 = ORIENTED_EDGE('',*,*,#8486,.T.);
#15451 = ORIENTED_EDGE('',*,*,#8538,.T.);
#15452 = ORIENTED_EDGE('',*,*,#8586,.T.);
#15453 = ORIENTED_EDGE('',*,*,#8638,.T.);
#15454 = ORIENTED_EDGE('',*,*,#8694,.T.);
#15455 = ORIENTED_EDGE('',*,*,#8750,.T.);
#15456 = ORIENTED_EDGE('',*,*,#8806,.T.);
#15457 = ORIENTED_EDGE('',*,*,#8858,.T.);
#15458 = ORIENTED_EDGE('',*,*,#8910,.T.);
#15459 = ORIENTED_EDGE('',*,*,#8966,.T.);
#15460 = ORIENTED_EDGE('',*,*,#9018,.T.);
#15461 = ORIENTED_EDGE('',*,*,#9001,.T.);
#15462 = ORIENTED_EDGE('',*,*,#8945,.T.);
#15463 = ORIENTED_EDGE('',*,*,#8893,.T.);
#15464 = ORIENTED_EDGE('',*,*,#8837,.T.);
#15465 = ORIENTED_EDGE('',*,*,#8785,.T.);
#15466 = ORIENTED_EDGE('',*,*,#8729,.T.);
#15467 = ORIENTED_EDGE('',*,*,#8673,.T.);
#15468 = ORIENTED_EDGE('',*,*,#8621,.T.);
#15469 = ORIENTED_EDGE('',*,*,#8569,.T.);
#15470 = ORIENTED_EDGE('',*,*,#8521,.T.);
#15471 = ORIENTED_EDGE('',*,*,#8469,.T.);
#15472 = ORIENTED_EDGE('',*,*,#8417,.T.);
#15473 = ORIENTED_EDGE('',*,*,#8365,.T.);
#15474 = ORIENTED_EDGE('',*,*,#8309,.T.);
#15475 = ORIENTED_EDGE('',*,*,#8253,.T.);
#15476 = ORIENTED_EDGE('',*,*,#8201,.T.);
#15477 = ORIENTED_EDGE('',*,*,#8153,.T.);
#15478 = ORIENTED_EDGE('',*,*,#8105,.T.);
#15479 = ORIENTED_EDGE('',*,*,#8057,.T.);
#15480 = PLANE('',#15481);
#15481 = AXIS2_PLACEMENT_3D('',#15482,#15483,#15484);
#15482 = CARTESIAN_POINT('',(49.2,16.769007186315,-10.46891250704));
#15483 = DIRECTION('',(1.,0.,0.));
#15484 = DIRECTION('',(0.,0.,1.));
#15485 = ADVANCED_FACE('',(#15486),#15509,.T.);
#15486 = FACE_BOUND('',#15487,.F.);
#15487 = EDGE_LOOP('',(#15488,#15489,#15490,#15491,#15492,#15493,#15494,
    #15495,#15496,#15497,#15498,#15499,#15500,#15501,#15502,#15503,
    #15504,#15505,#15506,#15507,#15508));
#15488 = ORIENTED_EDGE('',*,*,#9098,.T.);
#15489 = ORIENTED_EDGE('',*,*,#9150,.T.);
#15490 = ORIENTED_EDGE('',*,*,#9200,.T.);
#15491 = ORIENTED_EDGE('',*,*,#9250,.T.);
#15492 = ORIENTED_EDGE('',*,*,#9300,.T.);
#15493 = ORIENTED_EDGE('',*,*,#9348,.T.);
#15494 = ORIENTED_EDGE('',*,*,#9398,.T.);
#15495 = ORIENTED_EDGE('',*,*,#9448,.T.);
#15496 = ORIENTED_EDGE('',*,*,#9500,.T.);
#15497 = ORIENTED_EDGE('',*,*,#9552,.T.);
#15498 = ORIENTED_EDGE('',*,*,#9533,.T.);
#15499 = ORIENTED_EDGE('',*,*,#9481,.T.);
#15500 = ORIENTED_EDGE('',*,*,#9431,.T.);
#15501 = ORIENTED_EDGE('',*,*,#9381,.T.);
#15502 = ORIENTED_EDGE('',*,*,#9331,.T.);
#15503 = ORIENTED_EDGE('',*,*,#9283,.T.);
#15504 = ORIENTED_EDGE('',*,*,#9233,.T.);
#15505 = ORIENTED_EDGE('',*,*,#9183,.T.);
#15506 = ORIENTED_EDGE('',*,*,#9131,.T.);
#15507 = ORIENTED_EDGE('',*,*,#9079,.T.);
#15508 = ORIENTED_EDGE('',*,*,#9046,.T.);
#15509 = PLANE('',#15510);
#15510 = AXIS2_PLACEMENT_3D('',#15511,#15512,#15513);
#15511 = CARTESIAN_POINT('',(49.2,16.769007186315,-10.46891250704));
#15512 = DIRECTION('',(1.,0.,0.));
#15513 = DIRECTION('',(0.,0.,1.));
#15514 = ADVANCED_FACE('',(#15515),#15527,.T.);
#15515 = FACE_BOUND('',#15516,.F.);
#15516 = EDGE_LOOP('',(#15517,#15518,#15519,#15520,#15521,#15522,#15523,
    #15524,#15525,#15526));
#15517 = ORIENTED_EDGE('',*,*,#9626,.T.);
#15518 = ORIENTED_EDGE('',*,*,#9674,.T.);
#15519 = ORIENTED_EDGE('',*,*,#9722,.T.);
#15520 = ORIENTED_EDGE('',*,*,#9770,.T.);
#15521 = ORIENTED_EDGE('',*,*,#9794,.T.);
#15522 = ORIENTED_EDGE('',*,*,#9753,.T.);
#15523 = ORIENTED_EDGE('',*,*,#9705,.T.);
#15524 = ORIENTED_EDGE('',*,*,#9657,.T.);
#15525 = ORIENTED_EDGE('',*,*,#9609,.T.);
#15526 = ORIENTED_EDGE('',*,*,#9578,.T.);
#15527 = PLANE('',#15528);
#15528 = AXIS2_PLACEMENT_3D('',#15529,#15530,#15531);
#15529 = CARTESIAN_POINT('',(49.2,16.769007186315,-10.46891250704));
#15530 = DIRECTION('',(1.,0.,0.));
#15531 = DIRECTION('',(0.,0.,1.));
#15532 = ADVANCED_FACE('',(#15533,#15543),#15593,.T.);
#15533 = FACE_BOUND('',#15534,.F.);
#15534 = EDGE_LOOP('',(#15535,#15536,#15537,#15538,#15539,#15540,#15541,
    #15542));
#15535 = ORIENTED_EDGE('',*,*,#9872,.T.);
#15536 = ORIENTED_EDGE('',*,*,#9924,.T.);
#15537 = ORIENTED_EDGE('',*,*,#9976,.T.);
#15538 = ORIENTED_EDGE('',*,*,#10002,.T.);
#15539 = ORIENTED_EDGE('',*,*,#9957,.T.);
#15540 = ORIENTED_EDGE('',*,*,#9905,.T.);
#15541 = ORIENTED_EDGE('',*,*,#9853,.T.);
#15542 = ORIENTED_EDGE('',*,*,#9820,.T.);
#15543 = FACE_BOUND('',#15544,.F.);
#15544 = EDGE_LOOP('',(#15545,#15555,#15563,#15571,#15579,#15587));
#15545 = ORIENTED_EDGE('',*,*,#15546,.T.);
#15546 = EDGE_CURVE('',#15547,#15549,#15551,.T.);
#15547 = VERTEX_POINT('',#15548);
#15548 = CARTESIAN_POINT('',(49.2,11.927810077797,-7.86053401085));
#15549 = VERTEX_POINT('',#15550);
#15550 = CARTESIAN_POINT('',(49.2,11.794304616257,-7.264730577807));
#15551 = B_SPLINE_CURVE_WITH_KNOTS('',2,(#15552,#15553,#15554),
  .UNSPECIFIED.,.F.,.F.,(3,3),(0.,1.),.PIECEWISE_BEZIER_KNOTS.);
#15552 = CARTESIAN_POINT('',(49.2,11.927810077797,-7.86053401085));
#15553 = CARTESIAN_POINT('',(49.2,11.928291252854,-7.449811170306));
#15554 = CARTESIAN_POINT('',(49.2,11.794304616257,-7.264730577807));
#15555 = ORIENTED_EDGE('',*,*,#15556,.T.);
#15556 = EDGE_CURVE('',#15549,#15557,#15559,.T.);
#15557 = VERTEX_POINT('',#15558);
#15558 = CARTESIAN_POINT('',(49.2,11.404692333097,-7.07964992679));
#15559 = B_SPLINE_CURVE_WITH_KNOTS('',2,(#15560,#15561,#15562),
  .UNSPECIFIED.,.F.,.F.,(3,3),(0.,1.),.PIECEWISE_BEZIER_KNOTS.);
#15560 = CARTESIAN_POINT('',(49.2,11.794304616257,-7.264730577807));
#15561 = CARTESIAN_POINT('',(49.2,11.66031797966,-7.079649985307));
#15562 = CARTESIAN_POINT('',(49.2,11.404692333097,-7.07964992679));
#15563 = ORIENTED_EDGE('',*,*,#15564,.T.);
#15564 = EDGE_CURVE('',#15557,#15565,#15567,.T.);
#15565 = VERTEX_POINT('',#15566);
#15566 = CARTESIAN_POINT('',(49.2,10.858442789672,-7.860533766053));
#15567 = B_SPLINE_CURVE_WITH_KNOTS('',2,(#15568,#15569,#15570),
  .UNSPECIFIED.,.F.,.F.,(3,3),(0.,1.),.PIECEWISE_BEZIER_KNOTS.);
#15568 = CARTESIAN_POINT('',(49.2,11.404692333097,-7.07964992679));
#15569 = CARTESIAN_POINT('',(49.2,10.859357620428,-7.079649801953));
#15570 = CARTESIAN_POINT('',(49.2,10.858442789672,-7.860533766053));
#15571 = ORIENTED_EDGE('',*,*,#15572,.T.);
#15572 = EDGE_CURVE('',#15565,#15573,#15575,.T.);
#15573 = VERTEX_POINT('',#15574);
#15574 = CARTESIAN_POINT('',(49.2,10.990823435536,-8.446693154238));
#15575 = B_SPLINE_CURVE_WITH_KNOTS('',2,(#15576,#15577,#15578),
  .UNSPECIFIED.,.F.,.F.,(3,3),(0.,1.),.PIECEWISE_BEZIER_KNOTS.);
#15576 = CARTESIAN_POINT('',(49.2,10.858442789672,-7.860533766053));
#15577 = CARTESIAN_POINT('',(49.2,10.857991688055,-8.245586429063));
#15578 = CARTESIAN_POINT('',(49.2,10.990823435536,-8.446693154238));
#15579 = ORIENTED_EDGE('',*,*,#15580,.T.);
#15580 = EDGE_CURVE('',#15573,#15581,#15583,.T.);
#15581 = VERTEX_POINT('',#15582);
#15582 = CARTESIAN_POINT('',(49.2,11.375162416385,-8.647799936988));
#15583 = B_SPLINE_CURVE_WITH_KNOTS('',2,(#15584,#15585,#15586),
  .UNSPECIFIED.,.F.,.F.,(3,3),(0.,1.),.PIECEWISE_BEZIER_KNOTS.);
#15584 = CARTESIAN_POINT('',(49.2,10.990823435536,-8.446693154238));
#15585 = CARTESIAN_POINT('',(49.2,11.123797197264,-8.647799879446));
#15586 = CARTESIAN_POINT('',(49.2,11.375162416385,-8.647799936988));
#15587 = ORIENTED_EDGE('',*,*,#15588,.T.);
#15588 = EDGE_CURVE('',#15581,#15547,#15589,.T.);
#15589 = B_SPLINE_CURVE_WITH_KNOTS('',2,(#15590,#15591,#15592),
  .UNSPECIFIED.,.F.,.F.,(3,3),(0.,1.),.PIECEWISE_BEZIER_KNOTS.);
#15590 = CARTESIAN_POINT('',(49.2,11.375162416385,-8.647799936988));
#15591 = CARTESIAN_POINT('',(49.2,11.926887770219,-8.647800063287));
#15592 = CARTESIAN_POINT('',(49.2,11.927810077797,-7.86053401085));
#15593 = PLANE('',#15594);
#15594 = AXIS2_PLACEMENT_3D('',#15595,#15596,#15597);
#15595 = CARTESIAN_POINT('',(49.2,16.769007186315,-10.46891250704));
#15596 = DIRECTION('',(1.,0.,0.));
#15597 = DIRECTION('',(0.,0.,1.));
#15598 = ADVANCED_FACE('',(#15599),#15620,.T.);
#15599 = FACE_BOUND('',#15600,.F.);
#15600 = EDGE_LOOP('',(#15601,#15602,#15603,#15604,#15605,#15606,#15607,
    #15608,#15609,#15610,#15611,#15612,#15613,#15614,#15615,#15616,
    #15617,#15618,#15619));
#15601 = ORIENTED_EDGE('',*,*,#10076,.T.);
#15602 = ORIENTED_EDGE('',*,*,#10124,.T.);
#15603 = ORIENTED_EDGE('',*,*,#10172,.T.);
#15604 = ORIENTED_EDGE('',*,*,#10224,.T.);
#15605 = ORIENTED_EDGE('',*,*,#10272,.T.);
#15606 = ORIENTED_EDGE('',*,*,#10320,.T.);
#15607 = ORIENTED_EDGE('',*,*,#10368,.T.);
#15608 = ORIENTED_EDGE('',*,*,#10416,.T.);
#15609 = ORIENTED_EDGE('',*,*,#10464,.T.);
#15610 = ORIENTED_EDGE('',*,*,#10447,.T.);
#15611 = ORIENTED_EDGE('',*,*,#10399,.T.);
#15612 = ORIENTED_EDGE('',*,*,#10351,.T.);
#15613 = ORIENTED_EDGE('',*,*,#10303,.T.);
#15614 = ORIENTED_EDGE('',*,*,#10255,.T.);
#15615 = ORIENTED_EDGE('',*,*,#10205,.T.);
#15616 = ORIENTED_EDGE('',*,*,#10155,.T.);
#15617 = ORIENTED_EDGE('',*,*,#10107,.T.);
#15618 = ORIENTED_EDGE('',*,*,#10059,.T.);
#15619 = ORIENTED_EDGE('',*,*,#10028,.T.);
#15620 = PLANE('',#15621);
#15621 = AXIS2_PLACEMENT_3D('',#15622,#15623,#15624);
#15622 = CARTESIAN_POINT('',(49.2,16.769007186315,-10.46891250704));
#15623 = DIRECTION('',(1.,0.,0.));
#15624 = DIRECTION('',(0.,0.,1.));
#15625 = ADVANCED_FACE('',(#15626,#15638),#15688,.T.);
#15626 = FACE_BOUND('',#15627,.F.);
#15627 = EDGE_LOOP('',(#15628,#15629,#15630,#15631,#15632,#15633,#15634,
    #15635,#15636,#15637));
#15628 = ORIENTED_EDGE('',*,*,#10540,.T.);
#15629 = ORIENTED_EDGE('',*,*,#10590,.T.);
#15630 = ORIENTED_EDGE('',*,*,#10640,.T.);
#15631 = ORIENTED_EDGE('',*,*,#10690,.T.);
#15632 = ORIENTED_EDGE('',*,*,#10714,.T.);
#15633 = ORIENTED_EDGE('',*,*,#10673,.T.);
#15634 = ORIENTED_EDGE('',*,*,#10623,.T.);
#15635 = ORIENTED_EDGE('',*,*,#10573,.T.);
#15636 = ORIENTED_EDGE('',*,*,#10521,.T.);
#15637 = ORIENTED_EDGE('',*,*,#10488,.T.);
#15638 = FACE_BOUND('',#15639,.F.);
#15639 = EDGE_LOOP('',(#15640,#15650,#15658,#15666,#15674,#15682));
#15640 = ORIENTED_EDGE('',*,*,#15641,.T.);
#15641 = EDGE_CURVE('',#15642,#15644,#15646,.T.);
#15642 = VERTEX_POINT('',#15643);
#15643 = CARTESIAN_POINT('',(49.2,9.280281801543,-6.974983191718));
#15644 = VERTEX_POINT('',#15645);
#15645 = CARTESIAN_POINT('',(49.2,8.722719091402,-6.502708527005));
#15646 = B_SPLINE_CURVE_WITH_KNOTS('',2,(#15647,#15648,#15649),
  .UNSPECIFIED.,.F.,.F.,(3,3),(0.,1.),.PIECEWISE_BEZIER_KNOTS.);
#15647 = CARTESIAN_POINT('',(49.2,9.280281801543,-6.974983191718));
#15648 = CARTESIAN_POINT('',(49.2,9.280835086399,-6.502708654767));
#15649 = CARTESIAN_POINT('',(49.2,8.722719091402,-6.502708527005));
#15650 = ORIENTED_EDGE('',*,*,#15651,.T.);
#15651 = EDGE_CURVE('',#15644,#15652,#15654,.T.);
#15652 = VERTEX_POINT('',#15653);
#15653 = CARTESIAN_POINT('',(49.2,8.073003906386,-6.502708378274));
#15654 = LINE('',#15655,#15656);
#15655 = CARTESIAN_POINT('',(49.2,8.722719091402,-6.502708527005));
#15656 = VECTOR('',#15657,1.);
#15657 = DIRECTION('',(0.,-1.,2.289171417677E-07));
#15658 = ORIENTED_EDGE('',*,*,#15659,.T.);
#15659 = EDGE_CURVE('',#15652,#15660,#15662,.T.);
#15660 = VERTEX_POINT('',#15661);
#15661 = CARTESIAN_POINT('',(49.2,8.071864770959,-7.475054992489));
#15662 = LINE('',#15663,#15664);
#15663 = CARTESIAN_POINT('',(49.2,8.073003906386,-6.502708378274));
#15664 = VECTOR('',#15665,1.);
#15665 = DIRECTION('',(0.,-1.171531456478E-03,-0.999999313757));
#15666 = ORIENTED_EDGE('',*,*,#15667,.T.);
#15667 = EDGE_CURVE('',#15660,#15668,#15670,.T.);
#15668 = VERTEX_POINT('',#15669);
#15669 = CARTESIAN_POINT('',(49.2,8.738621665746,-7.475055145121));
#15670 = LINE('',#15671,#15672);
#15671 = CARTESIAN_POINT('',(49.2,8.071864770959,-7.475054992489));
#15672 = VECTOR('',#15673,1.);
#15673 = DIRECTION('',(0.,1.,-2.289171409816E-07));
#15674 = ORIENTED_EDGE('',*,*,#15675,.T.);
#15675 = EDGE_CURVE('',#15668,#15676,#15678,.T.);
#15676 = VERTEX_POINT('',#15677);
#15677 = CARTESIAN_POINT('',(49.2,9.139252544871,-7.346420700757));
#15678 = B_SPLINE_CURVE_WITH_KNOTS('',2,(#15679,#15680,#15681),
  .UNSPECIFIED.,.F.,.F.,(3,3),(0.,1.),.PIECEWISE_BEZIER_KNOTS.);
#15679 = CARTESIAN_POINT('',(49.2,8.738621665746,-7.475055145121));
#15680 = CARTESIAN_POINT('',(49.2,8.998507739752,-7.475055204613));
#15681 = CARTESIAN_POINT('',(49.2,9.139252544871,-7.346420700757));
#15682 = ORIENTED_EDGE('',*,*,#15683,.T.);
#15683 = EDGE_CURVE('',#15676,#15642,#15684,.T.);
#15684 = B_SPLINE_CURVE_WITH_KNOTS('',2,(#15685,#15686,#15687),
  .UNSPECIFIED.,.F.,.F.,(3,3),(0.,1.),.PIECEWISE_BEZIER_KNOTS.);
#15685 = CARTESIAN_POINT('',(49.2,9.139252544871,-7.346420700757));
#15686 = CARTESIAN_POINT('',(49.2,9.279997516141,-7.217644372716));
#15687 = CARTESIAN_POINT('',(49.2,9.280281801543,-6.974983191718));
#15688 = PLANE('',#15689);
#15689 = AXIS2_PLACEMENT_3D('',#15690,#15691,#15692);
#15690 = CARTESIAN_POINT('',(49.2,16.769007186315,-10.46891250704));
#15691 = DIRECTION('',(1.,0.,0.));
#15692 = DIRECTION('',(0.,0.,1.));
#15693 = ADVANCED_FACE('',(#15694,#15709),#15751,.T.);
#15694 = FACE_BOUND('',#15695,.F.);
#15695 = EDGE_LOOP('',(#15696,#15697,#15698,#15699,#15700,#15701,#15702,
    #15703,#15704,#15705,#15706,#15707,#15708));
#15696 = ORIENTED_EDGE('',*,*,#10788,.T.);
#15697 = ORIENTED_EDGE('',*,*,#10840,.T.);
#15698 = ORIENTED_EDGE('',*,*,#10892,.T.);
#15699 = ORIENTED_EDGE('',*,*,#10944,.T.);
#15700 = ORIENTED_EDGE('',*,*,#10994,.T.);
#15701 = ORIENTED_EDGE('',*,*,#11044,.T.);
#15702 = ORIENTED_EDGE('',*,*,#11027,.T.);
#15703 = ORIENTED_EDGE('',*,*,#10977,.T.);
#15704 = ORIENTED_EDGE('',*,*,#10925,.T.);
#15705 = ORIENTED_EDGE('',*,*,#10873,.T.);
#15706 = ORIENTED_EDGE('',*,*,#10821,.T.);
#15707 = ORIENTED_EDGE('',*,*,#10771,.T.);
#15708 = ORIENTED_EDGE('',*,*,#10738,.T.);
#15709 = FACE_BOUND('',#15710,.F.);
#15710 = EDGE_LOOP('',(#15711,#15721,#15729,#15737,#15745));
#15711 = ORIENTED_EDGE('',*,*,#15712,.T.);
#15712 = EDGE_CURVE('',#15713,#15715,#15717,.T.);
#15713 = VERTEX_POINT('',#15714);
#15714 = CARTESIAN_POINT('',(49.2,17.36208790265,-7.045613486066));
#15715 = VERTEX_POINT('',#15716);
#15716 = CARTESIAN_POINT('',(49.2,17.0369870038,-7.19268509181));
#15717 = B_SPLINE_CURVE_WITH_KNOTS('',2,(#15718,#15719,#15720),
  .UNSPECIFIED.,.F.,.F.,(3,3),(0.,1.),.PIECEWISE_BEZIER_KNOTS.);
#15718 = CARTESIAN_POINT('',(49.2,17.36208790265,-7.045613486066));
#15719 = CARTESIAN_POINT('',(49.2,17.151196744235,-7.045613437789));
#15720 = CARTESIAN_POINT('',(49.2,17.0369870038,-7.19268509181));
#15721 = ORIENTED_EDGE('',*,*,#15722,.T.);
#15722 = EDGE_CURVE('',#15715,#15723,#15725,.T.);
#15723 = VERTEX_POINT('',#15724);
#15724 = CARTESIAN_POINT('',(49.2,16.916219096002,-7.603975201559));
#15725 = B_SPLINE_CURVE_WITH_KNOTS('',2,(#15726,#15727,#15728),
  .UNSPECIFIED.,.F.,.F.,(3,3),(0.,1.),.PIECEWISE_BEZIER_KNOTS.);
#15726 = CARTESIAN_POINT('',(49.2,17.0369870038,-7.19268509181));
#15727 = CARTESIAN_POINT('',(49.2,16.922919277613,-7.339756745863));
#15728 = CARTESIAN_POINT('',(49.2,16.916219096002,-7.603975201559));
#15729 = ORIENTED_EDGE('',*,*,#15730,.T.);
#15730 = EDGE_CURVE('',#15723,#15731,#15733,.T.);
#15731 = VERTEX_POINT('',#15732);
#15732 = CARTESIAN_POINT('',(49.2,17.810908858975,-7.603975406369));
#15733 = LINE('',#15734,#15735);
#15734 = CARTESIAN_POINT('',(49.2,16.916219096002,-7.603975201559));
#15735 = VECTOR('',#15736,1.);
#15736 = DIRECTION('',(0.,1.,-2.289171407913E-07));
#15737 = ORIENTED_EDGE('',*,*,#15738,.T.);
#15738 = EDGE_CURVE('',#15731,#15739,#15741,.T.);
#15739 = VERTEX_POINT('',#15740);
#15740 = CARTESIAN_POINT('',(49.2,17.677196040229,-7.185168556543));
#15741 = B_SPLINE_CURVE_WITH_KNOTS('',2,(#15742,#15743,#15744),
  .UNSPECIFIED.,.F.,.F.,(3,3),(0.,1.),.PIECEWISE_BEZIER_KNOTS.);
#15742 = CARTESIAN_POINT('',(49.2,17.810908858975,-7.603975406369));
#15743 = CARTESIAN_POINT('',(49.2,17.794194301721,-7.32472358167));
#15744 = CARTESIAN_POINT('',(49.2,17.677196040229,-7.185168556543));
#15745 = ORIENTED_EDGE('',*,*,#15746,.T.);
#15746 = EDGE_CURVE('',#15739,#15713,#15747,.T.);
#15747 = B_SPLINE_CURVE_WITH_KNOTS('',2,(#15748,#15749,#15750),
  .UNSPECIFIED.,.F.,.F.,(3,3),(0.,1.),.PIECEWISE_BEZIER_KNOTS.);
#15748 = CARTESIAN_POINT('',(49.2,17.677196040229,-7.185168556543));
#15749 = CARTESIAN_POINT('',(49.2,17.560197778736,-7.045613531416));
#15750 = CARTESIAN_POINT('',(49.2,17.36208790265,-7.045613486066));
#15751 = PLANE('',#15752);
#15752 = AXIS2_PLACEMENT_3D('',#15753,#15754,#15755);
#15753 = CARTESIAN_POINT('',(49.2,16.769007186315,-10.46891250704));
#15754 = DIRECTION('',(1.,0.,0.));
#15755 = DIRECTION('',(0.,0.,1.));
#15756 = ADVANCED_FACE('',(#15757),#15776,.T.);
#15757 = FACE_BOUND('',#15758,.F.);
#15758 = EDGE_LOOP('',(#15759,#15760,#15761,#15762,#15763,#15764,#15765,
    #15766,#15767,#15768,#15769,#15770,#15771,#15772,#15773,#15774,
    #15775));
#15759 = ORIENTED_EDGE('',*,*,#11118,.T.);
#15760 = ORIENTED_EDGE('',*,*,#11168,.T.);
#15761 = ORIENTED_EDGE('',*,*,#11220,.T.);
#15762 = ORIENTED_EDGE('',*,*,#11272,.T.);
#15763 = ORIENTED_EDGE('',*,*,#11320,.T.);
#15764 = ORIENTED_EDGE('',*,*,#11372,.T.);
#15765 = ORIENTED_EDGE('',*,*,#11424,.T.);
#15766 = ORIENTED_EDGE('',*,*,#11474,.T.);
#15767 = ORIENTED_EDGE('',*,*,#11455,.T.);
#15768 = ORIENTED_EDGE('',*,*,#11405,.T.);
#15769 = ORIENTED_EDGE('',*,*,#11353,.T.);
#15770 = ORIENTED_EDGE('',*,*,#11303,.T.);
#15771 = ORIENTED_EDGE('',*,*,#11253,.T.);
#15772 = ORIENTED_EDGE('',*,*,#11201,.T.);
#15773 = ORIENTED_EDGE('',*,*,#11149,.T.);
#15774 = ORIENTED_EDGE('',*,*,#11101,.T.);
#15775 = ORIENTED_EDGE('',*,*,#11070,.T.);
#15776 = PLANE('',#15777);
#15777 = AXIS2_PLACEMENT_3D('',#15778,#15779,#15780);
#15778 = CARTESIAN_POINT('',(49.2,16.769007186315,-10.46891250704));
#15779 = DIRECTION('',(1.,0.,0.));
#15780 = DIRECTION('',(0.,0.,1.));
#15781 = ADVANCED_FACE('',(#15782,#15795,#15845),#15903,.T.);
#15782 = FACE_BOUND('',#15783,.F.);
#15783 = EDGE_LOOP('',(#15784,#15785,#15786,#15787,#15788,#15789,#15790,
    #15791,#15792,#15793,#15794));
#15784 = ORIENTED_EDGE('',*,*,#11552,.T.);
#15785 = ORIENTED_EDGE('',*,*,#11604,.T.);
#15786 = ORIENTED_EDGE('',*,*,#11656,.T.);
#15787 = ORIENTED_EDGE('',*,*,#11706,.T.);
#15788 = ORIENTED_EDGE('',*,*,#11756,.T.);
#15789 = ORIENTED_EDGE('',*,*,#11737,.T.);
#15790 = ORIENTED_EDGE('',*,*,#11687,.T.);
#15791 = ORIENTED_EDGE('',*,*,#11637,.T.);
#15792 = ORIENTED_EDGE('',*,*,#11585,.T.);
#15793 = ORIENTED_EDGE('',*,*,#11533,.T.);
#15794 = ORIENTED_EDGE('',*,*,#11500,.T.);
#15795 = FACE_BOUND('',#15796,.F.);
#15796 = EDGE_LOOP('',(#15797,#15807,#15815,#15823,#15831,#15839));
#15797 = ORIENTED_EDGE('',*,*,#15798,.T.);
#15798 = EDGE_CURVE('',#15799,#15801,#15803,.T.);
#15799 = VERTEX_POINT('',#15800);
#15800 = CARTESIAN_POINT('',(49.2,23.769663079557,-8.10731080409));
#15801 = VERTEX_POINT('',#15802);
#15802 = CARTESIAN_POINT('',(49.2,23.165175354512,-7.686518307902));
#15803 = B_SPLINE_CURVE_WITH_KNOTS('',2,(#15804,#15805,#15806),
  .UNSPECIFIED.,.F.,.F.,(3,3),(0.,1.),.PIECEWISE_BEZIER_KNOTS.);
#15804 = CARTESIAN_POINT('',(49.2,23.769663079557,-8.10731080409));
#15805 = CARTESIAN_POINT('',(49.2,23.770156051379,-7.686518446392));
#15806 = CARTESIAN_POINT('',(49.2,23.165175354512,-7.686518307902));
#15807 = ORIENTED_EDGE('',*,*,#15808,.T.);
#15808 = EDGE_CURVE('',#15801,#15809,#15811,.T.);
#15809 = VERTEX_POINT('',#15810);
#15810 = CARTESIAN_POINT('',(49.2,22.368475422722,-7.686518125523));
#15811 = LINE('',#15812,#15813);
#15812 = CARTESIAN_POINT('',(49.2,23.165175354512,-7.686518307902));
#15813 = VECTOR('',#15814,1.);
#15814 = DIRECTION('',(0.,-1.,2.289171411098E-07));
#15815 = ORIENTED_EDGE('',*,*,#15816,.T.);
#15816 = EDGE_CURVE('',#15809,#15817,#15819,.T.);
#15817 = VERTEX_POINT('',#15818);
#15818 = CARTESIAN_POINT('',(49.2,22.367469707036,-8.544979918967));
#15819 = LINE('',#15820,#15821);
#15820 = CARTESIAN_POINT('',(49.2,22.368475422722,-7.686518125523));
#15821 = VECTOR('',#15822,1.);
#15822 = DIRECTION('',(0.,-1.171531456475E-03,-0.999999313757));
#15823 = ORIENTED_EDGE('',*,*,#15824,.T.);
#15824 = EDGE_CURVE('',#15817,#15825,#15827,.T.);
#15825 = VERTEX_POINT('',#15826);
#15826 = CARTESIAN_POINT('',(49.2,23.187601989762,-8.544980106709));
#15827 = LINE('',#15828,#15829);
#15828 = CARTESIAN_POINT('',(49.2,22.367469707036,-8.544979918967));
#15829 = VECTOR('',#15830,1.);
#15830 = DIRECTION('',(0.,1.,-2.289171407913E-07));
#15831 = ORIENTED_EDGE('',*,*,#15832,.T.);
#15832 = EDGE_CURVE('',#15825,#15833,#15835,.T.);
#15833 = VERTEX_POINT('',#15834);
#15834 = CARTESIAN_POINT('',(49.2,23.629678432711,-8.435633761035));
#15835 = B_SPLINE_CURVE_WITH_KNOTS('',2,(#15836,#15837,#15838),
  .UNSPECIFIED.,.F.,.F.,(3,3),(0.,1.),.PIECEWISE_BEZIER_KNOTS.);
#15836 = CARTESIAN_POINT('',(49.2,23.187601989762,-8.544980106709));
#15837 = CARTESIAN_POINT('',(49.2,23.490092338195,-8.544980175954));
#15838 = CARTESIAN_POINT('',(49.2,23.629678432711,-8.435633761035));
#15839 = ORIENTED_EDGE('',*,*,#15840,.T.);
#15840 = EDGE_CURVE('',#15833,#15799,#15841,.T.);
#15841 = B_SPLINE_CURVE_WITH_KNOTS('',2,(#15842,#15843,#15844),
  .UNSPECIFIED.,.F.,.F.,(3,3),(0.,1.),.PIECEWISE_BEZIER_KNOTS.);
#15842 = CARTESIAN_POINT('',(49.2,23.629678432711,-8.435633761035));
#15843 = CARTESIAN_POINT('',(49.2,23.769406707626,-8.326145521963));
#15844 = CARTESIAN_POINT('',(49.2,23.769663079557,-8.10731080409));
#15845 = FACE_BOUND('',#15846,.F.);
#15846 = EDGE_LOOP('',(#15847,#15857,#15865,#15873,#15881,#15889,#15897)
  );
#15847 = ORIENTED_EDGE('',*,*,#15848,.T.);
#15848 = EDGE_CURVE('',#15849,#15851,#15853,.T.);
#15849 = VERTEX_POINT('',#15850);
#15850 = CARTESIAN_POINT('',(49.2,23.596454833078,-6.853159493755));
#15851 = VERTEX_POINT('',#15852);
#15852 = CARTESIAN_POINT('',(49.2,23.467841854364,-6.566390961619));
#15853 = B_SPLINE_CURVE_WITH_KNOTS('',2,(#15854,#15855,#15856),
  .UNSPECIFIED.,.F.,.F.,(3,3),(0.,1.),.PIECEWISE_BEZIER_KNOTS.);
#15854 = CARTESIAN_POINT('',(49.2,23.596454833078,-6.853159493755));
#15855 = CARTESIAN_POINT('',(49.2,23.596691266817,-6.651343678115));
#15856 = CARTESIAN_POINT('',(49.2,23.467841854364,-6.566390961619));
#15857 = ORIENTED_EDGE('',*,*,#15858,.T.);
#15858 = EDGE_CURVE('',#15851,#15859,#15861,.T.);
#15859 = VERTEX_POINT('',#15860);
#15860 = CARTESIAN_POINT('',(49.2,23.085639023316,-6.481438187127));
#15861 = B_SPLINE_CURVE_WITH_KNOTS('',2,(#15862,#15863,#15864),
  .UNSPECIFIED.,.F.,.F.,(3,3),(0.,1.),.PIECEWISE_BEZIER_KNOTS.);
#15862 = CARTESIAN_POINT('',(49.2,23.467841854364,-6.566390961619));
#15863 = CARTESIAN_POINT('',(49.2,23.339134456159,-6.481438245156));
#15864 = CARTESIAN_POINT('',(49.2,23.085639023316,-6.481438187127));
#15865 = ORIENTED_EDGE('',*,*,#15866,.T.);
#15866 = EDGE_CURVE('',#15859,#15867,#15869,.T.);
#15867 = VERTEX_POINT('',#15868);
#15868 = CARTESIAN_POINT('',(49.2,22.369887212938,-6.481438023279));
#15869 = LINE('',#15870,#15871);
#15870 = CARTESIAN_POINT('',(49.2,23.085639023316,-6.481438187127));
#15871 = VECTOR('',#15872,1.);
#15872 = DIRECTION('',(0.,-1.,2.289171395504E-07));
#15873 = ORIENTED_EDGE('',*,*,#15874,.T.);
#15874 = EDGE_CURVE('',#15867,#15875,#15877,.T.);
#15875 = VERTEX_POINT('',#15876);
#15876 = CARTESIAN_POINT('',(49.2,22.369018738481,-7.222753039688));
#15877 = LINE('',#15878,#15879);
#15878 = CARTESIAN_POINT('',(49.2,22.369887212938,-6.481438023279));
#15879 = VECTOR('',#15880,1.);
#15880 = DIRECTION('',(0.,-1.171531456479E-03,-0.999999313757));
#15881 = ORIENTED_EDGE('',*,*,#15882,.T.);
#15882 = EDGE_CURVE('',#15875,#15883,#15885,.T.);
#15883 = VERTEX_POINT('',#15884);
#15884 = CARTESIAN_POINT('',(49.2,23.089030976302,-7.222753204512));
#15885 = LINE('',#15886,#15887);
#15886 = CARTESIAN_POINT('',(49.2,22.369018738481,-7.222753039688));
#15887 = VECTOR('',#15888,1.);
#15888 = DIRECTION('',(0.,1.,-2.289171393815E-07));
#15889 = ORIENTED_EDGE('',*,*,#15890,.T.);
#15890 = EDGE_CURVE('',#15883,#15891,#15893,.T.);
#15891 = VERTEX_POINT('',#15892);
#15892 = CARTESIAN_POINT('',(49.2,23.475701924303,-7.130425748391));
#15893 = B_SPLINE_CURVE_WITH_KNOTS('',2,(#15894,#15895,#15896),
  .UNSPECIFIED.,.F.,.F.,(3,3),(0.,1.),.PIECEWISE_BEZIER_KNOTS.);
#15894 = CARTESIAN_POINT('',(49.2,23.089030976302,-7.222753204512));
#15895 = CARTESIAN_POINT('',(49.2,23.355307691473,-7.222753265467));
#15896 = CARTESIAN_POINT('',(49.2,23.475701924303,-7.130425748391));
#15897 = ORIENTED_EDGE('',*,*,#15898,.T.);
#15898 = EDGE_CURVE('',#15891,#15849,#15899,.T.);
#15899 = B_SPLINE_CURVE_WITH_KNOTS('',2,(#15900,#15901,#15902),
  .UNSPECIFIED.,.F.,.F.,(3,3),(0.,1.),.PIECEWISE_BEZIER_KNOTS.);
#15900 = CARTESIAN_POINT('',(49.2,23.475701924303,-7.130425748391));
#15901 = CARTESIAN_POINT('',(49.2,23.596238337532,-7.037956407163));
#15902 = CARTESIAN_POINT('',(49.2,23.596454833078,-6.853159493755));
#15903 = PLANE('',#15904);
#15904 = AXIS2_PLACEMENT_3D('',#15905,#15906,#15907);
#15905 = CARTESIAN_POINT('',(49.2,16.769007186315,-10.46891250704));
#15906 = DIRECTION('',(1.,0.,0.));
#15907 = DIRECTION('',(0.,0.,1.));
#15908 = ADVANCED_FACE('',(#15909,#15939),#16021,.T.);
#15909 = FACE_BOUND('',#15910,.F.);
#15910 = EDGE_LOOP('',(#15911,#15912,#15913,#15914,#15915,#15916,#15917,
    #15918,#15919,#15920,#15921,#15922,#15923,#15924,#15925,#15926,
    #15927,#15928,#15929,#15930,#15931,#15932,#15933,#15934,#15935,
    #15936,#15937,#15938));
#15911 = ORIENTED_EDGE('',*,*,#11830,.T.);
#15912 = ORIENTED_EDGE('',*,*,#11882,.T.);
#15913 = ORIENTED_EDGE('',*,*,#11934,.T.);
#15914 = ORIENTED_EDGE('',*,*,#11986,.T.);
#15915 = ORIENTED_EDGE('',*,*,#12038,.T.);
#15916 = ORIENTED_EDGE('',*,*,#12088,.T.);
#15917 = ORIENTED_EDGE('',*,*,#12138,.T.);
#15918 = ORIENTED_EDGE('',*,*,#12188,.T.);
#15919 = ORIENTED_EDGE('',*,*,#12240,.T.);
#15920 = ORIENTED_EDGE('',*,*,#12292,.T.);
#15921 = ORIENTED_EDGE('',*,*,#12344,.T.);
#15922 = ORIENTED_EDGE('',*,*,#12392,.T.);
#15923 = ORIENTED_EDGE('',*,*,#12444,.T.);
#15924 = ORIENTED_EDGE('',*,*,#12470,.T.);
#15925 = ORIENTED_EDGE('',*,*,#12425,.T.);
#15926 = ORIENTED_EDGE('',*,*,#12375,.T.);
#15927 = ORIENTED_EDGE('',*,*,#12325,.T.);
#15928 = ORIENTED_EDGE('',*,*,#12273,.T.);
#15929 = ORIENTED_EDGE('',*,*,#12221,.T.);
#15930 = ORIENTED_EDGE('',*,*,#12171,.T.);
#15931 = ORIENTED_EDGE('',*,*,#12119,.T.);
#15932 = ORIENTED_EDGE('',*,*,#12069,.T.);
#15933 = ORIENTED_EDGE('',*,*,#12019,.T.);
#15934 = ORIENTED_EDGE('',*,*,#11967,.T.);
#15935 = ORIENTED_EDGE('',*,*,#11915,.T.);
#15936 = ORIENTED_EDGE('',*,*,#11863,.T.);
#15937 = ORIENTED_EDGE('',*,*,#11813,.T.);
#15938 = ORIENTED_EDGE('',*,*,#11780,.T.);
#15939 = FACE_BOUND('',#15940,.F.);
#15940 = EDGE_LOOP('',(#15941,#15951,#15959,#15967,#15975,#15983,#15991,
    #15999,#16007,#16015));
#15941 = ORIENTED_EDGE('',*,*,#15942,.T.);
#15942 = EDGE_CURVE('',#15943,#15945,#15947,.T.);
#15943 = VERTEX_POINT('',#15944);
#15944 = CARTESIAN_POINT('',(49.2,26.135528495515,-7.94336258746));
#15945 = VERTEX_POINT('',#15946);
#15946 = CARTESIAN_POINT('',(49.2,25.828772735091,-7.947617242798));
#15947 = LINE('',#15948,#15949);
#15948 = CARTESIAN_POINT('',(49.2,26.135528495515,-7.94336258746));
#15949 = VECTOR('',#15950,1.);
#15950 = DIRECTION('',(0.,-0.999903827553,-1.386851269266E-02));
#15951 = ORIENTED_EDGE('',*,*,#15952,.T.);
#15952 = EDGE_CURVE('',#15945,#15953,#15955,.T.);
#15953 = VERTEX_POINT('',#15954);
#15954 = CARTESIAN_POINT('',(49.2,25.532619028548,-7.993710035229));
#15955 = B_SPLINE_CURVE_WITH_KNOTS('',2,(#15956,#15957,#15958),
  .UNSPECIFIED.,.F.,.F.,(3,3),(0.,1.),.PIECEWISE_BEZIER_KNOTS.);
#15956 = CARTESIAN_POINT('',(49.2,25.828772735091,-7.947617242798));
#15957 = CARTESIAN_POINT('',(49.2,25.620001821301,-7.956126646125));
#15958 = CARTESIAN_POINT('',(49.2,25.532619028548,-7.993710035229));
#15959 = ORIENTED_EDGE('',*,*,#15960,.T.);
#15960 = EDGE_CURVE('',#15953,#15961,#15963,.T.);
#15961 = VERTEX_POINT('',#15962);
#15962 = CARTESIAN_POINT('',(49.2,25.39927541334,-8.108303946433));
#15963 = B_SPLINE_CURVE_WITH_KNOTS('',2,(#15964,#15965,#15966),
  .UNSPECIFIED.,.F.,.F.,(3,3),(0.,1.),.PIECEWISE_BEZIER_KNOTS.);
#15964 = CARTESIAN_POINT('',(49.2,25.532619028548,-7.993710035229));
#15965 = CARTESIAN_POINT('',(49.2,25.445236401948,-8.031151600147));
#15966 = CARTESIAN_POINT('',(49.2,25.39927541334,-8.108303946433));
#15967 = ORIENTED_EDGE('',*,*,#15968,.T.);
#15968 = EDGE_CURVE('',#15961,#15969,#15971,.T.);
#15969 = VERTEX_POINT('',#15970);
#15970 = CARTESIAN_POINT('',(49.2,25.353306071774,-8.313807180423));
#15971 = B_SPLINE_CURVE_WITH_KNOTS('',2,(#15972,#15973,#15974),
  .UNSPECIFIED.,.F.,.F.,(3,3),(0.,1.),.PIECEWISE_BEZIER_KNOTS.);
#15972 = CARTESIAN_POINT('',(49.2,25.39927541334,-8.108303946433));
#15973 = CARTESIAN_POINT('',(49.2,25.353456605131,-8.185314468567));
#15974 = CARTESIAN_POINT('',(49.2,25.353306071774,-8.313807180423));
#15975 = ORIENTED_EDGE('',*,*,#15976,.T.);
#15976 = EDGE_CURVE('',#15969,#15977,#15979,.T.);
#15977 = VERTEX_POINT('',#15978);
#15978 = CARTESIAN_POINT('',(49.2,25.428570375627,-8.559021214051));
#15979 = B_SPLINE_CURVE_WITH_KNOTS('',2,(#15980,#15981,#15982),
  .UNSPECIFIED.,.F.,.F.,(3,3),(0.,1.),.PIECEWISE_BEZIER_KNOTS.);
#15980 = CARTESIAN_POINT('',(49.2,25.353306071774,-8.313807180423));
#15981 = CARTESIAN_POINT('',(49.2,25.353112837453,-8.478748707892));
#15982 = CARTESIAN_POINT('',(49.2,25.428570375627,-8.559021214051));
#15983 = ORIENTED_EDGE('',*,*,#15984,.T.);
#15984 = EDGE_CURVE('',#15977,#15985,#15987,.T.);
#15985 = VERTEX_POINT('',#15986);
#15986 = CARTESIAN_POINT('',(49.2,25.62985253761,-8.639293749012));
#15987 = B_SPLINE_CURVE_WITH_KNOTS('',2,(#15988,#15989,#15990),
  .UNSPECIFIED.,.F.,.F.,(3,3),(0.,1.),.PIECEWISE_BEZIER_KNOTS.);
#15988 = CARTESIAN_POINT('',(49.2,25.428570375627,-8.559021214051));
#15989 = CARTESIAN_POINT('',(49.2,25.504169928049,-8.639293720241));
#15990 = CARTESIAN_POINT('',(49.2,25.62985253761,-8.639293749012));
#15991 = ORIENTED_EDGE('',*,*,#15992,.T.);
#15992 = EDGE_CURVE('',#15985,#15993,#15995,.T.);
#15993 = VERTEX_POINT('',#15994);
#15994 = CARTESIAN_POINT('',(49.2,25.886562504234,-8.562283275155));
#15995 = B_SPLINE_CURVE_WITH_KNOTS('',2,(#15996,#15997,#15998),
  .UNSPECIFIED.,.F.,.F.,(3,3),(0.,1.),.PIECEWISE_BEZIER_KNOTS.);
#15996 = CARTESIAN_POINT('',(49.2,25.62985253761,-8.639293749012));
#15997 = CARTESIAN_POINT('',(49.2,25.77044664322,-8.639293781197));
#15998 = CARTESIAN_POINT('',(49.2,25.886562504234,-8.562283275155));
#15999 = ORIENTED_EDGE('',*,*,#16000,.T.);
#16000 = EDGE_CURVE('',#15993,#16001,#16003,.T.);
#16001 = VERTEX_POINT('',#16002);
#16002 = CARTESIAN_POINT('',(49.2,26.069016510402,-8.349121566403));
#16003 = B_SPLINE_CURVE_WITH_KNOTS('',2,(#16004,#16005,#16006),
  .UNSPECIFIED.,.F.,.F.,(3,3),(0.,1.),.PIECEWISE_BEZIER_KNOTS.);
#16004 = CARTESIAN_POINT('',(49.2,25.886562504234,-8.562283275155));
#16005 = CARTESIAN_POINT('',(49.2,26.002820545647,-8.48513094496));
#16006 = CARTESIAN_POINT('',(49.2,26.069016510402,-8.349121566403));
#16007 = ORIENTED_EDGE('',*,*,#16008,.T.);
#16008 = EDGE_CURVE('',#16001,#16009,#16011,.T.);
#16009 = VERTEX_POINT('',#16010);
#16010 = CARTESIAN_POINT('',(49.2,26.135390589681,-8.061076661235));
#16011 = B_SPLINE_CURVE_WITH_KNOTS('',2,(#16012,#16013,#16014),
  .UNSPECIFIED.,.F.,.F.,(3,3),(0.,1.),.PIECEWISE_BEZIER_KNOTS.);
#16012 = CARTESIAN_POINT('',(49.2,26.069016510402,-8.349121566403));
#16013 = CARTESIAN_POINT('',(49.2,26.135212475156,-8.213112187845));
#16014 = CARTESIAN_POINT('',(49.2,26.135390589681,-8.061076661235));
#16015 = ORIENTED_EDGE('',*,*,#16016,.T.);
#16016 = EDGE_CURVE('',#16009,#15943,#16017,.T.);
#16017 = LINE('',#16018,#16019);
#16018 = CARTESIAN_POINT('',(49.2,26.135390589681,-8.061076661235));
#16019 = VECTOR('',#16020,1.);
#16020 = DIRECTION('',(0.,1.171531456468E-03,0.999999313757));
#16021 = PLANE('',#16022);
#16022 = AXIS2_PLACEMENT_3D('',#16023,#16024,#16025);
#16023 = CARTESIAN_POINT('',(49.2,16.769007186315,-10.46891250704));
#16024 = DIRECTION('',(1.,0.,0.));
#16025 = DIRECTION('',(0.,0.,1.));
#16026 = ADVANCED_FACE('',(#16027),#16048,.T.);
#16027 = FACE_BOUND('',#16028,.F.);
#16028 = EDGE_LOOP('',(#16029,#16030,#16031,#16032,#16033,#16034,#16035,
    #16036,#16037,#16038,#16039,#16040,#16041,#16042,#16043,#16044,
    #16045,#16046,#16047));
#16029 = ORIENTED_EDGE('',*,*,#12544,.T.);
#16030 = ORIENTED_EDGE('',*,*,#12594,.T.);
#16031 = ORIENTED_EDGE('',*,*,#12646,.T.);
#16032 = ORIENTED_EDGE('',*,*,#12698,.T.);
#16033 = ORIENTED_EDGE('',*,*,#12750,.T.);
#16034 = ORIENTED_EDGE('',*,*,#12798,.T.);
#16035 = ORIENTED_EDGE('',*,*,#12848,.T.);
#16036 = ORIENTED_EDGE('',*,*,#12898,.T.);
#16037 = ORIENTED_EDGE('',*,*,#12948,.T.);
#16038 = ORIENTED_EDGE('',*,*,#12931,.T.);
#16039 = ORIENTED_EDGE('',*,*,#12879,.T.);
#16040 = ORIENTED_EDGE('',*,*,#12829,.T.);
#16041 = ORIENTED_EDGE('',*,*,#12781,.T.);
#16042 = ORIENTED_EDGE('',*,*,#12731,.T.);
#16043 = ORIENTED_EDGE('',*,*,#12679,.T.);
#16044 = ORIENTED_EDGE('',*,*,#12627,.T.);
#16045 = ORIENTED_EDGE('',*,*,#12575,.T.);
#16046 = ORIENTED_EDGE('',*,*,#12527,.T.);
#16047 = ORIENTED_EDGE('',*,*,#12496,.T.);
#16048 = PLANE('',#16049);
#16049 = AXIS2_PLACEMENT_3D('',#16050,#16051,#16052);
#16050 = CARTESIAN_POINT('',(49.2,16.769007186315,-10.46891250704));
#16051 = DIRECTION('',(1.,0.,0.));
#16052 = DIRECTION('',(0.,0.,1.));
#16053 = ADVANCED_FACE('',(#16054),#16068,.T.);
#16054 = FACE_BOUND('',#16055,.F.);
#16055 = EDGE_LOOP('',(#16056,#16057,#16058,#16059,#16060,#16061,#16062,
    #16063,#16064,#16065,#16066,#16067));
#16056 = ORIENTED_EDGE('',*,*,#13022,.T.);
#16057 = ORIENTED_EDGE('',*,*,#13070,.T.);
#16058 = ORIENTED_EDGE('',*,*,#13118,.T.);
#16059 = ORIENTED_EDGE('',*,*,#13166,.T.);
#16060 = ORIENTED_EDGE('',*,*,#13214,.T.);
#16061 = ORIENTED_EDGE('',*,*,#13238,.T.);
#16062 = ORIENTED_EDGE('',*,*,#13197,.T.);
#16063 = ORIENTED_EDGE('',*,*,#13149,.T.);
#16064 = ORIENTED_EDGE('',*,*,#13101,.T.);
#16065 = ORIENTED_EDGE('',*,*,#13053,.T.);
#16066 = ORIENTED_EDGE('',*,*,#13005,.T.);
#16067 = ORIENTED_EDGE('',*,*,#12974,.T.);
#16068 = PLANE('',#16069);
#16069 = AXIS2_PLACEMENT_3D('',#16070,#16071,#16072);
#16070 = CARTESIAN_POINT('',(49.2,16.769007186315,-10.46891250704));
#16071 = DIRECTION('',(1.,0.,0.));
#16072 = DIRECTION('',(0.,0.,1.));
#16073 = ADVANCED_FACE('',(#16074),#16087,.F.);
#16074 = FACE_BOUND('',#16075,.F.);
#16075 = EDGE_LOOP('',(#16076,#16077,#16078,#16079,#16080,#16081,#16082,
    #16083,#16084,#16085,#16086));
#16076 = ORIENTED_EDGE('',*,*,#13502,.T.);
#16077 = ORIENTED_EDGE('',*,*,#13485,.T.);
#16078 = ORIENTED_EDGE('',*,*,#13461,.T.);
#16079 = ORIENTED_EDGE('',*,*,#13437,.T.);
#16080 = ORIENTED_EDGE('',*,*,#13413,.T.);
#16081 = ORIENTED_EDGE('',*,*,#13389,.T.);
#16082 = ORIENTED_EDGE('',*,*,#13365,.T.);
#16083 = ORIENTED_EDGE('',*,*,#13341,.T.);
#16084 = ORIENTED_EDGE('',*,*,#13317,.T.);
#16085 = ORIENTED_EDGE('',*,*,#13293,.T.);
#16086 = ORIENTED_EDGE('',*,*,#13262,.T.);
#16087 = PLANE('',#16088);
#16088 = AXIS2_PLACEMENT_3D('',#16089,#16090,#16091);
#16089 = CARTESIAN_POINT('',(2.615424216412,-49.2,-17.15517164444));
#16090 = DIRECTION('',(0.,1.,-1.771428668066E-15));
#16091 = DIRECTION('',(0.,1.771428668066E-15,1.));
#16092 = ADVANCED_FACE('',(#16093),#16117,.F.);
#16093 = FACE_BOUND('',#16094,.F.);
#16094 = EDGE_LOOP('',(#16095,#16096,#16097,#16098,#16099,#16100,#16101,
    #16102,#16103,#16104,#16105,#16106,#16107,#16108,#16109,#16110,
    #16111,#16112,#16113,#16114,#16115,#16116));
#16095 = ORIENTED_EDGE('',*,*,#14064,.T.);
#16096 = ORIENTED_EDGE('',*,*,#14045,.T.);
#16097 = ORIENTED_EDGE('',*,*,#14019,.T.);
#16098 = ORIENTED_EDGE('',*,*,#13993,.T.);
#16099 = ORIENTED_EDGE('',*,*,#13967,.T.);
#16100 = ORIENTED_EDGE('',*,*,#13941,.T.);
#16101 = ORIENTED_EDGE('',*,*,#13915,.T.);
#16102 = ORIENTED_EDGE('',*,*,#13889,.T.);
#16103 = ORIENTED_EDGE('',*,*,#13865,.T.);
#16104 = ORIENTED_EDGE('',*,*,#13839,.T.);
#16105 = ORIENTED_EDGE('',*,*,#13813,.T.);
#16106 = ORIENTED_EDGE('',*,*,#13787,.T.);
#16107 = ORIENTED_EDGE('',*,*,#13761,.T.);
#16108 = ORIENTED_EDGE('',*,*,#13735,.T.);
#16109 = ORIENTED_EDGE('',*,*,#13709,.T.);
#16110 = ORIENTED_EDGE('',*,*,#13683,.T.);
#16111 = ORIENTED_EDGE('',*,*,#13657,.T.);
#16112 = ORIENTED_EDGE('',*,*,#13631,.T.);
#16113 = ORIENTED_EDGE('',*,*,#13605,.T.);
#16114 = ORIENTED_EDGE('',*,*,#13581,.T.);
#16115 = ORIENTED_EDGE('',*,*,#13557,.T.);
#16116 = ORIENTED_EDGE('',*,*,#13526,.T.);
#16117 = PLANE('',#16118);
#16118 = AXIS2_PLACEMENT_3D('',#16119,#16120,#16121);
#16119 = CARTESIAN_POINT('',(2.615424216412,-49.2,-17.15517164444));
#16120 = DIRECTION('',(0.,1.,-1.771428668066E-15));
#16121 = DIRECTION('',(0.,1.771428668066E-15,1.));
#16122 = ADVANCED_FACE('',(#16123),#16154,.F.);
#16123 = FACE_BOUND('',#16124,.F.);
#16124 = EDGE_LOOP('',(#16125,#16126,#16127,#16128,#16129,#16130,#16131,
    #16132,#16133,#16134,#16135,#16136,#16137,#16138,#16139,#16140,
    #16141,#16142,#16143,#16144,#16145,#16146,#16147,#16148,#16149,
    #16150,#16151,#16152,#16153));
#16125 = ORIENTED_EDGE('',*,*,#14804,.T.);
#16126 = ORIENTED_EDGE('',*,*,#14785,.T.);
#16127 = ORIENTED_EDGE('',*,*,#14759,.T.);
#16128 = ORIENTED_EDGE('',*,*,#14733,.T.);
#16129 = ORIENTED_EDGE('',*,*,#14709,.T.);
#16130 = ORIENTED_EDGE('',*,*,#14683,.T.);
#16131 = ORIENTED_EDGE('',*,*,#14657,.T.);
#16132 = ORIENTED_EDGE('',*,*,#14631,.T.);
#16133 = ORIENTED_EDGE('',*,*,#14605,.T.);
#16134 = ORIENTED_EDGE('',*,*,#14579,.T.);
#16135 = ORIENTED_EDGE('',*,*,#14555,.T.);
#16136 = ORIENTED_EDGE('',*,*,#14531,.T.);
#16137 = ORIENTED_EDGE('',*,*,#14507,.T.);
#16138 = ORIENTED_EDGE('',*,*,#14481,.T.);
#16139 = ORIENTED_EDGE('',*,*,#14455,.T.);
#16140 = ORIENTED_EDGE('',*,*,#14429,.T.);
#16141 = ORIENTED_EDGE('',*,*,#14403,.T.);
#16142 = ORIENTED_EDGE('',*,*,#14377,.T.);
#16143 = ORIENTED_EDGE('',*,*,#14351,.T.);
#16144 = ORIENTED_EDGE('',*,*,#14327,.T.);
#16145 = ORIENTED_EDGE('',*,*,#14301,.T.);
#16146 = ORIENTED_EDGE('',*,*,#14275,.T.);
#16147 = ORIENTED_EDGE('',*,*,#14249,.T.);
#16148 = ORIENTED_EDGE('',*,*,#14223,.T.);
#16149 = ORIENTED_EDGE('',*,*,#14197,.T.);
#16150 = ORIENTED_EDGE('',*,*,#14171,.T.);
#16151 = ORIENTED_EDGE('',*,*,#14147,.T.);
#16152 = ORIENTED_EDGE('',*,*,#14121,.T.);
#16153 = ORIENTED_EDGE('',*,*,#14088,.T.);
#16154 = PLANE('',#16155);
#16155 = AXIS2_PLACEMENT_3D('',#16156,#16157,#16158);
#16156 = CARTESIAN_POINT('',(2.615424216412,-49.2,-17.15517164444));
#16157 = DIRECTION('',(0.,1.,-1.771428668066E-15));
#16158 = DIRECTION('',(0.,1.771428668066E-15,1.));
#16159 = ADVANCED_FACE('',(#16160,#16173),#16223,.F.);
#16160 = FACE_BOUND('',#16161,.F.);
#16161 = EDGE_LOOP('',(#16162,#16163,#16164,#16165,#16166,#16167,#16168,
    #16169,#16170,#16171,#16172));
#16162 = ORIENTED_EDGE('',*,*,#15070,.T.);
#16163 = ORIENTED_EDGE('',*,*,#15053,.T.);
#16164 = ORIENTED_EDGE('',*,*,#15029,.T.);
#16165 = ORIENTED_EDGE('',*,*,#15005,.T.);
#16166 = ORIENTED_EDGE('',*,*,#14981,.T.);
#16167 = ORIENTED_EDGE('',*,*,#14957,.T.);
#16168 = ORIENTED_EDGE('',*,*,#14933,.T.);
#16169 = ORIENTED_EDGE('',*,*,#14909,.T.);
#16170 = ORIENTED_EDGE('',*,*,#14885,.T.);
#16171 = ORIENTED_EDGE('',*,*,#14861,.T.);
#16172 = ORIENTED_EDGE('',*,*,#14830,.T.);
#16173 = FACE_BOUND('',#16174,.F.);
#16174 = EDGE_LOOP('',(#16175,#16185,#16193,#16201,#16209,#16217));
#16175 = ORIENTED_EDGE('',*,*,#16176,.T.);
#16176 = EDGE_CURVE('',#16177,#16179,#16181,.T.);
#16177 = VERTEX_POINT('',#16178);
#16178 = CARTESIAN_POINT('',(31.589413297945,-49.2,-16.33162469006));
#16179 = VERTEX_POINT('',#16180);
#16180 = CARTESIAN_POINT('',(31.607771584832,-49.2,-15.99959969549));
#16181 = B_SPLINE_CURVE_WITH_KNOTS('',2,(#16182,#16183,#16184),
  .UNSPECIFIED.,.F.,.F.,(3,3),(0.,1.),.PIECEWISE_BEZIER_KNOTS.);
#16182 = CARTESIAN_POINT('',(31.589413297945,-49.2,-16.33162469006));
#16183 = CARTESIAN_POINT('',(31.593343882822,-49.2,-16.17826596133));
#16184 = CARTESIAN_POINT('',(31.607771584832,-49.2,-15.99959969549));
#16185 = ORIENTED_EDGE('',*,*,#16186,.T.);
#16186 = EDGE_CURVE('',#16179,#16187,#16189,.T.);
#16187 = VERTEX_POINT('',#16188);
#16188 = CARTESIAN_POINT('',(31.629376839672,-49.2,-15.76996423382));
#16189 = B_SPLINE_CURVE_WITH_KNOTS('',2,(#16190,#16191,#16192),
  .UNSPECIFIED.,.F.,.F.,(3,3),(0.,1.),.PIECEWISE_BEZIER_KNOTS.);
#16190 = CARTESIAN_POINT('',(31.607771584832,-49.2,-15.99959969549));
#16191 = CARTESIAN_POINT('',(31.622388556451,-49.2,-15.82093828063));
#16192 = CARTESIAN_POINT('',(31.629376839672,-49.2,-15.76996423382));
#16193 = ORIENTED_EDGE('',*,*,#16194,.T.);
#16194 = EDGE_CURVE('',#16187,#16195,#16197,.T.);
#16195 = VERTEX_POINT('',#16196);
#16196 = CARTESIAN_POINT('',(31.350714936728,-49.2,-16.22320053694));
#16197 = B_SPLINE_CURVE_WITH_KNOTS('',2,(#16198,#16199,#16200),
  .UNSPECIFIED.,.F.,.F.,(3,3),(0.,1.),.PIECEWISE_BEZIER_KNOTS.);
#16198 = CARTESIAN_POINT('',(31.629376839672,-49.2,-15.76996423382));
#16199 = CARTESIAN_POINT('',(31.551485530172,-49.2,-15.92711103291));
#16200 = CARTESIAN_POINT('',(31.350714936728,-49.2,-16.22320053694));
#16201 = ORIENTED_EDGE('',*,*,#16202,.T.);
#16202 = EDGE_CURVE('',#16195,#16203,#16205,.T.);
#16203 = VERTEX_POINT('',#16204);
#16204 = CARTESIAN_POINT('',(30.38616671473,-49.2,-17.61106410702));
#16205 = LINE('',#16206,#16207);
#16206 = CARTESIAN_POINT('',(31.350714936728,-49.2,-16.22320053694));
#16207 = VECTOR('',#16208,1.);
#16208 = DIRECTION('',(-0.570696776599,-1.823343429547E-16,
    -0.821160878988));
#16209 = ORIENTED_EDGE('',*,*,#16210,.T.);
#16210 = EDGE_CURVE('',#16203,#16211,#16213,.T.);
#16211 = VERTEX_POINT('',#16212);
#16212 = CARTESIAN_POINT('',(31.555852896699,-49.2,-17.6410431689));
#16213 = LINE('',#16214,#16215);
#16214 = CARTESIAN_POINT('',(30.38616671473,-49.2,-17.61106410702));
#16215 = VECTOR('',#16216,1.);
#16216 = DIRECTION('',(0.999671713169,-5.689135897645E-18,
    -2.562159030869E-02));
#16217 = ORIENTED_EDGE('',*,*,#16218,.T.);
#16218 = EDGE_CURVE('',#16211,#16177,#16219,.T.);
#16219 = LINE('',#16220,#16221);
#16220 = CARTESIAN_POINT('',(31.555852896699,-49.2,-17.6410431689));
#16221 = VECTOR('',#16222,1.);
#16222 = DIRECTION('',(2.562159030869E-02,2.219717106053E-16,
    0.999671713169));
#16223 = PLANE('',#16224);
#16224 = AXIS2_PLACEMENT_3D('',#16225,#16226,#16227);
#16225 = CARTESIAN_POINT('',(2.615424216412,-49.2,-17.15517164444));
#16226 = DIRECTION('',(0.,1.,-1.771428668066E-15));
#16227 = DIRECTION('',(0.,1.771428668066E-15,1.));
#16228 = ADVANCED_FACE('',(#16229),#16241,.T.);
#16229 = FACE_BOUND('',#16230,.F.);
#16230 = EDGE_LOOP('',(#16231,#16232,#16233,#16240));
#16231 = ORIENTED_EDGE('',*,*,#15190,.F.);
#16232 = ORIENTED_EDGE('',*,*,#15221,.T.);
#16233 = ORIENTED_EDGE('',*,*,#16234,.T.);
#16234 = EDGE_CURVE('',#15222,#15155,#16235,.T.);
#16235 = CIRCLE('',#16236,0.75);
#16236 = AXIS2_PLACEMENT_3D('',#16237,#16238,#16239);
#16237 = CARTESIAN_POINT('',(3.744802492305,54.697368421053,-22.75));
#16238 = DIRECTION('',(-5.263157894737E-02,0.998613997948,0.));
#16239 = DIRECTION('',(-0.998613997948,-5.263157894737E-02,0.));
#16240 = ORIENTED_EDGE('',*,*,#15162,.F.);
#16241 = TOROIDAL_SURFACE('',#16242,5.75,0.75);
#16242 = AXIS2_PLACEMENT_3D('',#16243,#16244,#16245);
#16243 = CARTESIAN_POINT('',(9.486832980505,55.,-22.75));
#16244 = DIRECTION('',(0.,0.,1.));
#16245 = DIRECTION('',(-3.552713678801E-16,-1.,0.));
#16246 = ADVANCED_FACE('',(#16247),#16259,.T.);
#16247 = FACE_BOUND('',#16248,.F.);
#16248 = EDGE_LOOP('',(#16249,#16250,#16251,#16258));
#16249 = ORIENTED_EDGE('',*,*,#15265,.T.);
#16250 = ORIENTED_EDGE('',*,*,#15307,.F.);
#16251 = ORIENTED_EDGE('',*,*,#16252,.F.);
#16252 = EDGE_CURVE('',#15231,#15308,#16253,.T.);
#16253 = CIRCLE('',#16254,0.75);
#16254 = AXIS2_PLACEMENT_3D('',#16255,#16256,#16257);
#16255 = CARTESIAN_POINT('',(-3.744802492305,54.697368421053,-22.75));
#16256 = DIRECTION('',(-5.263157894737E-02,-0.998613997948,-0.));
#16257 = DIRECTION('',(-0.998613997948,5.263157894737E-02,0.));
#16258 = ORIENTED_EDGE('',*,*,#15239,.T.);
#16259 = TOROIDAL_SURFACE('',#16260,5.75,0.75);
#16260 = AXIS2_PLACEMENT_3D('',#16261,#16262,#16263);
#16261 = CARTESIAN_POINT('',(-9.486832980505,55.,-22.75));
#16262 = DIRECTION('',(0.,0.,1.));
#16263 = DIRECTION('',(0.998613997948,-5.263157894737E-02,0.));
#16264 = ADVANCED_FACE('',(#16265),#16271,.T.);
#16265 = FACE_BOUND('',#16266,.F.);
#16266 = EDGE_LOOP('',(#16267,#16268,#16269,#16270));
#16267 = ORIENTED_EDGE('',*,*,#16234,.F.);
#16268 = ORIENTED_EDGE('',*,*,#15230,.T.);
#16269 = ORIENTED_EDGE('',*,*,#16252,.T.);
#16270 = ORIENTED_EDGE('',*,*,#15400,.F.);
#16271 = TOROIDAL_SURFACE('',#16272,3.75,0.75);
#16272 = AXIS2_PLACEMENT_3D('',#16273,#16274,#16275);
#16273 = CARTESIAN_POINT('',(0.,54.5,-22.75));
#16274 = DIRECTION('',(-0.,-0.,-1.));
#16275 = DIRECTION('',(0.998613997948,5.263157894737E-02,0.));
#16276 = ADVANCED_FACE('',(#16277),#16288,.F.);
#16277 = FACE_BOUND('',#16278,.T.);
#16278 = EDGE_LOOP('',(#16279,#16285,#16286,#16287));
#16279 = ORIENTED_EDGE('',*,*,#16280,.F.);
#16280 = EDGE_CURVE('',#15249,#15418,#16281,.T.);
#16281 = LINE('',#16282,#16283);
#16282 = CARTESIAN_POINT('',(2.5,54.5,-22.5));
#16283 = VECTOR('',#16284,1.);
#16284 = DIRECTION('',(-0.707106781187,-0.,-0.707106781187));
#16285 = ORIENTED_EDGE('',*,*,#15248,.T.);
#16286 = ORIENTED_EDGE('',*,*,#16280,.T.);
#16287 = ORIENTED_EDGE('',*,*,#15425,.F.);
#16288 = CONICAL_SURFACE('',#16289,2.5,0.785398163397);
#16289 = AXIS2_PLACEMENT_3D('',#16290,#16291,#16292);
#16290 = CARTESIAN_POINT('',(0.,54.5,-22.5));
#16291 = DIRECTION('',(0.,0.,1.));
#16292 = DIRECTION('',(1.,0.,0.));
#16293 = ADVANCED_FACE('',(#16294),#16313,.F.);
#16294 = FACE_BOUND('',#16295,.F.);
#16295 = EDGE_LOOP('',(#16296,#16304,#16311,#16312));
#16296 = ORIENTED_EDGE('',*,*,#16297,.T.);
#16297 = EDGE_CURVE('',#15332,#16298,#16300,.T.);
#16298 = VERTEX_POINT('',#16299);
#16299 = CARTESIAN_POINT('',(-16.85,31.,-20.2));
#16300 = LINE('',#16301,#16302);
#16301 = CARTESIAN_POINT('',(-16.85,31.,-16.));
#16302 = VECTOR('',#16303,1.);
#16303 = DIRECTION('',(-0.,-0.,-1.));
#16304 = ORIENTED_EDGE('',*,*,#16305,.T.);
#16305 = EDGE_CURVE('',#16298,#16298,#16306,.T.);
#16306 = CIRCLE('',#16307,2.35);
#16307 = AXIS2_PLACEMENT_3D('',#16308,#16309,#16310);
#16308 = CARTESIAN_POINT('',(-19.2,31.,-20.2));
#16309 = DIRECTION('',(0.,0.,1.));
#16310 = DIRECTION('',(1.,0.,0.));
#16311 = ORIENTED_EDGE('',*,*,#16297,.F.);
#16312 = ORIENTED_EDGE('',*,*,#15341,.F.);
#16313 = CYLINDRICAL_SURFACE('',#16314,2.35);
#16314 = AXIS2_PLACEMENT_3D('',#16315,#16316,#16317);
#16315 = CARTESIAN_POINT('',(-19.2,31.,-16.));
#16316 = DIRECTION('',(0.,0.,1.));
#16317 = DIRECTION('',(1.,0.,0.));
#16318 = ADVANCED_FACE('',(#16319),#16338,.F.);
#16319 = FACE_BOUND('',#16320,.F.);
#16320 = EDGE_LOOP('',(#16321,#16329,#16336,#16337));
#16321 = ORIENTED_EDGE('',*,*,#16322,.T.);
#16322 = EDGE_CURVE('',#15357,#16323,#16325,.T.);
#16323 = VERTEX_POINT('',#16324);
#16324 = CARTESIAN_POINT('',(-16.85,-31.,-20.2));
#16325 = LINE('',#16326,#16327);
#16326 = CARTESIAN_POINT('',(-16.85,-31.,-16.));
#16327 = VECTOR('',#16328,1.);
#16328 = DIRECTION('',(-0.,-0.,-1.));
#16329 = ORIENTED_EDGE('',*,*,#16330,.T.);
#16330 = EDGE_CURVE('',#16323,#16323,#16331,.T.);
#16331 = CIRCLE('',#16332,2.35);
#16332 = AXIS2_PLACEMENT_3D('',#16333,#16334,#16335);
#16333 = CARTESIAN_POINT('',(-19.2,-31.,-20.2));
#16334 = DIRECTION('',(0.,0.,1.));
#16335 = DIRECTION('',(1.,0.,0.));
#16336 = ORIENTED_EDGE('',*,*,#16322,.F.);
#16337 = ORIENTED_EDGE('',*,*,#15366,.F.);
#16338 = CYLINDRICAL_SURFACE('',#16339,2.35);
#16339 = AXIS2_PLACEMENT_3D('',#16340,#16341,#16342);
#16340 = CARTESIAN_POINT('',(-19.2,-31.,-16.));
#16341 = DIRECTION('',(0.,0.,1.));
#16342 = DIRECTION('',(1.,0.,0.));
#16343 = ADVANCED_FACE('',(#16344),#16369,.T.);
#16344 = FACE_BOUND('',#16345,.T.);
#16345 = EDGE_LOOP('',(#16346,#16354,#16355,#16363));
#16346 = ORIENTED_EDGE('',*,*,#16347,.T.);
#16347 = EDGE_CURVE('',#16348,#15547,#16350,.T.);
#16348 = VERTEX_POINT('',#16349);
#16349 = CARTESIAN_POINT('',(50.,11.927810077797,-7.86053401085));
#16350 = LINE('',#16351,#16352);
#16351 = CARTESIAN_POINT('',(50.,11.927810077797,-7.86053401085));
#16352 = VECTOR('',#16353,1.);
#16353 = DIRECTION('',(-1.,-0.,-0.));
#16354 = ORIENTED_EDGE('',*,*,#15546,.T.);
#16355 = ORIENTED_EDGE('',*,*,#16356,.F.);
#16356 = EDGE_CURVE('',#16357,#15549,#16359,.T.);
#16357 = VERTEX_POINT('',#16358);
#16358 = CARTESIAN_POINT('',(50.,11.794304616257,-7.264730577807));
#16359 = LINE('',#16360,#16361);
#16360 = CARTESIAN_POINT('',(50.,11.794304616257,-7.264730577807));
#16361 = VECTOR('',#16362,1.);
#16362 = DIRECTION('',(-1.,-0.,-0.));
#16363 = ORIENTED_EDGE('',*,*,#16364,.F.);
#16364 = EDGE_CURVE('',#16348,#16357,#16365,.T.);
#16365 = B_SPLINE_CURVE_WITH_KNOTS('',2,(#16366,#16367,#16368),
  .UNSPECIFIED.,.F.,.F.,(3,3),(0.,1.),.PIECEWISE_BEZIER_KNOTS.);
#16366 = CARTESIAN_POINT('',(50.,11.927810077797,-7.86053401085));
#16367 = CARTESIAN_POINT('',(50.,11.928291252854,-7.449811170306));
#16368 = CARTESIAN_POINT('',(50.,11.794304616257,-7.264730577807));
#16369 = SURFACE_OF_LINEAR_EXTRUSION('',#16370,#16374);
#16370 = B_SPLINE_CURVE_WITH_KNOTS('',2,(#16371,#16372,#16373),
  .UNSPECIFIED.,.F.,.F.,(3,3),(0.,1.),.PIECEWISE_BEZIER_KNOTS.);
#16371 = CARTESIAN_POINT('',(50.,11.927810077797,-7.86053401085));
#16372 = CARTESIAN_POINT('',(50.,11.928291252854,-7.449811170306));
#16373 = CARTESIAN_POINT('',(50.,11.794304616257,-7.264730577807));
#16374 = VECTOR('',#16375,1.);
#16375 = DIRECTION('',(1.,0.,0.));
#16376 = ADVANCED_FACE('',(#16377),#16395,.T.);
#16377 = FACE_BOUND('',#16378,.T.);
#16378 = EDGE_LOOP('',(#16379,#16380,#16381,#16389));
#16379 = ORIENTED_EDGE('',*,*,#16356,.T.);
#16380 = ORIENTED_EDGE('',*,*,#15556,.T.);
#16381 = ORIENTED_EDGE('',*,*,#16382,.F.);
#16382 = EDGE_CURVE('',#16383,#15557,#16385,.T.);
#16383 = VERTEX_POINT('',#16384);
#16384 = CARTESIAN_POINT('',(50.,11.404692333097,-7.07964992679));
#16385 = LINE('',#16386,#16387);
#16386 = CARTESIAN_POINT('',(50.,11.404692333097,-7.07964992679));
#16387 = VECTOR('',#16388,1.);
#16388 = DIRECTION('',(-1.,-0.,-0.));
#16389 = ORIENTED_EDGE('',*,*,#16390,.F.);
#16390 = EDGE_CURVE('',#16357,#16383,#16391,.T.);
#16391 = B_SPLINE_CURVE_WITH_KNOTS('',2,(#16392,#16393,#16394),
  .UNSPECIFIED.,.F.,.F.,(3,3),(0.,1.),.PIECEWISE_BEZIER_KNOTS.);
#16392 = CARTESIAN_POINT('',(50.,11.794304616257,-7.264730577807));
#16393 = CARTESIAN_POINT('',(50.,11.66031797966,-7.079649985307));
#16394 = CARTESIAN_POINT('',(50.,11.404692333097,-7.07964992679));
#16395 = SURFACE_OF_LINEAR_EXTRUSION('',#16396,#16400);
#16396 = B_SPLINE_CURVE_WITH_KNOTS('',2,(#16397,#16398,#16399),
  .UNSPECIFIED.,.F.,.F.,(3,3),(0.,1.),.PIECEWISE_BEZIER_KNOTS.);
#16397 = CARTESIAN_POINT('',(50.,11.794304616257,-7.264730577807));
#16398 = CARTESIAN_POINT('',(50.,11.66031797966,-7.079649985307));
#16399 = CARTESIAN_POINT('',(50.,11.404692333097,-7.07964992679));
#16400 = VECTOR('',#16401,1.);
#16401 = DIRECTION('',(1.,0.,0.));
#16402 = ADVANCED_FACE('',(#16403),#16421,.T.);
#16403 = FACE_BOUND('',#16404,.T.);
#16404 = EDGE_LOOP('',(#16405,#16406,#16407,#16415));
#16405 = ORIENTED_EDGE('',*,*,#16382,.T.);
#16406 = ORIENTED_EDGE('',*,*,#15564,.T.);
#16407 = ORIENTED_EDGE('',*,*,#16408,.F.);
#16408 = EDGE_CURVE('',#16409,#15565,#16411,.T.);
#16409 = VERTEX_POINT('',#16410);
#16410 = CARTESIAN_POINT('',(50.,10.858442789672,-7.860533766053));
#16411 = LINE('',#16412,#16413);
#16412 = CARTESIAN_POINT('',(50.,10.858442789672,-7.860533766053));
#16413 = VECTOR('',#16414,1.);
#16414 = DIRECTION('',(-1.,-0.,-0.));
#16415 = ORIENTED_EDGE('',*,*,#16416,.F.);
#16416 = EDGE_CURVE('',#16383,#16409,#16417,.T.);
#16417 = B_SPLINE_CURVE_WITH_KNOTS('',2,(#16418,#16419,#16420),
  .UNSPECIFIED.,.F.,.F.,(3,3),(0.,1.),.PIECEWISE_BEZIER_KNOTS.);
#16418 = CARTESIAN_POINT('',(50.,11.404692333097,-7.07964992679));
#16419 = CARTESIAN_POINT('',(50.,10.859357620428,-7.079649801953));
#16420 = CARTESIAN_POINT('',(50.,10.858442789672,-7.860533766053));
#16421 = SURFACE_OF_LINEAR_EXTRUSION('',#16422,#16426);
#16422 = B_SPLINE_CURVE_WITH_KNOTS('',2,(#16423,#16424,#16425),
  .UNSPECIFIED.,.F.,.F.,(3,3),(0.,1.),.PIECEWISE_BEZIER_KNOTS.);
#16423 = CARTESIAN_POINT('',(50.,11.404692333097,-7.07964992679));
#16424 = CARTESIAN_POINT('',(50.,10.859357620428,-7.079649801953));
#16425 = CARTESIAN_POINT('',(50.,10.858442789672,-7.860533766053));
#16426 = VECTOR('',#16427,1.);
#16427 = DIRECTION('',(1.,0.,0.));
#16428 = ADVANCED_FACE('',(#16429),#16447,.T.);
#16429 = FACE_BOUND('',#16430,.T.);
#16430 = EDGE_LOOP('',(#16431,#16432,#16433,#16441));
#16431 = ORIENTED_EDGE('',*,*,#16408,.T.);
#16432 = ORIENTED_EDGE('',*,*,#15572,.T.);
#16433 = ORIENTED_EDGE('',*,*,#16434,.F.);
#16434 = EDGE_CURVE('',#16435,#15573,#16437,.T.);
#16435 = VERTEX_POINT('',#16436);
#16436 = CARTESIAN_POINT('',(50.,10.990823435536,-8.446693154238));
#16437 = LINE('',#16438,#16439);
#16438 = CARTESIAN_POINT('',(50.,10.990823435536,-8.446693154238));
#16439 = VECTOR('',#16440,1.);
#16440 = DIRECTION('',(-1.,-0.,-0.));
#16441 = ORIENTED_EDGE('',*,*,#16442,.F.);
#16442 = EDGE_CURVE('',#16409,#16435,#16443,.T.);
#16443 = B_SPLINE_CURVE_WITH_KNOTS('',2,(#16444,#16445,#16446),
  .UNSPECIFIED.,.F.,.F.,(3,3),(0.,1.),.PIECEWISE_BEZIER_KNOTS.);
#16444 = CARTESIAN_POINT('',(50.,10.858442789672,-7.860533766053));
#16445 = CARTESIAN_POINT('',(50.,10.857991688055,-8.245586429063));
#16446 = CARTESIAN_POINT('',(50.,10.990823435536,-8.446693154238));
#16447 = SURFACE_OF_LINEAR_EXTRUSION('',#16448,#16452);
#16448 = B_SPLINE_CURVE_WITH_KNOTS('',2,(#16449,#16450,#16451),
  .UNSPECIFIED.,.F.,.F.,(3,3),(0.,1.),.PIECEWISE_BEZIER_KNOTS.);
#16449 = CARTESIAN_POINT('',(50.,10.858442789672,-7.860533766053));
#16450 = CARTESIAN_POINT('',(50.,10.857991688055,-8.245586429063));
#16451 = CARTESIAN_POINT('',(50.,10.990823435536,-8.446693154238));
#16452 = VECTOR('',#16453,1.);
#16453 = DIRECTION('',(1.,0.,0.));
#16454 = ADVANCED_FACE('',(#16455),#16473,.T.);
#16455 = FACE_BOUND('',#16456,.T.);
#16456 = EDGE_LOOP('',(#16457,#16458,#16459,#16467));
#16457 = ORIENTED_EDGE('',*,*,#16434,.T.);
#16458 = ORIENTED_EDGE('',*,*,#15580,.T.);
#16459 = ORIENTED_EDGE('',*,*,#16460,.F.);
#16460 = EDGE_CURVE('',#16461,#15581,#16463,.T.);
#16461 = VERTEX_POINT('',#16462);
#16462 = CARTESIAN_POINT('',(50.,11.375162416385,-8.647799936988));
#16463 = LINE('',#16464,#16465);
#16464 = CARTESIAN_POINT('',(50.,11.375162416385,-8.647799936988));
#16465 = VECTOR('',#16466,1.);
#16466 = DIRECTION('',(-1.,-0.,-0.));
#16467 = ORIENTED_EDGE('',*,*,#16468,.F.);
#16468 = EDGE_CURVE('',#16435,#16461,#16469,.T.);
#16469 = B_SPLINE_CURVE_WITH_KNOTS('',2,(#16470,#16471,#16472),
  .UNSPECIFIED.,.F.,.F.,(3,3),(0.,1.),.PIECEWISE_BEZIER_KNOTS.);
#16470 = CARTESIAN_POINT('',(50.,10.990823435536,-8.446693154238));
#16471 = CARTESIAN_POINT('',(50.,11.123797197264,-8.647799879446));
#16472 = CARTESIAN_POINT('',(50.,11.375162416385,-8.647799936988));
#16473 = SURFACE_OF_LINEAR_EXTRUSION('',#16474,#16478);
#16474 = B_SPLINE_CURVE_WITH_KNOTS('',2,(#16475,#16476,#16477),
  .UNSPECIFIED.,.F.,.F.,(3,3),(0.,1.),.PIECEWISE_BEZIER_KNOTS.);
#16475 = CARTESIAN_POINT('',(50.,10.990823435536,-8.446693154238));
#16476 = CARTESIAN_POINT('',(50.,11.123797197264,-8.647799879446));
#16477 = CARTESIAN_POINT('',(50.,11.375162416385,-8.647799936988));
#16478 = VECTOR('',#16479,1.);
#16479 = DIRECTION('',(1.,0.,0.));
#16480 = ADVANCED_FACE('',(#16481),#16492,.T.);
#16481 = FACE_BOUND('',#16482,.T.);
#16482 = EDGE_LOOP('',(#16483,#16484,#16485,#16486));
#16483 = ORIENTED_EDGE('',*,*,#16460,.T.);
#16484 = ORIENTED_EDGE('',*,*,#15588,.T.);
#16485 = ORIENTED_EDGE('',*,*,#16347,.F.);
#16486 = ORIENTED_EDGE('',*,*,#16487,.F.);
#16487 = EDGE_CURVE('',#16461,#16348,#16488,.T.);
#16488 = B_SPLINE_CURVE_WITH_KNOTS('',2,(#16489,#16490,#16491),
  .UNSPECIFIED.,.F.,.F.,(3,3),(0.,1.),.PIECEWISE_BEZIER_KNOTS.);
#16489 = CARTESIAN_POINT('',(50.,11.375162416385,-8.647799936988));
#16490 = CARTESIAN_POINT('',(50.,11.926887770219,-8.647800063287));
#16491 = CARTESIAN_POINT('',(50.,11.927810077797,-7.86053401085));
#16492 = SURFACE_OF_LINEAR_EXTRUSION('',#16493,#16497);
#16493 = B_SPLINE_CURVE_WITH_KNOTS('',2,(#16494,#16495,#16496),
  .UNSPECIFIED.,.F.,.F.,(3,3),(0.,1.),.PIECEWISE_BEZIER_KNOTS.);
#16494 = CARTESIAN_POINT('',(50.,11.375162416385,-8.647799936988));
#16495 = CARTESIAN_POINT('',(50.,11.926887770219,-8.647800063287));
#16496 = CARTESIAN_POINT('',(50.,11.927810077797,-7.86053401085));
#16497 = VECTOR('',#16498,1.);
#16498 = DIRECTION('',(1.,0.,0.));
#16499 = ADVANCED_FACE('',(#16500),#16525,.T.);
#16500 = FACE_BOUND('',#16501,.T.);
#16501 = EDGE_LOOP('',(#16502,#16510,#16511,#16519));
#16502 = ORIENTED_EDGE('',*,*,#16503,.T.);
#16503 = EDGE_CURVE('',#16504,#15642,#16506,.T.);
#16504 = VERTEX_POINT('',#16505);
#16505 = CARTESIAN_POINT('',(50.,9.280281801543,-6.974983191718));
#16506 = LINE('',#16507,#16508);
#16507 = CARTESIAN_POINT('',(50.,9.280281801543,-6.974983191718));
#16508 = VECTOR('',#16509,1.);
#16509 = DIRECTION('',(-1.,-0.,-0.));
#16510 = ORIENTED_EDGE('',*,*,#15641,.T.);
#16511 = ORIENTED_EDGE('',*,*,#16512,.F.);
#16512 = EDGE_CURVE('',#16513,#15644,#16515,.T.);
#16513 = VERTEX_POINT('',#16514);
#16514 = CARTESIAN_POINT('',(50.,8.722719091402,-6.502708527005));
#16515 = LINE('',#16516,#16517);
#16516 = CARTESIAN_POINT('',(50.,8.722719091402,-6.502708527005));
#16517 = VECTOR('',#16518,1.);
#16518 = DIRECTION('',(-1.,-0.,-0.));
#16519 = ORIENTED_EDGE('',*,*,#16520,.F.);
#16520 = EDGE_CURVE('',#16504,#16513,#16521,.T.);
#16521 = B_SPLINE_CURVE_WITH_KNOTS('',2,(#16522,#16523,#16524),
  .UNSPECIFIED.,.F.,.F.,(3,3),(0.,1.),.PIECEWISE_BEZIER_KNOTS.);
#16522 = CARTESIAN_POINT('',(50.,9.280281801543,-6.974983191718));
#16523 = CARTESIAN_POINT('',(50.,9.280835086399,-6.502708654767));
#16524 = CARTESIAN_POINT('',(50.,8.722719091402,-6.502708527005));
#16525 = SURFACE_OF_LINEAR_EXTRUSION('',#16526,#16530);
#16526 = B_SPLINE_CURVE_WITH_KNOTS('',2,(#16527,#16528,#16529),
  .UNSPECIFIED.,.F.,.F.,(3,3),(0.,1.),.PIECEWISE_BEZIER_KNOTS.);
#16527 = CARTESIAN_POINT('',(50.,9.280281801543,-6.974983191718));
#16528 = CARTESIAN_POINT('',(50.,9.280835086399,-6.502708654767));
#16529 = CARTESIAN_POINT('',(50.,8.722719091402,-6.502708527005));
#16530 = VECTOR('',#16531,1.);
#16531 = DIRECTION('',(1.,0.,0.));
#16532 = ADVANCED_FACE('',(#16533),#16551,.T.);
#16533 = FACE_BOUND('',#16534,.T.);
#16534 = EDGE_LOOP('',(#16535,#16536,#16537,#16545));
#16535 = ORIENTED_EDGE('',*,*,#16512,.T.);
#16536 = ORIENTED_EDGE('',*,*,#15651,.T.);
#16537 = ORIENTED_EDGE('',*,*,#16538,.F.);
#16538 = EDGE_CURVE('',#16539,#15652,#16541,.T.);
#16539 = VERTEX_POINT('',#16540);
#16540 = CARTESIAN_POINT('',(50.,8.073003906386,-6.502708378274));
#16541 = LINE('',#16542,#16543);
#16542 = CARTESIAN_POINT('',(50.,8.073003906386,-6.502708378274));
#16543 = VECTOR('',#16544,1.);
#16544 = DIRECTION('',(-1.,-0.,-0.));
#16545 = ORIENTED_EDGE('',*,*,#16546,.F.);
#16546 = EDGE_CURVE('',#16513,#16539,#16547,.T.);
#16547 = LINE('',#16548,#16549);
#16548 = CARTESIAN_POINT('',(50.,8.722719091402,-6.502708527005));
#16549 = VECTOR('',#16550,1.);
#16550 = DIRECTION('',(0.,-1.,2.289171417677E-07));
#16551 = PLANE('',#16552);
#16552 = AXIS2_PLACEMENT_3D('',#16553,#16554,#16555);
#16553 = CARTESIAN_POINT('',(50.,8.722719091402,-6.502708527005));
#16554 = DIRECTION('',(0.,2.289171417677E-07,1.));
#16555 = DIRECTION('',(0.,-1.,2.289171417677E-07));
#16556 = ADVANCED_FACE('',(#16557),#16575,.T.);
#16557 = FACE_BOUND('',#16558,.T.);
#16558 = EDGE_LOOP('',(#16559,#16560,#16561,#16569));
#16559 = ORIENTED_EDGE('',*,*,#16538,.T.);
#16560 = ORIENTED_EDGE('',*,*,#15659,.T.);
#16561 = ORIENTED_EDGE('',*,*,#16562,.F.);
#16562 = EDGE_CURVE('',#16563,#15660,#16565,.T.);
#16563 = VERTEX_POINT('',#16564);
#16564 = CARTESIAN_POINT('',(50.,8.071864770959,-7.475054992489));
#16565 = LINE('',#16566,#16567);
#16566 = CARTESIAN_POINT('',(50.,8.071864770959,-7.475054992489));
#16567 = VECTOR('',#16568,1.);
#16568 = DIRECTION('',(-1.,-0.,-0.));
#16569 = ORIENTED_EDGE('',*,*,#16570,.F.);
#16570 = EDGE_CURVE('',#16539,#16563,#16571,.T.);
#16571 = LINE('',#16572,#16573);
#16572 = CARTESIAN_POINT('',(50.,8.073003906386,-6.502708378274));
#16573 = VECTOR('',#16574,1.);
#16574 = DIRECTION('',(0.,-1.171531456478E-03,-0.999999313757));
#16575 = PLANE('',#16576);
#16576 = AXIS2_PLACEMENT_3D('',#16577,#16578,#16579);
#16577 = CARTESIAN_POINT('',(50.,8.073003906386,-6.502708378274));
#16578 = DIRECTION('',(0.,-0.999999313757,1.171531456478E-03));
#16579 = DIRECTION('',(0.,-1.171531456478E-03,-0.999999313757));
#16580 = ADVANCED_FACE('',(#16581),#16599,.T.);
#16581 = FACE_BOUND('',#16582,.T.);
#16582 = EDGE_LOOP('',(#16583,#16584,#16585,#16593));
#16583 = ORIENTED_EDGE('',*,*,#16562,.T.);
#16584 = ORIENTED_EDGE('',*,*,#15667,.T.);
#16585 = ORIENTED_EDGE('',*,*,#16586,.F.);
#16586 = EDGE_CURVE('',#16587,#15668,#16589,.T.);
#16587 = VERTEX_POINT('',#16588);
#16588 = CARTESIAN_POINT('',(50.,8.738621665746,-7.475055145121));
#16589 = LINE('',#16590,#16591);
#16590 = CARTESIAN_POINT('',(50.,8.738621665746,-7.475055145121));
#16591 = VECTOR('',#16592,1.);
#16592 = DIRECTION('',(-1.,-0.,-0.));
#16593 = ORIENTED_EDGE('',*,*,#16594,.F.);
#16594 = EDGE_CURVE('',#16563,#16587,#16595,.T.);
#16595 = LINE('',#16596,#16597);
#16596 = CARTESIAN_POINT('',(50.,8.071864770959,-7.475054992489));
#16597 = VECTOR('',#16598,1.);
#16598 = DIRECTION('',(0.,1.,-2.289171409816E-07));
#16599 = PLANE('',#16600);
#16600 = AXIS2_PLACEMENT_3D('',#16601,#16602,#16603);
#16601 = CARTESIAN_POINT('',(50.,8.071864770959,-7.475054992489));
#16602 = DIRECTION('',(0.,-2.289171409816E-07,-1.));
#16603 = DIRECTION('',(0.,1.,-2.289171409816E-07));
#16604 = ADVANCED_FACE('',(#16605),#16623,.T.);
#16605 = FACE_BOUND('',#16606,.T.);
#16606 = EDGE_LOOP('',(#16607,#16608,#16609,#16617));
#16607 = ORIENTED_EDGE('',*,*,#16586,.T.);
#16608 = ORIENTED_EDGE('',*,*,#15675,.T.);
#16609 = ORIENTED_EDGE('',*,*,#16610,.F.);
#16610 = EDGE_CURVE('',#16611,#15676,#16613,.T.);
#16611 = VERTEX_POINT('',#16612);
#16612 = CARTESIAN_POINT('',(50.,9.139252544871,-7.346420700757));
#16613 = LINE('',#16614,#16615);
#16614 = CARTESIAN_POINT('',(50.,9.139252544871,-7.346420700757));
#16615 = VECTOR('',#16616,1.);
#16616 = DIRECTION('',(-1.,-0.,-0.));
#16617 = ORIENTED_EDGE('',*,*,#16618,.F.);
#16618 = EDGE_CURVE('',#16587,#16611,#16619,.T.);
#16619 = B_SPLINE_CURVE_WITH_KNOTS('',2,(#16620,#16621,#16622),
  .UNSPECIFIED.,.F.,.F.,(3,3),(0.,1.),.PIECEWISE_BEZIER_KNOTS.);
#16620 = CARTESIAN_POINT('',(50.,8.738621665746,-7.475055145121));
#16621 = CARTESIAN_POINT('',(50.,8.998507739752,-7.475055204613));
#16622 = CARTESIAN_POINT('',(50.,9.139252544871,-7.346420700757));
#16623 = SURFACE_OF_LINEAR_EXTRUSION('',#16624,#16628);
#16624 = B_SPLINE_CURVE_WITH_KNOTS('',2,(#16625,#16626,#16627),
  .UNSPECIFIED.,.F.,.F.,(3,3),(0.,1.),.PIECEWISE_BEZIER_KNOTS.);
#16625 = CARTESIAN_POINT('',(50.,8.738621665746,-7.475055145121));
#16626 = CARTESIAN_POINT('',(50.,8.998507739752,-7.475055204613));
#16627 = CARTESIAN_POINT('',(50.,9.139252544871,-7.346420700757));
#16628 = VECTOR('',#16629,1.);
#16629 = DIRECTION('',(1.,0.,0.));
#16630 = ADVANCED_FACE('',(#16631),#16642,.T.);
#16631 = FACE_BOUND('',#16632,.T.);
#16632 = EDGE_LOOP('',(#16633,#16634,#16635,#16636));
#16633 = ORIENTED_EDGE('',*,*,#16610,.T.);
#16634 = ORIENTED_EDGE('',*,*,#15683,.T.);
#16635 = ORIENTED_EDGE('',*,*,#16503,.F.);
#16636 = ORIENTED_EDGE('',*,*,#16637,.F.);
#16637 = EDGE_CURVE('',#16611,#16504,#16638,.T.);
#16638 = B_SPLINE_CURVE_WITH_KNOTS('',2,(#16639,#16640,#16641),
  .UNSPECIFIED.,.F.,.F.,(3,3),(0.,1.),.PIECEWISE_BEZIER_KNOTS.);
#16639 = CARTESIAN_POINT('',(50.,9.139252544871,-7.346420700757));
#16640 = CARTESIAN_POINT('',(50.,9.279997516141,-7.217644372716));
#16641 = CARTESIAN_POINT('',(50.,9.280281801543,-6.974983191718));
#16642 = SURFACE_OF_LINEAR_EXTRUSION('',#16643,#16647);
#16643 = B_SPLINE_CURVE_WITH_KNOTS('',2,(#16644,#16645,#16646),
  .UNSPECIFIED.,.F.,.F.,(3,3),(0.,1.),.PIECEWISE_BEZIER_KNOTS.);
#16644 = CARTESIAN_POINT('',(50.,9.139252544871,-7.346420700757));
#16645 = CARTESIAN_POINT('',(50.,9.279997516141,-7.217644372716));
#16646 = CARTESIAN_POINT('',(50.,9.280281801543,-6.974983191718));
#16647 = VECTOR('',#16648,1.);
#16648 = DIRECTION('',(1.,0.,0.));
#16649 = ADVANCED_FACE('',(#16650),#16675,.T.);
#16650 = FACE_BOUND('',#16651,.T.);
#16651 = EDGE_LOOP('',(#16652,#16660,#16661,#16669));
#16652 = ORIENTED_EDGE('',*,*,#16653,.T.);
#16653 = EDGE_CURVE('',#16654,#15713,#16656,.T.);
#16654 = VERTEX_POINT('',#16655);
#16655 = CARTESIAN_POINT('',(50.,17.36208790265,-7.045613486066));
#16656 = LINE('',#16657,#16658);
#16657 = CARTESIAN_POINT('',(50.,17.36208790265,-7.045613486066));
#16658 = VECTOR('',#16659,1.);
#16659 = DIRECTION('',(-1.,-0.,-0.));
#16660 = ORIENTED_EDGE('',*,*,#15712,.T.);
#16661 = ORIENTED_EDGE('',*,*,#16662,.F.);
#16662 = EDGE_CURVE('',#16663,#15715,#16665,.T.);
#16663 = VERTEX_POINT('',#16664);
#16664 = CARTESIAN_POINT('',(50.,17.0369870038,-7.19268509181));
#16665 = LINE('',#16666,#16667);
#16666 = CARTESIAN_POINT('',(50.,17.0369870038,-7.19268509181));
#16667 = VECTOR('',#16668,1.);
#16668 = DIRECTION('',(-1.,-0.,-0.));
#16669 = ORIENTED_EDGE('',*,*,#16670,.F.);
#16670 = EDGE_CURVE('',#16654,#16663,#16671,.T.);
#16671 = B_SPLINE_CURVE_WITH_KNOTS('',2,(#16672,#16673,#16674),
  .UNSPECIFIED.,.F.,.F.,(3,3),(0.,1.),.PIECEWISE_BEZIER_KNOTS.);
#16672 = CARTESIAN_POINT('',(50.,17.36208790265,-7.045613486066));
#16673 = CARTESIAN_POINT('',(50.,17.151196744235,-7.045613437789));
#16674 = CARTESIAN_POINT('',(50.,17.0369870038,-7.19268509181));
#16675 = SURFACE_OF_LINEAR_EXTRUSION('',#16676,#16680);
#16676 = B_SPLINE_CURVE_WITH_KNOTS('',2,(#16677,#16678,#16679),
  .UNSPECIFIED.,.F.,.F.,(3,3),(0.,1.),.PIECEWISE_BEZIER_KNOTS.);
#16677 = CARTESIAN_POINT('',(50.,17.36208790265,-7.045613486066));
#16678 = CARTESIAN_POINT('',(50.,17.151196744235,-7.045613437789));
#16679 = CARTESIAN_POINT('',(50.,17.0369870038,-7.19268509181));
#16680 = VECTOR('',#16681,1.);
#16681 = DIRECTION('',(1.,0.,0.));
#16682 = ADVANCED_FACE('',(#16683),#16701,.T.);
#16683 = FACE_BOUND('',#16684,.T.);
#16684 = EDGE_LOOP('',(#16685,#16686,#16687,#16695));
#16685 = ORIENTED_EDGE('',*,*,#16662,.T.);
#16686 = ORIENTED_EDGE('',*,*,#15722,.T.);
#16687 = ORIENTED_EDGE('',*,*,#16688,.F.);
#16688 = EDGE_CURVE('',#16689,#15723,#16691,.T.);
#16689 = VERTEX_POINT('',#16690);
#16690 = CARTESIAN_POINT('',(50.,16.916219096002,-7.603975201559));
#16691 = LINE('',#16692,#16693);
#16692 = CARTESIAN_POINT('',(50.,16.916219096002,-7.603975201559));
#16693 = VECTOR('',#16694,1.);
#16694 = DIRECTION('',(-1.,-0.,-0.));
#16695 = ORIENTED_EDGE('',*,*,#16696,.F.);
#16696 = EDGE_CURVE('',#16663,#16689,#16697,.T.);
#16697 = B_SPLINE_CURVE_WITH_KNOTS('',2,(#16698,#16699,#16700),
  .UNSPECIFIED.,.F.,.F.,(3,3),(0.,1.),.PIECEWISE_BEZIER_KNOTS.);
#16698 = CARTESIAN_POINT('',(50.,17.0369870038,-7.19268509181));
#16699 = CARTESIAN_POINT('',(50.,16.922919277613,-7.339756745863));
#16700 = CARTESIAN_POINT('',(50.,16.916219096002,-7.603975201559));
#16701 = SURFACE_OF_LINEAR_EXTRUSION('',#16702,#16706);
#16702 = B_SPLINE_CURVE_WITH_KNOTS('',2,(#16703,#16704,#16705),
  .UNSPECIFIED.,.F.,.F.,(3,3),(0.,1.),.PIECEWISE_BEZIER_KNOTS.);
#16703 = CARTESIAN_POINT('',(50.,17.0369870038,-7.19268509181));
#16704 = CARTESIAN_POINT('',(50.,16.922919277613,-7.339756745863));
#16705 = CARTESIAN_POINT('',(50.,16.916219096002,-7.603975201559));
#16706 = VECTOR('',#16707,1.);
#16707 = DIRECTION('',(1.,0.,0.));
#16708 = ADVANCED_FACE('',(#16709),#16727,.T.);
#16709 = FACE_BOUND('',#16710,.T.);
#16710 = EDGE_LOOP('',(#16711,#16712,#16713,#16721));
#16711 = ORIENTED_EDGE('',*,*,#16688,.T.);
#16712 = ORIENTED_EDGE('',*,*,#15730,.T.);
#16713 = ORIENTED_EDGE('',*,*,#16714,.F.);
#16714 = EDGE_CURVE('',#16715,#15731,#16717,.T.);
#16715 = VERTEX_POINT('',#16716);
#16716 = CARTESIAN_POINT('',(50.,17.810908858975,-7.603975406369));
#16717 = LINE('',#16718,#16719);
#16718 = CARTESIAN_POINT('',(50.,17.810908858975,-7.603975406369));
#16719 = VECTOR('',#16720,1.);
#16720 = DIRECTION('',(-1.,-0.,-0.));
#16721 = ORIENTED_EDGE('',*,*,#16722,.F.);
#16722 = EDGE_CURVE('',#16689,#16715,#16723,.T.);
#16723 = LINE('',#16724,#16725);
#16724 = CARTESIAN_POINT('',(50.,16.916219096002,-7.603975201559));
#16725 = VECTOR('',#16726,1.);
#16726 = DIRECTION('',(0.,1.,-2.289171407913E-07));
#16727 = PLANE('',#16728);
#16728 = AXIS2_PLACEMENT_3D('',#16729,#16730,#16731);
#16729 = CARTESIAN_POINT('',(50.,16.916219096002,-7.603975201559));
#16730 = DIRECTION('',(0.,-2.289171407913E-07,-1.));
#16731 = DIRECTION('',(0.,1.,-2.289171407913E-07));
#16732 = ADVANCED_FACE('',(#16733),#16751,.T.);
#16733 = FACE_BOUND('',#16734,.T.);
#16734 = EDGE_LOOP('',(#16735,#16736,#16737,#16745));
#16735 = ORIENTED_EDGE('',*,*,#16714,.T.);
#16736 = ORIENTED_EDGE('',*,*,#15738,.T.);
#16737 = ORIENTED_EDGE('',*,*,#16738,.F.);
#16738 = EDGE_CURVE('',#16739,#15739,#16741,.T.);
#16739 = VERTEX_POINT('',#16740);
#16740 = CARTESIAN_POINT('',(50.,17.677196040229,-7.185168556543));
#16741 = LINE('',#16742,#16743);
#16742 = CARTESIAN_POINT('',(50.,17.677196040229,-7.185168556543));
#16743 = VECTOR('',#16744,1.);
#16744 = DIRECTION('',(-1.,-0.,-0.));
#16745 = ORIENTED_EDGE('',*,*,#16746,.F.);
#16746 = EDGE_CURVE('',#16715,#16739,#16747,.T.);
#16747 = B_SPLINE_CURVE_WITH_KNOTS('',2,(#16748,#16749,#16750),
  .UNSPECIFIED.,.F.,.F.,(3,3),(0.,1.),.PIECEWISE_BEZIER_KNOTS.);
#16748 = CARTESIAN_POINT('',(50.,17.810908858975,-7.603975406369));
#16749 = CARTESIAN_POINT('',(50.,17.794194301721,-7.32472358167));
#16750 = CARTESIAN_POINT('',(50.,17.677196040229,-7.185168556543));
#16751 = SURFACE_OF_LINEAR_EXTRUSION('',#16752,#16756);
#16752 = B_SPLINE_CURVE_WITH_KNOTS('',2,(#16753,#16754,#16755),
  .UNSPECIFIED.,.F.,.F.,(3,3),(0.,1.),.PIECEWISE_BEZIER_KNOTS.);
#16753 = CARTESIAN_POINT('',(50.,17.810908858975,-7.603975406369));
#16754 = CARTESIAN_POINT('',(50.,17.794194301721,-7.32472358167));
#16755 = CARTESIAN_POINT('',(50.,17.677196040229,-7.185168556543));
#16756 = VECTOR('',#16757,1.);
#16757 = DIRECTION('',(1.,0.,0.));
#16758 = ADVANCED_FACE('',(#16759),#16770,.T.);
#16759 = FACE_BOUND('',#16760,.T.);
#16760 = EDGE_LOOP('',(#16761,#16762,#16763,#16764));
#16761 = ORIENTED_EDGE('',*,*,#16738,.T.);
#16762 = ORIENTED_EDGE('',*,*,#15746,.T.);
#16763 = ORIENTED_EDGE('',*,*,#16653,.F.);
#16764 = ORIENTED_EDGE('',*,*,#16765,.F.);
#16765 = EDGE_CURVE('',#16739,#16654,#16766,.T.);
#16766 = B_SPLINE_CURVE_WITH_KNOTS('',2,(#16767,#16768,#16769),
  .UNSPECIFIED.,.F.,.F.,(3,3),(0.,1.),.PIECEWISE_BEZIER_KNOTS.);
#16767 = CARTESIAN_POINT('',(50.,17.677196040229,-7.185168556543));
#16768 = CARTESIAN_POINT('',(50.,17.560197778736,-7.045613531416));
#16769 = CARTESIAN_POINT('',(50.,17.36208790265,-7.045613486066));
#16770 = SURFACE_OF_LINEAR_EXTRUSION('',#16771,#16775);
#16771 = B_SPLINE_CURVE_WITH_KNOTS('',2,(#16772,#16773,#16774),
  .UNSPECIFIED.,.F.,.F.,(3,3),(0.,1.),.PIECEWISE_BEZIER_KNOTS.);
#16772 = CARTESIAN_POINT('',(50.,17.677196040229,-7.185168556543));
#16773 = CARTESIAN_POINT('',(50.,17.560197778736,-7.045613531416));
#16774 = CARTESIAN_POINT('',(50.,17.36208790265,-7.045613486066));
#16775 = VECTOR('',#16776,1.);
#16776 = DIRECTION('',(1.,0.,0.));
#16777 = ADVANCED_FACE('',(#16778),#16803,.T.);
#16778 = FACE_BOUND('',#16779,.T.);
#16779 = EDGE_LOOP('',(#16780,#16788,#16789,#16797));
#16780 = ORIENTED_EDGE('',*,*,#16781,.T.);
#16781 = EDGE_CURVE('',#16782,#15799,#16784,.T.);
#16782 = VERTEX_POINT('',#16783);
#16783 = CARTESIAN_POINT('',(50.,23.769663079557,-8.10731080409));
#16784 = LINE('',#16785,#16786);
#16785 = CARTESIAN_POINT('',(50.,23.769663079557,-8.10731080409));
#16786 = VECTOR('',#16787,1.);
#16787 = DIRECTION('',(-1.,-0.,-0.));
#16788 = ORIENTED_EDGE('',*,*,#15798,.T.);
#16789 = ORIENTED_EDGE('',*,*,#16790,.F.);
#16790 = EDGE_CURVE('',#16791,#15801,#16793,.T.);
#16791 = VERTEX_POINT('',#16792);
#16792 = CARTESIAN_POINT('',(50.,23.165175354512,-7.686518307902));
#16793 = LINE('',#16794,#16795);
#16794 = CARTESIAN_POINT('',(50.,23.165175354512,-7.686518307902));
#16795 = VECTOR('',#16796,1.);
#16796 = DIRECTION('',(-1.,-0.,-0.));
#16797 = ORIENTED_EDGE('',*,*,#16798,.F.);
#16798 = EDGE_CURVE('',#16782,#16791,#16799,.T.);
#16799 = B_SPLINE_CURVE_WITH_KNOTS('',2,(#16800,#16801,#16802),
  .UNSPECIFIED.,.F.,.F.,(3,3),(0.,1.),.PIECEWISE_BEZIER_KNOTS.);
#16800 = CARTESIAN_POINT('',(50.,23.769663079557,-8.10731080409));
#16801 = CARTESIAN_POINT('',(50.,23.770156051379,-7.686518446392));
#16802 = CARTESIAN_POINT('',(50.,23.165175354512,-7.686518307902));
#16803 = SURFACE_OF_LINEAR_EXTRUSION('',#16804,#16808);
#16804 = B_SPLINE_CURVE_WITH_KNOTS('',2,(#16805,#16806,#16807),
  .UNSPECIFIED.,.F.,.F.,(3,3),(0.,1.),.PIECEWISE_BEZIER_KNOTS.);
#16805 = CARTESIAN_POINT('',(50.,23.769663079557,-8.10731080409));
#16806 = CARTESIAN_POINT('',(50.,23.770156051379,-7.686518446392));
#16807 = CARTESIAN_POINT('',(50.,23.165175354512,-7.686518307902));
#16808 = VECTOR('',#16809,1.);
#16809 = DIRECTION('',(1.,0.,0.));
#16810 = ADVANCED_FACE('',(#16811),#16829,.T.);
#16811 = FACE_BOUND('',#16812,.T.);
#16812 = EDGE_LOOP('',(#16813,#16814,#16815,#16823));
#16813 = ORIENTED_EDGE('',*,*,#16790,.T.);
#16814 = ORIENTED_EDGE('',*,*,#15808,.T.);
#16815 = ORIENTED_EDGE('',*,*,#16816,.F.);
#16816 = EDGE_CURVE('',#16817,#15809,#16819,.T.);
#16817 = VERTEX_POINT('',#16818);
#16818 = CARTESIAN_POINT('',(50.,22.368475422722,-7.686518125523));
#16819 = LINE('',#16820,#16821);
#16820 = CARTESIAN_POINT('',(50.,22.368475422722,-7.686518125523));
#16821 = VECTOR('',#16822,1.);
#16822 = DIRECTION('',(-1.,-0.,-0.));
#16823 = ORIENTED_EDGE('',*,*,#16824,.F.);
#16824 = EDGE_CURVE('',#16791,#16817,#16825,.T.);
#16825 = LINE('',#16826,#16827);
#16826 = CARTESIAN_POINT('',(50.,23.165175354512,-7.686518307902));
#16827 = VECTOR('',#16828,1.);
#16828 = DIRECTION('',(0.,-1.,2.289171411098E-07));
#16829 = PLANE('',#16830);
#16830 = AXIS2_PLACEMENT_3D('',#16831,#16832,#16833);
#16831 = CARTESIAN_POINT('',(50.,23.165175354512,-7.686518307902));
#16832 = DIRECTION('',(0.,2.289171411098E-07,1.));
#16833 = DIRECTION('',(0.,-1.,2.289171411098E-07));
#16834 = ADVANCED_FACE('',(#16835),#16853,.T.);
#16835 = FACE_BOUND('',#16836,.T.);
#16836 = EDGE_LOOP('',(#16837,#16838,#16839,#16847));
#16837 = ORIENTED_EDGE('',*,*,#16816,.T.);
#16838 = ORIENTED_EDGE('',*,*,#15816,.T.);
#16839 = ORIENTED_EDGE('',*,*,#16840,.F.);
#16840 = EDGE_CURVE('',#16841,#15817,#16843,.T.);
#16841 = VERTEX_POINT('',#16842);
#16842 = CARTESIAN_POINT('',(50.,22.367469707036,-8.544979918967));
#16843 = LINE('',#16844,#16845);
#16844 = CARTESIAN_POINT('',(50.,22.367469707036,-8.544979918967));
#16845 = VECTOR('',#16846,1.);
#16846 = DIRECTION('',(-1.,-0.,-0.));
#16847 = ORIENTED_EDGE('',*,*,#16848,.F.);
#16848 = EDGE_CURVE('',#16817,#16841,#16849,.T.);
#16849 = LINE('',#16850,#16851);
#16850 = CARTESIAN_POINT('',(50.,22.368475422722,-7.686518125523));
#16851 = VECTOR('',#16852,1.);
#16852 = DIRECTION('',(0.,-1.171531456475E-03,-0.999999313757));
#16853 = PLANE('',#16854);
#16854 = AXIS2_PLACEMENT_3D('',#16855,#16856,#16857);
#16855 = CARTESIAN_POINT('',(50.,22.368475422722,-7.686518125523));
#16856 = DIRECTION('',(0.,-0.999999313757,1.171531456475E-03));
#16857 = DIRECTION('',(0.,-1.171531456475E-03,-0.999999313757));
#16858 = ADVANCED_FACE('',(#16859),#16877,.T.);
#16859 = FACE_BOUND('',#16860,.T.);
#16860 = EDGE_LOOP('',(#16861,#16862,#16863,#16871));
#16861 = ORIENTED_EDGE('',*,*,#16840,.T.);
#16862 = ORIENTED_EDGE('',*,*,#15824,.T.);
#16863 = ORIENTED_EDGE('',*,*,#16864,.F.);
#16864 = EDGE_CURVE('',#16865,#15825,#16867,.T.);
#16865 = VERTEX_POINT('',#16866);
#16866 = CARTESIAN_POINT('',(50.,23.187601989762,-8.544980106709));
#16867 = LINE('',#16868,#16869);
#16868 = CARTESIAN_POINT('',(50.,23.187601989762,-8.544980106709));
#16869 = VECTOR('',#16870,1.);
#16870 = DIRECTION('',(-1.,-0.,-0.));
#16871 = ORIENTED_EDGE('',*,*,#16872,.F.);
#16872 = EDGE_CURVE('',#16841,#16865,#16873,.T.);
#16873 = LINE('',#16874,#16875);
#16874 = CARTESIAN_POINT('',(50.,22.367469707036,-8.544979918967));
#16875 = VECTOR('',#16876,1.);
#16876 = DIRECTION('',(0.,1.,-2.289171407913E-07));
#16877 = PLANE('',#16878);
#16878 = AXIS2_PLACEMENT_3D('',#16879,#16880,#16881);
#16879 = CARTESIAN_POINT('',(50.,22.367469707036,-8.544979918967));
#16880 = DIRECTION('',(0.,-2.289171407913E-07,-1.));
#16881 = DIRECTION('',(0.,1.,-2.289171407913E-07));
#16882 = ADVANCED_FACE('',(#16883),#16901,.T.);
#16883 = FACE_BOUND('',#16884,.T.);
#16884 = EDGE_LOOP('',(#16885,#16886,#16887,#16895));
#16885 = ORIENTED_EDGE('',*,*,#16864,.T.);
#16886 = ORIENTED_EDGE('',*,*,#15832,.T.);
#16887 = ORIENTED_EDGE('',*,*,#16888,.F.);
#16888 = EDGE_CURVE('',#16889,#15833,#16891,.T.);
#16889 = VERTEX_POINT('',#16890);
#16890 = CARTESIAN_POINT('',(50.,23.629678432711,-8.435633761035));
#16891 = LINE('',#16892,#16893);
#16892 = CARTESIAN_POINT('',(50.,23.629678432711,-8.435633761035));
#16893 = VECTOR('',#16894,1.);
#16894 = DIRECTION('',(-1.,-0.,-0.));
#16895 = ORIENTED_EDGE('',*,*,#16896,.F.);
#16896 = EDGE_CURVE('',#16865,#16889,#16897,.T.);
#16897 = B_SPLINE_CURVE_WITH_KNOTS('',2,(#16898,#16899,#16900),
  .UNSPECIFIED.,.F.,.F.,(3,3),(0.,1.),.PIECEWISE_BEZIER_KNOTS.);
#16898 = CARTESIAN_POINT('',(50.,23.187601989762,-8.544980106709));
#16899 = CARTESIAN_POINT('',(50.,23.490092338195,-8.544980175954));
#16900 = CARTESIAN_POINT('',(50.,23.629678432711,-8.435633761035));
#16901 = SURFACE_OF_LINEAR_EXTRUSION('',#16902,#16906);
#16902 = B_SPLINE_CURVE_WITH_KNOTS('',2,(#16903,#16904,#16905),
  .UNSPECIFIED.,.F.,.F.,(3,3),(0.,1.),.PIECEWISE_BEZIER_KNOTS.);
#16903 = CARTESIAN_POINT('',(50.,23.187601989762,-8.544980106709));
#16904 = CARTESIAN_POINT('',(50.,23.490092338195,-8.544980175954));
#16905 = CARTESIAN_POINT('',(50.,23.629678432711,-8.435633761035));
#16906 = VECTOR('',#16907,1.);
#16907 = DIRECTION('',(1.,0.,0.));
#16908 = ADVANCED_FACE('',(#16909),#16920,.T.);
#16909 = FACE_BOUND('',#16910,.T.);
#16910 = EDGE_LOOP('',(#16911,#16912,#16913,#16914));
#16911 = ORIENTED_EDGE('',*,*,#16888,.T.);
#16912 = ORIENTED_EDGE('',*,*,#15840,.T.);
#16913 = ORIENTED_EDGE('',*,*,#16781,.F.);
#16914 = ORIENTED_EDGE('',*,*,#16915,.F.);
#16915 = EDGE_CURVE('',#16889,#16782,#16916,.T.);
#16916 = B_SPLINE_CURVE_WITH_KNOTS('',2,(#16917,#16918,#16919),
  .UNSPECIFIED.,.F.,.F.,(3,3),(0.,1.),.PIECEWISE_BEZIER_KNOTS.);
#16917 = CARTESIAN_POINT('',(50.,23.629678432711,-8.435633761035));
#16918 = CARTESIAN_POINT('',(50.,23.769406707626,-8.326145521963));
#16919 = CARTESIAN_POINT('',(50.,23.769663079557,-8.10731080409));
#16920 = SURFACE_OF_LINEAR_EXTRUSION('',#16921,#16925);
#16921 = B_SPLINE_CURVE_WITH_KNOTS('',2,(#16922,#16923,#16924),
  .UNSPECIFIED.,.F.,.F.,(3,3),(0.,1.),.PIECEWISE_BEZIER_KNOTS.);
#16922 = CARTESIAN_POINT('',(50.,23.629678432711,-8.435633761035));
#16923 = CARTESIAN_POINT('',(50.,23.769406707626,-8.326145521963));
#16924 = CARTESIAN_POINT('',(50.,23.769663079557,-8.10731080409));
#16925 = VECTOR('',#16926,1.);
#16926 = DIRECTION('',(1.,0.,0.));
#16927 = ADVANCED_FACE('',(#16928),#16953,.T.);
#16928 = FACE_BOUND('',#16929,.T.);
#16929 = EDGE_LOOP('',(#16930,#16938,#16939,#16947));
#16930 = ORIENTED_EDGE('',*,*,#16931,.T.);
#16931 = EDGE_CURVE('',#16932,#15849,#16934,.T.);
#16932 = VERTEX_POINT('',#16933);
#16933 = CARTESIAN_POINT('',(50.,23.596454833078,-6.853159493755));
#16934 = LINE('',#16935,#16936);
#16935 = CARTESIAN_POINT('',(50.,23.596454833078,-6.853159493755));
#16936 = VECTOR('',#16937,1.);
#16937 = DIRECTION('',(-1.,-0.,-0.));
#16938 = ORIENTED_EDGE('',*,*,#15848,.T.);
#16939 = ORIENTED_EDGE('',*,*,#16940,.F.);
#16940 = EDGE_CURVE('',#16941,#15851,#16943,.T.);
#16941 = VERTEX_POINT('',#16942);
#16942 = CARTESIAN_POINT('',(50.,23.467841854364,-6.566390961619));
#16943 = LINE('',#16944,#16945);
#16944 = CARTESIAN_POINT('',(50.,23.467841854364,-6.566390961619));
#16945 = VECTOR('',#16946,1.);
#16946 = DIRECTION('',(-1.,-0.,-0.));
#16947 = ORIENTED_EDGE('',*,*,#16948,.F.);
#16948 = EDGE_CURVE('',#16932,#16941,#16949,.T.);
#16949 = B_SPLINE_CURVE_WITH_KNOTS('',2,(#16950,#16951,#16952),
  .UNSPECIFIED.,.F.,.F.,(3,3),(0.,1.),.PIECEWISE_BEZIER_KNOTS.);
#16950 = CARTESIAN_POINT('',(50.,23.596454833078,-6.853159493755));
#16951 = CARTESIAN_POINT('',(50.,23.596691266817,-6.651343678115));
#16952 = CARTESIAN_POINT('',(50.,23.467841854364,-6.566390961619));
#16953 = SURFACE_OF_LINEAR_EXTRUSION('',#16954,#16958);
#16954 = B_SPLINE_CURVE_WITH_KNOTS('',2,(#16955,#16956,#16957),
  .UNSPECIFIED.,.F.,.F.,(3,3),(0.,1.),.PIECEWISE_BEZIER_KNOTS.);
#16955 = CARTESIAN_POINT('',(50.,23.596454833078,-6.853159493755));
#16956 = CARTESIAN_POINT('',(50.,23.596691266817,-6.651343678115));
#16957 = CARTESIAN_POINT('',(50.,23.467841854364,-6.566390961619));
#16958 = VECTOR('',#16959,1.);
#16959 = DIRECTION('',(1.,0.,0.));
#16960 = ADVANCED_FACE('',(#16961),#16979,.T.);
#16961 = FACE_BOUND('',#16962,.T.);
#16962 = EDGE_LOOP('',(#16963,#16964,#16965,#16973));
#16963 = ORIENTED_EDGE('',*,*,#16940,.T.);
#16964 = ORIENTED_EDGE('',*,*,#15858,.T.);
#16965 = ORIENTED_EDGE('',*,*,#16966,.F.);
#16966 = EDGE_CURVE('',#16967,#15859,#16969,.T.);
#16967 = VERTEX_POINT('',#16968);
#16968 = CARTESIAN_POINT('',(50.,23.085639023316,-6.481438187127));
#16969 = LINE('',#16970,#16971);
#16970 = CARTESIAN_POINT('',(50.,23.085639023316,-6.481438187127));
#16971 = VECTOR('',#16972,1.);
#16972 = DIRECTION('',(-1.,-0.,-0.));
#16973 = ORIENTED_EDGE('',*,*,#16974,.F.);
#16974 = EDGE_CURVE('',#16941,#16967,#16975,.T.);
#16975 = B_SPLINE_CURVE_WITH_KNOTS('',2,(#16976,#16977,#16978),
  .UNSPECIFIED.,.F.,.F.,(3,3),(0.,1.),.PIECEWISE_BEZIER_KNOTS.);
#16976 = CARTESIAN_POINT('',(50.,23.467841854364,-6.566390961619));
#16977 = CARTESIAN_POINT('',(50.,23.339134456159,-6.481438245156));
#16978 = CARTESIAN_POINT('',(50.,23.085639023316,-6.481438187127));
#16979 = SURFACE_OF_LINEAR_EXTRUSION('',#16980,#16984);
#16980 = B_SPLINE_CURVE_WITH_KNOTS('',2,(#16981,#16982,#16983),
  .UNSPECIFIED.,.F.,.F.,(3,3),(0.,1.),.PIECEWISE_BEZIER_KNOTS.);
#16981 = CARTESIAN_POINT('',(50.,23.467841854364,-6.566390961619));
#16982 = CARTESIAN_POINT('',(50.,23.339134456159,-6.481438245156));
#16983 = CARTESIAN_POINT('',(50.,23.085639023316,-6.481438187127));
#16984 = VECTOR('',#16985,1.);
#16985 = DIRECTION('',(1.,0.,0.));
#16986 = ADVANCED_FACE('',(#16987),#17005,.T.);
#16987 = FACE_BOUND('',#16988,.T.);
#16988 = EDGE_LOOP('',(#16989,#16990,#16991,#16999));
#16989 = ORIENTED_EDGE('',*,*,#16966,.T.);
#16990 = ORIENTED_EDGE('',*,*,#15866,.T.);
#16991 = ORIENTED_EDGE('',*,*,#16992,.F.);
#16992 = EDGE_CURVE('',#16993,#15867,#16995,.T.);
#16993 = VERTEX_POINT('',#16994);
#16994 = CARTESIAN_POINT('',(50.,22.369887212938,-6.481438023279));
#16995 = LINE('',#16996,#16997);
#16996 = CARTESIAN_POINT('',(50.,22.369887212938,-6.481438023279));
#16997 = VECTOR('',#16998,1.);
#16998 = DIRECTION('',(-1.,-0.,-0.));
#16999 = ORIENTED_EDGE('',*,*,#17000,.F.);
#17000 = EDGE_CURVE('',#16967,#16993,#17001,.T.);
#17001 = LINE('',#17002,#17003);
#17002 = CARTESIAN_POINT('',(50.,23.085639023316,-6.481438187127));
#17003 = VECTOR('',#17004,1.);
#17004 = DIRECTION('',(0.,-1.,2.289171395504E-07));
#17005 = PLANE('',#17006);
#17006 = AXIS2_PLACEMENT_3D('',#17007,#17008,#17009);
#17007 = CARTESIAN_POINT('',(50.,23.085639023316,-6.481438187127));
#17008 = DIRECTION('',(0.,2.289171395504E-07,1.));
#17009 = DIRECTION('',(0.,-1.,2.289171395504E-07));
#17010 = ADVANCED_FACE('',(#17011),#17029,.T.);
#17011 = FACE_BOUND('',#17012,.T.);
#17012 = EDGE_LOOP('',(#17013,#17014,#17015,#17023));
#17013 = ORIENTED_EDGE('',*,*,#16992,.T.);
#17014 = ORIENTED_EDGE('',*,*,#15874,.T.);
#17015 = ORIENTED_EDGE('',*,*,#17016,.F.);
#17016 = EDGE_CURVE('',#17017,#15875,#17019,.T.);
#17017 = VERTEX_POINT('',#17018);
#17018 = CARTESIAN_POINT('',(50.,22.369018738481,-7.222753039688));
#17019 = LINE('',#17020,#17021);
#17020 = CARTESIAN_POINT('',(50.,22.369018738481,-7.222753039688));
#17021 = VECTOR('',#17022,1.);
#17022 = DIRECTION('',(-1.,-0.,-0.));
#17023 = ORIENTED_EDGE('',*,*,#17024,.F.);
#17024 = EDGE_CURVE('',#16993,#17017,#17025,.T.);
#17025 = LINE('',#17026,#17027);
#17026 = CARTESIAN_POINT('',(50.,22.369887212938,-6.481438023279));
#17027 = VECTOR('',#17028,1.);
#17028 = DIRECTION('',(0.,-1.171531456479E-03,-0.999999313757));
#17029 = PLANE('',#17030);
#17030 = AXIS2_PLACEMENT_3D('',#17031,#17032,#17033);
#17031 = CARTESIAN_POINT('',(50.,22.369887212938,-6.481438023279));
#17032 = DIRECTION('',(0.,-0.999999313757,1.171531456479E-03));
#17033 = DIRECTION('',(0.,-1.171531456479E-03,-0.999999313757));
#17034 = ADVANCED_FACE('',(#17035),#17053,.T.);
#17035 = FACE_BOUND('',#17036,.T.);
#17036 = EDGE_LOOP('',(#17037,#17038,#17039,#17047));
#17037 = ORIENTED_EDGE('',*,*,#17016,.T.);
#17038 = ORIENTED_EDGE('',*,*,#15882,.T.);
#17039 = ORIENTED_EDGE('',*,*,#17040,.F.);
#17040 = EDGE_CURVE('',#17041,#15883,#17043,.T.);
#17041 = VERTEX_POINT('',#17042);
#17042 = CARTESIAN_POINT('',(50.,23.089030976302,-7.222753204512));
#17043 = LINE('',#17044,#17045);
#17044 = CARTESIAN_POINT('',(50.,23.089030976302,-7.222753204512));
#17045 = VECTOR('',#17046,1.);
#17046 = DIRECTION('',(-1.,-0.,-0.));
#17047 = ORIENTED_EDGE('',*,*,#17048,.F.);
#17048 = EDGE_CURVE('',#17017,#17041,#17049,.T.);
#17049 = LINE('',#17050,#17051);
#17050 = CARTESIAN_POINT('',(50.,22.369018738481,-7.222753039688));
#17051 = VECTOR('',#17052,1.);
#17052 = DIRECTION('',(0.,1.,-2.289171393815E-07));
#17053 = PLANE('',#17054);
#17054 = AXIS2_PLACEMENT_3D('',#17055,#17056,#17057);
#17055 = CARTESIAN_POINT('',(50.,22.369018738481,-7.222753039688));
#17056 = DIRECTION('',(0.,-2.289171393815E-07,-1.));
#17057 = DIRECTION('',(0.,1.,-2.289171393815E-07));
#17058 = ADVANCED_FACE('',(#17059),#17077,.T.);
#17059 = FACE_BOUND('',#17060,.T.);
#17060 = EDGE_LOOP('',(#17061,#17062,#17063,#17071));
#17061 = ORIENTED_EDGE('',*,*,#17040,.T.);
#17062 = ORIENTED_EDGE('',*,*,#15890,.T.);
#17063 = ORIENTED_EDGE('',*,*,#17064,.F.);
#17064 = EDGE_CURVE('',#17065,#15891,#17067,.T.);
#17065 = VERTEX_POINT('',#17066);
#17066 = CARTESIAN_POINT('',(50.,23.475701924303,-7.130425748391));
#17067 = LINE('',#17068,#17069);
#17068 = CARTESIAN_POINT('',(50.,23.475701924303,-7.130425748391));
#17069 = VECTOR('',#17070,1.);
#17070 = DIRECTION('',(-1.,-0.,-0.));
#17071 = ORIENTED_EDGE('',*,*,#17072,.F.);
#17072 = EDGE_CURVE('',#17041,#17065,#17073,.T.);
#17073 = B_SPLINE_CURVE_WITH_KNOTS('',2,(#17074,#17075,#17076),
  .UNSPECIFIED.,.F.,.F.,(3,3),(0.,1.),.PIECEWISE_BEZIER_KNOTS.);
#17074 = CARTESIAN_POINT('',(50.,23.089030976302,-7.222753204512));
#17075 = CARTESIAN_POINT('',(50.,23.355307691473,-7.222753265467));
#17076 = CARTESIAN_POINT('',(50.,23.475701924303,-7.130425748391));
#17077 = SURFACE_OF_LINEAR_EXTRUSION('',#17078,#17082);
#17078 = B_SPLINE_CURVE_WITH_KNOTS('',2,(#17079,#17080,#17081),
  .UNSPECIFIED.,.F.,.F.,(3,3),(0.,1.),.PIECEWISE_BEZIER_KNOTS.);
#17079 = CARTESIAN_POINT('',(50.,23.089030976302,-7.222753204512));
#17080 = CARTESIAN_POINT('',(50.,23.355307691473,-7.222753265467));
#17081 = CARTESIAN_POINT('',(50.,23.475701924303,-7.130425748391));
#17082 = VECTOR('',#17083,1.);
#17083 = DIRECTION('',(1.,0.,0.));
#17084 = ADVANCED_FACE('',(#17085),#17096,.T.);
#17085 = FACE_BOUND('',#17086,.T.);
#17086 = EDGE_LOOP('',(#17087,#17088,#17089,#17090));
#17087 = ORIENTED_EDGE('',*,*,#17064,.T.);
#17088 = ORIENTED_EDGE('',*,*,#15898,.T.);
#17089 = ORIENTED_EDGE('',*,*,#16931,.F.);
#17090 = ORIENTED_EDGE('',*,*,#17091,.F.);
#17091 = EDGE_CURVE('',#17065,#16932,#17092,.T.);
#17092 = B_SPLINE_CURVE_WITH_KNOTS('',2,(#17093,#17094,#17095),
  .UNSPECIFIED.,.F.,.F.,(3,3),(0.,1.),.PIECEWISE_BEZIER_KNOTS.);
#17093 = CARTESIAN_POINT('',(50.,23.475701924303,-7.130425748391));
#17094 = CARTESIAN_POINT('',(50.,23.596238337532,-7.037956407163));
#17095 = CARTESIAN_POINT('',(50.,23.596454833078,-6.853159493755));
#17096 = SURFACE_OF_LINEAR_EXTRUSION('',#17097,#17101);
#17097 = B_SPLINE_CURVE_WITH_KNOTS('',2,(#17098,#17099,#17100),
  .UNSPECIFIED.,.F.,.F.,(3,3),(0.,1.),.PIECEWISE_BEZIER_KNOTS.);
#17098 = CARTESIAN_POINT('',(50.,23.475701924303,-7.130425748391));
#17099 = CARTESIAN_POINT('',(50.,23.596238337532,-7.037956407163));
#17100 = CARTESIAN_POINT('',(50.,23.596454833078,-6.853159493755));
#17101 = VECTOR('',#17102,1.);
#17102 = DIRECTION('',(1.,0.,0.));
#17103 = ADVANCED_FACE('',(#17104),#17129,.T.);
#17104 = FACE_BOUND('',#17105,.T.);
#17105 = EDGE_LOOP('',(#17106,#17114,#17115,#17123));
#17106 = ORIENTED_EDGE('',*,*,#17107,.T.);
#17107 = EDGE_CURVE('',#17108,#15943,#17110,.T.);
#17108 = VERTEX_POINT('',#17109);
#17109 = CARTESIAN_POINT('',(50.,26.135528495515,-7.94336258746));
#17110 = LINE('',#17111,#17112);
#17111 = CARTESIAN_POINT('',(50.,26.135528495515,-7.94336258746));
#17112 = VECTOR('',#17113,1.);
#17113 = DIRECTION('',(-1.,-0.,-0.));
#17114 = ORIENTED_EDGE('',*,*,#15942,.T.);
#17115 = ORIENTED_EDGE('',*,*,#17116,.F.);
#17116 = EDGE_CURVE('',#17117,#15945,#17119,.T.);
#17117 = VERTEX_POINT('',#17118);
#17118 = CARTESIAN_POINT('',(50.,25.828772735091,-7.947617242798));
#17119 = LINE('',#17120,#17121);
#17120 = CARTESIAN_POINT('',(50.,25.828772735091,-7.947617242798));
#17121 = VECTOR('',#17122,1.);
#17122 = DIRECTION('',(-1.,-0.,-0.));
#17123 = ORIENTED_EDGE('',*,*,#17124,.F.);
#17124 = EDGE_CURVE('',#17108,#17117,#17125,.T.);
#17125 = LINE('',#17126,#17127);
#17126 = CARTESIAN_POINT('',(50.,26.135528495515,-7.94336258746));
#17127 = VECTOR('',#17128,1.);
#17128 = DIRECTION('',(0.,-0.999903827553,-1.386851269266E-02));
#17129 = PLANE('',#17130);
#17130 = AXIS2_PLACEMENT_3D('',#17131,#17132,#17133);
#17131 = CARTESIAN_POINT('',(50.,26.135528495515,-7.94336258746));
#17132 = DIRECTION('',(0.,-1.386851269266E-02,0.999903827553));
#17133 = DIRECTION('',(0.,-0.999903827553,-1.386851269266E-02));
#17134 = ADVANCED_FACE('',(#17135),#17153,.T.);
#17135 = FACE_BOUND('',#17136,.T.);
#17136 = EDGE_LOOP('',(#17137,#17138,#17139,#17147));
#17137 = ORIENTED_EDGE('',*,*,#17116,.T.);
#17138 = ORIENTED_EDGE('',*,*,#15952,.T.);
#17139 = ORIENTED_EDGE('',*,*,#17140,.F.);
#17140 = EDGE_CURVE('',#17141,#15953,#17143,.T.);
#17141 = VERTEX_POINT('',#17142);
#17142 = CARTESIAN_POINT('',(50.,25.532619028548,-7.993710035229));
#17143 = LINE('',#17144,#17145);
#17144 = CARTESIAN_POINT('',(50.,25.532619028548,-7.993710035229));
#17145 = VECTOR('',#17146,1.);
#17146 = DIRECTION('',(-1.,-0.,-0.));
#17147 = ORIENTED_EDGE('',*,*,#17148,.F.);
#17148 = EDGE_CURVE('',#17117,#17141,#17149,.T.);
#17149 = B_SPLINE_CURVE_WITH_KNOTS('',2,(#17150,#17151,#17152),
  .UNSPECIFIED.,.F.,.F.,(3,3),(0.,1.),.PIECEWISE_BEZIER_KNOTS.);
#17150 = CARTESIAN_POINT('',(50.,25.828772735091,-7.947617242798));
#17151 = CARTESIAN_POINT('',(50.,25.620001821301,-7.956126646125));
#17152 = CARTESIAN_POINT('',(50.,25.532619028548,-7.993710035229));
#17153 = SURFACE_OF_LINEAR_EXTRUSION('',#17154,#17158);
#17154 = B_SPLINE_CURVE_WITH_KNOTS('',2,(#17155,#17156,#17157),
  .UNSPECIFIED.,.F.,.F.,(3,3),(0.,1.),.PIECEWISE_BEZIER_KNOTS.);
#17155 = CARTESIAN_POINT('',(50.,25.828772735091,-7.947617242798));
#17156 = CARTESIAN_POINT('',(50.,25.620001821301,-7.956126646125));
#17157 = CARTESIAN_POINT('',(50.,25.532619028548,-7.993710035229));
#17158 = VECTOR('',#17159,1.);
#17159 = DIRECTION('',(1.,0.,0.));
#17160 = ADVANCED_FACE('',(#17161),#17179,.T.);
#17161 = FACE_BOUND('',#17162,.T.);
#17162 = EDGE_LOOP('',(#17163,#17164,#17165,#17173));
#17163 = ORIENTED_EDGE('',*,*,#17140,.T.);
#17164 = ORIENTED_EDGE('',*,*,#15960,.T.);
#17165 = ORIENTED_EDGE('',*,*,#17166,.F.);
#17166 = EDGE_CURVE('',#17167,#15961,#17169,.T.);
#17167 = VERTEX_POINT('',#17168);
#17168 = CARTESIAN_POINT('',(50.,25.39927541334,-8.108303946433));
#17169 = LINE('',#17170,#17171);
#17170 = CARTESIAN_POINT('',(50.,25.39927541334,-8.108303946433));
#17171 = VECTOR('',#17172,1.);
#17172 = DIRECTION('',(-1.,-0.,-0.));
#17173 = ORIENTED_EDGE('',*,*,#17174,.F.);
#17174 = EDGE_CURVE('',#17141,#17167,#17175,.T.);
#17175 = B_SPLINE_CURVE_WITH_KNOTS('',2,(#17176,#17177,#17178),
  .UNSPECIFIED.,.F.,.F.,(3,3),(0.,1.),.PIECEWISE_BEZIER_KNOTS.);
#17176 = CARTESIAN_POINT('',(50.,25.532619028548,-7.993710035229));
#17177 = CARTESIAN_POINT('',(50.,25.445236401948,-8.031151600147));
#17178 = CARTESIAN_POINT('',(50.,25.39927541334,-8.108303946433));
#17179 = SURFACE_OF_LINEAR_EXTRUSION('',#17180,#17184);
#17180 = B_SPLINE_CURVE_WITH_KNOTS('',2,(#17181,#17182,#17183),
  .UNSPECIFIED.,.F.,.F.,(3,3),(0.,1.),.PIECEWISE_BEZIER_KNOTS.);
#17181 = CARTESIAN_POINT('',(50.,25.532619028548,-7.993710035229));
#17182 = CARTESIAN_POINT('',(50.,25.445236401948,-8.031151600147));
#17183 = CARTESIAN_POINT('',(50.,25.39927541334,-8.108303946433));
#17184 = VECTOR('',#17185,1.);
#17185 = DIRECTION('',(1.,0.,0.));
#17186 = ADVANCED_FACE('',(#17187),#17205,.T.);
#17187 = FACE_BOUND('',#17188,.T.);
#17188 = EDGE_LOOP('',(#17189,#17190,#17191,#17199));
#17189 = ORIENTED_EDGE('',*,*,#17166,.T.);
#17190 = ORIENTED_EDGE('',*,*,#15968,.T.);
#17191 = ORIENTED_EDGE('',*,*,#17192,.F.);
#17192 = EDGE_CURVE('',#17193,#15969,#17195,.T.);
#17193 = VERTEX_POINT('',#17194);
#17194 = CARTESIAN_POINT('',(50.,25.353306071774,-8.313807180423));
#17195 = LINE('',#17196,#17197);
#17196 = CARTESIAN_POINT('',(50.,25.353306071774,-8.313807180423));
#17197 = VECTOR('',#17198,1.);
#17198 = DIRECTION('',(-1.,-0.,-0.));
#17199 = ORIENTED_EDGE('',*,*,#17200,.F.);
#17200 = EDGE_CURVE('',#17167,#17193,#17201,.T.);
#17201 = B_SPLINE_CURVE_WITH_KNOTS('',2,(#17202,#17203,#17204),
  .UNSPECIFIED.,.F.,.F.,(3,3),(0.,1.),.PIECEWISE_BEZIER_KNOTS.);
#17202 = CARTESIAN_POINT('',(50.,25.39927541334,-8.108303946433));
#17203 = CARTESIAN_POINT('',(50.,25.353456605131,-8.185314468567));
#17204 = CARTESIAN_POINT('',(50.,25.353306071774,-8.313807180423));
#17205 = SURFACE_OF_LINEAR_EXTRUSION('',#17206,#17210);
#17206 = B_SPLINE_CURVE_WITH_KNOTS('',2,(#17207,#17208,#17209),
  .UNSPECIFIED.,.F.,.F.,(3,3),(0.,1.),.PIECEWISE_BEZIER_KNOTS.);
#17207 = CARTESIAN_POINT('',(50.,25.39927541334,-8.108303946433));
#17208 = CARTESIAN_POINT('',(50.,25.353456605131,-8.185314468567));
#17209 = CARTESIAN_POINT('',(50.,25.353306071774,-8.313807180423));
#17210 = VECTOR('',#17211,1.);
#17211 = DIRECTION('',(1.,0.,0.));
#17212 = ADVANCED_FACE('',(#17213),#17231,.T.);
#17213 = FACE_BOUND('',#17214,.T.);
#17214 = EDGE_LOOP('',(#17215,#17216,#17217,#17225));
#17215 = ORIENTED_EDGE('',*,*,#17192,.T.);
#17216 = ORIENTED_EDGE('',*,*,#15976,.T.);
#17217 = ORIENTED_EDGE('',*,*,#17218,.F.);
#17218 = EDGE_CURVE('',#17219,#15977,#17221,.T.);
#17219 = VERTEX_POINT('',#17220);
#17220 = CARTESIAN_POINT('',(50.,25.428570375627,-8.559021214051));
#17221 = LINE('',#17222,#17223);
#17222 = CARTESIAN_POINT('',(50.,25.428570375627,-8.559021214051));
#17223 = VECTOR('',#17224,1.);
#17224 = DIRECTION('',(-1.,-0.,-0.));
#17225 = ORIENTED_EDGE('',*,*,#17226,.F.);
#17226 = EDGE_CURVE('',#17193,#17219,#17227,.T.);
#17227 = B_SPLINE_CURVE_WITH_KNOTS('',2,(#17228,#17229,#17230),
  .UNSPECIFIED.,.F.,.F.,(3,3),(0.,1.),.PIECEWISE_BEZIER_KNOTS.);
#17228 = CARTESIAN_POINT('',(50.,25.353306071774,-8.313807180423));
#17229 = CARTESIAN_POINT('',(50.,25.353112837453,-8.478748707892));
#17230 = CARTESIAN_POINT('',(50.,25.428570375627,-8.559021214051));
#17231 = SURFACE_OF_LINEAR_EXTRUSION('',#17232,#17236);
#17232 = B_SPLINE_CURVE_WITH_KNOTS('',2,(#17233,#17234,#17235),
  .UNSPECIFIED.,.F.,.F.,(3,3),(0.,1.),.PIECEWISE_BEZIER_KNOTS.);
#17233 = CARTESIAN_POINT('',(50.,25.353306071774,-8.313807180423));
#17234 = CARTESIAN_POINT('',(50.,25.353112837453,-8.478748707892));
#17235 = CARTESIAN_POINT('',(50.,25.428570375627,-8.559021214051));
#17236 = VECTOR('',#17237,1.);
#17237 = DIRECTION('',(1.,0.,0.));
#17238 = ADVANCED_FACE('',(#17239),#17257,.T.);
#17239 = FACE_BOUND('',#17240,.T.);
#17240 = EDGE_LOOP('',(#17241,#17242,#17243,#17251));
#17241 = ORIENTED_EDGE('',*,*,#17218,.T.);
#17242 = ORIENTED_EDGE('',*,*,#15984,.T.);
#17243 = ORIENTED_EDGE('',*,*,#17244,.F.);
#17244 = EDGE_CURVE('',#17245,#15985,#17247,.T.);
#17245 = VERTEX_POINT('',#17246);
#17246 = CARTESIAN_POINT('',(50.,25.62985253761,-8.639293749012));
#17247 = LINE('',#17248,#17249);
#17248 = CARTESIAN_POINT('',(50.,25.62985253761,-8.639293749012));
#17249 = VECTOR('',#17250,1.);
#17250 = DIRECTION('',(-1.,-0.,-0.));
#17251 = ORIENTED_EDGE('',*,*,#17252,.F.);
#17252 = EDGE_CURVE('',#17219,#17245,#17253,.T.);
#17253 = B_SPLINE_CURVE_WITH_KNOTS('',2,(#17254,#17255,#17256),
  .UNSPECIFIED.,.F.,.F.,(3,3),(0.,1.),.PIECEWISE_BEZIER_KNOTS.);
#17254 = CARTESIAN_POINT('',(50.,25.428570375627,-8.559021214051));
#17255 = CARTESIAN_POINT('',(50.,25.504169928049,-8.639293720241));
#17256 = CARTESIAN_POINT('',(50.,25.62985253761,-8.639293749012));
#17257 = SURFACE_OF_LINEAR_EXTRUSION('',#17258,#17262);
#17258 = B_SPLINE_CURVE_WITH_KNOTS('',2,(#17259,#17260,#17261),
  .UNSPECIFIED.,.F.,.F.,(3,3),(0.,1.),.PIECEWISE_BEZIER_KNOTS.);
#17259 = CARTESIAN_POINT('',(50.,25.428570375627,-8.559021214051));
#17260 = CARTESIAN_POINT('',(50.,25.504169928049,-8.639293720241));
#17261 = CARTESIAN_POINT('',(50.,25.62985253761,-8.639293749012));
#17262 = VECTOR('',#17263,1.);
#17263 = DIRECTION('',(1.,0.,0.));
#17264 = ADVANCED_FACE('',(#17265),#17283,.T.);
#17265 = FACE_BOUND('',#17266,.T.);
#17266 = EDGE_LOOP('',(#17267,#17268,#17269,#17277));
#17267 = ORIENTED_EDGE('',*,*,#17244,.T.);
#17268 = ORIENTED_EDGE('',*,*,#15992,.T.);
#17269 = ORIENTED_EDGE('',*,*,#17270,.F.);
#17270 = EDGE_CURVE('',#17271,#15993,#17273,.T.);
#17271 = VERTEX_POINT('',#17272);
#17272 = CARTESIAN_POINT('',(50.,25.886562504234,-8.562283275155));
#17273 = LINE('',#17274,#17275);
#17274 = CARTESIAN_POINT('',(50.,25.886562504234,-8.562283275155));
#17275 = VECTOR('',#17276,1.);
#17276 = DIRECTION('',(-1.,-0.,-0.));
#17277 = ORIENTED_EDGE('',*,*,#17278,.F.);
#17278 = EDGE_CURVE('',#17245,#17271,#17279,.T.);
#17279 = B_SPLINE_CURVE_WITH_KNOTS('',2,(#17280,#17281,#17282),
  .UNSPECIFIED.,.F.,.F.,(3,3),(0.,1.),.PIECEWISE_BEZIER_KNOTS.);
#17280 = CARTESIAN_POINT('',(50.,25.62985253761,-8.639293749012));
#17281 = CARTESIAN_POINT('',(50.,25.77044664322,-8.639293781197));
#17282 = CARTESIAN_POINT('',(50.,25.886562504234,-8.562283275155));
#17283 = SURFACE_OF_LINEAR_EXTRUSION('',#17284,#17288);
#17284 = B_SPLINE_CURVE_WITH_KNOTS('',2,(#17285,#17286,#17287),
  .UNSPECIFIED.,.F.,.F.,(3,3),(0.,1.),.PIECEWISE_BEZIER_KNOTS.);
#17285 = CARTESIAN_POINT('',(50.,25.62985253761,-8.639293749012));
#17286 = CARTESIAN_POINT('',(50.,25.77044664322,-8.639293781197));
#17287 = CARTESIAN_POINT('',(50.,25.886562504234,-8.562283275155));
#17288 = VECTOR('',#17289,1.);
#17289 = DIRECTION('',(1.,0.,0.));
#17290 = ADVANCED_FACE('',(#17291),#17309,.T.);
#17291 = FACE_BOUND('',#17292,.T.);
#17292 = EDGE_LOOP('',(#17293,#17294,#17295,#17303));
#17293 = ORIENTED_EDGE('',*,*,#17270,.T.);
#17294 = ORIENTED_EDGE('',*,*,#16000,.T.);
#17295 = ORIENTED_EDGE('',*,*,#17296,.F.);
#17296 = EDGE_CURVE('',#17297,#16001,#17299,.T.);
#17297 = VERTEX_POINT('',#17298);
#17298 = CARTESIAN_POINT('',(50.,26.069016510402,-8.349121566403));
#17299 = LINE('',#17300,#17301);
#17300 = CARTESIAN_POINT('',(50.,26.069016510402,-8.349121566403));
#17301 = VECTOR('',#17302,1.);
#17302 = DIRECTION('',(-1.,-0.,-0.));
#17303 = ORIENTED_EDGE('',*,*,#17304,.F.);
#17304 = EDGE_CURVE('',#17271,#17297,#17305,.T.);
#17305 = B_SPLINE_CURVE_WITH_KNOTS('',2,(#17306,#17307,#17308),
  .UNSPECIFIED.,.F.,.F.,(3,3),(0.,1.),.PIECEWISE_BEZIER_KNOTS.);
#17306 = CARTESIAN_POINT('',(50.,25.886562504234,-8.562283275155));
#17307 = CARTESIAN_POINT('',(50.,26.002820545647,-8.48513094496));
#17308 = CARTESIAN_POINT('',(50.,26.069016510402,-8.349121566403));
#17309 = SURFACE_OF_LINEAR_EXTRUSION('',#17310,#17314);
#17310 = B_SPLINE_CURVE_WITH_KNOTS('',2,(#17311,#17312,#17313),
  .UNSPECIFIED.,.F.,.F.,(3,3),(0.,1.),.PIECEWISE_BEZIER_KNOTS.);
#17311 = CARTESIAN_POINT('',(50.,25.886562504234,-8.562283275155));
#17312 = CARTESIAN_POINT('',(50.,26.002820545647,-8.48513094496));
#17313 = CARTESIAN_POINT('',(50.,26.069016510402,-8.349121566403));
#17314 = VECTOR('',#17315,1.);
#17315 = DIRECTION('',(1.,0.,0.));
#17316 = ADVANCED_FACE('',(#17317),#17335,.T.);
#17317 = FACE_BOUND('',#17318,.T.);
#17318 = EDGE_LOOP('',(#17319,#17320,#17321,#17329));
#17319 = ORIENTED_EDGE('',*,*,#17296,.T.);
#17320 = ORIENTED_EDGE('',*,*,#16008,.T.);
#17321 = ORIENTED_EDGE('',*,*,#17322,.F.);
#17322 = EDGE_CURVE('',#17323,#16009,#17325,.T.);
#17323 = VERTEX_POINT('',#17324);
#17324 = CARTESIAN_POINT('',(50.,26.135390589681,-8.061076661235));
#17325 = LINE('',#17326,#17327);
#17326 = CARTESIAN_POINT('',(50.,26.135390589681,-8.061076661235));
#17327 = VECTOR('',#17328,1.);
#17328 = DIRECTION('',(-1.,-0.,-0.));
#17329 = ORIENTED_EDGE('',*,*,#17330,.F.);
#17330 = EDGE_CURVE('',#17297,#17323,#17331,.T.);
#17331 = B_SPLINE_CURVE_WITH_KNOTS('',2,(#17332,#17333,#17334),
  .UNSPECIFIED.,.F.,.F.,(3,3),(0.,1.),.PIECEWISE_BEZIER_KNOTS.);
#17332 = CARTESIAN_POINT('',(50.,26.069016510402,-8.349121566403));
#17333 = CARTESIAN_POINT('',(50.,26.135212475156,-8.213112187845));
#17334 = CARTESIAN_POINT('',(50.,26.135390589681,-8.061076661235));
#17335 = SURFACE_OF_LINEAR_EXTRUSION('',#17336,#17340);
#17336 = B_SPLINE_CURVE_WITH_KNOTS('',2,(#17337,#17338,#17339),
  .UNSPECIFIED.,.F.,.F.,(3,3),(0.,1.),.PIECEWISE_BEZIER_KNOTS.);
#17337 = CARTESIAN_POINT('',(50.,26.069016510402,-8.349121566403));
#17338 = CARTESIAN_POINT('',(50.,26.135212475156,-8.213112187845));
#17339 = CARTESIAN_POINT('',(50.,26.135390589681,-8.061076661235));
#17340 = VECTOR('',#17341,1.);
#17341 = DIRECTION('',(1.,0.,0.));
#17342 = ADVANCED_FACE('',(#17343),#17354,.T.);
#17343 = FACE_BOUND('',#17344,.T.);
#17344 = EDGE_LOOP('',(#17345,#17346,#17347,#17348));
#17345 = ORIENTED_EDGE('',*,*,#17322,.T.);
#17346 = ORIENTED_EDGE('',*,*,#16016,.T.);
#17347 = ORIENTED_EDGE('',*,*,#17107,.F.);
#17348 = ORIENTED_EDGE('',*,*,#17349,.F.);
#17349 = EDGE_CURVE('',#17323,#17108,#17350,.T.);
#17350 = LINE('',#17351,#17352);
#17351 = CARTESIAN_POINT('',(50.,26.135390589681,-8.061076661235));
#17352 = VECTOR('',#17353,1.);
#17353 = DIRECTION('',(0.,1.171531456468E-03,0.999999313757));
#17354 = PLANE('',#17355);
#17355 = AXIS2_PLACEMENT_3D('',#17356,#17357,#17358);
#17356 = CARTESIAN_POINT('',(50.,26.135390589681,-8.061076661235));
#17357 = DIRECTION('',(0.,0.999999313757,-1.171531456468E-03));
#17358 = DIRECTION('',(0.,1.171531456468E-03,0.999999313757));
#17359 = ADVANCED_FACE('',(#17360),#17385,.T.);
#17360 = FACE_BOUND('',#17361,.T.);
#17361 = EDGE_LOOP('',(#17362,#17370,#17371,#17379));
#17362 = ORIENTED_EDGE('',*,*,#17363,.T.);
#17363 = EDGE_CURVE('',#17364,#16177,#17366,.T.);
#17364 = VERTEX_POINT('',#17365);
#17365 = CARTESIAN_POINT('',(31.589413297945,-50.,-16.33162469006));
#17366 = LINE('',#17367,#17368);
#17367 = CARTESIAN_POINT('',(31.589413297945,-50.,-16.33162469006));
#17368 = VECTOR('',#17369,1.);
#17369 = DIRECTION('',(0.,1.,-2.22044604925E-16));
#17370 = ORIENTED_EDGE('',*,*,#16176,.T.);
#17371 = ORIENTED_EDGE('',*,*,#17372,.F.);
#17372 = EDGE_CURVE('',#17373,#16179,#17375,.T.);
#17373 = VERTEX_POINT('',#17374);
#17374 = CARTESIAN_POINT('',(31.607771584832,-50.,-15.99959969549));
#17375 = LINE('',#17376,#17377);
#17376 = CARTESIAN_POINT('',(31.607771584832,-50.,-15.99959969549));
#17377 = VECTOR('',#17378,1.);
#17378 = DIRECTION('',(0.,1.,-2.22044604925E-16));
#17379 = ORIENTED_EDGE('',*,*,#17380,.F.);
#17380 = EDGE_CURVE('',#17364,#17373,#17381,.T.);
#17381 = B_SPLINE_CURVE_WITH_KNOTS('',2,(#17382,#17383,#17384),
  .UNSPECIFIED.,.F.,.F.,(3,3),(0.,1.),.PIECEWISE_BEZIER_KNOTS.);
#17382 = CARTESIAN_POINT('',(31.589413297945,-50.,-16.33162469006));
#17383 = CARTESIAN_POINT('',(31.593343882822,-50.,-16.17826596133));
#17384 = CARTESIAN_POINT('',(31.607771584832,-50.,-15.99959969549));
#17385 = SURFACE_OF_LINEAR_EXTRUSION('',#17386,#17390);
#17386 = B_SPLINE_CURVE_WITH_KNOTS('',2,(#17387,#17388,#17389),
  .UNSPECIFIED.,.F.,.F.,(3,3),(0.,1.),.PIECEWISE_BEZIER_KNOTS.);
#17387 = CARTESIAN_POINT('',(31.589413297945,-50.,-16.33162469006));
#17388 = CARTESIAN_POINT('',(31.593343882822,-50.,-16.17826596133));
#17389 = CARTESIAN_POINT('',(31.607771584832,-50.,-15.99959969549));
#17390 = VECTOR('',#17391,1.);
#17391 = DIRECTION('',(0.,-1.,2.22044604925E-16));
#17392 = ADVANCED_FACE('',(#17393),#17411,.T.);
#17393 = FACE_BOUND('',#17394,.T.);
#17394 = EDGE_LOOP('',(#17395,#17396,#17397,#17405));
#17395 = ORIENTED_EDGE('',*,*,#17372,.T.);
#17396 = ORIENTED_EDGE('',*,*,#16186,.T.);
#17397 = ORIENTED_EDGE('',*,*,#17398,.F.);
#17398 = EDGE_CURVE('',#17399,#16187,#17401,.T.);
#17399 = VERTEX_POINT('',#17400);
#17400 = CARTESIAN_POINT('',(31.629376839672,-50.,-15.76996423382));
#17401 = LINE('',#17402,#17403);
#17402 = CARTESIAN_POINT('',(31.629376839672,-50.,-15.76996423382));
#17403 = VECTOR('',#17404,1.);
#17404 = DIRECTION('',(0.,1.,-2.22044604925E-16));
#17405 = ORIENTED_EDGE('',*,*,#17406,.F.);
#17406 = EDGE_CURVE('',#17373,#17399,#17407,.T.);
#17407 = B_SPLINE_CURVE_WITH_KNOTS('',2,(#17408,#17409,#17410),
  .UNSPECIFIED.,.F.,.F.,(3,3),(0.,1.),.PIECEWISE_BEZIER_KNOTS.);
#17408 = CARTESIAN_POINT('',(31.607771584832,-50.,-15.99959969549));
#17409 = CARTESIAN_POINT('',(31.622388556451,-50.,-15.82093828063));
#17410 = CARTESIAN_POINT('',(31.629376839672,-50.,-15.76996423382));
#17411 = SURFACE_OF_LINEAR_EXTRUSION('',#17412,#17416);
#17412 = B_SPLINE_CURVE_WITH_KNOTS('',2,(#17413,#17414,#17415),
  .UNSPECIFIED.,.F.,.F.,(3,3),(0.,1.),.PIECEWISE_BEZIER_KNOTS.);
#17413 = CARTESIAN_POINT('',(31.607771584832,-50.,-15.99959969549));
#17414 = CARTESIAN_POINT('',(31.622388556451,-50.,-15.82093828063));
#17415 = CARTESIAN_POINT('',(31.629376839672,-50.,-15.76996423382));
#17416 = VECTOR('',#17417,1.);
#17417 = DIRECTION('',(0.,-1.,2.22044604925E-16));
#17418 = ADVANCED_FACE('',(#17419),#17437,.T.);
#17419 = FACE_BOUND('',#17420,.T.);
#17420 = EDGE_LOOP('',(#17421,#17422,#17423,#17431));
#17421 = ORIENTED_EDGE('',*,*,#17398,.T.);
#17422 = ORIENTED_EDGE('',*,*,#16194,.T.);
#17423 = ORIENTED_EDGE('',*,*,#17424,.F.);
#17424 = EDGE_CURVE('',#17425,#16195,#17427,.T.);
#17425 = VERTEX_POINT('',#17426);
#17426 = CARTESIAN_POINT('',(31.350714936728,-50.,-16.22320053694));
#17427 = LINE('',#17428,#17429);
#17428 = CARTESIAN_POINT('',(31.350714936728,-50.,-16.22320053694));
#17429 = VECTOR('',#17430,1.);
#17430 = DIRECTION('',(0.,1.,-2.22044604925E-16));
#17431 = ORIENTED_EDGE('',*,*,#17432,.F.);
#17432 = EDGE_CURVE('',#17399,#17425,#17433,.T.);
#17433 = B_SPLINE_CURVE_WITH_KNOTS('',2,(#17434,#17435,#17436),
  .UNSPECIFIED.,.F.,.F.,(3,3),(0.,1.),.PIECEWISE_BEZIER_KNOTS.);
#17434 = CARTESIAN_POINT('',(31.629376839672,-50.,-15.76996423382));
#17435 = CARTESIAN_POINT('',(31.551485530172,-50.,-15.92711103291));
#17436 = CARTESIAN_POINT('',(31.350714936728,-50.,-16.22320053694));
#17437 = SURFACE_OF_LINEAR_EXTRUSION('',#17438,#17442);
#17438 = B_SPLINE_CURVE_WITH_KNOTS('',2,(#17439,#17440,#17441),
  .UNSPECIFIED.,.F.,.F.,(3,3),(0.,1.),.PIECEWISE_BEZIER_KNOTS.);
#17439 = CARTESIAN_POINT('',(31.629376839672,-50.,-15.76996423382));
#17440 = CARTESIAN_POINT('',(31.551485530172,-50.,-15.92711103291));
#17441 = CARTESIAN_POINT('',(31.350714936728,-50.,-16.22320053694));
#17442 = VECTOR('',#17443,1.);
#17443 = DIRECTION('',(0.,-1.,2.22044604925E-16));
#17444 = ADVANCED_FACE('',(#17445),#17463,.T.);
#17445 = FACE_BOUND('',#17446,.T.);
#17446 = EDGE_LOOP('',(#17447,#17448,#17449,#17457));
#17447 = ORIENTED_EDGE('',*,*,#17424,.T.);
#17448 = ORIENTED_EDGE('',*,*,#16202,.T.);
#17449 = ORIENTED_EDGE('',*,*,#17450,.F.);
#17450 = EDGE_CURVE('',#17451,#16203,#17453,.T.);
#17451 = VERTEX_POINT('',#17452);
#17452 = CARTESIAN_POINT('',(30.38616671473,-50.,-17.61106410702));
#17453 = LINE('',#17454,#17455);
#17454 = CARTESIAN_POINT('',(30.38616671473,-50.,-17.61106410702));
#17455 = VECTOR('',#17456,1.);
#17456 = DIRECTION('',(0.,1.,-2.22044604925E-16));
#17457 = ORIENTED_EDGE('',*,*,#17458,.F.);
#17458 = EDGE_CURVE('',#17425,#17451,#17459,.T.);
#17459 = LINE('',#17460,#17461);
#17460 = CARTESIAN_POINT('',(31.350714936728,-50.,-16.22320053694));
#17461 = VECTOR('',#17462,1.);
#17462 = DIRECTION('',(-0.570696776599,-1.823343429547E-16,
    -0.821160878988));
#17463 = PLANE('',#17464);
#17464 = AXIS2_PLACEMENT_3D('',#17465,#17466,#17467);
#17465 = CARTESIAN_POINT('',(31.350714936728,-50.,-16.22320053694));
#17466 = DIRECTION('',(-0.821160878988,1.267201402919E-16,0.570696776599
    ));
#17467 = DIRECTION('',(-0.570696776599,-1.823343429547E-16,
    -0.821160878988));
#17468 = ADVANCED_FACE('',(#17469),#17487,.T.);
#17469 = FACE_BOUND('',#17470,.T.);
#17470 = EDGE_LOOP('',(#17471,#17472,#17473,#17481));
#17471 = ORIENTED_EDGE('',*,*,#17450,.T.);
#17472 = ORIENTED_EDGE('',*,*,#16210,.T.);
#17473 = ORIENTED_EDGE('',*,*,#17474,.F.);
#17474 = EDGE_CURVE('',#17475,#16211,#17477,.T.);
#17475 = VERTEX_POINT('',#17476);
#17476 = CARTESIAN_POINT('',(31.555852896699,-50.,-17.6410431689));
#17477 = LINE('',#17478,#17479);
#17478 = CARTESIAN_POINT('',(31.555852896699,-50.,-17.6410431689));
#17479 = VECTOR('',#17480,1.);
#17480 = DIRECTION('',(0.,1.,-2.22044604925E-16));
#17481 = ORIENTED_EDGE('',*,*,#17482,.F.);
#17482 = EDGE_CURVE('',#17451,#17475,#17483,.T.);
#17483 = LINE('',#17484,#17485);
#17484 = CARTESIAN_POINT('',(30.38616671473,-50.,-17.61106410702));
#17485 = VECTOR('',#17486,1.);
#17486 = DIRECTION('',(0.999671713169,-5.689135897645E-18,
    -2.562159030869E-02));
#17487 = PLANE('',#17488);
#17488 = AXIS2_PLACEMENT_3D('',#17489,#17490,#17491);
#17489 = CARTESIAN_POINT('',(30.38616671473,-50.,-17.61106410702));
#17490 = DIRECTION('',(-2.562159030869E-02,-2.219717106053E-16,
    -0.999671713169));
#17491 = DIRECTION('',(0.999671713169,-5.689135897645E-18,
    -2.562159030869E-02));
#17492 = ADVANCED_FACE('',(#17493),#17504,.T.);
#17493 = FACE_BOUND('',#17494,.T.);
#17494 = EDGE_LOOP('',(#17495,#17496,#17497,#17498));
#17495 = ORIENTED_EDGE('',*,*,#17474,.T.);
#17496 = ORIENTED_EDGE('',*,*,#16218,.T.);
#17497 = ORIENTED_EDGE('',*,*,#17363,.F.);
#17498 = ORIENTED_EDGE('',*,*,#17499,.F.);
#17499 = EDGE_CURVE('',#17475,#17364,#17500,.T.);
#17500 = LINE('',#17501,#17502);
#17501 = CARTESIAN_POINT('',(31.555852896699,-50.,-17.6410431689));
#17502 = VECTOR('',#17503,1.);
#17503 = DIRECTION('',(2.562159030869E-02,2.219717106053E-16,
    0.999671713169));
#17504 = PLANE('',#17505);
#17505 = AXIS2_PLACEMENT_3D('',#17506,#17507,#17508);
#17506 = CARTESIAN_POINT('',(31.555852896699,-50.,-17.6410431689));
#17507 = DIRECTION('',(0.999671713169,-5.689135897645E-18,
    -2.562159030869E-02));
#17508 = DIRECTION('',(2.562159030869E-02,2.219717106053E-16,
    0.999671713169));
#17509 = ADVANCED_FACE('',(#17510),#17513,.T.);
#17510 = FACE_BOUND('',#17511,.T.);
#17511 = EDGE_LOOP('',(#17512));
#17512 = ORIENTED_EDGE('',*,*,#16305,.T.);
#17513 = PLANE('',#17514);
#17514 = AXIS2_PLACEMENT_3D('',#17515,#17516,#17517);
#17515 = CARTESIAN_POINT('',(11.8,3.054919445035E-15,-20.2));
#17516 = DIRECTION('',(0.,0.,1.));
#17517 = DIRECTION('',(1.,0.,0.));
#17518 = ADVANCED_FACE('',(#17519),#17522,.T.);
#17519 = FACE_BOUND('',#17520,.T.);
#17520 = EDGE_LOOP('',(#17521));
#17521 = ORIENTED_EDGE('',*,*,#16330,.T.);
#17522 = PLANE('',#17523);
#17523 = AXIS2_PLACEMENT_3D('',#17524,#17525,#17526);
#17524 = CARTESIAN_POINT('',(11.8,3.054919445035E-15,-20.2));
#17525 = DIRECTION('',(0.,0.,1.));
#17526 = DIRECTION('',(1.,0.,0.));
#17527 = ADVANCED_FACE('',(#17528),#17536,.T.);
#17528 = FACE_BOUND('',#17529,.T.);
#17529 = EDGE_LOOP('',(#17530,#17531,#17532,#17533,#17534,#17535));
#17530 = ORIENTED_EDGE('',*,*,#16487,.T.);
#17531 = ORIENTED_EDGE('',*,*,#16364,.T.);
#17532 = ORIENTED_EDGE('',*,*,#16390,.T.);
#17533 = ORIENTED_EDGE('',*,*,#16416,.T.);
#17534 = ORIENTED_EDGE('',*,*,#16442,.T.);
#17535 = ORIENTED_EDGE('',*,*,#16468,.T.);
#17536 = PLANE('',#17537);
#17537 = AXIS2_PLACEMENT_3D('',#17538,#17539,#17540);
#17538 = CARTESIAN_POINT('',(50.,-45.,0.));
#17539 = DIRECTION('',(1.,0.,0.));
#17540 = DIRECTION('',(0.,1.,0.));
#17541 = ADVANCED_FACE('',(#17542),#17550,.T.);
#17542 = FACE_BOUND('',#17543,.T.);
#17543 = EDGE_LOOP('',(#17544,#17545,#17546,#17547,#17548,#17549));
#17544 = ORIENTED_EDGE('',*,*,#16637,.T.);
#17545 = ORIENTED_EDGE('',*,*,#16520,.T.);
#17546 = ORIENTED_EDGE('',*,*,#16546,.T.);
#17547 = ORIENTED_EDGE('',*,*,#16570,.T.);
#17548 = ORIENTED_EDGE('',*,*,#16594,.T.);
#17549 = ORIENTED_EDGE('',*,*,#16618,.T.);
#17550 = PLANE('',#17551);
#17551 = AXIS2_PLACEMENT_3D('',#17552,#17553,#17554);
#17552 = CARTESIAN_POINT('',(50.,-45.,0.));
#17553 = DIRECTION('',(1.,0.,0.));
#17554 = DIRECTION('',(0.,1.,0.));
#17555 = ADVANCED_FACE('',(#17556),#17563,.T.);
#17556 = FACE_BOUND('',#17557,.T.);
#17557 = EDGE_LOOP('',(#17558,#17559,#17560,#17561,#17562));
#17558 = ORIENTED_EDGE('',*,*,#16765,.T.);
#17559 = ORIENTED_EDGE('',*,*,#16670,.T.);
#17560 = ORIENTED_EDGE('',*,*,#16696,.T.);
#17561 = ORIENTED_EDGE('',*,*,#16722,.T.);
#17562 = ORIENTED_EDGE('',*,*,#16746,.T.);
#17563 = PLANE('',#17564);
#17564 = AXIS2_PLACEMENT_3D('',#17565,#17566,#17567);
#17565 = CARTESIAN_POINT('',(50.,-45.,0.));
#17566 = DIRECTION('',(1.,0.,0.));
#17567 = DIRECTION('',(0.,1.,0.));
#17568 = ADVANCED_FACE('',(#17569),#17577,.T.);
#17569 = FACE_BOUND('',#17570,.T.);
#17570 = EDGE_LOOP('',(#17571,#17572,#17573,#17574,#17575,#17576));
#17571 = ORIENTED_EDGE('',*,*,#16915,.T.);
#17572 = ORIENTED_EDGE('',*,*,#16798,.T.);
#17573 = ORIENTED_EDGE('',*,*,#16824,.T.);
#17574 = ORIENTED_EDGE('',*,*,#16848,.T.);
#17575 = ORIENTED_EDGE('',*,*,#16872,.T.);
#17576 = ORIENTED_EDGE('',*,*,#16896,.T.);
#17577 = PLANE('',#17578);
#17578 = AXIS2_PLACEMENT_3D('',#17579,#17580,#17581);
#17579 = CARTESIAN_POINT('',(50.,-45.,0.));
#17580 = DIRECTION('',(1.,0.,0.));
#17581 = DIRECTION('',(0.,1.,0.));
#17582 = ADVANCED_FACE('',(#17583),#17592,.T.);
#17583 = FACE_BOUND('',#17584,.T.);
#17584 = EDGE_LOOP('',(#17585,#17586,#17587,#17588,#17589,#17590,#17591)
  );
#17585 = ORIENTED_EDGE('',*,*,#17091,.T.);
#17586 = ORIENTED_EDGE('',*,*,#16948,.T.);
#17587 = ORIENTED_EDGE('',*,*,#16974,.T.);
#17588 = ORIENTED_EDGE('',*,*,#17000,.T.);
#17589 = ORIENTED_EDGE('',*,*,#17024,.T.);
#17590 = ORIENTED_EDGE('',*,*,#17048,.T.);
#17591 = ORIENTED_EDGE('',*,*,#17072,.T.);
#17592 = PLANE('',#17593);
#17593 = AXIS2_PLACEMENT_3D('',#17594,#17595,#17596);
#17594 = CARTESIAN_POINT('',(50.,-45.,0.));
#17595 = DIRECTION('',(1.,0.,0.));
#17596 = DIRECTION('',(0.,1.,0.));
#17597 = ADVANCED_FACE('',(#17598),#17610,.T.);
#17598 = FACE_BOUND('',#17599,.T.);
#17599 = EDGE_LOOP('',(#17600,#17601,#17602,#17603,#17604,#17605,#17606,
    #17607,#17608,#17609));
#17600 = ORIENTED_EDGE('',*,*,#17349,.T.);
#17601 = ORIENTED_EDGE('',*,*,#17124,.T.);
#17602 = ORIENTED_EDGE('',*,*,#17148,.T.);
#17603 = ORIENTED_EDGE('',*,*,#17174,.T.);
#17604 = ORIENTED_EDGE('',*,*,#17200,.T.);
#17605 = ORIENTED_EDGE('',*,*,#17226,.T.);
#17606 = ORIENTED_EDGE('',*,*,#17252,.T.);
#17607 = ORIENTED_EDGE('',*,*,#17278,.T.);
#17608 = ORIENTED_EDGE('',*,*,#17304,.T.);
#17609 = ORIENTED_EDGE('',*,*,#17330,.T.);
#17610 = PLANE('',#17611);
#17611 = AXIS2_PLACEMENT_3D('',#17612,#17613,#17614);
#17612 = CARTESIAN_POINT('',(50.,-45.,0.));
#17613 = DIRECTION('',(1.,0.,0.));
#17614 = DIRECTION('',(0.,1.,0.));
#17615 = ADVANCED_FACE('',(#17616),#17624,.T.);
#17616 = FACE_BOUND('',#17617,.T.);
#17617 = EDGE_LOOP('',(#17618,#17619,#17620,#17621,#17622,#17623));
#17618 = ORIENTED_EDGE('',*,*,#17499,.T.);
#17619 = ORIENTED_EDGE('',*,*,#17380,.T.);
#17620 = ORIENTED_EDGE('',*,*,#17406,.T.);
#17621 = ORIENTED_EDGE('',*,*,#17432,.T.);
#17622 = ORIENTED_EDGE('',*,*,#17458,.T.);
#17623 = ORIENTED_EDGE('',*,*,#17482,.T.);
#17624 = PLANE('',#17625);
#17625 = AXIS2_PLACEMENT_3D('',#17626,#17627,#17628);
#17626 = CARTESIAN_POINT('',(-45.,-50.,0.));
#17627 = DIRECTION('',(0.,-1.,0.));
#17628 = DIRECTION('',(1.,0.,0.));
#17629 = ADVANCED_FACE('',(#17630,#17640),#17674,.T.);
#17630 = FACE_BOUND('',#17631,.T.);
#17631 = EDGE_LOOP('',(#17632,#17633,#17634,#17635,#17636,#17637,#17638,
    #17639));
#17632 = ORIENTED_EDGE('',*,*,#2329,.T.);
#17633 = ORIENTED_EDGE('',*,*,#3355,.T.);
#17634 = ORIENTED_EDGE('',*,*,#6514,.F.);
#17635 = ORIENTED_EDGE('',*,*,#7557,.T.);
#17636 = ORIENTED_EDGE('',*,*,#6482,.T.);
#17637 = ORIENTED_EDGE('',*,*,#3372,.T.);
#17638 = ORIENTED_EDGE('',*,*,#2393,.F.);
#17639 = ORIENTED_EDGE('',*,*,#905,.T.);
#17640 = FACE_BOUND('',#17641,.T.);
#17641 = EDGE_LOOP('',(#17642,#17652,#17660,#17668));
#17642 = ORIENTED_EDGE('',*,*,#17643,.F.);
#17643 = EDGE_CURVE('',#17644,#17646,#17648,.T.);
#17644 = VERTEX_POINT('',#17645);
#17645 = CARTESIAN_POINT('',(48.35,3.,-3.02360679775));
#17646 = VERTEX_POINT('',#17647);
#17647 = CARTESIAN_POINT('',(48.35,3.,-1.410927519059));
#17648 = LINE('',#17649,#17650);
#17649 = CARTESIAN_POINT('',(48.35,3.,-1.121583948005));
#17650 = VECTOR('',#17651,1.);
#17651 = DIRECTION('',(0.,0.,1.));
#17652 = ORIENTED_EDGE('',*,*,#17653,.T.);
#17653 = EDGE_CURVE('',#17644,#17654,#17656,.T.);
#17654 = VERTEX_POINT('',#17655);
#17655 = CARTESIAN_POINT('',(48.35,-3.,-3.02360679775));
#17656 = LINE('',#17657,#17658);
#17657 = CARTESIAN_POINT('',(48.35,3.,-3.02360679775));
#17658 = VECTOR('',#17659,1.);
#17659 = DIRECTION('',(0.,-1.,2.22044604925E-16));
#17660 = ORIENTED_EDGE('',*,*,#17661,.F.);
#17661 = EDGE_CURVE('',#17662,#17654,#17664,.T.);
#17662 = VERTEX_POINT('',#17663);
#17663 = CARTESIAN_POINT('',(48.35,-3.,-1.410927519059));
#17664 = LINE('',#17665,#17666);
#17665 = CARTESIAN_POINT('',(48.35,-3.,-1.121583948005));
#17666 = VECTOR('',#17667,1.);
#17667 = DIRECTION('',(-0.,-0.,-1.));
#17668 = ORIENTED_EDGE('',*,*,#17669,.F.);
#17669 = EDGE_CURVE('',#17646,#17662,#17670,.T.);
#17670 = LINE('',#17671,#17672);
#17671 = CARTESIAN_POINT('',(48.35,3.,-1.410927519059));
#17672 = VECTOR('',#17673,1.);
#17673 = DIRECTION('',(0.,-1.,2.22044604925E-16));
#17674 = PLANE('',#17675);
#17675 = AXIS2_PLACEMENT_3D('',#17676,#17677,#17678);
#17676 = CARTESIAN_POINT('',(48.35,-0.106382978723,-2.063829787234));
#17677 = DIRECTION('',(1.,0.,3.616438510701E-16));
#17678 = DIRECTION('',(-3.616438510701E-16,0.,1.));
#17679 = ADVANCED_FACE('',(#17680),#17715,.T.);
#17680 = FACE_BOUND('',#17681,.T.);
#17681 = EDGE_LOOP('',(#17682,#17692,#17700,#17707,#17708));
#17682 = ORIENTED_EDGE('',*,*,#17683,.T.);
#17683 = EDGE_CURVE('',#17684,#17686,#17688,.T.);
#17684 = VERTEX_POINT('',#17685);
#17685 = CARTESIAN_POINT('',(48.416207053676,3.,-1.559586348308));
#17686 = VERTEX_POINT('',#17687);
#17687 = CARTESIAN_POINT('',(49.35,3.,-2.4));
#17688 = LINE('',#17689,#17690);
#17689 = CARTESIAN_POINT('',(48.35,3.,-1.5));
#17690 = VECTOR('',#17691,1.);
#17691 = DIRECTION('',(0.743294146247,-1.485400095419E-16,
    -0.668964731622));
#17692 = ORIENTED_EDGE('',*,*,#17693,.T.);
#17693 = EDGE_CURVE('',#17686,#17694,#17696,.T.);
#17694 = VERTEX_POINT('',#17695);
#17695 = CARTESIAN_POINT('',(48.4605572809,3.,-2.84472135955));
#17696 = LINE('',#17697,#17698);
#17697 = CARTESIAN_POINT('',(49.35,3.,-2.4));
#17698 = VECTOR('',#17699,1.);
#17699 = DIRECTION('',(-0.894427191,-9.930136612989E-17,-0.4472135955));
#17700 = ORIENTED_EDGE('',*,*,#17701,.F.);
#17701 = EDGE_CURVE('',#17644,#17694,#17702,.T.);
#17702 = CIRCLE('',#17703,0.2);
#17703 = AXIS2_PLACEMENT_3D('',#17704,#17705,#17706);
#17704 = CARTESIAN_POINT('',(48.55,3.,-3.02360679775));
#17705 = DIRECTION('',(0.,1.,-2.22044604925E-16));
#17706 = DIRECTION('',(0.,-2.22044604925E-16,-1.));
#17707 = ORIENTED_EDGE('',*,*,#17643,.T.);
#17708 = ORIENTED_EDGE('',*,*,#17709,.T.);
#17709 = EDGE_CURVE('',#17646,#17684,#17710,.T.);
#17710 = CIRCLE('',#17711,0.2);
#17711 = AXIS2_PLACEMENT_3D('',#17712,#17713,#17714);
#17712 = CARTESIAN_POINT('',(48.55,3.,-1.410927519059));
#17713 = DIRECTION('',(0.,-1.,2.22044604925E-16));
#17714 = DIRECTION('',(0.,-2.22044604925E-16,-1.));
#17715 = PLANE('',#17716);
#17716 = AXIS2_PLACEMENT_3D('',#17717,#17718,#17719);
#17717 = CARTESIAN_POINT('',(48.668812275855,3.,-2.243167896011));
#17718 = DIRECTION('',(0.,1.,0.));
#17719 = DIRECTION('',(0.,0.,1.));
#17720 = ADVANCED_FACE('',(#17721),#17740,.F.);
#17721 = FACE_BOUND('',#17722,.F.);
#17722 = EDGE_LOOP('',(#17723,#17724,#17732,#17739));
#17723 = ORIENTED_EDGE('',*,*,#17709,.T.);
#17724 = ORIENTED_EDGE('',*,*,#17725,.T.);
#17725 = EDGE_CURVE('',#17684,#17726,#17728,.T.);
#17726 = VERTEX_POINT('',#17727);
#17727 = CARTESIAN_POINT('',(48.416207053676,-3.,-1.559586348308));
#17728 = LINE('',#17729,#17730);
#17729 = CARTESIAN_POINT('',(48.416207053676,3.,-1.559586348308));
#17730 = VECTOR('',#17731,1.);
#17731 = DIRECTION('',(0.,-1.,2.22044604925E-16));
#17732 = ORIENTED_EDGE('',*,*,#17733,.F.);
#17733 = EDGE_CURVE('',#17662,#17726,#17734,.T.);
#17734 = CIRCLE('',#17735,0.2);
#17735 = AXIS2_PLACEMENT_3D('',#17736,#17737,#17738);
#17736 = CARTESIAN_POINT('',(48.55,-3.,-1.410927519059));
#17737 = DIRECTION('',(0.,-1.,2.22044604925E-16));
#17738 = DIRECTION('',(0.,-2.22044604925E-16,-1.));
#17739 = ORIENTED_EDGE('',*,*,#17669,.F.);
#17740 = CYLINDRICAL_SURFACE('',#17741,0.2);
#17741 = AXIS2_PLACEMENT_3D('',#17742,#17743,#17744);
#17742 = CARTESIAN_POINT('',(48.55,3.,-1.410927519059));
#17743 = DIRECTION('',(0.,-1.,2.22044604925E-16));
#17744 = DIRECTION('',(-1.,0.,0.));
#17745 = ADVANCED_FACE('',(#17746),#17765,.F.);
#17746 = FACE_BOUND('',#17747,.T.);
#17747 = EDGE_LOOP('',(#17748,#17749,#17757,#17764));
#17748 = ORIENTED_EDGE('',*,*,#17701,.T.);
#17749 = ORIENTED_EDGE('',*,*,#17750,.T.);
#17750 = EDGE_CURVE('',#17694,#17751,#17753,.T.);
#17751 = VERTEX_POINT('',#17752);
#17752 = CARTESIAN_POINT('',(48.4605572809,-3.,-2.84472135955));
#17753 = LINE('',#17754,#17755);
#17754 = CARTESIAN_POINT('',(48.4605572809,3.,-2.84472135955));
#17755 = VECTOR('',#17756,1.);
#17756 = DIRECTION('',(0.,-1.,2.22044604925E-16));
#17757 = ORIENTED_EDGE('',*,*,#17758,.F.);
#17758 = EDGE_CURVE('',#17654,#17751,#17759,.T.);
#17759 = CIRCLE('',#17760,0.2);
#17760 = AXIS2_PLACEMENT_3D('',#17761,#17762,#17763);
#17761 = CARTESIAN_POINT('',(48.55,-3.,-3.02360679775));
#17762 = DIRECTION('',(0.,1.,-2.22044604925E-16));
#17763 = DIRECTION('',(0.,-2.22044604925E-16,-1.));
#17764 = ORIENTED_EDGE('',*,*,#17653,.F.);
#17765 = CYLINDRICAL_SURFACE('',#17766,0.2);
#17766 = AXIS2_PLACEMENT_3D('',#17767,#17768,#17769);
#17767 = CARTESIAN_POINT('',(48.55,3.,-3.02360679775));
#17768 = DIRECTION('',(0.,-1.,2.22044604925E-16));
#17769 = DIRECTION('',(-1.,0.,0.));
#17770 = ADVANCED_FACE('',(#17771),#17790,.F.);
#17771 = FACE_BOUND('',#17772,.F.);
#17772 = EDGE_LOOP('',(#17773,#17781,#17787,#17788,#17789));
#17773 = ORIENTED_EDGE('',*,*,#17774,.T.);
#17774 = EDGE_CURVE('',#17726,#17775,#17777,.T.);
#17775 = VERTEX_POINT('',#17776);
#17776 = CARTESIAN_POINT('',(49.35,-3.,-2.4));
#17777 = LINE('',#17778,#17779);
#17778 = CARTESIAN_POINT('',(48.35,-3.,-1.5));
#17779 = VECTOR('',#17780,1.);
#17780 = DIRECTION('',(0.743294146247,-1.485400095419E-16,
    -0.668964731622));
#17781 = ORIENTED_EDGE('',*,*,#17782,.T.);
#17782 = EDGE_CURVE('',#17775,#17751,#17783,.T.);
#17783 = LINE('',#17784,#17785);
#17784 = CARTESIAN_POINT('',(49.35,-3.,-2.4));
#17785 = VECTOR('',#17786,1.);
#17786 = DIRECTION('',(-0.894427191,-9.930136612989E-17,-0.4472135955));
#17787 = ORIENTED_EDGE('',*,*,#17758,.F.);
#17788 = ORIENTED_EDGE('',*,*,#17661,.F.);
#17789 = ORIENTED_EDGE('',*,*,#17733,.T.);
#17790 = PLANE('',#17791);
#17791 = AXIS2_PLACEMENT_3D('',#17792,#17793,#17794);
#17792 = CARTESIAN_POINT('',(48.668812275855,-3.,-2.243167896011));
#17793 = DIRECTION('',(0.,1.,0.));
#17794 = DIRECTION('',(0.,0.,1.));
#17795 = ADVANCED_FACE('',(#17796),#17807,.T.);
#17796 = FACE_BOUND('',#17797,.T.);
#17797 = EDGE_LOOP('',(#17798,#17799,#17800,#17801));
#17798 = ORIENTED_EDGE('',*,*,#17683,.F.);
#17799 = ORIENTED_EDGE('',*,*,#17725,.T.);
#17800 = ORIENTED_EDGE('',*,*,#17774,.T.);
#17801 = ORIENTED_EDGE('',*,*,#17802,.F.);
#17802 = EDGE_CURVE('',#17686,#17775,#17803,.T.);
#17803 = LINE('',#17804,#17805);
#17804 = CARTESIAN_POINT('',(49.35,3.,-2.4));
#17805 = VECTOR('',#17806,1.);
#17806 = DIRECTION('',(0.,-1.,2.22044604925E-16));
#17807 = PLANE('',#17808);
#17808 = AXIS2_PLACEMENT_3D('',#17809,#17810,#17811);
#17809 = CARTESIAN_POINT('',(48.35,3.,-1.5));
#17810 = DIRECTION('',(0.668964731622,1.650444550465E-16,0.743294146247)
  );
#17811 = DIRECTION('',(0.743294146247,-1.485400095419E-16,
    -0.668964731622));
#17812 = ADVANCED_FACE('',(#17813),#17819,.T.);
#17813 = FACE_BOUND('',#17814,.T.);
#17814 = EDGE_LOOP('',(#17815,#17816,#17817,#17818));
#17815 = ORIENTED_EDGE('',*,*,#17693,.F.);
#17816 = ORIENTED_EDGE('',*,*,#17802,.T.);
#17817 = ORIENTED_EDGE('',*,*,#17782,.T.);
#17818 = ORIENTED_EDGE('',*,*,#17750,.F.);
#17819 = PLANE('',#17820);
#17820 = AXIS2_PLACEMENT_3D('',#17821,#17822,#17823);
#17821 = CARTESIAN_POINT('',(49.35,3.,-2.4));
#17822 = DIRECTION('',(0.4472135955,-1.986027322598E-16,-0.894427191));
#17823 = DIRECTION('',(-0.894427191,-9.930136612989E-17,-0.4472135955));
#17824 = ORIENTED_CLOSED_SHELL('',*,#17825,.F.);
#17825 = CLOSED_SHELL('',(#17826,#17859,#17868));
#17826 = ADVANCED_FACE('',(#17827),#17854,.T.);
#17827 = FACE_BOUND('',#17828,.F.);
#17828 = EDGE_LOOP('',(#17829,#17839,#17846,#17847));
#17829 = ORIENTED_EDGE('',*,*,#17830,.T.);
#17830 = EDGE_CURVE('',#17831,#17833,#17835,.T.);
#17831 = VERTEX_POINT('',#17832);
#17832 = CARTESIAN_POINT('',(-36.85,-40.00000062372,-24.4));
#17833 = VERTEX_POINT('',#17834);
#17834 = CARTESIAN_POINT('',(-36.85,-40.00000062372,-22.395));
#17835 = LINE('',#17836,#17837);
#17836 = CARTESIAN_POINT('',(-36.85,-40.00000062372,-24.4));
#17837 = VECTOR('',#17838,1.);
#17838 = DIRECTION('',(0.,0.,1.));
#17839 = ORIENTED_EDGE('',*,*,#17840,.T.);
#17840 = EDGE_CURVE('',#17833,#17833,#17841,.T.);
#17841 = CIRCLE('',#17842,3.15);
#17842 = AXIS2_PLACEMENT_3D('',#17843,#17844,#17845);
#17843 = CARTESIAN_POINT('',(-40.,-40.00000062372,-22.395));
#17844 = DIRECTION('',(0.,0.,1.));
#17845 = DIRECTION('',(1.,0.,0.));
#17846 = ORIENTED_EDGE('',*,*,#17830,.F.);
#17847 = ORIENTED_EDGE('',*,*,#17848,.F.);
#17848 = EDGE_CURVE('',#17831,#17831,#17849,.T.);
#17849 = CIRCLE('',#17850,3.15);
#17850 = AXIS2_PLACEMENT_3D('',#17851,#17852,#17853);
#17851 = CARTESIAN_POINT('',(-40.,-40.00000062372,-24.4));
#17852 = DIRECTION('',(0.,0.,1.));
#17853 = DIRECTION('',(1.,0.,0.));
#17854 = CYLINDRICAL_SURFACE('',#17855,3.15);
#17855 = AXIS2_PLACEMENT_3D('',#17856,#17857,#17858);
#17856 = CARTESIAN_POINT('',(-40.,-40.00000062372,-24.4));
#17857 = DIRECTION('',(-0.,-0.,-1.));
#17858 = DIRECTION('',(1.,0.,0.));
#17859 = ADVANCED_FACE('',(#17860),#17863,.F.);
#17860 = FACE_BOUND('',#17861,.F.);
#17861 = EDGE_LOOP('',(#17862));
#17862 = ORIENTED_EDGE('',*,*,#17848,.T.);
#17863 = PLANE('',#17864);
#17864 = AXIS2_PLACEMENT_3D('',#17865,#17866,#17867);
#17865 = CARTESIAN_POINT('',(-2.577259672809,2.369355344916,-24.4));
#17866 = DIRECTION('',(0.,0.,1.));
#17867 = DIRECTION('',(1.,0.,0.));
#17868 = ADVANCED_FACE('',(#17869),#17872,.T.);
#17869 = FACE_BOUND('',#17870,.T.);
#17870 = EDGE_LOOP('',(#17871));
#17871 = ORIENTED_EDGE('',*,*,#17840,.T.);
#17872 = PLANE('',#17873);
#17873 = AXIS2_PLACEMENT_3D('',#17874,#17875,#17876);
#17874 = CARTESIAN_POINT('',(-2.577259672809,2.369355344916,-22.395));
#17875 = DIRECTION('',(0.,0.,1.));
#17876 = DIRECTION('',(1.,0.,0.));
#17877 = ORIENTED_CLOSED_SHELL('',*,#17878,.F.);
#17878 = CLOSED_SHELL('',(#17879,#17912,#17921));
#17879 = ADVANCED_FACE('',(#17880),#17907,.T.);
#17880 = FACE_BOUND('',#17881,.F.);
#17881 = EDGE_LOOP('',(#17882,#17892,#17899,#17900));
#17882 = ORIENTED_EDGE('',*,*,#17883,.T.);
#17883 = EDGE_CURVE('',#17884,#17886,#17888,.T.);
#17884 = VERTEX_POINT('',#17885);
#17885 = CARTESIAN_POINT('',(-29.778936,-32.928929,-24.4));
#17886 = VERTEX_POINT('',#17887);
#17887 = CARTESIAN_POINT('',(-29.778936,-32.928929,-22.395));
#17888 = LINE('',#17889,#17890);
#17889 = CARTESIAN_POINT('',(-29.778936,-32.928929,-24.4));
#17890 = VECTOR('',#17891,1.);
#17891 = DIRECTION('',(0.,0.,1.));
#17892 = ORIENTED_EDGE('',*,*,#17893,.T.);
#17893 = EDGE_CURVE('',#17886,#17886,#17894,.T.);
#17894 = CIRCLE('',#17895,3.15);
#17895 = AXIS2_PLACEMENT_3D('',#17896,#17897,#17898);
#17896 = CARTESIAN_POINT('',(-32.928936,-32.928929,-22.395));
#17897 = DIRECTION('',(0.,0.,1.));
#17898 = DIRECTION('',(1.,0.,0.));
#17899 = ORIENTED_EDGE('',*,*,#17883,.F.);
#17900 = ORIENTED_EDGE('',*,*,#17901,.F.);
#17901 = EDGE_CURVE('',#17884,#17884,#17902,.T.);
#17902 = CIRCLE('',#17903,3.15);
#17903 = AXIS2_PLACEMENT_3D('',#17904,#17905,#17906);
#17904 = CARTESIAN_POINT('',(-32.928936,-32.928929,-24.4));
#17905 = DIRECTION('',(0.,0.,1.));
#17906 = DIRECTION('',(1.,0.,0.));
#17907 = CYLINDRICAL_SURFACE('',#17908,3.15);
#17908 = AXIS2_PLACEMENT_3D('',#17909,#17910,#17911);
#17909 = CARTESIAN_POINT('',(-32.928936,-32.928929,-24.4));
#17910 = DIRECTION('',(-0.,-0.,-1.));
#17911 = DIRECTION('',(1.,0.,0.));
#17912 = ADVANCED_FACE('',(#17913),#17916,.F.);
#17913 = FACE_BOUND('',#17914,.F.);
#17914 = EDGE_LOOP('',(#17915));
#17915 = ORIENTED_EDGE('',*,*,#17901,.T.);
#17916 = PLANE('',#17917);
#17917 = AXIS2_PLACEMENT_3D('',#17918,#17919,#17920);
#17918 = CARTESIAN_POINT('',(-2.577259672809,2.369355344916,-24.4));
#17919 = DIRECTION('',(0.,0.,1.));
#17920 = DIRECTION('',(1.,0.,0.));
#17921 = ADVANCED_FACE('',(#17922),#17925,.T.);
#17922 = FACE_BOUND('',#17923,.T.);
#17923 = EDGE_LOOP('',(#17924));
#17924 = ORIENTED_EDGE('',*,*,#17893,.T.);
#17925 = PLANE('',#17926);
#17926 = AXIS2_PLACEMENT_3D('',#17927,#17928,#17929);
#17927 = CARTESIAN_POINT('',(-2.577259672809,2.369355344916,-22.395));
#17928 = DIRECTION('',(0.,0.,1.));
#17929 = DIRECTION('',(1.,0.,0.));
#17930 = ORIENTED_CLOSED_SHELL('',*,#17931,.F.);
#17931 = CLOSED_SHELL('',(#17932,#17965,#17974));
#17932 = ADVANCED_FACE('',(#17933),#17960,.T.);
#17933 = FACE_BOUND('',#17934,.F.);
#17934 = EDGE_LOOP('',(#17935,#17945,#17952,#17953));
#17935 = ORIENTED_EDGE('',*,*,#17936,.T.);
#17936 = EDGE_CURVE('',#17937,#17939,#17941,.T.);
#17937 = VERTEX_POINT('',#17938);
#17938 = CARTESIAN_POINT('',(43.15,-40.,-24.4));
#17939 = VERTEX_POINT('',#17940);
#17940 = CARTESIAN_POINT('',(43.15,-40.,-22.395));
#17941 = LINE('',#17942,#17943);
#17942 = CARTESIAN_POINT('',(43.15,-40.,-24.4));
#17943 = VECTOR('',#17944,1.);
#17944 = DIRECTION('',(0.,0.,1.));
#17945 = ORIENTED_EDGE('',*,*,#17946,.T.);
#17946 = EDGE_CURVE('',#17939,#17939,#17947,.T.);
#17947 = CIRCLE('',#17948,3.15);
#17948 = AXIS2_PLACEMENT_3D('',#17949,#17950,#17951);
#17949 = CARTESIAN_POINT('',(40.,-40.,-22.395));
#17950 = DIRECTION('',(0.,0.,1.));
#17951 = DIRECTION('',(1.,0.,0.));
#17952 = ORIENTED_EDGE('',*,*,#17936,.F.);
#17953 = ORIENTED_EDGE('',*,*,#17954,.F.);
#17954 = EDGE_CURVE('',#17937,#17937,#17955,.T.);
#17955 = CIRCLE('',#17956,3.15);
#17956 = AXIS2_PLACEMENT_3D('',#17957,#17958,#17959);
#17957 = CARTESIAN_POINT('',(40.,-40.,-24.4));
#17958 = DIRECTION('',(0.,0.,1.));
#17959 = DIRECTION('',(1.,0.,0.));
#17960 = CYLINDRICAL_SURFACE('',#17961,3.15);
#17961 = AXIS2_PLACEMENT_3D('',#17962,#17963,#17964);
#17962 = CARTESIAN_POINT('',(40.,-40.,-24.4));
#17963 = DIRECTION('',(-0.,-0.,-1.));
#17964 = DIRECTION('',(1.,0.,0.));
#17965 = ADVANCED_FACE('',(#17966),#17969,.F.);
#17966 = FACE_BOUND('',#17967,.F.);
#17967 = EDGE_LOOP('',(#17968));
#17968 = ORIENTED_EDGE('',*,*,#17954,.T.);
#17969 = PLANE('',#17970);
#17970 = AXIS2_PLACEMENT_3D('',#17971,#17972,#17973);
#17971 = CARTESIAN_POINT('',(-2.577259672809,2.369355344916,-24.4));
#17972 = DIRECTION('',(0.,0.,1.));
#17973 = DIRECTION('',(1.,0.,0.));
#17974 = ADVANCED_FACE('',(#17975),#17978,.T.);
#17975 = FACE_BOUND('',#17976,.T.);
#17976 = EDGE_LOOP('',(#17977));
#17977 = ORIENTED_EDGE('',*,*,#17946,.T.);
#17978 = PLANE('',#17979);
#17979 = AXIS2_PLACEMENT_3D('',#17980,#17981,#17982);
#17980 = CARTESIAN_POINT('',(-2.577259672809,2.369355344916,-22.395));
#17981 = DIRECTION('',(0.,0.,1.));
#17982 = DIRECTION('',(1.,0.,0.));
#17983 = ORIENTED_CLOSED_SHELL('',*,#17984,.F.);
#17984 = CLOSED_SHELL('',(#17985,#18018,#18027));
#17985 = ADVANCED_FACE('',(#17986),#18013,.T.);
#17986 = FACE_BOUND('',#17987,.F.);
#17987 = EDGE_LOOP('',(#17988,#17998,#18005,#18006));
#17988 = ORIENTED_EDGE('',*,*,#17989,.T.);
#17989 = EDGE_CURVE('',#17990,#17992,#17994,.T.);
#17990 = VERTEX_POINT('',#17991);
#17991 = CARTESIAN_POINT('',(36.078935654319,-32.92892872195,-24.4));
#17992 = VERTEX_POINT('',#17993);
#17993 = CARTESIAN_POINT('',(36.078935654319,-32.92892872195,-22.395));
#17994 = LINE('',#17995,#17996);
#17995 = CARTESIAN_POINT('',(36.078935654319,-32.92892872195,-24.4));
#17996 = VECTOR('',#17997,1.);
#17997 = DIRECTION('',(0.,0.,1.));
#17998 = ORIENTED_EDGE('',*,*,#17999,.T.);
#17999 = EDGE_CURVE('',#17992,#17992,#18000,.T.);
#18000 = CIRCLE('',#18001,3.15);
#18001 = AXIS2_PLACEMENT_3D('',#18002,#18003,#18004);
#18002 = CARTESIAN_POINT('',(32.928935654319,-32.92892872195,-22.395));
#18003 = DIRECTION('',(0.,0.,1.));
#18004 = DIRECTION('',(1.,0.,0.));
#18005 = ORIENTED_EDGE('',*,*,#17989,.F.);
#18006 = ORIENTED_EDGE('',*,*,#18007,.F.);
#18007 = EDGE_CURVE('',#17990,#17990,#18008,.T.);
#18008 = CIRCLE('',#18009,3.15);
#18009 = AXIS2_PLACEMENT_3D('',#18010,#18011,#18012);
#18010 = CARTESIAN_POINT('',(32.928935654319,-32.92892872195,-24.4));
#18011 = DIRECTION('',(0.,0.,1.));
#18012 = DIRECTION('',(1.,0.,0.));
#18013 = CYLINDRICAL_SURFACE('',#18014,3.15);
#18014 = AXIS2_PLACEMENT_3D('',#18015,#18016,#18017);
#18015 = CARTESIAN_POINT('',(32.928935654319,-32.92892872195,-24.4));
#18016 = DIRECTION('',(-0.,-0.,-1.));
#18017 = DIRECTION('',(1.,0.,0.));
#18018 = ADVANCED_FACE('',(#18019),#18022,.F.);
#18019 = FACE_BOUND('',#18020,.F.);
#18020 = EDGE_LOOP('',(#18021));
#18021 = ORIENTED_EDGE('',*,*,#18007,.T.);
#18022 = PLANE('',#18023);
#18023 = AXIS2_PLACEMENT_3D('',#18024,#18025,#18026);
#18024 = CARTESIAN_POINT('',(-2.577259672809,2.369355344916,-24.4));
#18025 = DIRECTION('',(0.,0.,1.));
#18026 = DIRECTION('',(1.,0.,0.));
#18027 = ADVANCED_FACE('',(#18028),#18031,.T.);
#18028 = FACE_BOUND('',#18029,.T.);
#18029 = EDGE_LOOP('',(#18030));
#18030 = ORIENTED_EDGE('',*,*,#17999,.T.);
#18031 = PLANE('',#18032);
#18032 = AXIS2_PLACEMENT_3D('',#18033,#18034,#18035);
#18033 = CARTESIAN_POINT('',(-2.577259672809,2.369355344916,-22.395));
#18034 = DIRECTION('',(0.,0.,1.));
#18035 = DIRECTION('',(1.,0.,0.));
#18036 = ORIENTED_CLOSED_SHELL('',*,#18037,.F.);
#18037 = CLOSED_SHELL('',(#18038,#18071,#18080));
#18038 = ADVANCED_FACE('',(#18039),#18066,.T.);
#18039 = FACE_BOUND('',#18040,.F.);
#18040 = EDGE_LOOP('',(#18041,#18051,#18058,#18059));
#18041 = ORIENTED_EDGE('',*,*,#18042,.T.);
#18042 = EDGE_CURVE('',#18043,#18045,#18047,.T.);
#18043 = VERTEX_POINT('',#18044);
#18044 = CARTESIAN_POINT('',(-29.87056414215,7.770557209788,-24.4));
#18045 = VERTEX_POINT('',#18046);
#18046 = CARTESIAN_POINT('',(-29.87056414215,7.770557209788,-22.395));
#18047 = LINE('',#18048,#18049);
#18048 = CARTESIAN_POINT('',(-29.87056414215,7.770557209788,-24.4));
#18049 = VECTOR('',#18050,1.);
#18050 = DIRECTION('',(0.,0.,1.));
#18051 = ORIENTED_EDGE('',*,*,#18052,.T.);
#18052 = EDGE_CURVE('',#18045,#18045,#18053,.T.);
#18053 = CIRCLE('',#18054,3.15);
#18054 = AXIS2_PLACEMENT_3D('',#18055,#18056,#18057);
#18055 = CARTESIAN_POINT('',(-33.02056414215,7.770557209788,-22.395));
#18056 = DIRECTION('',(0.,0.,1.));
#18057 = DIRECTION('',(1.,0.,0.));
#18058 = ORIENTED_EDGE('',*,*,#18042,.F.);
#18059 = ORIENTED_EDGE('',*,*,#18060,.F.);
#18060 = EDGE_CURVE('',#18043,#18043,#18061,.T.);
#18061 = CIRCLE('',#18062,3.15);
#18062 = AXIS2_PLACEMENT_3D('',#18063,#18064,#18065);
#18063 = CARTESIAN_POINT('',(-33.02056414215,7.770557209788,-24.4));
#18064 = DIRECTION('',(0.,0.,1.));
#18065 = DIRECTION('',(1.,0.,0.));
#18066 = CYLINDRICAL_SURFACE('',#18067,3.15);
#18067 = AXIS2_PLACEMENT_3D('',#18068,#18069,#18070);
#18068 = CARTESIAN_POINT('',(-33.02056414215,7.770557209788,-24.4));
#18069 = DIRECTION('',(-0.,-0.,-1.));
#18070 = DIRECTION('',(1.,0.,0.));
#18071 = ADVANCED_FACE('',(#18072),#18075,.F.);
#18072 = FACE_BOUND('',#18073,.F.);
#18073 = EDGE_LOOP('',(#18074));
#18074 = ORIENTED_EDGE('',*,*,#18060,.T.);
#18075 = PLANE('',#18076);
#18076 = AXIS2_PLACEMENT_3D('',#18077,#18078,#18079);
#18077 = CARTESIAN_POINT('',(-2.577259672809,2.369355344916,-24.4));
#18078 = DIRECTION('',(0.,0.,1.));
#18079 = DIRECTION('',(1.,0.,0.));
#18080 = ADVANCED_FACE('',(#18081),#18084,.T.);
#18081 = FACE_BOUND('',#18082,.T.);
#18082 = EDGE_LOOP('',(#18083));
#18083 = ORIENTED_EDGE('',*,*,#18052,.T.);
#18084 = PLANE('',#18085);
#18085 = AXIS2_PLACEMENT_3D('',#18086,#18087,#18088);
#18086 = CARTESIAN_POINT('',(-2.577259672809,2.369355344916,-22.395));
#18087 = DIRECTION('',(0.,0.,1.));
#18088 = DIRECTION('',(1.,0.,0.));
#18089 = ORIENTED_CLOSED_SHELL('',*,#18090,.F.);
#18090 = CLOSED_SHELL('',(#18091,#18124,#18133));
#18091 = ADVANCED_FACE('',(#18092),#18119,.T.);
#18092 = FACE_BOUND('',#18093,.F.);
#18093 = EDGE_LOOP('',(#18094,#18104,#18111,#18112));
#18094 = ORIENTED_EDGE('',*,*,#18095,.T.);
#18095 = EDGE_CURVE('',#18096,#18098,#18100,.T.);
#18096 = VERTEX_POINT('',#18097);
#18097 = CARTESIAN_POINT('',(-36.94162848783,14.841628487836,-24.4));
#18098 = VERTEX_POINT('',#18099);
#18099 = CARTESIAN_POINT('',(-36.94162848783,14.841628487836,-22.395));
#18100 = LINE('',#18101,#18102);
#18101 = CARTESIAN_POINT('',(-36.94162848783,14.841628487836,-24.4));
#18102 = VECTOR('',#18103,1.);
#18103 = DIRECTION('',(0.,0.,1.));
#18104 = ORIENTED_EDGE('',*,*,#18105,.T.);
#18105 = EDGE_CURVE('',#18098,#18098,#18106,.T.);
#18106 = CIRCLE('',#18107,3.15);
#18107 = AXIS2_PLACEMENT_3D('',#18108,#18109,#18110);
#18108 = CARTESIAN_POINT('',(-40.09162848783,14.841628487836,-22.395));
#18109 = DIRECTION('',(0.,0.,1.));
#18110 = DIRECTION('',(1.,0.,0.));
#18111 = ORIENTED_EDGE('',*,*,#18095,.F.);
#18112 = ORIENTED_EDGE('',*,*,#18113,.F.);
#18113 = EDGE_CURVE('',#18096,#18096,#18114,.T.);
#18114 = CIRCLE('',#18115,3.15);
#18115 = AXIS2_PLACEMENT_3D('',#18116,#18117,#18118);
#18116 = CARTESIAN_POINT('',(-40.09162848783,14.841628487836,-24.4));
#18117 = DIRECTION('',(0.,0.,1.));
#18118 = DIRECTION('',(1.,0.,0.));
#18119 = CYLINDRICAL_SURFACE('',#18120,3.15);
#18120 = AXIS2_PLACEMENT_3D('',#18121,#18122,#18123);
#18121 = CARTESIAN_POINT('',(-40.09162848783,14.841628487836,-24.4));
#18122 = DIRECTION('',(-0.,-0.,-1.));
#18123 = DIRECTION('',(1.,0.,0.));
#18124 = ADVANCED_FACE('',(#18125),#18128,.F.);
#18125 = FACE_BOUND('',#18126,.F.);
#18126 = EDGE_LOOP('',(#18127));
#18127 = ORIENTED_EDGE('',*,*,#18113,.T.);
#18128 = PLANE('',#18129);
#18129 = AXIS2_PLACEMENT_3D('',#18130,#18131,#18132);
#18130 = CARTESIAN_POINT('',(-2.577259672809,2.369355344916,-24.4));
#18131 = DIRECTION('',(0.,0.,1.));
#18132 = DIRECTION('',(1.,0.,0.));
#18133 = ADVANCED_FACE('',(#18134),#18137,.T.);
#18134 = FACE_BOUND('',#18135,.T.);
#18135 = EDGE_LOOP('',(#18136));
#18136 = ORIENTED_EDGE('',*,*,#18105,.T.);
#18137 = PLANE('',#18138);
#18138 = AXIS2_PLACEMENT_3D('',#18139,#18140,#18141);
#18139 = CARTESIAN_POINT('',(-2.577259672809,2.369355344916,-22.395));
#18140 = DIRECTION('',(0.,0.,1.));
#18141 = DIRECTION('',(1.,0.,0.));
#18142 = ORIENTED_CLOSED_SHELL('',*,#18143,.F.);
#18143 = CLOSED_SHELL('',(#18144,#18177,#18186));
#18144 = ADVANCED_FACE('',(#18145),#18172,.T.);
#18145 = FACE_BOUND('',#18146,.F.);
#18146 = EDGE_LOOP('',(#18147,#18157,#18164,#18165));
#18147 = ORIENTED_EDGE('',*,*,#18148,.T.);
#18148 = EDGE_CURVE('',#18149,#18151,#18153,.T.);
#18149 = VERTEX_POINT('',#18150);
#18150 = CARTESIAN_POINT('',(-13.1802036093,40.540682593566,-24.4));
#18151 = VERTEX_POINT('',#18152);
#18152 = CARTESIAN_POINT('',(-13.1802036093,40.540682593566,-22.395));
#18153 = LINE('',#18154,#18155);
#18154 = CARTESIAN_POINT('',(-13.1802036093,40.540682593566,-24.4));
#18155 = VECTOR('',#18156,1.);
#18156 = DIRECTION('',(0.,0.,1.));
#18157 = ORIENTED_EDGE('',*,*,#18158,.T.);
#18158 = EDGE_CURVE('',#18151,#18151,#18159,.T.);
#18159 = CIRCLE('',#18160,3.15);
#18160 = AXIS2_PLACEMENT_3D('',#18161,#18162,#18163);
#18161 = CARTESIAN_POINT('',(-16.3302036093,40.540682593566,-22.395));
#18162 = DIRECTION('',(0.,0.,1.));
#18163 = DIRECTION('',(1.,0.,0.));
#18164 = ORIENTED_EDGE('',*,*,#18148,.F.);
#18165 = ORIENTED_EDGE('',*,*,#18166,.F.);
#18166 = EDGE_CURVE('',#18149,#18149,#18167,.T.);
#18167 = CIRCLE('',#18168,3.15);
#18168 = AXIS2_PLACEMENT_3D('',#18169,#18170,#18171);
#18169 = CARTESIAN_POINT('',(-16.3302036093,40.540682593566,-24.4));
#18170 = DIRECTION('',(0.,0.,1.));
#18171 = DIRECTION('',(1.,0.,0.));
#18172 = CYLINDRICAL_SURFACE('',#18173,3.15);
#18173 = AXIS2_PLACEMENT_3D('',#18174,#18175,#18176);
#18174 = CARTESIAN_POINT('',(-16.3302036093,40.540682593566,-24.4));
#18175 = DIRECTION('',(-0.,-0.,-1.));
#18176 = DIRECTION('',(1.,0.,0.));
#18177 = ADVANCED_FACE('',(#18178),#18181,.F.);
#18178 = FACE_BOUND('',#18179,.F.);
#18179 = EDGE_LOOP('',(#18180));
#18180 = ORIENTED_EDGE('',*,*,#18166,.T.);
#18181 = PLANE('',#18182);
#18182 = AXIS2_PLACEMENT_3D('',#18183,#18184,#18185);
#18183 = CARTESIAN_POINT('',(-2.577259672809,2.369355344916,-24.4));
#18184 = DIRECTION('',(0.,0.,1.));
#18185 = DIRECTION('',(1.,0.,0.));
#18186 = ADVANCED_FACE('',(#18187),#18190,.T.);
#18187 = FACE_BOUND('',#18188,.T.);
#18188 = EDGE_LOOP('',(#18189));
#18189 = ORIENTED_EDGE('',*,*,#18158,.T.);
#18190 = PLANE('',#18191);
#18191 = AXIS2_PLACEMENT_3D('',#18192,#18193,#18194);
#18192 = CARTESIAN_POINT('',(-2.577259672809,2.369355344916,-22.395));
#18193 = DIRECTION('',(0.,0.,1.));
#18194 = DIRECTION('',(1.,0.,0.));
#18195 = ORIENTED_CLOSED_SHELL('',*,#18196,.F.);
#18196 = CLOSED_SHELL('',(#18197,#18230,#18239));
#18197 = ADVANCED_FACE('',(#18198),#18225,.T.);
#18198 = FACE_BOUND('',#18199,.F.);
#18199 = EDGE_LOOP('',(#18200,#18210,#18217,#18218));
#18200 = ORIENTED_EDGE('',*,*,#18201,.T.);
#18201 = EDGE_CURVE('',#18202,#18204,#18206,.T.);
#18202 = VERTEX_POINT('',#18203);
#18203 = CARTESIAN_POINT('',(-6.109135797438,33.4696147817,-24.4));
#18204 = VERTEX_POINT('',#18205);
#18205 = CARTESIAN_POINT('',(-6.109135797438,33.4696147817,-22.395));
#18206 = LINE('',#18207,#18208);
#18207 = CARTESIAN_POINT('',(-6.109135797438,33.4696147817,-24.4));
#18208 = VECTOR('',#18209,1.);
#18209 = DIRECTION('',(0.,0.,1.));
#18210 = ORIENTED_EDGE('',*,*,#18211,.T.);
#18211 = EDGE_CURVE('',#18204,#18204,#18212,.T.);
#18212 = CIRCLE('',#18213,3.15);
#18213 = AXIS2_PLACEMENT_3D('',#18214,#18215,#18216);
#18214 = CARTESIAN_POINT('',(-9.259135797438,33.4696147817,-22.395));
#18215 = DIRECTION('',(0.,0.,1.));
#18216 = DIRECTION('',(1.,0.,0.));
#18217 = ORIENTED_EDGE('',*,*,#18201,.F.);
#18218 = ORIENTED_EDGE('',*,*,#18219,.F.);
#18219 = EDGE_CURVE('',#18202,#18202,#18220,.T.);
#18220 = CIRCLE('',#18221,3.15);
#18221 = AXIS2_PLACEMENT_3D('',#18222,#18223,#18224);
#18222 = CARTESIAN_POINT('',(-9.259135797438,33.4696147817,-24.4));
#18223 = DIRECTION('',(0.,0.,1.));
#18224 = DIRECTION('',(1.,0.,0.));
#18225 = CYLINDRICAL_SURFACE('',#18226,3.15);
#18226 = AXIS2_PLACEMENT_3D('',#18227,#18228,#18229);
#18227 = CARTESIAN_POINT('',(-9.259135797438,33.4696147817,-24.4));
#18228 = DIRECTION('',(-0.,-0.,-1.));
#18229 = DIRECTION('',(1.,0.,0.));
#18230 = ADVANCED_FACE('',(#18231),#18234,.F.);
#18231 = FACE_BOUND('',#18232,.F.);
#18232 = EDGE_LOOP('',(#18233));
#18233 = ORIENTED_EDGE('',*,*,#18219,.T.);
#18234 = PLANE('',#18235);
#18235 = AXIS2_PLACEMENT_3D('',#18236,#18237,#18238);
#18236 = CARTESIAN_POINT('',(-2.577259672809,2.369355344916,-24.4));
#18237 = DIRECTION('',(0.,0.,1.));
#18238 = DIRECTION('',(1.,0.,0.));
#18239 = ADVANCED_FACE('',(#18240),#18243,.T.);
#18240 = FACE_BOUND('',#18241,.T.);
#18241 = EDGE_LOOP('',(#18242));
#18242 = ORIENTED_EDGE('',*,*,#18211,.T.);
#18243 = PLANE('',#18244);
#18244 = AXIS2_PLACEMENT_3D('',#18245,#18246,#18247);
#18245 = CARTESIAN_POINT('',(-2.577259672809,2.369355344916,-22.395));
#18246 = DIRECTION('',(0.,0.,1.));
#18247 = DIRECTION('',(1.,0.,0.));
#18248 = ORIENTED_CLOSED_SHELL('',*,#18249,.F.);
#18249 = CLOSED_SHELL('',(#18250,#18283,#18292));
#18250 = ADVANCED_FACE('',(#18251),#18278,.T.);
#18251 = FACE_BOUND('',#18252,.F.);
#18252 = EDGE_LOOP('',(#18253,#18263,#18270,#18271));
#18253 = ORIENTED_EDGE('',*,*,#18254,.T.);
#18254 = EDGE_CURVE('',#18255,#18257,#18259,.T.);
#18255 = VERTEX_POINT('',#18256);
#18256 = CARTESIAN_POINT('',(36.078935654319,32.928928721952,-24.4));
#18257 = VERTEX_POINT('',#18258);
#18258 = CARTESIAN_POINT('',(36.078935654319,32.928928721952,-22.395));
#18259 = LINE('',#18260,#18261);
#18260 = CARTESIAN_POINT('',(36.078935654319,32.928928721952,-24.4));
#18261 = VECTOR('',#18262,1.);
#18262 = DIRECTION('',(0.,0.,1.));
#18263 = ORIENTED_EDGE('',*,*,#18264,.T.);
#18264 = EDGE_CURVE('',#18257,#18257,#18265,.T.);
#18265 = CIRCLE('',#18266,3.15);
#18266 = AXIS2_PLACEMENT_3D('',#18267,#18268,#18269);
#18267 = CARTESIAN_POINT('',(32.928935654319,32.928928721952,-22.395));
#18268 = DIRECTION('',(0.,0.,1.));
#18269 = DIRECTION('',(1.,0.,0.));
#18270 = ORIENTED_EDGE('',*,*,#18254,.F.);
#18271 = ORIENTED_EDGE('',*,*,#18272,.F.);
#18272 = EDGE_CURVE('',#18255,#18255,#18273,.T.);
#18273 = CIRCLE('',#18274,3.15);
#18274 = AXIS2_PLACEMENT_3D('',#18275,#18276,#18277);
#18275 = CARTESIAN_POINT('',(32.928935654319,32.928928721952,-24.4));
#18276 = DIRECTION('',(0.,0.,1.));
#18277 = DIRECTION('',(1.,0.,0.));
#18278 = CYLINDRICAL_SURFACE('',#18279,3.15);
#18279 = AXIS2_PLACEMENT_3D('',#18280,#18281,#18282);
#18280 = CARTESIAN_POINT('',(32.928935654319,32.928928721952,-24.4));
#18281 = DIRECTION('',(-0.,-0.,-1.));
#18282 = DIRECTION('',(1.,0.,0.));
#18283 = ADVANCED_FACE('',(#18284),#18287,.F.);
#18284 = FACE_BOUND('',#18285,.F.);
#18285 = EDGE_LOOP('',(#18286));
#18286 = ORIENTED_EDGE('',*,*,#18272,.T.);
#18287 = PLANE('',#18288);
#18288 = AXIS2_PLACEMENT_3D('',#18289,#18290,#18291);
#18289 = CARTESIAN_POINT('',(-2.577259672809,2.369355344916,-24.4));
#18290 = DIRECTION('',(0.,0.,1.));
#18291 = DIRECTION('',(1.,0.,0.));
#18292 = ADVANCED_FACE('',(#18293),#18296,.T.);
#18293 = FACE_BOUND('',#18294,.T.);
#18294 = EDGE_LOOP('',(#18295));
#18295 = ORIENTED_EDGE('',*,*,#18264,.T.);
#18296 = PLANE('',#18297);
#18297 = AXIS2_PLACEMENT_3D('',#18298,#18299,#18300);
#18298 = CARTESIAN_POINT('',(-2.577259672809,2.369355344916,-22.395));
#18299 = DIRECTION('',(0.,0.,1.));
#18300 = DIRECTION('',(1.,0.,0.));
#18301 = ORIENTED_CLOSED_SHELL('',*,#18302,.F.);
#18302 = CLOSED_SHELL('',(#18303,#18336,#18345));
#18303 = ADVANCED_FACE('',(#18304),#18331,.T.);
#18304 = FACE_BOUND('',#18305,.F.);
#18305 = EDGE_LOOP('',(#18306,#18316,#18323,#18324));
#18306 = ORIENTED_EDGE('',*,*,#18307,.T.);
#18307 = EDGE_CURVE('',#18308,#18310,#18312,.T.);
#18308 = VERTEX_POINT('',#18309);
#18309 = CARTESIAN_POINT('',(43.15,40.,-24.4));
#18310 = VERTEX_POINT('',#18311);
#18311 = CARTESIAN_POINT('',(43.15,40.,-22.395));
#18312 = LINE('',#18313,#18314);
#18313 = CARTESIAN_POINT('',(43.15,40.,-24.4));
#18314 = VECTOR('',#18315,1.);
#18315 = DIRECTION('',(0.,0.,1.));
#18316 = ORIENTED_EDGE('',*,*,#18317,.T.);
#18317 = EDGE_CURVE('',#18310,#18310,#18318,.T.);
#18318 = CIRCLE('',#18319,3.15);
#18319 = AXIS2_PLACEMENT_3D('',#18320,#18321,#18322);
#18320 = CARTESIAN_POINT('',(40.,40.,-22.395));
#18321 = DIRECTION('',(0.,0.,1.));
#18322 = DIRECTION('',(1.,0.,0.));
#18323 = ORIENTED_EDGE('',*,*,#18307,.F.);
#18324 = ORIENTED_EDGE('',*,*,#18325,.F.);
#18325 = EDGE_CURVE('',#18308,#18308,#18326,.T.);
#18326 = CIRCLE('',#18327,3.15);
#18327 = AXIS2_PLACEMENT_3D('',#18328,#18329,#18330);
#18328 = CARTESIAN_POINT('',(40.,40.,-24.4));
#18329 = DIRECTION('',(0.,0.,1.));
#18330 = DIRECTION('',(1.,0.,0.));
#18331 = CYLINDRICAL_SURFACE('',#18332,3.15);
#18332 = AXIS2_PLACEMENT_3D('',#18333,#18334,#18335);
#18333 = CARTESIAN_POINT('',(40.,40.,-24.4));
#18334 = DIRECTION('',(-0.,-0.,-1.));
#18335 = DIRECTION('',(1.,0.,0.));
#18336 = ADVANCED_FACE('',(#18337),#18340,.F.);
#18337 = FACE_BOUND('',#18338,.F.);
#18338 = EDGE_LOOP('',(#18339));
#18339 = ORIENTED_EDGE('',*,*,#18325,.T.);
#18340 = PLANE('',#18341);
#18341 = AXIS2_PLACEMENT_3D('',#18342,#18343,#18344);
#18342 = CARTESIAN_POINT('',(-2.577259672809,2.369355344916,-24.4));
#18343 = DIRECTION('',(0.,0.,1.));
#18344 = DIRECTION('',(1.,0.,0.));
#18345 = ADVANCED_FACE('',(#18346),#18349,.T.);
#18346 = FACE_BOUND('',#18347,.T.);
#18347 = EDGE_LOOP('',(#18348));
#18348 = ORIENTED_EDGE('',*,*,#18317,.T.);
#18349 = PLANE('',#18350);
#18350 = AXIS2_PLACEMENT_3D('',#18351,#18352,#18353);
#18351 = CARTESIAN_POINT('',(-2.577259672809,2.369355344916,-22.395));
#18352 = DIRECTION('',(0.,0.,1.));
#18353 = DIRECTION('',(1.,0.,0.));
#18354 = ( GEOMETRIC_REPRESENTATION_CONTEXT(3) 
GLOBAL_UNCERTAINTY_ASSIGNED_CONTEXT((#18358)) 
GLOBAL_UNIT_ASSIGNED_CONTEXT((#18355,#18356,#18357)) 
REPRESENTATION_CONTEXT('Context #1',
  '3D Context with UNIT and UNCERTAINTY') );
#18355 = ( LENGTH_UNIT() NAMED_UNIT(*) SI_UNIT(.MILLI.,.METRE.) );
#18356 = ( NAMED_UNIT(*) PLANE_ANGLE_UNIT() SI_UNIT($,.RADIAN.) );
#18357 = ( NAMED_UNIT(*) SI_UNIT($,.STERADIAN.) SOLID_ANGLE_UNIT() );
#18358 = UNCERTAINTY_MEASURE_WITH_UNIT(LENGTH_MEASURE(1.E-06),#18355,
  'distance_accuracy_value','confusion accuracy');
#18359 = PRODUCT_RELATED_PRODUCT_CATEGORY('part',$,(#7));
#18360 = MECHANICAL_DESIGN_GEOMETRIC_PRESENTATION_REPRESENTATION('',(
    #18361),#18354);
#18361 = STYLED_ITEM('color',(#18362),#15);
#18362 = PRESENTATION_STYLE_ASSIGNMENT((#18363,#18369));
#18363 = SURFACE_STYLE_USAGE(.BOTH.,#18364);
#18364 = SURFACE_SIDE_STYLE('',(#18365));
#18365 = SURFACE_STYLE_FILL_AREA(#18366);
#18366 = FILL_AREA_STYLE('',(#18367));
#18367 = FILL_AREA_STYLE_COLOUR('',#18368);
#18368 = COLOUR_RGB('',0.666666687201,0.,1.);
#18369 = CURVE_STYLE('',#18370,POSITIVE_LENGTH_MEASURE(0.1),#18371);
#18370 = DRAUGHTING_PRE_DEFINED_CURVE_FONT('continuous');
#18371 = COLOUR_RGB('',0.678431390124,0.709803936702,0.741176476869);
ENDSEC;
END-ISO-10303-21;
