ISO-10303-21;
HEADER;
FILE_DESCRIPTION((''),'2;1');
FILE_NAME('C-CONREVSMA001-G','2024-02-22T02:33:27',('workeradm'),(
'TE Connectivity Ltd.'),'CREO PARAMETRIC BY PTC INC, 2021072',
'CREO PARAMETRIC BY PTC INC, 2021072','');
FILE_SCHEMA(('AUTOMOTIVE_DESIGN { 1 0 10303 214 1 1 1 1 }'));
ENDSEC;
DATA;
#135=CARTESIAN_POINT('',(0.E0,0.E0,-2.54E0));
#136=DIRECTION('',(0.E0,0.E0,-1.E0));
#137=DIRECTION('',(0.E0,-1.E0,0.E0));
#138=AXIS2_PLACEMENT_3D('',#135,#136,#137);
#140=DIRECTION('',(0.E0,0.E0,1.E0));
#141=VECTOR('',#140,2.54E0);
#142=CARTESIAN_POINT('',(0.E0,2.286E0,-2.54E0));
#143=LINE('',#142,#141);
#144=CARTESIAN_POINT('',(0.E0,0.E0,-2.54E0));
#145=DIRECTION('',(0.E0,0.E0,-1.E0));
#146=DIRECTION('',(0.E0,-1.E0,0.E0));
#147=AXIS2_PLACEMENT_3D('',#144,#145,#146);
#149=CARTESIAN_POINT('',(0.E0,0.E0,-2.54E0));
#150=DIRECTION('',(0.E0,0.E0,-1.E0));
#151=DIRECTION('',(0.E0,1.E0,0.E0));
#152=AXIS2_PLACEMENT_3D('',#149,#150,#151);
#154=CARTESIAN_POINT('',(0.E0,0.E0,-2.54E0));
#155=DIRECTION('',(0.E0,0.E0,-1.E0));
#156=DIRECTION('',(0.E0,1.E0,0.E0));
#157=AXIS2_PLACEMENT_3D('',#154,#155,#156);
#159=DIRECTION('',(0.E0,0.E0,1.E0));
#160=VECTOR('',#159,2.54E0);
#161=CARTESIAN_POINT('',(0.E0,-2.286E0,-2.54E0));
#162=LINE('',#161,#160);
#163=CARTESIAN_POINT('',(0.E0,0.E0,1.065814103640E-14));
#164=DIRECTION('',(0.E0,0.E0,1.E0));
#165=DIRECTION('',(0.E0,-1.E0,0.E0));
#166=AXIS2_PLACEMENT_3D('',#163,#164,#165);
#168=CARTESIAN_POINT('',(0.E0,0.E0,1.065814103640E-14));
#169=DIRECTION('',(0.E0,0.E0,1.E0));
#170=DIRECTION('',(0.E0,1.E0,0.E0));
#171=AXIS2_PLACEMENT_3D('',#168,#169,#170);
#173=CARTESIAN_POINT('',(0.E0,0.E0,0.E0));
#174=DIRECTION('',(0.E0,0.E0,-1.E0));
#175=DIRECTION('',(0.E0,1.E0,0.E0));
#176=AXIS2_PLACEMENT_3D('',#173,#174,#175);
#178=CARTESIAN_POINT('',(0.E0,0.E0,0.E0));
#179=DIRECTION('',(0.E0,0.E0,-1.E0));
#180=DIRECTION('',(0.E0,-1.E0,0.E0));
#181=AXIS2_PLACEMENT_3D('',#178,#179,#180);
#183=DIRECTION('',(0.E0,0.E0,1.E0));
#184=VECTOR('',#183,7.62E-1);
#185=CARTESIAN_POINT('',(0.E0,2.69E0,-7.62E-1));
#186=LINE('',#185,#184);
#187=DIRECTION('',(0.E0,0.E0,1.E0));
#188=VECTOR('',#187,7.62E-1);
#189=CARTESIAN_POINT('',(0.E0,-2.69E0,-7.62E-1));
#190=LINE('',#189,#188);
#191=DIRECTION('',(1.525594854829E-11,8.660254037844E-1,5.E-1));
#192=VECTOR('',#191,5.147371027795E-1);
#193=CARTESIAN_POINT('',(-7.852473315909E-12,-3.135775407277E0,
-1.019368551390E0));
#194=LINE('',#193,#192);
#195=CARTESIAN_POINT('',(-1.229779821598E0,-2.927192126582E0,
-1.042113571487E0));
#196=CARTESIAN_POINT('',(-1.228948952862E0,-2.927512845798E0,
-1.042098391672E0));
#197=CARTESIAN_POINT('',(-1.228097333765E0,-2.927958227974E0,
-1.042020952196E0));
#198=CARTESIAN_POINT('',(-1.225285231595E0,-2.929018541427E0,
-1.042027707284E0));
#199=CARTESIAN_POINT('',(-1.223733209613E0,-2.929721765977E0,
-1.041995771883E0));
#200=CARTESIAN_POINT('',(-1.222904534555E0,-2.930039205676E0,
-1.041980627797E0));
#202=CARTESIAN_POINT('',(0.E0,0.E0,-1.042014880557E0));
#203=DIRECTION('',(0.E0,0.E0,1.E0));
#204=DIRECTION('',(-9.256690646368E-1,-3.783342209930E-1,0.E0));
#205=AXIS2_PLACEMENT_3D('',#202,#203,#204);
#207=CARTESIAN_POINT('',(0.E0,0.E0,-7.62E-1));
#208=DIRECTION('',(0.E0,0.E0,-1.E0));
#209=DIRECTION('',(0.E0,-1.E0,0.E0));
#210=AXIS2_PLACEMENT_3D('',#207,#208,#209);
#212=CARTESIAN_POINT('',(0.E0,0.E0,-7.62E-1));
#213=DIRECTION('',(0.E0,0.E0,-1.E0));
#214=DIRECTION('',(0.E0,1.E0,0.E0));
#215=AXIS2_PLACEMENT_3D('',#212,#213,#214);
#217=DIRECTION('',(-2.048676487010E-12,-8.660254037844E-1,5.E-1));
#218=VECTOR('',#217,1.619593250014E-1);
#219=CARTESIAN_POINT('',(3.314728409934E-13,2.830260889831E0,
-8.429796625007E-1));
#220=LINE('',#219,#218);
#221=CARTESIAN_POINT('',(-7.852473315909E-12,-3.135775407277E0,
-1.019368551390E0));
#222=CARTESIAN_POINT('',(-1.374084838599E-1,-3.140234123898E0,
-1.021942792631E0));
#223=CARTESIAN_POINT('',(-4.136266924019E-1,-3.130962057773E0,
-1.027029791385E0));
#224=CARTESIAN_POINT('',(-8.249394063770E-1,-3.062424902019E0,
-1.034758912888E0));
#225=CARTESIAN_POINT('',(-1.092238211080E0,-2.980093419339E0,
-1.039592693069E0));
#226=CARTESIAN_POINT('',(-1.222904534555E0,-2.930039205676E0,
-1.041980627797E0));
#228=CARTESIAN_POINT('',(3.314728409934E-13,2.830260889831E0,
-8.429796625007E-1));
#229=CARTESIAN_POINT('',(1.466406666216E-1,2.835532814905E0,
-8.460234098615E-1));
#230=CARTESIAN_POINT('',(4.421363967608E-1,2.822995945157E0,
-8.519967946348E-1));
#231=CARTESIAN_POINT('',(8.805304582887E-1,2.735377093517E0,
-8.612169395217E-1));
#232=CARTESIAN_POINT('',(1.304979590183E0,2.576494070058E0,-8.695405047407E-1));
#233=CARTESIAN_POINT('',(1.700032143195E0,2.352302225817E0,-8.776565699664E-1));
#234=CARTESIAN_POINT('',(2.062339495653E0,2.064516931289E0,-8.864858295356E-1));
#235=CARTESIAN_POINT('',(2.380276985654E0,1.716133306569E0,-8.958062525720E-1));
#236=CARTESIAN_POINT('',(2.639074204046E0,1.320390433528E0,-9.053042344737E-1));
#237=CARTESIAN_POINT('',(2.831697896584E0,8.855193113923E-1,
-9.146811608091E-1));
#238=CARTESIAN_POINT('',(2.951039994586E0,4.317477502856E-1,
-9.236379391235E-1));
#239=CARTESIAN_POINT('',(2.996324443763E0,-4.259990200735E-2,
-9.318389884838E-1));
#240=CARTESIAN_POINT('',(2.967283683775E0,-5.110052381914E-1,
-9.402383564226E-1));
#241=CARTESIAN_POINT('',(2.865244647234E0,-9.737973524863E-1,
-9.489729584339E-1));
#242=CARTESIAN_POINT('',(2.693675632422E0,-1.413785493175E0,
-9.582685914814E-1));
#243=CARTESIAN_POINT('',(2.455068310603E0,-1.822962065837E0,
-9.672988107441E-1));
#244=CARTESIAN_POINT('',(2.154100743959E0,-2.192737344893E0,
-9.763977974805E-1));
#245=CARTESIAN_POINT('',(1.795742164066E0,-2.512983206832E0,
-9.850133367737E-1));
#246=CARTESIAN_POINT('',(1.394317649650E0,-2.771215620975E0,
-9.929354254820E-1));
#247=CARTESIAN_POINT('',(9.552175655608E-1,-2.966986908716E0,
-1.001220357026E0));
#248=CARTESIAN_POINT('',(4.831128204930E-1,-3.095233251970E0,
-1.010275217117E0));
#249=CARTESIAN_POINT('',(1.613330911437E-1,-3.130540370002E0,
-1.016346101210E0));
#250=CARTESIAN_POINT('',(-7.852473315909E-12,-3.135775407277E0,
-1.019368551390E0));
#252=CARTESIAN_POINT('',(-1.018939479645E0,2.600609750937E0,
-8.215247452202E-1));
#253=CARTESIAN_POINT('',(-9.110784265605E-1,2.647135870551E0,
-8.238155590898E-1));
#254=CARTESIAN_POINT('',(-6.901271935092E-1,2.726496850108E0,
-8.284942575022E-1));
#255=CARTESIAN_POINT('',(-3.477326519184E-1,2.803296672042E0,
-8.356439144609E-1));
#256=CARTESIAN_POINT('',(-1.159279878735E-1,2.826093126003E0,
-8.405734029326E-1));
#257=CARTESIAN_POINT('',(3.314728409934E-13,2.830260889831E0,
-8.429796625007E-1));
#259=CARTESIAN_POINT('',(2.449981540600E0,1.341258968116E0,-4.512468987336E0));
#260=CARTESIAN_POINT('',(2.439834545670E0,1.359807520125E0,-4.511579838254E0));
#261=CARTESIAN_POINT('',(2.307332507614E0,1.595558929256E0,-4.500204658953E0));
#262=CARTESIAN_POINT('',(2.063187188138E0,1.910770905142E0,-4.483586618325E0));
#263=CARTESIAN_POINT('',(1.694572249308E0,2.229957918971E0,-4.464126914001E0));
#264=CARTESIAN_POINT('',(1.400208558182E0,2.425232363965E0,-4.451004628666E0));
#265=CARTESIAN_POINT('',(1.083914082545E0,2.582521575935E0,-4.437882343331E0));
#266=CARTESIAN_POINT('',(6.231825505962E-1,2.742157970261E0,-4.418422639008E0));
#267=CARTESIAN_POINT('',(-1.251776460265E-14,2.827072777928E0,
-4.392208332370E0));
#268=CARTESIAN_POINT('',(-6.231825505962E-1,2.742157970261E0,
-4.365994025732E0));
#269=CARTESIAN_POINT('',(-1.083914082545E0,2.582521575935E0,-4.346534321408E0));
#270=CARTESIAN_POINT('',(-1.400208558182E0,2.425232363965E0,-4.333412036074E0));
#271=CARTESIAN_POINT('',(-1.694572249308E0,2.229957918971E0,-4.320289750739E0));
#272=CARTESIAN_POINT('',(-2.063187188138E0,1.910770905142E0,-4.300830046415E0));
#273=CARTESIAN_POINT('',(-2.448316844033E0,1.413536388964E0,-4.274615739777E0));
#274=CARTESIAN_POINT('',(-2.686369738734E0,8.313870651189E-1,
-4.248401433139E0));
#275=CARTESIAN_POINT('',(-2.778486331854E0,3.525636569633E-1,
-4.228941728816E0));
#276=CARTESIAN_POINT('',(-2.800417116365E0,0.E0,-4.215819443481E0));
#277=CARTESIAN_POINT('',(-2.778486331854E0,-3.525636569633E-1,
-4.202697158146E0));
#278=CARTESIAN_POINT('',(-2.686369738734E0,-8.313870651189E-1,
-4.183237453822E0));
#279=CARTESIAN_POINT('',(-2.448316844033E0,-1.413536388964E0,
-4.157023147185E0));
#280=CARTESIAN_POINT('',(-2.063187188138E0,-1.910770905142E0,
-4.130808840547E0));
#281=CARTESIAN_POINT('',(-1.694572249308E0,-2.229957918971E0,
-4.111349136223E0));
#282=CARTESIAN_POINT('',(-1.400208558182E0,-2.425232363965E0,
-4.098226850888E0));
#283=CARTESIAN_POINT('',(-1.083914082545E0,-2.582521575935E0,
-4.085104565554E0));
#284=CARTESIAN_POINT('',(-6.231825505962E-1,-2.742157970261E0,
-4.065644861230E0));
#285=CARTESIAN_POINT('',(-1.632027846199E-14,-2.827072777928E0,
-4.039430554592E0));
#286=CARTESIAN_POINT('',(6.231825505962E-1,-2.742157970261E0,
-4.013216247954E0));
#287=CARTESIAN_POINT('',(1.083914082545E0,-2.582521575935E0,-3.993756543630E0));
#288=CARTESIAN_POINT('',(1.400208558182E0,-2.425232363965E0,-3.980634258296E0));
#289=CARTESIAN_POINT('',(1.694572249308E0,-2.229957918971E0,-3.967511972961E0));
#290=CARTESIAN_POINT('',(2.063187188138E0,-1.910770905142E0,-3.948052268637E0));
#291=CARTESIAN_POINT('',(2.448316844033E0,-1.413536388964E0,-3.921837961999E0));
#292=CARTESIAN_POINT('',(2.686369738734E0,-8.313870651189E-1,
-3.895623655362E0));
#293=CARTESIAN_POINT('',(2.778486331854E0,-3.525636569633E-1,
-3.876163951038E0));
#294=CARTESIAN_POINT('',(2.800417116365E0,0.E0,-3.863041665703E0));
#295=CARTESIAN_POINT('',(2.778486331854E0,3.525636569633E-1,-3.849919380368E0));
#296=CARTESIAN_POINT('',(2.686369738734E0,8.313870651189E-1,-3.830459676045E0));
#297=CARTESIAN_POINT('',(2.448316844033E0,1.413536388964E0,-3.804245369407E0));
#298=CARTESIAN_POINT('',(2.063187188138E0,1.910770905142E0,-3.778031062769E0));
#299=CARTESIAN_POINT('',(1.694572249308E0,2.229957918971E0,-3.758571358445E0));
#300=CARTESIAN_POINT('',(1.400208558182E0,2.425232363965E0,-3.745449073111E0));
#301=CARTESIAN_POINT('',(1.083914082545E0,2.582521575935E0,-3.732326787776E0));
#302=CARTESIAN_POINT('',(6.231825505961E-1,2.742157970261E0,-3.712867083452E0));
#303=CARTESIAN_POINT('',(1.956768080902E-14,2.827072777928E0,
-3.686652776814E0));
#304=CARTESIAN_POINT('',(-6.231825505962E-1,2.742157970261E0,
-3.660438470176E0));
#305=CARTESIAN_POINT('',(-1.083914082545E0,2.582521575935E0,-3.640978765853E0));
#306=CARTESIAN_POINT('',(-1.400208558182E0,2.425232363965E0,-3.627856480518E0));
#307=CARTESIAN_POINT('',(-1.694572249308E0,2.229957918971E0,-3.614734195183E0));
#308=CARTESIAN_POINT('',(-2.063187188138E0,1.910770905142E0,-3.595274490859E0));
#309=CARTESIAN_POINT('',(-2.448316844033E0,1.413536388964E0,-3.569060184222E0));
#310=CARTESIAN_POINT('',(-2.686369738734E0,8.313870651189E-1,
-3.542845877584E0));
#311=CARTESIAN_POINT('',(-2.778486331854E0,3.525636569633E-1,
-3.523386173260E0));
#312=CARTESIAN_POINT('',(-2.800417116365E0,0.E0,-3.510263887925E0));
#313=CARTESIAN_POINT('',(-2.778486331854E0,-3.525636569633E-1,
-3.497141602591E0));
#314=CARTESIAN_POINT('',(-2.686369738734E0,-8.313870651189E-1,
-3.477681898267E0));
#315=CARTESIAN_POINT('',(-2.448316844033E0,-1.413536388964E0,
-3.451467591629E0));
#316=CARTESIAN_POINT('',(-2.063187188138E0,-1.910770905142E0,
-3.425253284991E0));
#317=CARTESIAN_POINT('',(-1.694572249308E0,-2.229957918971E0,
-3.405793580668E0));
#318=CARTESIAN_POINT('',(-1.400208558182E0,-2.425232363965E0,
-3.392671295333E0));
#319=CARTESIAN_POINT('',(-1.083914082545E0,-2.582521575935E0,
-3.379549009998E0));
#320=CARTESIAN_POINT('',(-6.231825505962E-1,-2.742157970261E0,
-3.360089305674E0));
#321=CARTESIAN_POINT('',(2.575717417130E-14,-2.827072777928E0,
-3.333874999036E0));
#322=CARTESIAN_POINT('',(6.231825505962E-1,-2.742157970261E0,
-3.307660692399E0));
#323=CARTESIAN_POINT('',(1.083914082545E0,-2.582521575935E0,-3.288200988075E0));
#324=CARTESIAN_POINT('',(1.400208558182E0,-2.425232363965E0,-3.275078702740E0));
#325=CARTESIAN_POINT('',(1.694572249308E0,-2.229957918971E0,-3.261956417405E0));
#326=CARTESIAN_POINT('',(2.063187188138E0,-1.910770905142E0,-3.242496713082E0));
#327=CARTESIAN_POINT('',(2.448316844033E0,-1.413536388964E0,-3.216282406444E0));
#328=CARTESIAN_POINT('',(2.686369738734E0,-8.313870651189E-1,
-3.190068099806E0));
#329=CARTESIAN_POINT('',(2.778486331854E0,-3.525636569632E-1,
-3.170608395482E0));
#330=CARTESIAN_POINT('',(2.800417116365E0,0.E0,-3.157486110148E0));
#331=CARTESIAN_POINT('',(2.778486331854E0,3.525636569633E-1,-3.144363824813E0));
#332=CARTESIAN_POINT('',(2.686369738734E0,8.313870651189E-1,-3.124904120489E0));
#333=CARTESIAN_POINT('',(2.448316844033E0,1.413536388964E0,-3.098689813851E0));
#334=CARTESIAN_POINT('',(2.063187188138E0,1.910770905142E0,-3.072475507214E0));
#335=CARTESIAN_POINT('',(1.694572249308E0,2.229957918971E0,-3.053015802890E0));
#336=CARTESIAN_POINT('',(1.400208558182E0,2.425232363965E0,-3.039893517555E0));
#337=CARTESIAN_POINT('',(1.083914082545E0,2.582521575935E0,-3.026771232220E0));
#338=CARTESIAN_POINT('',(6.231825505962E-1,2.742157970261E0,-3.007311527897E0));
#339=CARTESIAN_POINT('',(0.E0,2.827072777928E0,-2.981097221259E0));
#340=CARTESIAN_POINT('',(-6.231825505962E-1,2.742157970261E0,
-2.954882914621E0));
#341=CARTESIAN_POINT('',(-1.083914082545E0,2.582521575935E0,-2.935423210297E0));
#342=CARTESIAN_POINT('',(-1.400208558182E0,2.425232363965E0,-2.922300924962E0));
#343=CARTESIAN_POINT('',(-1.694572249308E0,2.229957918971E0,-2.909178639628E0));
#344=CARTESIAN_POINT('',(-2.063187188138E0,1.910770905142E0,-2.889718935304E0));
#345=CARTESIAN_POINT('',(-2.448316844033E0,1.413536388964E0,-2.863504628666E0));
#346=CARTESIAN_POINT('',(-2.686369738734E0,8.313870651189E-1,
-2.837290322028E0));
#347=CARTESIAN_POINT('',(-2.778486331854E0,3.525636569632E-1,
-2.817830617705E0));
#348=CARTESIAN_POINT('',(-2.800417116365E0,0.E0,-2.804708332370E0));
#349=CARTESIAN_POINT('',(-2.778486331854E0,-3.525636569633E-1,
-2.791586047035E0));
#350=CARTESIAN_POINT('',(-2.686369738734E0,-8.313870651189E-1,
-2.772126342711E0));
#351=CARTESIAN_POINT('',(-2.448316844033E0,-1.413536388964E0,
-2.745912036074E0));
#352=CARTESIAN_POINT('',(-2.063187188138E0,-1.910770905142E0,
-2.719697729436E0));
#353=CARTESIAN_POINT('',(-1.694572249308E0,-2.229957918971E0,
-2.700238025112E0));
#354=CARTESIAN_POINT('',(-1.400208558182E0,-2.425232363965E0,
-2.687115739777E0));
#355=CARTESIAN_POINT('',(-1.083914082545E0,-2.582521575935E0,
-2.673993454443E0));
#356=CARTESIAN_POINT('',(-6.231825505962E-1,-2.742157970261E0,
-2.654533750119E0));
#357=CARTESIAN_POINT('',(0.E0,-2.827072777928E0,-2.628319443481E0));
#358=CARTESIAN_POINT('',(6.231825505962E-1,-2.742157970261E0,
-2.602105136843E0));
#359=CARTESIAN_POINT('',(1.083914082545E0,-2.582521575935E0,-2.582645432519E0));
#360=CARTESIAN_POINT('',(1.400208558182E0,-2.425232363965E0,-2.569523147185E0));
#361=CARTESIAN_POINT('',(1.694572249308E0,-2.229957918971E0,-2.556400861850E0));
#362=CARTESIAN_POINT('',(2.063187188138E0,-1.910770905142E0,-2.536941157526E0));
#363=CARTESIAN_POINT('',(2.448316844033E0,-1.413536388964E0,-2.510726850888E0));
#364=CARTESIAN_POINT('',(2.686369738734E0,-8.313870651189E-1,
-2.484512544251E0));
#365=CARTESIAN_POINT('',(2.778486331854E0,-3.525636569633E-1,
-2.465052839927E0));
#366=CARTESIAN_POINT('',(2.800417116365E0,0.E0,-2.451930554592E0));
#367=CARTESIAN_POINT('',(2.778486331854E0,3.525636569632E-1,-2.438808269257E0));
#368=CARTESIAN_POINT('',(2.686369738734E0,8.313870651189E-1,-2.419348564934E0));
#369=CARTESIAN_POINT('',(2.448316844033E0,1.413536388964E0,-2.393134258296E0));
#370=CARTESIAN_POINT('',(2.063187188138E0,1.910770905142E0,-2.366919951658E0));
#371=CARTESIAN_POINT('',(1.694572249308E0,2.229957918971E0,-2.347460247334E0));
#372=CARTESIAN_POINT('',(1.400208558182E0,2.425232363965E0,-2.334337961999E0));
#373=CARTESIAN_POINT('',(1.083914082545E0,2.582521575935E0,-2.321215676665E0));
#374=CARTESIAN_POINT('',(6.231825505961E-1,2.742157970261E0,-2.301755972341E0));
#375=CARTESIAN_POINT('',(0.E0,2.827072777928E0,-2.275541665703E0));
#376=CARTESIAN_POINT('',(-6.231825505961E-1,2.742157970261E0,
-2.249327359065E0));
#377=CARTESIAN_POINT('',(-1.083914082545E0,2.582521575935E0,-2.229867654742E0));
#378=CARTESIAN_POINT('',(-1.400208558182E0,2.425232363965E0,-2.216745369407E0));
#379=CARTESIAN_POINT('',(-1.694572249308E0,2.229957918971E0,-2.203623084072E0));
#380=CARTESIAN_POINT('',(-2.063187188138E0,1.910770905142E0,-2.184163379748E0));
#381=CARTESIAN_POINT('',(-2.448316844033E0,1.413536388964E0,-2.157949073111E0));
#382=CARTESIAN_POINT('',(-2.686369738734E0,8.313870651189E-1,
-2.131734766473E0));
#383=CARTESIAN_POINT('',(-2.778486331854E0,3.525636569632E-1,
-2.112275062149E0));
#384=CARTESIAN_POINT('',(-2.800417116365E0,0.E0,-2.099152776814E0));
#385=CARTESIAN_POINT('',(-2.778486331854E0,-3.525636569633E-1,
-2.086030491480E0));
#386=CARTESIAN_POINT('',(-2.686369738734E0,-8.313870651189E-1,
-2.066570787156E0));
#387=CARTESIAN_POINT('',(-2.448316844033E0,-1.413536388964E0,
-2.040356480518E0));
#388=CARTESIAN_POINT('',(-2.063187188138E0,-1.910770905142E0,
-2.014142173880E0));
#389=CARTESIAN_POINT('',(-1.694572249308E0,-2.229957918971E0,
-1.994682469556E0));
#390=CARTESIAN_POINT('',(-1.400208558182E0,-2.425232363965E0,
-1.981560184222E0));
#391=CARTESIAN_POINT('',(-1.083914082545E0,-2.582521575935E0,
-1.968437898887E0));
#392=CARTESIAN_POINT('',(-6.231825505962E-1,-2.742157970261E0,
-1.948978194563E0));
#393=CARTESIAN_POINT('',(1.976196983833E-14,-2.827072777928E0,
-1.922763887925E0));
#394=CARTESIAN_POINT('',(6.231825505962E-1,-2.742157970261E0,
-1.896549581288E0));
#395=CARTESIAN_POINT('',(1.083914082545E0,-2.582521575935E0,-1.877089876964E0));
#396=CARTESIAN_POINT('',(1.400208558182E0,-2.425232363965E0,-1.863967591629E0));
#397=CARTESIAN_POINT('',(1.694572249308E0,-2.229957918971E0,-1.850845306294E0));
#398=CARTESIAN_POINT('',(2.063187188138E0,-1.910770905142E0,-1.831385601971E0));
#399=CARTESIAN_POINT('',(2.448316844033E0,-1.413536388964E0,-1.805171295333E0));
#400=CARTESIAN_POINT('',(2.686369738734E0,-8.313870651189E-1,
-1.778956988695E0));
#401=CARTESIAN_POINT('',(2.778486331854E0,-3.525636569633E-1,
-1.759497284371E0));
#402=CARTESIAN_POINT('',(2.800417116365E0,0.E0,-1.746374999036E0));
#403=CARTESIAN_POINT('',(2.778486331854E0,3.525636569633E-1,-1.733252713702E0));
#404=CARTESIAN_POINT('',(2.686369738734E0,8.313870651189E-1,-1.713793009378E0));
#405=CARTESIAN_POINT('',(2.448316844033E0,1.413536388964E0,-1.687578702740E0));
#406=CARTESIAN_POINT('',(2.063187188138E0,1.910770905142E0,-1.661364396102E0));
#407=CARTESIAN_POINT('',(1.694572249308E0,2.229957918971E0,-1.641904691779E0));
#408=CARTESIAN_POINT('',(1.400208558182E0,2.425232363965E0,-1.628782406444E0));
#409=CARTESIAN_POINT('',(1.083914082545E0,2.582521575935E0,-1.615660121109E0));
#410=CARTESIAN_POINT('',(6.231825505961E-1,2.742157970261E0,-1.596200416785E0));
#411=CARTESIAN_POINT('',(0.E0,2.827072777928E0,-1.569986110148E0));
#412=CARTESIAN_POINT('',(-6.231825505962E-1,2.742157970261E0,
-1.543771803510E0));
#413=CARTESIAN_POINT('',(-1.083914082545E0,2.582521575935E0,-1.524312099186E0));
#414=CARTESIAN_POINT('',(-1.400208558182E0,2.425232363965E0,-1.511189813851E0));
#415=CARTESIAN_POINT('',(-1.694572249308E0,2.229957918971E0,-1.498067528517E0));
#416=CARTESIAN_POINT('',(-2.063187188138E0,1.910770905142E0,-1.478607824193E0));
#417=CARTESIAN_POINT('',(-2.448316844033E0,1.413536388964E0,-1.452393517555E0));
#418=CARTESIAN_POINT('',(-2.686369738734E0,8.313870651189E-1,
-1.426179210917E0));
#419=CARTESIAN_POINT('',(-2.778486331854E0,3.525636569632E-1,
-1.406719506593E0));
#420=CARTESIAN_POINT('',(-2.800417116365E0,0.E0,-1.393597221259E0));
#421=CARTESIAN_POINT('',(-2.778486331854E0,-3.525636569633E-1,
-1.380474935924E0));
#422=CARTESIAN_POINT('',(-2.686369738734E0,-8.313870651189E-1,
-1.361015231600E0));
#423=CARTESIAN_POINT('',(-2.448316844033E0,-1.413536388964E0,
-1.334800924962E0));
#424=CARTESIAN_POINT('',(-2.063187188138E0,-1.910770905142E0,
-1.308586618325E0));
#425=CARTESIAN_POINT('',(-1.694572249308E0,-2.229957918971E0,
-1.289126914001E0));
#426=CARTESIAN_POINT('',(-1.400208558182E0,-2.425232363965E0,
-1.276004628666E0));
#427=CARTESIAN_POINT('',(-1.083914082545E0,-2.582521575935E0,
-1.262882343331E0));
#428=CARTESIAN_POINT('',(-6.231825505962E-1,-2.742157970261E0,
-1.243422639008E0));
#429=CARTESIAN_POINT('',(0.E0,-2.827072777928E0,-1.217208332370E0));
#430=CARTESIAN_POINT('',(6.231825505962E-1,-2.742157970261E0,
-1.190994025732E0));
#431=CARTESIAN_POINT('',(1.083914082545E0,-2.582521575935E0,-1.171534321408E0));
#432=CARTESIAN_POINT('',(1.400208558182E0,-2.425232363965E0,-1.158412036074E0));
#433=CARTESIAN_POINT('',(1.694572249308E0,-2.229957918971E0,-1.145289750739E0));
#434=CARTESIAN_POINT('',(2.063187188138E0,-1.910770905142E0,-1.125830046415E0));
#435=CARTESIAN_POINT('',(2.448316844033E0,-1.413536388964E0,-1.099615739777E0));
#436=CARTESIAN_POINT('',(2.686369738734E0,-8.313870651189E-1,
-1.073401433139E0));
#437=CARTESIAN_POINT('',(2.778486331854E0,-3.525636569633E-1,
-1.053941728816E0));
#438=CARTESIAN_POINT('',(2.800417116365E0,0.E0,-1.040819443481E0));
#439=CARTESIAN_POINT('',(2.778486331854E0,3.525636569633E-1,-1.027697158146E0));
#440=CARTESIAN_POINT('',(2.686369738734E0,8.313870651189E-1,-1.008237453822E0));
#441=CARTESIAN_POINT('',(2.448316844033E0,1.413536388964E0,-9.820231471846E-1));
#442=CARTESIAN_POINT('',(2.063187188138E0,1.910770905142E0,-9.558088405468E-1));
#443=CARTESIAN_POINT('',(1.694572249308E0,2.229957918971E0,-9.363491362231E-1));
#444=CARTESIAN_POINT('',(1.400208558182E0,2.425232363965E0,-9.232268508883E-1));
#445=CARTESIAN_POINT('',(1.083914082545E0,2.582521575935E0,-9.101045655536E-1));
#446=CARTESIAN_POINT('',(6.231825505961E-1,2.742157970261E0,
-8.906448612298E-1));
#447=CARTESIAN_POINT('',(0.E0,2.827072777928E0,-8.644305545921E-1));
#448=CARTESIAN_POINT('',(-6.007505073732E-1,2.745214558790E0,
-8.391598566272E-1));
#449=CARTESIAN_POINT('',(-9.271679591343E-1,2.636548784202E0,
-8.253767264840E-1));
#450=CARTESIAN_POINT('',(-1.019015462464E0,2.600573510847E0,
-8.215193663649E-1));
#452=DIRECTION('',(-7.595979504669E-1,-4.158908385760E-1,-5.000457619410E-1));
#453=VECTOR('',#452,4.410184577455E-1);
#454=CARTESIAN_POINT('',(2.784992237312E0,1.524661485739E0,-4.291939692135E0));
#455=LINE('',#454,#453);
#456=CARTESIAN_POINT('',(0.E0,0.E0,-8.215287704094E-1));
#457=DIRECTION('',(0.E0,0.E0,-1.E0));
#458=DIRECTION('',(-9.256651859855E-1,-3.783437107372E-1,0.E0));
#459=AXIS2_PLACEMENT_3D('',#456,#457,#458);
#461=CARTESIAN_POINT('',(-1.333980209288E0,2.453974968231E0,-4.512472290261E0));
#462=CARTESIAN_POINT('',(-1.354996041921E0,2.442545376084E0,-4.511580458033E0));
#463=CARTESIAN_POINT('',(-1.478370234642E0,2.373381614533E0,-4.506316596386E0));
#464=CARTESIAN_POINT('',(-1.694572249308E0,2.229957918971E0,-4.496678639628E0));
#465=CARTESIAN_POINT('',(-2.063187188138E0,1.910770905142E0,-4.477218935304E0));
#466=CARTESIAN_POINT('',(-2.448316844033E0,1.413536388964E0,-4.451004628666E0));
#467=CARTESIAN_POINT('',(-2.686369738734E0,8.313870651189E-1,
-4.424790322028E0));
#468=CARTESIAN_POINT('',(-2.778486331854E0,3.525636569632E-1,
-4.405330617705E0));
#469=CARTESIAN_POINT('',(-2.800417116365E0,1.276756478319E-14,
-4.392208332370E0));
#470=CARTESIAN_POINT('',(-2.778486331854E0,-3.525636569633E-1,
-4.379086047035E0));
#471=CARTESIAN_POINT('',(-2.686369738734E0,-8.313870651189E-1,
-4.359626342711E0));
#472=CARTESIAN_POINT('',(-2.448316844033E0,-1.413536388964E0,
-4.333412036074E0));
#473=CARTESIAN_POINT('',(-2.063187188138E0,-1.910770905142E0,
-4.307197729436E0));
#474=CARTESIAN_POINT('',(-1.694572249308E0,-2.229957918971E0,
-4.287738025112E0));
#475=CARTESIAN_POINT('',(-1.400208558182E0,-2.425232363965E0,
-4.274615739777E0));
#476=CARTESIAN_POINT('',(-1.083914082545E0,-2.582521575935E0,
-4.261493454443E0));
#477=CARTESIAN_POINT('',(-6.231825505961E-1,-2.742157970261E0,
-4.242033750119E0));
#478=CARTESIAN_POINT('',(0.E0,-2.827072777928E0,-4.215819443481E0));
#479=CARTESIAN_POINT('',(6.231825505962E-1,-2.742157970261E0,
-4.189605136843E0));
#480=CARTESIAN_POINT('',(1.083914082545E0,-2.582521575935E0,-4.170145432519E0));
#481=CARTESIAN_POINT('',(1.400208558182E0,-2.425232363965E0,-4.157023147185E0));
#482=CARTESIAN_POINT('',(1.694572249308E0,-2.229957918971E0,-4.143900861850E0));
#483=CARTESIAN_POINT('',(2.063187188138E0,-1.910770905142E0,-4.124441157526E0));
#484=CARTESIAN_POINT('',(2.448316844033E0,-1.413536388964E0,-4.098226850888E0));
#485=CARTESIAN_POINT('',(2.686369738734E0,-8.313870651189E-1,
-4.072012544251E0));
#486=CARTESIAN_POINT('',(2.778486331854E0,-3.525636569633E-1,
-4.052552839927E0));
#487=CARTESIAN_POINT('',(2.800417116365E0,0.E0,-4.039430554592E0));
#488=CARTESIAN_POINT('',(2.778486331854E0,3.525636569633E-1,-4.026308269257E0));
#489=CARTESIAN_POINT('',(2.686369738734E0,8.313870651189E-1,-4.006848564934E0));
#490=CARTESIAN_POINT('',(2.448316844033E0,1.413536388964E0,-3.980634258296E0));
#491=CARTESIAN_POINT('',(2.063187188138E0,1.910770905142E0,-3.954419951658E0));
#492=CARTESIAN_POINT('',(1.694572249308E0,2.229957918971E0,-3.934960247334E0));
#493=CARTESIAN_POINT('',(1.400208558182E0,2.425232363965E0,-3.921837961999E0));
#494=CARTESIAN_POINT('',(1.083914082545E0,2.582521575935E0,-3.908715676665E0));
#495=CARTESIAN_POINT('',(6.231825505961E-1,2.742157970261E0,-3.889255972341E0));
#496=CARTESIAN_POINT('',(1.482147737875E-14,2.827072777928E0,
-3.863041665703E0));
#497=CARTESIAN_POINT('',(-6.231825505962E-1,2.742157970261E0,
-3.836827359065E0));
#498=CARTESIAN_POINT('',(-1.083914082545E0,2.582521575935E0,-3.817367654742E0));
#499=CARTESIAN_POINT('',(-1.400208558182E0,2.425232363965E0,-3.804245369407E0));
#500=CARTESIAN_POINT('',(-1.694572249308E0,2.229957918971E0,-3.791123084072E0));
#501=CARTESIAN_POINT('',(-2.063187188138E0,1.910770905142E0,-3.771663379748E0));
#502=CARTESIAN_POINT('',(-2.448316844033E0,1.413536388964E0,-3.745449073111E0));
#503=CARTESIAN_POINT('',(-2.686369738734E0,8.313870651189E-1,
-3.719234766473E0));
#504=CARTESIAN_POINT('',(-2.778486331854E0,3.525636569633E-1,
-3.699775062149E0));
#505=CARTESIAN_POINT('',(-2.800417116365E0,0.E0,-3.686652776814E0));
#506=CARTESIAN_POINT('',(-2.778486331854E0,-3.525636569633E-1,
-3.673530491480E0));
#507=CARTESIAN_POINT('',(-2.686369738734E0,-8.313870651189E-1,
-3.654070787156E0));
#508=CARTESIAN_POINT('',(-2.448316844033E0,-1.413536388964E0,
-3.627856480518E0));
#509=CARTESIAN_POINT('',(-2.063187188138E0,-1.910770905142E0,
-3.601642173880E0));
#510=CARTESIAN_POINT('',(-1.694572249308E0,-2.229957918971E0,
-3.582182469556E0));
#511=CARTESIAN_POINT('',(-1.400208558182E0,-2.425232363965E0,
-3.569060184222E0));
#512=CARTESIAN_POINT('',(-1.083914082545E0,-2.582521575935E0,
-3.555937898887E0));
#513=CARTESIAN_POINT('',(-6.231825505962E-1,-2.742157970261E0,
-3.536478194563E0));
#514=CARTESIAN_POINT('',(1.007527394847E-14,-2.827072777928E0,
-3.510263887925E0));
#515=CARTESIAN_POINT('',(6.231825505962E-1,-2.742157970261E0,
-3.484049581288E0));
#516=CARTESIAN_POINT('',(1.083914082545E0,-2.582521575935E0,-3.464589876964E0));
#517=CARTESIAN_POINT('',(1.400208558182E0,-2.425232363965E0,-3.451467591629E0));
#518=CARTESIAN_POINT('',(1.694572249308E0,-2.229957918971E0,-3.438345306294E0));
#519=CARTESIAN_POINT('',(2.063187188138E0,-1.910770905142E0,-3.418885601971E0));
#520=CARTESIAN_POINT('',(2.448316844033E0,-1.413536388964E0,-3.392671295333E0));
#521=CARTESIAN_POINT('',(2.686369738734E0,-8.313870651189E-1,
-3.366456988695E0));
#522=CARTESIAN_POINT('',(2.778486331854E0,-3.525636569633E-1,
-3.346997284371E0));
#523=CARTESIAN_POINT('',(2.800417116365E0,0.E0,-3.333874999036E0));
#524=CARTESIAN_POINT('',(2.778486331854E0,3.525636569633E-1,-3.320752713702E0));
#525=CARTESIAN_POINT('',(2.686369738734E0,8.313870651189E-1,-3.301293009378E0));
#526=CARTESIAN_POINT('',(2.448316844033E0,1.413536388964E0,-3.275078702740E0));
#527=CARTESIAN_POINT('',(2.063187188138E0,1.910770905142E0,-3.248864396102E0));
#528=CARTESIAN_POINT('',(1.694572249308E0,2.229957918971E0,-3.229404691779E0));
#529=CARTESIAN_POINT('',(1.400208558182E0,2.425232363965E0,-3.216282406444E0));
#530=CARTESIAN_POINT('',(1.083914082545E0,2.582521575935E0,-3.203160121109E0));
#531=CARTESIAN_POINT('',(6.231825505962E-1,2.742157970261E0,-3.183700416785E0));
#532=CARTESIAN_POINT('',(0.E0,2.827072777928E0,-3.157486110148E0));
#533=CARTESIAN_POINT('',(-6.231825505962E-1,2.742157970261E0,
-3.131271803510E0));
#534=CARTESIAN_POINT('',(-1.083914082545E0,2.582521575935E0,-3.111812099186E0));
#535=CARTESIAN_POINT('',(-1.400208558182E0,2.425232363965E0,-3.098689813851E0));
#536=CARTESIAN_POINT('',(-1.694572249308E0,2.229957918971E0,-3.085567528517E0));
#537=CARTESIAN_POINT('',(-2.063187188138E0,1.910770905142E0,-3.066107824193E0));
#538=CARTESIAN_POINT('',(-2.448316844033E0,1.413536388964E0,-3.039893517555E0));
#539=CARTESIAN_POINT('',(-2.686369738734E0,8.313870651189E-1,
-3.013679210917E0));
#540=CARTESIAN_POINT('',(-2.778486331854E0,3.525636569633E-1,
-2.994219506593E0));
#541=CARTESIAN_POINT('',(-2.800417116365E0,0.E0,-2.981097221259E0));
#542=CARTESIAN_POINT('',(-2.778486331854E0,-3.525636569632E-1,
-2.967974935924E0));
#543=CARTESIAN_POINT('',(-2.686369738734E0,-8.313870651189E-1,
-2.948515231600E0));
#544=CARTESIAN_POINT('',(-2.448316844033E0,-1.413536388964E0,
-2.922300924962E0));
#545=CARTESIAN_POINT('',(-2.063187188138E0,-1.910770905142E0,
-2.896086618325E0));
#546=CARTESIAN_POINT('',(-1.694572249308E0,-2.229957918971E0,
-2.876626914001E0));
#547=CARTESIAN_POINT('',(-1.400208558182E0,-2.425232363965E0,
-2.863504628666E0));
#548=CARTESIAN_POINT('',(-1.083914082545E0,-2.582521575935E0,
-2.850382343331E0));
#549=CARTESIAN_POINT('',(-6.231825505962E-1,-2.742157970261E0,
-2.830922639008E0));
#550=CARTESIAN_POINT('',(0.E0,-2.827072777928E0,-2.804708332370E0));
#551=CARTESIAN_POINT('',(6.231825505962E-1,-2.742157970261E0,
-2.778494025732E0));
#552=CARTESIAN_POINT('',(1.083914082545E0,-2.582521575935E0,-2.759034321408E0));
#553=CARTESIAN_POINT('',(1.400208558182E0,-2.425232363965E0,-2.745912036074E0));
#554=CARTESIAN_POINT('',(1.694572249308E0,-2.229957918971E0,-2.732789750739E0));
#555=CARTESIAN_POINT('',(2.063187188138E0,-1.910770905142E0,-2.713330046415E0));
#556=CARTESIAN_POINT('',(2.448316844033E0,-1.413536388964E0,-2.687115739777E0));
#557=CARTESIAN_POINT('',(2.686369738734E0,-8.313870651189E-1,
-2.660901433139E0));
#558=CARTESIAN_POINT('',(2.778486331854E0,-3.525636569633E-1,
-2.641441728816E0));
#559=CARTESIAN_POINT('',(2.800417116365E0,0.E0,-2.628319443481E0));
#560=CARTESIAN_POINT('',(2.778486331854E0,3.525636569633E-1,-2.615197158146E0));
#561=CARTESIAN_POINT('',(2.686369738734E0,8.313870651189E-1,-2.595737453822E0));
#562=CARTESIAN_POINT('',(2.448316844033E0,1.413536388964E0,-2.569523147185E0));
#563=CARTESIAN_POINT('',(2.063187188138E0,1.910770905142E0,-2.543308840547E0));
#564=CARTESIAN_POINT('',(1.694572249308E0,2.229957918971E0,-2.523849136223E0));
#565=CARTESIAN_POINT('',(1.400208558182E0,2.425232363965E0,-2.510726850888E0));
#566=CARTESIAN_POINT('',(1.083914082545E0,2.582521575935E0,-2.497604565554E0));
#567=CARTESIAN_POINT('',(6.231825505961E-1,2.742157970261E0,-2.478144861230E0));
#568=CARTESIAN_POINT('',(1.132427485118E-14,2.827072777928E0,
-2.451930554592E0));
#569=CARTESIAN_POINT('',(-6.231825505962E-1,2.742157970261E0,
-2.425716247954E0));
#570=CARTESIAN_POINT('',(-1.083914082545E0,2.582521575935E0,-2.406256543630E0));
#571=CARTESIAN_POINT('',(-1.400208558182E0,2.425232363965E0,-2.393134258296E0));
#572=CARTESIAN_POINT('',(-1.694572249308E0,2.229957918971E0,-2.380011972961E0));
#573=CARTESIAN_POINT('',(-2.063187188138E0,1.910770905142E0,-2.360552268637E0));
#574=CARTESIAN_POINT('',(-2.448316844033E0,1.413536388964E0,-2.334337961999E0));
#575=CARTESIAN_POINT('',(-2.686369738734E0,8.313870651189E-1,
-2.308123655362E0));
#576=CARTESIAN_POINT('',(-2.778486331854E0,3.525636569633E-1,
-2.288663951038E0));
#577=CARTESIAN_POINT('',(-2.800417116365E0,0.E0,-2.275541665703E0));
#578=CARTESIAN_POINT('',(-2.778486331854E0,-3.525636569633E-1,
-2.262419380368E0));
#579=CARTESIAN_POINT('',(-2.686369738734E0,-8.313870651189E-1,
-2.242959676045E0));
#580=CARTESIAN_POINT('',(-2.448316844033E0,-1.413536388964E0,
-2.216745369407E0));
#581=CARTESIAN_POINT('',(-2.063187188138E0,-1.910770905142E0,
-2.190531062769E0));
#582=CARTESIAN_POINT('',(-1.694572249308E0,-2.229957918971E0,
-2.171071358445E0));
#583=CARTESIAN_POINT('',(-1.400208558182E0,-2.425232363965E0,
-2.157949073111E0));
#584=CARTESIAN_POINT('',(-1.083914082545E0,-2.582521575935E0,
-2.144826787776E0));
#585=CARTESIAN_POINT('',(-6.231825505962E-1,-2.742157970261E0,
-2.125367083452E0));
#586=CARTESIAN_POINT('',(0.E0,-2.827072777928E0,-2.099152776814E0));
#587=CARTESIAN_POINT('',(6.231825505962E-1,-2.742157970261E0,
-2.072938470176E0));
#588=CARTESIAN_POINT('',(1.083914082545E0,-2.582521575935E0,-2.053478765853E0));
#589=CARTESIAN_POINT('',(1.400208558182E0,-2.425232363965E0,-2.040356480518E0));
#590=CARTESIAN_POINT('',(1.694572249308E0,-2.229957918971E0,-2.027234195183E0));
#591=CARTESIAN_POINT('',(2.063187188138E0,-1.910770905142E0,-2.007774490859E0));
#592=CARTESIAN_POINT('',(2.448316844033E0,-1.413536388964E0,-1.981560184222E0));
#593=CARTESIAN_POINT('',(2.686369738734E0,-8.313870651189E-1,
-1.955345877584E0));
#594=CARTESIAN_POINT('',(2.778486331854E0,-3.525636569632E-1,
-1.935886173260E0));
#595=CARTESIAN_POINT('',(2.800417116365E0,0.E0,-1.922763887925E0));
#596=CARTESIAN_POINT('',(2.778486331854E0,3.525636569633E-1,-1.909641602591E0));
#597=CARTESIAN_POINT('',(2.686369738734E0,8.313870651189E-1,-1.890181898267E0));
#598=CARTESIAN_POINT('',(2.448316844033E0,1.413536388964E0,-1.863967591629E0));
#599=CARTESIAN_POINT('',(2.063187188138E0,1.910770905142E0,-1.837753284991E0));
#600=CARTESIAN_POINT('',(1.694572249308E0,2.229957918971E0,-1.818293580668E0));
#601=CARTESIAN_POINT('',(1.400208558182E0,2.425232363965E0,-1.805171295333E0));
#602=CARTESIAN_POINT('',(1.083914082545E0,2.582521575935E0,-1.792049009998E0));
#603=CARTESIAN_POINT('',(6.231825505962E-1,2.742157970261E0,-1.772589305674E0));
#604=CARTESIAN_POINT('',(0.E0,2.827072777928E0,-1.746374999036E0));
#605=CARTESIAN_POINT('',(-6.231825505962E-1,2.742157970261E0,
-1.720160692399E0));
#606=CARTESIAN_POINT('',(-1.083914082545E0,2.582521575935E0,-1.700700988075E0));
#607=CARTESIAN_POINT('',(-1.400208558182E0,2.425232363965E0,-1.687578702740E0));
#608=CARTESIAN_POINT('',(-1.694572249308E0,2.229957918971E0,-1.674456417405E0));
#609=CARTESIAN_POINT('',(-2.063187188138E0,1.910770905142E0,-1.654996713082E0));
#610=CARTESIAN_POINT('',(-2.448316844033E0,1.413536388964E0,-1.628782406444E0));
#611=CARTESIAN_POINT('',(-2.686369738734E0,8.313870651189E-1,
-1.602568099806E0));
#612=CARTESIAN_POINT('',(-2.778486331854E0,3.525636569633E-1,
-1.583108395482E0));
#613=CARTESIAN_POINT('',(-2.800417116365E0,0.E0,-1.569986110148E0));
#614=CARTESIAN_POINT('',(-2.778486331854E0,-3.525636569633E-1,
-1.556863824813E0));
#615=CARTESIAN_POINT('',(-2.686369738734E0,-8.313870651189E-1,
-1.537404120489E0));
#616=CARTESIAN_POINT('',(-2.448316844033E0,-1.413536388964E0,
-1.511189813851E0));
#617=CARTESIAN_POINT('',(-2.063187188138E0,-1.910770905142E0,
-1.484975507214E0));
#618=CARTESIAN_POINT('',(-1.694572249308E0,-2.229957918971E0,
-1.465515802890E0));
#619=CARTESIAN_POINT('',(-1.400208558182E0,-2.425232363965E0,
-1.452393517555E0));
#620=CARTESIAN_POINT('',(-1.083914082545E0,-2.582521575935E0,
-1.439271232220E0));
#621=CARTESIAN_POINT('',(-6.231825505962E-1,-2.742157970261E0,
-1.419811527897E0));
#622=CARTESIAN_POINT('',(0.E0,-2.827072777928E0,-1.393597221259E0));
#623=CARTESIAN_POINT('',(6.231825505961E-1,-2.742157970261E0,
-1.367382914621E0));
#624=CARTESIAN_POINT('',(1.083914082545E0,-2.582521575935E0,-1.347923210297E0));
#625=CARTESIAN_POINT('',(1.400208558182E0,-2.425232363965E0,-1.334800924962E0));
#626=CARTESIAN_POINT('',(1.694572249308E0,-2.229957918971E0,-1.321678639628E0));
#627=CARTESIAN_POINT('',(2.063187188138E0,-1.910770905142E0,-1.302218935304E0));
#628=CARTESIAN_POINT('',(2.448316844033E0,-1.413536388964E0,-1.276004628666E0));
#629=CARTESIAN_POINT('',(2.686369738734E0,-8.313870651189E-1,
-1.249790322028E0));
#630=CARTESIAN_POINT('',(2.778486331854E0,-3.525636569632E-1,
-1.230330617705E0));
#631=CARTESIAN_POINT('',(2.800417116365E0,-2.367550600013E-14,
-1.217208332370E0));
#632=CARTESIAN_POINT('',(2.778486331854E0,3.525636569633E-1,-1.204086047035E0));
#633=CARTESIAN_POINT('',(2.686369738734E0,8.313870651189E-1,-1.184626342711E0));
#634=CARTESIAN_POINT('',(2.448316844033E0,1.413536388964E0,-1.158412036074E0));
#635=CARTESIAN_POINT('',(2.063187188138E0,1.910770905142E0,-1.132197729436E0));
#636=CARTESIAN_POINT('',(1.694572249308E0,2.229957918971E0,-1.112738025112E0));
#637=CARTESIAN_POINT('',(1.400208558182E0,2.425232363965E0,-1.099615739777E0));
#638=CARTESIAN_POINT('',(1.083914082545E0,2.582521575935E0,-1.086493454443E0));
#639=CARTESIAN_POINT('',(6.231825505962E-1,2.742157970261E0,-1.067033750119E0));
#640=CARTESIAN_POINT('',(0.E0,2.827072777928E0,-1.040819443481E0));
#641=CARTESIAN_POINT('',(-6.231825505962E-1,2.742157970261E0,
-1.014605136843E0));
#642=CARTESIAN_POINT('',(-1.083914082545E0,2.582521575935E0,
-9.951454325194E-1));
#643=CARTESIAN_POINT('',(-1.400208558182E0,2.425232363965E0,
-9.820231471846E-1));
#644=CARTESIAN_POINT('',(-1.694572249308E0,2.229957918971E0,
-9.689008618499E-1));
#645=CARTESIAN_POINT('',(-2.063187188138E0,1.910770905142E0,
-9.494411575262E-1));
#646=CARTESIAN_POINT('',(-2.448316844033E0,1.413536388964E0,
-9.232268508883E-1));
#647=CARTESIAN_POINT('',(-2.686369738734E0,8.313870651189E-1,
-8.970125442505E-1));
#648=CARTESIAN_POINT('',(-2.778486331854E0,3.525636569633E-1,
-8.775528399268E-1));
#649=CARTESIAN_POINT('',(-2.800417116365E0,0.E0,-8.644305545921E-1));
#650=CARTESIAN_POINT('',(-2.778486331854E0,-3.525636569632E-1,
-8.513082692573E-1));
#651=CARTESIAN_POINT('',(-2.709738532942E0,-7.099157285410E-1,
-8.367852414898E-1));
#652=CARTESIAN_POINT('',(-2.631726245523E0,-9.432581488227E-1,
-8.266306307207E-1));
#653=CARTESIAN_POINT('',(-2.585457657169E0,-1.056494453978E0,
-8.215289981573E-1));
#655=CARTESIAN_POINT('',(0.E0,0.E0,-4.512471229591E0));
#656=DIRECTION('',(0.E0,0.E0,1.E0));
#657=DIRECTION('',(0.E0,1.E0,0.E0));
#658=AXIS2_PLACEMENT_3D('',#655,#656,#657);
#660=CARTESIAN_POINT('',(0.E0,0.E0,-4.512471229591E0));
#661=DIRECTION('',(0.E0,0.E0,1.E0));
#662=DIRECTION('',(8.771563881418E-1,4.802048216563E-1,0.E0));
#663=AXIS2_PLACEMENT_3D('',#660,#661,#662);
#665=DIRECTION('',(8.016108826325E-1,3.278021115535E-1,4.999657673343E-1));
#666=VECTOR('',#665,4.410066064E-1);
#667=CARTESIAN_POINT('',(-2.938981345294E0,-1.201227991966E0,
-1.042032204598E0));
#668=LINE('',#667,#666);
#669=CARTESIAN_POINT('',(3.040607238569E0,-9.138322153261E-1,
-4.291722312369E0));
#670=CARTESIAN_POINT('',(3.051220805426E0,-8.785777140010E-1,
-4.290393494743E0));
#671=CARTESIAN_POINT('',(3.099140339913E0,-7.086996305325E-1,
-4.284048209259E0));
#672=CARTESIAN_POINT('',(3.158380456617E0,-4.007686311428E-1,
-4.273038950074E0));
#673=CARTESIAN_POINT('',(3.183309771692E0,0.E0,-4.259916664740E0));
#674=CARTESIAN_POINT('',(3.158380456617E0,4.007686311428E-1,-4.246794379405E0));
#675=CARTESIAN_POINT('',(3.053669037271E0,9.450601315730E-1,-4.227334675081E0));
#676=CARTESIAN_POINT('',(2.783067882375E0,1.606804991062E0,-4.201120368443E0));
#677=CARTESIAN_POINT('',(2.345280600682E0,2.172024895240E0,-4.174906061806E0));
#678=CARTESIAN_POINT('',(1.926266043918E0,2.534853394675E0,-4.155446357482E0));
#679=CARTESIAN_POINT('',(1.591654885846E0,2.756827130400E0,-4.142324072147E0));
#680=CARTESIAN_POINT('',(1.232114412699E0,2.935622025818E0,-4.129201786812E0));
#681=CARTESIAN_POINT('',(7.083912121531E-1,3.117084065123E0,-4.109742185618E0));
#682=CARTESIAN_POINT('',(2.833613813696E-1,3.174999181519E0,-4.094013720788E0));
#683=CARTESIAN_POINT('',(9.010102995415E-6,3.174999999987E0,-4.083528109275E0));
#685=CARTESIAN_POINT('',(3.038483810021E0,-9.209773333979E-1,
-4.292013457732E0));
#686=CARTESIAN_POINT('',(3.038746957636E0,-9.201984253934E-1,
-4.291998507772E0));
#687=CARTESIAN_POINT('',(3.039189739378E0,-9.186876903132E-1,
-4.291963641046E0));
#688=CARTESIAN_POINT('',(3.040135861894E0,-9.160270161724E-1,
-4.291930476481E0));
#689=CARTESIAN_POINT('',(3.040245608460E0,-9.151802761498E-1,
-4.291930818971E0));
#690=CARTESIAN_POINT('',(3.040512003946E0,-9.143855516486E-1,
-4.291915587076E0));
#692=CARTESIAN_POINT('',(6.571660854682E-13,-3.050014837710E0,
-4.364145336536E0));
#693=CARTESIAN_POINT('',(1.600947050918E-1,-3.055355760375E0,
-4.361061753397E0));
#694=CARTESIAN_POINT('',(4.832005155243E-1,-3.040866830002E0,
-4.354918276317E0));
#695=CARTESIAN_POINT('',(9.672756650052E-1,-2.940177913041E0,
-4.345665252675E0));
#696=CARTESIAN_POINT('',(1.428744447507E0,-2.762620806116E0,-4.336999552350E0));
#697=CARTESIAN_POINT('',(1.859714126308E0,-2.510700662554E0,-4.328922142346E0));
#698=CARTESIAN_POINT('',(2.248745090887E0,-2.191932327708E0,-4.319776492364E0));
#699=CARTESIAN_POINT('',(2.582017802039E0,-1.814866454151E0,-4.310667167485E0));
#700=CARTESIAN_POINT('',(2.852350558083E0,-1.389063084846E0,-4.301072647920E0));
#701=CARTESIAN_POINT('',(2.984805918715E0,-1.079862069121E0,-4.295063009734E0));
#702=CARTESIAN_POINT('',(3.038483810021E0,-9.209773333979E-1,
-4.292013457732E0));
#704=CARTESIAN_POINT('',(-1.333409658193E0,2.454272931989E0,-4.512479510706E0));
#705=CARTESIAN_POINT('',(-1.465350792223E0,2.388014067775E0,-4.509737211780E0));
#706=CARTESIAN_POINT('',(-1.718331323833E0,2.234624686182E0,-4.504324998914E0));
#707=CARTESIAN_POINT('',(-2.059344006848E0,1.947393905259E0,-4.495415690418E0));
#708=CARTESIAN_POINT('',(-2.350794327681E0,1.611476938238E0,-4.486256103913E0));
#709=CARTESIAN_POINT('',(-2.587496575804E0,1.232281363738E0,-4.477142663213E0));
#710=CARTESIAN_POINT('',(-2.763315850117E0,8.189479706165E-1,
-4.467882523383E0));
#711=CARTESIAN_POINT('',(-2.872394785842E0,3.785750281867E-1,
-4.459198685476E0));
#712=CARTESIAN_POINT('',(-2.910490285287E0,-7.341991388506E-2,
-4.450947133733E0));
#713=CARTESIAN_POINT('',(-2.877713134209E0,-5.265453756036E-1,
-4.442893355861E0));
#714=CARTESIAN_POINT('',(-2.775669563330E0,-9.724163589651E-1,
-4.433814659745E0));
#715=CARTESIAN_POINT('',(-2.607126436762E0,-1.394298651159E0,
-4.424904549506E0));
#716=CARTESIAN_POINT('',(-2.373535824287E0,-1.789067558782E0,
-4.415715540197E0));
#717=CARTESIAN_POINT('',(-2.085512242079E0,-2.139323231019E0,
-4.406959665232E0));
#718=CARTESIAN_POINT('',(-1.737740834710E0,-2.448834084639E0,
-4.398269098267E0));
#719=CARTESIAN_POINT('',(-1.350985405147E0,-2.696785422281E0,
-4.390562534093E0));
#720=CARTESIAN_POINT('',(-9.184496872457E-1,-2.888784833288E0,
-4.382006302555E0));
#721=CARTESIAN_POINT('',(-4.685122739701E-1,-3.009878743847E0,
-4.373257969586E0));
#722=CARTESIAN_POINT('',(-1.565682388197E-1,-3.044791561557E0,
-4.367160996429E0));
#723=CARTESIAN_POINT('',(6.571660854682E-13,-3.050014837710E0,
-4.364145336536E0));
#725=CARTESIAN_POINT('',(-2.938981345294E0,-1.201227991966E0,
-1.042032204598E0));
#726=CARTESIAN_POINT('',(-2.991620455930E0,-1.072431112542E0,
-1.047137159228E0));
#727=CARTESIAN_POINT('',(-3.080159063272E0,-8.070483078035E-1,
-1.057255669001E0));
#728=CARTESIAN_POINT('',(-3.158395959149E0,-4.007732944150E-1,
-1.071797785037E0));
#729=CARTESIAN_POINT('',(-3.183305624396E0,1.247536056861E-6,
-1.084915753652E0));
#730=CARTESIAN_POINT('',(-3.158381543267E0,4.007683042708E-1,
-1.098039188792E0));
#731=CARTESIAN_POINT('',(-3.053668409313E0,9.450603204665E-1,
-1.117498516447E0));
#732=CARTESIAN_POINT('',(-2.783068100746E0,1.606804925381E0,-1.143713009003E0));
#733=CARTESIAN_POINT('',(-2.345280573526E0,2.172024903391E0,-1.169927261722E0));
#734=CARTESIAN_POINT('',(-1.926266049125E0,2.534853393140E0,-1.189386973117E0));
#735=CARTESIAN_POINT('',(-1.591654884084E0,2.756827130811E0,-1.202509257040E0));
#736=CARTESIAN_POINT('',(-1.232114414541E0,2.935622025710E0,-1.215631542718E0));
#737=CARTESIAN_POINT('',(-7.083884123605E-1,3.117085032470E0,
-1.235091247689E0));
#738=CARTESIAN_POINT('',(-2.833553746358E-1,3.175000004759E0,
-1.250819831618E0));
#739=CARTESIAN_POINT('',(1.746299505595E-8,3.175E0,-1.261305554919E0));
#741=CARTESIAN_POINT('',(2.527109881697E-9,3.174999991554E0,-1.349500083180E0));
#742=CARTESIAN_POINT('',(-2.833553746358E-1,3.174999992242E0,
-1.339014360432E0));
#743=CARTESIAN_POINT('',(-7.083884331186E-1,3.117085029529E0,
-1.323285674758E0));
#744=CARTESIAN_POINT('',(-1.232114412907E0,2.935622025456E0,-1.303825992556E0));
#745=CARTESIAN_POINT('',(-1.591654885814E0,2.756827130509E0,-1.290703702771E0));
#746=CARTESIAN_POINT('',(-1.926266043837E0,2.534853394604E0,-1.277581418583E0));
#747=CARTESIAN_POINT('',(-2.345280601182E0,2.172024895500E0,-1.258121714078E0));
#748=CARTESIAN_POINT('',(-2.783067878279E0,1.606804989083E0,-1.231907406040E0));
#749=CARTESIAN_POINT('',(-3.053669049059E0,9.450601372512E-1,
-1.205693104838E0));
#750=CARTESIAN_POINT('',(-3.158380436218E0,4.007686213179E-1,
-1.186233389396E0));
#751=CARTESIAN_POINT('',(-3.183309849546E0,3.749734685254E-8,
-1.173111138023E0));
#752=CARTESIAN_POINT('',(-3.158380165597E0,-4.007687713073E-1,
-1.159988725178E0));
#753=CARTESIAN_POINT('',(-3.053670582574E0,-9.450593873043E-1,
-1.140529655628E0));
#754=CARTESIAN_POINT('',(-2.783055429743E0,-1.606810988658E0,
-1.114310510230E0));
#755=CARTESIAN_POINT('',(-2.345316413273E0,-2.172007646721E0,
-1.088112887757E0));
#756=CARTESIAN_POINT('',(-1.926204071780E0,-2.534883242491E0,
-1.068619381527E0));
#757=CARTESIAN_POINT('',(-1.592991240021E0,-2.755983430546E0,
-1.055643109364E0));
#758=CARTESIAN_POINT('',(-1.353823267005E0,-2.875088983725E0,
-1.046682717088E0));
#759=CARTESIAN_POINT('',(-1.229779821598E0,-2.927192126582E0,
-1.042113571487E0));
#761=CARTESIAN_POINT('',(1.746299505595E-8,3.175E0,-1.261305554919E0));
#762=CARTESIAN_POINT('',(2.833553746358E-1,3.174999995241E0,-1.271791276928E0));
#763=CARTESIAN_POINT('',(7.083884606031E-1,3.117085021222E0,-1.287519861012E0));
#764=CARTESIAN_POINT('',(1.232114411216E0,2.935622025818E0,-1.306979564563E0));
#765=CARTESIAN_POINT('',(1.591654886243E0,2.756827130400E0,-1.320101849932E0));
#766=CARTESIAN_POINT('',(1.926266043814E0,2.534853394675E0,-1.333224135258E0));
#767=CARTESIAN_POINT('',(2.345280600742E0,2.172024895240E0,-1.352683839585E0));
#768=CARTESIAN_POINT('',(2.783067882354E0,1.606804991063E0,-1.378898146215E0));
#769=CARTESIAN_POINT('',(3.053669037275E0,9.450601315700E-1,-1.405112452874E0));
#770=CARTESIAN_POINT('',(3.158380456614E0,4.007686311480E-1,-1.424572157156E0));
#771=CARTESIAN_POINT('',(3.183309771698E0,-1.969674423563E-11,
-1.437694442620E0));
#772=CARTESIAN_POINT('',(3.158380456594E0,-4.007686310692E-1,
-1.450816727470E0));
#773=CARTESIAN_POINT('',(3.053669037389E0,-9.450601319640E-1,
-1.470276434205E0));
#774=CARTESIAN_POINT('',(2.783067881428E0,-1.606804987911E0,-1.496490722462E0));
#775=CARTESIAN_POINT('',(2.345280603406E0,-2.172024904302E0,-1.522705092477E0));
#776=CARTESIAN_POINT('',(1.926266039204E0,-2.534853378995E0,-1.542164668401E0));
#777=CARTESIAN_POINT('',(1.591654903837E0,-2.756827190244E0,-1.555287345684E0));
#778=CARTESIAN_POINT('',(1.232114345449E0,-2.935621802124E0,-1.568408159524E0));
#779=CARTESIAN_POINT('',(7.083895254761E-1,-3.117085961063E0,
-1.587875162020E0));
#780=CARTESIAN_POINT('',(2.833553746318E-1,-3.174994516276E0,
-1.603570210769E0));
#781=CARTESIAN_POINT('',(7.918509650788E-7,-3.174994732071E0,
-1.614055904121E0));
#783=DIRECTION('',(1.693516079596E-7,9.577134260081E-8,1.E0));
#784=VECTOR('',#783,8.819452826109E-2);
#785=CARTESIAN_POINT('',(2.527109881697E-9,3.174999991554E0,-1.349500083180E0));
#786=LINE('',#785,#784);
#787=CARTESIAN_POINT('',(-6.253398787362E-7,-3.174997918522E0,
-1.702298250368E0));
#788=CARTESIAN_POINT('',(2.833553746370E-1,-3.174998088940E0,
-1.691812504571E0));
#789=CARTESIAN_POINT('',(7.083875766796E-1,-3.117085696376E0,
-1.676058892161E0));
#790=CARTESIAN_POINT('',(1.232114465806E0,-2.935621937432E0,-1.656604633195E0));
#791=CARTESIAN_POINT('',(1.591654871638E0,-2.756827154046E0,-1.643481249704E0));
#792=CARTESIAN_POINT('',(1.926266047640E0,-2.534853388479E0,-1.630359256876E0));
#793=CARTESIAN_POINT('',(2.345280598531E0,-2.172024898821E0,-1.610899456729E0));
#794=CARTESIAN_POINT('',(2.783067883123E0,-1.606804989817E0,-1.584685197388E0));
#795=CARTESIAN_POINT('',(3.053669037179E0,-9.450601317275E-1,
-1.558470877033E0));
#796=CARTESIAN_POINT('',(3.158380456634E0,-4.007686311137E-1,
-1.539011174509E0));
#797=CARTESIAN_POINT('',(3.183309771687E0,-7.753339636984E-12,
-1.525888888812E0));
#798=CARTESIAN_POINT('',(3.158380456618E0,4.007686311448E-1,-1.512766603575E0));
#799=CARTESIAN_POINT('',(3.053669037271E0,9.450601315724E-1,-1.493306899213E0));
#800=CARTESIAN_POINT('',(2.783067882372E0,1.606804991058E0,-1.467092592646E0));
#801=CARTESIAN_POINT('',(2.345280600690E0,2.172024895255E0,-1.440878285812E0));
#802=CARTESIAN_POINT('',(1.926266043903E0,2.534853394650E0,-1.421418581878E0));
#803=CARTESIAN_POINT('',(1.591654885903E0,2.756827130496E0,-1.408296295355E0));
#804=CARTESIAN_POINT('',(1.232114412484E0,2.935622025459E0,-1.395174014482E0));
#805=CARTESIAN_POINT('',(7.083884400647E-1,3.117085027909E0,-1.375714288033E0));
#806=CARTESIAN_POINT('',(2.833553746358E-1,3.174999990865E0,-1.359985805742E0));
#807=CARTESIAN_POINT('',(2.527109881697E-9,3.174999991554E0,-1.349500083180E0));
#809=DIRECTION('',(1.606021261882E-5,3.611021507540E-5,9.999999992191E-1));
#810=VECTOR('',#809,8.824234631577E-2);
#811=CARTESIAN_POINT('',(-6.253398787362E-7,-3.174997918522E0,
-1.702298250368E0));
#812=LINE('',#811,#810);
#813=CARTESIAN_POINT('',(1.497892520068E-7,3.174999999998E0,-2.055055566670E0));
#814=CARTESIAN_POINT('',(-2.833553746358E-1,3.175000040819E0,
-2.044569838472E0));
#815=CARTESIAN_POINT('',(-7.083882306135E-1,3.117085074777E0,
-2.028841255305E0));
#816=CARTESIAN_POINT('',(-1.232114425420E0,2.935622025818E0,-2.009381544360E0));
#817=CARTESIAN_POINT('',(-1.591654882443E0,2.756827130400E0,-1.996259259322E0));
#818=CARTESIAN_POINT('',(-1.926266044810E0,2.534853394675E0,-1.983136973908E0));
#819=CARTESIAN_POINT('',(-2.345280600167E0,2.172024895240E0,-1.963677269610E0));
#820=CARTESIAN_POINT('',(-2.783067882554E0,1.606804991063E0,-1.937462962964E0));
#821=CARTESIAN_POINT('',(-3.053669037250E0,9.450601315718E-1,
-1.911248656314E0));
#822=CARTESIAN_POINT('',(-3.158380456619E0,4.007686311449E-1,
-1.891788952021E0));
#823=CARTESIAN_POINT('',(-3.183309771695E0,-7.782635647047E-12,
-1.878666666590E0));
#824=CARTESIAN_POINT('',(-3.158380456599E0,-4.007686311137E-1,
-1.865544381617E0));
#825=CARTESIAN_POINT('',(-3.053669037364E0,-9.450601317275E-1,
-1.846084675494E0));
#826=CARTESIAN_POINT('',(-2.783067881627E0,-1.606804989817E0,
-1.819870382573E0));
#827=CARTESIAN_POINT('',(-2.345280602833E0,-2.172024898821E0,
-1.793656028638E0));
#828=CARTESIAN_POINT('',(-1.926266040195E0,-2.534853388479E0,
-1.774196420138E0));
#829=CARTESIAN_POINT('',(-1.591654900054E0,-2.756827154046E0,
-1.761073842295E0));
#830=CARTESIAN_POINT('',(-1.232114359591E0,-2.935621937431E0,
-1.747952655125E0));
#831=CARTESIAN_POINT('',(-7.083892965010E-1,-3.117085295905E0,
-1.728487505415E0));
#832=CARTESIAN_POINT('',(-2.833553746345E-1,-3.174997748104E0,
-1.712783949882E0));
#833=CARTESIAN_POINT('',(-6.253398787362E-7,-3.174997918522E0,
-1.702298250368E0));
#835=CARTESIAN_POINT('',(7.918509650788E-7,-3.174994732071E0,
-1.614055904121E0));
#836=CARTESIAN_POINT('',(-2.833553746397E-1,-3.174994947868E0,
-1.624541656079E0));
#837=CARTESIAN_POINT('',(-7.083873477052E-1,-3.117086468166E0,
-1.640303775260E0));
#838=CARTESIAN_POINT('',(-1.232114479948E0,-2.935621802126E0,
-1.659756181458E0));
#839=CARTESIAN_POINT('',(-1.591654867855E0,-2.756827190243E0,
-1.672879938274E0));
#840=CARTESIAN_POINT('',(-1.926266048632E0,-2.534853378995E0,
-1.686001831663E0));
#841=CARTESIAN_POINT('',(-2.345280597958E0,-2.172024904301E0,
-1.705461664386E0));
#842=CARTESIAN_POINT('',(-2.783067883322E0,-1.606804987912E0,
-1.731675907648E0));
#843=CARTESIAN_POINT('',(-3.053669037154E0,-9.450601319640E-1,
-1.757890232666E0));
#844=CARTESIAN_POINT('',(-3.158380456639E0,-4.007686310692E-1,
-1.777349934578E0));
#845=CARTESIAN_POINT('',(-3.183309771686E0,-1.969957530434E-11,
-1.790472220397E0));
#846=CARTESIAN_POINT('',(-3.158380456619E0,4.007686311480E-1,
-1.803594505603E0));
#847=CARTESIAN_POINT('',(-3.053669037266E0,9.450601315700E-1,
-1.823054209969E0));
#848=CARTESIAN_POINT('',(-2.783067882411E0,1.606804991063E0,-1.849268516585E0));
#849=CARTESIAN_POINT('',(-2.345280600578E0,2.172024895240E0,-1.875482823232E0));
#850=CARTESIAN_POINT('',(-1.926266044097E0,2.534853394675E0,-1.894942527550E0));
#851=CARTESIAN_POINT('',(-1.591654885163E0,2.756827130400E0,-1.908064812901E0));
#852=CARTESIAN_POINT('',(-1.232114415250E0,2.935622025818E0,-1.921187098175E0));
#853=CARTESIAN_POINT('',(-7.083883952767E-1,3.117085036433E0,
-1.940646803829E0));
#854=CARTESIAN_POINT('',(-2.833553746358E-1,3.175000008188E0,
-1.956375387638E0));
#855=CARTESIAN_POINT('',(3.004346761574E-8,3.175E0,-1.966861111405E0));
#857=CARTESIAN_POINT('',(3.004346761574E-8,3.175E0,-1.966861111405E0));
#858=CARTESIAN_POINT('',(2.833553746358E-1,3.174999991813E0,-1.977346832948E0));
#859=CARTESIAN_POINT('',(7.083884779026E-1,3.117085017193E0,-1.993075417105E0));
#860=CARTESIAN_POINT('',(1.232114410147E0,2.935622025818E0,-2.012535120098E0));
#861=CARTESIAN_POINT('',(1.591654886528E0,2.756827130400E0,-2.025657405493E0));
#862=CARTESIAN_POINT('',(1.926266043739E0,2.534853394675E0,-2.038779690812E0));
#863=CARTESIAN_POINT('',(2.345280600785E0,2.172024895240E0,-2.058239395141E0));
#864=CARTESIAN_POINT('',(2.783067882339E0,1.606804991063E0,-2.084453701773E0));
#865=CARTESIAN_POINT('',(3.053669037276E0,9.450601315712E-1,-2.110668008424E0));
#866=CARTESIAN_POINT('',(3.158380456615E0,4.007686311459E-1,-2.130127712722E0));
#867=CARTESIAN_POINT('',(3.183309771695E0,-1.174559061123E-11,
-2.143249998134E0));
#868=CARTESIAN_POINT('',(3.158380456603E0,-4.007686310989E-1,
-2.156372283180E0));
#869=CARTESIAN_POINT('',(3.053669037341E0,-9.450601318062E-1,
-2.175831988942E0));
#870=CARTESIAN_POINT('',(2.783067881811E0,-1.606804989183E0,-2.202046284615E0));
#871=CARTESIAN_POINT('',(2.345280602304E0,-2.172024900646E0,-2.228260629060E0));
#872=CARTESIAN_POINT('',(1.926266041110E0,-2.534853385321E0,-2.247720256787E0));
#873=CARTESIAN_POINT('',(1.591654896562E0,-2.756827166100E0,-2.260842775939E0));
#874=CARTESIAN_POINT('',(1.232114372642E0,-2.935621892373E0,-2.273964183450E0));
#875=CARTESIAN_POINT('',(7.083890851678E-1,-3.117085584373E0,
-2.293428241544E0));
#876=CARTESIAN_POINT('',(2.833553746344E-1,-3.174996728873E0,
-2.309136819996E0));
#877=CARTESIAN_POINT('',(4.716548669357E-7,-3.174996857409E0,
-2.319622525197E0));
#879=DIRECTION('',(-1.357747309975E-6,2.788572180366E-11,9.999999999991E-1));
#880=VECTOR('',#879,8.819445526518E-2);
#881=CARTESIAN_POINT('',(1.497892520068E-7,3.174999999998E0,-2.055055566670E0));
#882=LINE('',#881,#880);
#883=CARTESIAN_POINT('',(2.832964092309E-7,-3.175001755231E0,
-2.407824194035E0));
#884=CARTESIAN_POINT('',(2.833553746363E-1,-3.175001678027E0,
-2.397338481864E0));
#885=CARTESIAN_POINT('',(7.083888261516E-1,-3.117084540335E0,
-2.381621070588E0));
#886=CARTESIAN_POINT('',(1.232114388639E0,-2.935622100350E0,-2.362158935623E0));
#887=CARTESIAN_POINT('',(1.591654892282E0,-2.756827110461E0,-2.349037140501E0));
#888=CARTESIAN_POINT('',(1.926266042231E0,-2.534853399899E0,-2.335914724593E0));
#889=CARTESIAN_POINT('',(2.345280601656E0,-2.172024892221E0,-2.316455063044E0));
#890=CARTESIAN_POINT('',(2.783067882036E0,-1.606804992112E0,-2.290240735293E0));
#891=CARTESIAN_POINT('',(3.053669037314E0,-9.450601314427E-1,
-2.264026434779E0));
#892=CARTESIAN_POINT('',(3.158380456608E0,-4.007686311674E-1,
-2.244566729652E0));
#893=CARTESIAN_POINT('',(3.183309771695E0,6.568828814224E-12,
-2.231444444479E0));
#894=CARTESIAN_POINT('',(3.158380456612E0,4.007686311411E-1,-2.218322159101E0));
#895=CARTESIAN_POINT('',(3.053669037294E0,9.450601315740E-1,-2.198862454792E0));
#896=CARTESIAN_POINT('',(2.783067882196E0,1.606804991062E0,-2.172648148143E0));
#897=CARTESIAN_POINT('',(2.345280601197E0,2.172024895241E0,-2.146433841520E0));
#898=CARTESIAN_POINT('',(1.926266043026E0,2.534853394675E0,-2.126974137170E0));
#899=CARTESIAN_POINT('',(1.591654889249E0,2.756827130400E0,-2.113851851915E0));
#900=CARTESIAN_POINT('',(1.232114399978E0,2.935622025818E0,-2.100729566283E0));
#901=CARTESIAN_POINT('',(7.083886425658E-1,3.117084978851E0,-2.081269868580E0));
#902=CARTESIAN_POINT('',(2.833553746358E-1,3.174999959177E0,-2.065541283782E0));
#903=CARTESIAN_POINT('',(1.497892520068E-7,3.174999999998E0,-2.055055566670E0));
#905=DIRECTION('',(2.135543010646E-6,5.552981101458E-5,9.999999984559E-1));
#906=VECTOR('',#905,8.820166897402E-2);
#907=CARTESIAN_POINT('',(2.832964092309E-7,-3.175001755231E0,
-2.407824194035E0));
#908=LINE('',#907,#906);
#909=CARTESIAN_POINT('',(0.E0,3.175E0,-2.760611111111E0));
#910=CARTESIAN_POINT('',(-2.833553746358E-1,3.175E0,-2.750125388456E0));
#911=CARTESIAN_POINT('',(-7.083884365896E-1,3.117085026813E0,
-2.734396804473E0));
#912=CARTESIAN_POINT('',(-1.232114412699E0,2.935622025818E0,-2.714937100150E0));
#913=CARTESIAN_POINT('',(-1.591654885846E0,2.756827130400E0,-2.701814814815E0));
#914=CARTESIAN_POINT('',(-1.926266043918E0,2.534853394675E0,-2.688692529480E0));
#915=CARTESIAN_POINT('',(-2.345280600682E0,2.172024895241E0,-2.669232825157E0));
#916=CARTESIAN_POINT('',(-2.783067882375E0,1.606804991062E0,-2.643018518517E0));
#917=CARTESIAN_POINT('',(-3.053669037271E0,9.450601315740E-1,
-2.616804211886E0));
#918=CARTESIAN_POINT('',(-3.158380456617E0,4.007686311411E-1,
-2.597344507548E0));
#919=CARTESIAN_POINT('',(-3.183309771690E0,6.568107169258E-12,
-2.584222222256E0));
#920=CARTESIAN_POINT('',(-3.158380456624E0,-4.007686311674E-1,
-2.571099936760E0));
#921=CARTESIAN_POINT('',(-3.053669037229E0,-9.450601314427E-1,
-2.551640233240E0));
#922=CARTESIAN_POINT('',(-2.783067882714E0,-1.606804992112E0,
-2.525425920479E0));
#923=CARTESIAN_POINT('',(-2.345280599707E0,-2.172024892221E0,
-2.499211634954E0));
#924=CARTESIAN_POINT('',(-1.926266045604E0,-2.534853399899E0,
-2.479751887855E0));
#925=CARTESIAN_POINT('',(-1.591654879409E0,-2.756827110461E0,
-2.466629733094E0));
#926=CARTESIAN_POINT('',(-1.232114436758E0,-2.935622100350E0,
-2.453506957548E0));
#927=CARTESIAN_POINT('',(-7.083880470279E-1,-3.117084721761E0,
-2.434049683859E0));
#928=CARTESIAN_POINT('',(-2.833553746354E-1,-3.175001832435E0,
-2.418309927174E0));
#929=CARTESIAN_POINT('',(2.832964092309E-7,-3.175001755231E0,
-2.407824194035E0));
#931=CARTESIAN_POINT('',(4.716548669357E-7,-3.174996857409E0,
-2.319622525197E0));
#932=CARTESIAN_POINT('',(-2.833553746372E-1,-3.174996985945E0,
-2.330108265306E0));
#933=CARTESIAN_POINT('',(-7.083877880122E-1,-3.117085886423E0,
-2.345856854807E0));
#934=CARTESIAN_POINT('',(-1.232114452755E0,-2.935621892374E0,
-2.365312205377E0));
#935=CARTESIAN_POINT('',(-1.591654875130E0,-2.756827166100E0,
-2.378435368531E0));
#936=CARTESIAN_POINT('',(-1.926266046726E0,-2.534853385321E0,
-2.391557420049E0));
#937=CARTESIAN_POINT('',(-2.345280599059E0,-2.172024900646E0,
-2.411017200969E0));
#938=CARTESIAN_POINT('',(-2.783067882939E0,-1.606804989183E0,
-2.437231469800E0));
#939=CARTESIAN_POINT('',(-3.053669037201E0,-9.450601318062E-1,
-2.463445787403E0));
#940=CARTESIAN_POINT('',(-3.158380456631E0,-4.007686310989E-1,
-2.482905490288E0));
#941=CARTESIAN_POINT('',(-3.183309771682E0,-1.179790987127E-11,
-2.496027775912E0));
#942=CARTESIAN_POINT('',(-3.158380456639E0,4.007686311461E-1,
-2.509150061170E0));
#943=CARTESIAN_POINT('',(-3.053669037156E0,9.450601315703E-1,
-2.528609765516E0));
#944=CARTESIAN_POINT('',(-2.783067883301E0,1.606804991070E0,-2.554824072166E0));
#945=CARTESIAN_POINT('',(-2.345280598018E0,2.172024895218E0,-2.581038378721E0));
#946=CARTESIAN_POINT('',(-1.926266048528E0,2.534853394713E0,-2.600498083220E0));
#947=CARTESIAN_POINT('',(-1.591654868251E0,2.756827130255E0,-2.613620368017E0));
#948=CARTESIAN_POINT('',(-1.232114478466E0,2.935622026359E0,-2.626742655372E0));
#949=CARTESIAN_POINT('',(-7.083873716896E-1,3.117085271907E0,
-2.646202376232E0));
#950=CARTESIAN_POINT('',(-2.833553746357E-1,3.175000223800E0,
-2.661931036926E0));
#951=CARTESIAN_POINT('',(7.744136503005E-7,3.175000012756E0,-2.672416788238E0));
#953=CARTESIAN_POINT('',(7.744136503005E-7,3.175000012756E0,-2.672416788238E0));
#954=CARTESIAN_POINT('',(2.833553746358E-1,3.174999801714E0,-2.682902482236E0));
#955=CARTESIAN_POINT('',(7.083895014916E-1,3.117084775967E0,-2.698630989508E0));
#956=CARTESIAN_POINT('',(1.232114346930E0,2.935622026359E0,-2.718090677295E0));
#957=CARTESIAN_POINT('',(1.591654903440E0,2.756827130255E0,-2.731212960610E0));
#958=CARTESIAN_POINT('',(1.926266039308E0,2.534853394713E0,-2.744335246482E0));
#959=CARTESIAN_POINT('',(2.345280603346E0,2.172024895219E0,-2.763794950630E0));
#960=CARTESIAN_POINT('',(2.783067881449E0,1.606804991070E0,-2.790009257355E0));
#961=CARTESIAN_POINT('',(3.053669037386E0,9.450601315723E-1,-2.816223563966E0));
#962=CARTESIAN_POINT('',(3.158380456595E0,4.007686311427E-1,-2.835683268296E0));
#963=CARTESIAN_POINT('',(3.183309771697E0,1.269900851142E-12,
-2.848805553622E0));
#964=CARTESIAN_POINT('',(3.158380456616E0,-4.007686311477E-1,
-2.861927838989E0));
#965=CARTESIAN_POINT('',(3.053669037264E0,-9.450601315468E-1,
-2.881387543151E0));
#966=CARTESIAN_POINT('',(2.783067882438E0,-1.606804991273E0,-2.907601851021E0));
#967=CARTESIAN_POINT('',(2.345280600500E0,-2.172024894633E0,-2.933816153411E0));
#968=CARTESIAN_POINT('',(1.926266044233E0,-2.534853395726E0,-2.953275866341E0));
#969=CARTESIAN_POINT('',(1.591654884644E0,-2.756827126389E0,-2.966398125403E0));
#970=CARTESIAN_POINT('',(1.232114417192E0,-2.935622040812E0,-2.979520509373E0));
#971=CARTESIAN_POINT('',(7.083883638343E-1,-3.117084964136E0,
-2.998979724488E0));
#972=CARTESIAN_POINT('',(2.833553746358E-1,-3.175000367532E0,
-3.014710556368E0));
#973=CARTESIAN_POINT('',(-5.290888727364E-8,-3.175000353113E0,
-3.025196280981E0));
#975=DIRECTION('',(8.780765289160E-6,1.446407370317E-7,9.999999999614E-1));
#976=VECTOR('',#975,8.819432287626E-2);
#977=CARTESIAN_POINT('',(0.E0,3.175E0,-2.760611111111E0));
#978=LINE('',#977,#976);
#979=CARTESIAN_POINT('',(1.146154166243E-9,-3.175000007813E0,
-3.113388848210E0));
#980=CARTESIAN_POINT('',(2.833553746359E-1,-3.175000007501E0,
-3.102903125598E0));
#981=CARTESIAN_POINT('',(7.083884381657E-1,-3.117085024685E0,
-3.087174591355E0));
#982=CARTESIAN_POINT('',(1.232114412601E0,-2.935622026149E0,-3.067714876205E0));
#983=CARTESIAN_POINT('',(1.591654885872E0,-2.756827130312E0,-3.054592593053E0));
#984=CARTESIAN_POINT('',(1.926266043911E0,-2.534853394698E0,-3.041470307137E0));
#985=CARTESIAN_POINT('',(2.345280600686E0,-2.172024895227E0,-3.022010603004E0));
#986=CARTESIAN_POINT('',(2.783067882374E0,-1.606804991067E0,-2.995796296272E0));
#987=CARTESIAN_POINT('',(3.053669037272E0,-9.450601315724E-1,
-2.969581989662E0));
#988=CARTESIAN_POINT('',(3.158380456616E0,-4.007686311429E-1,
-2.950122285334E0));
#989=CARTESIAN_POINT('',(3.183309771692E0,2.682576383251E-14,-2.937E0));
#990=CARTESIAN_POINT('',(3.158380456617E0,4.007686311428E-1,-2.923877714665E0));
#991=CARTESIAN_POINT('',(3.053669037271E0,9.450601315730E-1,-2.904418010342E0));
#992=CARTESIAN_POINT('',(2.783067882375E0,1.606804991062E0,-2.878203703704E0));
#993=CARTESIAN_POINT('',(2.345280600682E0,2.172024895240E0,-2.851989397066E0));
#994=CARTESIAN_POINT('',(1.926266043918E0,2.534853394675E0,-2.832529692742E0));
#995=CARTESIAN_POINT('',(1.591654885846E0,2.756827130400E0,-2.819407407407E0));
#996=CARTESIAN_POINT('',(1.232114412699E0,2.935622025818E0,-2.806285122073E0));
#997=CARTESIAN_POINT('',(7.083884365896E-1,3.117085026813E0,-2.786825417749E0));
#998=CARTESIAN_POINT('',(2.833553746359E-1,3.175E0,-2.771096833766E0));
#999=CARTESIAN_POINT('',(0.E0,3.175E0,-2.760611111111E0));
#1001=DIRECTION('',(-6.129206024720E-7,-3.915291878441E-6,9.999999999921E-1));
#1002=VECTOR('',#1001,8.819256722953E-2);
#1003=CARTESIAN_POINT('',(1.146154166243E-9,-3.175000007813E0,
-3.113388848210E0));
#1004=LINE('',#1003,#1002);
#1005=CARTESIAN_POINT('',(1.008896789883E-8,3.174999979002E0,
-3.466166776589E0));
#1006=CARTESIAN_POINT('',(-2.833553746358E-1,3.174999981751E0,
-3.455681053561E0));
#1007=CARTESIAN_POINT('',(-7.083884227162E-1,3.117085034779E0,
-3.439952335843E0));
#1008=CARTESIAN_POINT('',(-1.232114413555E0,2.935622024926E0,
-3.420492660325E0));
#1009=CARTESIAN_POINT('',(-1.591654885617E0,2.756827130639E0,
-3.407370369134E0));
#1010=CARTESIAN_POINT('',(-1.926266043978E0,2.534853394612E0,
-3.394248085360E0));
#1011=CARTESIAN_POINT('',(-2.345280600647E0,2.172024895277E0,
-3.374788380525E0));
#1012=CARTESIAN_POINT('',(-2.783067882387E0,1.606804991050E0,
-3.348574074139E0));
#1013=CARTESIAN_POINT('',(-3.053669037270E0,9.450601315746E-1,
-3.322359767428E0));
#1014=CARTESIAN_POINT('',(-3.158380456617E0,4.007686311425E-1,
-3.302900063114E0));
#1015=CARTESIAN_POINT('',(-3.183309771692E0,1.152550277439E-13,
-3.289777777778E0));
#1016=CARTESIAN_POINT('',(-3.158380456617E0,-4.007686311430E-1,
-3.276655492443E0));
#1017=CARTESIAN_POINT('',(-3.053669037271E0,-9.450601315724E-1,
-3.257195788122E0));
#1018=CARTESIAN_POINT('',(-2.783067882376E0,-1.606804991067E0,
-3.230981481457E0));
#1019=CARTESIAN_POINT('',(-2.345280600678E0,-2.172024895227E0,
-3.204767174913E0));
#1020=CARTESIAN_POINT('',(-1.926266043925E0,-2.534853394698E0,
-3.185307470399E0));
#1021=CARTESIAN_POINT('',(-1.591654885820E0,-2.756827130312E0,
-3.172185185646E0));
#1022=CARTESIAN_POINT('',(-1.232114412796E0,-2.935622026149E0,
-3.159062898129E0));
#1023=CARTESIAN_POINT('',(-7.083884350135E-1,-3.117085025419E0,
-3.139603204631E0));
#1024=CARTESIAN_POINT('',(-2.833553746358E-1,-3.175000008126E0,
-3.123874570908E0));
#1025=CARTESIAN_POINT('',(1.146154166243E-9,-3.175000007813E0,
-3.113388848210E0));
#1027=CARTESIAN_POINT('',(-5.290888727364E-8,-3.175000353113E0,
-3.025196280981E0));
#1028=CARTESIAN_POINT('',(-2.833553746359E-1,-3.175000338694E0,
-3.035682001679E0));
#1029=CARTESIAN_POINT('',(-7.083885093449E-1,-3.117084930253E0,
-3.051408337763E0));
#1030=CARTESIAN_POINT('',(-1.232114408205E0,-2.935622040812E0,
-3.070868531297E0));
#1031=CARTESIAN_POINT('',(-1.591654887048E0,-2.756827126389E0,
-3.083990717996E0));
#1032=CARTESIAN_POINT('',(-1.926266043603E0,-2.534853395726E0,
-3.097113029603E0));
#1033=CARTESIAN_POINT('',(-2.345280600864E0,-2.172024894633E0,
-3.116572725320E0));
#1034=CARTESIAN_POINT('',(-2.783067882312E0,-1.606804991273E0,
-3.142787036206E0));
#1035=CARTESIAN_POINT('',(-3.053669037279E0,-9.450601315468E-1,
-3.169001341612E0));
#1036=CARTESIAN_POINT('',(-3.158380456615E0,-4.007686311477E-1,
-3.188461046097E0));
#1037=CARTESIAN_POINT('',(-3.183309771692E0,1.226518886455E-12,
-3.201583331399E0));
#1038=CARTESIAN_POINT('',(-3.158380456618E0,4.007686311428E-1,
-3.214705616745E0));
#1039=CARTESIAN_POINT('',(-3.053669037265E0,9.450601315714E-1,
-3.234165321055E0));
#1040=CARTESIAN_POINT('',(-2.783067882430E0,1.606804991077E0,
-3.260379627777E0));
#1041=CARTESIAN_POINT('',(-2.345280600524E0,2.172024895199E0,
-3.286593934127E0));
#1042=CARTESIAN_POINT('',(-1.926266044192E0,2.534853394747E0,
-3.306053639034E0));
#1043=CARTESIAN_POINT('',(-1.591654884801E0,2.756827130125E0,
-3.319175922587E0));
#1044=CARTESIAN_POINT('',(-1.232114416604E0,2.935622026847E0,
-3.332298214613E0));
#1045=CARTESIAN_POINT('',(-7.083883733553E-1,3.117085036071E0,
-3.351757887203E0));
#1046=CARTESIAN_POINT('',(-2.833553746358E-1,3.175000036777E0,
-3.367486625373E0));
#1047=CARTESIAN_POINT('',(4.598502491751E-8,3.175000024245E0,
-3.377972349730E0));
#1049=CARTESIAN_POINT('',(4.598502491751E-8,3.175000024245E0,
-3.377972349730E0));
#1050=CARTESIAN_POINT('',(2.833553746358E-1,3.175000011713E0,
-3.388458070683E0));
#1051=CARTESIAN_POINT('',(7.083884998239E-1,3.117085006622E0,
-3.404186500479E0));
#1052=CARTESIAN_POINT('',(1.232114408793E0,2.935622026847E0,-3.423646236536E0));
#1053=CARTESIAN_POINT('',(1.591654886891E0,2.756827130125E0,-3.436768515179E0));
#1054=CARTESIAN_POINT('',(1.926266043644E0,2.534853394747E0,-3.449890802296E0));
#1055=CARTESIAN_POINT('',(2.345280600840E0,2.172024895199E0,-3.469350506036E0));
#1056=CARTESIAN_POINT('',(2.783067882320E0,1.606804991076E0,-3.495564812965E0));
#1057=CARTESIAN_POINT('',(3.053669037278E0,9.450601315729E-1,
-3.521779119508E0));
#1058=CARTESIAN_POINT('',(3.158380456616E0,4.007686311402E-1,
-3.541238823866E0));
#1059=CARTESIAN_POINT('',(3.183309771689E0,1.115502135107E-11,
-3.554361109125E0));
#1060=CARTESIAN_POINT('',(3.158380456629E0,-4.007686311848E-1,
-3.567483394737E0));
#1061=CARTESIAN_POINT('',(3.053669037204E0,-9.450601313500E-1,
-3.586943097685E0));
#1062=CARTESIAN_POINT('',(2.783067882915E0,-1.606804992859E0,
-3.613157414808E0));
#1063=CARTESIAN_POINT('',(2.345280599129E0,-2.172024890072E0,
-3.639371685294E0));
#1064=CARTESIAN_POINT('',(1.926266046605E0,-2.534853403619E0,
-3.658831462860E0));
#1065=CARTESIAN_POINT('',(1.591654875592E0,-2.756827096264E0,
-3.671953524618E0));
#1066=CARTESIAN_POINT('',(1.232114451029E0,-2.935622153418E0,
-3.685076649329E0));
#1067=CARTESIAN_POINT('',(7.083878159468E-1,-3.117084493782E0,
-3.704532190577E0));
#1068=CARTESIAN_POINT('',(2.833553746345E-1,-3.175003127970E0,
-3.720279903977E0));
#1069=CARTESIAN_POINT('',(-4.513435120340E-7,-3.175003004970E0,
-3.730765643335E0));
#1071=DIRECTION('',(4.070104914423E-7,5.129964777416E-7,9.999999999998E-1));
#1072=VECTOR('',#1071,8.819442685980E-2);
#1073=CARTESIAN_POINT('',(1.008896789883E-8,3.174999979002E0,
-3.466166776589E0));
#1074=LINE('',#1073,#1072);
#1075=CARTESIAN_POINT('',(-1.830976833557E-7,-3.174998778332E0,
-3.818950805013E0));
#1076=CARTESIAN_POINT('',(2.833553746360E-1,-3.174998828230E0,
-3.808465075582E0));
#1077=CARTESIAN_POINT('',(7.083881848106E-1,-3.117085360901E0,
-3.792728714511E0));
#1078=CARTESIAN_POINT('',(1.232114428248E0,-2.935621973942E0,
-3.773270702709E0));
#1079=CARTESIAN_POINT('',(1.591654881686E0,-2.756827144278E0,
-3.760148076124E0));
#1080=CARTESIAN_POINT('',(1.926266045008E0,-2.534853391039E0,
-3.747025881685E0));
#1081=CARTESIAN_POINT('',(2.345280600052E0,-2.172024897342E0,
-3.727566147584E0));
#1082=CARTESIAN_POINT('',(2.783067882594E0,-1.606804990332E0,
-3.701351855644E0));
#1083=CARTESIAN_POINT('',(3.053669037244E0,-9.450601316637E-1,
-3.675137544743E0));
#1084=CARTESIAN_POINT('',(3.158380456622E0,-4.007686311258E-1,
-3.655677840979E0));
#1085=CARTESIAN_POINT('',(3.183309771690E0,-4.490241511945E-12,
-3.642555555531E0));
#1086=CARTESIAN_POINT('',(3.158380456617E0,4.007686311437E-1,
-3.629433270229E0));
#1087=CARTESIAN_POINT('',(3.053669037273E0,9.450601315739E-1,
-3.609973565885E0));
#1088=CARTESIAN_POINT('',(2.783067882363E0,1.606804991050E0,-3.583759259326E0));
#1089=CARTESIAN_POINT('',(2.345280600716E0,2.172024895277E0,-3.557544952434E0));
#1090=CARTESIAN_POINT('',(1.926266043858E0,2.534853394612E0,-3.538085248622E0));
#1091=CARTESIAN_POINT('',(1.591654886075E0,2.756827130639E0,-3.524962961727E0));
#1092=CARTESIAN_POINT('',(1.232114411842E0,2.935622024926E0,-3.511840682248E0));
#1093=CARTESIAN_POINT('',(7.083884504630E-1,3.117085028318E0,
-3.492380949118E0));
#1094=CARTESIAN_POINT('',(2.833553746358E-1,3.174999976252E0,
-3.476652498871E0));
#1095=CARTESIAN_POINT('',(1.008896789883E-8,3.174999979002E0,
-3.466166776589E0));
#1097=DIRECTION('',(-3.041847667608E-6,-4.792913112867E-5,9.999999988468E-1));
#1098=VECTOR('',#1097,8.818516178004E-2);
#1099=CARTESIAN_POINT('',(-1.830976833557E-7,-3.174998778332E0,
-3.818950805013E0));
#1100=LINE('',#1099,#1098);
#1101=CARTESIAN_POINT('',(1.173061534452E-7,3.174999999998E0,
-4.171722230925E0));
#1102=CARTESIAN_POINT('',(-2.833553746358E-1,3.175000031967E0,
-4.161236503929E0));
#1103=CARTESIAN_POINT('',(-7.083882752812E-1,3.117085064376E0,
-4.145507920586E0));
#1104=CARTESIAN_POINT('',(-1.232114422661E0,2.935622025818E0,
-4.126048211077E0));
#1105=CARTESIAN_POINT('',(-1.591654883181E0,2.756827130400E0,
-4.112925925975E0));
#1106=CARTESIAN_POINT('',(-1.926266044616E0,2.534853394675E0,
-4.099803640578E0));
#1107=CARTESIAN_POINT('',(-2.345280600278E0,2.172024895240E0,
-4.080343936275E0));
#1108=CARTESIAN_POINT('',(-2.783067882515E0,1.606804991062E0,
-4.054129629628E0));
#1109=CARTESIAN_POINT('',(-3.053669037254E0,9.450601315723E-1,
-4.027915322989E0));
#1110=CARTESIAN_POINT('',(-3.158380456619E0,4.007686311440E-1,
-4.008455618674E0));
#1111=CARTESIAN_POINT('',(-3.183309771692E0,-4.568428968454E-12,
-3.995333333310E0));
#1112=CARTESIAN_POINT('',(-3.158380456612E0,-4.007686311258E-1,
-3.982211048087E0));
#1113=CARTESIAN_POINT('',(-3.053669037298E0,-9.450601316637E-1,
-3.962751343204E0));
#1114=CARTESIAN_POINT('',(-2.783067882156E0,-1.606804990332E0,
-3.936537040829E0));
#1115=CARTESIAN_POINT('',(-2.345280601312E0,-2.172024897342E0,
-3.910322719494E0));
#1116=CARTESIAN_POINT('',(-1.926266042828E0,-2.534853391039E0,
-3.890863044947E0));
#1117=CARTESIAN_POINT('',(-1.591654890006E0,-2.756827144278E0,
-3.877740668716E0));
#1118=CARTESIAN_POINT('',(-1.232114397149E0,-2.935621973942E0,
-3.864618724633E0));
#1119=CARTESIAN_POINT('',(-7.083886883688E-1,-3.117085243644E0,
-3.845157327784E0));
#1120=CARTESIAN_POINT('',(-2.833553746356E-1,-3.174998728434E0,
-3.829436520892E0));
#1121=CARTESIAN_POINT('',(-1.830976833557E-7,-3.174998778332E0,
-3.818950805013E0));
#1123=CARTESIAN_POINT('',(-4.513435120340E-7,-3.175003004970E0,
-3.730765643335E0));
#1124=CARTESIAN_POINT('',(-2.833553746371E-1,-3.175002881971E0,
-3.741251349287E0));
#1125=CARTESIAN_POINT('',(-7.083890572331E-1,-3.117084204736E0,
-3.756960803841E0));
#1126=CARTESIAN_POINT('',(-1.232114374368E0,-2.935622153418E0,
-3.776424671255E0));
#1127=CARTESIAN_POINT('',(-1.591654896100E0,-2.756827096264E0,
-3.789546117209E0));
#1128=CARTESIAN_POINT('',(-1.926266041231E0,-2.534853403619E0,
-3.802668626122E0));
#1129=CARTESIAN_POINT('',(-2.345280602234E0,-2.172024890072E0,
-3.822128257203E0));
#1130=CARTESIAN_POINT('',(-2.783067881836E0,-1.606804992859E0,
-3.848342599993E0));
#1131=CARTESIAN_POINT('',(-3.053669037335E0,-9.450601313500E-1,
-3.874556896146E0));
#1132=CARTESIAN_POINT('',(-3.158380456610E0,-4.007686311848E-1,
-3.894016601845E0));
#1133=CARTESIAN_POINT('',(-3.183309771673E0,1.122919812691E-11,
-3.907138886904E0));
#1134=CARTESIAN_POINT('',(-3.158380456700E0,4.007686311399E-1,
-3.920261172310E0));
#1135=CARTESIAN_POINT('',(-3.053669036826E0,9.450601315747E-1,
-3.939720876620E0));
#1136=CARTESIAN_POINT('',(-2.783067885967E0,1.606804991062E0,
-3.965935183195E0));
#1137=CARTESIAN_POINT('',(-2.345280590350E0,2.172024895240E0,
-3.992149490087E0));
#1138=CARTESIAN_POINT('',(-1.926266061796E0,2.534853394675E0,
-4.011609193888E0));
#1139=CARTESIAN_POINT('',(-1.591654817611E0,2.756827130400E0,
-4.024731480820E0));
#1140=CARTESIAN_POINT('',(-1.232114667759E0,2.935622025820E0,
-4.037853760157E0));
#1141=CARTESIAN_POINT('',(-7.083843066551E-1,3.117085988493E0,
-4.057313597472E0));
#1142=CARTESIAN_POINT('',(-2.833553746342E-1,3.175000818522E0,
-4.073042164029E0));
#1143=CARTESIAN_POINT('',(3.003367664996E-6,3.175000000037E0,
-4.083527997826E0));
#1145=DIRECTION('',(3.272392546056E-5,4.334130847871E-10,9.999999994646E-1));
#1146=VECTOR('',#1145,8.819423314691E-2);
#1147=CARTESIAN_POINT('',(1.173061534452E-7,3.174999999998E0,
-4.171722230925E0));
#1148=LINE('',#1147,#1146);
#1149=CARTESIAN_POINT('',(2.784992237312E0,1.524661485739E0,-4.291939692135E0));
#1150=CARTESIAN_POINT('',(2.773457874118E0,1.545746125779E0,-4.291050543053E0));
#1151=CARTESIAN_POINT('',(2.622619627167E0,1.813620179069E0,-4.279971266618E0));
#1152=CARTESIAN_POINT('',(2.345320149340E0,2.172044874666E0,-4.263047218780E0));
#1153=CARTESIAN_POINT('',(1.926258595140E0,2.534849631971E0,-4.243650839776E0));
#1154=CARTESIAN_POINT('',(1.591656881659E0,2.756828137321E0,-4.230515832895E0));
#1155=CARTESIAN_POINT('',(1.232113878224E0,2.935621760838E0,-4.217396939756E0));
#1156=CARTESIAN_POINT('',(7.083889126055E-1,3.117085148239E0,
-4.197936109809E0));
#1157=CARTESIAN_POINT('',(2.833553746358E-1,3.174999968030E0,
-4.182207949239E0));
#1158=CARTESIAN_POINT('',(1.173061534452E-7,3.174999999998E0,
-4.171722230925E0));
#1160=CARTESIAN_POINT('',(2.787224416099E0,1.520508161297E0,-4.292012389386E0));
#1161=CARTESIAN_POINT('',(2.786971613598E0,1.520971570389E0,-4.292012389386E0));
#1162=CARTESIAN_POINT('',(2.786482022438E0,1.521903965390E0,-4.292043585501E0));
#1163=CARTESIAN_POINT('',(2.785711282322E0,1.523273038375E0,-4.291971409901E0));
#1164=CARTESIAN_POINT('',(2.785242189967E0,1.524204914295E0,-4.291939692274E0));
#1165=CARTESIAN_POINT('',(2.784992237312E0,1.524661485739E0,-4.291939692135E0));
#1167=CARTESIAN_POINT('',(0.E0,0.E0,-4.572E0));
#1168=DIRECTION('',(0.E0,0.E0,1.E0));
#1169=DIRECTION('',(0.E0,-1.E0,0.E0));
#1170=AXIS2_PLACEMENT_3D('',#1167,#1168,#1169);
#1172=DIRECTION('',(-1.580830722091E-12,8.660254037844E-1,-5.E-1));
#1173=VECTOR('',#1172,4.157093269285E-1);
#1174=CARTESIAN_POINT('',(6.571660854682E-13,-3.050014837710E0,
-4.364145336536E0));
#1175=LINE('',#1174,#1173);
#1176=CARTESIAN_POINT('',(0.E0,0.E0,-4.291985119443E0));
#1177=DIRECTION('',(0.E0,0.E0,-1.E0));
#1178=DIRECTION('',(8.778685697511E-1,4.789016331599E-1,0.E0));
#1179=AXIS2_PLACEMENT_3D('',#1176,#1177,#1178);
#1181=DIRECTION('',(0.E0,0.E0,1.E0));
#1182=VECTOR('',#1181,3.298E0);
#1183=CARTESIAN_POINT('',(0.E0,-2.69E0,-7.87E0));
#1184=LINE('',#1183,#1182);
#1185=DIRECTION('',(0.E0,0.E0,-1.E0));
#1186=VECTOR('',#1185,3.298E0);
#1187=CARTESIAN_POINT('',(0.E0,2.69E0,-4.572E0));
#1188=LINE('',#1187,#1186);
#1189=DIRECTION('',(-2.139033245714E-12,-8.660254037845E-1,-5.E-1));
#1190=VECTOR('',#1189,1.190575408187E-1);
#1191=CARTESIAN_POINT('',(2.546680479641E-13,2.793106854861E0,
-4.512471229591E0));
#1192=LINE('',#1191,#1190);
#1193=CARTESIAN_POINT('',(0.E0,0.E0,-4.572E0));
#1194=DIRECTION('',(0.E0,0.E0,1.E0));
#1195=DIRECTION('',(0.E0,1.E0,0.E0));
#1196=AXIS2_PLACEMENT_3D('',#1193,#1194,#1195);
#1198=DIRECTION('',(-7.071067811865E-1,7.071067811866E-1,0.E0));
#1199=VECTOR('',#1198,3.592102448428E-1);
#1200=CARTESIAN_POINT('',(3.5E0,3.246E0,-7.87E0));
#1201=LINE('',#1200,#1199);
#1202=DIRECTION('',(7.071067811866E-1,7.071067811865E-1,0.E0));
#1203=VECTOR('',#1202,3.592102448428E-1);
#1204=CARTESIAN_POINT('',(3.246E0,-3.5E0,-7.87E0));
#1205=LINE('',#1204,#1203);
#1206=DIRECTION('',(7.071067811865E-1,-7.071067811866E-1,0.E0));
#1207=VECTOR('',#1206,3.592102448428E-1);
#1208=CARTESIAN_POINT('',(-3.5E0,-3.246E0,-7.87E0));
#1209=LINE('',#1208,#1207);
#1210=DIRECTION('',(-7.071067811866E-1,-7.071067811865E-1,0.E0));
#1211=VECTOR('',#1210,3.592102448428E-1);
#1212=CARTESIAN_POINT('',(-3.246E0,3.5E0,-7.87E0));
#1213=LINE('',#1212,#1211);
#1214=CARTESIAN_POINT('',(0.E0,0.E0,-7.87E0));
#1215=DIRECTION('',(0.E0,0.E0,-1.E0));
#1216=DIRECTION('',(0.E0,1.E0,0.E0));
#1217=AXIS2_PLACEMENT_3D('',#1214,#1215,#1216);
#1219=CARTESIAN_POINT('',(0.E0,0.E0,-7.87E0));
#1220=DIRECTION('',(0.E0,0.E0,-1.E0));
#1221=DIRECTION('',(0.E0,-1.E0,0.E0));
#1222=AXIS2_PLACEMENT_3D('',#1219,#1220,#1221);
#1224=DIRECTION('',(-1.E0,0.E0,0.E0));
#1225=VECTOR('',#1224,4.E0);
#1226=CARTESIAN_POINT('',(2.E0,3.5E0,-9.4E0));
#1227=LINE('',#1226,#1225);
#1228=DIRECTION('',(0.E0,0.E0,1.E0));
#1229=VECTOR('',#1228,3.9E-1);
#1230=CARTESIAN_POINT('',(2.E0,3.5E0,-9.79E0));
#1231=LINE('',#1230,#1229);
#1232=DIRECTION('',(1.E0,0.E0,0.E0));
#1233=VECTOR('',#1232,6.492E0);
#1234=CARTESIAN_POINT('',(-3.246E0,3.5E0,-7.87E0));
#1235=LINE('',#1234,#1233);
#1236=DIRECTION('',(0.E0,1.E0,0.E0));
#1237=VECTOR('',#1236,1.246E0);
#1238=CARTESIAN_POINT('',(-3.5E0,2.E0,-9.79E0));
#1239=LINE('',#1238,#1237);
#1240=DIRECTION('',(-1.E0,0.E0,0.E0));
#1241=VECTOR('',#1240,4.6E-1);
#1242=CARTESIAN_POINT('',(-3.04E0,2.E0,-9.79E0));
#1243=LINE('',#1242,#1241);
#1244=DIRECTION('',(0.E0,-1.E0,0.E0));
#1245=VECTOR('',#1244,1.04E0);
#1246=CARTESIAN_POINT('',(-3.04E0,3.04E0,-9.79E0));
#1247=LINE('',#1246,#1245);
#1248=DIRECTION('',(-1.E0,0.E0,0.E0));
#1249=VECTOR('',#1248,1.04E0);
#1250=CARTESIAN_POINT('',(-2.E0,3.04E0,-9.79E0));
#1251=LINE('',#1250,#1249);
#1252=DIRECTION('',(0.E0,-1.E0,0.E0));
#1253=VECTOR('',#1252,4.6E-1);
#1254=CARTESIAN_POINT('',(-2.E0,3.5E0,-9.79E0));
#1255=LINE('',#1254,#1253);
#1256=DIRECTION('',(1.E0,0.E0,0.E0));
#1257=VECTOR('',#1256,1.246E0);
#1258=CARTESIAN_POINT('',(-3.246E0,3.5E0,-9.79E0));
#1259=LINE('',#1258,#1257);
#1260=DIRECTION('',(7.071067811866E-1,7.071067811865E-1,0.E0));
#1261=VECTOR('',#1260,3.592102448428E-1);
#1262=CARTESIAN_POINT('',(-3.5E0,3.246E0,-9.79E0));
#1263=LINE('',#1262,#1261);
#1264=DIRECTION('',(0.E0,1.E0,0.E0));
#1265=VECTOR('',#1264,6.492E0);
#1266=CARTESIAN_POINT('',(-3.5E0,-3.246E0,-7.87E0));
#1267=LINE('',#1266,#1265);
#1268=DIRECTION('',(0.E0,-1.E0,0.E0));
#1269=VECTOR('',#1268,4.E0);
#1270=CARTESIAN_POINT('',(-3.5E0,2.E0,-9.4E0));
#1271=LINE('',#1270,#1269);
#1272=DIRECTION('',(0.E0,0.E0,1.E0));
#1273=VECTOR('',#1272,3.9E-1);
#1274=CARTESIAN_POINT('',(-3.5E0,2.E0,-9.79E0));
#1275=LINE('',#1274,#1273);
#1276=DIRECTION('',(0.E0,0.E0,1.E0));
#1277=VECTOR('',#1276,1.92E0);
#1278=CARTESIAN_POINT('',(-3.246E0,-3.5E0,-9.79E0));
#1279=LINE('',#1278,#1277);
#1280=DIRECTION('',(0.E0,0.E0,-1.E0));
#1281=VECTOR('',#1280,1.92E0);
#1282=CARTESIAN_POINT('',(-3.5E0,-3.246E0,-7.87E0));
#1283=LINE('',#1282,#1281);
#1284=DIRECTION('',(-1.E0,0.E0,0.E0));
#1285=VECTOR('',#1284,6.492E0);
#1286=CARTESIAN_POINT('',(3.246E0,-3.5E0,-7.87E0));
#1287=LINE('',#1286,#1285);
#1288=DIRECTION('',(1.E0,0.E0,0.E0));
#1289=VECTOR('',#1288,4.E0);
#1290=CARTESIAN_POINT('',(-2.E0,-3.5E0,-9.4E0));
#1291=LINE('',#1290,#1289);
#1292=DIRECTION('',(0.E0,0.E0,1.E0));
#1293=VECTOR('',#1292,3.9E-1);
#1294=CARTESIAN_POINT('',(-2.E0,-3.5E0,-9.79E0));
#1295=LINE('',#1294,#1293);
#1296=DIRECTION('',(0.E0,0.E0,1.E0));
#1297=VECTOR('',#1296,1.92E0);
#1298=CARTESIAN_POINT('',(3.5E0,-3.246E0,-9.79E0));
#1299=LINE('',#1298,#1297);
#1300=DIRECTION('',(0.E0,0.E0,-1.E0));
#1301=VECTOR('',#1300,1.92E0);
#1302=CARTESIAN_POINT('',(3.246E0,-3.5E0,-7.87E0));
#1303=LINE('',#1302,#1301);
#1304=DIRECTION('',(0.E0,1.E0,0.E0));
#1305=VECTOR('',#1304,4.E0);
#1306=CARTESIAN_POINT('',(3.5E0,-2.E0,-9.4E0));
#1307=LINE('',#1306,#1305);
#1308=DIRECTION('',(0.E0,0.E0,1.E0));
#1309=VECTOR('',#1308,3.9E-1);
#1310=CARTESIAN_POINT('',(3.5E0,-2.E0,-9.79E0));
#1311=LINE('',#1310,#1309);
#1312=DIRECTION('',(0.E0,-1.E0,0.E0));
#1313=VECTOR('',#1312,6.492E0);
#1314=CARTESIAN_POINT('',(3.5E0,3.246E0,-7.87E0));
#1315=LINE('',#1314,#1313);
#1316=DIRECTION('',(1.E0,0.E0,0.E0));
#1317=VECTOR('',#1316,1.246E0);
#1318=CARTESIAN_POINT('',(2.E0,3.5E0,-9.79E0));
#1319=LINE('',#1318,#1317);
#1320=DIRECTION('',(0.E0,1.E0,0.E0));
#1321=VECTOR('',#1320,4.6E-1);
#1322=CARTESIAN_POINT('',(2.E0,3.04E0,-9.79E0));
#1323=LINE('',#1322,#1321);
#1324=DIRECTION('',(-1.E0,0.E0,0.E0));
#1325=VECTOR('',#1324,1.04E0);
#1326=CARTESIAN_POINT('',(3.04E0,3.04E0,-9.79E0));
#1327=LINE('',#1326,#1325);
#1328=DIRECTION('',(0.E0,1.E0,0.E0));
#1329=VECTOR('',#1328,1.04E0);
#1330=CARTESIAN_POINT('',(3.04E0,2.E0,-9.79E0));
#1331=LINE('',#1330,#1329);
#1332=DIRECTION('',(-1.E0,0.E0,0.E0));
#1333=VECTOR('',#1332,4.6E-1);
#1334=CARTESIAN_POINT('',(3.5E0,2.E0,-9.79E0));
#1335=LINE('',#1334,#1333);
#1336=DIRECTION('',(0.E0,-1.E0,0.E0));
#1337=VECTOR('',#1336,1.246E0);
#1338=CARTESIAN_POINT('',(3.5E0,3.246E0,-9.79E0));
#1339=LINE('',#1338,#1337);
#1340=DIRECTION('',(7.071067811865E-1,-7.071067811866E-1,0.E0));
#1341=VECTOR('',#1340,3.592102448428E-1);
#1342=CARTESIAN_POINT('',(3.246E0,3.5E0,-9.79E0));
#1343=LINE('',#1342,#1341);
#1344=DIRECTION('',(0.E0,1.E0,0.E0));
#1345=VECTOR('',#1344,1.5E0);
#1346=CARTESIAN_POINT('',(2.E0,2.E0,-9.4E0));
#1347=LINE('',#1346,#1345);
#1348=DIRECTION('',(0.E0,0.E0,1.E0));
#1349=VECTOR('',#1348,4.2E0);
#1350=CARTESIAN_POINT('',(2.E0,2.E0,-1.36E1));
#1351=LINE('',#1350,#1349);
#1352=DIRECTION('',(0.E0,-1.E0,0.E0));
#1353=VECTOR('',#1352,1.04E0);
#1354=CARTESIAN_POINT('',(2.E0,3.04E0,-1.36E1));
#1355=LINE('',#1354,#1353);
#1356=DIRECTION('',(0.E0,0.E0,-1.E0));
#1357=VECTOR('',#1356,3.81E0);
#1358=CARTESIAN_POINT('',(2.E0,3.04E0,-9.79E0));
#1359=LINE('',#1358,#1357);
#1360=DIRECTION('',(0.E0,0.E0,-1.E0));
#1361=VECTOR('',#1360,3.819E0);
#1362=CARTESIAN_POINT('',(0.E0,-6.35E-1,-9.4E0));
#1363=LINE('',#1362,#1361);
#1364=DIRECTION('',(0.E0,0.E0,1.E0));
#1365=VECTOR('',#1364,3.819E0);
#1366=CARTESIAN_POINT('',(0.E0,6.35E-1,-1.3219E1));
#1367=LINE('',#1366,#1365);
#1368=CARTESIAN_POINT('',(0.E0,0.E0,-9.4E0));
#1369=DIRECTION('',(0.E0,0.E0,1.E0));
#1370=DIRECTION('',(0.E0,1.E0,0.E0));
#1371=AXIS2_PLACEMENT_3D('',#1368,#1369,#1370);
#1373=CARTESIAN_POINT('',(0.E0,0.E0,-9.4E0));
#1374=DIRECTION('',(0.E0,0.E0,1.E0));
#1375=DIRECTION('',(0.E0,-1.E0,0.E0));
#1376=AXIS2_PLACEMENT_3D('',#1373,#1374,#1375);
#1378=CARTESIAN_POINT('',(0.E0,0.E0,-1.3219E1));
#1379=DIRECTION('',(0.E0,0.E0,1.E0));
#1380=DIRECTION('',(0.E0,-1.E0,0.E0));
#1381=AXIS2_PLACEMENT_3D('',#1378,#1379,#1380);
#1383=CARTESIAN_POINT('',(0.E0,0.E0,-1.3219E1));
#1384=DIRECTION('',(0.E0,0.E0,1.E0));
#1385=DIRECTION('',(0.E0,1.E0,0.E0));
#1386=AXIS2_PLACEMENT_3D('',#1383,#1384,#1385);
#1388=DIRECTION('',(-1.E0,0.E0,0.E0));
#1389=VECTOR('',#1388,1.5E0);
#1390=CARTESIAN_POINT('',(-2.E0,2.E0,-9.4E0));
#1391=LINE('',#1390,#1389);
#1392=DIRECTION('',(0.E0,0.E0,1.E0));
#1393=VECTOR('',#1392,4.2E0);
#1394=CARTESIAN_POINT('',(-2.E0,2.E0,-1.36E1));
#1395=LINE('',#1394,#1393);
#1396=DIRECTION('',(1.E0,0.E0,0.E0));
#1397=VECTOR('',#1396,1.04E0);
#1398=CARTESIAN_POINT('',(-3.04E0,2.E0,-1.36E1));
#1399=LINE('',#1398,#1397);
#1400=DIRECTION('',(0.E0,0.E0,-1.E0));
#1401=VECTOR('',#1400,3.81E0);
#1402=CARTESIAN_POINT('',(-3.04E0,2.E0,-9.79E0));
#1403=LINE('',#1402,#1401);
#1404=DIRECTION('',(0.E0,-1.E0,0.E0));
#1405=VECTOR('',#1404,1.5E0);
#1406=CARTESIAN_POINT('',(-2.E0,3.5E0,-9.4E0));
#1407=LINE('',#1406,#1405);
#1408=DIRECTION('',(0.E0,0.E0,1.E0));
#1409=VECTOR('',#1408,3.9E-1);
#1410=CARTESIAN_POINT('',(-2.E0,3.5E0,-9.79E0));
#1411=LINE('',#1410,#1409);
#1412=DIRECTION('',(0.E0,1.E0,0.E0));
#1413=VECTOR('',#1412,1.04E0);
#1414=CARTESIAN_POINT('',(-2.E0,2.E0,-1.36E1));
#1415=LINE('',#1414,#1413);
#1416=DIRECTION('',(-1.E0,0.E0,0.E0));
#1417=VECTOR('',#1416,1.04E0);
#1418=CARTESIAN_POINT('',(-2.E0,3.04E0,-1.36E1));
#1419=LINE('',#1418,#1417);
#1420=DIRECTION('',(0.E0,0.E0,-1.E0));
#1421=VECTOR('',#1420,3.81E0);
#1422=CARTESIAN_POINT('',(-2.E0,3.04E0,-9.79E0));
#1423=LINE('',#1422,#1421);
#1424=DIRECTION('',(0.E0,-1.E0,0.E0));
#1425=VECTOR('',#1424,1.04E0);
#1426=CARTESIAN_POINT('',(-3.04E0,3.04E0,-1.36E1));
#1427=LINE('',#1426,#1425);
#1428=DIRECTION('',(0.E0,0.E0,-1.E0));
#1429=VECTOR('',#1428,3.81E0);
#1430=CARTESIAN_POINT('',(-3.04E0,3.04E0,-9.79E0));
#1431=LINE('',#1430,#1429);
#1432=DIRECTION('',(1.E0,0.E0,0.E0));
#1433=VECTOR('',#1432,1.5E0);
#1434=CARTESIAN_POINT('',(-3.5E0,-2.E0,-9.4E0));
#1435=LINE('',#1434,#1433);
#1436=DIRECTION('',(0.E0,0.E0,1.E0));
#1437=VECTOR('',#1436,3.9E-1);
#1438=CARTESIAN_POINT('',(-3.5E0,-2.E0,-9.79E0));
#1439=LINE('',#1438,#1437);
#1440=DIRECTION('',(-1.E0,0.E0,0.E0));
#1441=VECTOR('',#1440,1.04E0);
#1442=CARTESIAN_POINT('',(-2.E0,-2.E0,-1.36E1));
#1443=LINE('',#1442,#1441);
#1444=DIRECTION('',(0.E0,-1.E0,0.E0));
#1445=VECTOR('',#1444,1.5E0);
#1446=CARTESIAN_POINT('',(-2.E0,-2.E0,-9.4E0));
#1447=LINE('',#1446,#1445);
#1448=DIRECTION('',(0.E0,0.E0,1.E0));
#1449=VECTOR('',#1448,4.2E0);
#1450=CARTESIAN_POINT('',(-2.E0,-2.E0,-1.36E1));
#1451=LINE('',#1450,#1449);
#1452=DIRECTION('',(0.E0,1.E0,0.E0));
#1453=VECTOR('',#1452,1.04E0);
#1454=CARTESIAN_POINT('',(-2.E0,-3.04E0,-1.36E1));
#1455=LINE('',#1454,#1453);
#1456=DIRECTION('',(0.E0,0.E0,-1.E0));
#1457=VECTOR('',#1456,3.81E0);
#1458=CARTESIAN_POINT('',(-2.E0,-3.04E0,-9.79E0));
#1459=LINE('',#1458,#1457);
#1460=DIRECTION('',(-1.E0,0.E0,0.E0));
#1461=VECTOR('',#1460,1.246E0);
#1462=CARTESIAN_POINT('',(-2.E0,-3.5E0,-9.79E0));
#1463=LINE('',#1462,#1461);
#1464=DIRECTION('',(0.E0,-1.E0,0.E0));
#1465=VECTOR('',#1464,4.6E-1);
#1466=CARTESIAN_POINT('',(-2.E0,-3.04E0,-9.79E0));
#1467=LINE('',#1466,#1465);
#1468=DIRECTION('',(1.E0,0.E0,0.E0));
#1469=VECTOR('',#1468,1.04E0);
#1470=CARTESIAN_POINT('',(-3.04E0,-3.04E0,-9.79E0));
#1471=LINE('',#1470,#1469);
#1472=DIRECTION('',(0.E0,-1.E0,0.E0));
#1473=VECTOR('',#1472,1.04E0);
#1474=CARTESIAN_POINT('',(-3.04E0,-2.E0,-9.79E0));
#1475=LINE('',#1474,#1473);
#1476=DIRECTION('',(1.E0,0.E0,0.E0));
#1477=VECTOR('',#1476,4.6E-1);
#1478=CARTESIAN_POINT('',(-3.5E0,-2.E0,-9.79E0));
#1479=LINE('',#1478,#1477);
#1480=DIRECTION('',(0.E0,1.E0,0.E0));
#1481=VECTOR('',#1480,1.246E0);
#1482=CARTESIAN_POINT('',(-3.5E0,-3.246E0,-9.79E0));
#1483=LINE('',#1482,#1481);
#1484=DIRECTION('',(-7.071067811865E-1,7.071067811866E-1,0.E0));
#1485=VECTOR('',#1484,3.592102448428E-1);
#1486=CARTESIAN_POINT('',(-3.246E0,-3.5E0,-9.79E0));
#1487=LINE('',#1486,#1485);
#1488=DIRECTION('',(1.E0,0.E0,0.E0));
#1489=VECTOR('',#1488,1.04E0);
#1490=CARTESIAN_POINT('',(-3.04E0,-3.04E0,-1.36E1));
#1491=LINE('',#1490,#1489);
#1492=DIRECTION('',(0.E0,0.E0,-1.E0));
#1493=VECTOR('',#1492,3.81E0);
#1494=CARTESIAN_POINT('',(-3.04E0,-3.04E0,-9.79E0));
#1495=LINE('',#1494,#1493);
#1496=DIRECTION('',(0.E0,-1.E0,0.E0));
#1497=VECTOR('',#1496,1.04E0);
#1498=CARTESIAN_POINT('',(-3.04E0,-2.E0,-1.36E1));
#1499=LINE('',#1498,#1497);
#1500=DIRECTION('',(0.E0,0.E0,-1.E0));
#1501=VECTOR('',#1500,3.81E0);
#1502=CARTESIAN_POINT('',(-3.04E0,-2.E0,-9.79E0));
#1503=LINE('',#1502,#1501);
#1504=DIRECTION('',(0.E0,1.E0,0.E0));
#1505=VECTOR('',#1504,1.5E0);
#1506=CARTESIAN_POINT('',(2.E0,-3.5E0,-9.4E0));
#1507=LINE('',#1506,#1505);
#1508=DIRECTION('',(0.E0,0.E0,1.E0));
#1509=VECTOR('',#1508,3.9E-1);
#1510=CARTESIAN_POINT('',(2.E0,-3.5E0,-9.79E0));
#1511=LINE('',#1510,#1509);
#1512=DIRECTION('',(0.E0,-1.E0,0.E0));
#1513=VECTOR('',#1512,1.04E0);
#1514=CARTESIAN_POINT('',(2.E0,-2.E0,-1.36E1));
#1515=LINE('',#1514,#1513);
#1516=DIRECTION('',(1.E0,0.E0,0.E0));
#1517=VECTOR('',#1516,1.5E0);
#1518=CARTESIAN_POINT('',(2.E0,-2.E0,-9.4E0));
#1519=LINE('',#1518,#1517);
#1520=DIRECTION('',(0.E0,0.E0,1.E0));
#1521=VECTOR('',#1520,4.2E0);
#1522=CARTESIAN_POINT('',(2.E0,-2.E0,-1.36E1));
#1523=LINE('',#1522,#1521);
#1524=DIRECTION('',(-1.E0,0.E0,0.E0));
#1525=VECTOR('',#1524,1.04E0);
#1526=CARTESIAN_POINT('',(3.04E0,-2.E0,-1.36E1));
#1527=LINE('',#1526,#1525);
#1528=DIRECTION('',(0.E0,0.E0,-1.E0));
#1529=VECTOR('',#1528,3.81E0);
#1530=CARTESIAN_POINT('',(3.04E0,-2.E0,-9.79E0));
#1531=LINE('',#1530,#1529);
#1532=DIRECTION('',(0.E0,-1.E0,0.E0));
#1533=VECTOR('',#1532,1.246E0);
#1534=CARTESIAN_POINT('',(3.5E0,-2.E0,-9.79E0));
#1535=LINE('',#1534,#1533);
#1536=DIRECTION('',(1.E0,0.E0,0.E0));
#1537=VECTOR('',#1536,4.6E-1);
#1538=CARTESIAN_POINT('',(3.04E0,-2.E0,-9.79E0));
#1539=LINE('',#1538,#1537);
#1540=DIRECTION('',(0.E0,1.E0,0.E0));
#1541=VECTOR('',#1540,1.04E0);
#1542=CARTESIAN_POINT('',(3.04E0,-3.04E0,-9.79E0));
#1543=LINE('',#1542,#1541);
#1544=DIRECTION('',(1.E0,0.E0,0.E0));
#1545=VECTOR('',#1544,1.04E0);
#1546=CARTESIAN_POINT('',(2.E0,-3.04E0,-9.79E0));
#1547=LINE('',#1546,#1545);
#1548=DIRECTION('',(0.E0,1.E0,0.E0));
#1549=VECTOR('',#1548,4.6E-1);
#1550=CARTESIAN_POINT('',(2.E0,-3.5E0,-9.79E0));
#1551=LINE('',#1550,#1549);
#1552=DIRECTION('',(-1.E0,0.E0,0.E0));
#1553=VECTOR('',#1552,1.246E0);
#1554=CARTESIAN_POINT('',(3.246E0,-3.5E0,-9.79E0));
#1555=LINE('',#1554,#1553);
#1556=DIRECTION('',(-7.071067811866E-1,-7.071067811865E-1,0.E0));
#1557=VECTOR('',#1556,3.592102448428E-1);
#1558=CARTESIAN_POINT('',(3.5E0,-3.246E0,-9.79E0));
#1559=LINE('',#1558,#1557);
#1560=DIRECTION('',(0.E0,1.E0,0.E0));
#1561=VECTOR('',#1560,1.04E0);
#1562=CARTESIAN_POINT('',(3.04E0,-3.04E0,-1.36E1));
#1563=LINE('',#1562,#1561);
#1564=DIRECTION('',(0.E0,0.E0,-1.E0));
#1565=VECTOR('',#1564,3.81E0);
#1566=CARTESIAN_POINT('',(3.04E0,-3.04E0,-9.79E0));
#1567=LINE('',#1566,#1565);
#1568=DIRECTION('',(1.E0,0.E0,0.E0));
#1569=VECTOR('',#1568,1.04E0);
#1570=CARTESIAN_POINT('',(2.E0,-3.04E0,-1.36E1));
#1571=LINE('',#1570,#1569);
#1572=DIRECTION('',(0.E0,0.E0,-1.E0));
#1573=VECTOR('',#1572,3.81E0);
#1574=CARTESIAN_POINT('',(2.E0,-3.04E0,-9.79E0));
#1575=LINE('',#1574,#1573);
#1576=DIRECTION('',(-1.E0,0.E0,0.E0));
#1577=VECTOR('',#1576,1.5E0);
#1578=CARTESIAN_POINT('',(3.5E0,2.E0,-9.4E0));
#1579=LINE('',#1578,#1577);
#1580=DIRECTION('',(0.E0,0.E0,1.E0));
#1581=VECTOR('',#1580,3.9E-1);
#1582=CARTESIAN_POINT('',(3.5E0,2.E0,-9.79E0));
#1583=LINE('',#1582,#1581);
#1584=DIRECTION('',(1.E0,0.E0,0.E0));
#1585=VECTOR('',#1584,1.04E0);
#1586=CARTESIAN_POINT('',(2.E0,2.E0,-1.36E1));
#1587=LINE('',#1586,#1585);
#1588=DIRECTION('',(0.E0,1.E0,0.E0));
#1589=VECTOR('',#1588,1.04E0);
#1590=CARTESIAN_POINT('',(3.04E0,2.E0,-1.36E1));
#1591=LINE('',#1590,#1589);
#1592=DIRECTION('',(0.E0,0.E0,-1.E0));
#1593=VECTOR('',#1592,3.81E0);
#1594=CARTESIAN_POINT('',(3.04E0,2.E0,-9.79E0));
#1595=LINE('',#1594,#1593);
#1596=DIRECTION('',(-1.E0,0.E0,0.E0));
#1597=VECTOR('',#1596,1.04E0);
#1598=CARTESIAN_POINT('',(3.04E0,3.04E0,-1.36E1));
#1599=LINE('',#1598,#1597);
#1600=DIRECTION('',(0.E0,0.E0,-1.E0));
#1601=VECTOR('',#1600,3.81E0);
#1602=CARTESIAN_POINT('',(3.04E0,3.04E0,-9.79E0));
#1603=LINE('',#1602,#1601);
#1604=DIRECTION('',(0.E0,0.E0,1.E0));
#1605=VECTOR('',#1604,1.92E0);
#1606=CARTESIAN_POINT('',(3.246E0,3.5E0,-9.79E0));
#1607=LINE('',#1606,#1605);
#1608=DIRECTION('',(0.E0,0.E0,-1.E0));
#1609=VECTOR('',#1608,1.92E0);
#1610=CARTESIAN_POINT('',(3.5E0,3.246E0,-7.87E0));
#1611=LINE('',#1610,#1609);
#1612=DIRECTION('',(0.E0,0.E0,1.E0));
#1613=VECTOR('',#1612,1.92E0);
#1614=CARTESIAN_POINT('',(-3.5E0,3.246E0,-9.79E0));
#1615=LINE('',#1614,#1613);
#1616=DIRECTION('',(0.E0,0.E0,-1.E0));
#1617=VECTOR('',#1616,1.92E0);
#1618=CARTESIAN_POINT('',(-3.246E0,3.5E0,-7.87E0));
#1619=LINE('',#1618,#1617);
#1620=DIRECTION('',(0.E0,0.E0,1.E0));
#1621=VECTOR('',#1620,2.54E0);
#1622=CARTESIAN_POINT('',(0.E0,5.E-1,-2.54E0));
#1623=LINE('',#1622,#1621);
#1624=DIRECTION('',(0.E0,0.E0,-1.E0));
#1625=VECTOR('',#1624,2.54E0);
#1626=CARTESIAN_POINT('',(0.E0,-5.E-1,0.E0));
#1627=LINE('',#1626,#1625);
#1628=CARTESIAN_POINT('',(0.E0,0.E0,0.E0));
#1629=DIRECTION('',(0.E0,0.E0,-1.E0));
#1630=DIRECTION('',(0.E0,1.E0,0.E0));
#1631=AXIS2_PLACEMENT_3D('',#1628,#1629,#1630);
#1633=CARTESIAN_POINT('',(0.E0,0.E0,0.E0));
#1634=DIRECTION('',(0.E0,0.E0,-1.E0));
#1635=DIRECTION('',(0.E0,-1.E0,0.E0));
#1636=AXIS2_PLACEMENT_3D('',#1633,#1634,#1635);
#1638=CARTESIAN_POINT('',(-2.E0,2.E0,-9.4E0));
#1639=CARTESIAN_POINT('',(-3.5E0,2.E0,-9.4E0));
#1640=VERTEX_POINT('',#1638);
#1641=VERTEX_POINT('',#1639);
#1642=CARTESIAN_POINT('',(0.E0,-2.69E0,-7.62E-1));
#1643=CARTESIAN_POINT('',(0.E0,2.69E0,-7.62E-1));
#1644=VERTEX_POINT('',#1642);
#1645=VERTEX_POINT('',#1643);
#1646=CARTESIAN_POINT('',(-3.5E0,2.E0,-9.79E0));
#1647=VERTEX_POINT('',#1646);
#1648=VERTEX_POINT('',#883);
#1649=VERTEX_POINT('',#903);
#1650=CARTESIAN_POINT('',(0.E0,-2.286E0,0.E0));
#1651=CARTESIAN_POINT('',(0.E0,2.286E0,0.E0));
#1652=VERTEX_POINT('',#1650);
#1653=VERTEX_POINT('',#1651);
#1654=VERTEX_POINT('',#221);
#1655=VERTEX_POINT('',#226);
#1656=CARTESIAN_POINT('',(-3.246E0,3.5E0,-7.87E0));
#1657=CARTESIAN_POINT('',(-3.5E0,3.246E0,-7.87E0));
#1658=VERTEX_POINT('',#1656);
#1659=VERTEX_POINT('',#1657);
#1660=CARTESIAN_POINT('',(0.E0,2.793106854861E0,-4.512471229591E0));
#1661=CARTESIAN_POINT('',(-1.333127271095E0,2.454428157786E0,
-4.512471229591E0));
#1662=VERTEX_POINT('',#1660);
#1663=VERTEX_POINT('',#1661);
#1664=VERTEX_POINT('',#1075);
#1665=VERTEX_POINT('',#1095);
#1666=CARTESIAN_POINT('',(-6.253398787362E-7,-3.174997918522E0,
-1.702298250368E0));
#1667=CARTESIAN_POINT('',(7.918509650788E-7,-3.174994732071E0,
-1.614055904121E0));
#1668=VERTEX_POINT('',#1666);
#1669=VERTEX_POINT('',#1667);
#1670=CARTESIAN_POINT('',(2.787232708960E0,1.520512685283E0,-4.291985119443E0));
#1671=CARTESIAN_POINT('',(3.040160905548E0,-9.154488890030E-1,
-4.291985119443E0));
#1672=VERTEX_POINT('',#1670);
#1673=VERTEX_POINT('',#1671);
#1674=CARTESIAN_POINT('',(2.527109881697E-9,3.174999991554E0,
-1.349500083180E0));
#1675=CARTESIAN_POINT('',(1.746299505595E-8,3.175E0,-1.261305554919E0));
#1676=VERTEX_POINT('',#1674);
#1677=VERTEX_POINT('',#1675);
#1678=VERTEX_POINT('',#979);
#1679=VERTEX_POINT('',#999);
#1680=VERTEX_POINT('',#228);
#1681=CARTESIAN_POINT('',(-3.04E0,-3.04E0,-1.36E1));
#1682=CARTESIAN_POINT('',(-2.E0,-3.04E0,-1.36E1));
#1683=VERTEX_POINT('',#1681);
#1684=VERTEX_POINT('',#1682);
#1685=CARTESIAN_POINT('',(-3.5E0,-3.246E0,-7.87E0));
#1686=CARTESIAN_POINT('',(-3.5E0,-3.246E0,-9.79E0));
#1687=VERTEX_POINT('',#1685);
#1688=VERTEX_POINT('',#1686);
#1689=CARTESIAN_POINT('',(-2.E0,3.04E0,-9.79E0));
#1690=CARTESIAN_POINT('',(-3.04E0,3.04E0,-9.79E0));
#1691=VERTEX_POINT('',#1689);
#1692=VERTEX_POINT('',#1690);
#1693=CARTESIAN_POINT('',(0.E0,2.69E0,-4.572E0));
#1694=VERTEX_POINT('',#1693);
#1695=CARTESIAN_POINT('',(0.E0,-2.69E0,0.E0));
#1696=VERTEX_POINT('',#1695);
#1697=CARTESIAN_POINT('',(4.716548669357E-7,-3.174996857409E0,
-2.319622525197E0));
#1698=VERTEX_POINT('',#1697);
#1699=CARTESIAN_POINT('',(3.246E0,-3.5E0,-7.87E0));
#1700=CARTESIAN_POINT('',(3.5E0,-3.246E0,-7.87E0));
#1701=VERTEX_POINT('',#1699);
#1702=VERTEX_POINT('',#1700);
#1703=VERTEX_POINT('',#759);
#1704=CARTESIAN_POINT('',(3.5E0,2.E0,-9.4E0));
#1705=CARTESIAN_POINT('',(2.E0,2.E0,-9.4E0));
#1706=VERTEX_POINT('',#1704);
#1707=VERTEX_POINT('',#1705);
#1708=CARTESIAN_POINT('',(2.E0,3.5E0,-9.4E0));
#1709=VERTEX_POINT('',#1708);
#1710=CARTESIAN_POINT('',(2.E0,-3.5E0,-9.79E0));
#1711=CARTESIAN_POINT('',(2.E0,-3.04E0,-9.79E0));
#1712=VERTEX_POINT('',#1710);
#1713=VERTEX_POINT('',#1711);
#1714=CARTESIAN_POINT('',(-2.938999280222E0,-1.201211151653E0,
-1.042014880557E0));
#1715=VERTEX_POINT('',#1714);
#1716=CARTESIAN_POINT('',(3.04E0,-3.04E0,-1.36E1));
#1717=CARTESIAN_POINT('',(3.04E0,-2.E0,-1.36E1));
#1718=VERTEX_POINT('',#1716);
#1719=VERTEX_POINT('',#1717);
#1720=CARTESIAN_POINT('',(-3.04E0,3.04E0,-1.36E1));
#1721=VERTEX_POINT('',#1720);
#1722=CARTESIAN_POINT('',(-2.E0,-3.04E0,-9.79E0));
#1723=VERTEX_POINT('',#1722);
#1724=CARTESIAN_POINT('',(3.5E0,3.246E0,-9.79E0));
#1725=CARTESIAN_POINT('',(3.5E0,2.E0,-9.79E0));
#1726=VERTEX_POINT('',#1724);
#1727=VERTEX_POINT('',#1725);
#1728=CARTESIAN_POINT('',(3.5E0,3.246E0,-7.87E0));
#1729=VERTEX_POINT('',#1728);
#1730=VERTEX_POINT('',#953);
#1731=VERTEX_POINT('',#973);
#1732=CARTESIAN_POINT('',(0.E0,2.69E0,0.E0));
#1733=VERTEX_POINT('',#1732);
#1734=VERTEX_POINT('',#1149);
#1735=VERTEX_POINT('',#1158);
#1736=CARTESIAN_POINT('',(0.E0,-2.69E0,-4.572E0));
#1737=VERTEX_POINT('',#1736);
#1738=CARTESIAN_POINT('',(3.04E0,3.04E0,-9.79E0));
#1739=CARTESIAN_POINT('',(2.E0,3.04E0,-9.79E0));
#1740=VERTEX_POINT('',#1738);
#1741=VERTEX_POINT('',#1739);
#1742=CARTESIAN_POINT('',(2.E0,2.E0,-1.36E1));
#1743=VERTEX_POINT('',#1742);
#1744=CARTESIAN_POINT('',(3.04E0,2.E0,-9.79E0));
#1745=CARTESIAN_POINT('',(3.04E0,2.E0,-1.36E1));
#1746=VERTEX_POINT('',#1744);
#1747=VERTEX_POINT('',#1745);
#1748=VERTEX_POINT('',#653);
#1749=CARTESIAN_POINT('',(-3.246E0,-3.5E0,-7.87E0));
#1750=VERTEX_POINT('',#1749);
#1751=CARTESIAN_POINT('',(-3.5E0,3.246E0,-9.79E0));
#1752=VERTEX_POINT('',#1751);
#1753=CARTESIAN_POINT('',(-2.E0,-2.E0,-1.36E1));
#1754=CARTESIAN_POINT('',(-3.04E0,-2.E0,-1.36E1));
#1755=VERTEX_POINT('',#1753);
#1756=VERTEX_POINT('',#1754);
#1757=CARTESIAN_POINT('',(3.246E0,-3.5E0,-9.79E0));
#1758=VERTEX_POINT('',#1757);
#1759=VERTEX_POINT('',#723);
#1760=VERTEX_POINT('',#252);
#1761=CARTESIAN_POINT('',(0.E0,2.69E0,-7.87E0));
#1762=CARTESIAN_POINT('',(0.E0,-2.69E0,-7.87E0));
#1763=VERTEX_POINT('',#1761);
#1764=VERTEX_POINT('',#1762);
#1765=CARTESIAN_POINT('',(-2.E0,2.E0,-1.36E1));
#1766=VERTEX_POINT('',#1765);
#1767=VERTEX_POINT('',#685);
#1768=CARTESIAN_POINT('',(2.E0,3.04E0,-1.36E1));
#1769=VERTEX_POINT('',#1768);
#1770=CARTESIAN_POINT('',(-3.04E0,2.E0,-9.79E0));
#1771=VERTEX_POINT('',#1770);
#1772=CARTESIAN_POINT('',(2.E0,-3.04E0,-1.36E1));
#1773=VERTEX_POINT('',#1772);
#1774=CARTESIAN_POINT('',(-2.E0,3.5E0,-9.79E0));
#1775=VERTEX_POINT('',#1774);
#1776=CARTESIAN_POINT('',(-3.246E0,3.5E0,-9.79E0));
#1777=VERTEX_POINT('',#1776);
#1778=CARTESIAN_POINT('',(2.449991520504E0,1.341263379106E0,-4.512471229591E0));
#1779=VERTEX_POINT('',#1778);
#1780=VERTEX_POINT('',#683);
#1781=CARTESIAN_POINT('',(-3.04E0,-2.E0,-9.79E0));
#1782=CARTESIAN_POINT('',(-3.04E0,-3.04E0,-9.79E0));
#1783=VERTEX_POINT('',#1781);
#1784=VERTEX_POINT('',#1782);
#1785=CARTESIAN_POINT('',(2.E0,3.5E0,-9.79E0));
#1786=CARTESIAN_POINT('',(3.246E0,3.5E0,-9.79E0));
#1787=VERTEX_POINT('',#1785);
#1788=VERTEX_POINT('',#1786);
#1789=CARTESIAN_POINT('',(2.E0,-2.E0,-1.36E1));
#1790=VERTEX_POINT('',#1789);
#1791=CARTESIAN_POINT('',(-3.5E0,-2.E0,-9.4E0));
#1792=VERTEX_POINT('',#1791);
#1793=CARTESIAN_POINT('',(3.04E0,-3.04E0,-9.79E0));
#1794=CARTESIAN_POINT('',(3.04E0,-2.E0,-9.79E0));
#1795=VERTEX_POINT('',#1793);
#1796=VERTEX_POINT('',#1794);
#1797=CARTESIAN_POINT('',(-2.E0,3.5E0,-9.4E0));
#1798=VERTEX_POINT('',#1797);
#1799=VERTEX_POINT('',#857);
#1800=CARTESIAN_POINT('',(3.04E0,3.04E0,-1.36E1));
#1801=VERTEX_POINT('',#1800);
#1802=CARTESIAN_POINT('',(-2.E0,3.04E0,-1.36E1));
#1803=VERTEX_POINT('',#1802);
#1804=CARTESIAN_POINT('',(-4.513435120340E-7,-3.175003004970E0,
-3.730765643335E0));
#1805=VERTEX_POINT('',#1804);
#1806=CARTESIAN_POINT('',(2.E0,-3.5E0,-9.4E0));
#1807=CARTESIAN_POINT('',(2.E0,-2.E0,-9.4E0));
#1808=VERTEX_POINT('',#1806);
#1809=VERTEX_POINT('',#1807);
#1810=CARTESIAN_POINT('',(-2.E0,-3.5E0,-9.79E0));
#1811=CARTESIAN_POINT('',(-2.E0,-3.5E0,-9.4E0));
#1812=VERTEX_POINT('',#1810);
#1813=VERTEX_POINT('',#1811);
#1814=CARTESIAN_POINT('',(3.5E0,-3.246E0,-9.79E0));
#1815=VERTEX_POINT('',#1814);
#1816=CARTESIAN_POINT('',(3.246E0,3.5E0,-7.87E0));
#1817=VERTEX_POINT('',#1816);
#1818=CARTESIAN_POINT('',(3.5E0,-2.E0,-9.79E0));
#1819=VERTEX_POINT('',#1818);
#1820=CARTESIAN_POINT('',(-2.E0,-2.E0,-9.4E0));
#1821=VERTEX_POINT('',#1820);
#1822=VERTEX_POINT('',#1049);
#1823=CARTESIAN_POINT('',(3.5E0,-2.E0,-9.4E0));
#1824=VERTEX_POINT('',#1823);
#1825=CARTESIAN_POINT('',(-3.246E0,-3.5E0,-9.79E0));
#1826=VERTEX_POINT('',#1825);
#1827=CARTESIAN_POINT('',(-3.04E0,2.E0,-1.36E1));
#1828=VERTEX_POINT('',#1827);
#1829=CARTESIAN_POINT('',(-3.5E0,-2.E0,-9.79E0));
#1830=VERTEX_POINT('',#1829);
#1831=CARTESIAN_POINT('',(0.E0,-2.286E0,-2.54E0));
#1832=CARTESIAN_POINT('',(0.E0,2.286E0,-2.54E0));
#1833=VERTEX_POINT('',#1831);
#1834=VERTEX_POINT('',#1832);
#1835=CARTESIAN_POINT('',(0.E0,6.35E-1,-9.4E0));
#1836=CARTESIAN_POINT('',(0.E0,-6.35E-1,-9.4E0));
#1837=VERTEX_POINT('',#1835);
#1838=VERTEX_POINT('',#1836);
#1839=CARTESIAN_POINT('',(0.E0,-5.E-1,-2.54E0));
#1840=CARTESIAN_POINT('',(0.E0,5.E-1,-2.54E0));
#1841=VERTEX_POINT('',#1839);
#1842=VERTEX_POINT('',#1840);
#1843=CARTESIAN_POINT('',(0.E0,6.35E-1,-1.3219E1));
#1844=CARTESIAN_POINT('',(0.E0,-6.35E-1,-1.3219E1));
#1845=VERTEX_POINT('',#1843);
#1846=VERTEX_POINT('',#1844);
#1847=CARTESIAN_POINT('',(0.E0,-5.E-1,0.E0));
#1848=CARTESIAN_POINT('',(0.E0,5.E-1,0.E0));
#1849=VERTEX_POINT('',#1847);
#1850=VERTEX_POINT('',#1848);
#1851=CARTESIAN_POINT('',(0.E0,0.E0,0.E0));
#1852=DIRECTION('',(0.E0,0.E0,-1.E0));
#1853=DIRECTION('',(0.E0,1.E0,0.E0));
#1854=AXIS2_PLACEMENT_3D('',#1851,#1852,#1853);
#1855=CYLINDRICAL_SURFACE('',#1854,2.286E0);
#1857=ORIENTED_EDGE('',*,*,#1856,.F.);
#1859=ORIENTED_EDGE('',*,*,#1858,.T.);
#1861=ORIENTED_EDGE('',*,*,#1860,.T.);
#1863=ORIENTED_EDGE('',*,*,#1862,.F.);
#1864=EDGE_LOOP('',(#1857,#1859,#1861,#1863));
#1865=FACE_OUTER_BOUND('',#1864,.F.);
#1867=CARTESIAN_POINT('',(0.E0,0.E0,-2.54E0));
#1868=DIRECTION('',(0.E0,0.E0,1.E0));
#1869=DIRECTION('',(0.E0,-1.E0,0.E0));
#1870=AXIS2_PLACEMENT_3D('',#1867,#1868,#1869);
#1871=PLANE('',#1870);
#1872=ORIENTED_EDGE('',*,*,#1856,.T.);
#1874=ORIENTED_EDGE('',*,*,#1873,.T.);
#1875=EDGE_LOOP('',(#1872,#1874));
#1876=FACE_OUTER_BOUND('',#1875,.F.);
#1878=ORIENTED_EDGE('',*,*,#1877,.F.);
#1880=ORIENTED_EDGE('',*,*,#1879,.F.);
#1881=EDGE_LOOP('',(#1878,#1880));
#1882=FACE_BOUND('',#1881,.F.);
#1884=CARTESIAN_POINT('',(0.E0,0.E0,0.E0));
#1885=DIRECTION('',(0.E0,0.E0,-1.E0));
#1886=DIRECTION('',(0.E0,1.E0,0.E0));
#1887=AXIS2_PLACEMENT_3D('',#1884,#1885,#1886);
#1888=CYLINDRICAL_SURFACE('',#1887,2.286E0);
#1889=ORIENTED_EDGE('',*,*,#1873,.F.);
#1890=ORIENTED_EDGE('',*,*,#1862,.T.);
#1892=ORIENTED_EDGE('',*,*,#1891,.T.);
#1893=ORIENTED_EDGE('',*,*,#1858,.F.);
#1894=EDGE_LOOP('',(#1889,#1890,#1892,#1893));
#1895=FACE_OUTER_BOUND('',#1894,.F.);
#1897=CARTESIAN_POINT('',(0.E0,0.E0,0.E0));
#1898=DIRECTION('',(0.E0,0.E0,1.E0));
#1899=DIRECTION('',(0.E0,-1.E0,0.E0));
#1900=AXIS2_PLACEMENT_3D('',#1897,#1898,#1899);
#1901=PLANE('',#1900);
#1903=ORIENTED_EDGE('',*,*,#1902,.F.);
#1905=ORIENTED_EDGE('',*,*,#1904,.F.);
#1906=EDGE_LOOP('',(#1903,#1905));
#1907=FACE_OUTER_BOUND('',#1906,.F.);
#1908=ORIENTED_EDGE('',*,*,#1891,.F.);
#1909=ORIENTED_EDGE('',*,*,#1860,.F.);
#1910=EDGE_LOOP('',(#1908,#1909));
#1911=FACE_BOUND('',#1910,.F.);
#1913=CARTESIAN_POINT('',(0.E0,0.E0,-1.127610255218E1));
#1914=DIRECTION('',(0.E0,0.E0,-1.E0));
#1915=DIRECTION('',(0.E0,1.E0,0.E0));
#1916=AXIS2_PLACEMENT_3D('',#1913,#1914,#1915);
#1917=CYLINDRICAL_SURFACE('',#1916,2.69E0);
#1918=ORIENTED_EDGE('',*,*,#1902,.T.);
#1920=ORIENTED_EDGE('',*,*,#1919,.F.);
#1922=ORIENTED_EDGE('',*,*,#1921,.T.);
#1924=ORIENTED_EDGE('',*,*,#1923,.T.);
#1925=EDGE_LOOP('',(#1918,#1920,#1922,#1924));
#1926=FACE_OUTER_BOUND('',#1925,.F.);
#1928=CARTESIAN_POINT('',(0.E0,0.E0,-1.127610255218E1));
#1929=DIRECTION('',(0.E0,0.E0,-1.E0));
#1930=DIRECTION('',(0.E0,1.E0,0.E0));
#1931=AXIS2_PLACEMENT_3D('',#1928,#1929,#1930);
#1932=CYLINDRICAL_SURFACE('',#1931,2.69E0);
#1933=ORIENTED_EDGE('',*,*,#1923,.F.);
#1935=ORIENTED_EDGE('',*,*,#1934,.T.);
#1936=ORIENTED_EDGE('',*,*,#1919,.T.);
#1937=ORIENTED_EDGE('',*,*,#1904,.T.);
#1938=EDGE_LOOP('',(#1933,#1935,#1936,#1937));
#1939=FACE_OUTER_BOUND('',#1938,.F.);
#1941=CARTESIAN_POINT('',(0.E0,0.E0,-9.020211681346E-1));
#1942=DIRECTION('',(0.E0,0.E0,-1.E0));
#1943=DIRECTION('',(0.E0,1.E0,0.E0));
#1944=AXIS2_PLACEMENT_3D('',#1941,#1942,#1943);
#1945=CONICAL_SURFACE('',#1944,2.932523777344E0,6.E1);
#1947=ORIENTED_EDGE('',*,*,#1946,.F.);
#1949=ORIENTED_EDGE('',*,*,#1948,.T.);
#1951=ORIENTED_EDGE('',*,*,#1950,.F.);
#1953=ORIENTED_EDGE('',*,*,#1952,.F.);
#1955=ORIENTED_EDGE('',*,*,#1954,.T.);
#1957=ORIENTED_EDGE('',*,*,#1956,.T.);
#1959=ORIENTED_EDGE('',*,*,#1958,.T.);
#1961=ORIENTED_EDGE('',*,*,#1960,.T.);
#1962=ORIENTED_EDGE('',*,*,#1934,.F.);
#1963=EDGE_LOOP('',(#1947,#1949,#1951,#1953,#1955,#1957,#1959,#1961,#1962));
#1964=FACE_OUTER_BOUND('',#1963,.F.);
#1966=CARTESIAN_POINT('',(0.E0,0.E0,-8.906842756948E-1));
#1967=DIRECTION('',(0.E0,0.E0,-1.E0));
#1968=DIRECTION('',(0.E0,1.E0,0.E0));
#1969=AXIS2_PLACEMENT_3D('',#1966,#1967,#1968);
#1970=CONICAL_SURFACE('',#1969,2.912887703639E0,6.E1);
#1971=ORIENTED_EDGE('',*,*,#1921,.F.);
#1972=ORIENTED_EDGE('',*,*,#1960,.F.);
#1974=ORIENTED_EDGE('',*,*,#1973,.T.);
#1975=ORIENTED_EDGE('',*,*,#1946,.T.);
#1976=EDGE_LOOP('',(#1971,#1972,#1974,#1975));
#1977=FACE_OUTER_BOUND('',#1976,.F.);
#1979=CARTESIAN_POINT('',(-1.248369782875E0,2.486964237726E0,
-8.177785886781E-1));
#1980=CARTESIAN_POINT('',(-1.173431357834E0,2.524612825702E0,
-8.208867686014E-1));
#1981=CARTESIAN_POINT('',(-1.006677376444E0,2.599084115326E0,
-8.278805997761E-1));
#1982=CARTESIAN_POINT('',(-5.985076642302E-1,2.734965569278E0,
-8.451803443979E-1));
#1983=CARTESIAN_POINT('',(0.E0,2.816518178778E0,-8.704510423628E-1));
#1984=CARTESIAN_POINT('',(6.208559596183E-1,2.731920392223E0,
-8.966653490006E-1));
#1985=CARTESIAN_POINT('',(1.079867395547E0,2.572879984730E0,
-9.161250533244E-1));
#1986=CARTESIAN_POINT('',(1.394981016757E0,2.416177996618E0,
-9.292473386591E-1));
#1987=CARTESIAN_POINT('',(1.688245729891E0,2.221632589627E0,
-9.423696239938E-1));
#1988=CARTESIAN_POINT('',(2.055484480973E0,1.903637229232E0,
-9.618293283176E-1));
#1989=CARTESIAN_POINT('',(2.439176293042E0,1.408259089389E0,
-9.880436349554E-1));
#1990=CARTESIAN_POINT('',(2.676340440591E0,8.282831629910E-1,
-1.014257941593E0));
#1991=CARTESIAN_POINT('',(2.768113125438E0,3.512473951028E-1,
-1.033717645917E0));
#1992=CARTESIAN_POINT('',(2.789962033515E0,0.E0,-1.046839931252E0));
#1993=CARTESIAN_POINT('',(2.768113125438E0,-3.512473951028E-1,
-1.059962216586E0));
#1994=CARTESIAN_POINT('',(2.676340440591E0,-8.282831629910E-1,
-1.079421920910E0));
#1995=CARTESIAN_POINT('',(2.439176293042E0,-1.408259089389E0,
-1.105636227548E0));
#1996=CARTESIAN_POINT('',(2.055484480973E0,-1.903637229232E0,
-1.131850534186E0));
#1997=CARTESIAN_POINT('',(1.688245729891E0,-2.221632589627E0,
-1.151310238510E0));
#1998=CARTESIAN_POINT('',(1.394981016757E0,-2.416177996618E0,
-1.164432523844E0));
#1999=CARTESIAN_POINT('',(1.079867395547E0,-2.572879984730E0,
-1.177554809179E0));
#2000=CARTESIAN_POINT('',(6.208559596183E-1,-2.731920392223E0,
-1.197014513503E0));
#2001=CARTESIAN_POINT('',(0.E0,-2.816518178778E0,-1.223228820141E0));
#2002=CARTESIAN_POINT('',(-6.208559596183E-1,-2.731920392223E0,
-1.249443126778E0));
#2003=CARTESIAN_POINT('',(-1.079867395547E0,-2.572879984730E0,
-1.268902831102E0));
#2004=CARTESIAN_POINT('',(-1.394981016757E0,-2.416177996618E0,
-1.282025116437E0));
#2005=CARTESIAN_POINT('',(-1.688245729891E0,-2.221632589627E0,
-1.295147401772E0));
#2006=CARTESIAN_POINT('',(-2.055484480973E0,-1.903637229232E0,
-1.314607106095E0));
#2007=CARTESIAN_POINT('',(-2.439176293042E0,-1.408259089389E0,
-1.340821412733E0));
#2008=CARTESIAN_POINT('',(-2.676340440591E0,-8.282831629910E-1,
-1.367035719371E0));
#2009=CARTESIAN_POINT('',(-2.768113125438E0,-3.512473951028E-1,
-1.386495423695E0));
#2010=CARTESIAN_POINT('',(-2.789962033515E0,0.E0,-1.399617709029E0));
#2011=CARTESIAN_POINT('',(-2.768113125438E0,3.512473951028E-1,
-1.412739994364E0));
#2012=CARTESIAN_POINT('',(-2.676340440591E0,8.282831629910E-1,
-1.432199698688E0));
#2013=CARTESIAN_POINT('',(-2.439176293042E0,1.408259089389E0,
-1.458414005326E0));
#2014=CARTESIAN_POINT('',(-2.055484480973E0,1.903637229232E0,
-1.484628311964E0));
#2015=CARTESIAN_POINT('',(-1.688245729891E0,2.221632589627E0,
-1.504088016287E0));
#2016=CARTESIAN_POINT('',(-1.394981016757E0,2.416177996618E0,
-1.517210301622E0));
#2017=CARTESIAN_POINT('',(-1.079867395547E0,2.572879984730E0,
-1.530332586957E0));
#2018=CARTESIAN_POINT('',(-6.208559596183E-1,2.731920392223E0,
-1.549792291281E0));
#2019=CARTESIAN_POINT('',(0.E0,2.816518178778E0,-1.576006597918E0));
#2020=CARTESIAN_POINT('',(6.208559596183E-1,2.731920392223E0,
-1.602220904556E0));
#2021=CARTESIAN_POINT('',(1.079867395547E0,2.572879984730E0,-1.621680608880E0));
#2022=CARTESIAN_POINT('',(1.394981016757E0,2.416177996618E0,-1.634802894215E0));
#2023=CARTESIAN_POINT('',(1.688245729891E0,2.221632589627E0,-1.647925179549E0));
#2024=CARTESIAN_POINT('',(2.055484480973E0,1.903637229232E0,-1.667384883873E0));
#2025=CARTESIAN_POINT('',(2.439176293042E0,1.408259089389E0,-1.693599190511E0));
#2026=CARTESIAN_POINT('',(2.676340440591E0,8.282831629910E-1,
-1.719813497149E0));
#2027=CARTESIAN_POINT('',(2.768113125438E0,3.512473951029E-1,
-1.739273201473E0));
#2028=CARTESIAN_POINT('',(2.789962033515E0,0.E0,-1.752395486807E0));
#2029=CARTESIAN_POINT('',(2.768113125438E0,-3.512473951028E-1,
-1.765517772142E0));
#2030=CARTESIAN_POINT('',(2.676340440591E0,-8.282831629910E-1,
-1.784977476466E0));
#2031=CARTESIAN_POINT('',(2.439176293042E0,-1.408259089389E0,
-1.811191783104E0));
#2032=CARTESIAN_POINT('',(2.055484480973E0,-1.903637229232E0,
-1.837406089741E0));
#2033=CARTESIAN_POINT('',(1.688245729891E0,-2.221632589627E0,
-1.856865794065E0));
#2034=CARTESIAN_POINT('',(1.394981016757E0,-2.416177996618E0,
-1.869988079400E0));
#2035=CARTESIAN_POINT('',(1.079867395547E0,-2.572879984730E0,
-1.883110364735E0));
#2036=CARTESIAN_POINT('',(6.208559596183E-1,-2.731920392223E0,
-1.902570069058E0));
#2037=CARTESIAN_POINT('',(1.329492071989E-14,-2.816518178778E0,
-1.928784375696E0));
#2038=CARTESIAN_POINT('',(-6.208559596183E-1,-2.731920392223E0,
-1.954998682334E0));
#2039=CARTESIAN_POINT('',(-1.079867395547E0,-2.572879984730E0,
-1.974458386658E0));
#2040=CARTESIAN_POINT('',(-1.394981016757E0,-2.416177996618E0,
-1.987580671992E0));
#2041=CARTESIAN_POINT('',(-1.688245729891E0,-2.221632589627E0,
-2.000702957327E0));
#2042=CARTESIAN_POINT('',(-2.055484480973E0,-1.903637229232E0,
-2.020162661651E0));
#2043=CARTESIAN_POINT('',(-2.439176293042E0,-1.408259089389E0,
-2.046376968289E0));
#2044=CARTESIAN_POINT('',(-2.676340440591E0,-8.282831629910E-1,
-2.072591274927E0));
#2045=CARTESIAN_POINT('',(-2.768113125438E0,-3.512473951028E-1,
-2.092050979250E0));
#2046=CARTESIAN_POINT('',(-2.789962033515E0,0.E0,-2.105173264585E0));
#2047=CARTESIAN_POINT('',(-2.768113125438E0,3.512473951028E-1,
-2.118295549920E0));
#2048=CARTESIAN_POINT('',(-2.676340440591E0,8.282831629910E-1,
-2.137755254244E0));
#2049=CARTESIAN_POINT('',(-2.439176293042E0,1.408259089389E0,
-2.163969560881E0));
#2050=CARTESIAN_POINT('',(-2.055484480973E0,1.903637229232E0,
-2.190183867519E0));
#2051=CARTESIAN_POINT('',(-1.688245729891E0,2.221632589627E0,
-2.209643571843E0));
#2052=CARTESIAN_POINT('',(-1.394981016757E0,2.416177996618E0,
-2.222765857178E0));
#2053=CARTESIAN_POINT('',(-1.079867395547E0,2.572879984730E0,
-2.235888142512E0));
#2054=CARTESIAN_POINT('',(-6.208559596183E-1,2.731920392223E0,
-2.255347846836E0));
#2055=CARTESIAN_POINT('',(1.151856388049E-14,2.816518178778E0,
-2.281562153474E0));
#2056=CARTESIAN_POINT('',(6.208559596182E-1,2.731920392223E0,
-2.307776460112E0));
#2057=CARTESIAN_POINT('',(1.079867395547E0,2.572879984730E0,-2.327236164436E0));
#2058=CARTESIAN_POINT('',(1.394981016757E0,2.416177996618E0,-2.340358449770E0));
#2059=CARTESIAN_POINT('',(1.688245729891E0,2.221632589627E0,-2.353480735105E0));
#2060=CARTESIAN_POINT('',(2.055484480973E0,1.903637229232E0,-2.372940439429E0));
#2061=CARTESIAN_POINT('',(2.439176293042E0,1.408259089389E0,-2.399154746067E0));
#2062=CARTESIAN_POINT('',(2.676340440591E0,8.282831629910E-1,
-2.425369052704E0));
#2063=CARTESIAN_POINT('',(2.768113125438E0,3.512473951028E-1,
-2.444828757028E0));
#2064=CARTESIAN_POINT('',(2.789962033515E0,0.E0,-2.457951042363E0));
#2065=CARTESIAN_POINT('',(2.768113125438E0,-3.512473951029E-1,
-2.471073327698E0));
#2066=CARTESIAN_POINT('',(2.676340440591E0,-8.282831629910E-1,
-2.490533032021E0));
#2067=CARTESIAN_POINT('',(2.439176293042E0,-1.408259089389E0,
-2.516747338659E0));
#2068=CARTESIAN_POINT('',(2.055484480973E0,-1.903637229232E0,
-2.542961645297E0));
#2069=CARTESIAN_POINT('',(1.688245729891E0,-2.221632589627E0,
-2.562421349621E0));
#2070=CARTESIAN_POINT('',(1.394981016757E0,-2.416177996618E0,
-2.575543634955E0));
#2071=CARTESIAN_POINT('',(1.079867395547E0,-2.572879984730E0,
-2.588665920290E0));
#2072=CARTESIAN_POINT('',(6.208559596183E-1,-2.731920392223E0,
-2.608125624614E0));
#2073=CARTESIAN_POINT('',(0.E0,-2.816518178778E0,-2.634339931252E0));
#2074=CARTESIAN_POINT('',(-6.208559596183E-1,-2.731920392223E0,
-2.660554237890E0));
#2075=CARTESIAN_POINT('',(-1.079867395547E0,-2.572879984730E0,
-2.680013942213E0));
#2076=CARTESIAN_POINT('',(-1.394981016757E0,-2.416177996618E0,
-2.693136227548E0));
#2077=CARTESIAN_POINT('',(-1.688245729891E0,-2.221632589627E0,
-2.706258512883E0));
#2078=CARTESIAN_POINT('',(-2.055484480973E0,-1.903637229232E0,
-2.725718217206E0));
#2079=CARTESIAN_POINT('',(-2.439176293042E0,-1.408259089389E0,
-2.751932523844E0));
#2080=CARTESIAN_POINT('',(-2.676340440591E0,-8.282831629910E-1,
-2.778146830482E0));
#2081=CARTESIAN_POINT('',(-2.768113125438E0,-3.512473951028E-1,
-2.797606534806E0));
#2082=CARTESIAN_POINT('',(-2.789962033515E0,0.E0,-2.810728820141E0));
#2083=CARTESIAN_POINT('',(-2.768113125438E0,3.512473951028E-1,
-2.823851105475E0));
#2084=CARTESIAN_POINT('',(-2.676340440591E0,8.282831629910E-1,
-2.843310809799E0));
#2085=CARTESIAN_POINT('',(-2.439176293042E0,1.408259089389E0,
-2.869525116437E0));
#2086=CARTESIAN_POINT('',(-2.055484480973E0,1.903637229232E0,
-2.895739423075E0));
#2087=CARTESIAN_POINT('',(-1.688245729891E0,2.221632589627E0,
-2.915199127398E0));
#2088=CARTESIAN_POINT('',(-1.394981016757E0,2.416177996618E0,
-2.928321412733E0));
#2089=CARTESIAN_POINT('',(-1.079867395547E0,2.572879984730E0,
-2.941443698068E0));
#2090=CARTESIAN_POINT('',(-6.208559596183E-1,2.731920392223E0,
-2.960903402392E0));
#2091=CARTESIAN_POINT('',(0.E0,2.816518178778E0,-2.987117709029E0));
#2092=CARTESIAN_POINT('',(6.208559596183E-1,2.731920392223E0,
-3.013332015667E0));
#2093=CARTESIAN_POINT('',(1.079867395547E0,2.572879984730E0,-3.032791719991E0));
#2094=CARTESIAN_POINT('',(1.394981016757E0,2.416177996618E0,-3.045914005326E0));
#2095=CARTESIAN_POINT('',(1.688245729891E0,2.221632589627E0,-3.059036290660E0));
#2096=CARTESIAN_POINT('',(2.055484480973E0,1.903637229232E0,-3.078495994984E0));
#2097=CARTESIAN_POINT('',(2.439176293042E0,1.408259089389E0,-3.104710301622E0));
#2098=CARTESIAN_POINT('',(2.676340440591E0,8.282831629910E-1,
-3.130924608260E0));
#2099=CARTESIAN_POINT('',(2.768113125438E0,3.512473951028E-1,
-3.150384312584E0));
#2100=CARTESIAN_POINT('',(2.789962033515E0,0.E0,-3.163506597918E0));
#2101=CARTESIAN_POINT('',(2.768113125438E0,-3.512473951028E-1,
-3.176628883253E0));
#2102=CARTESIAN_POINT('',(2.676340440591E0,-8.282831629910E-1,
-3.196088587577E0));
#2103=CARTESIAN_POINT('',(2.439176293042E0,-1.408259089389E0,
-3.222302894215E0));
#2104=CARTESIAN_POINT('',(2.055484480973E0,-1.903637229232E0,
-3.248517200852E0));
#2105=CARTESIAN_POINT('',(1.688245729891E0,-2.221632589627E0,
-3.267976905176E0));
#2106=CARTESIAN_POINT('',(1.394981016757E0,-2.416177996618E0,
-3.281099190511E0));
#2107=CARTESIAN_POINT('',(1.079867395547E0,-2.572879984730E0,
-3.294221475846E0));
#2108=CARTESIAN_POINT('',(6.208559596183E-1,-2.731920392223E0,
-3.313681180169E0));
#2109=CARTESIAN_POINT('',(2.783884234248E-14,-2.816518178778E0,
-3.339895486807E0));
#2110=CARTESIAN_POINT('',(-6.208559596183E-1,-2.731920392223E0,
-3.366109793445E0));
#2111=CARTESIAN_POINT('',(-1.079867395547E0,-2.572879984730E0,
-3.385569497769E0));
#2112=CARTESIAN_POINT('',(-1.394981016757E0,-2.416177996618E0,
-3.398691783104E0));
#2113=CARTESIAN_POINT('',(-1.688245729891E0,-2.221632589627E0,
-3.411814068438E0));
#2114=CARTESIAN_POINT('',(-2.055484480973E0,-1.903637229232E0,
-3.431273772762E0));
#2115=CARTESIAN_POINT('',(-2.439176293042E0,-1.408259089389E0,
-3.457488079400E0));
#2116=CARTESIAN_POINT('',(-2.676340440591E0,-8.282831629910E-1,
-3.483702386038E0));
#2117=CARTESIAN_POINT('',(-2.768113125438E0,-3.512473951029E-1,
-3.503162090361E0));
#2118=CARTESIAN_POINT('',(-2.789962033515E0,0.E0,-3.516284375696E0));
#2119=CARTESIAN_POINT('',(-2.768113125438E0,3.512473951028E-1,
-3.529406661031E0));
#2120=CARTESIAN_POINT('',(-2.676340440591E0,8.282831629910E-1,
-3.548866365355E0));
#2121=CARTESIAN_POINT('',(-2.439176293042E0,1.408259089389E0,
-3.575080671992E0));
#2122=CARTESIAN_POINT('',(-2.055484480973E0,1.903637229232E0,
-3.601294978630E0));
#2123=CARTESIAN_POINT('',(-1.688245729891E0,2.221632589627E0,
-3.620754682954E0));
#2124=CARTESIAN_POINT('',(-1.394981016757E0,2.416177996618E0,
-3.633876968289E0));
#2125=CARTESIAN_POINT('',(-1.079867395547E0,2.572879984730E0,
-3.646999253623E0));
#2126=CARTESIAN_POINT('',(-6.208559596183E-1,2.731920392223E0,
-3.666458957947E0));
#2127=CARTESIAN_POINT('',(2.306488333659E-14,2.816518178778E0,
-3.692673264585E0));
#2128=CARTESIAN_POINT('',(6.208559596182E-1,2.731920392223E0,
-3.718887571223E0));
#2129=CARTESIAN_POINT('',(1.079867395547E0,2.572879984730E0,-3.738347275547E0));
#2130=CARTESIAN_POINT('',(1.394981016757E0,2.416177996618E0,-3.751469560881E0));
#2131=CARTESIAN_POINT('',(1.688245729891E0,2.221632589627E0,-3.764591846216E0));
#2132=CARTESIAN_POINT('',(2.055484480973E0,1.903637229232E0,-3.784051550540E0));
#2133=CARTESIAN_POINT('',(2.439176293042E0,1.408259089389E0,-3.810265857178E0));
#2134=CARTESIAN_POINT('',(2.676340440591E0,8.282831629910E-1,
-3.836480163815E0));
#2135=CARTESIAN_POINT('',(2.768113125438E0,3.512473951028E-1,
-3.855939868139E0));
#2136=CARTESIAN_POINT('',(2.789962033515E0,-1.459943277382E-14,
-3.869062153474E0));
#2137=CARTESIAN_POINT('',(2.768113125438E0,-3.512473951028E-1,
-3.882184438809E0));
#2138=CARTESIAN_POINT('',(2.676340440591E0,-8.282831629911E-1,
-3.901644143132E0));
#2139=CARTESIAN_POINT('',(2.439176293042E0,-1.408259089389E0,
-3.927858449770E0));
#2140=CARTESIAN_POINT('',(2.055484480973E0,-1.903637229232E0,
-3.954072756408E0));
#2141=CARTESIAN_POINT('',(1.688245729891E0,-2.221632589627E0,
-3.973532460732E0));
#2142=CARTESIAN_POINT('',(1.394981016757E0,-2.416177996618E0,
-3.986654746067E0));
#2143=CARTESIAN_POINT('',(1.079867395547E0,-2.572879984730E0,
-3.999777031401E0));
#2144=CARTESIAN_POINT('',(6.208559596183E-1,-2.731920392223E0,
-4.019236735725E0));
#2145=CARTESIAN_POINT('',(-2.287059430728E-14,-2.816518178778E0,
-4.045451042363E0));
#2146=CARTESIAN_POINT('',(-6.208559596183E-1,-2.731920392223E0,
-4.071665349001E0));
#2147=CARTESIAN_POINT('',(-1.079867395547E0,-2.572879984730E0,
-4.091125053324E0));
#2148=CARTESIAN_POINT('',(-1.394981016757E0,-2.416177996618E0,
-4.104247338659E0));
#2149=CARTESIAN_POINT('',(-1.688245729891E0,-2.221632589627E0,
-4.117369623994E0));
#2150=CARTESIAN_POINT('',(-2.055484480973E0,-1.903637229232E0,
-4.136829328318E0));
#2151=CARTESIAN_POINT('',(-2.439176293042E0,-1.408259089389E0,
-4.163043634955E0));
#2152=CARTESIAN_POINT('',(-2.676340440591E0,-8.282831629910E-1,
-4.189257941593E0));
#2153=CARTESIAN_POINT('',(-2.768113125438E0,-3.512473951029E-1,
-4.208717645917E0));
#2154=CARTESIAN_POINT('',(-2.789962033515E0,1.387778780781E-14,
-4.221839931252E0));
#2155=CARTESIAN_POINT('',(-2.768113125438E0,3.512473951028E-1,
-4.234962216586E0));
#2156=CARTESIAN_POINT('',(-2.676340440591E0,8.282831629910E-1,
-4.254421920910E0));
#2157=CARTESIAN_POINT('',(-2.439176293042E0,1.408259089389E0,
-4.280636227548E0));
#2158=CARTESIAN_POINT('',(-2.055484480973E0,1.903637229232E0,
-4.306850534186E0));
#2159=CARTESIAN_POINT('',(-1.688245729891E0,2.221632589627E0,
-4.326310238510E0));
#2160=CARTESIAN_POINT('',(-1.394981016757E0,2.416177996618E0,
-4.339432523844E0));
#2161=CARTESIAN_POINT('',(-1.079867395547E0,2.572879984730E0,
-4.352554809179E0));
#2162=CARTESIAN_POINT('',(-6.208559596182E-1,2.731920392223E0,
-4.372014513503E0));
#2163=CARTESIAN_POINT('',(0.E0,2.816518178778E0,-4.398228820141E0));
#2164=CARTESIAN_POINT('',(6.208559596183E-1,2.731920392223E0,
-4.424443126778E0));
#2165=CARTESIAN_POINT('',(1.079867395547E0,2.572879984730E0,-4.443902831102E0));
#2166=CARTESIAN_POINT('',(1.394981016757E0,2.416177996618E0,-4.457025116437E0));
#2167=CARTESIAN_POINT('',(1.688245729891E0,2.221632589627E0,-4.470147401772E0));
#2168=CARTESIAN_POINT('',(2.055484480973E0,1.903637229232E0,-4.489607106095E0));
#2169=CARTESIAN_POINT('',(2.298718379109E0,1.589601974333E0,-4.506225151594E0));
#2170=CARTESIAN_POINT('',(2.472653743091E0,1.280131162917E0,-4.521213302657E0));
#2171=CARTESIAN_POINT('',(2.519448290293E0,1.184243432652E0,-4.525707850055E0));
#2172=CARTESIAN_POINT('',(2.553348652776E0,1.105930425057E0,-4.529288804517E0));
#2173=CARTESIAN_POINT('',(-1.308600840342E0,2.606954714886E0,
-7.402646627933E-1));
#2174=CARTESIAN_POINT('',(-1.230046803446E0,2.646419763254E0,
-7.433728427167E-1));
#2175=CARTESIAN_POINT('',(-1.055247314408E0,2.724484126490E0,
-7.503666738913E-1));
#2176=CARTESIAN_POINT('',(-6.273843240250E-1,2.866921557505E0,
-7.676664185132E-1));
#2177=CARTESIAN_POINT('',(0.E0,2.952408898505E0,-7.929371164781E-1));
#2178=CARTESIAN_POINT('',(6.508108748164E-1,2.863729457448E0,
-8.191514231159E-1));
#2179=CARTESIAN_POINT('',(1.131968588678E0,2.697015705042E0,
-8.386111274397E-1));
#2180=CARTESIAN_POINT('',(1.462285739234E0,2.532753195536E0,
-8.517334127744E-1));
#2181=CARTESIAN_POINT('',(1.769699820633E0,2.328821406603E0,
-8.648556981091E-1));
#2182=CARTESIAN_POINT('',(2.154657022308E0,1.995483479374E0,
-8.843154024329E-1));
#2183=CARTESIAN_POINT('',(2.556861108464E0,1.476204449252E0,
-9.105297090707E-1));
#2184=CARTESIAN_POINT('',(2.805467897124E0,8.682459780741E-1,
-9.367440157085E-1));
#2185=CARTESIAN_POINT('',(2.901668409311E0,3.681942984399E-1,
-9.562037200323E-1));
#2186=CARTESIAN_POINT('',(2.924571478468E0,0.E0,-9.693260053670E-1));
#2187=CARTESIAN_POINT('',(2.901668409311E0,-3.681942984399E-1,
-9.824482907017E-1));
#2188=CARTESIAN_POINT('',(2.805467897124E0,-8.682459780741E-1,
-1.001907995025E0));
#2189=CARTESIAN_POINT('',(2.556861108464E0,-1.476204449252E0,
-1.028122301663E0));
#2190=CARTESIAN_POINT('',(2.154657022308E0,-1.995483479374E0,
-1.054336608301E0));
#2191=CARTESIAN_POINT('',(1.769699820633E0,-2.328821406603E0,
-1.073796312625E0));
#2192=CARTESIAN_POINT('',(1.462285739234E0,-2.532753195536E0,
-1.086918597960E0));
#2193=CARTESIAN_POINT('',(1.131968588678E0,-2.697015705042E0,
-1.100040883294E0));
#2194=CARTESIAN_POINT('',(6.508108748164E-1,-2.863729457448E0,
-1.119500587618E0));
#2195=CARTESIAN_POINT('',(0.E0,-2.952408898505E0,-1.145714894256E0));
#2196=CARTESIAN_POINT('',(-6.508108748164E-1,-2.863729457448E0,
-1.171929200894E0));
#2197=CARTESIAN_POINT('',(-1.131968588678E0,-2.697015705042E0,
-1.191388905217E0));
#2198=CARTESIAN_POINT('',(-1.462285739234E0,-2.532753195536E0,
-1.204511190552E0));
#2199=CARTESIAN_POINT('',(-1.769699820633E0,-2.328821406603E0,
-1.217633475887E0));
#2200=CARTESIAN_POINT('',(-2.154657022308E0,-1.995483479374E0,
-1.237093180211E0));
#2201=CARTESIAN_POINT('',(-2.556861108464E0,-1.476204449252E0,
-1.263307486848E0));
#2202=CARTESIAN_POINT('',(-2.805467897124E0,-8.682459780741E-1,
-1.289521793486E0));
#2203=CARTESIAN_POINT('',(-2.901668409311E0,-3.681942984399E-1,
-1.308981497810E0));
#2204=CARTESIAN_POINT('',(-2.924571478468E0,0.E0,-1.322103783145E0));
#2205=CARTESIAN_POINT('',(-2.901668409311E0,3.681942984399E-1,
-1.335226068479E0));
#2206=CARTESIAN_POINT('',(-2.805467897124E0,8.682459780741E-1,
-1.354685772803E0));
#2207=CARTESIAN_POINT('',(-2.556861108464E0,1.476204449252E0,
-1.380900079441E0));
#2208=CARTESIAN_POINT('',(-2.154657022308E0,1.995483479374E0,
-1.407114386079E0));
#2209=CARTESIAN_POINT('',(-1.769699820633E0,2.328821406603E0,
-1.426574090403E0));
#2210=CARTESIAN_POINT('',(-1.462285739234E0,2.532753195536E0,
-1.439696375737E0));
#2211=CARTESIAN_POINT('',(-1.131968588678E0,2.697015705042E0,
-1.452818661072E0));
#2212=CARTESIAN_POINT('',(-6.508108748164E-1,2.863729457448E0,
-1.472278365396E0));
#2213=CARTESIAN_POINT('',(0.E0,2.952408898505E0,-1.498492672034E0));
#2214=CARTESIAN_POINT('',(6.508108748164E-1,2.863729457448E0,
-1.524706978671E0));
#2215=CARTESIAN_POINT('',(1.131968588678E0,2.697015705042E0,-1.544166682995E0));
#2216=CARTESIAN_POINT('',(1.462285739234E0,2.532753195536E0,-1.557288968330E0));
#2217=CARTESIAN_POINT('',(1.769699820633E0,2.328821406603E0,-1.570411253665E0));
#2218=CARTESIAN_POINT('',(2.154657022308E0,1.995483479374E0,-1.589870957988E0));
#2219=CARTESIAN_POINT('',(2.556861108464E0,1.476204449252E0,-1.616085264626E0));
#2220=CARTESIAN_POINT('',(2.805467897124E0,8.682459780741E-1,
-1.642299571264E0));
#2221=CARTESIAN_POINT('',(2.901668409311E0,3.681942984399E-1,
-1.661759275588E0));
#2222=CARTESIAN_POINT('',(2.924571478468E0,0.E0,-1.674881560923E0));
#2223=CARTESIAN_POINT('',(2.901668409311E0,-3.681942984399E-1,
-1.688003846257E0));
#2224=CARTESIAN_POINT('',(2.805467897124E0,-8.682459780741E-1,
-1.707463550581E0));
#2225=CARTESIAN_POINT('',(2.556861108464E0,-1.476204449252E0,
-1.733677857219E0));
#2226=CARTESIAN_POINT('',(2.154657022308E0,-1.995483479374E0,
-1.759892163857E0));
#2227=CARTESIAN_POINT('',(1.769699820633E0,-2.328821406603E0,
-1.779351868180E0));
#2228=CARTESIAN_POINT('',(1.462285739234E0,-2.532753195536E0,
-1.792474153515E0));
#2229=CARTESIAN_POINT('',(1.131968588678E0,-2.697015705042E0,
-1.805596438850E0));
#2230=CARTESIAN_POINT('',(6.508108748164E-1,-2.863729457448E0,
-1.825056143174E0));
#2231=CARTESIAN_POINT('',(1.393329895905E-14,-2.952408898505E0,
-1.851270449811E0));
#2232=CARTESIAN_POINT('',(-6.508108748164E-1,-2.863729457448E0,
-1.877484756449E0));
#2233=CARTESIAN_POINT('',(-1.131968588678E0,-2.697015705042E0,
-1.896944460773E0));
#2234=CARTESIAN_POINT('',(-1.462285739234E0,-2.532753195536E0,
-1.910066746108E0));
#2235=CARTESIAN_POINT('',(-1.769699820633E0,-2.328821406603E0,
-1.923189031442E0));
#2236=CARTESIAN_POINT('',(-2.154657022308E0,-1.995483479374E0,
-1.942648735766E0));
#2237=CARTESIAN_POINT('',(-2.556861108464E0,-1.476204449252E0,
-1.968863042404E0));
#2238=CARTESIAN_POINT('',(-2.805467897124E0,-8.682459780741E-1,
-1.995077349042E0));
#2239=CARTESIAN_POINT('',(-2.901668409311E0,-3.681942984399E-1,
-2.014537053366E0));
#2240=CARTESIAN_POINT('',(-2.924571478468E0,0.E0,-2.027659338700E0));
#2241=CARTESIAN_POINT('',(-2.901668409311E0,3.681942984399E-1,
-2.040781624035E0));
#2242=CARTESIAN_POINT('',(-2.805467897124E0,8.682459780741E-1,
-2.060241328359E0));
#2243=CARTESIAN_POINT('',(-2.556861108464E0,1.476204449252E0,
-2.086455634997E0));
#2244=CARTESIAN_POINT('',(-2.154657022308E0,1.995483479374E0,
-2.112669941634E0));
#2245=CARTESIAN_POINT('',(-1.769699820633E0,2.328821406603E0,
-2.132129645958E0));
#2246=CARTESIAN_POINT('',(-1.462285739234E0,2.532753195536E0,
-2.145251931293E0));
#2247=CARTESIAN_POINT('',(-1.131968588678E0,2.697015705042E0,
-2.158374216628E0));
#2248=CARTESIAN_POINT('',(-6.508108748164E-1,2.863729457448E0,
-2.177833920951E0));
#2249=CARTESIAN_POINT('',(1.218469769526E-14,2.952408898505E0,
-2.204048227589E0));
#2250=CARTESIAN_POINT('',(6.508108748164E-1,2.863729457448E0,
-2.230262534227E0));
#2251=CARTESIAN_POINT('',(1.131968588678E0,2.697015705042E0,-2.249722238551E0));
#2252=CARTESIAN_POINT('',(1.462285739234E0,2.532753195536E0,-2.262844523886E0));
#2253=CARTESIAN_POINT('',(1.769699820633E0,2.328821406603E0,-2.275966809220E0));
#2254=CARTESIAN_POINT('',(2.154657022308E0,1.995483479374E0,-2.295426513544E0));
#2255=CARTESIAN_POINT('',(2.556861108464E0,1.476204449252E0,-2.321640820182E0));
#2256=CARTESIAN_POINT('',(2.805467897124E0,8.682459780741E-1,
-2.347855126820E0));
#2257=CARTESIAN_POINT('',(2.901668409311E0,3.681942984399E-1,
-2.367314831143E0));
#2258=CARTESIAN_POINT('',(2.924571478468E0,0.E0,-2.380437116478E0));
#2259=CARTESIAN_POINT('',(2.901668409311E0,-3.681942984399E-1,
-2.393559401813E0));
#2260=CARTESIAN_POINT('',(2.805467897124E0,-8.682459780741E-1,
-2.413019106137E0));
#2261=CARTESIAN_POINT('',(2.556861108464E0,-1.476204449252E0,
-2.439233412774E0));
#2262=CARTESIAN_POINT('',(2.154657022308E0,-1.995483479374E0,
-2.465447719412E0));
#2263=CARTESIAN_POINT('',(1.769699820633E0,-2.328821406603E0,
-2.484907423736E0));
#2264=CARTESIAN_POINT('',(1.462285739234E0,-2.532753195536E0,
-2.498029709071E0));
#2265=CARTESIAN_POINT('',(1.131968588678E0,-2.697015705042E0,
-2.511151994405E0));
#2266=CARTESIAN_POINT('',(6.508108748164E-1,-2.863729457448E0,
-2.530611698729E0));
#2267=CARTESIAN_POINT('',(0.E0,-2.952408898505E0,-2.556826005367E0));
#2268=CARTESIAN_POINT('',(-6.508108748164E-1,-2.863729457448E0,
-2.583040312005E0));
#2269=CARTESIAN_POINT('',(-1.131968588678E0,-2.697015705042E0,
-2.602500016329E0));
#2270=CARTESIAN_POINT('',(-1.462285739234E0,-2.532753195536E0,
-2.615622301663E0));
#2271=CARTESIAN_POINT('',(-1.769699820633E0,-2.328821406603E0,
-2.628744586998E0));
#2272=CARTESIAN_POINT('',(-2.154657022308E0,-1.995483479374E0,
-2.648204291322E0));
#2273=CARTESIAN_POINT('',(-2.556861108464E0,-1.476204449252E0,
-2.674418597960E0));
#2274=CARTESIAN_POINT('',(-2.805467897124E0,-8.682459780741E-1,
-2.700632904597E0));
#2275=CARTESIAN_POINT('',(-2.901668409311E0,-3.681942984399E-1,
-2.720092608921E0));
#2276=CARTESIAN_POINT('',(-2.924571478468E0,0.E0,-2.733214894256E0));
#2277=CARTESIAN_POINT('',(-2.901668409311E0,3.681942984399E-1,
-2.746337179591E0));
#2278=CARTESIAN_POINT('',(-2.805467897124E0,8.682459780741E-1,
-2.765796883914E0));
#2279=CARTESIAN_POINT('',(-2.556861108464E0,1.476204449252E0,
-2.792011190552E0));
#2280=CARTESIAN_POINT('',(-2.154657022308E0,1.995483479374E0,
-2.818225497190E0));
#2281=CARTESIAN_POINT('',(-1.769699820633E0,2.328821406603E0,
-2.837685201514E0));
#2282=CARTESIAN_POINT('',(-1.462285739234E0,2.532753195536E0,
-2.850807486848E0));
#2283=CARTESIAN_POINT('',(-1.131968588678E0,2.697015705042E0,
-2.863929772183E0));
#2284=CARTESIAN_POINT('',(-6.508108748164E-1,2.863729457448E0,
-2.883389476507E0));
#2285=CARTESIAN_POINT('',(0.E0,2.952408898505E0,-2.909603783145E0));
#2286=CARTESIAN_POINT('',(6.508108748164E-1,2.863729457448E0,
-2.935818089783E0));
#2287=CARTESIAN_POINT('',(1.131968588678E0,2.697015705042E0,-2.955277794106E0));
#2288=CARTESIAN_POINT('',(1.462285739234E0,2.532753195536E0,-2.968400079441E0));
#2289=CARTESIAN_POINT('',(1.769699820633E0,2.328821406603E0,-2.981522364776E0));
#2290=CARTESIAN_POINT('',(2.154657022308E0,1.995483479374E0,-3.000982069100E0));
#2291=CARTESIAN_POINT('',(2.556861108464E0,1.476204449252E0,-3.027196375737E0));
#2292=CARTESIAN_POINT('',(2.805467897124E0,8.682459780741E-1,
-3.053410682375E0));
#2293=CARTESIAN_POINT('',(2.901668409311E0,3.681942984399E-1,
-3.072870386699E0));
#2294=CARTESIAN_POINT('',(2.924571478468E0,0.E0,-3.085992672034E0));
#2295=CARTESIAN_POINT('',(2.901668409311E0,-3.681942984399E-1,
-3.099114957368E0));
#2296=CARTESIAN_POINT('',(2.805467897124E0,-8.682459780740E-1,
-3.118574661692E0));
#2297=CARTESIAN_POINT('',(2.556861108464E0,-1.476204449252E0,
-3.144788968330E0));
#2298=CARTESIAN_POINT('',(2.154657022308E0,-1.995483479374E0,
-3.171003274968E0));
#2299=CARTESIAN_POINT('',(1.769699820633E0,-2.328821406603E0,
-3.190462979292E0));
#2300=CARTESIAN_POINT('',(1.462285739234E0,-2.532753195536E0,
-3.203585264626E0));
#2301=CARTESIAN_POINT('',(1.131968588678E0,-2.697015705042E0,
-3.216707549961E0));
#2302=CARTESIAN_POINT('',(6.508108748164E-1,-2.863729457448E0,
-3.236167254285E0));
#2303=CARTESIAN_POINT('',(2.930988785010E-14,-2.952408898505E0,
-3.262381560923E0));
#2304=CARTESIAN_POINT('',(-6.508108748164E-1,-2.863729457448E0,
-3.288595867560E0));
#2305=CARTESIAN_POINT('',(-1.131968588678E0,-2.697015705042E0,
-3.308055571884E0));
#2306=CARTESIAN_POINT('',(-1.462285739234E0,-2.532753195536E0,
-3.321177857219E0));
#2307=CARTESIAN_POINT('',(-1.769699820633E0,-2.328821406603E0,
-3.334300142554E0));
#2308=CARTESIAN_POINT('',(-2.154657022308E0,-1.995483479374E0,
-3.353759846877E0));
#2309=CARTESIAN_POINT('',(-2.556861108464E0,-1.476204449252E0,
-3.379974153515E0));
#2310=CARTESIAN_POINT('',(-2.805467897124E0,-8.682459780741E-1,
-3.406188460153E0));
#2311=CARTESIAN_POINT('',(-2.901668409311E0,-3.681942984399E-1,
-3.425648164477E0));
#2312=CARTESIAN_POINT('',(-2.924571478468E0,0.E0,-3.438770449811E0));
#2313=CARTESIAN_POINT('',(-2.901668409311E0,3.681942984399E-1,
-3.451892735146E0));
#2314=CARTESIAN_POINT('',(-2.805467897124E0,8.682459780741E-1,
-3.471352439470E0));
#2315=CARTESIAN_POINT('',(-2.556861108464E0,1.476204449252E0,
-3.497566746108E0));
#2316=CARTESIAN_POINT('',(-2.154657022308E0,1.995483479374E0,
-3.523781052746E0));
#2317=CARTESIAN_POINT('',(-1.769699820633E0,2.328821406603E0,
-3.543240757069E0));
#2318=CARTESIAN_POINT('',(-1.462285739234E0,2.532753195536E0,
-3.556363042404E0));
#2319=CARTESIAN_POINT('',(-1.131968588678E0,2.697015705042E0,
-3.569485327739E0));
#2320=CARTESIAN_POINT('',(-6.508108748164E-1,2.863729457448E0,
-3.588945032063E0));
#2321=CARTESIAN_POINT('',(2.436939539052E-14,2.952408898505E0,
-3.615159338700E0));
#2322=CARTESIAN_POINT('',(6.508108748164E-1,2.863729457449E0,
-3.641373645338E0));
#2323=CARTESIAN_POINT('',(1.131968588678E0,2.697015705042E0,-3.660833349662E0));
#2324=CARTESIAN_POINT('',(1.462285739234E0,2.532753195536E0,-3.673955634997E0));
#2325=CARTESIAN_POINT('',(1.769699820633E0,2.328821406603E0,-3.687077920331E0));
#2326=CARTESIAN_POINT('',(2.154657022308E0,1.995483479374E0,-3.706537624655E0));
#2327=CARTESIAN_POINT('',(2.556861108464E0,1.476204449252E0,-3.732751931293E0));
#2328=CARTESIAN_POINT('',(2.805467897124E0,8.682459780741E-1,
-3.758966237931E0));
#2329=CARTESIAN_POINT('',(2.901668409311E0,3.681942984399E-1,
-3.778425942255E0));
#2330=CARTESIAN_POINT('',(2.924571478468E0,-1.533495552763E-14,
-3.791548227589E0));
#2331=CARTESIAN_POINT('',(2.901668409311E0,-3.681942984399E-1,
-3.804670512924E0));
#2332=CARTESIAN_POINT('',(2.805467897124E0,-8.682459780741E-1,
-3.824130217248E0));
#2333=CARTESIAN_POINT('',(2.556861108464E0,-1.476204449252E0,
-3.850344523886E0));
#2334=CARTESIAN_POINT('',(2.154657022308E0,-1.995483479374E0,
-3.876558830523E0));
#2335=CARTESIAN_POINT('',(1.769699820633E0,-2.328821406603E0,
-3.896018534847E0));
#2336=CARTESIAN_POINT('',(1.462285739234E0,-2.532753195536E0,
-3.909140820182E0));
#2337=CARTESIAN_POINT('',(1.131968588678E0,-2.697015705042E0,
-3.922263105517E0));
#2338=CARTESIAN_POINT('',(6.508108748164E-1,-2.863729457448E0,
-3.941722809840E0));
#2339=CARTESIAN_POINT('',(-2.378652830259E-14,-2.952408898505E0,
-3.967937116478E0));
#2340=CARTESIAN_POINT('',(-6.508108748164E-1,-2.863729457448E0,
-3.994151423116E0));
#2341=CARTESIAN_POINT('',(-1.131968588678E0,-2.697015705042E0,
-4.013611127440E0));
#2342=CARTESIAN_POINT('',(-1.462285739234E0,-2.532753195536E0,
-4.026733412774E0));
#2343=CARTESIAN_POINT('',(-1.769699820633E0,-2.328821406603E0,
-4.039855698109E0));
#2344=CARTESIAN_POINT('',(-2.154657022308E0,-1.995483479374E0,
-4.059315402433E0));
#2345=CARTESIAN_POINT('',(-2.556861108464E0,-1.476204449252E0,
-4.085529709071E0));
#2346=CARTESIAN_POINT('',(-2.805467897124E0,-8.682459780741E-1,
-4.111744015709E0));
#2347=CARTESIAN_POINT('',(-2.901668409311E0,-3.681942984399E-1,
-4.131203720032E0));
#2348=CARTESIAN_POINT('',(-2.924571478468E0,1.454392162259E-14,
-4.144326005367E0));
#2349=CARTESIAN_POINT('',(-2.901668409311E0,3.681942984399E-1,
-4.157448290702E0));
#2350=CARTESIAN_POINT('',(-2.805467897124E0,8.682459780741E-1,
-4.176907995025E0));
#2351=CARTESIAN_POINT('',(-2.556861108464E0,1.476204449252E0,
-4.203122301663E0));
#2352=CARTESIAN_POINT('',(-2.154657022308E0,1.995483479374E0,
-4.229336608301E0));
#2353=CARTESIAN_POINT('',(-1.769699820633E0,2.328821406603E0,
-4.248796312625E0));
#2354=CARTESIAN_POINT('',(-1.462285739234E0,2.532753195536E0,
-4.261918597960E0));
#2355=CARTESIAN_POINT('',(-1.131968588678E0,2.697015705042E0,
-4.275040883294E0));
#2356=CARTESIAN_POINT('',(-6.508108748164E-1,2.863729457449E0,
-4.294500587618E0));
#2357=CARTESIAN_POINT('',(0.E0,2.952408898505E0,-4.320714894256E0));
#2358=CARTESIAN_POINT('',(6.508108748164E-1,2.863729457448E0,
-4.346929200894E0));
#2359=CARTESIAN_POINT('',(1.131968588678E0,2.697015705042E0,-4.366388905217E0));
#2360=CARTESIAN_POINT('',(1.462285739234E0,2.532753195536E0,-4.379511190552E0));
#2361=CARTESIAN_POINT('',(1.769699820633E0,2.328821406603E0,-4.392633475887E0));
#2362=CARTESIAN_POINT('',(2.154657022308E0,1.995483479374E0,-4.412093180211E0));
#2363=CARTESIAN_POINT('',(2.409626413483E0,1.666296723900E0,-4.428711225709E0));
#2364=CARTESIAN_POINT('',(2.591953770804E0,1.341894636125E0,-4.443699376772E0));
#2365=CARTESIAN_POINT('',(2.641006050531E0,1.241380536757E0,-4.448193924171E0));
#2366=CARTESIAN_POINT('',(2.676542029887E0,1.159289101228E0,-4.451774878632E0));
#2367=CARTESIAN_POINT('',(-1.368831897808E0,2.726945192045E0,
-6.627507369086E-1));
#2368=CARTESIAN_POINT('',(-1.286662249059E0,2.768226700806E0,
-6.658589168320E-1));
#2369=CARTESIAN_POINT('',(-1.103817252372E0,2.849884137654E0,
-6.728527480066E-1));
#2370=CARTESIAN_POINT('',(-6.562609838198E-1,2.998877545731E0,
-6.901524926285E-1));
#2371=CARTESIAN_POINT('',(0.E0,3.088299618232E0,-7.154231905934E-1));
#2372=CARTESIAN_POINT('',(6.807657900145E-1,2.995538522674E0,
-7.416374972312E-1));
#2373=CARTESIAN_POINT('',(1.184069781810E0,2.821151425355E0,
-7.610972015550E-1));
#2374=CARTESIAN_POINT('',(1.529590461710E0,2.649328394455E0,
-7.742194868897E-1));
#2375=CARTESIAN_POINT('',(1.851153911375E0,2.436010223578E0,
-7.873417722244E-1));
#2376=CARTESIAN_POINT('',(2.253829563643E0,2.087329729517E0,
-8.068014765482E-1));
#2377=CARTESIAN_POINT('',(2.674545923886E0,1.544149809116E0,
-8.330157831860E-1));
#2378=CARTESIAN_POINT('',(2.934595353658E0,9.082087931571E-1,
-8.592300898238E-1));
#2379=CARTESIAN_POINT('',(3.035223693185E0,3.851412017769E-1,
-8.786897941476E-1));
#2380=CARTESIAN_POINT('',(3.059180923421E0,0.E0,-8.918120794823E-1));
#2381=CARTESIAN_POINT('',(3.035223693185E0,-3.851412017769E-1,
-9.049343648170E-1));
#2382=CARTESIAN_POINT('',(2.934595353658E0,-9.082087931571E-1,
-9.243940691408E-1));
#2383=CARTESIAN_POINT('',(2.674545923886E0,-1.544149809116E0,
-9.506083757786E-1));
#2384=CARTESIAN_POINT('',(2.253829563643E0,-2.087329729517E0,
-9.768226824164E-1));
#2385=CARTESIAN_POINT('',(1.851153911375E0,-2.436010223578E0,
-9.962823867402E-1));
#2386=CARTESIAN_POINT('',(1.529590461710E0,-2.649328394455E0,
-1.009404672075E0));
#2387=CARTESIAN_POINT('',(1.184069781810E0,-2.821151425355E0,
-1.022526957410E0));
#2388=CARTESIAN_POINT('',(6.807657900145E-1,-2.995538522674E0,
-1.041986661733E0));
#2389=CARTESIAN_POINT('',(0.E0,-3.088299618232E0,-1.068200968371E0));
#2390=CARTESIAN_POINT('',(-6.807657900145E-1,-2.995538522674E0,
-1.094415275009E0));
#2391=CARTESIAN_POINT('',(-1.184069781810E0,-2.821151425355E0,
-1.113874979333E0));
#2392=CARTESIAN_POINT('',(-1.529590461710E0,-2.649328394455E0,
-1.126997264667E0));
#2393=CARTESIAN_POINT('',(-1.851153911375E0,-2.436010223578E0,
-1.140119550002E0));
#2394=CARTESIAN_POINT('',(-2.253829563643E0,-2.087329729517E0,
-1.159579254326E0));
#2395=CARTESIAN_POINT('',(-2.674545923886E0,-1.544149809116E0,
-1.185793560964E0));
#2396=CARTESIAN_POINT('',(-2.934595353658E0,-9.082087931571E-1,
-1.212007867602E0));
#2397=CARTESIAN_POINT('',(-3.035223693185E0,-3.851412017769E-1,
-1.231467571925E0));
#2398=CARTESIAN_POINT('',(-3.059180923421E0,0.E0,-1.244589857260E0));
#2399=CARTESIAN_POINT('',(-3.035223693185E0,3.851412017769E-1,
-1.257712142595E0));
#2400=CARTESIAN_POINT('',(-2.934595353658E0,9.082087931571E-1,
-1.277171846919E0));
#2401=CARTESIAN_POINT('',(-2.674545923886E0,1.544149809116E0,
-1.303386153556E0));
#2402=CARTESIAN_POINT('',(-2.253829563643E0,2.087329729517E0,
-1.329600460194E0));
#2403=CARTESIAN_POINT('',(-1.851153911375E0,2.436010223578E0,
-1.349060164518E0));
#2404=CARTESIAN_POINT('',(-1.529590461710E0,2.649328394455E0,
-1.362182449853E0));
#2405=CARTESIAN_POINT('',(-1.184069781810E0,2.821151425355E0,
-1.375304735187E0));
#2406=CARTESIAN_POINT('',(-6.807657900145E-1,2.995538522674E0,
-1.394764439511E0));
#2407=CARTESIAN_POINT('',(0.E0,3.088299618232E0,-1.420978746149E0));
#2408=CARTESIAN_POINT('',(6.807657900145E-1,2.995538522674E0,
-1.447193052787E0));
#2409=CARTESIAN_POINT('',(1.184069781810E0,2.821151425355E0,-1.466652757111E0));
#2410=CARTESIAN_POINT('',(1.529590461710E0,2.649328394455E0,-1.479775042445E0));
#2411=CARTESIAN_POINT('',(1.851153911375E0,2.436010223578E0,-1.492897327780E0));
#2412=CARTESIAN_POINT('',(2.253829563643E0,2.087329729517E0,-1.512357032104E0));
#2413=CARTESIAN_POINT('',(2.674545923886E0,1.544149809116E0,-1.538571338742E0));
#2414=CARTESIAN_POINT('',(2.934595353658E0,9.082087931571E-1,
-1.564785645379E0));
#2415=CARTESIAN_POINT('',(3.035223693185E0,3.851412017769E-1,
-1.584245349703E0));
#2416=CARTESIAN_POINT('',(3.059180923421E0,0.E0,-1.597367635038E0));
#2417=CARTESIAN_POINT('',(3.035223693185E0,-3.851412017769E-1,
-1.610489920373E0));
#2418=CARTESIAN_POINT('',(2.934595353658E0,-9.082087931571E-1,
-1.629949624696E0));
#2419=CARTESIAN_POINT('',(2.674545923886E0,-1.544149809116E0,
-1.656163931334E0));
#2420=CARTESIAN_POINT('',(2.253829563643E0,-2.087329729517E0,
-1.682378237972E0));
#2421=CARTESIAN_POINT('',(1.851153911375E0,-2.436010223578E0,
-1.701837942296E0));
#2422=CARTESIAN_POINT('',(1.529590461710E0,-2.649328394455E0,
-1.714960227630E0));
#2423=CARTESIAN_POINT('',(1.184069781810E0,-2.821151425355E0,
-1.728082512965E0));
#2424=CARTESIAN_POINT('',(6.807657900145E-1,-2.995538522674E0,
-1.747542217289E0));
#2425=CARTESIAN_POINT('',(1.471045507628E-14,-3.088299618232E0,
-1.773756523927E0));
#2426=CARTESIAN_POINT('',(-6.807657900145E-1,-2.995538522674E0,
-1.799970830565E0));
#2427=CARTESIAN_POINT('',(-1.184069781810E0,-2.821151425355E0,
-1.819430534888E0));
#2428=CARTESIAN_POINT('',(-1.529590461710E0,-2.649328394455E0,
-1.832552820223E0));
#2429=CARTESIAN_POINT('',(-1.851153911375E0,-2.436010223578E0,
-1.845675105558E0));
#2430=CARTESIAN_POINT('',(-2.253829563644E0,-2.087329729517E0,
-1.865134809882E0));
#2431=CARTESIAN_POINT('',(-2.674545923886E0,-1.544149809116E0,
-1.891349116519E0));
#2432=CARTESIAN_POINT('',(-2.934595353658E0,-9.082087931571E-1,
-1.917563423157E0));
#2433=CARTESIAN_POINT('',(-3.035223693185E0,-3.851412017769E-1,
-1.937023127481E0));
#2434=CARTESIAN_POINT('',(-3.059180923421E0,0.E0,-1.950145412816E0));
#2435=CARTESIAN_POINT('',(-3.035223693185E0,3.851412017769E-1,
-1.963267698150E0));
#2436=CARTESIAN_POINT('',(-2.934595353658E0,9.082087931571E-1,
-1.982727402474E0));
#2437=CARTESIAN_POINT('',(-2.674545923886E0,1.544149809116E0,
-2.008941709112E0));
#2438=CARTESIAN_POINT('',(-2.253829563643E0,2.087329729517E0,
-2.035156015750E0));
#2439=CARTESIAN_POINT('',(-1.851153911375E0,2.436010223578E0,
-2.054615720074E0));
#2440=CARTESIAN_POINT('',(-1.529590461710E0,2.649328394455E0,
-2.067738005408E0));
#2441=CARTESIAN_POINT('',(-1.184069781810E0,2.821151425355E0,
-2.080860290743E0));
#2442=CARTESIAN_POINT('',(-6.807657900145E-1,2.995538522674E0,
-2.100319995067E0));
#2443=CARTESIAN_POINT('',(1.268429805634E-14,3.088299618232E0,
-2.126534301705E0));
#2444=CARTESIAN_POINT('',(6.807657900145E-1,2.995538522674E0,
-2.152748608342E0));
#2445=CARTESIAN_POINT('',(1.184069781810E0,2.821151425355E0,-2.172208312666E0));
#2446=CARTESIAN_POINT('',(1.529590461710E0,2.649328394455E0,-2.185330598001E0));
#2447=CARTESIAN_POINT('',(1.851153911375E0,2.436010223578E0,-2.198452883336E0));
#2448=CARTESIAN_POINT('',(2.253829563643E0,2.087329729517E0,-2.217912587659E0));
#2449=CARTESIAN_POINT('',(2.674545923886E0,1.544149809116E0,-2.244126894297E0));
#2450=CARTESIAN_POINT('',(2.934595353658E0,9.082087931571E-1,
-2.270341200935E0));
#2451=CARTESIAN_POINT('',(3.035223693185E0,3.851412017769E-1,
-2.289800905259E0));
#2452=CARTESIAN_POINT('',(3.059180923421E0,0.E0,-2.302923190593E0));
#2453=CARTESIAN_POINT('',(3.035223693185E0,-3.851412017769E-1,
-2.316045475928E0));
#2454=CARTESIAN_POINT('',(2.934595353658E0,-9.082087931571E-1,
-2.335505180252E0));
#2455=CARTESIAN_POINT('',(2.674545923886E0,-1.544149809116E0,
-2.361719486890E0));
#2456=CARTESIAN_POINT('',(2.253829563643E0,-2.087329729517E0,
-2.387933793528E0));
#2457=CARTESIAN_POINT('',(1.851153911375E0,-2.436010223578E0,
-2.407393497851E0));
#2458=CARTESIAN_POINT('',(1.529590461710E0,-2.649328394455E0,
-2.420515783186E0));
#2459=CARTESIAN_POINT('',(1.184069781810E0,-2.821151425355E0,
-2.433638068521E0));
#2460=CARTESIAN_POINT('',(6.807657900145E-1,-2.995538522674E0,
-2.453097772844E0));
#2461=CARTESIAN_POINT('',(0.E0,-3.088299618232E0,-2.479312079482E0));
#2462=CARTESIAN_POINT('',(-6.807657900145E-1,-2.995538522674E0,
-2.505526386120E0));
#2463=CARTESIAN_POINT('',(-1.184069781810E0,-2.821151425355E0,
-2.524986090444E0));
#2464=CARTESIAN_POINT('',(-1.529590461710E0,-2.649328394455E0,
-2.538108375779E0));
#2465=CARTESIAN_POINT('',(-1.851153911375E0,-2.436010223578E0,
-2.551230661113E0));
#2466=CARTESIAN_POINT('',(-2.253829563643E0,-2.087329729517E0,
-2.570690365437E0));
#2467=CARTESIAN_POINT('',(-2.674545923886E0,-1.544149809116E0,
-2.596904672075E0));
#2468=CARTESIAN_POINT('',(-2.934595353658E0,-9.082087931571E-1,
-2.623118978713E0));
#2469=CARTESIAN_POINT('',(-3.035223693185E0,-3.851412017769E-1,
-2.642578683036E0));
#2470=CARTESIAN_POINT('',(-3.059180923421E0,0.E0,-2.655700968371E0));
#2471=CARTESIAN_POINT('',(-3.035223693185E0,3.851412017769E-1,
-2.668823253706E0));
#2472=CARTESIAN_POINT('',(-2.934595353658E0,9.082087931571E-1,
-2.688282958030E0));
#2473=CARTESIAN_POINT('',(-2.674545923886E0,1.544149809116E0,
-2.714497264667E0));
#2474=CARTESIAN_POINT('',(-2.253829563643E0,2.087329729517E0,
-2.740711571305E0));
#2475=CARTESIAN_POINT('',(-1.851153911375E0,2.436010223578E0,
-2.760171275629E0));
#2476=CARTESIAN_POINT('',(-1.529590461710E0,2.649328394455E0,
-2.773293560964E0));
#2477=CARTESIAN_POINT('',(-1.184069781810E0,2.821151425355E0,
-2.786415846298E0));
#2478=CARTESIAN_POINT('',(-6.807657900145E-1,2.995538522674E0,
-2.805875550622E0));
#2479=CARTESIAN_POINT('',(0.E0,3.088299618232E0,-2.832089857260E0));
#2480=CARTESIAN_POINT('',(6.807657900145E-1,2.995538522674E0,
-2.858304163898E0));
#2481=CARTESIAN_POINT('',(1.184069781810E0,2.821151425355E0,-2.877763868222E0));
#2482=CARTESIAN_POINT('',(1.529590461710E0,2.649328394455E0,-2.890886153556E0));
#2483=CARTESIAN_POINT('',(1.851153911375E0,2.436010223578E0,-2.904008438891E0));
#2484=CARTESIAN_POINT('',(2.253829563644E0,2.087329729517E0,-2.923468143215E0));
#2485=CARTESIAN_POINT('',(2.674545923886E0,1.544149809116E0,-2.949682449853E0));
#2486=CARTESIAN_POINT('',(2.934595353658E0,9.082087931571E-1,
-2.975896756490E0));
#2487=CARTESIAN_POINT('',(3.035223693185E0,3.851412017769E-1,
-2.995356460814E0));
#2488=CARTESIAN_POINT('',(3.059180923421E0,0.E0,-3.008478746149E0));
#2489=CARTESIAN_POINT('',(3.035223693185E0,-3.851412017769E-1,
-3.021601031484E0));
#2490=CARTESIAN_POINT('',(2.934595353658E0,-9.082087931571E-1,
-3.041060735807E0));
#2491=CARTESIAN_POINT('',(2.674545923886E0,-1.544149809116E0,
-3.067275042445E0));
#2492=CARTESIAN_POINT('',(2.253829563643E0,-2.087329729517E0,
-3.093489349083E0));
#2493=CARTESIAN_POINT('',(1.851153911375E0,-2.436010223578E0,
-3.112949053407E0));
#2494=CARTESIAN_POINT('',(1.529590461710E0,-2.649328394455E0,
-3.126071338742E0));
#2495=CARTESIAN_POINT('',(1.184069781810E0,-2.821151425355E0,
-3.139193624076E0));
#2496=CARTESIAN_POINT('',(6.807657900145E-1,-2.995538522674E0,
-3.158653328400E0));
#2497=CARTESIAN_POINT('',(3.086420008458E-14,-3.088299618232E0,
-3.184867635038E0));
#2498=CARTESIAN_POINT('',(-6.807657900145E-1,-2.995538522674E0,
-3.211081941676E0));
#2499=CARTESIAN_POINT('',(-1.184069781810E0,-2.821151425355E0,
-3.230541645999E0));
#2500=CARTESIAN_POINT('',(-1.529590461710E0,-2.649328394455E0,
-3.243663931334E0));
#2501=CARTESIAN_POINT('',(-1.851153911375E0,-2.436010223578E0,
-3.256786216669E0));
#2502=CARTESIAN_POINT('',(-2.253829563643E0,-2.087329729517E0,
-3.276245920993E0));
#2503=CARTESIAN_POINT('',(-2.674545923886E0,-1.544149809116E0,
-3.302460227630E0));
#2504=CARTESIAN_POINT('',(-2.934595353658E0,-9.082087931572E-1,
-3.328674534268E0));
#2505=CARTESIAN_POINT('',(-3.035223693185E0,-3.851412017769E-1,
-3.348134238592E0));
#2506=CARTESIAN_POINT('',(-3.059180923421E0,0.E0,-3.361256523927E0));
#2507=CARTESIAN_POINT('',(-3.035223693185E0,3.851412017769E-1,
-3.374378809261E0));
#2508=CARTESIAN_POINT('',(-2.934595353658E0,9.082087931571E-1,
-3.393838513585E0));
#2509=CARTESIAN_POINT('',(-2.674545923886E0,1.544149809116E0,
-3.420052820223E0));
#2510=CARTESIAN_POINT('',(-2.253829563643E0,2.087329729517E0,
-3.446267126861E0));
#2511=CARTESIAN_POINT('',(-1.851153911375E0,2.436010223578E0,
-3.465726831185E0));
#2512=CARTESIAN_POINT('',(-1.529590461710E0,2.649328394455E0,
-3.478849116519E0));
#2513=CARTESIAN_POINT('',(-1.184069781810E0,2.821151425355E0,
-3.491971401854E0));
#2514=CARTESIAN_POINT('',(-6.807657900145E-1,2.995538522674E0,
-3.511431106178E0));
#2515=CARTESIAN_POINT('',(2.547961841515E-14,3.088299618232E0,
-3.537645412816E0));
#2516=CARTESIAN_POINT('',(6.807657900145E-1,2.995538522674E0,
-3.563859719453E0));
#2517=CARTESIAN_POINT('',(1.184069781810E0,2.821151425355E0,-3.583319423777E0));
#2518=CARTESIAN_POINT('',(1.529590461710E0,2.649328394455E0,-3.596441709112E0));
#2519=CARTESIAN_POINT('',(1.851153911375E0,2.436010223578E0,-3.609563994447E0));
#2520=CARTESIAN_POINT('',(2.253829563643E0,2.087329729517E0,-3.629023698770E0));
#2521=CARTESIAN_POINT('',(2.674545923886E0,1.544149809116E0,-3.655238005408E0));
#2522=CARTESIAN_POINT('',(2.934595353658E0,9.082087931571E-1,
-3.681452312046E0));
#2523=CARTESIAN_POINT('',(3.035223693185E0,3.851412017769E-1,
-3.700912016370E0));
#2524=CARTESIAN_POINT('',(3.059180923421E0,-1.611211164487E-14,
-3.714034301705E0));
#2525=CARTESIAN_POINT('',(3.035223693185E0,-3.851412017769E-1,
-3.727156587039E0));
#2526=CARTESIAN_POINT('',(2.934595353658E0,-9.082087931572E-1,
-3.746616291363E0));
#2527=CARTESIAN_POINT('',(2.674545923886E0,-1.544149809116E0,
-3.772830598001E0));
#2528=CARTESIAN_POINT('',(2.253829563644E0,-2.087329729517E0,
-3.799044904639E0));
#2529=CARTESIAN_POINT('',(1.851153911375E0,-2.436010223578E0,
-3.818504608962E0));
#2530=CARTESIAN_POINT('',(1.529590461710E0,-2.649328394455E0,
-3.831626894297E0));
#2531=CARTESIAN_POINT('',(1.184069781810E0,-2.821151425355E0,
-3.844749179632E0));
#2532=CARTESIAN_POINT('',(6.807657900145E-1,-2.995538522674E0,
-3.864208883956E0));
#2533=CARTESIAN_POINT('',(-2.481348460037E-14,-3.088299618232E0,
-3.890423190593E0));
#2534=CARTESIAN_POINT('',(-6.807657900145E-1,-2.995538522674E0,
-3.916637497231E0));
#2535=CARTESIAN_POINT('',(-1.184069781810E0,-2.821151425355E0,
-3.936097201555E0));
#2536=CARTESIAN_POINT('',(-1.529590461710E0,-2.649328394455E0,
-3.949219486890E0));
#2537=CARTESIAN_POINT('',(-1.851153911375E0,-2.436010223578E0,
-3.962341772224E0));
#2538=CARTESIAN_POINT('',(-2.253829563643E0,-2.087329729517E0,
-3.981801476548E0));
#2539=CARTESIAN_POINT('',(-2.674545923886E0,-1.544149809116E0,
-4.008015783186E0));
#2540=CARTESIAN_POINT('',(-2.934595353658E0,-9.082087931571E-1,
-4.034230089824E0));
#2541=CARTESIAN_POINT('',(-3.035223693185E0,-3.851412017769E-1,
-4.053689794148E0));
#2542=CARTESIAN_POINT('',(-3.059180923421E0,1.519617764956E-14,
-4.066812079482E0));
#2543=CARTESIAN_POINT('',(-3.035223693185E0,3.851412017769E-1,
-4.079934364817E0));
#2544=CARTESIAN_POINT('',(-2.934595353658E0,9.082087931571E-1,
-4.099394069141E0));
#2545=CARTESIAN_POINT('',(-2.674545923886E0,1.544149809116E0,
-4.125608375779E0));
#2546=CARTESIAN_POINT('',(-2.253829563643E0,2.087329729517E0,
-4.151822682416E0));
#2547=CARTESIAN_POINT('',(-1.851153911375E0,2.436010223578E0,
-4.171282386740E0));
#2548=CARTESIAN_POINT('',(-1.529590461710E0,2.649328394455E0,
-4.184404672075E0));
#2549=CARTESIAN_POINT('',(-1.184069781810E0,2.821151425355E0,
-4.197526957410E0));
#2550=CARTESIAN_POINT('',(-6.807657900145E-1,2.995538522674E0,
-4.216986661733E0));
#2551=CARTESIAN_POINT('',(0.E0,3.088299618232E0,-4.243200968371E0));
#2552=CARTESIAN_POINT('',(6.807657900145E-1,2.995538522674E0,
-4.269415275009E0));
#2553=CARTESIAN_POINT('',(1.184069781810E0,2.821151425355E0,-4.288874979333E0));
#2554=CARTESIAN_POINT('',(1.529590461710E0,2.649328394455E0,-4.301997264667E0));
#2555=CARTESIAN_POINT('',(1.851153911375E0,2.436010223578E0,-4.315119550002E0));
#2556=CARTESIAN_POINT('',(2.253829563643E0,2.087329729517E0,-4.334579254326E0));
#2557=CARTESIAN_POINT('',(2.520534447857E0,1.742991473467E0,-4.351197299825E0));
#2558=CARTESIAN_POINT('',(2.711253798518E0,1.403658109332E0,-4.366185450888E0));
#2559=CARTESIAN_POINT('',(2.762563810769E0,1.298517640862E0,-4.370679998286E0));
#2560=CARTESIAN_POINT('',(2.799735406999E0,1.212647777398E0,-4.374260952748E0));
#2561=CARTESIAN_POINT('',(-1.429062955274E0,2.846935669205E0,
-5.852368110239E-1));
#2562=CARTESIAN_POINT('',(-1.343277694671E0,2.890033638358E0,
-5.883449909472E-1));
#2563=CARTESIAN_POINT('',(-1.152387190336E0,2.975284148818E0,
-5.953388221219E-1));
#2564=CARTESIAN_POINT('',(-6.851376436145E-1,3.130833533957E0,
-6.126385667438E-1));
#2565=CARTESIAN_POINT('',(0.E0,3.224190337959E0,-6.379092647087E-1));
#2566=CARTESIAN_POINT('',(7.107207052127E-1,3.127347587900E0,
-6.641235713465E-1));
#2567=CARTESIAN_POINT('',(1.236170974941E0,2.945287145668E0,
-6.835832756703E-1));
#2568=CARTESIAN_POINT('',(1.596895184187E0,2.765903593374E0,
-6.967055610050E-1));
#2569=CARTESIAN_POINT('',(1.932608002117E0,2.543199040554E0,
-7.098278463397E-1));
#2570=CARTESIAN_POINT('',(2.353002104979E0,2.179175979660E0,
-7.292875506635E-1));
#2571=CARTESIAN_POINT('',(2.792230739308E0,1.612095168979E0,
-7.555018573013E-1));
#2572=CARTESIAN_POINT('',(3.063722810192E0,9.481716082402E-1,
-7.817161639391E-1));
#2573=CARTESIAN_POINT('',(3.168778977058E0,4.020881051139E-1,
-8.011758682629E-1));
#2574=CARTESIAN_POINT('',(3.193790368374E0,0.E0,-8.142981535976E-1));
#2575=CARTESIAN_POINT('',(3.168778977058E0,-4.020881051139E-1,
-8.274204389323E-1));
#2576=CARTESIAN_POINT('',(3.063722810192E0,-9.481716082402E-1,
-8.468801432561E-1));
#2577=CARTESIAN_POINT('',(2.792230739308E0,-1.612095168979E0,
-8.730944498939E-1));
#2578=CARTESIAN_POINT('',(2.353002104979E0,-2.179175979660E0,
-8.993087565317E-1));
#2579=CARTESIAN_POINT('',(1.932608002117E0,-2.543199040554E0,
-9.187684608555E-1));
#2580=CARTESIAN_POINT('',(1.596895184187E0,-2.765903593374E0,
-9.318907461902E-1));
#2581=CARTESIAN_POINT('',(1.236170974941E0,-2.945287145668E0,
-9.450130315249E-1));
#2582=CARTESIAN_POINT('',(7.107207052127E-1,-3.127347587900E0,
-9.644727358487E-1));
#2583=CARTESIAN_POINT('',(0.E0,-3.224190337959E0,-9.906870424865E-1));
#2584=CARTESIAN_POINT('',(-7.107207052127E-1,-3.127347587900E0,
-1.016901349124E0));
#2585=CARTESIAN_POINT('',(-1.236170974941E0,-2.945287145668E0,
-1.036361053448E0));
#2586=CARTESIAN_POINT('',(-1.596895184187E0,-2.765903593374E0,
-1.049483338783E0));
#2587=CARTESIAN_POINT('',(-1.932608002117E0,-2.543199040554E0,
-1.062605624117E0));
#2588=CARTESIAN_POINT('',(-2.353002104979E0,-2.179175979660E0,
-1.082065328441E0));
#2589=CARTESIAN_POINT('',(-2.792230739308E0,-1.612095168979E0,
-1.108279635079E0));
#2590=CARTESIAN_POINT('',(-3.063722810192E0,-9.481716082402E-1,
-1.134493941717E0));
#2591=CARTESIAN_POINT('',(-3.168778977058E0,-4.020881051139E-1,
-1.153953646041E0));
#2592=CARTESIAN_POINT('',(-3.193790368374E0,0.E0,-1.167075931375E0));
#2593=CARTESIAN_POINT('',(-3.168778977058E0,4.020881051139E-1,
-1.180198216710E0));
#2594=CARTESIAN_POINT('',(-3.063722810192E0,9.481716082402E-1,
-1.199657921034E0));
#2595=CARTESIAN_POINT('',(-2.792230739308E0,1.612095168979E0,
-1.225872227672E0));
#2596=CARTESIAN_POINT('',(-2.353002104979E0,2.179175979660E0,
-1.252086534309E0));
#2597=CARTESIAN_POINT('',(-1.932608002117E0,2.543199040554E0,
-1.271546238633E0));
#2598=CARTESIAN_POINT('',(-1.596895184187E0,2.765903593374E0,
-1.284668523968E0));
#2599=CARTESIAN_POINT('',(-1.236170974941E0,2.945287145668E0,
-1.297790809303E0));
#2600=CARTESIAN_POINT('',(-7.107207052127E-1,3.127347587900E0,
-1.317250513626E0));
#2601=CARTESIAN_POINT('',(0.E0,3.224190337959E0,-1.343464820264E0));
#2602=CARTESIAN_POINT('',(7.107207052127E-1,3.127347587900E0,
-1.369679126902E0));
#2603=CARTESIAN_POINT('',(1.236170974941E0,2.945287145668E0,-1.389138831226E0));
#2604=CARTESIAN_POINT('',(1.596895184187E0,2.765903593374E0,-1.402261116561E0));
#2605=CARTESIAN_POINT('',(1.932608002117E0,2.543199040554E0,-1.415383401895E0));
#2606=CARTESIAN_POINT('',(2.353002104979E0,2.179175979660E0,-1.434843106219E0));
#2607=CARTESIAN_POINT('',(2.792230739308E0,1.612095168979E0,-1.461057412857E0));
#2608=CARTESIAN_POINT('',(3.063722810192E0,9.481716082402E-1,
-1.487271719495E0));
#2609=CARTESIAN_POINT('',(3.168778977058E0,4.020881051139E-1,
-1.506731423818E0));
#2610=CARTESIAN_POINT('',(3.193790368374E0,0.E0,-1.519853709153E0));
#2611=CARTESIAN_POINT('',(3.168778977058E0,-4.020881051139E-1,
-1.532975994488E0));
#2612=CARTESIAN_POINT('',(3.063722810192E0,-9.481716082402E-1,
-1.552435698812E0));
#2613=CARTESIAN_POINT('',(2.792230739309E0,-1.612095168979E0,
-1.578650005449E0));
#2614=CARTESIAN_POINT('',(2.353002104979E0,-2.179175979660E0,
-1.604864312087E0));
#2615=CARTESIAN_POINT('',(1.932608002117E0,-2.543199040554E0,
-1.624324016411E0));
#2616=CARTESIAN_POINT('',(1.596895184187E0,-2.765903593374E0,
-1.637446301746E0));
#2617=CARTESIAN_POINT('',(1.236170974941E0,-2.945287145668E0,
-1.650568587080E0));
#2618=CARTESIAN_POINT('',(7.107207052126E-1,-3.127347587900E0,
-1.670028291404E0));
#2619=CARTESIAN_POINT('',(1.537658889106E-14,-3.224190337959E0,
-1.696242598042E0));
#2620=CARTESIAN_POINT('',(-7.107207052127E-1,-3.127347587900E0,
-1.722456904680E0));
#2621=CARTESIAN_POINT('',(-1.236170974941E0,-2.945287145668E0,
-1.741916609004E0));
#2622=CARTESIAN_POINT('',(-1.596895184187E0,-2.765903593374E0,
-1.755038894338E0));
#2623=CARTESIAN_POINT('',(-1.932608002117E0,-2.543199040554E0,
-1.768161179673E0));
#2624=CARTESIAN_POINT('',(-2.353002104979E0,-2.179175979660E0,
-1.787620883997E0));
#2625=CARTESIAN_POINT('',(-2.792230739308E0,-1.612095168979E0,
-1.813835190635E0));
#2626=CARTESIAN_POINT('',(-3.063722810192E0,-9.481716082402E-1,
-1.840049497272E0));
#2627=CARTESIAN_POINT('',(-3.168778977058E0,-4.020881051139E-1,
-1.859509201596E0));
#2628=CARTESIAN_POINT('',(-3.193790368374E0,0.E0,-1.872631486931E0));
#2629=CARTESIAN_POINT('',(-3.168778977058E0,4.020881051139E-1,
-1.885753772266E0));
#2630=CARTESIAN_POINT('',(-3.063722810192E0,9.481716082402E-1,
-1.905213476589E0));
#2631=CARTESIAN_POINT('',(-2.792230739308E0,1.612095168979E0,
-1.931427783227E0));
#2632=CARTESIAN_POINT('',(-2.353002104979E0,2.179175979660E0,
-1.957642089865E0));
#2633=CARTESIAN_POINT('',(-1.932608002117E0,2.543199040554E0,
-1.977101794189E0));
#2634=CARTESIAN_POINT('',(-1.596895184187E0,2.765903593374E0,
-1.990224079524E0));
#2635=CARTESIAN_POINT('',(-1.236170974941E0,2.945287145668E0,
-2.003346364858E0));
#2636=CARTESIAN_POINT('',(-7.107207052127E-1,3.127347587900E0,
-2.022806069182E0));
#2637=CARTESIAN_POINT('',(1.329492071989E-14,3.224190337959E0,
-2.049020375820E0));
#2638=CARTESIAN_POINT('',(7.107207052126E-1,3.127347587900E0,
-2.075234682458E0));
#2639=CARTESIAN_POINT('',(1.236170974941E0,2.945287145668E0,-2.094694386781E0));
#2640=CARTESIAN_POINT('',(1.596895184187E0,2.765903593374E0,-2.107816672116E0));
#2641=CARTESIAN_POINT('',(1.932608002117E0,2.543199040554E0,-2.120938957451E0));
#2642=CARTESIAN_POINT('',(2.353002104979E0,2.179175979660E0,-2.140398661775E0));
#2643=CARTESIAN_POINT('',(2.792230739308E0,1.612095168979E0,-2.166612968412E0));
#2644=CARTESIAN_POINT('',(3.063722810192E0,9.481716082402E-1,
-2.192827275050E0));
#2645=CARTESIAN_POINT('',(3.168778977058E0,4.020881051139E-1,
-2.212286979374E0));
#2646=CARTESIAN_POINT('',(3.193790368374E0,0.E0,-2.225409264709E0));
#2647=CARTESIAN_POINT('',(3.168778977058E0,-4.020881051139E-1,
-2.238531550043E0));
#2648=CARTESIAN_POINT('',(3.063722810192E0,-9.481716082402E-1,
-2.257991254367E0));
#2649=CARTESIAN_POINT('',(2.792230739308E0,-1.612095168979E0,
-2.284205561005E0));
#2650=CARTESIAN_POINT('',(2.353002104979E0,-2.179175979660E0,
-2.310419867643E0));
#2651=CARTESIAN_POINT('',(1.932608002117E0,-2.543199040554E0,
-2.329879571967E0));
#2652=CARTESIAN_POINT('',(1.596895184187E0,-2.765903593374E0,
-2.343001857301E0));
#2653=CARTESIAN_POINT('',(1.236170974941E0,-2.945287145668E0,
-2.356124142636E0));
#2654=CARTESIAN_POINT('',(7.107207052127E-1,-3.127347587900E0,
-2.375583846960E0));
#2655=CARTESIAN_POINT('',(0.E0,-3.224190337959E0,-2.401798153598E0));
#2656=CARTESIAN_POINT('',(-7.107207052127E-1,-3.127347587900E0,
-2.428012460235E0));
#2657=CARTESIAN_POINT('',(-1.236170974941E0,-2.945287145668E0,
-2.447472164559E0));
#2658=CARTESIAN_POINT('',(-1.596895184187E0,-2.765903593374E0,
-2.460594449894E0));
#2659=CARTESIAN_POINT('',(-1.932608002117E0,-2.543199040554E0,
-2.473716735229E0));
#2660=CARTESIAN_POINT('',(-2.353002104979E0,-2.179175979660E0,
-2.493176439552E0));
#2661=CARTESIAN_POINT('',(-2.792230739308E0,-1.612095168979E0,
-2.519390746190E0));
#2662=CARTESIAN_POINT('',(-3.063722810192E0,-9.481716082402E-1,
-2.545605052828E0));
#2663=CARTESIAN_POINT('',(-3.168778977058E0,-4.020881051139E-1,
-2.565064757152E0));
#2664=CARTESIAN_POINT('',(-3.193790368374E0,0.E0,-2.578187042486E0));
#2665=CARTESIAN_POINT('',(-3.168778977058E0,4.020881051139E-1,
-2.591309327821E0));
#2666=CARTESIAN_POINT('',(-3.063722810192E0,9.481716082402E-1,
-2.610769032145E0));
#2667=CARTESIAN_POINT('',(-2.792230739309E0,1.612095168979E0,
-2.636983338783E0));
#2668=CARTESIAN_POINT('',(-2.353002104979E0,2.179175979660E0,
-2.663197645421E0));
#2669=CARTESIAN_POINT('',(-1.932608002117E0,2.543199040554E0,
-2.682657349744E0));
#2670=CARTESIAN_POINT('',(-1.596895184187E0,2.765903593374E0,
-2.695779635079E0));
#2671=CARTESIAN_POINT('',(-1.236170974941E0,2.945287145668E0,
-2.708901920414E0));
#2672=CARTESIAN_POINT('',(-7.107207052126E-1,3.127347587900E0,
-2.728361624738E0));
#2673=CARTESIAN_POINT('',(0.E0,3.224190337959E0,-2.754575931375E0));
#2674=CARTESIAN_POINT('',(7.107207052127E-1,3.127347587900E0,
-2.780790238013E0));
#2675=CARTESIAN_POINT('',(1.236170974941E0,2.945287145668E0,-2.800249942337E0));
#2676=CARTESIAN_POINT('',(1.596895184187E0,2.765903593374E0,-2.813372227672E0));
#2677=CARTESIAN_POINT('',(1.932608002117E0,2.543199040554E0,-2.826494513006E0));
#2678=CARTESIAN_POINT('',(2.353002104979E0,2.179175979660E0,-2.845954217330E0));
#2679=CARTESIAN_POINT('',(2.792230739308E0,1.612095168979E0,-2.872168523968E0));
#2680=CARTESIAN_POINT('',(3.063722810192E0,9.481716082402E-1,
-2.898382830606E0));
#2681=CARTESIAN_POINT('',(3.168778977058E0,4.020881051139E-1,
-2.917842534930E0));
#2682=CARTESIAN_POINT('',(3.193790368374E0,0.E0,-2.930964820264E0));
#2683=CARTESIAN_POINT('',(3.168778977058E0,-4.020881051139E-1,
-2.944087105599E0));
#2684=CARTESIAN_POINT('',(3.063722810192E0,-9.481716082402E-1,
-2.963546809923E0));
#2685=CARTESIAN_POINT('',(2.792230739308E0,-1.612095168979E0,
-2.989761116561E0));
#2686=CARTESIAN_POINT('',(2.353002104979E0,-2.179175979660E0,
-3.015975423198E0));
#2687=CARTESIAN_POINT('',(1.932608002117E0,-2.543199040554E0,
-3.035435127522E0));
#2688=CARTESIAN_POINT('',(1.596895184187E0,-2.765903593374E0,
-3.048557412857E0));
#2689=CARTESIAN_POINT('',(1.236170974941E0,-2.945287145668E0,
-3.061679698192E0));
#2690=CARTESIAN_POINT('',(7.107207052127E-1,-3.127347587900E0,
-3.081139402515E0));
#2691=CARTESIAN_POINT('',(3.222422328975E-14,-3.224190337959E0,
-3.107353709153E0));
#2692=CARTESIAN_POINT('',(-7.107207052127E-1,-3.127347587900E0,
-3.133568015791E0));
#2693=CARTESIAN_POINT('',(-1.236170974941E0,-2.945287145668E0,
-3.153027720115E0));
#2694=CARTESIAN_POINT('',(-1.596895184187E0,-2.765903593374E0,
-3.166150005449E0));
#2695=CARTESIAN_POINT('',(-1.932608002117E0,-2.543199040554E0,
-3.179272290784E0));
#2696=CARTESIAN_POINT('',(-2.353002104979E0,-2.179175979660E0,
-3.198731995108E0));
#2697=CARTESIAN_POINT('',(-2.792230739308E0,-1.612095168979E0,
-3.224946301746E0));
#2698=CARTESIAN_POINT('',(-3.063722810192E0,-9.481716082402E-1,
-3.251160608384E0));
#2699=CARTESIAN_POINT('',(-3.168778977058E0,-4.020881051140E-1,
-3.270620312707E0));
#2700=CARTESIAN_POINT('',(-3.193790368374E0,0.E0,-3.283742598042E0));
#2701=CARTESIAN_POINT('',(-3.168778977058E0,4.020881051139E-1,
-3.296864883377E0));
#2702=CARTESIAN_POINT('',(-3.063722810192E0,9.481716082402E-1,
-3.316324587701E0));
#2703=CARTESIAN_POINT('',(-2.792230739309E0,1.612095168979E0,
-3.342538894338E0));
#2704=CARTESIAN_POINT('',(-2.353002104979E0,2.179175979660E0,
-3.368753200976E0));
#2705=CARTESIAN_POINT('',(-1.932608002117E0,2.543199040554E0,
-3.388212905300E0));
#2706=CARTESIAN_POINT('',(-1.596895184187E0,2.765903593374E0,
-3.401335190635E0));
#2707=CARTESIAN_POINT('',(-1.236170974941E0,2.945287145668E0,
-3.414457475969E0));
#2708=CARTESIAN_POINT('',(-7.107207052127E-1,3.127347587900E0,
-3.433917180293E0));
#2709=CARTESIAN_POINT('',(2.678413046908E-14,3.224190337959E0,
-3.460131486931E0));
#2710=CARTESIAN_POINT('',(7.107207052126E-1,3.127347587900E0,
-3.486345793569E0));
#2711=CARTESIAN_POINT('',(1.236170974941E0,2.945287145668E0,-3.505805497893E0));
#2712=CARTESIAN_POINT('',(1.596895184187E0,2.765903593374E0,-3.518927783227E0));
#2713=CARTESIAN_POINT('',(1.932608002117E0,2.543199040554E0,-3.532050068562E0));
#2714=CARTESIAN_POINT('',(2.353002104979E0,2.179175979660E0,-3.551509772886E0));
#2715=CARTESIAN_POINT('',(2.792230739308E0,1.612095168979E0,-3.577724079524E0));
#2716=CARTESIAN_POINT('',(3.063722810192E0,9.481716082402E-1,
-3.603938386161E0));
#2717=CARTESIAN_POINT('',(3.168778977058E0,4.020881051139E-1,
-3.623398090485E0));
#2718=CARTESIAN_POINT('',(3.193790368374E0,-1.684763439869E-14,
-3.636520375820E0));
#2719=CARTESIAN_POINT('',(3.168778977058E0,-4.020881051139E-1,
-3.649642661155E0));
#2720=CARTESIAN_POINT('',(3.063722810192E0,-9.481716082402E-1,
-3.669102365478E0));
#2721=CARTESIAN_POINT('',(2.792230739308E0,-1.612095168979E0,
-3.695316672116E0));
#2722=CARTESIAN_POINT('',(2.353002104979E0,-2.179175979660E0,
-3.721530978754E0));
#2723=CARTESIAN_POINT('',(1.932608002117E0,-2.543199040554E0,
-3.740990683078E0));
#2724=CARTESIAN_POINT('',(1.596895184187E0,-2.765903593374E0,
-3.754112968412E0));
#2725=CARTESIAN_POINT('',(1.236170974941E0,-2.945287145668E0,
-3.767235253747E0));
#2726=CARTESIAN_POINT('',(7.107207052127E-1,-3.127347587900E0,
-3.786694958071E0));
#2727=CARTESIAN_POINT('',(-2.572941859569E-14,-3.224190337959E0,
-3.812909264709E0));
#2728=CARTESIAN_POINT('',(-7.107207052127E-1,-3.127347587900E0,
-3.839123571346E0));
#2729=CARTESIAN_POINT('',(-1.236170974941E0,-2.945287145668E0,
-3.858583275670E0));
#2730=CARTESIAN_POINT('',(-1.596895184187E0,-2.765903593374E0,
-3.871705561005E0));
#2731=CARTESIAN_POINT('',(-1.932608002117E0,-2.543199040554E0,
-3.884827846340E0));
#2732=CARTESIAN_POINT('',(-2.353002104979E0,-2.179175979660E0,
-3.904287550663E0));
#2733=CARTESIAN_POINT('',(-2.792230739308E0,-1.612095168979E0,
-3.930501857301E0));
#2734=CARTESIAN_POINT('',(-3.063722810192E0,-9.481716082402E-1,
-3.956716163939E0));
#2735=CARTESIAN_POINT('',(-3.168778977058E0,-4.020881051139E-1,
-3.976175868263E0));
#2736=CARTESIAN_POINT('',(-3.193790368374E0,1.591782261556E-14,
-3.989298153598E0));
#2737=CARTESIAN_POINT('',(-3.168778977058E0,4.020881051139E-1,
-4.002420438932E0));
#2738=CARTESIAN_POINT('',(-3.063722810192E0,9.481716082402E-1,
-4.021880143256E0));
#2739=CARTESIAN_POINT('',(-2.792230739308E0,1.612095168979E0,
-4.048094449894E0));
#2740=CARTESIAN_POINT('',(-2.353002104979E0,2.179175979660E0,
-4.074308756532E0));
#2741=CARTESIAN_POINT('',(-1.932608002117E0,2.543199040554E0,
-4.093768460855E0));
#2742=CARTESIAN_POINT('',(-1.596895184187E0,2.765903593374E0,
-4.106890746190E0));
#2743=CARTESIAN_POINT('',(-1.236170974941E0,2.945287145668E0,
-4.120013031525E0));
#2744=CARTESIAN_POINT('',(-7.107207052126E-1,3.127347587900E0,
-4.139472735849E0));
#2745=CARTESIAN_POINT('',(0.E0,3.224190337959E0,-4.165687042486E0));
#2746=CARTESIAN_POINT('',(7.107207052127E-1,3.127347587900E0,
-4.191901349124E0));
#2747=CARTESIAN_POINT('',(1.236170974941E0,2.945287145668E0,-4.211361053448E0));
#2748=CARTESIAN_POINT('',(1.596895184187E0,2.765903593374E0,-4.224483338783E0));
#2749=CARTESIAN_POINT('',(1.932608002117E0,2.543199040554E0,-4.237605624117E0));
#2750=CARTESIAN_POINT('',(2.353002104979E0,2.179175979660E0,-4.257065328441E0));
#2751=CARTESIAN_POINT('',(2.631442482231E0,1.819686223033E0,-4.273683373940E0));
#2752=CARTESIAN_POINT('',(2.830553826232E0,1.465421582540E0,-4.288671525003E0));
#2753=CARTESIAN_POINT('',(2.884121571007E0,1.355654744967E0,-4.293166072402E0));
#2754=CARTESIAN_POINT('',(2.922928784110E0,1.266006453568E0,-4.296747026863E0));
#2755=B_SPLINE_SURFACE_WITH_KNOTS('',3,3,((#1979,#1980,#1981,#1982,#1983,#1984,
#1985,#1986,#1987,#1988,#1989,#1990,#1991,#1992,#1993,#1994,#1995,#1996,#1997,
#1998,#1999,#2000,#2001,#2002,#2003,#2004,#2005,#2006,#2007,#2008,#2009,#2010,
#2011,#2012,#2013,#2014,#2015,#2016,#2017,#2018,#2019,#2020,#2021,#2022,#2023,
#2024,#2025,#2026,#2027,#2028,#2029,#2030,#2031,#2032,#2033,#2034,#2035,#2036,
#2037,#2038,#2039,#2040,#2041,#2042,#2043,#2044,#2045,#2046,#2047,#2048,#2049,
#2050,#2051,#2052,#2053,#2054,#2055,#2056,#2057,#2058,#2059,#2060,#2061,#2062,
#2063,#2064,#2065,#2066,#2067,#2068,#2069,#2070,#2071,#2072,#2073,#2074,#2075,
#2076,#2077,#2078,#2079,#2080,#2081,#2082,#2083,#2084,#2085,#2086,#2087,#2088,
#2089,#2090,#2091,#2092,#2093,#2094,#2095,#2096,#2097,#2098,#2099,#2100,#2101,
#2102,#2103,#2104,#2105,#2106,#2107,#2108,#2109,#2110,#2111,#2112,#2113,#2114,
#2115,#2116,#2117,#2118,#2119,#2120,#2121,#2122,#2123,#2124,#2125,#2126,#2127,
#2128,#2129,#2130,#2131,#2132,#2133,#2134,#2135,#2136,#2137,#2138,#2139,#2140,
#2141,#2142,#2143,#2144,#2145,#2146,#2147,#2148,#2149,#2150,#2151,#2152,#2153,
#2154,#2155,#2156,#2157,#2158,#2159,#2160,#2161,#2162,#2163,#2164,#2165,#2166,
#2167,#2168,#2169,#2170,#2171,#2172),(#2173,#2174,#2175,#2176,#2177,#2178,#2179,
#2180,#2181,#2182,#2183,#2184,#2185,#2186,#2187,#2188,#2189,#2190,#2191,#2192,
#2193,#2194,#2195,#2196,#2197,#2198,#2199,#2200,#2201,#2202,#2203,#2204,#2205,
#2206,#2207,#2208,#2209,#2210,#2211,#2212,#2213,#2214,#2215,#2216,#2217,#2218,
#2219,#2220,#2221,#2222,#2223,#2224,#2225,#2226,#2227,#2228,#2229,#2230,#2231,
#2232,#2233,#2234,#2235,#2236,#2237,#2238,#2239,#2240,#2241,#2242,#2243,#2244,
#2245,#2246,#2247,#2248,#2249,#2250,#2251,#2252,#2253,#2254,#2255,#2256,#2257,
#2258,#2259,#2260,#2261,#2262,#2263,#2264,#2265,#2266,#2267,#2268,#2269,#2270,
#2271,#2272,#2273,#2274,#2275,#2276,#2277,#2278,#2279,#2280,#2281,#2282,#2283,
#2284,#2285,#2286,#2287,#2288,#2289,#2290,#2291,#2292,#2293,#2294,#2295,#2296,
#2297,#2298,#2299,#2300,#2301,#2302,#2303,#2304,#2305,#2306,#2307,#2308,#2309,
#2310,#2311,#2312,#2313,#2314,#2315,#2316,#2317,#2318,#2319,#2320,#2321,#2322,
#2323,#2324,#2325,#2326,#2327,#2328,#2329,#2330,#2331,#2332,#2333,#2334,#2335,
#2336,#2337,#2338,#2339,#2340,#2341,#2342,#2343,#2344,#2345,#2346,#2347,#2348,
#2349,#2350,#2351,#2352,#2353,#2354,#2355,#2356,#2357,#2358,#2359,#2360,#2361,
#2362,#2363,#2364,#2365,#2366),(#2367,#2368,#2369,#2370,#2371,#2372,#2373,#2374,
#2375,#2376,#2377,#2378,#2379,#2380,#2381,#2382,#2383,#2384,#2385,#2386,#2387,
#2388,#2389,#2390,#2391,#2392,#2393,#2394,#2395,#2396,#2397,#2398,#2399,#2400,
#2401,#2402,#2403,#2404,#2405,#2406,#2407,#2408,#2409,#2410,#2411,#2412,#2413,
#2414,#2415,#2416,#2417,#2418,#2419,#2420,#2421,#2422,#2423,#2424,#2425,#2426,
#2427,#2428,#2429,#2430,#2431,#2432,#2433,#2434,#2435,#2436,#2437,#2438,#2439,
#2440,#2441,#2442,#2443,#2444,#2445,#2446,#2447,#2448,#2449,#2450,#2451,#2452,
#2453,#2454,#2455,#2456,#2457,#2458,#2459,#2460,#2461,#2462,#2463,#2464,#2465,
#2466,#2467,#2468,#2469,#2470,#2471,#2472,#2473,#2474,#2475,#2476,#2477,#2478,
#2479,#2480,#2481,#2482,#2483,#2484,#2485,#2486,#2487,#2488,#2489,#2490,#2491,
#2492,#2493,#2494,#2495,#2496,#2497,#2498,#2499,#2500,#2501,#2502,#2503,#2504,
#2505,#2506,#2507,#2508,#2509,#2510,#2511,#2512,#2513,#2514,#2515,#2516,#2517,
#2518,#2519,#2520,#2521,#2522,#2523,#2524,#2525,#2526,#2527,#2528,#2529,#2530,
#2531,#2532,#2533,#2534,#2535,#2536,#2537,#2538,#2539,#2540,#2541,#2542,#2543,
#2544,#2545,#2546,#2547,#2548,#2549,#2550,#2551,#2552,#2553,#2554,#2555,#2556,
#2557,#2558,#2559,#2560),(#2561,#2562,#2563,#2564,#2565,#2566,#2567,#2568,#2569,
#2570,#2571,#2572,#2573,#2574,#2575,#2576,#2577,#2578,#2579,#2580,#2581,#2582,
#2583,#2584,#2585,#2586,#2587,#2588,#2589,#2590,#2591,#2592,#2593,#2594,#2595,
#2596,#2597,#2598,#2599,#2600,#2601,#2602,#2603,#2604,#2605,#2606,#2607,#2608,
#2609,#2610,#2611,#2612,#2613,#2614,#2615,#2616,#2617,#2618,#2619,#2620,#2621,
#2622,#2623,#2624,#2625,#2626,#2627,#2628,#2629,#2630,#2631,#2632,#2633,#2634,
#2635,#2636,#2637,#2638,#2639,#2640,#2641,#2642,#2643,#2644,#2645,#2646,#2647,
#2648,#2649,#2650,#2651,#2652,#2653,#2654,#2655,#2656,#2657,#2658,#2659,#2660,
#2661,#2662,#2663,#2664,#2665,#2666,#2667,#2668,#2669,#2670,#2671,#2672,#2673,
#2674,#2675,#2676,#2677,#2678,#2679,#2680,#2681,#2682,#2683,#2684,#2685,#2686,
#2687,#2688,#2689,#2690,#2691,#2692,#2693,#2694,#2695,#2696,#2697,#2698,#2699,
#2700,#2701,#2702,#2703,#2704,#2705,#2706,#2707,#2708,#2709,#2710,#2711,#2712,
#2713,#2714,#2715,#2716,#2717,#2718,#2719,#2720,#2721,#2722,#2723,#2724,#2725,
#2726,#2727,#2728,#2729,#2730,#2731,#2732,#2733,#2734,#2735,#2736,#2737,#2738,
#2739,#2740,#2741,#2742,#2743,#2744,#2745,#2746,#2747,#2748,#2749,#2750,#2751,
#2752,#2753,#2754)),.UNSPECIFIED.,.F.,.F.,.F.,(4,4),(4,1,1,1,1,1,1,1,1,1,1,1,1,
1,1,1,1,1,1,1,1,1,1,1,1,1,1,1,1,1,1,1,1,1,1,1,1,1,1,1,1,1,1,1,1,1,1,1,1,1,1,1,1,
1,1,1,1,1,1,1,1,1,1,1,1,1,1,1,1,1,1,1,1,1,1,1,1,1,1,1,1,1,1,1,1,1,1,1,1,1,1,1,1,
1,1,1,1,1,1,1,1,1,1,1,1,1,1,1,1,1,1,1,1,1,1,1,1,1,1,1,1,1,1,1,1,1,1,1,1,1,1,1,1,
1,1,1,1,1,1,1,1,1,1,1,1,1,1,1,1,1,1,1,1,1,1,1,1,1,1,1,1,1,1,1,1,1,1,1,1,1,1,1,1,
1,1,1,1,1,1,1,1,1,1,1,1,1,1,1,1,1,1,4),(-2.730551945761E-2,1.027372153882E0),(
-2.866640843450E-3,0.E0,3.267147530630E-3,1.123560289522E-2,1.920405825981E-2,
2.318828594211E-2,2.717251362441E-2,3.115674130670E-2,3.514096898900E-2,
4.310942435359E-2,5.107787971818E-2,5.506210740048E-2,5.904633508277E-2,
6.303056276507E-2,6.701479044736E-2,7.498324581195E-2,8.295170117655E-2,
8.693592885884E-2,9.092015654114E-2,9.490438422343E-2,9.888861190573E-2,
1.068570672703E-1,1.148255226349E-1,1.188097503172E-1,1.227939779995E-1,
1.267782056818E-1,1.307624333641E-1,1.387308887287E-1,1.466993440933E-1,
1.506835717756E-1,1.546677994579E-1,1.586520271402E-1,1.626362548225E-1,
1.706047101871E-1,1.785731655516E-1,1.825573932339E-1,1.865416209162E-1,
1.905258485985E-1,1.945100762808E-1,2.024785316454E-1,2.104469870100E-1,
2.144312146923E-1,2.184154423746E-1,2.223996700569E-1,2.263838977392E-1,
2.343523531038E-1,2.423208084684E-1,2.463050361507E-1,2.502892638330E-1,
2.542734915153E-1,2.582577191976E-1,2.662261745622E-1,2.741946299267E-1,
2.781788576090E-1,2.821630852913E-1,2.861473129736E-1,2.901315406559E-1,
2.980999960205E-1,3.060684513851E-1,3.100526790674E-1,3.140369067497E-1,
3.180211344320E-1,3.220053621143E-1,3.299738174789E-1,3.379422728435E-1,
3.419265005258E-1,3.459107282081E-1,3.498949558904E-1,3.538791835727E-1,
3.618476389372E-1,3.698160943018E-1,3.738003219841E-1,3.777845496664E-1,
3.817687773487E-1,3.857530050310E-1,3.937214603956E-1,4.016899157602E-1,
4.056741434425E-1,4.096583711248E-1,4.136425988071E-1,4.176268264894E-1,
4.255952818540E-1,4.335637372186E-1,4.375479649009E-1,4.415321925832E-1,
4.455164202655E-1,4.495006479478E-1,4.574691033123E-1,4.654375586769E-1,
4.694217863592E-1,4.734060140415E-1,4.773902417238E-1,4.813744694061E-1,
4.893429247707E-1,4.973113801353E-1,5.012956078176E-1,5.052798354999E-1,
5.092640631822E-1,5.132482908645E-1,5.212167462291E-1,5.291852015937E-1,
5.331694292760E-1,5.371536569583E-1,5.411378846406E-1,5.451221123229E-1,
5.530905676874E-1,5.610590230520E-1,5.650432507343E-1,5.690274784166E-1,
5.730117060989E-1,5.769959337812E-1,5.849643891458E-1,5.929328445104E-1,
5.969170721927E-1,6.009012998750E-1,6.048855275573E-1,6.088697552396E-1,
6.168382106042E-1,6.248066659688E-1,6.287908936511E-1,6.327751213334E-1,
6.367593490157E-1,6.407435766980E-1,6.487120320625E-1,6.566804874271E-1,
6.606647151094E-1,6.646489427917E-1,6.686331704740E-1,6.726173981563E-1,
6.805858535209E-1,6.885543088855E-1,6.925385365678E-1,6.965227642501E-1,
7.005069919324E-1,7.044912196147E-1,7.124596749793E-1,7.204281303439E-1,
7.244123580262E-1,7.283965857085E-1,7.323808133908E-1,7.363650410730E-1,
7.443334964376E-1,7.523019518022E-1,7.562861794845E-1,7.602704071668E-1,
7.642546348491E-1,7.682388625314E-1,7.762073178960E-1,7.841757732606E-1,
7.881600009429E-1,7.921442286252E-1,7.961284563075E-1,8.001126839898E-1,
8.080811393544E-1,8.160495947190E-1,8.200338224013E-1,8.240180500836E-1,
8.280022777659E-1,8.319865054481E-1,8.399549608127E-1,8.479234161773E-1,
8.519076438596E-1,8.558918715419E-1,8.598760992242E-1,8.638603269065E-1,
8.718287822711E-1,8.797972376357E-1,8.837814653180E-1,8.877656930003E-1,
8.917499206826E-1,8.957341483649E-1,9.037026037295E-1,9.116710590941E-1,
9.156552867764E-1,9.196395144587E-1,9.236237421409E-1,9.276079698232E-1,
9.355764251878E-1,9.435448805524E-1,9.475291082347E-1,9.515133359170E-1,
9.554975635993E-1,9.594817912816E-1,9.674502466462E-1,9.754187020108E-1,
9.794029296931E-1,9.833871573754E-1,9.873713850577E-1,9.913556127400E-1,
9.993240681046E-1,1.E0,1.002745615763E0),.UNSPECIFIED.);
#2756=ORIENTED_EDGE('',*,*,#1948,.F.);
#2757=ORIENTED_EDGE('',*,*,#1973,.F.);
#2758=ORIENTED_EDGE('',*,*,#1958,.F.);
#2760=ORIENTED_EDGE('',*,*,#2759,.F.);
#2762=ORIENTED_EDGE('',*,*,#2761,.F.);
#2764=ORIENTED_EDGE('',*,*,#2763,.T.);
#2766=ORIENTED_EDGE('',*,*,#2765,.T.);
#2768=ORIENTED_EDGE('',*,*,#2767,.T.);
#2770=ORIENTED_EDGE('',*,*,#2769,.T.);
#2772=ORIENTED_EDGE('',*,*,#2771,.T.);
#2774=ORIENTED_EDGE('',*,*,#2773,.T.);
#2776=ORIENTED_EDGE('',*,*,#2775,.T.);
#2778=ORIENTED_EDGE('',*,*,#2777,.T.);
#2780=ORIENTED_EDGE('',*,*,#2779,.T.);
#2782=ORIENTED_EDGE('',*,*,#2781,.T.);
#2783=ORIENTED_EDGE('',*,*,#1950,.T.);
#2784=EDGE_LOOP('',(#2756,#2757,#2758,#2760,#2762,#2764,#2766,#2768,#2770,#2772,
#2774,#2776,#2778,#2780,#2782,#2783));
#2785=FACE_OUTER_BOUND('',#2784,.F.);
#2787=CARTESIAN_POINT('',(-2.475837248363E0,-1.292863321172E0,
-8.226097330581E-1));
#2788=CARTESIAN_POINT('',(-2.516035171567E0,-1.215800007376E0,
-8.262628111882E-1));
#2789=CARTESIAN_POINT('',(-2.604253297023E0,-1.025419784362E0,
-8.350555095301E-1));
#2790=CARTESIAN_POINT('',(-2.709722232319E0,-7.100004594217E-1,
-8.487822779892E-1));
#2791=CARTESIAN_POINT('',(-2.778486331854E0,-3.525636569633E-1,
-8.633087492765E-1));
#2792=CARTESIAN_POINT('',(-2.800417116365E0,0.E0,-8.764310346113E-1));
#2793=CARTESIAN_POINT('',(-2.778486331854E0,3.525636569633E-1,
-8.895533199460E-1));
#2794=CARTESIAN_POINT('',(-2.686369738734E0,8.313870651189E-1,
-9.090130242697E-1));
#2795=CARTESIAN_POINT('',(-2.448316844033E0,1.413536388964E0,
-9.352273309075E-1));
#2796=CARTESIAN_POINT('',(-2.063187188138E0,1.910770905142E0,
-9.614416375454E-1));
#2797=CARTESIAN_POINT('',(-1.694572249308E0,2.229957918971E0,
-9.809013418691E-1));
#2798=CARTESIAN_POINT('',(-1.400208558182E0,2.425232363965E0,
-9.940236272038E-1));
#2799=CARTESIAN_POINT('',(-1.083914082545E0,2.582521575935E0,
-1.007145912539E0));
#2800=CARTESIAN_POINT('',(-6.231825505962E-1,2.742157970261E0,
-1.026605616862E0));
#2801=CARTESIAN_POINT('',(0.E0,2.827072777928E0,-1.052819923500E0));
#2802=CARTESIAN_POINT('',(6.231825505962E-1,2.742157970261E0,
-1.079034230138E0));
#2803=CARTESIAN_POINT('',(1.083914082545E0,2.582521575935E0,-1.098493934462E0));
#2804=CARTESIAN_POINT('',(1.400208558182E0,2.425232363965E0,-1.111616219796E0));
#2805=CARTESIAN_POINT('',(1.694572249308E0,2.229957918971E0,-1.124738505131E0));
#2806=CARTESIAN_POINT('',(2.063187188138E0,1.910770905142E0,-1.144198209455E0));
#2807=CARTESIAN_POINT('',(2.448316844033E0,1.413536388964E0,-1.170412516093E0));
#2808=CARTESIAN_POINT('',(2.686369738734E0,8.313870651189E-1,
-1.196626822731E0));
#2809=CARTESIAN_POINT('',(2.778486331854E0,3.525636569633E-1,
-1.216086527054E0));
#2810=CARTESIAN_POINT('',(2.800417116365E0,0.E0,-1.229208812389E0));
#2811=CARTESIAN_POINT('',(2.778486331854E0,-3.525636569632E-1,
-1.242331097724E0));
#2812=CARTESIAN_POINT('',(2.686369738734E0,-8.313870651189E-1,
-1.261790802048E0));
#2813=CARTESIAN_POINT('',(2.448316844033E0,-1.413536388964E0,
-1.288005108685E0));
#2814=CARTESIAN_POINT('',(2.063187188138E0,-1.910770905142E0,
-1.314219415323E0));
#2815=CARTESIAN_POINT('',(1.694572249308E0,-2.229957918971E0,
-1.333679119647E0));
#2816=CARTESIAN_POINT('',(1.400208558182E0,-2.425232363965E0,
-1.346801404982E0));
#2817=CARTESIAN_POINT('',(1.083914082545E0,-2.582521575935E0,
-1.359923690316E0));
#2818=CARTESIAN_POINT('',(6.231825505962E-1,-2.742157970261E0,
-1.379383394640E0));
#2819=CARTESIAN_POINT('',(0.E0,-2.827072777928E0,-1.405597701278E0));
#2820=CARTESIAN_POINT('',(-6.231825505962E-1,-2.742157970261E0,
-1.431812007916E0));
#2821=CARTESIAN_POINT('',(-1.083914082545E0,-2.582521575935E0,
-1.451271712240E0));
#2822=CARTESIAN_POINT('',(-1.400208558182E0,-2.425232363965E0,
-1.464393997574E0));
#2823=CARTESIAN_POINT('',(-1.694572249308E0,-2.229957918971E0,
-1.477516282909E0));
#2824=CARTESIAN_POINT('',(-2.063187188138E0,-1.910770905142E0,
-1.496975987233E0));
#2825=CARTESIAN_POINT('',(-2.448316844033E0,-1.413536388964E0,
-1.523190293871E0));
#2826=CARTESIAN_POINT('',(-2.686369738734E0,-8.313870651189E-1,
-1.549404600508E0));
#2827=CARTESIAN_POINT('',(-2.778486331854E0,-3.525636569633E-1,
-1.568864304832E0));
#2828=CARTESIAN_POINT('',(-2.800417116365E0,0.E0,-1.581986590167E0));
#2829=CARTESIAN_POINT('',(-2.778486331854E0,3.525636569633E-1,
-1.595108875502E0));
#2830=CARTESIAN_POINT('',(-2.686369738734E0,8.313870651189E-1,
-1.614568579825E0));
#2831=CARTESIAN_POINT('',(-2.448316844033E0,1.413536388964E0,
-1.640782886463E0));
#2832=CARTESIAN_POINT('',(-2.063187188138E0,1.910770905142E0,
-1.666997193101E0));
#2833=CARTESIAN_POINT('',(-1.694572249308E0,2.229957918971E0,
-1.686456897425E0));
#2834=CARTESIAN_POINT('',(-1.400208558182E0,2.425232363965E0,
-1.699579182759E0));
#2835=CARTESIAN_POINT('',(-1.083914082545E0,2.582521575935E0,
-1.712701468094E0));
#2836=CARTESIAN_POINT('',(-6.231825505962E-1,2.742157970261E0,
-1.732161172418E0));
#2837=CARTESIAN_POINT('',(0.E0,2.827072777928E0,-1.758375479056E0));
#2838=CARTESIAN_POINT('',(6.231825505962E-1,2.742157970261E0,
-1.784589785693E0));
#2839=CARTESIAN_POINT('',(1.083914082545E0,2.582521575935E0,-1.804049490017E0));
#2840=CARTESIAN_POINT('',(1.400208558182E0,2.425232363965E0,-1.817171775352E0));
#2841=CARTESIAN_POINT('',(1.694572249308E0,2.229957918971E0,-1.830294060687E0));
#2842=CARTESIAN_POINT('',(2.063187188138E0,1.910770905142E0,-1.849753765010E0));
#2843=CARTESIAN_POINT('',(2.448316844033E0,1.413536388964E0,-1.875968071648E0));
#2844=CARTESIAN_POINT('',(2.686369738734E0,8.313870651189E-1,
-1.902182378286E0));
#2845=CARTESIAN_POINT('',(2.778486331854E0,3.525636569633E-1,
-1.921642082610E0));
#2846=CARTESIAN_POINT('',(2.800417116365E0,0.E0,-1.934764367945E0));
#2847=CARTESIAN_POINT('',(2.778486331854E0,-3.525636569633E-1,
-1.947886653279E0));
#2848=CARTESIAN_POINT('',(2.686369738734E0,-8.313870651189E-1,
-1.967346357603E0));
#2849=CARTESIAN_POINT('',(2.448316844033E0,-1.413536388964E0,
-1.993560664241E0));
#2850=CARTESIAN_POINT('',(2.063187188138E0,-1.910770905142E0,
-2.019774970879E0));
#2851=CARTESIAN_POINT('',(1.694572249308E0,-2.229957918971E0,
-2.039234675202E0));
#2852=CARTESIAN_POINT('',(1.400208558182E0,-2.425232363965E0,
-2.052356960537E0));
#2853=CARTESIAN_POINT('',(1.083914082545E0,-2.582521575935E0,
-2.065479245872E0));
#2854=CARTESIAN_POINT('',(6.231825505962E-1,-2.742157970261E0,
-2.084938950196E0));
#2855=CARTESIAN_POINT('',(0.E0,-2.827072777928E0,-2.111153256833E0));
#2856=CARTESIAN_POINT('',(-6.231825505962E-1,-2.742157970261E0,
-2.137367563471E0));
#2857=CARTESIAN_POINT('',(-1.083914082545E0,-2.582521575935E0,
-2.156827267795E0));
#2858=CARTESIAN_POINT('',(-1.400208558182E0,-2.425232363965E0,
-2.169949553130E0));
#2859=CARTESIAN_POINT('',(-1.694572249308E0,-2.229957918971E0,
-2.183071838464E0));
#2860=CARTESIAN_POINT('',(-2.063187188138E0,-1.910770905142E0,
-2.202531542788E0));
#2861=CARTESIAN_POINT('',(-2.448316844033E0,-1.413536388964E0,
-2.228745849426E0));
#2862=CARTESIAN_POINT('',(-2.686369738734E0,-8.313870651189E-1,
-2.254960156064E0));
#2863=CARTESIAN_POINT('',(-2.778486331854E0,-3.525636569633E-1,
-2.274419860388E0));
#2864=CARTESIAN_POINT('',(-2.800417116365E0,0.E0,-2.287542145722E0));
#2865=CARTESIAN_POINT('',(-2.778486331854E0,3.525636569633E-1,
-2.300664431057E0));
#2866=CARTESIAN_POINT('',(-2.686369738734E0,8.313870651189E-1,
-2.320124135381E0));
#2867=CARTESIAN_POINT('',(-2.448316844033E0,1.413536388964E0,
-2.346338442019E0));
#2868=CARTESIAN_POINT('',(-2.063187188138E0,1.910770905142E0,
-2.372552748656E0));
#2869=CARTESIAN_POINT('',(-1.694572249308E0,2.229957918971E0,
-2.392012452980E0));
#2870=CARTESIAN_POINT('',(-1.400208558182E0,2.425232363965E0,
-2.405134738315E0));
#2871=CARTESIAN_POINT('',(-1.083914082545E0,2.582521575935E0,
-2.418257023650E0));
#2872=CARTESIAN_POINT('',(-6.231825505962E-1,2.742157970261E0,
-2.437716727973E0));
#2873=CARTESIAN_POINT('',(0.E0,2.827072777928E0,-2.463931034611E0));
#2874=CARTESIAN_POINT('',(6.231825505962E-1,2.742157970261E0,
-2.490145341249E0));
#2875=CARTESIAN_POINT('',(1.083914082545E0,2.582521575935E0,-2.509605045573E0));
#2876=CARTESIAN_POINT('',(1.400208558182E0,2.425232363965E0,-2.522727330908E0));
#2877=CARTESIAN_POINT('',(1.694572249308E0,2.229957918971E0,-2.535849616242E0));
#2878=CARTESIAN_POINT('',(2.063187188138E0,1.910770905142E0,-2.555309320566E0));
#2879=CARTESIAN_POINT('',(2.448316844033E0,1.413536388964E0,-2.581523627204E0));
#2880=CARTESIAN_POINT('',(2.686369738734E0,8.313870651189E-1,
-2.607737933842E0));
#2881=CARTESIAN_POINT('',(2.778486331854E0,3.525636569633E-1,
-2.627197638165E0));
#2882=CARTESIAN_POINT('',(2.800417116365E0,0.E0,-2.640319923500E0));
#2883=CARTESIAN_POINT('',(2.778486331854E0,-3.525636569632E-1,
-2.653442208835E0));
#2884=CARTESIAN_POINT('',(2.686369738734E0,-8.313870651189E-1,
-2.672901913159E0));
#2885=CARTESIAN_POINT('',(2.448316844033E0,-1.413536388964E0,
-2.699116219796E0));
#2886=CARTESIAN_POINT('',(2.063187188138E0,-1.910770905142E0,
-2.725330526434E0));
#2887=CARTESIAN_POINT('',(1.694572249308E0,-2.229957918971E0,
-2.744790230758E0));
#2888=CARTESIAN_POINT('',(1.400208558182E0,-2.425232363965E0,
-2.757912516093E0));
#2889=CARTESIAN_POINT('',(1.083914082545E0,-2.582521575935E0,
-2.771034801427E0));
#2890=CARTESIAN_POINT('',(6.231825505962E-1,-2.742157970261E0,
-2.790494505751E0));
#2891=CARTESIAN_POINT('',(0.E0,-2.827072777928E0,-2.816708812389E0));
#2892=CARTESIAN_POINT('',(-6.231825505961E-1,-2.742157970261E0,
-2.842923119027E0));
#2893=CARTESIAN_POINT('',(-1.083914082545E0,-2.582521575935E0,
-2.862382823351E0));
#2894=CARTESIAN_POINT('',(-1.400208558182E0,-2.425232363965E0,
-2.875505108685E0));
#2895=CARTESIAN_POINT('',(-1.694572249308E0,-2.229957918971E0,
-2.888627394020E0));
#2896=CARTESIAN_POINT('',(-2.063187188138E0,-1.910770905142E0,
-2.908087098344E0));
#2897=CARTESIAN_POINT('',(-2.448316844033E0,-1.413536388964E0,
-2.934301404982E0));
#2898=CARTESIAN_POINT('',(-2.686369738734E0,-8.313870651189E-1,
-2.960515711619E0));
#2899=CARTESIAN_POINT('',(-2.778486331854E0,-3.525636569632E-1,
-2.979975415943E0));
#2900=CARTESIAN_POINT('',(-2.800417116365E0,0.E0,-2.993097701278E0));
#2901=CARTESIAN_POINT('',(-2.778486331854E0,3.525636569633E-1,
-3.006219986613E0));
#2902=CARTESIAN_POINT('',(-2.686369738734E0,8.313870651189E-1,
-3.025679690936E0));
#2903=CARTESIAN_POINT('',(-2.448316844033E0,1.413536388964E0,
-3.051893997574E0));
#2904=CARTESIAN_POINT('',(-2.063187188138E0,1.910770905142E0,
-3.078108304212E0));
#2905=CARTESIAN_POINT('',(-1.694572249308E0,2.229957918971E0,
-3.097568008536E0));
#2906=CARTESIAN_POINT('',(-1.400208558182E0,2.425232363965E0,
-3.110690293871E0));
#2907=CARTESIAN_POINT('',(-1.083914082545E0,2.582521575935E0,
-3.123812579205E0));
#2908=CARTESIAN_POINT('',(-6.231825505962E-1,2.742157970261E0,
-3.143272283529E0));
#2909=CARTESIAN_POINT('',(0.E0,2.827072777928E0,-3.169486590167E0));
#2910=CARTESIAN_POINT('',(6.231825505962E-1,2.742157970261E0,
-3.195700896805E0));
#2911=CARTESIAN_POINT('',(1.083914082545E0,2.582521575935E0,-3.215160601128E0));
#2912=CARTESIAN_POINT('',(1.400208558182E0,2.425232363965E0,-3.228282886463E0));
#2913=CARTESIAN_POINT('',(1.694572249308E0,2.229957918971E0,-3.241405171798E0));
#2914=CARTESIAN_POINT('',(2.063187188138E0,1.910770905142E0,-3.260864876122E0));
#2915=CARTESIAN_POINT('',(2.448316844033E0,1.413536388964E0,-3.287079182759E0));
#2916=CARTESIAN_POINT('',(2.686369738734E0,8.313870651189E-1,
-3.313293489397E0));
#2917=CARTESIAN_POINT('',(2.778486331854E0,3.525636569633E-1,
-3.332753193721E0));
#2918=CARTESIAN_POINT('',(2.800417116365E0,1.526556658860E-14,
-3.345875479056E0));
#2919=CARTESIAN_POINT('',(2.778486331854E0,-3.525636569632E-1,
-3.358997764390E0));
#2920=CARTESIAN_POINT('',(2.686369738734E0,-8.313870651189E-1,
-3.378457468714E0));
#2921=CARTESIAN_POINT('',(2.448316844033E0,-1.413536388964E0,
-3.404671775352E0));
#2922=CARTESIAN_POINT('',(2.063187188138E0,-1.910770905142E0,
-3.430886081990E0));
#2923=CARTESIAN_POINT('',(1.694572249308E0,-2.229957918971E0,
-3.450345786314E0));
#2924=CARTESIAN_POINT('',(1.400208558182E0,-2.425232363965E0,
-3.463468071648E0));
#2925=CARTESIAN_POINT('',(1.083914082545E0,-2.582521575935E0,
-3.476590356983E0));
#2926=CARTESIAN_POINT('',(6.231825505962E-1,-2.742157970261E0,
-3.496050061307E0));
#2927=CARTESIAN_POINT('',(1.068589661202E-14,-2.827072777928E0,
-3.522264367945E0));
#2928=CARTESIAN_POINT('',(-6.231825505962E-1,-2.742157970261E0,
-3.548478674582E0));
#2929=CARTESIAN_POINT('',(-1.083914082545E0,-2.582521575935E0,
-3.567938378906E0));
#2930=CARTESIAN_POINT('',(-1.400208558182E0,-2.425232363965E0,
-3.581060664241E0));
#2931=CARTESIAN_POINT('',(-1.694572249308E0,-2.229957918971E0,
-3.594182949576E0));
#2932=CARTESIAN_POINT('',(-2.063187188138E0,-1.910770905142E0,
-3.613642653899E0));
#2933=CARTESIAN_POINT('',(-2.448316844033E0,-1.413536388964E0,
-3.639856960537E0));
#2934=CARTESIAN_POINT('',(-2.686369738734E0,-8.313870651189E-1,
-3.666071267175E0));
#2935=CARTESIAN_POINT('',(-2.778486331854E0,-3.525636569633E-1,
-3.685530971499E0));
#2936=CARTESIAN_POINT('',(-2.800417116365E0,0.E0,-3.698653256833E0));
#2937=CARTESIAN_POINT('',(-2.778486331854E0,3.525636569633E-1,
-3.711775542168E0));
#2938=CARTESIAN_POINT('',(-2.686369738734E0,8.313870651189E-1,
-3.731235246492E0));
#2939=CARTESIAN_POINT('',(-2.448316844033E0,1.413536388964E0,
-3.757449553130E0));
#2940=CARTESIAN_POINT('',(-2.063187188138E0,1.910770905142E0,
-3.783663859768E0));
#2941=CARTESIAN_POINT('',(-1.694572249308E0,2.229957918971E0,
-3.803123564091E0));
#2942=CARTESIAN_POINT('',(-1.400208558182E0,2.425232363965E0,
-3.816245849426E0));
#2943=CARTESIAN_POINT('',(-1.083914082545E0,2.582521575935E0,
-3.829368134761E0));
#2944=CARTESIAN_POINT('',(-6.231825505962E-1,2.742157970261E0,
-3.848827839085E0));
#2945=CARTESIAN_POINT('',(1.112998582187E-14,2.827072777928E0,
-3.875042145722E0));
#2946=CARTESIAN_POINT('',(6.231825505962E-1,2.742157970261E0,
-3.901256452360E0));
#2947=CARTESIAN_POINT('',(1.083914082545E0,2.582521575935E0,-3.920716156684E0));
#2948=CARTESIAN_POINT('',(1.400208558182E0,2.425232363965E0,-3.933838442019E0));
#2949=CARTESIAN_POINT('',(1.694572249308E0,2.229957918971E0,-3.946960727353E0));
#2950=CARTESIAN_POINT('',(2.063187188138E0,1.910770905142E0,-3.966420431677E0));
#2951=CARTESIAN_POINT('',(2.448316844033E0,1.413536388964E0,-3.992634738315E0));
#2952=CARTESIAN_POINT('',(2.686369738734E0,8.313870651189E-1,
-4.018849044953E0));
#2953=CARTESIAN_POINT('',(2.778486331854E0,3.525636569633E-1,
-4.038308749277E0));
#2954=CARTESIAN_POINT('',(2.800417116365E0,0.E0,-4.051431034611E0));
#2955=CARTESIAN_POINT('',(2.778486331854E0,-3.525636569632E-1,
-4.064553319946E0));
#2956=CARTESIAN_POINT('',(2.686369738734E0,-8.313870651189E-1,
-4.084013024270E0));
#2957=CARTESIAN_POINT('',(2.448316844033E0,-1.413536388964E0,
-4.110227330908E0));
#2958=CARTESIAN_POINT('',(2.063187188138E0,-1.910770905142E0,
-4.136441637545E0));
#2959=CARTESIAN_POINT('',(1.694572249308E0,-2.229957918971E0,
-4.155901341869E0));
#2960=CARTESIAN_POINT('',(1.400208558182E0,-2.425232363965E0,
-4.169023627204E0));
#2961=CARTESIAN_POINT('',(1.083914082545E0,-2.582521575935E0,
-4.182145912539E0));
#2962=CARTESIAN_POINT('',(6.231825505962E-1,-2.742157970261E0,
-4.201605616862E0));
#2963=CARTESIAN_POINT('',(0.E0,-2.827072777928E0,-4.227819923500E0));
#2964=CARTESIAN_POINT('',(-6.231825505961E-1,-2.742157970261E0,
-4.254034230138E0));
#2965=CARTESIAN_POINT('',(-1.083914082545E0,-2.582521575935E0,
-4.273493934462E0));
#2966=CARTESIAN_POINT('',(-1.400208558182E0,-2.425232363965E0,
-4.286616219796E0));
#2967=CARTESIAN_POINT('',(-1.694572249308E0,-2.229957918971E0,
-4.299738505131E0));
#2968=CARTESIAN_POINT('',(-2.063187188138E0,-1.910770905142E0,
-4.319198209455E0));
#2969=CARTESIAN_POINT('',(-2.448316844033E0,-1.413536388964E0,
-4.345412516093E0));
#2970=CARTESIAN_POINT('',(-2.686369738734E0,-8.313870651189E-1,
-4.371626822731E0));
#2971=CARTESIAN_POINT('',(-2.778486331854E0,-3.525636569633E-1,
-4.391086527054E0));
#2972=CARTESIAN_POINT('',(-2.800417116365E0,0.E0,-4.404208812389E0));
#2973=CARTESIAN_POINT('',(-2.778486331854E0,3.525636569632E-1,
-4.417331097724E0));
#2974=CARTESIAN_POINT('',(-2.686369738734E0,8.313870651189E-1,
-4.436790802048E0));
#2975=CARTESIAN_POINT('',(-2.448316844033E0,1.413536388964E0,
-4.463005108685E0));
#2976=CARTESIAN_POINT('',(-2.063187188138E0,1.910770905142E0,
-4.489219415323E0));
#2977=CARTESIAN_POINT('',(-1.694572249308E0,2.229957918971E0,
-4.508679119647E0));
#2978=CARTESIAN_POINT('',(-1.400208558182E0,2.425232363965E0,
-4.521801404982E0));
#2979=CARTESIAN_POINT('',(-1.083914082545E0,2.582521575935E0,
-4.534923690316E0));
#2980=CARTESIAN_POINT('',(-6.231825505962E-1,2.742157970261E0,
-4.554383394640E0));
#2981=CARTESIAN_POINT('',(0.E0,2.827072777928E0,-4.580597701278E0));
#2982=CARTESIAN_POINT('',(6.231825505962E-1,2.742157970261E0,
-4.606812007916E0));
#2983=CARTESIAN_POINT('',(1.083914082545E0,2.582521575935E0,-4.626271712240E0));
#2984=CARTESIAN_POINT('',(1.400208558182E0,2.425232363965E0,-4.639393997574E0));
#2985=CARTESIAN_POINT('',(1.694572249308E0,2.229957918971E0,-4.652516282909E0));
#2986=CARTESIAN_POINT('',(2.063187188138E0,1.910770905142E0,-4.671975987233E0));
#2987=CARTESIAN_POINT('',(2.307332399465E0,1.595559068886E0,-4.688594020500E0));
#2988=CARTESIAN_POINT('',(2.481928259315E0,1.284913199776E0,-4.703582913534E0));
#2989=CARTESIAN_POINT('',(2.528905017301E0,1.188649801876E0,-4.708078200415E0));
#2990=CARTESIAN_POINT('',(2.562938015901E0,1.110026351596E0,-4.711659891842E0));
#2991=CARTESIAN_POINT('',(-2.475837248363E0,-1.292863321172E0,
-7.558131167490E-1));
#2992=CARTESIAN_POINT('',(-2.516035171567E0,-1.215800007376E0,
-7.594661948791E-1));
#2993=CARTESIAN_POINT('',(-2.604253297023E0,-1.025419784362E0,
-7.682588932210E-1));
#2994=CARTESIAN_POINT('',(-2.709722232319E0,-7.100004594217E-1,
-7.819856616801E-1));
#2995=CARTESIAN_POINT('',(-2.778486331854E0,-3.525636569633E-1,
-7.965121329674E-1));
#2996=CARTESIAN_POINT('',(-2.800417116365E0,0.E0,-8.096344183022E-1));
#2997=CARTESIAN_POINT('',(-2.778486331854E0,3.525636569633E-1,
-8.227567036369E-1));
#2998=CARTESIAN_POINT('',(-2.686369738734E0,8.313870651189E-1,
-8.422164079607E-1));
#2999=CARTESIAN_POINT('',(-2.448316844033E0,1.413536388964E0,
-8.684307145984E-1));
#3000=CARTESIAN_POINT('',(-2.063187188138E0,1.910770905142E0,
-8.946450212363E-1));
#3001=CARTESIAN_POINT('',(-1.694572249308E0,2.229957918971E0,
-9.141047255600E-1));
#3002=CARTESIAN_POINT('',(-1.400208558182E0,2.425232363965E0,
-9.272270108947E-1));
#3003=CARTESIAN_POINT('',(-1.083914082545E0,2.582521575935E0,
-9.403492962295E-1));
#3004=CARTESIAN_POINT('',(-6.231825505962E-1,2.742157970261E0,
-9.598090005532E-1));
#3005=CARTESIAN_POINT('',(0.E0,2.827072777928E0,-9.860233071910E-1));
#3006=CARTESIAN_POINT('',(6.231825505962E-1,2.742157970261E0,
-1.012237613829E0));
#3007=CARTESIAN_POINT('',(1.083914082545E0,2.582521575935E0,-1.031697318153E0));
#3008=CARTESIAN_POINT('',(1.400208558182E0,2.425232363965E0,-1.044819603487E0));
#3009=CARTESIAN_POINT('',(1.694572249308E0,2.229957918971E0,-1.057941888822E0));
#3010=CARTESIAN_POINT('',(2.063187188138E0,1.910770905142E0,-1.077401593146E0));
#3011=CARTESIAN_POINT('',(2.448316844033E0,1.413536388964E0,-1.103615899784E0));
#3012=CARTESIAN_POINT('',(2.686369738734E0,8.313870651189E-1,
-1.129830206421E0));
#3013=CARTESIAN_POINT('',(2.778486331854E0,3.525636569633E-1,
-1.149289910745E0));
#3014=CARTESIAN_POINT('',(2.800417116365E0,0.E0,-1.162412196080E0));
#3015=CARTESIAN_POINT('',(2.778486331854E0,-3.525636569632E-1,
-1.175534481415E0));
#3016=CARTESIAN_POINT('',(2.686369738734E0,-8.313870651189E-1,
-1.194994185738E0));
#3017=CARTESIAN_POINT('',(2.448316844033E0,-1.413536388964E0,
-1.221208492376E0));
#3018=CARTESIAN_POINT('',(2.063187188138E0,-1.910770905142E0,
-1.247422799014E0));
#3019=CARTESIAN_POINT('',(1.694572249308E0,-2.229957918971E0,
-1.266882503338E0));
#3020=CARTESIAN_POINT('',(1.400208558182E0,-2.425232363965E0,
-1.280004788673E0));
#3021=CARTESIAN_POINT('',(1.083914082545E0,-2.582521575935E0,
-1.293127074007E0));
#3022=CARTESIAN_POINT('',(6.231825505962E-1,-2.742157970261E0,
-1.312586778331E0));
#3023=CARTESIAN_POINT('',(0.E0,-2.827072777928E0,-1.338801084969E0));
#3024=CARTESIAN_POINT('',(-6.231825505962E-1,-2.742157970261E0,
-1.365015391607E0));
#3025=CARTESIAN_POINT('',(-1.083914082545E0,-2.582521575935E0,
-1.384475095930E0));
#3026=CARTESIAN_POINT('',(-1.400208558182E0,-2.425232363965E0,
-1.397597381265E0));
#3027=CARTESIAN_POINT('',(-1.694572249308E0,-2.229957918971E0,
-1.410719666600E0));
#3028=CARTESIAN_POINT('',(-2.063187188138E0,-1.910770905142E0,
-1.430179370924E0));
#3029=CARTESIAN_POINT('',(-2.448316844033E0,-1.413536388964E0,
-1.456393677561E0));
#3030=CARTESIAN_POINT('',(-2.686369738734E0,-8.313870651189E-1,
-1.482607984199E0));
#3031=CARTESIAN_POINT('',(-2.778486331854E0,-3.525636569633E-1,
-1.502067688523E0));
#3032=CARTESIAN_POINT('',(-2.800417116365E0,0.E0,-1.515189973858E0));
#3033=CARTESIAN_POINT('',(-2.778486331854E0,3.525636569633E-1,
-1.528312259192E0));
#3034=CARTESIAN_POINT('',(-2.686369738734E0,8.313870651189E-1,
-1.547771963516E0));
#3035=CARTESIAN_POINT('',(-2.448316844033E0,1.413536388964E0,
-1.573986270154E0));
#3036=CARTESIAN_POINT('',(-2.063187188138E0,1.910770905142E0,
-1.600200576792E0));
#3037=CARTESIAN_POINT('',(-1.694572249308E0,2.229957918971E0,
-1.619660281116E0));
#3038=CARTESIAN_POINT('',(-1.400208558182E0,2.425232363965E0,
-1.632782566450E0));
#3039=CARTESIAN_POINT('',(-1.083914082545E0,2.582521575935E0,
-1.645904851785E0));
#3040=CARTESIAN_POINT('',(-6.231825505962E-1,2.742157970261E0,
-1.665364556109E0));
#3041=CARTESIAN_POINT('',(0.E0,2.827072777928E0,-1.691578862747E0));
#3042=CARTESIAN_POINT('',(6.231825505962E-1,2.742157970261E0,
-1.717793169384E0));
#3043=CARTESIAN_POINT('',(1.083914082545E0,2.582521575935E0,-1.737252873708E0));
#3044=CARTESIAN_POINT('',(1.400208558182E0,2.425232363965E0,-1.750375159043E0));
#3045=CARTESIAN_POINT('',(1.694572249308E0,2.229957918971E0,-1.763497444378E0));
#3046=CARTESIAN_POINT('',(2.063187188138E0,1.910770905142E0,-1.782957148701E0));
#3047=CARTESIAN_POINT('',(2.448316844033E0,1.413536388964E0,-1.809171455339E0));
#3048=CARTESIAN_POINT('',(2.686369738734E0,8.313870651189E-1,
-1.835385761977E0));
#3049=CARTESIAN_POINT('',(2.778486331854E0,3.525636569633E-1,
-1.854845466301E0));
#3050=CARTESIAN_POINT('',(2.800417116365E0,0.E0,-1.867967751635E0));
#3051=CARTESIAN_POINT('',(2.778486331854E0,-3.525636569633E-1,
-1.881090036970E0));
#3052=CARTESIAN_POINT('',(2.686369738734E0,-8.313870651189E-1,
-1.900549741294E0));
#3053=CARTESIAN_POINT('',(2.448316844033E0,-1.413536388964E0,
-1.926764047932E0));
#3054=CARTESIAN_POINT('',(2.063187188138E0,-1.910770905142E0,
-1.952978354570E0));
#3055=CARTESIAN_POINT('',(1.694572249308E0,-2.229957918971E0,
-1.972438058893E0));
#3056=CARTESIAN_POINT('',(1.400208558182E0,-2.425232363965E0,
-1.985560344228E0));
#3057=CARTESIAN_POINT('',(1.083914082545E0,-2.582521575935E0,
-1.998682629563E0));
#3058=CARTESIAN_POINT('',(6.231825505962E-1,-2.742157970261E0,
-2.018142333887E0));
#3059=CARTESIAN_POINT('',(0.E0,-2.827072777928E0,-2.044356640524E0));
#3060=CARTESIAN_POINT('',(-6.231825505962E-1,-2.742157970261E0,
-2.070570947162E0));
#3061=CARTESIAN_POINT('',(-1.083914082545E0,-2.582521575935E0,
-2.090030651486E0));
#3062=CARTESIAN_POINT('',(-1.400208558182E0,-2.425232363965E0,
-2.103152936821E0));
#3063=CARTESIAN_POINT('',(-1.694572249308E0,-2.229957918971E0,
-2.116275222155E0));
#3064=CARTESIAN_POINT('',(-2.063187188138E0,-1.910770905142E0,
-2.135734926479E0));
#3065=CARTESIAN_POINT('',(-2.448316844033E0,-1.413536388964E0,
-2.161949233117E0));
#3066=CARTESIAN_POINT('',(-2.686369738734E0,-8.313870651189E-1,
-2.188163539755E0));
#3067=CARTESIAN_POINT('',(-2.778486331854E0,-3.525636569633E-1,
-2.207623244079E0));
#3068=CARTESIAN_POINT('',(-2.800417116365E0,0.E0,-2.220745529413E0));
#3069=CARTESIAN_POINT('',(-2.778486331854E0,3.525636569633E-1,
-2.233867814748E0));
#3070=CARTESIAN_POINT('',(-2.686369738734E0,8.313870651189E-1,
-2.253327519072E0));
#3071=CARTESIAN_POINT('',(-2.448316844033E0,1.413536388964E0,
-2.279541825710E0));
#3072=CARTESIAN_POINT('',(-2.063187188138E0,1.910770905142E0,
-2.305756132347E0));
#3073=CARTESIAN_POINT('',(-1.694572249308E0,2.229957918971E0,
-2.325215836671E0));
#3074=CARTESIAN_POINT('',(-1.400208558182E0,2.425232363965E0,
-2.338338122006E0));
#3075=CARTESIAN_POINT('',(-1.083914082545E0,2.582521575935E0,
-2.351460407341E0));
#3076=CARTESIAN_POINT('',(-6.231825505962E-1,2.742157970261E0,
-2.370920111664E0));
#3077=CARTESIAN_POINT('',(0.E0,2.827072777928E0,-2.397134418302E0));
#3078=CARTESIAN_POINT('',(6.231825505962E-1,2.742157970261E0,
-2.423348724940E0));
#3079=CARTESIAN_POINT('',(1.083914082545E0,2.582521575935E0,-2.442808429264E0));
#3080=CARTESIAN_POINT('',(1.400208558182E0,2.425232363965E0,-2.455930714598E0));
#3081=CARTESIAN_POINT('',(1.694572249308E0,2.229957918971E0,-2.469052999933E0));
#3082=CARTESIAN_POINT('',(2.063187188138E0,1.910770905142E0,-2.488512704257E0));
#3083=CARTESIAN_POINT('',(2.448316844033E0,1.413536388964E0,-2.514727010895E0));
#3084=CARTESIAN_POINT('',(2.686369738734E0,8.313870651189E-1,
-2.540941317533E0));
#3085=CARTESIAN_POINT('',(2.778486331854E0,3.525636569633E-1,
-2.560401021856E0));
#3086=CARTESIAN_POINT('',(2.800417116365E0,0.E0,-2.573523307191E0));
#3087=CARTESIAN_POINT('',(2.778486331854E0,-3.525636569632E-1,
-2.586645592526E0));
#3088=CARTESIAN_POINT('',(2.686369738734E0,-8.313870651189E-1,
-2.606105296850E0));
#3089=CARTESIAN_POINT('',(2.448316844033E0,-1.413536388964E0,
-2.632319603487E0));
#3090=CARTESIAN_POINT('',(2.063187188138E0,-1.910770905142E0,
-2.658533910125E0));
#3091=CARTESIAN_POINT('',(1.694572249308E0,-2.229957918971E0,
-2.677993614449E0));
#3092=CARTESIAN_POINT('',(1.400208558182E0,-2.425232363965E0,
-2.691115899784E0));
#3093=CARTESIAN_POINT('',(1.083914082545E0,-2.582521575935E0,
-2.704238185118E0));
#3094=CARTESIAN_POINT('',(6.231825505962E-1,-2.742157970261E0,
-2.723697889442E0));
#3095=CARTESIAN_POINT('',(0.E0,-2.827072777928E0,-2.749912196080E0));
#3096=CARTESIAN_POINT('',(-6.231825505961E-1,-2.742157970261E0,
-2.776126502718E0));
#3097=CARTESIAN_POINT('',(-1.083914082545E0,-2.582521575935E0,
-2.795586207042E0));
#3098=CARTESIAN_POINT('',(-1.400208558182E0,-2.425232363965E0,
-2.808708492376E0));
#3099=CARTESIAN_POINT('',(-1.694572249308E0,-2.229957918971E0,
-2.821830777711E0));
#3100=CARTESIAN_POINT('',(-2.063187188138E0,-1.910770905142E0,
-2.841290482035E0));
#3101=CARTESIAN_POINT('',(-2.448316844033E0,-1.413536388964E0,
-2.867504788673E0));
#3102=CARTESIAN_POINT('',(-2.686369738734E0,-8.313870651189E-1,
-2.893719095310E0));
#3103=CARTESIAN_POINT('',(-2.778486331854E0,-3.525636569632E-1,
-2.913178799634E0));
#3104=CARTESIAN_POINT('',(-2.800417116365E0,0.E0,-2.926301084969E0));
#3105=CARTESIAN_POINT('',(-2.778486331854E0,3.525636569633E-1,
-2.939423370304E0));
#3106=CARTESIAN_POINT('',(-2.686369738734E0,8.313870651189E-1,
-2.958883074627E0));
#3107=CARTESIAN_POINT('',(-2.448316844033E0,1.413536388964E0,
-2.985097381265E0));
#3108=CARTESIAN_POINT('',(-2.063187188138E0,1.910770905142E0,
-3.011311687903E0));
#3109=CARTESIAN_POINT('',(-1.694572249308E0,2.229957918971E0,
-3.030771392227E0));
#3110=CARTESIAN_POINT('',(-1.400208558182E0,2.425232363965E0,
-3.043893677561E0));
#3111=CARTESIAN_POINT('',(-1.083914082545E0,2.582521575935E0,
-3.057015962896E0));
#3112=CARTESIAN_POINT('',(-6.231825505962E-1,2.742157970261E0,
-3.076475667220E0));
#3113=CARTESIAN_POINT('',(0.E0,2.827072777928E0,-3.102689973858E0));
#3114=CARTESIAN_POINT('',(6.231825505962E-1,2.742157970261E0,
-3.128904280496E0));
#3115=CARTESIAN_POINT('',(1.083914082545E0,2.582521575935E0,-3.148363984819E0));
#3116=CARTESIAN_POINT('',(1.400208558182E0,2.425232363965E0,-3.161486270154E0));
#3117=CARTESIAN_POINT('',(1.694572249308E0,2.229957918971E0,-3.174608555489E0));
#3118=CARTESIAN_POINT('',(2.063187188138E0,1.910770905142E0,-3.194068259812E0));
#3119=CARTESIAN_POINT('',(2.448316844033E0,1.413536388964E0,-3.220282566450E0));
#3120=CARTESIAN_POINT('',(2.686369738734E0,8.313870651189E-1,
-3.246496873088E0));
#3121=CARTESIAN_POINT('',(2.778486331854E0,3.525636569633E-1,
-3.265956577412E0));
#3122=CARTESIAN_POINT('',(2.800417116365E0,1.526556658860E-14,
-3.279078862747E0));
#3123=CARTESIAN_POINT('',(2.778486331854E0,-3.525636569632E-1,
-3.292201148081E0));
#3124=CARTESIAN_POINT('',(2.686369738734E0,-8.313870651189E-1,
-3.311660852405E0));
#3125=CARTESIAN_POINT('',(2.448316844033E0,-1.413536388964E0,
-3.337875159043E0));
#3126=CARTESIAN_POINT('',(2.063187188138E0,-1.910770905142E0,
-3.364089465681E0));
#3127=CARTESIAN_POINT('',(1.694572249308E0,-2.229957918971E0,
-3.383549170004E0));
#3128=CARTESIAN_POINT('',(1.400208558182E0,-2.425232363965E0,
-3.396671455339E0));
#3129=CARTESIAN_POINT('',(1.083914082545E0,-2.582521575935E0,
-3.409793740674E0));
#3130=CARTESIAN_POINT('',(6.231825505962E-1,-2.742157970261E0,
-3.429253444998E0));
#3131=CARTESIAN_POINT('',(1.076916333886E-14,-2.827072777928E0,
-3.455467751635E0));
#3132=CARTESIAN_POINT('',(-6.231825505962E-1,-2.742157970261E0,
-3.481682058273E0));
#3133=CARTESIAN_POINT('',(-1.083914082545E0,-2.582521575935E0,
-3.501141762597E0));
#3134=CARTESIAN_POINT('',(-1.400208558182E0,-2.425232363965E0,
-3.514264047932E0));
#3135=CARTESIAN_POINT('',(-1.694572249308E0,-2.229957918971E0,
-3.527386333266E0));
#3136=CARTESIAN_POINT('',(-2.063187188138E0,-1.910770905142E0,
-3.546846037590E0));
#3137=CARTESIAN_POINT('',(-2.448316844033E0,-1.413536388964E0,
-3.573060344228E0));
#3138=CARTESIAN_POINT('',(-2.686369738734E0,-8.313870651189E-1,
-3.599274650866E0));
#3139=CARTESIAN_POINT('',(-2.778486331854E0,-3.525636569633E-1,
-3.618734355190E0));
#3140=CARTESIAN_POINT('',(-2.800417116365E0,0.E0,-3.631856640524E0));
#3141=CARTESIAN_POINT('',(-2.778486331854E0,3.525636569633E-1,
-3.644978925859E0));
#3142=CARTESIAN_POINT('',(-2.686369738734E0,8.313870651189E-1,
-3.664438630183E0));
#3143=CARTESIAN_POINT('',(-2.448316844033E0,1.413536388964E0,
-3.690652936821E0));
#3144=CARTESIAN_POINT('',(-2.063187188138E0,1.910770905142E0,
-3.716867243458E0));
#3145=CARTESIAN_POINT('',(-1.694572249308E0,2.229957918971E0,
-3.736326947782E0));
#3146=CARTESIAN_POINT('',(-1.400208558182E0,2.425232363965E0,
-3.749449233117E0));
#3147=CARTESIAN_POINT('',(-1.083914082545E0,2.582521575935E0,
-3.762571518452E0));
#3148=CARTESIAN_POINT('',(-6.231825505962E-1,2.742157970261E0,
-3.782031222775E0));
#3149=CARTESIAN_POINT('',(1.124100812433E-14,2.827072777928E0,
-3.808245529413E0));
#3150=CARTESIAN_POINT('',(6.231825505962E-1,2.742157970261E0,
-3.834459836051E0));
#3151=CARTESIAN_POINT('',(1.083914082545E0,2.582521575935E0,-3.853919540375E0));
#3152=CARTESIAN_POINT('',(1.400208558182E0,2.425232363965E0,-3.867041825710E0));
#3153=CARTESIAN_POINT('',(1.694572249308E0,2.229957918971E0,-3.880164111044E0));
#3154=CARTESIAN_POINT('',(2.063187188138E0,1.910770905142E0,-3.899623815368E0));
#3155=CARTESIAN_POINT('',(2.448316844033E0,1.413536388964E0,-3.925838122006E0));
#3156=CARTESIAN_POINT('',(2.686369738734E0,8.313870651189E-1,
-3.952052428644E0));
#3157=CARTESIAN_POINT('',(2.778486331854E0,3.525636569633E-1,
-3.971512132967E0));
#3158=CARTESIAN_POINT('',(2.800417116365E0,0.E0,-3.984634418302E0));
#3159=CARTESIAN_POINT('',(2.778486331854E0,-3.525636569632E-1,
-3.997756703637E0));
#3160=CARTESIAN_POINT('',(2.686369738734E0,-8.313870651189E-1,
-4.017216407961E0));
#3161=CARTESIAN_POINT('',(2.448316844033E0,-1.413536388964E0,
-4.043430714598E0));
#3162=CARTESIAN_POINT('',(2.063187188138E0,-1.910770905142E0,
-4.069645021236E0));
#3163=CARTESIAN_POINT('',(1.694572249308E0,-2.229957918971E0,
-4.089104725560E0));
#3164=CARTESIAN_POINT('',(1.400208558182E0,-2.425232363965E0,
-4.102227010895E0));
#3165=CARTESIAN_POINT('',(1.083914082545E0,-2.582521575935E0,
-4.115349296229E0));
#3166=CARTESIAN_POINT('',(6.231825505962E-1,-2.742157970261E0,
-4.134809000553E0));
#3167=CARTESIAN_POINT('',(0.E0,-2.827072777928E0,-4.161023307191E0));
#3168=CARTESIAN_POINT('',(-6.231825505961E-1,-2.742157970261E0,
-4.187237613829E0));
#3169=CARTESIAN_POINT('',(-1.083914082545E0,-2.582521575935E0,
-4.206697318153E0));
#3170=CARTESIAN_POINT('',(-1.400208558182E0,-2.425232363965E0,
-4.219819603487E0));
#3171=CARTESIAN_POINT('',(-1.694572249308E0,-2.229957918971E0,
-4.232941888822E0));
#3172=CARTESIAN_POINT('',(-2.063187188138E0,-1.910770905142E0,
-4.252401593146E0));
#3173=CARTESIAN_POINT('',(-2.448316844033E0,-1.413536388964E0,
-4.278615899784E0));
#3174=CARTESIAN_POINT('',(-2.686369738734E0,-8.313870651189E-1,
-4.304830206421E0));
#3175=CARTESIAN_POINT('',(-2.778486331854E0,-3.525636569633E-1,
-4.324289910745E0));
#3176=CARTESIAN_POINT('',(-2.800417116365E0,0.E0,-4.337412196080E0));
#3177=CARTESIAN_POINT('',(-2.778486331854E0,3.525636569632E-1,
-4.350534481415E0));
#3178=CARTESIAN_POINT('',(-2.686369738734E0,8.313870651189E-1,
-4.369994185738E0));
#3179=CARTESIAN_POINT('',(-2.448316844033E0,1.413536388964E0,
-4.396208492376E0));
#3180=CARTESIAN_POINT('',(-2.063187188138E0,1.910770905142E0,
-4.422422799014E0));
#3181=CARTESIAN_POINT('',(-1.694572249308E0,2.229957918971E0,
-4.441882503338E0));
#3182=CARTESIAN_POINT('',(-1.400208558182E0,2.425232363965E0,
-4.455004788673E0));
#3183=CARTESIAN_POINT('',(-1.083914082545E0,2.582521575935E0,
-4.468127074007E0));
#3184=CARTESIAN_POINT('',(-6.231825505962E-1,2.742157970261E0,
-4.487586778331E0));
#3185=CARTESIAN_POINT('',(0.E0,2.827072777928E0,-4.513801084969E0));
#3186=CARTESIAN_POINT('',(6.231825505962E-1,2.742157970261E0,
-4.540015391607E0));
#3187=CARTESIAN_POINT('',(1.083914082545E0,2.582521575935E0,-4.559475095930E0));
#3188=CARTESIAN_POINT('',(1.400208558182E0,2.425232363965E0,-4.572597381265E0));
#3189=CARTESIAN_POINT('',(1.694572249308E0,2.229957918971E0,-4.585719666600E0));
#3190=CARTESIAN_POINT('',(2.063187188138E0,1.910770905142E0,-4.605179370924E0));
#3191=CARTESIAN_POINT('',(2.307332399465E0,1.595559068886E0,-4.621797404191E0));
#3192=CARTESIAN_POINT('',(2.481928259315E0,1.284913199776E0,-4.636786297225E0));
#3193=CARTESIAN_POINT('',(2.528905017301E0,1.188649801876E0,-4.641281584106E0));
#3194=CARTESIAN_POINT('',(2.562938015901E0,1.110026351596E0,-4.644863275533E0));
#3195=CARTESIAN_POINT('',(-2.475837248363E0,-1.292863321172E0,
-6.890165004399E-1));
#3196=CARTESIAN_POINT('',(-2.516035171567E0,-1.215800007376E0,
-6.926695785700E-1));
#3197=CARTESIAN_POINT('',(-2.604253297023E0,-1.025419784362E0,
-7.014622769119E-1));
#3198=CARTESIAN_POINT('',(-2.709722232319E0,-7.100004594217E-1,
-7.151890453710E-1));
#3199=CARTESIAN_POINT('',(-2.778486331854E0,-3.525636569633E-1,
-7.297155166583E-1));
#3200=CARTESIAN_POINT('',(-2.800417116365E0,0.E0,-7.428378019931E-1));
#3201=CARTESIAN_POINT('',(-2.778486331854E0,3.525636569633E-1,
-7.559600873278E-1));
#3202=CARTESIAN_POINT('',(-2.686369738734E0,8.313870651189E-1,
-7.754197916516E-1));
#3203=CARTESIAN_POINT('',(-2.448316844033E0,1.413536388964E0,
-8.016340982894E-1));
#3204=CARTESIAN_POINT('',(-2.063187188138E0,1.910770905142E0,
-8.278484049272E-1));
#3205=CARTESIAN_POINT('',(-1.694572249308E0,2.229957918971E0,
-8.473081092509E-1));
#3206=CARTESIAN_POINT('',(-1.400208558182E0,2.425232363965E0,
-8.604303945856E-1));
#3207=CARTESIAN_POINT('',(-1.083914082545E0,2.582521575935E0,
-8.735526799204E-1));
#3208=CARTESIAN_POINT('',(-6.231825505962E-1,2.742157970261E0,
-8.930123842441E-1));
#3209=CARTESIAN_POINT('',(0.E0,2.827072777928E0,-9.192266908819E-1));
#3210=CARTESIAN_POINT('',(6.231825505962E-1,2.742157970261E0,
-9.454409975197E-1));
#3211=CARTESIAN_POINT('',(1.083914082545E0,2.582521575935E0,
-9.649007018435E-1));
#3212=CARTESIAN_POINT('',(1.400208558182E0,2.425232363965E0,
-9.780229871782E-1));
#3213=CARTESIAN_POINT('',(1.694572249308E0,2.229957918971E0,
-9.911452725130E-1));
#3214=CARTESIAN_POINT('',(2.063187188138E0,1.910770905142E0,-1.010604976837E0));
#3215=CARTESIAN_POINT('',(2.448316844033E0,1.413536388964E0,-1.036819283475E0));
#3216=CARTESIAN_POINT('',(2.686369738734E0,8.313870651189E-1,
-1.063033590112E0));
#3217=CARTESIAN_POINT('',(2.778486331854E0,3.525636569633E-1,
-1.082493294436E0));
#3218=CARTESIAN_POINT('',(2.800417116365E0,0.E0,-1.095615579771E0));
#3219=CARTESIAN_POINT('',(2.778486331854E0,-3.525636569632E-1,
-1.108737865106E0));
#3220=CARTESIAN_POINT('',(2.686369738734E0,-8.313870651189E-1,
-1.128197569429E0));
#3221=CARTESIAN_POINT('',(2.448316844033E0,-1.413536388964E0,
-1.154411876067E0));
#3222=CARTESIAN_POINT('',(2.063187188138E0,-1.910770905142E0,
-1.180626182705E0));
#3223=CARTESIAN_POINT('',(1.694572249308E0,-2.229957918971E0,
-1.200085887029E0));
#3224=CARTESIAN_POINT('',(1.400208558182E0,-2.425232363965E0,
-1.213208172363E0));
#3225=CARTESIAN_POINT('',(1.083914082545E0,-2.582521575935E0,
-1.226330457698E0));
#3226=CARTESIAN_POINT('',(6.231825505962E-1,-2.742157970261E0,
-1.245790162022E0));
#3227=CARTESIAN_POINT('',(0.E0,-2.827072777928E0,-1.272004468660E0));
#3228=CARTESIAN_POINT('',(-6.231825505962E-1,-2.742157970261E0,
-1.298218775298E0));
#3229=CARTESIAN_POINT('',(-1.083914082545E0,-2.582521575935E0,
-1.317678479621E0));
#3230=CARTESIAN_POINT('',(-1.400208558182E0,-2.425232363965E0,
-1.330800764956E0));
#3231=CARTESIAN_POINT('',(-1.694572249308E0,-2.229957918971E0,
-1.343923050291E0));
#3232=CARTESIAN_POINT('',(-2.063187188138E0,-1.910770905142E0,
-1.363382754615E0));
#3233=CARTESIAN_POINT('',(-2.448316844033E0,-1.413536388964E0,
-1.389597061252E0));
#3234=CARTESIAN_POINT('',(-2.686369738734E0,-8.313870651189E-1,
-1.415811367890E0));
#3235=CARTESIAN_POINT('',(-2.778486331854E0,-3.525636569633E-1,
-1.435271072214E0));
#3236=CARTESIAN_POINT('',(-2.800417116365E0,0.E0,-1.448393357549E0));
#3237=CARTESIAN_POINT('',(-2.778486331854E0,3.525636569633E-1,
-1.461515642883E0));
#3238=CARTESIAN_POINT('',(-2.686369738734E0,8.313870651189E-1,
-1.480975347207E0));
#3239=CARTESIAN_POINT('',(-2.448316844033E0,1.413536388964E0,
-1.507189653845E0));
#3240=CARTESIAN_POINT('',(-2.063187188138E0,1.910770905142E0,
-1.533403960483E0));
#3241=CARTESIAN_POINT('',(-1.694572249308E0,2.229957918971E0,
-1.552863664806E0));
#3242=CARTESIAN_POINT('',(-1.400208558182E0,2.425232363965E0,
-1.565985950141E0));
#3243=CARTESIAN_POINT('',(-1.083914082545E0,2.582521575935E0,
-1.579108235476E0));
#3244=CARTESIAN_POINT('',(-6.231825505962E-1,2.742157970261E0,
-1.598567939800E0));
#3245=CARTESIAN_POINT('',(0.E0,2.827072777928E0,-1.624782246438E0));
#3246=CARTESIAN_POINT('',(6.231825505962E-1,2.742157970261E0,
-1.650996553075E0));
#3247=CARTESIAN_POINT('',(1.083914082545E0,2.582521575935E0,-1.670456257399E0));
#3248=CARTESIAN_POINT('',(1.400208558182E0,2.425232363965E0,-1.683578542734E0));
#3249=CARTESIAN_POINT('',(1.694572249308E0,2.229957918971E0,-1.696700828069E0));
#3250=CARTESIAN_POINT('',(2.063187188138E0,1.910770905142E0,-1.716160532392E0));
#3251=CARTESIAN_POINT('',(2.448316844033E0,1.413536388964E0,-1.742374839030E0));
#3252=CARTESIAN_POINT('',(2.686369738734E0,8.313870651189E-1,
-1.768589145668E0));
#3253=CARTESIAN_POINT('',(2.778486331854E0,3.525636569633E-1,
-1.788048849992E0));
#3254=CARTESIAN_POINT('',(2.800417116365E0,0.E0,-1.801171135326E0));
#3255=CARTESIAN_POINT('',(2.778486331854E0,-3.525636569633E-1,
-1.814293420661E0));
#3256=CARTESIAN_POINT('',(2.686369738734E0,-8.313870651189E-1,
-1.833753124985E0));
#3257=CARTESIAN_POINT('',(2.448316844033E0,-1.413536388964E0,
-1.859967431623E0));
#3258=CARTESIAN_POINT('',(2.063187188138E0,-1.910770905142E0,
-1.886181738260E0));
#3259=CARTESIAN_POINT('',(1.694572249308E0,-2.229957918971E0,
-1.905641442584E0));
#3260=CARTESIAN_POINT('',(1.400208558182E0,-2.425232363965E0,
-1.918763727919E0));
#3261=CARTESIAN_POINT('',(1.083914082545E0,-2.582521575935E0,
-1.931886013254E0));
#3262=CARTESIAN_POINT('',(6.231825505962E-1,-2.742157970261E0,
-1.951345717577E0));
#3263=CARTESIAN_POINT('',(0.E0,-2.827072777928E0,-1.977560024215E0));
#3264=CARTESIAN_POINT('',(-6.231825505962E-1,-2.742157970261E0,
-2.003774330853E0));
#3265=CARTESIAN_POINT('',(-1.083914082545E0,-2.582521575935E0,
-2.023234035177E0));
#3266=CARTESIAN_POINT('',(-1.400208558182E0,-2.425232363965E0,
-2.036356320512E0));
#3267=CARTESIAN_POINT('',(-1.694572249308E0,-2.229957918971E0,
-2.049478605846E0));
#3268=CARTESIAN_POINT('',(-2.063187188138E0,-1.910770905142E0,
-2.068938310170E0));
#3269=CARTESIAN_POINT('',(-2.448316844033E0,-1.413536388964E0,
-2.095152616808E0));
#3270=CARTESIAN_POINT('',(-2.686369738734E0,-8.313870651189E-1,
-2.121366923446E0));
#3271=CARTESIAN_POINT('',(-2.778486331854E0,-3.525636569633E-1,
-2.140826627769E0));
#3272=CARTESIAN_POINT('',(-2.800417116365E0,0.E0,-2.153948913104E0));
#3273=CARTESIAN_POINT('',(-2.778486331854E0,3.525636569633E-1,
-2.167071198439E0));
#3274=CARTESIAN_POINT('',(-2.686369738734E0,8.313870651189E-1,
-2.186530902763E0));
#3275=CARTESIAN_POINT('',(-2.448316844033E0,1.413536388964E0,
-2.212745209400E0));
#3276=CARTESIAN_POINT('',(-2.063187188138E0,1.910770905142E0,
-2.238959516038E0));
#3277=CARTESIAN_POINT('',(-1.694572249308E0,2.229957918971E0,
-2.258419220362E0));
#3278=CARTESIAN_POINT('',(-1.400208558182E0,2.425232363965E0,
-2.271541505697E0));
#3279=CARTESIAN_POINT('',(-1.083914082545E0,2.582521575935E0,
-2.284663791031E0));
#3280=CARTESIAN_POINT('',(-6.231825505962E-1,2.742157970261E0,
-2.304123495355E0));
#3281=CARTESIAN_POINT('',(0.E0,2.827072777928E0,-2.330337801993E0));
#3282=CARTESIAN_POINT('',(6.231825505962E-1,2.742157970261E0,
-2.356552108631E0));
#3283=CARTESIAN_POINT('',(1.083914082545E0,2.582521575935E0,-2.376011812955E0));
#3284=CARTESIAN_POINT('',(1.400208558182E0,2.425232363965E0,-2.389134098289E0));
#3285=CARTESIAN_POINT('',(1.694572249308E0,2.229957918971E0,-2.402256383624E0));
#3286=CARTESIAN_POINT('',(2.063187188138E0,1.910770905142E0,-2.421716087948E0));
#3287=CARTESIAN_POINT('',(2.448316844033E0,1.413536388964E0,-2.447930394586E0));
#3288=CARTESIAN_POINT('',(2.686369738734E0,8.313870651189E-1,
-2.474144701223E0));
#3289=CARTESIAN_POINT('',(2.778486331854E0,3.525636569633E-1,
-2.493604405547E0));
#3290=CARTESIAN_POINT('',(2.800417116365E0,0.E0,-2.506726690882E0));
#3291=CARTESIAN_POINT('',(2.778486331854E0,-3.525636569632E-1,
-2.519848976217E0));
#3292=CARTESIAN_POINT('',(2.686369738734E0,-8.313870651189E-1,
-2.539308680540E0));
#3293=CARTESIAN_POINT('',(2.448316844033E0,-1.413536388964E0,
-2.565522987178E0));
#3294=CARTESIAN_POINT('',(2.063187188138E0,-1.910770905142E0,
-2.591737293816E0));
#3295=CARTESIAN_POINT('',(1.694572249308E0,-2.229957918971E0,
-2.611196998140E0));
#3296=CARTESIAN_POINT('',(1.400208558182E0,-2.425232363965E0,
-2.624319283475E0));
#3297=CARTESIAN_POINT('',(1.083914082545E0,-2.582521575935E0,
-2.637441568809E0));
#3298=CARTESIAN_POINT('',(6.231825505962E-1,-2.742157970261E0,
-2.656901273133E0));
#3299=CARTESIAN_POINT('',(0.E0,-2.827072777928E0,-2.683115579771E0));
#3300=CARTESIAN_POINT('',(-6.231825505961E-1,-2.742157970261E0,
-2.709329886409E0));
#3301=CARTESIAN_POINT('',(-1.083914082545E0,-2.582521575935E0,
-2.728789590732E0));
#3302=CARTESIAN_POINT('',(-1.400208558182E0,-2.425232363965E0,
-2.741911876067E0));
#3303=CARTESIAN_POINT('',(-1.694572249308E0,-2.229957918971E0,
-2.755034161402E0));
#3304=CARTESIAN_POINT('',(-2.063187188138E0,-1.910770905142E0,
-2.774493865726E0));
#3305=CARTESIAN_POINT('',(-2.448316844033E0,-1.413536388964E0,
-2.800708172363E0));
#3306=CARTESIAN_POINT('',(-2.686369738734E0,-8.313870651189E-1,
-2.826922479001E0));
#3307=CARTESIAN_POINT('',(-2.778486331854E0,-3.525636569632E-1,
-2.846382183325E0));
#3308=CARTESIAN_POINT('',(-2.800417116365E0,0.E0,-2.859504468660E0));
#3309=CARTESIAN_POINT('',(-2.778486331854E0,3.525636569633E-1,
-2.872626753994E0));
#3310=CARTESIAN_POINT('',(-2.686369738734E0,8.313870651189E-1,
-2.892086458318E0));
#3311=CARTESIAN_POINT('',(-2.448316844033E0,1.413536388964E0,
-2.918300764956E0));
#3312=CARTESIAN_POINT('',(-2.063187188138E0,1.910770905142E0,
-2.944515071594E0));
#3313=CARTESIAN_POINT('',(-1.694572249308E0,2.229957918971E0,
-2.963974775918E0));
#3314=CARTESIAN_POINT('',(-1.400208558182E0,2.425232363965E0,
-2.977097061252E0));
#3315=CARTESIAN_POINT('',(-1.083914082545E0,2.582521575935E0,
-2.990219346587E0));
#3316=CARTESIAN_POINT('',(-6.231825505962E-1,2.742157970261E0,
-3.009679050911E0));
#3317=CARTESIAN_POINT('',(0.E0,2.827072777928E0,-3.035893357549E0));
#3318=CARTESIAN_POINT('',(6.231825505962E-1,2.742157970261E0,
-3.062107664186E0));
#3319=CARTESIAN_POINT('',(1.083914082545E0,2.582521575935E0,-3.081567368510E0));
#3320=CARTESIAN_POINT('',(1.400208558182E0,2.425232363965E0,-3.094689653845E0));
#3321=CARTESIAN_POINT('',(1.694572249308E0,2.229957918971E0,-3.107811939180E0));
#3322=CARTESIAN_POINT('',(2.063187188138E0,1.910770905142E0,-3.127271643503E0));
#3323=CARTESIAN_POINT('',(2.448316844033E0,1.413536388964E0,-3.153485950141E0));
#3324=CARTESIAN_POINT('',(2.686369738734E0,8.313870651189E-1,
-3.179700256779E0));
#3325=CARTESIAN_POINT('',(2.778486331854E0,3.525636569633E-1,
-3.199159961103E0));
#3326=CARTESIAN_POINT('',(2.800417116365E0,1.526556658860E-14,
-3.212282246438E0));
#3327=CARTESIAN_POINT('',(2.778486331854E0,-3.525636569632E-1,
-3.225404531772E0));
#3328=CARTESIAN_POINT('',(2.686369738734E0,-8.313870651189E-1,
-3.244864236096E0));
#3329=CARTESIAN_POINT('',(2.448316844033E0,-1.413536388964E0,
-3.271078542734E0));
#3330=CARTESIAN_POINT('',(2.063187188138E0,-1.910770905142E0,
-3.297292849372E0));
#3331=CARTESIAN_POINT('',(1.694572249308E0,-2.229957918971E0,
-3.316752553695E0));
#3332=CARTESIAN_POINT('',(1.400208558182E0,-2.425232363965E0,
-3.329874839030E0));
#3333=CARTESIAN_POINT('',(1.083914082545E0,-2.582521575935E0,
-3.342997124365E0));
#3334=CARTESIAN_POINT('',(6.231825505962E-1,-2.742157970261E0,
-3.362456828689E0));
#3335=CARTESIAN_POINT('',(1.076916333886E-14,-2.827072777928E0,
-3.388671135326E0));
#3336=CARTESIAN_POINT('',(-6.231825505962E-1,-2.742157970261E0,
-3.414885441964E0));
#3337=CARTESIAN_POINT('',(-1.083914082545E0,-2.582521575935E0,
-3.434345146288E0));
#3338=CARTESIAN_POINT('',(-1.400208558182E0,-2.425232363965E0,
-3.447467431623E0));
#3339=CARTESIAN_POINT('',(-1.694572249308E0,-2.229957918971E0,
-3.460589716957E0));
#3340=CARTESIAN_POINT('',(-2.063187188138E0,-1.910770905142E0,
-3.480049421281E0));
#3341=CARTESIAN_POINT('',(-2.448316844033E0,-1.413536388964E0,
-3.506263727919E0));
#3342=CARTESIAN_POINT('',(-2.686369738734E0,-8.313870651189E-1,
-3.532478034557E0));
#3343=CARTESIAN_POINT('',(-2.778486331854E0,-3.525636569633E-1,
-3.551937738881E0));
#3344=CARTESIAN_POINT('',(-2.800417116365E0,0.E0,-3.565060024215E0));
#3345=CARTESIAN_POINT('',(-2.778486331854E0,3.525636569633E-1,
-3.578182309550E0));
#3346=CARTESIAN_POINT('',(-2.686369738734E0,8.313870651189E-1,
-3.597642013874E0));
#3347=CARTESIAN_POINT('',(-2.448316844033E0,1.413536388964E0,
-3.623856320512E0));
#3348=CARTESIAN_POINT('',(-2.063187188138E0,1.910770905142E0,
-3.650070627149E0));
#3349=CARTESIAN_POINT('',(-1.694572249308E0,2.229957918971E0,
-3.669530331473E0));
#3350=CARTESIAN_POINT('',(-1.400208558182E0,2.425232363965E0,
-3.682652616808E0));
#3351=CARTESIAN_POINT('',(-1.083914082545E0,2.582521575935E0,
-3.695774902143E0));
#3352=CARTESIAN_POINT('',(-6.231825505962E-1,2.742157970261E0,
-3.715234606466E0));
#3353=CARTESIAN_POINT('',(1.121325254871E-14,2.827072777928E0,
-3.741448913104E0));
#3354=CARTESIAN_POINT('',(6.231825505962E-1,2.742157970261E0,
-3.767663219742E0));
#3355=CARTESIAN_POINT('',(1.083914082545E0,2.582521575935E0,-3.787122924066E0));
#3356=CARTESIAN_POINT('',(1.400208558182E0,2.425232363965E0,-3.800245209400E0));
#3357=CARTESIAN_POINT('',(1.694572249308E0,2.229957918971E0,-3.813367494735E0));
#3358=CARTESIAN_POINT('',(2.063187188138E0,1.910770905142E0,-3.832827199059E0));
#3359=CARTESIAN_POINT('',(2.448316844033E0,1.413536388964E0,-3.859041505697E0));
#3360=CARTESIAN_POINT('',(2.686369738734E0,8.313870651189E-1,
-3.885255812335E0));
#3361=CARTESIAN_POINT('',(2.778486331854E0,3.525636569633E-1,
-3.904715516658E0));
#3362=CARTESIAN_POINT('',(2.800417116365E0,0.E0,-3.917837801993E0));
#3363=CARTESIAN_POINT('',(2.778486331854E0,-3.525636569632E-1,
-3.930960087328E0));
#3364=CARTESIAN_POINT('',(2.686369738734E0,-8.313870651189E-1,
-3.950419791652E0));
#3365=CARTESIAN_POINT('',(2.448316844033E0,-1.413536388964E0,
-3.976634098289E0));
#3366=CARTESIAN_POINT('',(2.063187188138E0,-1.910770905142E0,
-4.002848404927E0));
#3367=CARTESIAN_POINT('',(1.694572249308E0,-2.229957918971E0,
-4.022308109251E0));
#3368=CARTESIAN_POINT('',(1.400208558182E0,-2.425232363965E0,
-4.035430394586E0));
#3369=CARTESIAN_POINT('',(1.083914082545E0,-2.582521575935E0,
-4.048552679920E0));
#3370=CARTESIAN_POINT('',(6.231825505962E-1,-2.742157970261E0,
-4.068012384244E0));
#3371=CARTESIAN_POINT('',(0.E0,-2.827072777928E0,-4.094226690882E0));
#3372=CARTESIAN_POINT('',(-6.231825505961E-1,-2.742157970261E0,
-4.120440997520E0));
#3373=CARTESIAN_POINT('',(-1.083914082545E0,-2.582521575935E0,
-4.139900701844E0));
#3374=CARTESIAN_POINT('',(-1.400208558182E0,-2.425232363965E0,
-4.153022987178E0));
#3375=CARTESIAN_POINT('',(-1.694572249308E0,-2.229957918971E0,
-4.166145272513E0));
#3376=CARTESIAN_POINT('',(-2.063187188138E0,-1.910770905142E0,
-4.185604976837E0));
#3377=CARTESIAN_POINT('',(-2.448316844033E0,-1.413536388964E0,
-4.211819283475E0));
#3378=CARTESIAN_POINT('',(-2.686369738734E0,-8.313870651189E-1,
-4.238033590112E0));
#3379=CARTESIAN_POINT('',(-2.778486331854E0,-3.525636569633E-1,
-4.257493294436E0));
#3380=CARTESIAN_POINT('',(-2.800417116365E0,0.E0,-4.270615579771E0));
#3381=CARTESIAN_POINT('',(-2.778486331854E0,3.525636569632E-1,
-4.283737865106E0));
#3382=CARTESIAN_POINT('',(-2.686369738734E0,8.313870651189E-1,
-4.303197569429E0));
#3383=CARTESIAN_POINT('',(-2.448316844033E0,1.413536388964E0,
-4.329411876067E0));
#3384=CARTESIAN_POINT('',(-2.063187188138E0,1.910770905142E0,
-4.355626182705E0));
#3385=CARTESIAN_POINT('',(-1.694572249308E0,2.229957918971E0,
-4.375085887029E0));
#3386=CARTESIAN_POINT('',(-1.400208558182E0,2.425232363965E0,
-4.388208172363E0));
#3387=CARTESIAN_POINT('',(-1.083914082545E0,2.582521575935E0,
-4.401330457698E0));
#3388=CARTESIAN_POINT('',(-6.231825505962E-1,2.742157970261E0,
-4.420790162022E0));
#3389=CARTESIAN_POINT('',(0.E0,2.827072777928E0,-4.447004468660E0));
#3390=CARTESIAN_POINT('',(6.231825505962E-1,2.742157970261E0,
-4.473218775298E0));
#3391=CARTESIAN_POINT('',(1.083914082545E0,2.582521575935E0,-4.492678479621E0));
#3392=CARTESIAN_POINT('',(1.400208558182E0,2.425232363965E0,-4.505800764956E0));
#3393=CARTESIAN_POINT('',(1.694572249308E0,2.229957918971E0,-4.518923050291E0));
#3394=CARTESIAN_POINT('',(2.063187188138E0,1.910770905142E0,-4.538382754615E0));
#3395=CARTESIAN_POINT('',(2.307332399465E0,1.595559068886E0,-4.555000787882E0));
#3396=CARTESIAN_POINT('',(2.481928259315E0,1.284913199776E0,-4.569989680916E0));
#3397=CARTESIAN_POINT('',(2.528905017301E0,1.188649801876E0,-4.574484967797E0));
#3398=CARTESIAN_POINT('',(2.562938015901E0,1.110026351596E0,-4.578066659224E0));
#3399=CARTESIAN_POINT('',(-2.475837248363E0,-1.292863321172E0,
-6.222198841308E-1));
#3400=CARTESIAN_POINT('',(-2.516035171567E0,-1.215800007376E0,
-6.258729622609E-1));
#3401=CARTESIAN_POINT('',(-2.604253297023E0,-1.025419784362E0,
-6.346656606028E-1));
#3402=CARTESIAN_POINT('',(-2.709722232319E0,-7.100004594217E-1,
-6.483924290619E-1));
#3403=CARTESIAN_POINT('',(-2.778486331854E0,-3.525636569633E-1,
-6.629189003493E-1));
#3404=CARTESIAN_POINT('',(-2.800417116365E0,0.E0,-6.760411856840E-1));
#3405=CARTESIAN_POINT('',(-2.778486331854E0,3.525636569633E-1,
-6.891634710187E-1));
#3406=CARTESIAN_POINT('',(-2.686369738734E0,8.313870651189E-1,
-7.086231753425E-1));
#3407=CARTESIAN_POINT('',(-2.448316844033E0,1.413536388964E0,
-7.348374819803E-1));
#3408=CARTESIAN_POINT('',(-2.063187188138E0,1.910770905142E0,
-7.610517886181E-1));
#3409=CARTESIAN_POINT('',(-1.694572249308E0,2.229957918971E0,
-7.805114929418E-1));
#3410=CARTESIAN_POINT('',(-1.400208558182E0,2.425232363965E0,
-7.936337782766E-1));
#3411=CARTESIAN_POINT('',(-1.083914082545E0,2.582521575935E0,
-8.067560636113E-1));
#3412=CARTESIAN_POINT('',(-6.231825505962E-1,2.742157970261E0,
-8.262157679350E-1));
#3413=CARTESIAN_POINT('',(0.E0,2.827072777928E0,-8.524300745729E-1));
#3414=CARTESIAN_POINT('',(6.231825505962E-1,2.742157970261E0,
-8.786443812106E-1));
#3415=CARTESIAN_POINT('',(1.083914082545E0,2.582521575935E0,
-8.981040855344E-1));
#3416=CARTESIAN_POINT('',(1.400208558182E0,2.425232363965E0,
-9.112263708691E-1));
#3417=CARTESIAN_POINT('',(1.694572249308E0,2.229957918971E0,
-9.243486562039E-1));
#3418=CARTESIAN_POINT('',(2.063187188138E0,1.910770905142E0,
-9.438083605276E-1));
#3419=CARTESIAN_POINT('',(2.448316844033E0,1.413536388964E0,
-9.700226671654E-1));
#3420=CARTESIAN_POINT('',(2.686369738734E0,8.313870651189E-1,
-9.962369738032E-1));
#3421=CARTESIAN_POINT('',(2.778486331854E0,3.525636569633E-1,
-1.015696678127E0));
#3422=CARTESIAN_POINT('',(2.800417116365E0,0.E0,-1.028818963462E0));
#3423=CARTESIAN_POINT('',(2.778486331854E0,-3.525636569632E-1,
-1.041941248796E0));
#3424=CARTESIAN_POINT('',(2.686369738734E0,-8.313870651189E-1,
-1.061400953120E0));
#3425=CARTESIAN_POINT('',(2.448316844033E0,-1.413536388964E0,
-1.087615259758E0));
#3426=CARTESIAN_POINT('',(2.063187188138E0,-1.910770905142E0,
-1.113829566396E0));
#3427=CARTESIAN_POINT('',(1.694572249308E0,-2.229957918971E0,
-1.133289270720E0));
#3428=CARTESIAN_POINT('',(1.400208558182E0,-2.425232363965E0,
-1.146411556054E0));
#3429=CARTESIAN_POINT('',(1.083914082545E0,-2.582521575935E0,
-1.159533841389E0));
#3430=CARTESIAN_POINT('',(6.231825505962E-1,-2.742157970261E0,
-1.178993545713E0));
#3431=CARTESIAN_POINT('',(0.E0,-2.827072777928E0,-1.205207852351E0));
#3432=CARTESIAN_POINT('',(-6.231825505962E-1,-2.742157970261E0,
-1.231422158988E0));
#3433=CARTESIAN_POINT('',(-1.083914082545E0,-2.582521575935E0,
-1.250881863312E0));
#3434=CARTESIAN_POINT('',(-1.400208558182E0,-2.425232363965E0,
-1.264004148647E0));
#3435=CARTESIAN_POINT('',(-1.694572249308E0,-2.229957918971E0,
-1.277126433982E0));
#3436=CARTESIAN_POINT('',(-2.063187188138E0,-1.910770905142E0,
-1.296586138305E0));
#3437=CARTESIAN_POINT('',(-2.448316844033E0,-1.413536388964E0,
-1.322800444943E0));
#3438=CARTESIAN_POINT('',(-2.686369738734E0,-8.313870651189E-1,
-1.349014751581E0));
#3439=CARTESIAN_POINT('',(-2.778486331854E0,-3.525636569633E-1,
-1.368474455905E0));
#3440=CARTESIAN_POINT('',(-2.800417116365E0,0.E0,-1.381596741240E0));
#3441=CARTESIAN_POINT('',(-2.778486331854E0,3.525636569633E-1,
-1.394719026574E0));
#3442=CARTESIAN_POINT('',(-2.686369738734E0,8.313870651189E-1,
-1.414178730898E0));
#3443=CARTESIAN_POINT('',(-2.448316844033E0,1.413536388964E0,
-1.440393037536E0));
#3444=CARTESIAN_POINT('',(-2.063187188138E0,1.910770905142E0,
-1.466607344174E0));
#3445=CARTESIAN_POINT('',(-1.694572249308E0,2.229957918971E0,
-1.486067048497E0));
#3446=CARTESIAN_POINT('',(-1.400208558182E0,2.425232363965E0,
-1.499189333832E0));
#3447=CARTESIAN_POINT('',(-1.083914082545E0,2.582521575935E0,
-1.512311619167E0));
#3448=CARTESIAN_POINT('',(-6.231825505962E-1,2.742157970261E0,
-1.531771323491E0));
#3449=CARTESIAN_POINT('',(0.E0,2.827072777928E0,-1.557985630128E0));
#3450=CARTESIAN_POINT('',(6.231825505962E-1,2.742157970261E0,
-1.584199936766E0));
#3451=CARTESIAN_POINT('',(1.083914082545E0,2.582521575935E0,-1.603659641090E0));
#3452=CARTESIAN_POINT('',(1.400208558182E0,2.425232363965E0,-1.616781926425E0));
#3453=CARTESIAN_POINT('',(1.694572249308E0,2.229957918971E0,-1.629904211759E0));
#3454=CARTESIAN_POINT('',(2.063187188138E0,1.910770905142E0,-1.649363916083E0));
#3455=CARTESIAN_POINT('',(2.448316844033E0,1.413536388964E0,-1.675578222721E0));
#3456=CARTESIAN_POINT('',(2.686369738734E0,8.313870651189E-1,
-1.701792529359E0));
#3457=CARTESIAN_POINT('',(2.778486331854E0,3.525636569633E-1,
-1.721252233683E0));
#3458=CARTESIAN_POINT('',(2.800417116365E0,0.E0,-1.734374519017E0));
#3459=CARTESIAN_POINT('',(2.778486331854E0,-3.525636569633E-1,
-1.747496804352E0));
#3460=CARTESIAN_POINT('',(2.686369738734E0,-8.313870651189E-1,
-1.766956508676E0));
#3461=CARTESIAN_POINT('',(2.448316844033E0,-1.413536388964E0,
-1.793170815314E0));
#3462=CARTESIAN_POINT('',(2.063187188138E0,-1.910770905142E0,
-1.819385121951E0));
#3463=CARTESIAN_POINT('',(1.694572249308E0,-2.229957918971E0,
-1.838844826275E0));
#3464=CARTESIAN_POINT('',(1.400208558182E0,-2.425232363965E0,
-1.851967111610E0));
#3465=CARTESIAN_POINT('',(1.083914082545E0,-2.582521575935E0,
-1.865089396945E0));
#3466=CARTESIAN_POINT('',(6.231825505962E-1,-2.742157970261E0,
-1.884549101268E0));
#3467=CARTESIAN_POINT('',(0.E0,-2.827072777928E0,-1.910763407906E0));
#3468=CARTESIAN_POINT('',(-6.231825505962E-1,-2.742157970261E0,
-1.936977714544E0));
#3469=CARTESIAN_POINT('',(-1.083914082545E0,-2.582521575935E0,
-1.956437418868E0));
#3470=CARTESIAN_POINT('',(-1.400208558182E0,-2.425232363965E0,
-1.969559704202E0));
#3471=CARTESIAN_POINT('',(-1.694572249308E0,-2.229957918971E0,
-1.982681989537E0));
#3472=CARTESIAN_POINT('',(-2.063187188138E0,-1.910770905142E0,
-2.002141693861E0));
#3473=CARTESIAN_POINT('',(-2.448316844033E0,-1.413536388964E0,
-2.028356000499E0));
#3474=CARTESIAN_POINT('',(-2.686369738734E0,-8.313870651189E-1,
-2.054570307137E0));
#3475=CARTESIAN_POINT('',(-2.778486331854E0,-3.525636569633E-1,
-2.074030011460E0));
#3476=CARTESIAN_POINT('',(-2.800417116365E0,0.E0,-2.087152296795E0));
#3477=CARTESIAN_POINT('',(-2.778486331854E0,3.525636569633E-1,
-2.100274582130E0));
#3478=CARTESIAN_POINT('',(-2.686369738734E0,8.313870651189E-1,
-2.119734286454E0));
#3479=CARTESIAN_POINT('',(-2.448316844033E0,1.413536388964E0,
-2.145948593091E0));
#3480=CARTESIAN_POINT('',(-2.063187188138E0,1.910770905142E0,
-2.172162899729E0));
#3481=CARTESIAN_POINT('',(-1.694572249308E0,2.229957918971E0,
-2.191622604053E0));
#3482=CARTESIAN_POINT('',(-1.400208558182E0,2.425232363965E0,
-2.204744889388E0));
#3483=CARTESIAN_POINT('',(-1.083914082545E0,2.582521575935E0,
-2.217867174722E0));
#3484=CARTESIAN_POINT('',(-6.231825505962E-1,2.742157970261E0,
-2.237326879046E0));
#3485=CARTESIAN_POINT('',(0.E0,2.827072777928E0,-2.263541185684E0));
#3486=CARTESIAN_POINT('',(6.231825505962E-1,2.742157970261E0,
-2.289755492322E0));
#3487=CARTESIAN_POINT('',(1.083914082545E0,2.582521575935E0,-2.309215196646E0));
#3488=CARTESIAN_POINT('',(1.400208558182E0,2.425232363965E0,-2.322337481980E0));
#3489=CARTESIAN_POINT('',(1.694572249308E0,2.229957918971E0,-2.335459767315E0));
#3490=CARTESIAN_POINT('',(2.063187188138E0,1.910770905142E0,-2.354919471639E0));
#3491=CARTESIAN_POINT('',(2.448316844033E0,1.413536388964E0,-2.381133778277E0));
#3492=CARTESIAN_POINT('',(2.686369738734E0,8.313870651189E-1,
-2.407348084914E0));
#3493=CARTESIAN_POINT('',(2.778486331854E0,3.525636569633E-1,
-2.426807789238E0));
#3494=CARTESIAN_POINT('',(2.800417116365E0,0.E0,-2.439930074573E0));
#3495=CARTESIAN_POINT('',(2.778486331854E0,-3.525636569632E-1,
-2.453052359908E0));
#3496=CARTESIAN_POINT('',(2.686369738734E0,-8.313870651189E-1,
-2.472512064231E0));
#3497=CARTESIAN_POINT('',(2.448316844033E0,-1.413536388964E0,
-2.498726370869E0));
#3498=CARTESIAN_POINT('',(2.063187188138E0,-1.910770905142E0,
-2.524940677507E0));
#3499=CARTESIAN_POINT('',(1.694572249308E0,-2.229957918971E0,
-2.544400381831E0));
#3500=CARTESIAN_POINT('',(1.400208558182E0,-2.425232363965E0,
-2.557522667165E0));
#3501=CARTESIAN_POINT('',(1.083914082545E0,-2.582521575935E0,
-2.570644952500E0));
#3502=CARTESIAN_POINT('',(6.231825505962E-1,-2.742157970261E0,
-2.590104656824E0));
#3503=CARTESIAN_POINT('',(0.E0,-2.827072777928E0,-2.616318963462E0));
#3504=CARTESIAN_POINT('',(-6.231825505961E-1,-2.742157970261E0,
-2.642533270100E0));
#3505=CARTESIAN_POINT('',(-1.083914082545E0,-2.582521575935E0,
-2.661992974423E0));
#3506=CARTESIAN_POINT('',(-1.400208558182E0,-2.425232363965E0,
-2.675115259758E0));
#3507=CARTESIAN_POINT('',(-1.694572249308E0,-2.229957918971E0,
-2.688237545093E0));
#3508=CARTESIAN_POINT('',(-2.063187188138E0,-1.910770905142E0,
-2.707697249417E0));
#3509=CARTESIAN_POINT('',(-2.448316844033E0,-1.413536388964E0,
-2.733911556054E0));
#3510=CARTESIAN_POINT('',(-2.686369738734E0,-8.313870651189E-1,
-2.760125862692E0));
#3511=CARTESIAN_POINT('',(-2.778486331854E0,-3.525636569632E-1,
-2.779585567016E0));
#3512=CARTESIAN_POINT('',(-2.800417116365E0,0.E0,-2.792707852351E0));
#3513=CARTESIAN_POINT('',(-2.778486331854E0,3.525636569633E-1,
-2.805830137685E0));
#3514=CARTESIAN_POINT('',(-2.686369738734E0,8.313870651189E-1,
-2.825289842009E0));
#3515=CARTESIAN_POINT('',(-2.448316844033E0,1.413536388964E0,
-2.851504148647E0));
#3516=CARTESIAN_POINT('',(-2.063187188138E0,1.910770905142E0,
-2.877718455285E0));
#3517=CARTESIAN_POINT('',(-1.694572249308E0,2.229957918971E0,
-2.897178159609E0));
#3518=CARTESIAN_POINT('',(-1.400208558182E0,2.425232363965E0,
-2.910300444943E0));
#3519=CARTESIAN_POINT('',(-1.083914082545E0,2.582521575935E0,
-2.923422730278E0));
#3520=CARTESIAN_POINT('',(-6.231825505962E-1,2.742157970261E0,
-2.942882434602E0));
#3521=CARTESIAN_POINT('',(0.E0,2.827072777928E0,-2.969096741240E0));
#3522=CARTESIAN_POINT('',(6.231825505962E-1,2.742157970261E0,
-2.995311047877E0));
#3523=CARTESIAN_POINT('',(1.083914082545E0,2.582521575935E0,-3.014770752201E0));
#3524=CARTESIAN_POINT('',(1.400208558182E0,2.425232363965E0,-3.027893037536E0));
#3525=CARTESIAN_POINT('',(1.694572249308E0,2.229957918971E0,-3.041015322871E0));
#3526=CARTESIAN_POINT('',(2.063187188138E0,1.910770905142E0,-3.060475027194E0));
#3527=CARTESIAN_POINT('',(2.448316844033E0,1.413536388964E0,-3.086689333832E0));
#3528=CARTESIAN_POINT('',(2.686369738734E0,8.313870651189E-1,
-3.112903640470E0));
#3529=CARTESIAN_POINT('',(2.778486331854E0,3.525636569633E-1,
-3.132363344794E0));
#3530=CARTESIAN_POINT('',(2.800417116365E0,1.526556658860E-14,
-3.145485630128E0));
#3531=CARTESIAN_POINT('',(2.778486331854E0,-3.525636569632E-1,
-3.158607915463E0));
#3532=CARTESIAN_POINT('',(2.686369738734E0,-8.313870651189E-1,
-3.178067619787E0));
#3533=CARTESIAN_POINT('',(2.448316844033E0,-1.413536388964E0,
-3.204281926425E0));
#3534=CARTESIAN_POINT('',(2.063187188138E0,-1.910770905142E0,
-3.230496233063E0));
#3535=CARTESIAN_POINT('',(1.694572249308E0,-2.229957918971E0,
-3.249955937386E0));
#3536=CARTESIAN_POINT('',(1.400208558182E0,-2.425232363965E0,
-3.263078222721E0));
#3537=CARTESIAN_POINT('',(1.083914082545E0,-2.582521575935E0,
-3.276200508056E0));
#3538=CARTESIAN_POINT('',(6.231825505962E-1,-2.742157970261E0,
-3.295660212379E0));
#3539=CARTESIAN_POINT('',(1.074140776325E-14,-2.827072777928E0,
-3.321874519017E0));
#3540=CARTESIAN_POINT('',(-6.231825505962E-1,-2.742157970261E0,
-3.348088825655E0));
#3541=CARTESIAN_POINT('',(-1.083914082545E0,-2.582521575935E0,
-3.367548529979E0));
#3542=CARTESIAN_POINT('',(-1.400208558182E0,-2.425232363965E0,
-3.380670815314E0));
#3543=CARTESIAN_POINT('',(-1.694572249308E0,-2.229957918971E0,
-3.393793100648E0));
#3544=CARTESIAN_POINT('',(-2.063187188138E0,-1.910770905142E0,
-3.413252804972E0));
#3545=CARTESIAN_POINT('',(-2.448316844033E0,-1.413536388964E0,
-3.439467111610E0));
#3546=CARTESIAN_POINT('',(-2.686369738734E0,-8.313870651189E-1,
-3.465681418248E0));
#3547=CARTESIAN_POINT('',(-2.778486331854E0,-3.525636569633E-1,
-3.485141122571E0));
#3548=CARTESIAN_POINT('',(-2.800417116365E0,0.E0,-3.498263407906E0));
#3549=CARTESIAN_POINT('',(-2.778486331854E0,3.525636569633E-1,
-3.511385693241E0));
#3550=CARTESIAN_POINT('',(-2.686369738734E0,8.313870651189E-1,
-3.530845397565E0));
#3551=CARTESIAN_POINT('',(-2.448316844033E0,1.413536388964E0,
-3.557059704202E0));
#3552=CARTESIAN_POINT('',(-2.063187188138E0,1.910770905142E0,
-3.583274010840E0));
#3553=CARTESIAN_POINT('',(-1.694572249308E0,2.229957918971E0,
-3.602733715164E0));
#3554=CARTESIAN_POINT('',(-1.400208558182E0,2.425232363965E0,
-3.615856000499E0));
#3555=CARTESIAN_POINT('',(-1.083914082545E0,2.582521575935E0,
-3.628978285833E0));
#3556=CARTESIAN_POINT('',(-6.231825505962E-1,2.742157970261E0,
-3.648437990157E0));
#3557=CARTESIAN_POINT('',(1.137978600241E-14,2.827072777928E0,
-3.674652296795E0));
#3558=CARTESIAN_POINT('',(6.231825505962E-1,2.742157970261E0,
-3.700866603433E0));
#3559=CARTESIAN_POINT('',(1.083914082545E0,2.582521575935E0,-3.720326307757E0));
#3560=CARTESIAN_POINT('',(1.400208558182E0,2.425232363965E0,-3.733448593091E0));
#3561=CARTESIAN_POINT('',(1.694572249308E0,2.229957918971E0,-3.746570878426E0));
#3562=CARTESIAN_POINT('',(2.063187188138E0,1.910770905142E0,-3.766030582750E0));
#3563=CARTESIAN_POINT('',(2.448316844033E0,1.413536388964E0,-3.792244889388E0));
#3564=CARTESIAN_POINT('',(2.686369738734E0,8.313870651189E-1,
-3.818459196025E0));
#3565=CARTESIAN_POINT('',(2.778486331854E0,3.525636569633E-1,
-3.837918900349E0));
#3566=CARTESIAN_POINT('',(2.800417116365E0,0.E0,-3.851041185684E0));
#3567=CARTESIAN_POINT('',(2.778486331854E0,-3.525636569632E-1,
-3.864163471019E0));
#3568=CARTESIAN_POINT('',(2.686369738734E0,-8.313870651189E-1,
-3.883623175342E0));
#3569=CARTESIAN_POINT('',(2.448316844033E0,-1.413536388964E0,
-3.909837481980E0));
#3570=CARTESIAN_POINT('',(2.063187188138E0,-1.910770905142E0,
-3.936051788618E0));
#3571=CARTESIAN_POINT('',(1.694572249308E0,-2.229957918971E0,
-3.955511492942E0));
#3572=CARTESIAN_POINT('',(1.400208558182E0,-2.425232363965E0,
-3.968633778277E0));
#3573=CARTESIAN_POINT('',(1.083914082545E0,-2.582521575935E0,
-3.981756063611E0));
#3574=CARTESIAN_POINT('',(6.231825505962E-1,-2.742157970261E0,
-4.001215767935E0));
#3575=CARTESIAN_POINT('',(0.E0,-2.827072777928E0,-4.027430074573E0));
#3576=CARTESIAN_POINT('',(-6.231825505961E-1,-2.742157970261E0,
-4.053644381211E0));
#3577=CARTESIAN_POINT('',(-1.083914082545E0,-2.582521575935E0,
-4.073104085534E0));
#3578=CARTESIAN_POINT('',(-1.400208558182E0,-2.425232363965E0,
-4.086226370869E0));
#3579=CARTESIAN_POINT('',(-1.694572249308E0,-2.229957918971E0,
-4.099348656204E0));
#3580=CARTESIAN_POINT('',(-2.063187188138E0,-1.910770905142E0,
-4.118808360528E0));
#3581=CARTESIAN_POINT('',(-2.448316844033E0,-1.413536388964E0,
-4.145022667165E0));
#3582=CARTESIAN_POINT('',(-2.686369738734E0,-8.313870651189E-1,
-4.171236973803E0));
#3583=CARTESIAN_POINT('',(-2.778486331854E0,-3.525636569633E-1,
-4.190696678127E0));
#3584=CARTESIAN_POINT('',(-2.800417116365E0,0.E0,-4.203818963462E0));
#3585=CARTESIAN_POINT('',(-2.778486331854E0,3.525636569632E-1,
-4.216941248796E0));
#3586=CARTESIAN_POINT('',(-2.686369738734E0,8.313870651189E-1,
-4.236400953120E0));
#3587=CARTESIAN_POINT('',(-2.448316844033E0,1.413536388964E0,
-4.262615259758E0));
#3588=CARTESIAN_POINT('',(-2.063187188138E0,1.910770905142E0,
-4.288829566396E0));
#3589=CARTESIAN_POINT('',(-1.694572249308E0,2.229957918971E0,
-4.308289270720E0));
#3590=CARTESIAN_POINT('',(-1.400208558182E0,2.425232363965E0,
-4.321411556054E0));
#3591=CARTESIAN_POINT('',(-1.083914082545E0,2.582521575935E0,
-4.334533841389E0));
#3592=CARTESIAN_POINT('',(-6.231825505962E-1,2.742157970261E0,
-4.353993545713E0));
#3593=CARTESIAN_POINT('',(0.E0,2.827072777928E0,-4.380207852351E0));
#3594=CARTESIAN_POINT('',(6.231825505962E-1,2.742157970261E0,
-4.406422158988E0));
#3595=CARTESIAN_POINT('',(1.083914082545E0,2.582521575935E0,-4.425881863312E0));
#3596=CARTESIAN_POINT('',(1.400208558182E0,2.425232363965E0,-4.439004148647E0));
#3597=CARTESIAN_POINT('',(1.694572249308E0,2.229957918971E0,-4.452126433982E0));
#3598=CARTESIAN_POINT('',(2.063187188138E0,1.910770905142E0,-4.471586138305E0));
#3599=CARTESIAN_POINT('',(2.307332399465E0,1.595559068886E0,-4.488204171573E0));
#3600=CARTESIAN_POINT('',(2.481928259315E0,1.284913199776E0,-4.503193064607E0));
#3601=CARTESIAN_POINT('',(2.528905017301E0,1.188649801876E0,-4.507688351487E0));
#3602=CARTESIAN_POINT('',(2.562938015901E0,1.110026351596E0,-4.511270042915E0));
#3603=B_SPLINE_SURFACE_WITH_KNOTS('',3,3,((#2787,#2788,#2789,#2790,#2791,#2792,
#2793,#2794,#2795,#2796,#2797,#2798,#2799,#2800,#2801,#2802,#2803,#2804,#2805,
#2806,#2807,#2808,#2809,#2810,#2811,#2812,#2813,#2814,#2815,#2816,#2817,#2818,
#2819,#2820,#2821,#2822,#2823,#2824,#2825,#2826,#2827,#2828,#2829,#2830,#2831,
#2832,#2833,#2834,#2835,#2836,#2837,#2838,#2839,#2840,#2841,#2842,#2843,#2844,
#2845,#2846,#2847,#2848,#2849,#2850,#2851,#2852,#2853,#2854,#2855,#2856,#2857,
#2858,#2859,#2860,#2861,#2862,#2863,#2864,#2865,#2866,#2867,#2868,#2869,#2870,
#2871,#2872,#2873,#2874,#2875,#2876,#2877,#2878,#2879,#2880,#2881,#2882,#2883,
#2884,#2885,#2886,#2887,#2888,#2889,#2890,#2891,#2892,#2893,#2894,#2895,#2896,
#2897,#2898,#2899,#2900,#2901,#2902,#2903,#2904,#2905,#2906,#2907,#2908,#2909,
#2910,#2911,#2912,#2913,#2914,#2915,#2916,#2917,#2918,#2919,#2920,#2921,#2922,
#2923,#2924,#2925,#2926,#2927,#2928,#2929,#2930,#2931,#2932,#2933,#2934,#2935,
#2936,#2937,#2938,#2939,#2940,#2941,#2942,#2943,#2944,#2945,#2946,#2947,#2948,
#2949,#2950,#2951,#2952,#2953,#2954,#2955,#2956,#2957,#2958,#2959,#2960,#2961,
#2962,#2963,#2964,#2965,#2966,#2967,#2968,#2969,#2970,#2971,#2972,#2973,#2974,
#2975,#2976,#2977,#2978,#2979,#2980,#2981,#2982,#2983,#2984,#2985,#2986,#2987,
#2988,#2989,#2990),(#2991,#2992,#2993,#2994,#2995,#2996,#2997,#2998,#2999,#3000,
#3001,#3002,#3003,#3004,#3005,#3006,#3007,#3008,#3009,#3010,#3011,#3012,#3013,
#3014,#3015,#3016,#3017,#3018,#3019,#3020,#3021,#3022,#3023,#3024,#3025,#3026,
#3027,#3028,#3029,#3030,#3031,#3032,#3033,#3034,#3035,#3036,#3037,#3038,#3039,
#3040,#3041,#3042,#3043,#3044,#3045,#3046,#3047,#3048,#3049,#3050,#3051,#3052,
#3053,#3054,#3055,#3056,#3057,#3058,#3059,#3060,#3061,#3062,#3063,#3064,#3065,
#3066,#3067,#3068,#3069,#3070,#3071,#3072,#3073,#3074,#3075,#3076,#3077,#3078,
#3079,#3080,#3081,#3082,#3083,#3084,#3085,#3086,#3087,#3088,#3089,#3090,#3091,
#3092,#3093,#3094,#3095,#3096,#3097,#3098,#3099,#3100,#3101,#3102,#3103,#3104,
#3105,#3106,#3107,#3108,#3109,#3110,#3111,#3112,#3113,#3114,#3115,#3116,#3117,
#3118,#3119,#3120,#3121,#3122,#3123,#3124,#3125,#3126,#3127,#3128,#3129,#3130,
#3131,#3132,#3133,#3134,#3135,#3136,#3137,#3138,#3139,#3140,#3141,#3142,#3143,
#3144,#3145,#3146,#3147,#3148,#3149,#3150,#3151,#3152,#3153,#3154,#3155,#3156,
#3157,#3158,#3159,#3160,#3161,#3162,#3163,#3164,#3165,#3166,#3167,#3168,#3169,
#3170,#3171,#3172,#3173,#3174,#3175,#3176,#3177,#3178,#3179,#3180,#3181,#3182,
#3183,#3184,#3185,#3186,#3187,#3188,#3189,#3190,#3191,#3192,#3193,#3194),(#3195,
#3196,#3197,#3198,#3199,#3200,#3201,#3202,#3203,#3204,#3205,#3206,#3207,#3208,
#3209,#3210,#3211,#3212,#3213,#3214,#3215,#3216,#3217,#3218,#3219,#3220,#3221,
#3222,#3223,#3224,#3225,#3226,#3227,#3228,#3229,#3230,#3231,#3232,#3233,#3234,
#3235,#3236,#3237,#3238,#3239,#3240,#3241,#3242,#3243,#3244,#3245,#3246,#3247,
#3248,#3249,#3250,#3251,#3252,#3253,#3254,#3255,#3256,#3257,#3258,#3259,#3260,
#3261,#3262,#3263,#3264,#3265,#3266,#3267,#3268,#3269,#3270,#3271,#3272,#3273,
#3274,#3275,#3276,#3277,#3278,#3279,#3280,#3281,#3282,#3283,#3284,#3285,#3286,
#3287,#3288,#3289,#3290,#3291,#3292,#3293,#3294,#3295,#3296,#3297,#3298,#3299,
#3300,#3301,#3302,#3303,#3304,#3305,#3306,#3307,#3308,#3309,#3310,#3311,#3312,
#3313,#3314,#3315,#3316,#3317,#3318,#3319,#3320,#3321,#3322,#3323,#3324,#3325,
#3326,#3327,#3328,#3329,#3330,#3331,#3332,#3333,#3334,#3335,#3336,#3337,#3338,
#3339,#3340,#3341,#3342,#3343,#3344,#3345,#3346,#3347,#3348,#3349,#3350,#3351,
#3352,#3353,#3354,#3355,#3356,#3357,#3358,#3359,#3360,#3361,#3362,#3363,#3364,
#3365,#3366,#3367,#3368,#3369,#3370,#3371,#3372,#3373,#3374,#3375,#3376,#3377,
#3378,#3379,#3380,#3381,#3382,#3383,#3384,#3385,#3386,#3387,#3388,#3389,#3390,
#3391,#3392,#3393,#3394,#3395,#3396,#3397,#3398),(#3399,#3400,#3401,#3402,#3403,
#3404,#3405,#3406,#3407,#3408,#3409,#3410,#3411,#3412,#3413,#3414,#3415,#3416,
#3417,#3418,#3419,#3420,#3421,#3422,#3423,#3424,#3425,#3426,#3427,#3428,#3429,
#3430,#3431,#3432,#3433,#3434,#3435,#3436,#3437,#3438,#3439,#3440,#3441,#3442,
#3443,#3444,#3445,#3446,#3447,#3448,#3449,#3450,#3451,#3452,#3453,#3454,#3455,
#3456,#3457,#3458,#3459,#3460,#3461,#3462,#3463,#3464,#3465,#3466,#3467,#3468,
#3469,#3470,#3471,#3472,#3473,#3474,#3475,#3476,#3477,#3478,#3479,#3480,#3481,
#3482,#3483,#3484,#3485,#3486,#3487,#3488,#3489,#3490,#3491,#3492,#3493,#3494,
#3495,#3496,#3497,#3498,#3499,#3500,#3501,#3502,#3503,#3504,#3505,#3506,#3507,
#3508,#3509,#3510,#3511,#3512,#3513,#3514,#3515,#3516,#3517,#3518,#3519,#3520,
#3521,#3522,#3523,#3524,#3525,#3526,#3527,#3528,#3529,#3530,#3531,#3532,#3533,
#3534,#3535,#3536,#3537,#3538,#3539,#3540,#3541,#3542,#3543,#3544,#3545,#3546,
#3547,#3548,#3549,#3550,#3551,#3552,#3553,#3554,#3555,#3556,#3557,#3558,#3559,
#3560,#3561,#3562,#3563,#3564,#3565,#3566,#3567,#3568,#3569,#3570,#3571,#3572,
#3573,#3574,#3575,#3576,#3577,#3578,#3579,#3580,#3581,#3582,#3583,#3584,#3585,
#3586,#3587,#3588,#3589,#3590,#3591,#3592,#3593,#3594,#3595,#3596,#3597,#3598,
#3599,#3600,#3601,#3602)),.UNSPECIFIED.,.F.,.F.,.F.,(4,4),(4,1,1,1,1,1,1,1,1,1,
1,1,1,1,1,1,1,1,1,1,1,1,1,1,1,1,1,1,1,1,1,1,1,1,1,1,1,1,1,1,1,1,1,1,1,1,1,1,1,1,
1,1,1,1,1,1,1,1,1,1,1,1,1,1,1,1,1,1,1,1,1,1,1,1,1,1,1,1,1,1,1,1,1,1,1,1,1,1,1,1,
1,1,1,1,1,1,1,1,1,1,1,1,1,1,1,1,1,1,1,1,1,1,1,1,1,1,1,1,1,1,1,1,1,1,1,1,1,1,1,1,
1,1,1,1,1,1,1,1,1,1,1,1,1,1,1,1,1,1,1,1,1,1,1,1,1,1,1,1,1,1,1,1,1,1,1,1,1,1,1,1,
1,1,1,1,1,1,1,1,1,1,1,1,1,1,1,1,1,1,1,1,1,1,1,1,1,1,1,1,1,1,1,4),(
-6.803421743169E-2,1.068034217432E0),(-2.650944975825E-3,0.E0,3.746677893873E-3,
7.546710901724E-3,1.134674390958E-2,1.514677691743E-2,1.894680992528E-2,
2.654687594098E-2,3.414694195669E-2,3.794697496454E-2,4.174700797239E-2,
4.554704098024E-2,4.934707398809E-2,5.694714000380E-2,6.454720601950E-2,
6.834723902735E-2,7.214727203520E-2,7.594730504305E-2,7.974733805091E-2,
8.734740406661E-2,9.494747008231E-2,9.874750309017E-2,1.025475360980E-1,
1.063475691059E-1,1.101476021137E-1,1.177476681294E-1,1.253477341451E-1,
1.291477671530E-1,1.329478001608E-1,1.367478331687E-1,1.405478661765E-1,
1.481479321922E-1,1.557479982079E-1,1.595480312158E-1,1.633480642236E-1,
1.671480972315E-1,1.709481302393E-1,1.785481962551E-1,1.861482622708E-1,
1.899482952786E-1,1.937483282865E-1,1.975483612943E-1,2.013483943022E-1,
2.089484603179E-1,2.165485263336E-1,2.203485593414E-1,2.241485923493E-1,
2.279486253571E-1,2.317486583650E-1,2.393487243807E-1,2.469487903964E-1,
2.507488234042E-1,2.545488564121E-1,2.583488894199E-1,2.621489224278E-1,
2.697489884435E-1,2.773490544592E-1,2.811490874670E-1,2.849491204749E-1,
2.887491534828E-1,2.925491864906E-1,3.001492525063E-1,3.077493185220E-1,
3.115493515299E-1,3.153493845377E-1,3.191494175456E-1,3.229494505534E-1,
3.305495165691E-1,3.381495825848E-1,3.419496155927E-1,3.457496486005E-1,
3.495496816084E-1,3.533497146162E-1,3.609497806319E-1,3.685498466476E-1,
3.723498796555E-1,3.761499126633E-1,3.799499456712E-1,3.837499786790E-1,
3.913500446947E-1,3.989501107104E-1,4.027501437183E-1,4.065501767262E-1,
4.103502097340E-1,4.141502427419E-1,4.217503087576E-1,4.293503747733E-1,
4.331504077811E-1,4.369504407890E-1,4.407504737968E-1,4.445505068047E-1,
4.521505728204E-1,4.597506388361E-1,4.635506718439E-1,4.673507048518E-1,
4.711507378596E-1,4.749507708675E-1,4.825508368832E-1,4.901509028989E-1,
4.939509359067E-1,4.977509689146E-1,5.015510019224E-1,5.053510349303E-1,
5.129511009460E-1,5.205511669617E-1,5.243511999696E-1,5.281512329774E-1,
5.319512659853E-1,5.357512989931E-1,5.433513650088E-1,5.509514310245E-1,
5.547514640324E-1,5.585514970402E-1,5.623515300481E-1,5.661515630559E-1,
5.737516290716E-1,5.813516950873E-1,5.851517280952E-1,5.889517611030E-1,
5.927517941109E-1,5.965518271187E-1,6.041518931344E-1,6.117519591501E-1,
6.155519921580E-1,6.193520251658E-1,6.231520581737E-1,6.269520911816E-1,
6.345521571973E-1,6.421522232130E-1,6.459522562208E-1,6.497522892287E-1,
6.535523222365E-1,6.573523552444E-1,6.649524212601E-1,6.725524872758E-1,
6.763525202836E-1,6.801525532915E-1,6.839525862993E-1,6.877526193072E-1,
6.953526853229E-1,7.029527513386E-1,7.067527843464E-1,7.105528173543E-1,
7.143528503621E-1,7.181528833700E-1,7.257529493857E-1,7.333530154014E-1,
7.371530484093E-1,7.409530814171E-1,7.447531144250E-1,7.485531474328E-1,
7.561532134485E-1,7.637532794642E-1,7.675533124721E-1,7.713533454799E-1,
7.751533784878E-1,7.789534114956E-1,7.865534775113E-1,7.941535435270E-1,
7.979535765349E-1,8.017536095427E-1,8.055536425506E-1,8.093536755584E-1,
8.169537415741E-1,8.245538075898E-1,8.283538405977E-1,8.321538736055E-1,
8.359539066134E-1,8.397539396212E-1,8.473540056370E-1,8.549540716527E-1,
8.587541046605E-1,8.625541376684E-1,8.663541706762E-1,8.701542036841E-1,
8.777542696998E-1,8.853543357155E-1,8.891543687233E-1,8.929544017312E-1,
8.967544347390E-1,9.005544677469E-1,9.081545337626E-1,9.157545997783E-1,
9.195546327861E-1,9.233546657940E-1,9.271546988018E-1,9.309547318097E-1,
9.385547978254E-1,9.461548638411E-1,9.499548968489E-1,9.537549298568E-1,
9.575549628646E-1,9.613549958725E-1,9.689550618882E-1,9.765551279039E-1,
9.803551609118E-1,9.841551939196E-1,9.879552269275E-1,9.917552599353E-1,
9.993553259510E-1,1.E0,1.002619229955E0),.UNSPECIFIED.);
#3604=ORIENTED_EDGE('',*,*,#1956,.F.);
#3606=ORIENTED_EDGE('',*,*,#3605,.F.);
#3608=ORIENTED_EDGE('',*,*,#3607,.F.);
#3610=ORIENTED_EDGE('',*,*,#3609,.F.);
#3611=ORIENTED_EDGE('',*,*,#2759,.T.);
#3612=EDGE_LOOP('',(#3604,#3606,#3608,#3610,#3611));
#3613=FACE_OUTER_BOUND('',#3612,.F.);
#3615=CARTESIAN_POINT('',(-2.823560643296E0,-1.474743627692E0,
-1.037164621520E0));
#3616=CARTESIAN_POINT('',(-2.869454645223E0,-1.386778469647E0,
-1.040820977509E0));
#3617=CARTESIAN_POINT('',(-2.970114084723E0,-1.169572731219E0,
-1.049617021042E0));
#3618=CARTESIAN_POINT('',(-3.090429317602E0,-8.097539025065E-1,
-1.063347001201E0));
#3619=CARTESIAN_POINT('',(-3.168854680422E0,-4.020977111553E-1,
-1.077873496488E0));
#3620=CARTESIAN_POINT('',(-3.193866669269E0,0.E0,-1.090995781823E0));
#3621=CARTESIAN_POINT('',(-3.168854680422E0,4.020977111554E-1,
-1.104118067158E0));
#3622=CARTESIAN_POINT('',(-3.063796003723E0,9.481942604291E-1,
-1.123577771481E0));
#3623=CARTESIAN_POINT('',(-2.792297446788E0,1.612133682561E0,
-1.149792078119E0));
#3624=CARTESIAN_POINT('',(-2.353058319116E0,2.179228041022E0,
-1.176006384757E0));
#3625=CARTESIAN_POINT('',(-1.932654172875E0,2.543259798569E0,
-1.195466089081E0));
#3626=CARTESIAN_POINT('',(-1.596933334635E0,2.765969671887E0,
-1.208588374416E0));
#3627=CARTESIAN_POINT('',(-1.236200507547E0,2.945357509724E0,
-1.221710659750E0));
#3628=CARTESIAN_POINT('',(-7.107376846071E-1,3.127422301452E0,
-1.241170364074E0));
#3629=CARTESIAN_POINT('',(0.E0,3.224267365121E0,-1.267384670712E0));
#3630=CARTESIAN_POINT('',(7.107376846071E-1,3.127422301452E0,
-1.293598977350E0));
#3631=CARTESIAN_POINT('',(1.236200507547E0,2.945357509724E0,-1.313058681673E0));
#3632=CARTESIAN_POINT('',(1.596933334635E0,2.765969671887E0,-1.326180967008E0));
#3633=CARTESIAN_POINT('',(1.932654172875E0,2.543259798569E0,-1.339303252343E0));
#3634=CARTESIAN_POINT('',(2.353058319116E0,2.179228041022E0,-1.358762956667E0));
#3635=CARTESIAN_POINT('',(2.792297446788E0,1.612133682561E0,-1.384977263304E0));
#3636=CARTESIAN_POINT('',(3.063796003723E0,9.481942604291E-1,
-1.411191569942E0));
#3637=CARTESIAN_POINT('',(3.168854680422E0,4.020977111553E-1,
-1.430651274266E0));
#3638=CARTESIAN_POINT('',(3.193866669269E0,0.E0,-1.443773559601E0));
#3639=CARTESIAN_POINT('',(3.168854680422E0,-4.020977111553E-1,
-1.456895844935E0));
#3640=CARTESIAN_POINT('',(3.063796003723E0,-9.481942604291E-1,
-1.476355549259E0));
#3641=CARTESIAN_POINT('',(2.792297446788E0,-1.612133682561E0,
-1.502569855897E0));
#3642=CARTESIAN_POINT('',(2.353058319116E0,-2.179228041022E0,
-1.528784162535E0));
#3643=CARTESIAN_POINT('',(1.932654172875E0,-2.543259798569E0,
-1.548243866859E0));
#3644=CARTESIAN_POINT('',(1.596933334635E0,-2.765969671887E0,
-1.561366152193E0));
#3645=CARTESIAN_POINT('',(1.236200507547E0,-2.945357509724E0,
-1.574488437528E0));
#3646=CARTESIAN_POINT('',(7.107376846071E-1,-3.127422301452E0,
-1.593948141852E0));
#3647=CARTESIAN_POINT('',(0.E0,-3.224267365121E0,-1.620162448490E0));
#3648=CARTESIAN_POINT('',(-7.107376846071E-1,-3.127422301452E0,
-1.646376755127E0));
#3649=CARTESIAN_POINT('',(-1.236200507547E0,-2.945357509724E0,
-1.665836459451E0));
#3650=CARTESIAN_POINT('',(-1.596933334635E0,-2.765969671887E0,
-1.678958744786E0));
#3651=CARTESIAN_POINT('',(-1.932654172875E0,-2.543259798569E0,
-1.692081030121E0));
#3652=CARTESIAN_POINT('',(-2.353058319116E0,-2.179228041022E0,
-1.711540734444E0));
#3653=CARTESIAN_POINT('',(-2.792297446788E0,-1.612133682561E0,
-1.737755041082E0));
#3654=CARTESIAN_POINT('',(-3.063796003723E0,-9.481942604291E-1,
-1.763969347720E0));
#3655=CARTESIAN_POINT('',(-3.168854680422E0,-4.020977111553E-1,
-1.783429052044E0));
#3656=CARTESIAN_POINT('',(-3.193866669269E0,0.E0,-1.796551337379E0));
#3657=CARTESIAN_POINT('',(-3.168854680422E0,4.020977111554E-1,
-1.809673622713E0));
#3658=CARTESIAN_POINT('',(-3.063796003723E0,9.481942604291E-1,
-1.829133327037E0));
#3659=CARTESIAN_POINT('',(-2.792297446788E0,1.612133682561E0,
-1.855347633675E0));
#3660=CARTESIAN_POINT('',(-2.353058319116E0,2.179228041022E0,
-1.881561940313E0));
#3661=CARTESIAN_POINT('',(-1.932654172875E0,2.543259798569E0,
-1.901021644636E0));
#3662=CARTESIAN_POINT('',(-1.596933334635E0,2.765969671887E0,
-1.914143929971E0));
#3663=CARTESIAN_POINT('',(-1.236200507547E0,2.945357509724E0,
-1.927266215306E0));
#3664=CARTESIAN_POINT('',(-7.107376846071E-1,3.127422301452E0,
-1.946725919630E0));
#3665=CARTESIAN_POINT('',(0.E0,3.224267365121E0,-1.972940226267E0));
#3666=CARTESIAN_POINT('',(7.107376846071E-1,3.127422301452E0,
-1.999154532905E0));
#3667=CARTESIAN_POINT('',(1.236200507547E0,2.945357509724E0,-2.018614237229E0));
#3668=CARTESIAN_POINT('',(1.596933334635E0,2.765969671887E0,-2.031736522564E0));
#3669=CARTESIAN_POINT('',(1.932654172875E0,2.543259798569E0,-2.044858807898E0));
#3670=CARTESIAN_POINT('',(2.353058319116E0,2.179228041022E0,-2.064318512222E0));
#3671=CARTESIAN_POINT('',(2.792297446788E0,1.612133682561E0,-2.090532818860E0));
#3672=CARTESIAN_POINT('',(3.063796003723E0,9.481942604291E-1,
-2.116747125498E0));
#3673=CARTESIAN_POINT('',(3.168854680422E0,4.020977111553E-1,
-2.136206829822E0));
#3674=CARTESIAN_POINT('',(3.193866669269E0,0.E0,-2.149329115156E0));
#3675=CARTESIAN_POINT('',(3.168854680422E0,-4.020977111554E-1,
-2.162451400491E0));
#3676=CARTESIAN_POINT('',(3.063796003723E0,-9.481942604291E-1,
-2.181911104815E0));
#3677=CARTESIAN_POINT('',(2.792297446788E0,-1.612133682561E0,
-2.208125411453E0));
#3678=CARTESIAN_POINT('',(2.353058319116E0,-2.179228041022E0,
-2.234339718090E0));
#3679=CARTESIAN_POINT('',(1.932654172875E0,-2.543259798569E0,
-2.253799422414E0));
#3680=CARTESIAN_POINT('',(1.596933334635E0,-2.765969671887E0,
-2.266921707749E0));
#3681=CARTESIAN_POINT('',(1.236200507547E0,-2.945357509724E0,
-2.280043993084E0));
#3682=CARTESIAN_POINT('',(7.107376846071E-1,-3.127422301452E0,
-2.299503697407E0));
#3683=CARTESIAN_POINT('',(0.E0,-3.224267365121E0,-2.325718004045E0));
#3684=CARTESIAN_POINT('',(-7.107376846071E-1,-3.127422301452E0,
-2.351932310683E0));
#3685=CARTESIAN_POINT('',(-1.236200507547E0,-2.945357509724E0,
-2.371392015007E0));
#3686=CARTESIAN_POINT('',(-1.596933334635E0,-2.765969671887E0,
-2.384514300341E0));
#3687=CARTESIAN_POINT('',(-1.932654172875E0,-2.543259798569E0,
-2.397636585676E0));
#3688=CARTESIAN_POINT('',(-2.353058319116E0,-2.179228041022E0,-2.41709629E0));
#3689=CARTESIAN_POINT('',(-2.792297446788E0,-1.612133682561E0,
-2.443310596638E0));
#3690=CARTESIAN_POINT('',(-3.063796003723E0,-9.481942604291E-1,
-2.469524903276E0));
#3691=CARTESIAN_POINT('',(-3.168854680422E0,-4.020977111554E-1,
-2.488984607599E0));
#3692=CARTESIAN_POINT('',(-3.193866669269E0,0.E0,-2.502106892934E0));
#3693=CARTESIAN_POINT('',(-3.168854680422E0,4.020977111554E-1,
-2.515229178269E0));
#3694=CARTESIAN_POINT('',(-3.063796003723E0,9.481942604291E-1,
-2.534688882593E0));
#3695=CARTESIAN_POINT('',(-2.792297446788E0,1.612133682561E0,
-2.560903189230E0));
#3696=CARTESIAN_POINT('',(-2.353058319116E0,2.179228041022E0,
-2.587117495868E0));
#3697=CARTESIAN_POINT('',(-1.932654172875E0,2.543259798569E0,
-2.606577200192E0));
#3698=CARTESIAN_POINT('',(-1.596933334635E0,2.765969671887E0,
-2.619699485527E0));
#3699=CARTESIAN_POINT('',(-1.236200507547E0,2.945357509724E0,
-2.632821770861E0));
#3700=CARTESIAN_POINT('',(-7.107376846071E-1,3.127422301452E0,
-2.652281475185E0));
#3701=CARTESIAN_POINT('',(0.E0,3.224267365121E0,-2.678495781823E0));
#3702=CARTESIAN_POINT('',(7.107376846071E-1,3.127422301452E0,
-2.704710088461E0));
#3703=CARTESIAN_POINT('',(1.236200507547E0,2.945357509724E0,-2.724169792785E0));
#3704=CARTESIAN_POINT('',(1.596933334635E0,2.765969671887E0,-2.737292078119E0));
#3705=CARTESIAN_POINT('',(1.932654172875E0,2.543259798569E0,-2.750414363454E0));
#3706=CARTESIAN_POINT('',(2.353058319116E0,2.179228041022E0,-2.769874067778E0));
#3707=CARTESIAN_POINT('',(2.792297446788E0,1.612133682561E0,-2.796088374416E0));
#3708=CARTESIAN_POINT('',(3.063796003723E0,9.481942604291E-1,
-2.822302681053E0));
#3709=CARTESIAN_POINT('',(3.168854680422E0,4.020977111554E-1,
-2.841762385377E0));
#3710=CARTESIAN_POINT('',(3.193866669269E0,0.E0,-2.854884670712E0));
#3711=CARTESIAN_POINT('',(3.168854680422E0,-4.020977111553E-1,
-2.868006956047E0));
#3712=CARTESIAN_POINT('',(3.063796003723E0,-9.481942604291E-1,
-2.887466660370E0));
#3713=CARTESIAN_POINT('',(2.792297446788E0,-1.612133682561E0,
-2.913680967008E0));
#3714=CARTESIAN_POINT('',(2.353058319116E0,-2.179228041022E0,
-2.939895273646E0));
#3715=CARTESIAN_POINT('',(1.932654172875E0,-2.543259798569E0,
-2.959354977970E0));
#3716=CARTESIAN_POINT('',(1.596933334635E0,-2.765969671887E0,
-2.972477263304E0));
#3717=CARTESIAN_POINT('',(1.236200507547E0,-2.945357509724E0,
-2.985599548639E0));
#3718=CARTESIAN_POINT('',(7.107376846071E-1,-3.127422301452E0,
-3.005059252963E0));
#3719=CARTESIAN_POINT('',(0.E0,-3.224267365121E0,-3.031273559601E0));
#3720=CARTESIAN_POINT('',(-7.107376846071E-1,-3.127422301452E0,
-3.057487866239E0));
#3721=CARTESIAN_POINT('',(-1.236200507547E0,-2.945357509724E0,
-3.076947570562E0));
#3722=CARTESIAN_POINT('',(-1.596933334635E0,-2.765969671887E0,
-3.090069855897E0));
#3723=CARTESIAN_POINT('',(-1.932654172875E0,-2.543259798569E0,
-3.103192141232E0));
#3724=CARTESIAN_POINT('',(-2.353058319116E0,-2.179228041022E0,
-3.122651845556E0));
#3725=CARTESIAN_POINT('',(-2.792297446788E0,-1.612133682561E0,
-3.148866152193E0));
#3726=CARTESIAN_POINT('',(-3.063796003723E0,-9.481942604292E-1,
-3.175080458831E0));
#3727=CARTESIAN_POINT('',(-3.168854680422E0,-4.020977111553E-1,
-3.194540163155E0));
#3728=CARTESIAN_POINT('',(-3.193866669269E0,0.E0,-3.207662448490E0));
#3729=CARTESIAN_POINT('',(-3.168854680422E0,4.020977111554E-1,
-3.220784733824E0));
#3730=CARTESIAN_POINT('',(-3.063796003723E0,9.481942604291E-1,
-3.240244438148E0));
#3731=CARTESIAN_POINT('',(-2.792297446788E0,1.612133682561E0,
-3.266458744786E0));
#3732=CARTESIAN_POINT('',(-2.353058319116E0,2.179228041022E0,
-3.292673051424E0));
#3733=CARTESIAN_POINT('',(-1.932654172875E0,2.543259798569E0,
-3.312132755748E0));
#3734=CARTESIAN_POINT('',(-1.596933334635E0,2.765969671887E0,
-3.325255041082E0));
#3735=CARTESIAN_POINT('',(-1.236200507547E0,2.945357509724E0,
-3.338377326417E0));
#3736=CARTESIAN_POINT('',(-7.107376846071E-1,3.127422301452E0,
-3.357837030741E0));
#3737=CARTESIAN_POINT('',(0.E0,3.224267365121E0,-3.384051337379E0));
#3738=CARTESIAN_POINT('',(7.107376846071E-1,3.127422301452E0,
-3.410265644016E0));
#3739=CARTESIAN_POINT('',(1.236200507547E0,2.945357509724E0,-3.429725348340E0));
#3740=CARTESIAN_POINT('',(1.596933334635E0,2.765969671887E0,-3.442847633675E0));
#3741=CARTESIAN_POINT('',(1.932654172875E0,2.543259798569E0,-3.455969919010E0));
#3742=CARTESIAN_POINT('',(2.353058319116E0,2.179228041022E0,-3.475429623333E0));
#3743=CARTESIAN_POINT('',(2.792297446788E0,1.612133682561E0,-3.501643929971E0));
#3744=CARTESIAN_POINT('',(3.063796003723E0,9.481942604292E-1,
-3.527858236609E0));
#3745=CARTESIAN_POINT('',(3.168854680422E0,4.020977111554E-1,
-3.547317940933E0));
#3746=CARTESIAN_POINT('',(3.193866669269E0,0.E0,-3.560440226267E0));
#3747=CARTESIAN_POINT('',(3.168854680422E0,-4.020977111553E-1,
-3.573562511602E0));
#3748=CARTESIAN_POINT('',(3.063796003723E0,-9.481942604292E-1,
-3.593022215926E0));
#3749=CARTESIAN_POINT('',(2.792297446788E0,-1.612133682561E0,
-3.619236522564E0));
#3750=CARTESIAN_POINT('',(2.353058319116E0,-2.179228041022E0,
-3.645450829202E0));
#3751=CARTESIAN_POINT('',(1.932654172875E0,-2.543259798569E0,
-3.664910533525E0));
#3752=CARTESIAN_POINT('',(1.596933334635E0,-2.765969671887E0,
-3.678032818860E0));
#3753=CARTESIAN_POINT('',(1.236200507547E0,-2.945357509724E0,
-3.691155104195E0));
#3754=CARTESIAN_POINT('',(7.107376846071E-1,-3.127422301452E0,
-3.710614808519E0));
#3755=CARTESIAN_POINT('',(-1.873501354055E-14,-3.224267365121E0,
-3.736829115156E0));
#3756=CARTESIAN_POINT('',(-7.107376846070E-1,-3.127422301452E0,
-3.763043421794E0));
#3757=CARTESIAN_POINT('',(-1.236200507547E0,-2.945357509724E0,
-3.782503126118E0));
#3758=CARTESIAN_POINT('',(-1.596933334635E0,-2.765969671887E0,
-3.795625411453E0));
#3759=CARTESIAN_POINT('',(-1.932654172875E0,-2.543259798569E0,
-3.808747696787E0));
#3760=CARTESIAN_POINT('',(-2.353058319116E0,-2.179228041022E0,
-3.828207401111E0));
#3761=CARTESIAN_POINT('',(-2.792297446788E0,-1.612133682561E0,
-3.854421707749E0));
#3762=CARTESIAN_POINT('',(-3.063796003723E0,-9.481942604291E-1,
-3.880636014387E0));
#3763=CARTESIAN_POINT('',(-3.168854680422E0,-4.020977111553E-1,
-3.900095718710E0));
#3764=CARTESIAN_POINT('',(-3.193866669269E0,0.E0,-3.913218004045E0));
#3765=CARTESIAN_POINT('',(-3.168854680422E0,4.020977111554E-1,
-3.926340289380E0));
#3766=CARTESIAN_POINT('',(-3.063796003723E0,9.481942604291E-1,
-3.945799993704E0));
#3767=CARTESIAN_POINT('',(-2.792297446788E0,1.612133682561E0,
-3.972014300341E0));
#3768=CARTESIAN_POINT('',(-2.353058319116E0,2.179228041022E0,
-3.998228606979E0));
#3769=CARTESIAN_POINT('',(-1.932654172875E0,2.543259798569E0,
-4.017688311303E0));
#3770=CARTESIAN_POINT('',(-1.596933334635E0,2.765969671887E0,
-4.030810596638E0));
#3771=CARTESIAN_POINT('',(-1.236200507547E0,2.945357509724E0,
-4.043932881972E0));
#3772=CARTESIAN_POINT('',(-7.107376846071E-1,3.127422301452E0,
-4.063392586296E0));
#3773=CARTESIAN_POINT('',(0.E0,3.224267365121E0,-4.089606892934E0));
#3774=CARTESIAN_POINT('',(7.107376846071E-1,3.127422301452E0,
-4.115821199572E0));
#3775=CARTESIAN_POINT('',(1.236200507547E0,2.945357509724E0,-4.135280903896E0));
#3776=CARTESIAN_POINT('',(1.596933334635E0,2.765969671887E0,-4.148403189230E0));
#3777=CARTESIAN_POINT('',(1.932654172875E0,2.543259798569E0,-4.161525474565E0));
#3778=CARTESIAN_POINT('',(2.353058319116E0,2.179228041022E0,-4.180985178889E0));
#3779=CARTESIAN_POINT('',(2.792297446788E0,1.612133682561E0,-4.207199485527E0));
#3780=CARTESIAN_POINT('',(3.063796003723E0,9.481942604291E-1,
-4.233413792164E0));
#3781=CARTESIAN_POINT('',(3.168854680422E0,4.020977111554E-1,
-4.252873496488E0));
#3782=CARTESIAN_POINT('',(3.193866669269E0,0.E0,-4.265995781823E0));
#3783=CARTESIAN_POINT('',(3.168854680422E0,-4.020977111553E-1,
-4.279118067158E0));
#3784=CARTESIAN_POINT('',(3.063796003723E0,-9.481942604291E-1,
-4.298577771481E0));
#3785=CARTESIAN_POINT('',(2.792297446788E0,-1.612133682561E0,
-4.324792078119E0));
#3786=CARTESIAN_POINT('',(2.353058319116E0,-2.179228041022E0,
-4.351006384757E0));
#3787=CARTESIAN_POINT('',(1.932654172875E0,-2.543259798569E0,
-4.370466089081E0));
#3788=CARTESIAN_POINT('',(1.596933334635E0,-2.765969671887E0,
-4.383588374416E0));
#3789=CARTESIAN_POINT('',(1.236200507547E0,-2.945357509724E0,
-4.396710659750E0));
#3790=CARTESIAN_POINT('',(7.107376846071E-1,-3.127422301452E0,
-4.416170364074E0));
#3791=CARTESIAN_POINT('',(0.E0,-3.224267365121E0,-4.442384670712E0));
#3792=CARTESIAN_POINT('',(-7.107376846071E-1,-3.127422301452E0,
-4.468598977350E0));
#3793=CARTESIAN_POINT('',(-1.236200507547E0,-2.945357509724E0,
-4.488058681673E0));
#3794=CARTESIAN_POINT('',(-1.596933334635E0,-2.765969671887E0,
-4.501180967008E0));
#3795=CARTESIAN_POINT('',(-1.932654172875E0,-2.543259798569E0,
-4.514303252343E0));
#3796=CARTESIAN_POINT('',(-2.353058319116E0,-2.179228041022E0,
-4.533762956667E0));
#3797=CARTESIAN_POINT('',(-2.792297446788E0,-1.612133682561E0,
-4.559977263304E0));
#3798=CARTESIAN_POINT('',(-3.063796003723E0,-9.481942604292E-1,
-4.586191569942E0));
#3799=CARTESIAN_POINT('',(-3.168854680422E0,-4.020977111553E-1,
-4.605651274266E0));
#3800=CARTESIAN_POINT('',(-3.193866669269E0,0.E0,-4.618773559601E0));
#3801=CARTESIAN_POINT('',(-3.168854680422E0,4.020977111553E-1,
-4.631895844935E0));
#3802=CARTESIAN_POINT('',(-3.063796003723E0,9.481942604292E-1,
-4.651355549259E0));
#3803=CARTESIAN_POINT('',(-2.792297446788E0,1.612133682561E0,
-4.677569855897E0));
#3804=CARTESIAN_POINT('',(-2.353058319116E0,2.179228041022E0,
-4.703784162535E0));
#3805=CARTESIAN_POINT('',(-1.932654172875E0,2.543259798569E0,
-4.723243866859E0));
#3806=CARTESIAN_POINT('',(-1.685770414901E0,2.707037092677E0,
-4.732893786517E0));
#3807=CARTESIAN_POINT('',(-1.458843563411E0,2.834201908140E0,
-4.741382260568E0));
#3808=CARTESIAN_POINT('',(-1.344909470736E0,2.889465238902E0,
-4.745541402810E0));
#3809=CARTESIAN_POINT('',(-1.252990653705E0,2.928762586668E0,
-4.748913533414E0));
#3810=CARTESIAN_POINT('',(-2.704539198169E0,-1.412578815267E0,
-9.596383172550E-1));
#3811=CARTESIAN_POINT('',(-2.748498631966E0,-1.328321649206E0,
-9.632946732439E-1));
#3812=CARTESIAN_POINT('',(-2.844914977916E0,-1.120271776065E0,
-9.720907167773E-1));
#3813=CARTESIAN_POINT('',(-2.960158567328E0,-7.756203768454E-1,
-9.858206969359E-1));
#3814=CARTESIAN_POINT('',(-3.035278068793E0,-3.851481015276E-1,
-1.000347192223E0));
#3815=CARTESIAN_POINT('',(-3.059235728219E0,0.E0,-1.013469477558E0));
#3816=CARTESIAN_POINT('',(-3.035278068793E0,3.851481015276E-1,
-1.026591762893E0));
#3817=CARTESIAN_POINT('',(-2.934647926523E0,9.082250635906E-1,
-1.046051467216E0));
#3818=CARTESIAN_POINT('',(-2.674593838002E0,1.544177472344E0,
-1.072265773854E0));
#3819=CARTESIAN_POINT('',(-2.253869940685E0,2.087367123737E0,
-1.098480080492E0));
#3820=CARTESIAN_POINT('',(-1.851187074539E0,2.436053864360E0,
-1.117939784816E0));
#3821=CARTESIAN_POINT('',(-1.529617864109E0,2.649375856802E0,
-1.131062070151E0));
#3822=CARTESIAN_POINT('',(-1.184090994254E0,2.821201965888E0,
-1.144184355485E0));
#3823=CARTESIAN_POINT('',(-6.807779858384E-1,2.995592187328E0,
-1.163644059809E0));
#3824=CARTESIAN_POINT('',(0.E0,3.088354944687E0,-1.189858366447E0));
#3825=CARTESIAN_POINT('',(6.807779858384E-1,2.995592187328E0,
-1.216072673085E0));
#3826=CARTESIAN_POINT('',(1.184090994254E0,2.821201965888E0,-1.235532377408E0));
#3827=CARTESIAN_POINT('',(1.529617864109E0,2.649375856802E0,-1.248654662743E0));
#3828=CARTESIAN_POINT('',(1.851187074539E0,2.436053864360E0,-1.261776948078E0));
#3829=CARTESIAN_POINT('',(2.253869940685E0,2.087367123737E0,-1.281236652402E0));
#3830=CARTESIAN_POINT('',(2.674593838002E0,1.544177472344E0,-1.307450959039E0));
#3831=CARTESIAN_POINT('',(2.934647926523E0,9.082250635906E-1,
-1.333665265677E0));
#3832=CARTESIAN_POINT('',(3.035278068793E0,3.851481015276E-1,
-1.353124970001E0));
#3833=CARTESIAN_POINT('',(3.059235728219E0,0.E0,-1.366247255336E0));
#3834=CARTESIAN_POINT('',(3.035278068793E0,-3.851481015276E-1,
-1.379369540670E0));
#3835=CARTESIAN_POINT('',(2.934647926523E0,-9.082250635906E-1,
-1.398829244994E0));
#3836=CARTESIAN_POINT('',(2.674593838002E0,-1.544177472344E0,
-1.425043551632E0));
#3837=CARTESIAN_POINT('',(2.253869940685E0,-2.087367123737E0,
-1.451257858270E0));
#3838=CARTESIAN_POINT('',(1.851187074539E0,-2.436053864360E0,
-1.470717562594E0));
#3839=CARTESIAN_POINT('',(1.529617864109E0,-2.649375856802E0,
-1.483839847928E0));
#3840=CARTESIAN_POINT('',(1.184090994254E0,-2.821201965888E0,
-1.496962133263E0));
#3841=CARTESIAN_POINT('',(6.807779858384E-1,-2.995592187328E0,
-1.516421837587E0));
#3842=CARTESIAN_POINT('',(0.E0,-3.088354944687E0,-1.542636144225E0));
#3843=CARTESIAN_POINT('',(-6.807779858384E-1,-2.995592187328E0,
-1.568850450862E0));
#3844=CARTESIAN_POINT('',(-1.184090994254E0,-2.821201965888E0,
-1.588310155186E0));
#3845=CARTESIAN_POINT('',(-1.529617864109E0,-2.649375856802E0,
-1.601432440521E0));
#3846=CARTESIAN_POINT('',(-1.851187074539E0,-2.436053864360E0,
-1.614554725856E0));
#3847=CARTESIAN_POINT('',(-2.253869940685E0,-2.087367123737E0,
-1.634014430179E0));
#3848=CARTESIAN_POINT('',(-2.674593838002E0,-1.544177472344E0,
-1.660228736817E0));
#3849=CARTESIAN_POINT('',(-2.934647926523E0,-9.082250635906E-1,
-1.686443043455E0));
#3850=CARTESIAN_POINT('',(-3.035278068793E0,-3.851481015276E-1,
-1.705902747779E0));
#3851=CARTESIAN_POINT('',(-3.059235728219E0,0.E0,-1.719025033113E0));
#3852=CARTESIAN_POINT('',(-3.035278068793E0,3.851481015276E-1,
-1.732147318448E0));
#3853=CARTESIAN_POINT('',(-2.934647926523E0,9.082250635906E-1,
-1.751607022772E0));
#3854=CARTESIAN_POINT('',(-2.674593838002E0,1.544177472344E0,
-1.777821329410E0));
#3855=CARTESIAN_POINT('',(-2.253869940685E0,2.087367123737E0,
-1.804035636048E0));
#3856=CARTESIAN_POINT('',(-1.851187074539E0,2.436053864360E0,
-1.823495340371E0));
#3857=CARTESIAN_POINT('',(-1.529617864109E0,2.649375856802E0,
-1.836617625706E0));
#3858=CARTESIAN_POINT('',(-1.184090994254E0,2.821201965888E0,
-1.849739911041E0));
#3859=CARTESIAN_POINT('',(-6.807779858384E-1,2.995592187328E0,
-1.869199615365E0));
#3860=CARTESIAN_POINT('',(0.E0,3.088354944687E0,-1.895413922002E0));
#3861=CARTESIAN_POINT('',(6.807779858384E-1,2.995592187328E0,
-1.921628228640E0));
#3862=CARTESIAN_POINT('',(1.184090994254E0,2.821201965888E0,-1.941087932964E0));
#3863=CARTESIAN_POINT('',(1.529617864109E0,2.649375856802E0,-1.954210218299E0));
#3864=CARTESIAN_POINT('',(1.851187074539E0,2.436053864360E0,-1.967332503633E0));
#3865=CARTESIAN_POINT('',(2.253869940685E0,2.087367123737E0,-1.986792207957E0));
#3866=CARTESIAN_POINT('',(2.674593838002E0,1.544177472344E0,-2.013006514595E0));
#3867=CARTESIAN_POINT('',(2.934647926523E0,9.082250635906E-1,
-2.039220821233E0));
#3868=CARTESIAN_POINT('',(3.035278068793E0,3.851481015276E-1,
-2.058680525557E0));
#3869=CARTESIAN_POINT('',(3.059235728219E0,0.E0,-2.071802810891E0));
#3870=CARTESIAN_POINT('',(3.035278068793E0,-3.851481015276E-1,
-2.084925096226E0));
#3871=CARTESIAN_POINT('',(2.934647926523E0,-9.082250635906E-1,
-2.104384800550E0));
#3872=CARTESIAN_POINT('',(2.674593838002E0,-1.544177472344E0,
-2.130599107188E0));
#3873=CARTESIAN_POINT('',(2.253869940685E0,-2.087367123737E0,
-2.156813413825E0));
#3874=CARTESIAN_POINT('',(1.851187074539E0,-2.436053864360E0,
-2.176273118149E0));
#3875=CARTESIAN_POINT('',(1.529617864109E0,-2.649375856802E0,
-2.189395403484E0));
#3876=CARTESIAN_POINT('',(1.184090994254E0,-2.821201965888E0,
-2.202517688819E0));
#3877=CARTESIAN_POINT('',(6.807779858384E-1,-2.995592187328E0,
-2.221977393142E0));
#3878=CARTESIAN_POINT('',(0.E0,-3.088354944687E0,-2.248191699780E0));
#3879=CARTESIAN_POINT('',(-6.807779858384E-1,-2.995592187328E0,
-2.274406006418E0));
#3880=CARTESIAN_POINT('',(-1.184090994254E0,-2.821201965888E0,
-2.293865710742E0));
#3881=CARTESIAN_POINT('',(-1.529617864109E0,-2.649375856802E0,
-2.306987996076E0));
#3882=CARTESIAN_POINT('',(-1.851187074539E0,-2.436053864360E0,
-2.320110281411E0));
#3883=CARTESIAN_POINT('',(-2.253869940685E0,-2.087367123737E0,
-2.339569985735E0));
#3884=CARTESIAN_POINT('',(-2.674593838002E0,-1.544177472344E0,
-2.365784292373E0));
#3885=CARTESIAN_POINT('',(-2.934647926523E0,-9.082250635906E-1,
-2.391998599011E0));
#3886=CARTESIAN_POINT('',(-3.035278068793E0,-3.851481015276E-1,
-2.411458303334E0));
#3887=CARTESIAN_POINT('',(-3.059235728219E0,0.E0,-2.424580588669E0));
#3888=CARTESIAN_POINT('',(-3.035278068793E0,3.851481015276E-1,
-2.437702874004E0));
#3889=CARTESIAN_POINT('',(-2.934647926523E0,9.082250635906E-1,
-2.457162578328E0));
#3890=CARTESIAN_POINT('',(-2.674593838002E0,1.544177472344E0,
-2.483376884965E0));
#3891=CARTESIAN_POINT('',(-2.253869940685E0,2.087367123737E0,
-2.509591191603E0));
#3892=CARTESIAN_POINT('',(-1.851187074539E0,2.436053864360E0,
-2.529050895927E0));
#3893=CARTESIAN_POINT('',(-1.529617864109E0,2.649375856802E0,
-2.542173181262E0));
#3894=CARTESIAN_POINT('',(-1.184090994254E0,2.821201965888E0,
-2.555295466596E0));
#3895=CARTESIAN_POINT('',(-6.807779858384E-1,2.995592187328E0,
-2.574755170920E0));
#3896=CARTESIAN_POINT('',(0.E0,3.088354944687E0,-2.600969477558E0));
#3897=CARTESIAN_POINT('',(6.807779858384E-1,2.995592187328E0,
-2.627183784196E0));
#3898=CARTESIAN_POINT('',(1.184090994254E0,2.821201965888E0,-2.646643488519E0));
#3899=CARTESIAN_POINT('',(1.529617864109E0,2.649375856802E0,-2.659765773854E0));
#3900=CARTESIAN_POINT('',(1.851187074539E0,2.436053864360E0,-2.672888059189E0));
#3901=CARTESIAN_POINT('',(2.253869940685E0,2.087367123737E0,-2.692347763513E0));
#3902=CARTESIAN_POINT('',(2.674593838002E0,1.544177472344E0,-2.718562070151E0));
#3903=CARTESIAN_POINT('',(2.934647926523E0,9.082250635906E-1,
-2.744776376788E0));
#3904=CARTESIAN_POINT('',(3.035278068793E0,3.851481015276E-1,
-2.764236081112E0));
#3905=CARTESIAN_POINT('',(3.059235728219E0,0.E0,-2.777358366447E0));
#3906=CARTESIAN_POINT('',(3.035278068793E0,-3.851481015276E-1,
-2.790480651782E0));
#3907=CARTESIAN_POINT('',(2.934647926523E0,-9.082250635906E-1,
-2.809940356105E0));
#3908=CARTESIAN_POINT('',(2.674593838002E0,-1.544177472344E0,
-2.836154662743E0));
#3909=CARTESIAN_POINT('',(2.253869940685E0,-2.087367123737E0,
-2.862368969381E0));
#3910=CARTESIAN_POINT('',(1.851187074539E0,-2.436053864360E0,
-2.881828673705E0));
#3911=CARTESIAN_POINT('',(1.529617864109E0,-2.649375856802E0,
-2.894950959039E0));
#3912=CARTESIAN_POINT('',(1.184090994254E0,-2.821201965888E0,
-2.908073244374E0));
#3913=CARTESIAN_POINT('',(6.807779858384E-1,-2.995592187328E0,
-2.927532948698E0));
#3914=CARTESIAN_POINT('',(0.E0,-3.088354944687E0,-2.953747255336E0));
#3915=CARTESIAN_POINT('',(-6.807779858384E-1,-2.995592187328E0,
-2.979961561973E0));
#3916=CARTESIAN_POINT('',(-1.184090994254E0,-2.821201965888E0,
-2.999421266297E0));
#3917=CARTESIAN_POINT('',(-1.529617864109E0,-2.649375856802E0,
-3.012543551632E0));
#3918=CARTESIAN_POINT('',(-1.851187074539E0,-2.436053864360E0,
-3.025665836967E0));
#3919=CARTESIAN_POINT('',(-2.253869940685E0,-2.087367123737E0,
-3.045125541290E0));
#3920=CARTESIAN_POINT('',(-2.674593838002E0,-1.544177472344E0,
-3.071339847928E0));
#3921=CARTESIAN_POINT('',(-2.934647926523E0,-9.082250635906E-1,
-3.097554154566E0));
#3922=CARTESIAN_POINT('',(-3.035278068793E0,-3.851481015276E-1,
-3.117013858890E0));
#3923=CARTESIAN_POINT('',(-3.059235728219E0,0.E0,-3.130136144225E0));
#3924=CARTESIAN_POINT('',(-3.035278068793E0,3.851481015276E-1,
-3.143258429559E0));
#3925=CARTESIAN_POINT('',(-2.934647926523E0,9.082250635906E-1,
-3.162718133883E0));
#3926=CARTESIAN_POINT('',(-2.674593838002E0,1.544177472344E0,
-3.188932440521E0));
#3927=CARTESIAN_POINT('',(-2.253869940685E0,2.087367123737E0,
-3.215146747159E0));
#3928=CARTESIAN_POINT('',(-1.851187074539E0,2.436053864360E0,
-3.234606451482E0));
#3929=CARTESIAN_POINT('',(-1.529617864109E0,2.649375856802E0,
-3.247728736817E0));
#3930=CARTESIAN_POINT('',(-1.184090994254E0,2.821201965888E0,
-3.260851022152E0));
#3931=CARTESIAN_POINT('',(-6.807779858384E-1,2.995592187328E0,
-3.280310726476E0));
#3932=CARTESIAN_POINT('',(0.E0,3.088354944687E0,-3.306525033113E0));
#3933=CARTESIAN_POINT('',(6.807779858384E-1,2.995592187328E0,
-3.332739339751E0));
#3934=CARTESIAN_POINT('',(1.184090994254E0,2.821201965888E0,-3.352199044075E0));
#3935=CARTESIAN_POINT('',(1.529617864109E0,2.649375856802E0,-3.365321329410E0));
#3936=CARTESIAN_POINT('',(1.851187074539E0,2.436053864360E0,-3.378443614744E0));
#3937=CARTESIAN_POINT('',(2.253869940685E0,2.087367123737E0,-3.397903319068E0));
#3938=CARTESIAN_POINT('',(2.674593838002E0,1.544177472344E0,-3.424117625706E0));
#3939=CARTESIAN_POINT('',(2.934647926523E0,9.082250635906E-1,
-3.450331932344E0));
#3940=CARTESIAN_POINT('',(3.035278068793E0,3.851481015276E-1,
-3.469791636668E0));
#3941=CARTESIAN_POINT('',(3.059235728219E0,0.E0,-3.482913922002E0));
#3942=CARTESIAN_POINT('',(3.035278068793E0,-3.851481015276E-1,
-3.496036207337E0));
#3943=CARTESIAN_POINT('',(2.934647926523E0,-9.082250635906E-1,
-3.515495911661E0));
#3944=CARTESIAN_POINT('',(2.674593838002E0,-1.544177472344E0,
-3.541710218299E0));
#3945=CARTESIAN_POINT('',(2.253869940685E0,-2.087367123737E0,
-3.567924524936E0));
#3946=CARTESIAN_POINT('',(1.851187074539E0,-2.436053864360E0,
-3.587384229260E0));
#3947=CARTESIAN_POINT('',(1.529617864109E0,-2.649375856802E0,
-3.600506514595E0));
#3948=CARTESIAN_POINT('',(1.184090994254E0,-2.821201965888E0,
-3.613628799930E0));
#3949=CARTESIAN_POINT('',(6.807779858384E-1,-2.995592187328E0,
-3.633088504253E0));
#3950=CARTESIAN_POINT('',(-1.823541317947E-14,-3.088354944687E0,
-3.659302810891E0));
#3951=CARTESIAN_POINT('',(-6.807779858384E-1,-2.995592187328E0,
-3.685517117529E0));
#3952=CARTESIAN_POINT('',(-1.184090994254E0,-2.821201965888E0,
-3.704976821853E0));
#3953=CARTESIAN_POINT('',(-1.529617864109E0,-2.649375856802E0,
-3.718099107188E0));
#3954=CARTESIAN_POINT('',(-1.851187074539E0,-2.436053864360E0,
-3.731221392522E0));
#3955=CARTESIAN_POINT('',(-2.253869940685E0,-2.087367123737E0,
-3.750681096846E0));
#3956=CARTESIAN_POINT('',(-2.674593838002E0,-1.544177472344E0,
-3.776895403484E0));
#3957=CARTESIAN_POINT('',(-2.934647926523E0,-9.082250635906E-1,
-3.803109710122E0));
#3958=CARTESIAN_POINT('',(-3.035278068793E0,-3.851481015276E-1,
-3.822569414445E0));
#3959=CARTESIAN_POINT('',(-3.059235728219E0,0.E0,-3.835691699780E0));
#3960=CARTESIAN_POINT('',(-3.035278068793E0,3.851481015277E-1,
-3.848813985115E0));
#3961=CARTESIAN_POINT('',(-2.934647926523E0,9.082250635906E-1,
-3.868273689439E0));
#3962=CARTESIAN_POINT('',(-2.674593838002E0,1.544177472344E0,
-3.894487996076E0));
#3963=CARTESIAN_POINT('',(-2.253869940685E0,2.087367123737E0,
-3.920702302714E0));
#3964=CARTESIAN_POINT('',(-1.851187074539E0,2.436053864360E0,
-3.940162007038E0));
#3965=CARTESIAN_POINT('',(-1.529617864109E0,2.649375856802E0,
-3.953284292373E0));
#3966=CARTESIAN_POINT('',(-1.184090994254E0,2.821201965888E0,
-3.966406577707E0));
#3967=CARTESIAN_POINT('',(-6.807779858384E-1,2.995592187328E0,
-3.985866282031E0));
#3968=CARTESIAN_POINT('',(0.E0,3.088354944687E0,-4.012080588669E0));
#3969=CARTESIAN_POINT('',(6.807779858384E-1,2.995592187328E0,
-4.038294895307E0));
#3970=CARTESIAN_POINT('',(1.184090994254E0,2.821201965888E0,-4.057754599631E0));
#3971=CARTESIAN_POINT('',(1.529617864109E0,2.649375856802E0,-4.070876884965E0));
#3972=CARTESIAN_POINT('',(1.851187074539E0,2.436053864360E0,-4.083999170300E0));
#3973=CARTESIAN_POINT('',(2.253869940685E0,2.087367123737E0,-4.103458874624E0));
#3974=CARTESIAN_POINT('',(2.674593838002E0,1.544177472344E0,-4.129673181262E0));
#3975=CARTESIAN_POINT('',(2.934647926523E0,9.082250635906E-1,
-4.155887487899E0));
#3976=CARTESIAN_POINT('',(3.035278068793E0,3.851481015277E-1,
-4.175347192223E0));
#3977=CARTESIAN_POINT('',(3.059235728219E0,0.E0,-4.188469477558E0));
#3978=CARTESIAN_POINT('',(3.035278068793E0,-3.851481015276E-1,
-4.201591762893E0));
#3979=CARTESIAN_POINT('',(2.934647926523E0,-9.082250635905E-1,
-4.221051467216E0));
#3980=CARTESIAN_POINT('',(2.674593838002E0,-1.544177472344E0,
-4.247265773854E0));
#3981=CARTESIAN_POINT('',(2.253869940685E0,-2.087367123737E0,
-4.273480080492E0));
#3982=CARTESIAN_POINT('',(1.851187074539E0,-2.436053864360E0,
-4.292939784816E0));
#3983=CARTESIAN_POINT('',(1.529617864109E0,-2.649375856802E0,
-4.306062070151E0));
#3984=CARTESIAN_POINT('',(1.184090994254E0,-2.821201965888E0,
-4.319184355485E0));
#3985=CARTESIAN_POINT('',(6.807779858384E-1,-2.995592187328E0,
-4.338644059809E0));
#3986=CARTESIAN_POINT('',(0.E0,-3.088354944687E0,-4.364858366447E0));
#3987=CARTESIAN_POINT('',(-6.807779858384E-1,-2.995592187328E0,
-4.391072673085E0));
#3988=CARTESIAN_POINT('',(-1.184090994254E0,-2.821201965888E0,
-4.410532377408E0));
#3989=CARTESIAN_POINT('',(-1.529617864109E0,-2.649375856802E0,
-4.423654662743E0));
#3990=CARTESIAN_POINT('',(-1.851187074539E0,-2.436053864360E0,
-4.436776948078E0));
#3991=CARTESIAN_POINT('',(-2.253869940685E0,-2.087367123737E0,
-4.456236652402E0));
#3992=CARTESIAN_POINT('',(-2.674593838002E0,-1.544177472344E0,
-4.482450959039E0));
#3993=CARTESIAN_POINT('',(-2.934647926523E0,-9.082250635906E-1,
-4.508665265677E0));
#3994=CARTESIAN_POINT('',(-3.035278068793E0,-3.851481015276E-1,
-4.528124970001E0));
#3995=CARTESIAN_POINT('',(-3.059235728219E0,0.E0,-4.541247255336E0));
#3996=CARTESIAN_POINT('',(-3.035278068793E0,3.851481015276E-1,
-4.554369540670E0));
#3997=CARTESIAN_POINT('',(-2.934647926523E0,9.082250635906E-1,
-4.573829244994E0));
#3998=CARTESIAN_POINT('',(-2.674593838002E0,1.544177472344E0,
-4.600043551632E0));
#3999=CARTESIAN_POINT('',(-2.253869940685E0,2.087367123737E0,
-4.626257858270E0));
#4000=CARTESIAN_POINT('',(-1.851187074539E0,2.436053864360E0,
-4.645717562594E0));
#4001=CARTESIAN_POINT('',(-1.614710198288E0,2.592927460377E0,
-4.655367482252E0));
#4002=CARTESIAN_POINT('',(-1.397348985795E0,2.714731902178E0,
-4.663855956303E0));
#4003=CARTESIAN_POINT('',(-1.288217552624E0,2.767665719846E0,
-4.668015098545E0));
#4004=CARTESIAN_POINT('',(-1.200173386016E0,2.805306567996E0,
-4.671387229149E0));
#4005=CARTESIAN_POINT('',(-2.585517753041E0,-1.350414002843E0,
-8.821120129899E-1));
#4006=CARTESIAN_POINT('',(-2.627542618710E0,-1.269864828765E0,
-8.857683689788E-1));
#4007=CARTESIAN_POINT('',(-2.719715871109E0,-1.070970820910E0,
-8.945644125123E-1));
#4008=CARTESIAN_POINT('',(-2.829887817055E0,-7.414868511842E-1,
-9.082943926708E-1));
#4009=CARTESIAN_POINT('',(-2.901701457163E0,-3.681984918999E-1,
-9.228208879581E-1));
#4010=CARTESIAN_POINT('',(-2.924604787168E0,0.E0,-9.359431732929E-1));
#4011=CARTESIAN_POINT('',(-2.901701457163E0,3.681984918999E-1,
-9.490654586276E-1));
#4012=CARTESIAN_POINT('',(-2.805499849324E0,8.682558667520E-1,
-9.685251629513E-1));
#4013=CARTESIAN_POINT('',(-2.556890229216E0,1.476221262126E0,
-9.947394695891E-1));
#4014=CARTESIAN_POINT('',(-2.154681562254E0,1.995506206452E0,
-1.020953776227E0));
#4015=CARTESIAN_POINT('',(-1.769719976202E0,2.328847930152E0,
-1.040413480551E0));
#4016=CARTESIAN_POINT('',(-1.462302393584E0,2.532782041717E0,
-1.053535765885E0));
#4017=CARTESIAN_POINT('',(-1.131981480961E0,2.697046422051E0,
-1.066658051220E0));
#4018=CARTESIAN_POINT('',(-6.508182870697E-1,2.863762073204E0,
-1.086117755544E0));
#4019=CARTESIAN_POINT('',(0.E0,2.952442524253E0,-1.112332062182E0));
#4020=CARTESIAN_POINT('',(6.508182870697E-1,2.863762073204E0,
-1.138546368820E0));
#4021=CARTESIAN_POINT('',(1.131981480961E0,2.697046422051E0,-1.158006073143E0));
#4022=CARTESIAN_POINT('',(1.462302393584E0,2.532782041717E0,-1.171128358478E0));
#4023=CARTESIAN_POINT('',(1.769719976202E0,2.328847930152E0,-1.184250643813E0));
#4024=CARTESIAN_POINT('',(2.154681562254E0,1.995506206452E0,-1.203710348137E0));
#4025=CARTESIAN_POINT('',(2.556890229216E0,1.476221262126E0,-1.229924654774E0));
#4026=CARTESIAN_POINT('',(2.805499849324E0,8.682558667520E-1,
-1.256138961412E0));
#4027=CARTESIAN_POINT('',(2.901701457163E0,3.681984918999E-1,
-1.275598665736E0));
#4028=CARTESIAN_POINT('',(2.924604787168E0,0.E0,-1.288720951071E0));
#4029=CARTESIAN_POINT('',(2.901701457163E0,-3.681984918999E-1,
-1.301843236405E0));
#4030=CARTESIAN_POINT('',(2.805499849324E0,-8.682558667520E-1,
-1.321302940729E0));
#4031=CARTESIAN_POINT('',(2.556890229216E0,-1.476221262126E0,
-1.347517247367E0));
#4032=CARTESIAN_POINT('',(2.154681562254E0,-1.995506206452E0,
-1.373731554005E0));
#4033=CARTESIAN_POINT('',(1.769719976202E0,-2.328847930152E0,
-1.393191258329E0));
#4034=CARTESIAN_POINT('',(1.462302393584E0,-2.532782041717E0,
-1.406313543663E0));
#4035=CARTESIAN_POINT('',(1.131981480961E0,-2.697046422051E0,
-1.419435828998E0));
#4036=CARTESIAN_POINT('',(6.508182870697E-1,-2.863762073204E0,
-1.438895533322E0));
#4037=CARTESIAN_POINT('',(0.E0,-2.952442524253E0,-1.465109839960E0));
#4038=CARTESIAN_POINT('',(-6.508182870697E-1,-2.863762073204E0,
-1.491324146597E0));
#4039=CARTESIAN_POINT('',(-1.131981480961E0,-2.697046422052E0,
-1.510783850921E0));
#4040=CARTESIAN_POINT('',(-1.462302393584E0,-2.532782041717E0,
-1.523906136256E0));
#4041=CARTESIAN_POINT('',(-1.769719976202E0,-2.328847930152E0,
-1.537028421591E0));
#4042=CARTESIAN_POINT('',(-2.154681562254E0,-1.995506206452E0,
-1.556488125914E0));
#4043=CARTESIAN_POINT('',(-2.556890229216E0,-1.476221262126E0,
-1.582702432552E0));
#4044=CARTESIAN_POINT('',(-2.805499849324E0,-8.682558667520E-1,
-1.608916739190E0));
#4045=CARTESIAN_POINT('',(-2.901701457163E0,-3.681984918999E-1,
-1.628376443514E0));
#4046=CARTESIAN_POINT('',(-2.924604787168E0,0.E0,-1.641498728848E0));
#4047=CARTESIAN_POINT('',(-2.901701457163E0,3.681984918999E-1,
-1.654621014183E0));
#4048=CARTESIAN_POINT('',(-2.805499849324E0,8.682558667520E-1,
-1.674080718507E0));
#4049=CARTESIAN_POINT('',(-2.556890229216E0,1.476221262126E0,
-1.700295025145E0));
#4050=CARTESIAN_POINT('',(-2.154681562254E0,1.995506206452E0,
-1.726509331783E0));
#4051=CARTESIAN_POINT('',(-1.769719976202E0,2.328847930152E0,
-1.745969036106E0));
#4052=CARTESIAN_POINT('',(-1.462302393584E0,2.532782041717E0,
-1.759091321441E0));
#4053=CARTESIAN_POINT('',(-1.131981480961E0,2.697046422051E0,
-1.772213606776E0));
#4054=CARTESIAN_POINT('',(-6.508182870697E-1,2.863762073204E0,
-1.791673311099E0));
#4055=CARTESIAN_POINT('',(0.E0,2.952442524253E0,-1.817887617737E0));
#4056=CARTESIAN_POINT('',(6.508182870697E-1,2.863762073204E0,
-1.844101924375E0));
#4057=CARTESIAN_POINT('',(1.131981480961E0,2.697046422052E0,-1.863561628699E0));
#4058=CARTESIAN_POINT('',(1.462302393584E0,2.532782041717E0,-1.876683914034E0));
#4059=CARTESIAN_POINT('',(1.769719976202E0,2.328847930152E0,-1.889806199368E0));
#4060=CARTESIAN_POINT('',(2.154681562254E0,1.995506206452E0,-1.909265903692E0));
#4061=CARTESIAN_POINT('',(2.556890229216E0,1.476221262126E0,-1.935480210330E0));
#4062=CARTESIAN_POINT('',(2.805499849324E0,8.682558667520E-1,
-1.961694516968E0));
#4063=CARTESIAN_POINT('',(2.901701457163E0,3.681984918999E-1,
-1.981154221291E0));
#4064=CARTESIAN_POINT('',(2.924604787168E0,0.E0,-1.994276506626E0));
#4065=CARTESIAN_POINT('',(2.901701457163E0,-3.681984918999E-1,
-2.007398791961E0));
#4066=CARTESIAN_POINT('',(2.805499849324E0,-8.682558667520E-1,
-2.026858496285E0));
#4067=CARTESIAN_POINT('',(2.556890229216E0,-1.476221262126E0,
-2.053072802922E0));
#4068=CARTESIAN_POINT('',(2.154681562254E0,-1.995506206452E0,
-2.079287109560E0));
#4069=CARTESIAN_POINT('',(1.769719976202E0,-2.328847930152E0,
-2.098746813884E0));
#4070=CARTESIAN_POINT('',(1.462302393584E0,-2.532782041717E0,
-2.111869099219E0));
#4071=CARTESIAN_POINT('',(1.131981480961E0,-2.697046422051E0,
-2.124991384553E0));
#4072=CARTESIAN_POINT('',(6.508182870697E-1,-2.863762073204E0,
-2.144451088877E0));
#4073=CARTESIAN_POINT('',(0.E0,-2.952442524253E0,-2.170665395515E0));
#4074=CARTESIAN_POINT('',(-6.508182870697E-1,-2.863762073204E0,
-2.196879702153E0));
#4075=CARTESIAN_POINT('',(-1.131981480961E0,-2.697046422052E0,
-2.216339406477E0));
#4076=CARTESIAN_POINT('',(-1.462302393584E0,-2.532782041717E0,
-2.229461691811E0));
#4077=CARTESIAN_POINT('',(-1.769719976202E0,-2.328847930152E0,
-2.242583977146E0));
#4078=CARTESIAN_POINT('',(-2.154681562254E0,-1.995506206452E0,
-2.262043681470E0));
#4079=CARTESIAN_POINT('',(-2.556890229216E0,-1.476221262126E0,
-2.288257988108E0));
#4080=CARTESIAN_POINT('',(-2.805499849324E0,-8.682558667520E-1,
-2.314472294745E0));
#4081=CARTESIAN_POINT('',(-2.901701457163E0,-3.681984918999E-1,
-2.333931999069E0));
#4082=CARTESIAN_POINT('',(-2.924604787168E0,0.E0,-2.347054284404E0));
#4083=CARTESIAN_POINT('',(-2.901701457163E0,3.681984918999E-1,
-2.360176569739E0));
#4084=CARTESIAN_POINT('',(-2.805499849324E0,8.682558667520E-1,
-2.379636274062E0));
#4085=CARTESIAN_POINT('',(-2.556890229216E0,1.476221262126E0,
-2.405850580700E0));
#4086=CARTESIAN_POINT('',(-2.154681562254E0,1.995506206452E0,
-2.432064887338E0));
#4087=CARTESIAN_POINT('',(-1.769719976202E0,2.328847930152E0,
-2.451524591662E0));
#4088=CARTESIAN_POINT('',(-1.462302393584E0,2.532782041717E0,
-2.464646876997E0));
#4089=CARTESIAN_POINT('',(-1.131981480961E0,2.697046422051E0,
-2.477769162331E0));
#4090=CARTESIAN_POINT('',(-6.508182870697E-1,2.863762073204E0,
-2.497228866655E0));
#4091=CARTESIAN_POINT('',(0.E0,2.952442524253E0,-2.523443173293E0));
#4092=CARTESIAN_POINT('',(6.508182870697E-1,2.863762073204E0,
-2.549657479931E0));
#4093=CARTESIAN_POINT('',(1.131981480961E0,2.697046422052E0,-2.569117184254E0));
#4094=CARTESIAN_POINT('',(1.462302393584E0,2.532782041717E0,-2.582239469589E0));
#4095=CARTESIAN_POINT('',(1.769719976202E0,2.328847930152E0,-2.595361754924E0));
#4096=CARTESIAN_POINT('',(2.154681562254E0,1.995506206452E0,-2.614821459248E0));
#4097=CARTESIAN_POINT('',(2.556890229216E0,1.476221262126E0,-2.641035765885E0));
#4098=CARTESIAN_POINT('',(2.805499849324E0,8.682558667520E-1,
-2.667250072523E0));
#4099=CARTESIAN_POINT('',(2.901701457163E0,3.681984918999E-1,
-2.686709776847E0));
#4100=CARTESIAN_POINT('',(2.924604787168E0,0.E0,-2.699832062182E0));
#4101=CARTESIAN_POINT('',(2.901701457163E0,-3.681984918999E-1,
-2.712954347516E0));
#4102=CARTESIAN_POINT('',(2.805499849324E0,-8.682558667520E-1,
-2.732414051840E0));
#4103=CARTESIAN_POINT('',(2.556890229216E0,-1.476221262126E0,
-2.758628358478E0));
#4104=CARTESIAN_POINT('',(2.154681562254E0,-1.995506206452E0,
-2.784842665116E0));
#4105=CARTESIAN_POINT('',(1.769719976202E0,-2.328847930152E0,
-2.804302369440E0));
#4106=CARTESIAN_POINT('',(1.462302393584E0,-2.532782041717E0,
-2.817424654774E0));
#4107=CARTESIAN_POINT('',(1.131981480961E0,-2.697046422051E0,
-2.830546940109E0));
#4108=CARTESIAN_POINT('',(6.508182870697E-1,-2.863762073204E0,
-2.850006644433E0));
#4109=CARTESIAN_POINT('',(0.E0,-2.952442524253E0,-2.876220951071E0));
#4110=CARTESIAN_POINT('',(-6.508182870697E-1,-2.863762073204E0,
-2.902435257708E0));
#4111=CARTESIAN_POINT('',(-1.131981480961E0,-2.697046422051E0,
-2.921894962032E0));
#4112=CARTESIAN_POINT('',(-1.462302393584E0,-2.532782041717E0,
-2.935017247367E0));
#4113=CARTESIAN_POINT('',(-1.769719976202E0,-2.328847930152E0,
-2.948139532702E0));
#4114=CARTESIAN_POINT('',(-2.154681562254E0,-1.995506206452E0,
-2.967599237025E0));
#4115=CARTESIAN_POINT('',(-2.556890229216E0,-1.476221262126E0,
-2.993813543663E0));
#4116=CARTESIAN_POINT('',(-2.805499849324E0,-8.682558667520E-1,
-3.020027850301E0));
#4117=CARTESIAN_POINT('',(-2.901701457163E0,-3.681984918999E-1,
-3.039487554625E0));
#4118=CARTESIAN_POINT('',(-2.924604787168E0,0.E0,-3.052609839960E0));
#4119=CARTESIAN_POINT('',(-2.901701457163E0,3.681984918999E-1,
-3.065732125294E0));
#4120=CARTESIAN_POINT('',(-2.805499849324E0,8.682558667520E-1,
-3.085191829618E0));
#4121=CARTESIAN_POINT('',(-2.556890229216E0,1.476221262126E0,
-3.111406136256E0));
#4122=CARTESIAN_POINT('',(-2.154681562254E0,1.995506206452E0,
-3.137620442894E0));
#4123=CARTESIAN_POINT('',(-1.769719976202E0,2.328847930152E0,
-3.157080147217E0));
#4124=CARTESIAN_POINT('',(-1.462302393584E0,2.532782041717E0,
-3.170202432552E0));
#4125=CARTESIAN_POINT('',(-1.131981480961E0,2.697046422051E0,
-3.183324717887E0));
#4126=CARTESIAN_POINT('',(-6.508182870697E-1,2.863762073204E0,
-3.202784422211E0));
#4127=CARTESIAN_POINT('',(0.E0,2.952442524253E0,-3.228998728848E0));
#4128=CARTESIAN_POINT('',(6.508182870697E-1,2.863762073204E0,
-3.255213035486E0));
#4129=CARTESIAN_POINT('',(1.131981480961E0,2.697046422051E0,-3.274672739810E0));
#4130=CARTESIAN_POINT('',(1.462302393584E0,2.532782041717E0,-3.287795025145E0));
#4131=CARTESIAN_POINT('',(1.769719976202E0,2.328847930152E0,-3.300917310479E0));
#4132=CARTESIAN_POINT('',(2.154681562254E0,1.995506206452E0,-3.320377014803E0));
#4133=CARTESIAN_POINT('',(2.556890229216E0,1.476221262126E0,-3.346591321441E0));
#4134=CARTESIAN_POINT('',(2.805499849324E0,8.682558667520E-1,
-3.372805628079E0));
#4135=CARTESIAN_POINT('',(2.901701457163E0,3.681984918999E-1,
-3.392265332403E0));
#4136=CARTESIAN_POINT('',(2.924604787168E0,0.E0,-3.405387617737E0));
#4137=CARTESIAN_POINT('',(2.901701457163E0,-3.681984918999E-1,
-3.418509903072E0));
#4138=CARTESIAN_POINT('',(2.805499849324E0,-8.682558667520E-1,
-3.437969607396E0));
#4139=CARTESIAN_POINT('',(2.556890229217E0,-1.476221262126E0,
-3.464183914034E0));
#4140=CARTESIAN_POINT('',(2.154681562254E0,-1.995506206452E0,
-3.490398220671E0));
#4141=CARTESIAN_POINT('',(1.769719976202E0,-2.328847930152E0,
-3.509857924995E0));
#4142=CARTESIAN_POINT('',(1.462302393584E0,-2.532782041717E0,
-3.522980210330E0));
#4143=CARTESIAN_POINT('',(1.131981480961E0,-2.697046422051E0,
-3.536102495665E0));
#4144=CARTESIAN_POINT('',(6.508182870697E-1,-2.863762073204E0,
-3.555562199988E0));
#4145=CARTESIAN_POINT('',(-1.751376821346E-14,-2.952442524253E0,
-3.581776506626E0));
#4146=CARTESIAN_POINT('',(-6.508182870697E-1,-2.863762073204E0,
-3.607990813264E0));
#4147=CARTESIAN_POINT('',(-1.131981480961E0,-2.697046422051E0,
-3.627450517588E0));
#4148=CARTESIAN_POINT('',(-1.462302393584E0,-2.532782041717E0,
-3.640572802922E0));
#4149=CARTESIAN_POINT('',(-1.769719976202E0,-2.328847930152E0,
-3.653695088257E0));
#4150=CARTESIAN_POINT('',(-2.154681562254E0,-1.995506206452E0,
-3.673154792581E0));
#4151=CARTESIAN_POINT('',(-2.556890229216E0,-1.476221262126E0,
-3.699369099219E0));
#4152=CARTESIAN_POINT('',(-2.805499849324E0,-8.682558667520E-1,
-3.725583405857E0));
#4153=CARTESIAN_POINT('',(-2.901701457163E0,-3.681984918999E-1,
-3.745043110180E0));
#4154=CARTESIAN_POINT('',(-2.924604787168E0,0.E0,-3.758165395515E0));
#4155=CARTESIAN_POINT('',(-2.901701457163E0,3.681984918999E-1,
-3.771287680850E0));
#4156=CARTESIAN_POINT('',(-2.805499849324E0,8.682558667520E-1,
-3.790747385174E0));
#4157=CARTESIAN_POINT('',(-2.556890229216E0,1.476221262126E0,
-3.816961691811E0));
#4158=CARTESIAN_POINT('',(-2.154681562254E0,1.995506206452E0,
-3.843175998449E0));
#4159=CARTESIAN_POINT('',(-1.769719976202E0,2.328847930152E0,
-3.862635702773E0));
#4160=CARTESIAN_POINT('',(-1.462302393584E0,2.532782041717E0,
-3.875757988108E0));
#4161=CARTESIAN_POINT('',(-1.131981480961E0,2.697046422051E0,
-3.888880273442E0));
#4162=CARTESIAN_POINT('',(-6.508182870697E-1,2.863762073204E0,
-3.908339977766E0));
#4163=CARTESIAN_POINT('',(0.E0,2.952442524253E0,-3.934554284404E0));
#4164=CARTESIAN_POINT('',(6.508182870697E-1,2.863762073204E0,
-3.960768591042E0));
#4165=CARTESIAN_POINT('',(1.131981480961E0,2.697046422051E0,-3.980228295366E0));
#4166=CARTESIAN_POINT('',(1.462302393584E0,2.532782041717E0,-3.993350580700E0));
#4167=CARTESIAN_POINT('',(1.769719976202E0,2.328847930152E0,-4.006472866035E0));
#4168=CARTESIAN_POINT('',(2.154681562254E0,1.995506206452E0,-4.025932570359E0));
#4169=CARTESIAN_POINT('',(2.556890229216E0,1.476221262126E0,-4.052146876997E0));
#4170=CARTESIAN_POINT('',(2.805499849324E0,8.682558667520E-1,
-4.078361183634E0));
#4171=CARTESIAN_POINT('',(2.901701457163E0,3.681984918999E-1,
-4.097820887958E0));
#4172=CARTESIAN_POINT('',(2.924604787168E0,0.E0,-4.110943173293E0));
#4173=CARTESIAN_POINT('',(2.901701457163E0,-3.681984918999E-1,
-4.124065458628E0));
#4174=CARTESIAN_POINT('',(2.805499849324E0,-8.682558667520E-1,
-4.143525162951E0));
#4175=CARTESIAN_POINT('',(2.556890229216E0,-1.476221262126E0,
-4.169739469589E0));
#4176=CARTESIAN_POINT('',(2.154681562254E0,-1.995506206452E0,
-4.195953776227E0));
#4177=CARTESIAN_POINT('',(1.769719976202E0,-2.328847930152E0,
-4.215413480551E0));
#4178=CARTESIAN_POINT('',(1.462302393584E0,-2.532782041717E0,
-4.228535765885E0));
#4179=CARTESIAN_POINT('',(1.131981480961E0,-2.697046422051E0,
-4.241658051220E0));
#4180=CARTESIAN_POINT('',(6.508182870697E-1,-2.863762073204E0,
-4.261117755544E0));
#4181=CARTESIAN_POINT('',(0.E0,-2.952442524253E0,-4.287332062182E0));
#4182=CARTESIAN_POINT('',(-6.508182870697E-1,-2.863762073204E0,
-4.313546368820E0));
#4183=CARTESIAN_POINT('',(-1.131981480961E0,-2.697046422052E0,
-4.333006073143E0));
#4184=CARTESIAN_POINT('',(-1.462302393584E0,-2.532782041717E0,
-4.346128358478E0));
#4185=CARTESIAN_POINT('',(-1.769719976202E0,-2.328847930152E0,
-4.359250643813E0));
#4186=CARTESIAN_POINT('',(-2.154681562254E0,-1.995506206452E0,
-4.378710348137E0));
#4187=CARTESIAN_POINT('',(-2.556890229216E0,-1.476221262126E0,
-4.404924654774E0));
#4188=CARTESIAN_POINT('',(-2.805499849324E0,-8.682558667520E-1,
-4.431138961412E0));
#4189=CARTESIAN_POINT('',(-2.901701457163E0,-3.681984918999E-1,
-4.450598665736E0));
#4190=CARTESIAN_POINT('',(-2.924604787168E0,0.E0,-4.463720951071E0));
#4191=CARTESIAN_POINT('',(-2.901701457163E0,3.681984918999E-1,
-4.476843236405E0));
#4192=CARTESIAN_POINT('',(-2.805499849324E0,8.682558667520E-1,
-4.496302940729E0));
#4193=CARTESIAN_POINT('',(-2.556890229216E0,1.476221262126E0,
-4.522517247367E0));
#4194=CARTESIAN_POINT('',(-2.154681562254E0,1.995506206452E0,
-4.548731554005E0));
#4195=CARTESIAN_POINT('',(-1.769719976202E0,2.328847930152E0,
-4.568191258329E0));
#4196=CARTESIAN_POINT('',(-1.543649981674E0,2.478817828077E0,
-4.577841177987E0));
#4197=CARTESIAN_POINT('',(-1.335854408180E0,2.595261896216E0,
-4.586329652038E0));
#4198=CARTESIAN_POINT('',(-1.231525634513E0,2.645866200790E0,
-4.590488794280E0));
#4199=CARTESIAN_POINT('',(-1.147356118326E0,2.681850549324E0,
-4.593860924883E0));
#4200=CARTESIAN_POINT('',(-2.466496307914E0,-1.288249190418E0,
-8.045857087249E-1));
#4201=CARTESIAN_POINT('',(-2.506586605453E0,-1.211408008324E0,
-8.082420647138E-1));
#4202=CARTESIAN_POINT('',(-2.594516764301E0,-1.021669865756E0,
-8.170381082472E-1));
#4203=CARTESIAN_POINT('',(-2.699617066782E0,-7.073533255231E-1,
-8.307680884058E-1));
#4204=CARTESIAN_POINT('',(-2.768124845534E0,-3.512488822722E-1,
-8.452945836931E-1));
#4205=CARTESIAN_POINT('',(-2.789973846118E0,0.E0,-8.584168690278E-1));
#4206=CARTESIAN_POINT('',(-2.768124845534E0,3.512488822722E-1,
-8.715391543625E-1));
#4207=CARTESIAN_POINT('',(-2.676351772124E0,8.282866699134E-1,
-8.909988586863E-1));
#4208=CARTESIAN_POINT('',(-2.439186620431E0,1.408265051909E0,
-9.172131653241E-1));
#4209=CARTESIAN_POINT('',(-2.055493183823E0,1.903645289166E0,
-9.434274719619E-1));
#4210=CARTESIAN_POINT('',(-1.688252877865E0,2.221641995943E0,
-9.628871762857E-1));
#4211=CARTESIAN_POINT('',(-1.394986923059E0,2.416188226632E0,
-9.760094616204E-1));
#4212=CARTESIAN_POINT('',(-1.079871967668E0,2.572890878215E0,
-9.891317469551E-1));
#4213=CARTESIAN_POINT('',(-6.208585883010E-1,2.731931959080E0,
-1.008591451279E0));
#4214=CARTESIAN_POINT('',(0.E0,2.816530103819E0,-1.034805757917E0));
#4215=CARTESIAN_POINT('',(6.208585883010E-1,2.731931959080E0,
-1.061020064554E0));
#4216=CARTESIAN_POINT('',(1.079871967668E0,2.572890878215E0,-1.080479768878E0));
#4217=CARTESIAN_POINT('',(1.394986923059E0,2.416188226632E0,-1.093602054213E0));
#4218=CARTESIAN_POINT('',(1.688252877865E0,2.221641995943E0,-1.106724339548E0));
#4219=CARTESIAN_POINT('',(2.055493183823E0,1.903645289166E0,-1.126184043871E0));
#4220=CARTESIAN_POINT('',(2.439186620431E0,1.408265051909E0,-1.152398350509E0));
#4221=CARTESIAN_POINT('',(2.676351772124E0,8.282866699134E-1,
-1.178612657147E0));
#4222=CARTESIAN_POINT('',(2.768124845534E0,3.512488822722E-1,
-1.198072361471E0));
#4223=CARTESIAN_POINT('',(2.789973846118E0,0.E0,-1.211194646806E0));
#4224=CARTESIAN_POINT('',(2.768124845534E0,-3.512488822722E-1,
-1.224316932140E0));
#4225=CARTESIAN_POINT('',(2.676351772124E0,-8.282866699134E-1,
-1.243776636464E0));
#4226=CARTESIAN_POINT('',(2.439186620431E0,-1.408265051909E0,
-1.269990943102E0));
#4227=CARTESIAN_POINT('',(2.055493183823E0,-1.903645289166E0,
-1.296205249740E0));
#4228=CARTESIAN_POINT('',(1.688252877865E0,-2.221641995943E0,
-1.315664954063E0));
#4229=CARTESIAN_POINT('',(1.394986923059E0,-2.416188226632E0,
-1.328787239398E0));
#4230=CARTESIAN_POINT('',(1.079871967668E0,-2.572890878215E0,
-1.341909524733E0));
#4231=CARTESIAN_POINT('',(6.208585883010E-1,-2.731931959080E0,
-1.361369229057E0));
#4232=CARTESIAN_POINT('',(0.E0,-2.816530103819E0,-1.387583535694E0));
#4233=CARTESIAN_POINT('',(-6.208585883010E-1,-2.731931959080E0,
-1.413797842332E0));
#4234=CARTESIAN_POINT('',(-1.079871967668E0,-2.572890878215E0,
-1.433257546656E0));
#4235=CARTESIAN_POINT('',(-1.394986923059E0,-2.416188226632E0,
-1.446379831991E0));
#4236=CARTESIAN_POINT('',(-1.688252877865E0,-2.221641995943E0,
-1.459502117325E0));
#4237=CARTESIAN_POINT('',(-2.055493183823E0,-1.903645289166E0,
-1.478961821649E0));
#4238=CARTESIAN_POINT('',(-2.439186620431E0,-1.408265051909E0,
-1.505176128287E0));
#4239=CARTESIAN_POINT('',(-2.676351772124E0,-8.282866699134E-1,
-1.531390434925E0));
#4240=CARTESIAN_POINT('',(-2.768124845534E0,-3.512488822722E-1,
-1.550850139249E0));
#4241=CARTESIAN_POINT('',(-2.789973846118E0,0.E0,-1.563972424583E0));
#4242=CARTESIAN_POINT('',(-2.768124845534E0,3.512488822722E-1,
-1.577094709918E0));
#4243=CARTESIAN_POINT('',(-2.676351772124E0,8.282866699134E-1,
-1.596554414242E0));
#4244=CARTESIAN_POINT('',(-2.439186620431E0,1.408265051909E0,
-1.622768720880E0));
#4245=CARTESIAN_POINT('',(-2.055493183823E0,1.903645289166E0,
-1.648983027517E0));
#4246=CARTESIAN_POINT('',(-1.688252877865E0,2.221641995943E0,
-1.668442731841E0));
#4247=CARTESIAN_POINT('',(-1.394986923059E0,2.416188226632E0,
-1.681565017176E0));
#4248=CARTESIAN_POINT('',(-1.079871967668E0,2.572890878215E0,
-1.694687302511E0));
#4249=CARTESIAN_POINT('',(-6.208585883010E-1,2.731931959080E0,
-1.714147006834E0));
#4250=CARTESIAN_POINT('',(0.E0,2.816530103819E0,-1.740361313472E0));
#4251=CARTESIAN_POINT('',(6.208585883010E-1,2.731931959080E0,
-1.766575620110E0));
#4252=CARTESIAN_POINT('',(1.079871967668E0,2.572890878215E0,-1.786035324434E0));
#4253=CARTESIAN_POINT('',(1.394986923059E0,2.416188226632E0,-1.799157609769E0));
#4254=CARTESIAN_POINT('',(1.688252877865E0,2.221641995943E0,-1.812279895103E0));
#4255=CARTESIAN_POINT('',(2.055493183823E0,1.903645289166E0,-1.831739599427E0));
#4256=CARTESIAN_POINT('',(2.439186620431E0,1.408265051909E0,-1.857953906065E0));
#4257=CARTESIAN_POINT('',(2.676351772124E0,8.282866699134E-1,
-1.884168212703E0));
#4258=CARTESIAN_POINT('',(2.768124845534E0,3.512488822722E-1,
-1.903627917026E0));
#4259=CARTESIAN_POINT('',(2.789973846118E0,0.E0,-1.916750202361E0));
#4260=CARTESIAN_POINT('',(2.768124845534E0,-3.512488822722E-1,
-1.929872487696E0));
#4261=CARTESIAN_POINT('',(2.676351772124E0,-8.282866699134E-1,
-1.949332192020E0));
#4262=CARTESIAN_POINT('',(2.439186620431E0,-1.408265051909E0,
-1.975546498657E0));
#4263=CARTESIAN_POINT('',(2.055493183823E0,-1.903645289166E0,
-2.001760805295E0));
#4264=CARTESIAN_POINT('',(1.688252877865E0,-2.221641995943E0,
-2.021220509619E0));
#4265=CARTESIAN_POINT('',(1.394986923059E0,-2.416188226632E0,
-2.034342794954E0));
#4266=CARTESIAN_POINT('',(1.079871967668E0,-2.572890878215E0,
-2.047465080288E0));
#4267=CARTESIAN_POINT('',(6.208585883010E-1,-2.731931959080E0,
-2.066924784612E0));
#4268=CARTESIAN_POINT('',(0.E0,-2.816530103819E0,-2.093139091250E0));
#4269=CARTESIAN_POINT('',(-6.208585883010E-1,-2.731931959080E0,
-2.119353397888E0));
#4270=CARTESIAN_POINT('',(-1.079871967668E0,-2.572890878215E0,
-2.138813102212E0));
#4271=CARTESIAN_POINT('',(-1.394986923059E0,-2.416188226632E0,
-2.151935387546E0));
#4272=CARTESIAN_POINT('',(-1.688252877865E0,-2.221641995943E0,
-2.165057672881E0));
#4273=CARTESIAN_POINT('',(-2.055493183823E0,-1.903645289166E0,
-2.184517377205E0));
#4274=CARTESIAN_POINT('',(-2.439186620431E0,-1.408265051909E0,
-2.210731683843E0));
#4275=CARTESIAN_POINT('',(-2.676351772124E0,-8.282866699134E-1,
-2.236945990480E0));
#4276=CARTESIAN_POINT('',(-2.768124845534E0,-3.512488822722E-1,
-2.256405694804E0));
#4277=CARTESIAN_POINT('',(-2.789973846118E0,0.E0,-2.269527980139E0));
#4278=CARTESIAN_POINT('',(-2.768124845534E0,3.512488822722E-1,
-2.282650265474E0));
#4279=CARTESIAN_POINT('',(-2.676351772124E0,8.282866699134E-1,
-2.302109969797E0));
#4280=CARTESIAN_POINT('',(-2.439186620431E0,1.408265051909E0,
-2.328324276435E0));
#4281=CARTESIAN_POINT('',(-2.055493183823E0,1.903645289166E0,
-2.354538583073E0));
#4282=CARTESIAN_POINT('',(-1.688252877865E0,2.221641995943E0,
-2.373998287397E0));
#4283=CARTESIAN_POINT('',(-1.394986923059E0,2.416188226632E0,
-2.387120572731E0));
#4284=CARTESIAN_POINT('',(-1.079871967668E0,2.572890878215E0,
-2.400242858066E0));
#4285=CARTESIAN_POINT('',(-6.208585883010E-1,2.731931959080E0,
-2.419702562390E0));
#4286=CARTESIAN_POINT('',(0.E0,2.816530103819E0,-2.445916869028E0));
#4287=CARTESIAN_POINT('',(6.208585883010E-1,2.731931959080E0,
-2.472131175666E0));
#4288=CARTESIAN_POINT('',(1.079871967668E0,2.572890878215E0,-2.491590879989E0));
#4289=CARTESIAN_POINT('',(1.394986923059E0,2.416188226632E0,-2.504713165324E0));
#4290=CARTESIAN_POINT('',(1.688252877865E0,2.221641995943E0,-2.517835450659E0));
#4291=CARTESIAN_POINT('',(2.055493183823E0,1.903645289166E0,-2.537295154983E0));
#4292=CARTESIAN_POINT('',(2.439186620431E0,1.408265051909E0,-2.563509461620E0));
#4293=CARTESIAN_POINT('',(2.676351772124E0,8.282866699134E-1,
-2.589723768258E0));
#4294=CARTESIAN_POINT('',(2.768124845534E0,3.512488822722E-1,
-2.609183472582E0));
#4295=CARTESIAN_POINT('',(2.789973846118E0,0.E0,-2.622305757917E0));
#4296=CARTESIAN_POINT('',(2.768124845534E0,-3.512488822722E-1,
-2.635428043251E0));
#4297=CARTESIAN_POINT('',(2.676351772124E0,-8.282866699134E-1,
-2.654887747575E0));
#4298=CARTESIAN_POINT('',(2.439186620431E0,-1.408265051909E0,
-2.681102054213E0));
#4299=CARTESIAN_POINT('',(2.055493183823E0,-1.903645289166E0,
-2.707316360851E0));
#4300=CARTESIAN_POINT('',(1.688252877865E0,-2.221641995943E0,
-2.726776065175E0));
#4301=CARTESIAN_POINT('',(1.394986923059E0,-2.416188226632E0,
-2.739898350509E0));
#4302=CARTESIAN_POINT('',(1.079871967668E0,-2.572890878215E0,
-2.753020635844E0));
#4303=CARTESIAN_POINT('',(6.208585883010E-1,-2.731931959080E0,
-2.772480340168E0));
#4304=CARTESIAN_POINT('',(0.E0,-2.816530103819E0,-2.798694646806E0));
#4305=CARTESIAN_POINT('',(-6.208585883010E-1,-2.731931959080E0,
-2.824908953443E0));
#4306=CARTESIAN_POINT('',(-1.079871967668E0,-2.572890878215E0,
-2.844368657767E0));
#4307=CARTESIAN_POINT('',(-1.394986923059E0,-2.416188226632E0,
-2.857490943102E0));
#4308=CARTESIAN_POINT('',(-1.688252877865E0,-2.221641995943E0,
-2.870613228437E0));
#4309=CARTESIAN_POINT('',(-2.055493183823E0,-1.903645289166E0,
-2.890072932760E0));
#4310=CARTESIAN_POINT('',(-2.439186620431E0,-1.408265051909E0,
-2.916287239398E0));
#4311=CARTESIAN_POINT('',(-2.676351772124E0,-8.282866699134E-1,
-2.942501546036E0));
#4312=CARTESIAN_POINT('',(-2.768124845534E0,-3.512488822722E-1,
-2.961961250360E0));
#4313=CARTESIAN_POINT('',(-2.789973846118E0,0.E0,-2.975083535694E0));
#4314=CARTESIAN_POINT('',(-2.768124845534E0,3.512488822722E-1,
-2.988205821029E0));
#4315=CARTESIAN_POINT('',(-2.676351772124E0,8.282866699134E-1,
-3.007665525353E0));
#4316=CARTESIAN_POINT('',(-2.439186620431E0,1.408265051909E0,
-3.033879831991E0));
#4317=CARTESIAN_POINT('',(-2.055493183823E0,1.903645289166E0,
-3.060094138629E0));
#4318=CARTESIAN_POINT('',(-1.688252877865E0,2.221641995943E0,
-3.079553842952E0));
#4319=CARTESIAN_POINT('',(-1.394986923059E0,2.416188226632E0,
-3.092676128287E0));
#4320=CARTESIAN_POINT('',(-1.079871967668E0,2.572890878215E0,
-3.105798413622E0));
#4321=CARTESIAN_POINT('',(-6.208585883010E-1,2.731931959080E0,
-3.125258117946E0));
#4322=CARTESIAN_POINT('',(0.E0,2.816530103819E0,-3.151472424583E0));
#4323=CARTESIAN_POINT('',(6.208585883010E-1,2.731931959080E0,
-3.177686731221E0));
#4324=CARTESIAN_POINT('',(1.079871967668E0,2.572890878215E0,-3.197146435545E0));
#4325=CARTESIAN_POINT('',(1.394986923059E0,2.416188226632E0,-3.210268720880E0));
#4326=CARTESIAN_POINT('',(1.688252877865E0,2.221641995943E0,-3.223391006214E0));
#4327=CARTESIAN_POINT('',(2.055493183823E0,1.903645289166E0,-3.242850710538E0));
#4328=CARTESIAN_POINT('',(2.439186620431E0,1.408265051909E0,-3.269065017176E0));
#4329=CARTESIAN_POINT('',(2.676351772124E0,8.282866699134E-1,
-3.295279323814E0));
#4330=CARTESIAN_POINT('',(2.768124845534E0,3.512488822722E-1,
-3.314739028138E0));
#4331=CARTESIAN_POINT('',(2.789973846118E0,0.E0,-3.327861313472E0));
#4332=CARTESIAN_POINT('',(2.768124845534E0,-3.512488822722E-1,
-3.340983598807E0));
#4333=CARTESIAN_POINT('',(2.676351772124E0,-8.282866699134E-1,
-3.360443303131E0));
#4334=CARTESIAN_POINT('',(2.439186620431E0,-1.408265051909E0,
-3.386657609769E0));
#4335=CARTESIAN_POINT('',(2.055493183823E0,-1.903645289166E0,
-3.412871916406E0));
#4336=CARTESIAN_POINT('',(1.688252877865E0,-2.221641995943E0,
-3.432331620730E0));
#4337=CARTESIAN_POINT('',(1.394986923059E0,-2.416188226632E0,
-3.445453906065E0));
#4338=CARTESIAN_POINT('',(1.079871967668E0,-2.572890878215E0,
-3.458576191400E0));
#4339=CARTESIAN_POINT('',(6.208585883010E-1,-2.731931959080E0,
-3.478035895723E0));
#4340=CARTESIAN_POINT('',(-1.701416785238E-14,-2.816530103819E0,
-3.504250202361E0));
#4341=CARTESIAN_POINT('',(-6.208585883010E-1,-2.731931959080E0,
-3.530464508999E0));
#4342=CARTESIAN_POINT('',(-1.079871967668E0,-2.572890878215E0,
-3.549924213323E0));
#4343=CARTESIAN_POINT('',(-1.394986923059E0,-2.416188226632E0,
-3.563046498657E0));
#4344=CARTESIAN_POINT('',(-1.688252877865E0,-2.221641995943E0,
-3.576168783992E0));
#4345=CARTESIAN_POINT('',(-2.055493183823E0,-1.903645289166E0,
-3.595628488316E0));
#4346=CARTESIAN_POINT('',(-2.439186620431E0,-1.408265051909E0,
-3.621842794954E0));
#4347=CARTESIAN_POINT('',(-2.676351772124E0,-8.282866699134E-1,
-3.648057101592E0));
#4348=CARTESIAN_POINT('',(-2.768124845534E0,-3.512488822722E-1,
-3.667516805915E0));
#4349=CARTESIAN_POINT('',(-2.789973846118E0,0.E0,-3.680639091250E0));
#4350=CARTESIAN_POINT('',(-2.768124845534E0,3.512488822722E-1,
-3.693761376585E0));
#4351=CARTESIAN_POINT('',(-2.676351772124E0,8.282866699134E-1,
-3.713221080909E0));
#4352=CARTESIAN_POINT('',(-2.439186620431E0,1.408265051909E0,
-3.739435387546E0));
#4353=CARTESIAN_POINT('',(-2.055493183823E0,1.903645289166E0,
-3.765649694184E0));
#4354=CARTESIAN_POINT('',(-1.688252877865E0,2.221641995943E0,
-3.785109398508E0));
#4355=CARTESIAN_POINT('',(-1.394986923059E0,2.416188226632E0,
-3.798231683843E0));
#4356=CARTESIAN_POINT('',(-1.079871967668E0,2.572890878215E0,
-3.811353969177E0));
#4357=CARTESIAN_POINT('',(-6.208585883010E-1,2.731931959080E0,
-3.830813673501E0));
#4358=CARTESIAN_POINT('',(0.E0,2.816530103819E0,-3.857027980139E0));
#4359=CARTESIAN_POINT('',(6.208585883010E-1,2.731931959080E0,
-3.883242286777E0));
#4360=CARTESIAN_POINT('',(1.079871967668E0,2.572890878215E0,-3.902701991100E0));
#4361=CARTESIAN_POINT('',(1.394986923059E0,2.416188226632E0,-3.915824276435E0));
#4362=CARTESIAN_POINT('',(1.688252877865E0,2.221641995943E0,-3.928946561770E0));
#4363=CARTESIAN_POINT('',(2.055493183823E0,1.903645289166E0,-3.948406266094E0));
#4364=CARTESIAN_POINT('',(2.439186620431E0,1.408265051909E0,-3.974620572731E0));
#4365=CARTESIAN_POINT('',(2.676351772124E0,8.282866699134E-1,
-4.000834879369E0));
#4366=CARTESIAN_POINT('',(2.768124845534E0,3.512488822722E-1,
-4.020294583693E0));
#4367=CARTESIAN_POINT('',(2.789973846118E0,0.E0,-4.033416869028E0));
#4368=CARTESIAN_POINT('',(2.768124845534E0,-3.512488822722E-1,
-4.046539154363E0));
#4369=CARTESIAN_POINT('',(2.676351772124E0,-8.282866699134E-1,
-4.065998858686E0));
#4370=CARTESIAN_POINT('',(2.439186620431E0,-1.408265051909E0,
-4.092213165324E0));
#4371=CARTESIAN_POINT('',(2.055493183823E0,-1.903645289166E0,
-4.118427471962E0));
#4372=CARTESIAN_POINT('',(1.688252877865E0,-2.221641995943E0,
-4.137887176286E0));
#4373=CARTESIAN_POINT('',(1.394986923059E0,-2.416188226632E0,
-4.151009461620E0));
#4374=CARTESIAN_POINT('',(1.079871967668E0,-2.572890878215E0,
-4.164131746955E0));
#4375=CARTESIAN_POINT('',(6.208585883010E-1,-2.731931959080E0,
-4.183591451279E0));
#4376=CARTESIAN_POINT('',(0.E0,-2.816530103819E0,-4.209805757917E0));
#4377=CARTESIAN_POINT('',(-6.208585883010E-1,-2.731931959080E0,
-4.236020064554E0));
#4378=CARTESIAN_POINT('',(-1.079871967668E0,-2.572890878215E0,
-4.255479768878E0));
#4379=CARTESIAN_POINT('',(-1.394986923059E0,-2.416188226632E0,
-4.268602054213E0));
#4380=CARTESIAN_POINT('',(-1.688252877865E0,-2.221641995943E0,
-4.281724339548E0));
#4381=CARTESIAN_POINT('',(-2.055493183823E0,-1.903645289166E0,
-4.301184043871E0));
#4382=CARTESIAN_POINT('',(-2.439186620431E0,-1.408265051909E0,
-4.327398350509E0));
#4383=CARTESIAN_POINT('',(-2.676351772124E0,-8.282866699134E-1,
-4.353612657147E0));
#4384=CARTESIAN_POINT('',(-2.768124845534E0,-3.512488822722E-1,
-4.373072361471E0));
#4385=CARTESIAN_POINT('',(-2.789973846118E0,0.E0,-4.386194646806E0));
#4386=CARTESIAN_POINT('',(-2.768124845534E0,3.512488822722E-1,
-4.399316932140E0));
#4387=CARTESIAN_POINT('',(-2.676351772124E0,8.282866699134E-1,
-4.418776636464E0));
#4388=CARTESIAN_POINT('',(-2.439186620431E0,1.408265051909E0,
-4.444990943102E0));
#4389=CARTESIAN_POINT('',(-2.055493183823E0,1.903645289166E0,
-4.471205249740E0));
#4390=CARTESIAN_POINT('',(-1.688252877865E0,2.221641995943E0,
-4.490664954063E0));
#4391=CARTESIAN_POINT('',(-1.472589765060E0,2.364708195777E0,
-4.500314873722E0));
#4392=CARTESIAN_POINT('',(-1.274359830564E0,2.475791890253E0,
-4.508803347773E0));
#4393=CARTESIAN_POINT('',(-1.174833716402E0,2.524066681734E0,
-4.512962490015E0));
#4394=CARTESIAN_POINT('',(-1.094538850636E0,2.558394530652E0,
-4.516334620618E0));
#4395=B_SPLINE_SURFACE_WITH_KNOTS('',3,3,((#3615,#3616,#3617,#3618,#3619,#3620,
#3621,#3622,#3623,#3624,#3625,#3626,#3627,#3628,#3629,#3630,#3631,#3632,#3633,
#3634,#3635,#3636,#3637,#3638,#3639,#3640,#3641,#3642,#3643,#3644,#3645,#3646,
#3647,#3648,#3649,#3650,#3651,#3652,#3653,#3654,#3655,#3656,#3657,#3658,#3659,
#3660,#3661,#3662,#3663,#3664,#3665,#3666,#3667,#3668,#3669,#3670,#3671,#3672,
#3673,#3674,#3675,#3676,#3677,#3678,#3679,#3680,#3681,#3682,#3683,#3684,#3685,
#3686,#3687,#3688,#3689,#3690,#3691,#3692,#3693,#3694,#3695,#3696,#3697,#3698,
#3699,#3700,#3701,#3702,#3703,#3704,#3705,#3706,#3707,#3708,#3709,#3710,#3711,
#3712,#3713,#3714,#3715,#3716,#3717,#3718,#3719,#3720,#3721,#3722,#3723,#3724,
#3725,#3726,#3727,#3728,#3729,#3730,#3731,#3732,#3733,#3734,#3735,#3736,#3737,
#3738,#3739,#3740,#3741,#3742,#3743,#3744,#3745,#3746,#3747,#3748,#3749,#3750,
#3751,#3752,#3753,#3754,#3755,#3756,#3757,#3758,#3759,#3760,#3761,#3762,#3763,
#3764,#3765,#3766,#3767,#3768,#3769,#3770,#3771,#3772,#3773,#3774,#3775,#3776,
#3777,#3778,#3779,#3780,#3781,#3782,#3783,#3784,#3785,#3786,#3787,#3788,#3789,
#3790,#3791,#3792,#3793,#3794,#3795,#3796,#3797,#3798,#3799,#3800,#3801,#3802,
#3803,#3804,#3805,#3806,#3807,#3808,#3809),(#3810,#3811,#3812,#3813,#3814,#3815,
#3816,#3817,#3818,#3819,#3820,#3821,#3822,#3823,#3824,#3825,#3826,#3827,#3828,
#3829,#3830,#3831,#3832,#3833,#3834,#3835,#3836,#3837,#3838,#3839,#3840,#3841,
#3842,#3843,#3844,#3845,#3846,#3847,#3848,#3849,#3850,#3851,#3852,#3853,#3854,
#3855,#3856,#3857,#3858,#3859,#3860,#3861,#3862,#3863,#3864,#3865,#3866,#3867,
#3868,#3869,#3870,#3871,#3872,#3873,#3874,#3875,#3876,#3877,#3878,#3879,#3880,
#3881,#3882,#3883,#3884,#3885,#3886,#3887,#3888,#3889,#3890,#3891,#3892,#3893,
#3894,#3895,#3896,#3897,#3898,#3899,#3900,#3901,#3902,#3903,#3904,#3905,#3906,
#3907,#3908,#3909,#3910,#3911,#3912,#3913,#3914,#3915,#3916,#3917,#3918,#3919,
#3920,#3921,#3922,#3923,#3924,#3925,#3926,#3927,#3928,#3929,#3930,#3931,#3932,
#3933,#3934,#3935,#3936,#3937,#3938,#3939,#3940,#3941,#3942,#3943,#3944,#3945,
#3946,#3947,#3948,#3949,#3950,#3951,#3952,#3953,#3954,#3955,#3956,#3957,#3958,
#3959,#3960,#3961,#3962,#3963,#3964,#3965,#3966,#3967,#3968,#3969,#3970,#3971,
#3972,#3973,#3974,#3975,#3976,#3977,#3978,#3979,#3980,#3981,#3982,#3983,#3984,
#3985,#3986,#3987,#3988,#3989,#3990,#3991,#3992,#3993,#3994,#3995,#3996,#3997,
#3998,#3999,#4000,#4001,#4002,#4003,#4004),(#4005,#4006,#4007,#4008,#4009,#4010,
#4011,#4012,#4013,#4014,#4015,#4016,#4017,#4018,#4019,#4020,#4021,#4022,#4023,
#4024,#4025,#4026,#4027,#4028,#4029,#4030,#4031,#4032,#4033,#4034,#4035,#4036,
#4037,#4038,#4039,#4040,#4041,#4042,#4043,#4044,#4045,#4046,#4047,#4048,#4049,
#4050,#4051,#4052,#4053,#4054,#4055,#4056,#4057,#4058,#4059,#4060,#4061,#4062,
#4063,#4064,#4065,#4066,#4067,#4068,#4069,#4070,#4071,#4072,#4073,#4074,#4075,
#4076,#4077,#4078,#4079,#4080,#4081,#4082,#4083,#4084,#4085,#4086,#4087,#4088,
#4089,#4090,#4091,#4092,#4093,#4094,#4095,#4096,#4097,#4098,#4099,#4100,#4101,
#4102,#4103,#4104,#4105,#4106,#4107,#4108,#4109,#4110,#4111,#4112,#4113,#4114,
#4115,#4116,#4117,#4118,#4119,#4120,#4121,#4122,#4123,#4124,#4125,#4126,#4127,
#4128,#4129,#4130,#4131,#4132,#4133,#4134,#4135,#4136,#4137,#4138,#4139,#4140,
#4141,#4142,#4143,#4144,#4145,#4146,#4147,#4148,#4149,#4150,#4151,#4152,#4153,
#4154,#4155,#4156,#4157,#4158,#4159,#4160,#4161,#4162,#4163,#4164,#4165,#4166,
#4167,#4168,#4169,#4170,#4171,#4172,#4173,#4174,#4175,#4176,#4177,#4178,#4179,
#4180,#4181,#4182,#4183,#4184,#4185,#4186,#4187,#4188,#4189,#4190,#4191,#4192,
#4193,#4194,#4195,#4196,#4197,#4198,#4199),(#4200,#4201,#4202,#4203,#4204,#4205,
#4206,#4207,#4208,#4209,#4210,#4211,#4212,#4213,#4214,#4215,#4216,#4217,#4218,
#4219,#4220,#4221,#4222,#4223,#4224,#4225,#4226,#4227,#4228,#4229,#4230,#4231,
#4232,#4233,#4234,#4235,#4236,#4237,#4238,#4239,#4240,#4241,#4242,#4243,#4244,
#4245,#4246,#4247,#4248,#4249,#4250,#4251,#4252,#4253,#4254,#4255,#4256,#4257,
#4258,#4259,#4260,#4261,#4262,#4263,#4264,#4265,#4266,#4267,#4268,#4269,#4270,
#4271,#4272,#4273,#4274,#4275,#4276,#4277,#4278,#4279,#4280,#4281,#4282,#4283,
#4284,#4285,#4286,#4287,#4288,#4289,#4290,#4291,#4292,#4293,#4294,#4295,#4296,
#4297,#4298,#4299,#4300,#4301,#4302,#4303,#4304,#4305,#4306,#4307,#4308,#4309,
#4310,#4311,#4312,#4313,#4314,#4315,#4316,#4317,#4318,#4319,#4320,#4321,#4322,
#4323,#4324,#4325,#4326,#4327,#4328,#4329,#4330,#4331,#4332,#4333,#4334,#4335,
#4336,#4337,#4338,#4339,#4340,#4341,#4342,#4343,#4344,#4345,#4346,#4347,#4348,
#4349,#4350,#4351,#4352,#4353,#4354,#4355,#4356,#4357,#4358,#4359,#4360,#4361,
#4362,#4363,#4364,#4365,#4366,#4367,#4368,#4369,#4370,#4371,#4372,#4373,#4374,
#4375,#4376,#4377,#4378,#4379,#4380,#4381,#4382,#4383,#4384,#4385,#4386,#4387,
#4388,#4389,#4390,#4391,#4392,#4393,#4394)),.UNSPECIFIED.,.F.,.F.,.F.,(4,4),(4,
1,1,1,1,1,1,1,1,1,1,1,1,1,1,1,1,1,1,1,1,1,1,1,1,1,1,1,1,1,1,1,1,1,1,1,1,1,1,1,1,
1,1,1,1,1,1,1,1,1,1,1,1,1,1,1,1,1,1,1,1,1,1,1,1,1,1,1,1,1,1,1,1,1,1,1,1,1,1,1,1,
1,1,1,1,1,1,1,1,1,1,1,1,1,1,1,1,1,1,1,1,1,1,1,1,1,1,1,1,1,1,1,1,1,1,1,1,1,1,1,1,
1,1,1,1,1,1,1,1,1,1,1,1,1,1,1,1,1,1,1,1,1,1,1,1,1,1,1,1,1,1,1,1,1,1,1,1,1,1,1,1,
1,1,1,1,1,1,1,1,1,1,1,1,1,1,1,1,1,1,1,1,1,1,1,1,1,1,1,1,1,1,1,4),(
-2.757142878180E-2,1.027274668505E0),(-2.779679847951E-3,0.E0,3.925140046821E-3,
7.906156704883E-3,1.188717336294E-2,1.586819002101E-2,1.984920667907E-2,
2.781123999519E-2,3.577327331131E-2,3.975428996938E-2,4.373530662744E-2,
4.771632328550E-2,5.169733994356E-2,5.965937325968E-2,6.762140657581E-2,
7.160242323387E-2,7.558343989193E-2,7.956445654999E-2,8.354547320805E-2,
9.150750652418E-2,9.946953984030E-2,1.034505564984E-1,1.074315731564E-1,
1.114125898145E-1,1.153936064725E-1,1.233556397887E-1,1.313176731048E-1,
1.352986897629E-1,1.392797064209E-1,1.432607230790E-1,1.472417397370E-1,
1.552037730532E-1,1.631658063693E-1,1.671468230273E-1,1.711278396854E-1,
1.751088563435E-1,1.790898730015E-1,1.870519063177E-1,1.950139396338E-1,
1.989949562918E-1,2.029759729499E-1,2.069569896080E-1,2.109380062660E-1,
2.189000395821E-1,2.268620728983E-1,2.308430895563E-1,2.348241062144E-1,
2.388051228725E-1,2.427861395305E-1,2.507481728466E-1,2.587102061628E-1,
2.626912228208E-1,2.666722394789E-1,2.706532561369E-1,2.746342727950E-1,
2.825963061111E-1,2.905583394273E-1,2.945393560853E-1,2.985203727434E-1,
3.025013894014E-1,3.064824060595E-1,3.144444393756E-1,3.224064726918E-1,
3.263874893498E-1,3.303685060079E-1,3.343495226659E-1,3.383305393240E-1,
3.462925726401E-1,3.542546059562E-1,3.582356226143E-1,3.622166392724E-1,
3.661976559304E-1,3.701786725885E-1,3.781407059046E-1,3.861027392207E-1,
3.900837558788E-1,3.940647725369E-1,3.980457891949E-1,4.020268058530E-1,
4.099888391691E-1,4.179508724852E-1,4.219318891433E-1,4.259129058014E-1,
4.298939224594E-1,4.338749391175E-1,4.418369724336E-1,4.497990057497E-1,
4.537800224078E-1,4.577610390658E-1,4.617420557239E-1,4.657230723820E-1,
4.736851056981E-1,4.816471390142E-1,4.856281556723E-1,4.896091723303E-1,
4.935901889884E-1,4.975712056465E-1,5.055332389626E-1,5.134952722787E-1,
5.174762889368E-1,5.214573055948E-1,5.254383222529E-1,5.294193389110E-1,
5.373813722271E-1,5.453434055432E-1,5.493244222013E-1,5.533054388593E-1,
5.572864555174E-1,5.612674721754E-1,5.692295054916E-1,5.771915388077E-1,
5.811725554658E-1,5.851535721238E-1,5.891345887819E-1,5.931156054399E-1,
6.010776387561E-1,6.090396720722E-1,6.130206887302E-1,6.170017053883E-1,
6.209827220464E-1,6.249637387044E-1,6.329257720206E-1,6.408878053367E-1,
6.448688219947E-1,6.488498386528E-1,6.528308553109E-1,6.568118719689E-1,
6.647739052850E-1,6.727359386012E-1,6.767169552592E-1,6.806979719173E-1,
6.846789885754E-1,6.886600052334E-1,6.966220385495E-1,7.045840718657E-1,
7.085650885237E-1,7.125461051818E-1,7.165271218399E-1,7.205081384979E-1,
7.284701718140E-1,7.364322051302E-1,7.404132217882E-1,7.443942384463E-1,
7.483752551043E-1,7.523562717624E-1,7.603183050785E-1,7.682803383947E-1,
7.722613550527E-1,7.762423717108E-1,7.802233883688E-1,7.842044050269E-1,
7.921664383430E-1,8.001284716591E-1,8.041094883172E-1,8.080905049753E-1,
8.120715216333E-1,8.160525382914E-1,8.240145716075E-1,8.319766049236E-1,
8.359576215817E-1,8.399386382398E-1,8.439196548978E-1,8.479006715559E-1,
8.558627048720E-1,8.638247381881E-1,8.678057548462E-1,8.717867715043E-1,
8.757677881623E-1,8.797488048204E-1,8.877108381365E-1,8.956728714526E-1,
8.996538881107E-1,9.036349047687E-1,9.076159214268E-1,9.115969380849E-1,
9.195589714010E-1,9.275210047171E-1,9.315020213752E-1,9.354830380332E-1,
9.394640546913E-1,9.434450713494E-1,9.514071046655E-1,9.593691379816E-1,
9.633501546397E-1,9.673311712977E-1,9.713121879558E-1,9.752932046139E-1,
9.832552379300E-1,9.912172712461E-1,9.951982879042E-1,9.991793045622E-1,1.E0,
1.002923944466E0),.UNSPECIFIED.);
#4396=ORIENTED_EDGE('',*,*,#1954,.F.);
#4398=ORIENTED_EDGE('',*,*,#4397,.T.);
#4400=ORIENTED_EDGE('',*,*,#4399,.T.);
#4402=ORIENTED_EDGE('',*,*,#4401,.T.);
#4404=ORIENTED_EDGE('',*,*,#4403,.T.);
#4406=ORIENTED_EDGE('',*,*,#4405,.T.);
#4408=ORIENTED_EDGE('',*,*,#4407,.T.);
#4410=ORIENTED_EDGE('',*,*,#4409,.T.);
#4412=ORIENTED_EDGE('',*,*,#4411,.T.);
#4414=ORIENTED_EDGE('',*,*,#4413,.T.);
#4416=ORIENTED_EDGE('',*,*,#4415,.F.);
#4418=ORIENTED_EDGE('',*,*,#4417,.F.);
#4420=ORIENTED_EDGE('',*,*,#4419,.F.);
#4422=ORIENTED_EDGE('',*,*,#4421,.F.);
#4423=ORIENTED_EDGE('',*,*,#3605,.T.);
#4424=EDGE_LOOP('',(#4396,#4398,#4400,#4402,#4404,#4406,#4408,#4410,#4412,#4414,
#4416,#4418,#4420,#4422,#4423));
#4425=FACE_OUTER_BOUND('',#4424,.F.);
#4427=CARTESIAN_POINT('',(0.E0,0.E0,-1.127610255218E1));
#4428=DIRECTION('',(0.E0,0.E0,-1.E0));
#4429=DIRECTION('',(0.E0,1.E0,0.E0));
#4430=AXIS2_PLACEMENT_3D('',#4427,#4428,#4429);
#4431=CYLINDRICAL_SURFACE('',#4430,3.175E0);
#4432=ORIENTED_EDGE('',*,*,#4397,.F.);
#4433=ORIENTED_EDGE('',*,*,#1952,.T.);
#4434=ORIENTED_EDGE('',*,*,#2781,.F.);
#4436=ORIENTED_EDGE('',*,*,#4435,.T.);
#4437=EDGE_LOOP('',(#4432,#4433,#4434,#4436));
#4438=FACE_OUTER_BOUND('',#4437,.F.);
#4440=CARTESIAN_POINT('',(0.E0,0.E0,-1.127610255218E1));
#4441=DIRECTION('',(0.E0,0.E0,-1.E0));
#4442=DIRECTION('',(0.E0,1.E0,0.E0));
#4443=AXIS2_PLACEMENT_3D('',#4440,#4441,#4442);
#4444=CYLINDRICAL_SURFACE('',#4443,3.175E0);
#4445=ORIENTED_EDGE('',*,*,#4399,.F.);
#4446=ORIENTED_EDGE('',*,*,#4435,.F.);
#4447=ORIENTED_EDGE('',*,*,#2779,.F.);
#4449=ORIENTED_EDGE('',*,*,#4448,.T.);
#4450=EDGE_LOOP('',(#4445,#4446,#4447,#4449));
#4451=FACE_OUTER_BOUND('',#4450,.F.);
#4453=CARTESIAN_POINT('',(0.E0,0.E0,-1.127610255218E1));
#4454=DIRECTION('',(0.E0,0.E0,-1.E0));
#4455=DIRECTION('',(0.E0,1.E0,0.E0));
#4456=AXIS2_PLACEMENT_3D('',#4453,#4454,#4455);
#4457=CYLINDRICAL_SURFACE('',#4456,3.175E0);
#4458=ORIENTED_EDGE('',*,*,#4448,.F.);
#4459=ORIENTED_EDGE('',*,*,#2777,.F.);
#4461=ORIENTED_EDGE('',*,*,#4460,.T.);
#4462=ORIENTED_EDGE('',*,*,#4401,.F.);
#4463=EDGE_LOOP('',(#4458,#4459,#4461,#4462));
#4464=FACE_OUTER_BOUND('',#4463,.F.);
#4466=CARTESIAN_POINT('',(0.E0,0.E0,-1.127610255218E1));
#4467=DIRECTION('',(0.E0,0.E0,-1.E0));
#4468=DIRECTION('',(0.E0,1.E0,0.E0));
#4469=AXIS2_PLACEMENT_3D('',#4466,#4467,#4468);
#4470=CYLINDRICAL_SURFACE('',#4469,3.175E0);
#4471=ORIENTED_EDGE('',*,*,#4403,.F.);
#4472=ORIENTED_EDGE('',*,*,#4460,.F.);
#4473=ORIENTED_EDGE('',*,*,#2775,.F.);
#4475=ORIENTED_EDGE('',*,*,#4474,.T.);
#4476=EDGE_LOOP('',(#4471,#4472,#4473,#4475));
#4477=FACE_OUTER_BOUND('',#4476,.F.);
#4479=CARTESIAN_POINT('',(0.E0,0.E0,-1.127610255218E1));
#4480=DIRECTION('',(0.E0,0.E0,-1.E0));
#4481=DIRECTION('',(0.E0,1.E0,0.E0));
#4482=AXIS2_PLACEMENT_3D('',#4479,#4480,#4481);
#4483=CYLINDRICAL_SURFACE('',#4482,3.175E0);
#4484=ORIENTED_EDGE('',*,*,#4474,.F.);
#4485=ORIENTED_EDGE('',*,*,#2773,.F.);
#4487=ORIENTED_EDGE('',*,*,#4486,.T.);
#4488=ORIENTED_EDGE('',*,*,#4405,.F.);
#4489=EDGE_LOOP('',(#4484,#4485,#4487,#4488));
#4490=FACE_OUTER_BOUND('',#4489,.F.);
#4492=CARTESIAN_POINT('',(0.E0,0.E0,-1.127610255218E1));
#4493=DIRECTION('',(0.E0,0.E0,-1.E0));
#4494=DIRECTION('',(0.E0,1.E0,0.E0));
#4495=AXIS2_PLACEMENT_3D('',#4492,#4493,#4494);
#4496=CYLINDRICAL_SURFACE('',#4495,3.175E0);
#4497=ORIENTED_EDGE('',*,*,#4407,.F.);
#4498=ORIENTED_EDGE('',*,*,#4486,.F.);
#4499=ORIENTED_EDGE('',*,*,#2771,.F.);
#4501=ORIENTED_EDGE('',*,*,#4500,.T.);
#4502=EDGE_LOOP('',(#4497,#4498,#4499,#4501));
#4503=FACE_OUTER_BOUND('',#4502,.F.);
#4505=CARTESIAN_POINT('',(0.E0,0.E0,-1.127610255218E1));
#4506=DIRECTION('',(0.E0,0.E0,-1.E0));
#4507=DIRECTION('',(0.E0,1.E0,0.E0));
#4508=AXIS2_PLACEMENT_3D('',#4505,#4506,#4507);
#4509=CYLINDRICAL_SURFACE('',#4508,3.175E0);
#4510=ORIENTED_EDGE('',*,*,#4500,.F.);
#4511=ORIENTED_EDGE('',*,*,#2769,.F.);
#4513=ORIENTED_EDGE('',*,*,#4512,.T.);
#4514=ORIENTED_EDGE('',*,*,#4409,.F.);
#4515=EDGE_LOOP('',(#4510,#4511,#4513,#4514));
#4516=FACE_OUTER_BOUND('',#4515,.F.);
#4518=CARTESIAN_POINT('',(0.E0,0.E0,-1.127610255218E1));
#4519=DIRECTION('',(0.E0,0.E0,-1.E0));
#4520=DIRECTION('',(0.E0,1.E0,0.E0));
#4521=AXIS2_PLACEMENT_3D('',#4518,#4519,#4520);
#4522=CYLINDRICAL_SURFACE('',#4521,3.175E0);
#4523=ORIENTED_EDGE('',*,*,#4411,.F.);
#4524=ORIENTED_EDGE('',*,*,#4512,.F.);
#4525=ORIENTED_EDGE('',*,*,#2767,.F.);
#4527=ORIENTED_EDGE('',*,*,#4526,.T.);
#4528=EDGE_LOOP('',(#4523,#4524,#4525,#4527));
#4529=FACE_OUTER_BOUND('',#4528,.F.);
#4531=CARTESIAN_POINT('',(0.E0,0.E0,-1.127610255218E1));
#4532=DIRECTION('',(0.E0,0.E0,-1.E0));
#4533=DIRECTION('',(0.E0,1.E0,0.E0));
#4534=AXIS2_PLACEMENT_3D('',#4531,#4532,#4533);
#4535=CYLINDRICAL_SURFACE('',#4534,3.175E0);
#4536=ORIENTED_EDGE('',*,*,#4526,.F.);
#4537=ORIENTED_EDGE('',*,*,#2765,.F.);
#4539=ORIENTED_EDGE('',*,*,#4538,.T.);
#4540=ORIENTED_EDGE('',*,*,#4413,.F.);
#4541=EDGE_LOOP('',(#4536,#4537,#4539,#4540));
#4542=FACE_OUTER_BOUND('',#4541,.F.);
#4544=CARTESIAN_POINT('',(0.E0,0.E0,-1.127610255218E1));
#4545=DIRECTION('',(0.E0,0.E0,-1.E0));
#4546=DIRECTION('',(0.E0,1.E0,0.E0));
#4547=AXIS2_PLACEMENT_3D('',#4544,#4545,#4546);
#4548=CYLINDRICAL_SURFACE('',#4547,3.175E0);
#4549=ORIENTED_EDGE('',*,*,#4538,.F.);
#4550=ORIENTED_EDGE('',*,*,#2763,.F.);
#4552=ORIENTED_EDGE('',*,*,#4551,.F.);
#4554=ORIENTED_EDGE('',*,*,#4553,.T.);
#4555=ORIENTED_EDGE('',*,*,#4415,.T.);
#4556=EDGE_LOOP('',(#4549,#4550,#4552,#4554,#4555));
#4557=FACE_OUTER_BOUND('',#4556,.F.);
#4559=CARTESIAN_POINT('',(0.E0,0.E0,-4.431967986253E0));
#4560=DIRECTION('',(0.E0,0.E0,1.E0));
#4561=DIRECTION('',(0.E0,-1.E0,0.E0));
#4562=AXIS2_PLACEMENT_3D('',#4559,#4560,#4561);
#4563=CONICAL_SURFACE('',#4562,2.932542562497E0,6.E1);
#4565=ORIENTED_EDGE('',*,*,#4564,.F.);
#4567=ORIENTED_EDGE('',*,*,#4566,.F.);
#4568=ORIENTED_EDGE('',*,*,#4419,.T.);
#4569=ORIENTED_EDGE('',*,*,#4417,.T.);
#4570=ORIENTED_EDGE('',*,*,#4553,.F.);
#4571=ORIENTED_EDGE('',*,*,#4551,.T.);
#4572=ORIENTED_EDGE('',*,*,#2761,.T.);
#4573=ORIENTED_EDGE('',*,*,#3609,.T.);
#4575=ORIENTED_EDGE('',*,*,#4574,.T.);
#4576=EDGE_LOOP('',(#4565,#4567,#4568,#4569,#4570,#4571,#4572,#4573,#4575));
#4577=FACE_OUTER_BOUND('',#4576,.F.);
#4579=CARTESIAN_POINT('',(0.E0,0.E0,-1.127610255218E1));
#4580=DIRECTION('',(0.E0,0.E0,-1.E0));
#4581=DIRECTION('',(0.E0,1.E0,0.E0));
#4582=AXIS2_PLACEMENT_3D('',#4579,#4580,#4581);
#4583=CYLINDRICAL_SURFACE('',#4582,2.69E0);
#4585=ORIENTED_EDGE('',*,*,#4584,.T.);
#4586=ORIENTED_EDGE('',*,*,#4564,.T.);
#4588=ORIENTED_EDGE('',*,*,#4587,.T.);
#4590=ORIENTED_EDGE('',*,*,#4589,.T.);
#4591=EDGE_LOOP('',(#4585,#4586,#4588,#4590));
#4592=FACE_OUTER_BOUND('',#4591,.F.);
#4594=CARTESIAN_POINT('',(0.E0,0.E0,-1.127610255218E1));
#4595=DIRECTION('',(0.E0,0.E0,-1.E0));
#4596=DIRECTION('',(0.E0,1.E0,0.E0));
#4597=AXIS2_PLACEMENT_3D('',#4594,#4595,#4596);
#4598=CYLINDRICAL_SURFACE('',#4597,2.69E0);
#4599=ORIENTED_EDGE('',*,*,#4587,.F.);
#4601=ORIENTED_EDGE('',*,*,#4600,.T.);
#4602=ORIENTED_EDGE('',*,*,#4584,.F.);
#4604=ORIENTED_EDGE('',*,*,#4603,.T.);
#4605=EDGE_LOOP('',(#4599,#4601,#4602,#4604));
#4606=FACE_OUTER_BOUND('',#4605,.F.);
#4608=CARTESIAN_POINT('',(0.E0,0.E0,-4.468072668268E0));
#4609=DIRECTION('',(0.E0,0.E0,1.E0));
#4610=DIRECTION('',(0.E0,-1.E0,0.E0));
#4611=AXIS2_PLACEMENT_3D('',#4608,#4609,#4610);
#4612=CONICAL_SURFACE('',#4611,2.870007418855E0,6.E1);
#4613=ORIENTED_EDGE('',*,*,#4574,.F.);
#4614=ORIENTED_EDGE('',*,*,#3607,.T.);
#4615=ORIENTED_EDGE('',*,*,#4421,.T.);
#4616=ORIENTED_EDGE('',*,*,#4566,.T.);
#4617=ORIENTED_EDGE('',*,*,#4600,.F.);
#4618=EDGE_LOOP('',(#4613,#4614,#4615,#4616,#4617));
#4619=FACE_OUTER_BOUND('',#4618,.F.);
#4621=CARTESIAN_POINT('',(0.E0,0.E0,-7.87E0));
#4622=DIRECTION('',(0.E0,0.E0,-1.E0));
#4623=DIRECTION('',(0.E0,1.E0,0.E0));
#4624=AXIS2_PLACEMENT_3D('',#4621,#4622,#4623);
#4625=PLANE('',#4624);
#4627=ORIENTED_EDGE('',*,*,#4626,.T.);
#4629=ORIENTED_EDGE('',*,*,#4628,.F.);
#4631=ORIENTED_EDGE('',*,*,#4630,.T.);
#4633=ORIENTED_EDGE('',*,*,#4632,.F.);
#4635=ORIENTED_EDGE('',*,*,#4634,.T.);
#4637=ORIENTED_EDGE('',*,*,#4636,.F.);
#4639=ORIENTED_EDGE('',*,*,#4638,.T.);
#4641=ORIENTED_EDGE('',*,*,#4640,.F.);
#4642=EDGE_LOOP('',(#4627,#4629,#4631,#4633,#4635,#4637,#4639,#4641));
#4643=FACE_OUTER_BOUND('',#4642,.F.);
#4644=ORIENTED_EDGE('',*,*,#4589,.F.);
#4645=ORIENTED_EDGE('',*,*,#4603,.F.);
#4646=EDGE_LOOP('',(#4644,#4645));
#4647=FACE_BOUND('',#4646,.F.);
#4649=CARTESIAN_POINT('',(3.5E0,3.5E0,-7.87E0));
#4650=DIRECTION('',(0.E0,-1.E0,0.E0));
#4651=DIRECTION('',(1.E0,0.E0,0.E0));
#4652=AXIS2_PLACEMENT_3D('',#4649,#4650,#4651);
#4653=PLANE('',#4652);
#4655=ORIENTED_EDGE('',*,*,#4654,.T.);
#4657=ORIENTED_EDGE('',*,*,#4656,.T.);
#4659=ORIENTED_EDGE('',*,*,#4658,.F.);
#4661=ORIENTED_EDGE('',*,*,#4660,.F.);
#4663=ORIENTED_EDGE('',*,*,#4662,.T.);
#4665=ORIENTED_EDGE('',*,*,#4664,.T.);
#4666=ORIENTED_EDGE('',*,*,#4626,.F.);
#4668=ORIENTED_EDGE('',*,*,#4667,.T.);
#4669=EDGE_LOOP('',(#4655,#4657,#4659,#4661,#4663,#4665,#4666,#4668));
#4670=FACE_OUTER_BOUND('',#4669,.F.);
#4672=CARTESIAN_POINT('',(0.E0,0.E0,-9.79E0));
#4673=DIRECTION('',(0.E0,0.E0,-1.E0));
#4674=DIRECTION('',(0.E0,1.E0,0.E0));
#4675=AXIS2_PLACEMENT_3D('',#4672,#4673,#4674);
#4676=PLANE('',#4675);
#4678=ORIENTED_EDGE('',*,*,#4677,.F.);
#4680=ORIENTED_EDGE('',*,*,#4679,.F.);
#4682=ORIENTED_EDGE('',*,*,#4681,.F.);
#4684=ORIENTED_EDGE('',*,*,#4683,.F.);
#4686=ORIENTED_EDGE('',*,*,#4685,.F.);
#4687=ORIENTED_EDGE('',*,*,#4654,.F.);
#4689=ORIENTED_EDGE('',*,*,#4688,.F.);
#4690=EDGE_LOOP('',(#4678,#4680,#4682,#4684,#4686,#4687,#4689));
#4691=FACE_OUTER_BOUND('',#4690,.F.);
#4693=CARTESIAN_POINT('',(-3.5E0,3.5E0,-7.87E0));
#4694=DIRECTION('',(1.E0,0.E0,0.E0));
#4695=DIRECTION('',(0.E0,1.E0,0.E0));
#4696=AXIS2_PLACEMENT_3D('',#4693,#4694,#4695);
#4697=PLANE('',#4696);
#4698=ORIENTED_EDGE('',*,*,#4638,.F.);
#4700=ORIENTED_EDGE('',*,*,#4699,.T.);
#4702=ORIENTED_EDGE('',*,*,#4701,.T.);
#4704=ORIENTED_EDGE('',*,*,#4703,.T.);
#4706=ORIENTED_EDGE('',*,*,#4705,.F.);
#4708=ORIENTED_EDGE('',*,*,#4707,.F.);
#4709=ORIENTED_EDGE('',*,*,#4677,.T.);
#4711=ORIENTED_EDGE('',*,*,#4710,.T.);
#4712=EDGE_LOOP('',(#4698,#4700,#4702,#4704,#4706,#4708,#4709,#4711));
#4713=FACE_OUTER_BOUND('',#4712,.F.);
#4715=CARTESIAN_POINT('',(-3.246E0,-3.5E0,-7.87E0));
#4716=DIRECTION('',(7.071067811865E-1,7.071067811865E-1,0.E0));
#4717=DIRECTION('',(0.E0,0.E0,-1.E0));
#4718=AXIS2_PLACEMENT_3D('',#4715,#4716,#4717);
#4719=PLANE('',#4718);
#4720=ORIENTED_EDGE('',*,*,#4636,.T.);
#4722=ORIENTED_EDGE('',*,*,#4721,.F.);
#4724=ORIENTED_EDGE('',*,*,#4723,.T.);
#4725=ORIENTED_EDGE('',*,*,#4699,.F.);
#4726=EDGE_LOOP('',(#4720,#4722,#4724,#4725));
#4727=FACE_OUTER_BOUND('',#4726,.F.);
#4729=CARTESIAN_POINT('',(3.5E0,-3.5E0,-7.87E0));
#4730=DIRECTION('',(0.E0,1.E0,0.E0));
#4731=DIRECTION('',(-1.E0,0.E0,0.E0));
#4732=AXIS2_PLACEMENT_3D('',#4729,#4730,#4731);
#4733=PLANE('',#4732);
#4734=ORIENTED_EDGE('',*,*,#4634,.F.);
#4736=ORIENTED_EDGE('',*,*,#4735,.T.);
#4738=ORIENTED_EDGE('',*,*,#4737,.T.);
#4740=ORIENTED_EDGE('',*,*,#4739,.T.);
#4742=ORIENTED_EDGE('',*,*,#4741,.F.);
#4744=ORIENTED_EDGE('',*,*,#4743,.F.);
#4746=ORIENTED_EDGE('',*,*,#4745,.T.);
#4747=ORIENTED_EDGE('',*,*,#4721,.T.);
#4748=EDGE_LOOP('',(#4734,#4736,#4738,#4740,#4742,#4744,#4746,#4747));
#4749=FACE_OUTER_BOUND('',#4748,.F.);
#4751=CARTESIAN_POINT('',(3.5E0,-3.246E0,-7.87E0));
#4752=DIRECTION('',(-7.071067811865E-1,7.071067811865E-1,0.E0));
#4753=DIRECTION('',(0.E0,0.E0,-1.E0));
#4754=AXIS2_PLACEMENT_3D('',#4751,#4752,#4753);
#4755=PLANE('',#4754);
#4756=ORIENTED_EDGE('',*,*,#4632,.T.);
#4758=ORIENTED_EDGE('',*,*,#4757,.F.);
#4760=ORIENTED_EDGE('',*,*,#4759,.T.);
#4761=ORIENTED_EDGE('',*,*,#4735,.F.);
#4762=EDGE_LOOP('',(#4756,#4758,#4760,#4761));
#4763=FACE_OUTER_BOUND('',#4762,.F.);
#4765=CARTESIAN_POINT('',(3.5E0,3.5E0,-7.87E0));
#4766=DIRECTION('',(-1.E0,0.E0,0.E0));
#4767=DIRECTION('',(0.E0,-1.E0,0.E0));
#4768=AXIS2_PLACEMENT_3D('',#4765,#4766,#4767);
#4769=PLANE('',#4768);
#4771=ORIENTED_EDGE('',*,*,#4770,.T.);
#4773=ORIENTED_EDGE('',*,*,#4772,.T.);
#4775=ORIENTED_EDGE('',*,*,#4774,.F.);
#4777=ORIENTED_EDGE('',*,*,#4776,.F.);
#4779=ORIENTED_EDGE('',*,*,#4778,.T.);
#4780=ORIENTED_EDGE('',*,*,#4757,.T.);
#4781=ORIENTED_EDGE('',*,*,#4630,.F.);
#4783=ORIENTED_EDGE('',*,*,#4782,.T.);
#4784=EDGE_LOOP('',(#4771,#4773,#4775,#4777,#4779,#4780,#4781,#4783));
#4785=FACE_OUTER_BOUND('',#4784,.F.);
#4787=CARTESIAN_POINT('',(0.E0,0.E0,-9.79E0));
#4788=DIRECTION('',(0.E0,0.E0,-1.E0));
#4789=DIRECTION('',(0.E0,1.E0,0.E0));
#4790=AXIS2_PLACEMENT_3D('',#4787,#4788,#4789);
#4791=PLANE('',#4790);
#4792=ORIENTED_EDGE('',*,*,#4662,.F.);
#4794=ORIENTED_EDGE('',*,*,#4793,.F.);
#4796=ORIENTED_EDGE('',*,*,#4795,.F.);
#4798=ORIENTED_EDGE('',*,*,#4797,.F.);
#4800=ORIENTED_EDGE('',*,*,#4799,.F.);
#4801=ORIENTED_EDGE('',*,*,#4770,.F.);
#4803=ORIENTED_EDGE('',*,*,#4802,.F.);
#4804=EDGE_LOOP('',(#4792,#4794,#4796,#4798,#4800,#4801,#4803));
#4805=FACE_OUTER_BOUND('',#4804,.F.);
#4807=CARTESIAN_POINT('',(2.E0,2.E0,-9.4E0));
#4808=DIRECTION('',(1.E0,0.E0,0.E0));
#4809=DIRECTION('',(0.E0,1.E0,0.E0));
#4810=AXIS2_PLACEMENT_3D('',#4807,#4808,#4809);
#4811=PLANE('',#4810);
#4812=ORIENTED_EDGE('',*,*,#4793,.T.);
#4813=ORIENTED_EDGE('',*,*,#4660,.T.);
#4815=ORIENTED_EDGE('',*,*,#4814,.F.);
#4817=ORIENTED_EDGE('',*,*,#4816,.F.);
#4819=ORIENTED_EDGE('',*,*,#4818,.F.);
#4821=ORIENTED_EDGE('',*,*,#4820,.F.);
#4822=EDGE_LOOP('',(#4812,#4813,#4815,#4817,#4819,#4821));
#4823=FACE_OUTER_BOUND('',#4822,.F.);
#4825=CARTESIAN_POINT('',(0.E0,0.E0,-9.4E0));
#4826=DIRECTION('',(0.E0,0.E0,-1.E0));
#4827=DIRECTION('',(0.E0,1.E0,0.E0));
#4828=AXIS2_PLACEMENT_3D('',#4825,#4826,#4827);
#4829=PLANE('',#4828);
#4831=ORIENTED_EDGE('',*,*,#4830,.T.);
#4832=ORIENTED_EDGE('',*,*,#4705,.T.);
#4834=ORIENTED_EDGE('',*,*,#4833,.T.);
#4836=ORIENTED_EDGE('',*,*,#4835,.T.);
#4837=ORIENTED_EDGE('',*,*,#4741,.T.);
#4839=ORIENTED_EDGE('',*,*,#4838,.T.);
#4841=ORIENTED_EDGE('',*,*,#4840,.T.);
#4842=ORIENTED_EDGE('',*,*,#4774,.T.);
#4844=ORIENTED_EDGE('',*,*,#4843,.T.);
#4845=ORIENTED_EDGE('',*,*,#4814,.T.);
#4846=ORIENTED_EDGE('',*,*,#4658,.T.);
#4848=ORIENTED_EDGE('',*,*,#4847,.T.);
#4849=EDGE_LOOP('',(#4831,#4832,#4834,#4836,#4837,#4839,#4841,#4842,#4844,#4845,
#4846,#4848));
#4850=FACE_OUTER_BOUND('',#4849,.F.);
#4852=ORIENTED_EDGE('',*,*,#4851,.F.);
#4854=ORIENTED_EDGE('',*,*,#4853,.F.);
#4855=EDGE_LOOP('',(#4852,#4854));
#4856=FACE_BOUND('',#4855,.F.);
#4858=CARTESIAN_POINT('',(0.E0,0.E0,-1.539605122421E1));
#4859=DIRECTION('',(0.E0,0.E0,1.E0));
#4860=DIRECTION('',(0.E0,-1.E0,0.E0));
#4861=AXIS2_PLACEMENT_3D('',#4858,#4859,#4860);
#4862=CYLINDRICAL_SURFACE('',#4861,6.35E-1);
#4864=ORIENTED_EDGE('',*,*,#4863,.T.);
#4866=ORIENTED_EDGE('',*,*,#4865,.F.);
#4868=ORIENTED_EDGE('',*,*,#4867,.T.);
#4869=ORIENTED_EDGE('',*,*,#4851,.T.);
#4870=EDGE_LOOP('',(#4864,#4866,#4868,#4869));
#4871=FACE_OUTER_BOUND('',#4870,.F.);
#4873=CARTESIAN_POINT('',(0.E0,0.E0,-1.539605122421E1));
#4874=DIRECTION('',(0.E0,0.E0,1.E0));
#4875=DIRECTION('',(0.E0,-1.E0,0.E0));
#4876=AXIS2_PLACEMENT_3D('',#4873,#4874,#4875);
#4877=CYLINDRICAL_SURFACE('',#4876,6.35E-1);
#4878=ORIENTED_EDGE('',*,*,#4867,.F.);
#4880=ORIENTED_EDGE('',*,*,#4879,.F.);
#4881=ORIENTED_EDGE('',*,*,#4863,.F.);
#4882=ORIENTED_EDGE('',*,*,#4853,.T.);
#4883=EDGE_LOOP('',(#4878,#4880,#4881,#4882));
#4884=FACE_OUTER_BOUND('',#4883,.F.);
#4886=CARTESIAN_POINT('',(0.E0,0.E0,-1.3219E1));
#4887=DIRECTION('',(0.E0,0.E0,-1.E0));
#4888=DIRECTION('',(0.E0,1.E0,0.E0));
#4889=AXIS2_PLACEMENT_3D('',#4886,#4887,#4888);
#4890=PLANE('',#4889);
#4891=ORIENTED_EDGE('',*,*,#4879,.T.);
#4892=ORIENTED_EDGE('',*,*,#4865,.T.);
#4893=EDGE_LOOP('',(#4891,#4892));
#4894=FACE_OUTER_BOUND('',#4893,.F.);
#4896=CARTESIAN_POINT('',(-2.E0,2.E0,-9.4E0));
#4897=DIRECTION('',(0.E0,1.E0,0.E0));
#4898=DIRECTION('',(-1.E0,0.E0,0.E0));
#4899=AXIS2_PLACEMENT_3D('',#4896,#4897,#4898);
#4900=PLANE('',#4899);
#4901=ORIENTED_EDGE('',*,*,#4679,.T.);
#4902=ORIENTED_EDGE('',*,*,#4707,.T.);
#4903=ORIENTED_EDGE('',*,*,#4830,.F.);
#4905=ORIENTED_EDGE('',*,*,#4904,.F.);
#4907=ORIENTED_EDGE('',*,*,#4906,.F.);
#4909=ORIENTED_EDGE('',*,*,#4908,.F.);
#4910=EDGE_LOOP('',(#4901,#4902,#4903,#4905,#4907,#4909));
#4911=FACE_OUTER_BOUND('',#4910,.F.);
#4913=CARTESIAN_POINT('',(-2.E0,2.E0,-9.4E0));
#4914=DIRECTION('',(-1.E0,0.E0,0.E0));
#4915=DIRECTION('',(0.E0,-1.E0,0.E0));
#4916=AXIS2_PLACEMENT_3D('',#4913,#4914,#4915);
#4917=PLANE('',#4916);
#4918=ORIENTED_EDGE('',*,*,#4904,.T.);
#4919=ORIENTED_EDGE('',*,*,#4847,.F.);
#4920=ORIENTED_EDGE('',*,*,#4656,.F.);
#4921=ORIENTED_EDGE('',*,*,#4685,.T.);
#4923=ORIENTED_EDGE('',*,*,#4922,.T.);
#4925=ORIENTED_EDGE('',*,*,#4924,.F.);
#4926=EDGE_LOOP('',(#4918,#4919,#4920,#4921,#4923,#4925));
#4927=FACE_OUTER_BOUND('',#4926,.F.);
#4929=CARTESIAN_POINT('',(-2.E0,3.04E0,-1.36E1));
#4930=DIRECTION('',(0.E0,-1.E0,0.E0));
#4931=DIRECTION('',(1.E0,0.E0,0.E0));
#4932=AXIS2_PLACEMENT_3D('',#4929,#4930,#4931);
#4933=PLANE('',#4932);
#4934=ORIENTED_EDGE('',*,*,#4683,.T.);
#4936=ORIENTED_EDGE('',*,*,#4935,.T.);
#4938=ORIENTED_EDGE('',*,*,#4937,.F.);
#4939=ORIENTED_EDGE('',*,*,#4922,.F.);
#4940=EDGE_LOOP('',(#4934,#4936,#4938,#4939));
#4941=FACE_OUTER_BOUND('',#4940,.F.);
#4943=CARTESIAN_POINT('',(-3.04E0,3.04E0,-1.36E1));
#4944=DIRECTION('',(1.E0,0.E0,0.E0));
#4945=DIRECTION('',(0.E0,1.E0,0.E0));
#4946=AXIS2_PLACEMENT_3D('',#4943,#4944,#4945);
#4947=PLANE('',#4946);
#4948=ORIENTED_EDGE('',*,*,#4681,.T.);
#4949=ORIENTED_EDGE('',*,*,#4908,.T.);
#4951=ORIENTED_EDGE('',*,*,#4950,.F.);
#4952=ORIENTED_EDGE('',*,*,#4935,.F.);
#4953=EDGE_LOOP('',(#4948,#4949,#4951,#4952));
#4954=FACE_OUTER_BOUND('',#4953,.F.);
#4956=CARTESIAN_POINT('',(0.E0,0.E0,-1.36E1));
#4957=DIRECTION('',(0.E0,0.E0,-1.E0));
#4958=DIRECTION('',(0.E0,1.E0,0.E0));
#4959=AXIS2_PLACEMENT_3D('',#4956,#4957,#4958);
#4960=PLANE('',#4959);
#4961=ORIENTED_EDGE('',*,*,#4924,.T.);
#4962=ORIENTED_EDGE('',*,*,#4937,.T.);
#4963=ORIENTED_EDGE('',*,*,#4950,.T.);
#4964=ORIENTED_EDGE('',*,*,#4906,.T.);
#4965=EDGE_LOOP('',(#4961,#4962,#4963,#4964));
#4966=FACE_OUTER_BOUND('',#4965,.F.);
#4968=CARTESIAN_POINT('',(-2.E0,-2.E0,-9.4E0));
#4969=DIRECTION('',(0.E0,-1.E0,0.E0));
#4970=DIRECTION('',(1.E0,0.E0,0.E0));
#4971=AXIS2_PLACEMENT_3D('',#4968,#4969,#4970);
#4972=PLANE('',#4971);
#4974=ORIENTED_EDGE('',*,*,#4973,.T.);
#4975=ORIENTED_EDGE('',*,*,#4833,.F.);
#4976=ORIENTED_EDGE('',*,*,#4703,.F.);
#4978=ORIENTED_EDGE('',*,*,#4977,.T.);
#4980=ORIENTED_EDGE('',*,*,#4979,.T.);
#4982=ORIENTED_EDGE('',*,*,#4981,.F.);
#4983=EDGE_LOOP('',(#4974,#4975,#4976,#4978,#4980,#4982));
#4984=FACE_OUTER_BOUND('',#4983,.F.);
#4986=CARTESIAN_POINT('',(-2.E0,-2.E0,-9.4E0));
#4987=DIRECTION('',(-1.E0,0.E0,0.E0));
#4988=DIRECTION('',(0.E0,-1.E0,0.E0));
#4989=AXIS2_PLACEMENT_3D('',#4986,#4987,#4988);
#4990=PLANE('',#4989);
#4992=ORIENTED_EDGE('',*,*,#4991,.T.);
#4993=ORIENTED_EDGE('',*,*,#4743,.T.);
#4994=ORIENTED_EDGE('',*,*,#4835,.F.);
#4995=ORIENTED_EDGE('',*,*,#4973,.F.);
#4997=ORIENTED_EDGE('',*,*,#4996,.F.);
#4999=ORIENTED_EDGE('',*,*,#4998,.F.);
#5000=EDGE_LOOP('',(#4992,#4993,#4994,#4995,#4997,#4999));
#5001=FACE_OUTER_BOUND('',#5000,.F.);
#5003=CARTESIAN_POINT('',(0.E0,0.E0,-9.79E0));
#5004=DIRECTION('',(0.E0,0.E0,-1.E0));
#5005=DIRECTION('',(0.E0,1.E0,0.E0));
#5006=AXIS2_PLACEMENT_3D('',#5003,#5004,#5005);
#5007=PLANE('',#5006);
#5008=ORIENTED_EDGE('',*,*,#4745,.F.);
#5009=ORIENTED_EDGE('',*,*,#4991,.F.);
#5011=ORIENTED_EDGE('',*,*,#5010,.F.);
#5013=ORIENTED_EDGE('',*,*,#5012,.F.);
#5014=ORIENTED_EDGE('',*,*,#4977,.F.);
#5015=ORIENTED_EDGE('',*,*,#4701,.F.);
#5016=ORIENTED_EDGE('',*,*,#4723,.F.);
#5017=EDGE_LOOP('',(#5008,#5009,#5011,#5013,#5014,#5015,#5016));
#5018=FACE_OUTER_BOUND('',#5017,.F.);
#5020=CARTESIAN_POINT('',(-2.E0,-3.04E0,-1.36E1));
#5021=DIRECTION('',(0.E0,1.E0,0.E0));
#5022=DIRECTION('',(-1.E0,0.E0,0.E0));
#5023=AXIS2_PLACEMENT_3D('',#5020,#5021,#5022);
#5024=PLANE('',#5023);
#5025=ORIENTED_EDGE('',*,*,#5010,.T.);
#5026=ORIENTED_EDGE('',*,*,#4998,.T.);
#5028=ORIENTED_EDGE('',*,*,#5027,.F.);
#5030=ORIENTED_EDGE('',*,*,#5029,.F.);
#5031=EDGE_LOOP('',(#5025,#5026,#5028,#5030));
#5032=FACE_OUTER_BOUND('',#5031,.F.);
#5034=CARTESIAN_POINT('',(0.E0,0.E0,-1.36E1));
#5035=DIRECTION('',(0.E0,0.E0,-1.E0));
#5036=DIRECTION('',(0.E0,1.E0,0.E0));
#5037=AXIS2_PLACEMENT_3D('',#5034,#5035,#5036);
#5038=PLANE('',#5037);
#5039=ORIENTED_EDGE('',*,*,#5027,.T.);
#5040=ORIENTED_EDGE('',*,*,#4996,.T.);
#5041=ORIENTED_EDGE('',*,*,#4981,.T.);
#5043=ORIENTED_EDGE('',*,*,#5042,.T.);
#5044=EDGE_LOOP('',(#5039,#5040,#5041,#5043));
#5045=FACE_OUTER_BOUND('',#5044,.F.);
#5047=CARTESIAN_POINT('',(-3.04E0,-3.04E0,-1.36E1));
#5048=DIRECTION('',(1.E0,0.E0,0.E0));
#5049=DIRECTION('',(0.E0,1.E0,0.E0));
#5050=AXIS2_PLACEMENT_3D('',#5047,#5048,#5049);
#5051=PLANE('',#5050);
#5052=ORIENTED_EDGE('',*,*,#5012,.T.);
#5053=ORIENTED_EDGE('',*,*,#5029,.T.);
#5054=ORIENTED_EDGE('',*,*,#5042,.F.);
#5055=ORIENTED_EDGE('',*,*,#4979,.F.);
#5056=EDGE_LOOP('',(#5052,#5053,#5054,#5055));
#5057=FACE_OUTER_BOUND('',#5056,.F.);
#5059=CARTESIAN_POINT('',(2.E0,-2.E0,-9.4E0));
#5060=DIRECTION('',(1.E0,0.E0,0.E0));
#5061=DIRECTION('',(0.E0,1.E0,0.E0));
#5062=AXIS2_PLACEMENT_3D('',#5059,#5060,#5061);
#5063=PLANE('',#5062);
#5065=ORIENTED_EDGE('',*,*,#5064,.T.);
#5066=ORIENTED_EDGE('',*,*,#4838,.F.);
#5067=ORIENTED_EDGE('',*,*,#4739,.F.);
#5069=ORIENTED_EDGE('',*,*,#5068,.T.);
#5071=ORIENTED_EDGE('',*,*,#5070,.T.);
#5073=ORIENTED_EDGE('',*,*,#5072,.F.);
#5074=EDGE_LOOP('',(#5065,#5066,#5067,#5069,#5071,#5073));
#5075=FACE_OUTER_BOUND('',#5074,.F.);
#5077=CARTESIAN_POINT('',(2.E0,-2.E0,-9.4E0));
#5078=DIRECTION('',(0.E0,-1.E0,0.E0));
#5079=DIRECTION('',(1.E0,0.E0,0.E0));
#5080=AXIS2_PLACEMENT_3D('',#5077,#5078,#5079);
#5081=PLANE('',#5080);
#5083=ORIENTED_EDGE('',*,*,#5082,.T.);
#5084=ORIENTED_EDGE('',*,*,#4776,.T.);
#5085=ORIENTED_EDGE('',*,*,#4840,.F.);
#5086=ORIENTED_EDGE('',*,*,#5064,.F.);
#5088=ORIENTED_EDGE('',*,*,#5087,.F.);
#5090=ORIENTED_EDGE('',*,*,#5089,.F.);
#5091=EDGE_LOOP('',(#5083,#5084,#5085,#5086,#5088,#5090));
#5092=FACE_OUTER_BOUND('',#5091,.F.);
#5094=CARTESIAN_POINT('',(0.E0,0.E0,-9.79E0));
#5095=DIRECTION('',(0.E0,0.E0,-1.E0));
#5096=DIRECTION('',(0.E0,1.E0,0.E0));
#5097=AXIS2_PLACEMENT_3D('',#5094,#5095,#5096);
#5098=PLANE('',#5097);
#5099=ORIENTED_EDGE('',*,*,#4778,.F.);
#5100=ORIENTED_EDGE('',*,*,#5082,.F.);
#5102=ORIENTED_EDGE('',*,*,#5101,.F.);
#5104=ORIENTED_EDGE('',*,*,#5103,.F.);
#5105=ORIENTED_EDGE('',*,*,#5068,.F.);
#5106=ORIENTED_EDGE('',*,*,#4737,.F.);
#5107=ORIENTED_EDGE('',*,*,#4759,.F.);
#5108=EDGE_LOOP('',(#5099,#5100,#5102,#5104,#5105,#5106,#5107));
#5109=FACE_OUTER_BOUND('',#5108,.F.);
#5111=CARTESIAN_POINT('',(3.04E0,-3.04E0,-1.36E1));
#5112=DIRECTION('',(-1.E0,0.E0,0.E0));
#5113=DIRECTION('',(0.E0,-1.E0,0.E0));
#5114=AXIS2_PLACEMENT_3D('',#5111,#5112,#5113);
#5115=PLANE('',#5114);
#5116=ORIENTED_EDGE('',*,*,#5101,.T.);
#5117=ORIENTED_EDGE('',*,*,#5089,.T.);
#5119=ORIENTED_EDGE('',*,*,#5118,.F.);
#5121=ORIENTED_EDGE('',*,*,#5120,.F.);
#5122=EDGE_LOOP('',(#5116,#5117,#5119,#5121));
#5123=FACE_OUTER_BOUND('',#5122,.F.);
#5125=CARTESIAN_POINT('',(0.E0,0.E0,-1.36E1));
#5126=DIRECTION('',(0.E0,0.E0,-1.E0));
#5127=DIRECTION('',(0.E0,1.E0,0.E0));
#5128=AXIS2_PLACEMENT_3D('',#5125,#5126,#5127);
#5129=PLANE('',#5128);
#5130=ORIENTED_EDGE('',*,*,#5072,.T.);
#5132=ORIENTED_EDGE('',*,*,#5131,.T.);
#5133=ORIENTED_EDGE('',*,*,#5118,.T.);
#5134=ORIENTED_EDGE('',*,*,#5087,.T.);
#5135=EDGE_LOOP('',(#5130,#5132,#5133,#5134));
#5136=FACE_OUTER_BOUND('',#5135,.F.);
#5138=CARTESIAN_POINT('',(2.E0,-3.04E0,-1.36E1));
#5139=DIRECTION('',(0.E0,1.E0,0.E0));
#5140=DIRECTION('',(-1.E0,0.E0,0.E0));
#5141=AXIS2_PLACEMENT_3D('',#5138,#5139,#5140);
#5142=PLANE('',#5141);
#5143=ORIENTED_EDGE('',*,*,#5103,.T.);
#5144=ORIENTED_EDGE('',*,*,#5120,.T.);
#5145=ORIENTED_EDGE('',*,*,#5131,.F.);
#5146=ORIENTED_EDGE('',*,*,#5070,.F.);
#5147=EDGE_LOOP('',(#5143,#5144,#5145,#5146));
#5148=FACE_OUTER_BOUND('',#5147,.F.);
#5150=CARTESIAN_POINT('',(2.E0,2.E0,-9.4E0));
#5151=DIRECTION('',(0.E0,1.E0,0.E0));
#5152=DIRECTION('',(-1.E0,0.E0,0.E0));
#5153=AXIS2_PLACEMENT_3D('',#5150,#5151,#5152);
#5154=PLANE('',#5153);
#5155=ORIENTED_EDGE('',*,*,#4816,.T.);
#5156=ORIENTED_EDGE('',*,*,#4843,.F.);
#5157=ORIENTED_EDGE('',*,*,#4772,.F.);
#5158=ORIENTED_EDGE('',*,*,#4799,.T.);
#5160=ORIENTED_EDGE('',*,*,#5159,.T.);
#5162=ORIENTED_EDGE('',*,*,#5161,.F.);
#5163=EDGE_LOOP('',(#5155,#5156,#5157,#5158,#5160,#5162));
#5164=FACE_OUTER_BOUND('',#5163,.F.);
#5166=CARTESIAN_POINT('',(3.04E0,3.04E0,-1.36E1));
#5167=DIRECTION('',(-1.E0,0.E0,0.E0));
#5168=DIRECTION('',(0.E0,-1.E0,0.E0));
#5169=AXIS2_PLACEMENT_3D('',#5166,#5167,#5168);
#5170=PLANE('',#5169);
#5171=ORIENTED_EDGE('',*,*,#4797,.T.);
#5173=ORIENTED_EDGE('',*,*,#5172,.T.);
#5175=ORIENTED_EDGE('',*,*,#5174,.F.);
#5176=ORIENTED_EDGE('',*,*,#5159,.F.);
#5177=EDGE_LOOP('',(#5171,#5173,#5175,#5176));
#5178=FACE_OUTER_BOUND('',#5177,.F.);
#5180=CARTESIAN_POINT('',(2.E0,3.04E0,-1.36E1));
#5181=DIRECTION('',(0.E0,-1.E0,0.E0));
#5182=DIRECTION('',(1.E0,0.E0,0.E0));
#5183=AXIS2_PLACEMENT_3D('',#5180,#5181,#5182);
#5184=PLANE('',#5183);
#5185=ORIENTED_EDGE('',*,*,#4795,.T.);
#5186=ORIENTED_EDGE('',*,*,#4820,.T.);
#5188=ORIENTED_EDGE('',*,*,#5187,.F.);
#5189=ORIENTED_EDGE('',*,*,#5172,.F.);
#5190=EDGE_LOOP('',(#5185,#5186,#5188,#5189));
#5191=FACE_OUTER_BOUND('',#5190,.F.);
#5193=CARTESIAN_POINT('',(0.E0,0.E0,-1.36E1));
#5194=DIRECTION('',(0.E0,0.E0,-1.E0));
#5195=DIRECTION('',(0.E0,1.E0,0.E0));
#5196=AXIS2_PLACEMENT_3D('',#5193,#5194,#5195);
#5197=PLANE('',#5196);
#5198=ORIENTED_EDGE('',*,*,#5187,.T.);
#5199=ORIENTED_EDGE('',*,*,#4818,.T.);
#5200=ORIENTED_EDGE('',*,*,#5161,.T.);
#5201=ORIENTED_EDGE('',*,*,#5174,.T.);
#5202=EDGE_LOOP('',(#5198,#5199,#5200,#5201));
#5203=FACE_OUTER_BOUND('',#5202,.F.);
#5205=CARTESIAN_POINT('',(3.246E0,3.5E0,-7.87E0));
#5206=DIRECTION('',(-7.071067811865E-1,-7.071067811865E-1,0.E0));
#5207=DIRECTION('',(0.E0,0.E0,-1.E0));
#5208=AXIS2_PLACEMENT_3D('',#5205,#5206,#5207);
#5209=PLANE('',#5208);
#5210=ORIENTED_EDGE('',*,*,#4628,.T.);
#5211=ORIENTED_EDGE('',*,*,#4664,.F.);
#5212=ORIENTED_EDGE('',*,*,#4802,.T.);
#5213=ORIENTED_EDGE('',*,*,#4782,.F.);
#5214=EDGE_LOOP('',(#5210,#5211,#5212,#5213));
#5215=FACE_OUTER_BOUND('',#5214,.F.);
#5217=CARTESIAN_POINT('',(-3.5E0,3.246E0,-7.87E0));
#5218=DIRECTION('',(7.071067811865E-1,-7.071067811865E-1,0.E0));
#5219=DIRECTION('',(0.E0,0.E0,-1.E0));
#5220=AXIS2_PLACEMENT_3D('',#5217,#5218,#5219);
#5221=PLANE('',#5220);
#5222=ORIENTED_EDGE('',*,*,#4640,.T.);
#5223=ORIENTED_EDGE('',*,*,#4710,.F.);
#5224=ORIENTED_EDGE('',*,*,#4688,.T.);
#5225=ORIENTED_EDGE('',*,*,#4667,.F.);
#5226=EDGE_LOOP('',(#5222,#5223,#5224,#5225));
#5227=FACE_OUTER_BOUND('',#5226,.F.);
#5229=CARTESIAN_POINT('',(0.E0,0.E0,1.414213562373E0));
#5230=DIRECTION('',(0.E0,0.E0,-1.E0));
#5231=DIRECTION('',(0.E0,1.E0,0.E0));
#5232=AXIS2_PLACEMENT_3D('',#5229,#5230,#5231);
#5233=CYLINDRICAL_SURFACE('',#5232,5.E-1);
#5235=ORIENTED_EDGE('',*,*,#5234,.T.);
#5237=ORIENTED_EDGE('',*,*,#5236,.F.);
#5239=ORIENTED_EDGE('',*,*,#5238,.T.);
#5240=ORIENTED_EDGE('',*,*,#1877,.T.);
#5241=EDGE_LOOP('',(#5235,#5237,#5239,#5240));
#5242=FACE_OUTER_BOUND('',#5241,.F.);
#5244=CARTESIAN_POINT('',(0.E0,0.E0,1.414213562373E0));
#5245=DIRECTION('',(0.E0,0.E0,-1.E0));
#5246=DIRECTION('',(0.E0,1.E0,0.E0));
#5247=AXIS2_PLACEMENT_3D('',#5244,#5245,#5246);
#5248=CYLINDRICAL_SURFACE('',#5247,5.E-1);
#5249=ORIENTED_EDGE('',*,*,#5238,.F.);
#5251=ORIENTED_EDGE('',*,*,#5250,.F.);
#5252=ORIENTED_EDGE('',*,*,#5234,.F.);
#5253=ORIENTED_EDGE('',*,*,#1879,.T.);
#5254=EDGE_LOOP('',(#5249,#5251,#5252,#5253));
#5255=FACE_OUTER_BOUND('',#5254,.F.);
#5257=CARTESIAN_POINT('',(0.E0,0.E0,0.E0));
#5258=DIRECTION('',(0.E0,0.E0,1.E0));
#5259=DIRECTION('',(0.E0,-1.E0,0.E0));
#5260=AXIS2_PLACEMENT_3D('',#5257,#5258,#5259);
#5261=PLANE('',#5260);
#5262=ORIENTED_EDGE('',*,*,#5250,.T.);
#5263=ORIENTED_EDGE('',*,*,#5236,.T.);
#5264=EDGE_LOOP('',(#5262,#5263));
#5265=FACE_OUTER_BOUND('',#5264,.F.);
#5271=PLANE_ANGLE_MEASURE_WITH_UNIT(PLANE_ANGLE_MEASURE(1.745329251994E-2),
#5270);
#5272=(CONVERSION_BASED_UNIT('DEGREE',#5271)NAMED_UNIT(*)PLANE_ANGLE_UNIT());
#5274=UNCERTAINTY_MEASURE_WITH_UNIT(LENGTH_MEASURE(1.121783336358E-3),#5269,
'distance_accuracy_value',
'Maximum model space distance between geometric entities at asserted connectivities');
#5277=APPLICATION_CONTEXT('automotive_design');
#5278=APPLICATION_PROTOCOL_DEFINITION('international standard',
'automotive_design',2001,#5277);
#5279=PRODUCT_DEFINITION_CONTEXT('part definition',#5277,'design');
#5280=PRODUCT_CONTEXT('',#5277,'mechanical');
#5281=PRODUCT('C-CONREVSMA001-G','C-CONREVSMA001-G','NOT SPECIFIED',(#5280));
#5282=PRODUCT_DEFINITION_FORMATION('1','LAST_VERSION',#5281);
#5290=DERIVED_UNIT_ELEMENT(#5289,2.E0);
#5291=DERIVED_UNIT((#5290));
#5292=MEASURE_REPRESENTATION_ITEM('surface area measure',AREA_MEASURE(
4.573113938372E2),#5291);
#5297=DERIVED_UNIT_ELEMENT(#5296,3.E0);
#5298=DERIVED_UNIT((#5297));
#5299=MEASURE_REPRESENTATION_ITEM('volume measure',VOLUME_MEASURE(
2.562753580130E2),#5298);
#5303=CARTESIAN_POINT('centre point',(-4.019225715788E-4,8.462178544468E-4,
-6.347272859377E0));
#5308=DERIVED_UNIT_ELEMENT(#5307,2.E0);
#5309=DERIVED_UNIT((#5308));
#5310=MEASURE_REPRESENTATION_ITEM('surface area measure',AREA_MEASURE(
4.573113938372E2),#5309);
#5315=DERIVED_UNIT_ELEMENT(#5314,3.E0);
#5316=DERIVED_UNIT((#5315));
#5317=MEASURE_REPRESENTATION_ITEM('volume measure',VOLUME_MEASURE(
2.562753580130E2),#5316);
#5321=CARTESIAN_POINT('centre point',(-4.019225715788E-4,8.462178544468E-4,
-6.347272859377E0));
#5326=PRODUCT_RELATED_PRODUCT_CATEGORY('part','',(#5281));
#1=DRAUGHTING_PRE_DEFINED_COLOUR('black');
#2=COLOUR_RGB('',0.E0,0.E0,3.6E-1);
#3=COLOUR_RGB('',0.E0,0.E0,4.8E-1);
#4=DRAUGHTING_PRE_DEFINED_COLOUR('blue');
#5=COLOUR_RGB('',0.E0,5.8824E-2,4.58824E-1);
#6=COLOUR_RGB('',0.E0,1.80392E-1,4.78431E-1);
#7=COLOUR_RGB('',0.E0,3.6E-1,9.E-2);
#8=COLOUR_RGB('',0.E0,3.6E-1,2.7E-1);
#9=COLOUR_RGB('',0.E0,5.6E-1,6.4E-1);
#10=COLOUR_RGB('',0.E0,5.8E-1,8.E-1);
#11=COLOUR_RGB('',0.E0,7.1E-1,6.6E-1);
#12=COLOUR_RGB('',0.E0,7.13E-1,0.E0);
#13=COLOUR_RGB('',0.E0,9.5E-1,8.4E-1);
#14=DRAUGHTING_PRE_DEFINED_COLOUR('green');
#15=DRAUGHTING_PRE_DEFINED_COLOUR('cyan');
#16=COLOUR_RGB('',1.1765E-2,1.9608E-2,3.9216E-2);
#17=COLOUR_RGB('',4.E-2,0.E0,1.6E-1);
#18=COLOUR_RGB('',3.9216E-2,2.19608E-1,1.21569E-1);
#19=COLOUR_RGB('',3.9216E-2,3.60784E-1,2.E-1);
#20=COLOUR_RGB('',5.098E-2,7.0588E-2,1.01961E-1);
#21=COLOUR_RGB('',9.E-2,0.E0,1.2E-1);
#22=COLOUR_RGB('',9.0196E-2,1.60784E-1,1.09804E-1);
#23=COLOUR_RGB('',9.0196E-2,3.80392E-1,6.70588E-1);
#24=COLOUR_RGB('',1.E-1,0.E0,2.5E-1);
#25=COLOUR_RGB('',1.01961E-1,4.78431E-1,3.88235E-1);
#26=COLOUR_RGB('',1.09804E-1,1.4902E-1,9.0196E-2);
#27=COLOUR_RGB('',1.4902E-1,3.09804E-1,5.29412E-1);
#28=COLOUR_RGB('',1.4902E-1,4.E-1,1.60784E-1);
#29=COLOUR_RGB('',1.6E-1,3.2E-2,0.E0);
#30=COLOUR_RGB('',1.60784E-1,4.5098E-1,7.21569E-1);
#31=COLOUR_RGB('',1.6E-1,4.6E-1,6.5E-1);
#32=COLOUR_RGB('',1.6E-1,1.E0,1.6E-1);
#33=COLOUR_RGB('',2.E-1,3.2E-2,0.E0);
#34=COLOUR_RGB('',2.11765E-1,4.11765E-1,1.4902E-1);
#35=COLOUR_RGB('',2.39216E-1,2.39216E-1,2.31373E-1);
#36=COLOUR_RGB('',2.39216E-1,2.70588E-1,1.80392E-1);
#37=COLOUR_RGB('',2.5098E-1,2.90196E-1,3.29412E-1);
#38=COLOUR_RGB('',2.90196E-1,4.31373E-1,2.E-1);
#39=COLOUR_RGB('',3.1E-1,3.1E-1,5.6E-1);
#40=COLOUR_RGB('',3.09804E-1,6.58824E-1,2.E-1);
#41=COLOUR_RGB('',3.2E-1,1.5E-1,0.E0);
#42=COLOUR_RGB('',3.60784E-1,3.1373E-2,1.68627E-1);
#43=COLOUR_RGB('',3.68627E-1,2.E-1,1.21569E-1);
#44=COLOUR_RGB('',3.88235E-1,2.39216E-1,6.11765E-1);
#45=COLOUR_RGB('',4.E-1,4.E-1,4.E-1);
#46=COLOUR_RGB('',4.11765E-1,5.8824E-2,7.8431E-2);
#47=COLOUR_RGB('',4.11765E-1,3.29412E-1,2.19608E-1);
#48=COLOUR_RGB('',4.2E-1,4.2E-1,1.E0);
#49=COLOUR_RGB('',4.4E-1,8.5E-1,1.E0);
#50=COLOUR_RGB('',4.58824E-1,4.5098E-1,3.09804E-1);
#51=COLOUR_RGB('',4.705882352941E-1,1.960784313725E-1,1.E0);
#52=COLOUR_RGB('',4.70588E-1,5.09804E-1,5.4902E-1);
#53=COLOUR_RGB('',4.78431E-1,4.90196E-1,4.58824E-1);
#54=COLOUR_RGB('',4.90196E-1,3.60784E-1,2.19608E-1);
#55=COLOUR_RGB('',4.9E-1,4.9E-1,0.E0);
#56=COLOUR_RGB('',4.9E-1,1.E0,0.E0);
#57=COLOUR_RGB('',5.E-1,0.E0,0.E0);
#58=COLOUR_RGB('',5.E-1,0.E0,2.3E-1);
#59=COLOUR_RGB('',5.E-1,5.E-1,5.E-1);
#60=COLOUR_RGB('',5.21569E-1,2.19608E-1,1.68627E-1);
#61=COLOUR_RGB('',5.3E-1,0.E0,0.E0);
#62=COLOUR_RGB('',5.29412E-1,5.80392E-1,6.5098E-1);
#63=COLOUR_RGB('',5.4E-1,0.E0,4.4E-1);
#64=COLOUR_RGB('',5.5E-1,3.E-1,0.E0);
#65=COLOUR_RGB('',5.6E-1,1.E-1,5.E-2);
#66=COLOUR_RGB('',5.60784E-1,5.80392E-1,6.19608E-1);
#67=COLOUR_RGB('',5.68627E-1,5.8824E-2,4.E-1);
#68=COLOUR_RGB('',5.8E-1,2.2E-1,1.E-2);
#69=COLOUR_RGB('',5.88235E-1,1.21569E-1,1.09804E-1);
#70=COLOUR_RGB('',6.E-1,6.E-1,6.E-1);
#71=COLOUR_RGB('',6.11765E-1,5.60784E-1,3.80392E-1);
#72=COLOUR_RGB('',6.11765E-1,6.11765E-1,6.5098E-1);
#73=COLOUR_RGB('',6.2E-1,0.E0,5.5E-1);
#74=COLOUR_RGB('',6.19608E-1,6.39216E-1,6.90196E-1);
#75=COLOUR_RGB('',6.35294E-1,6.86275E-1,7.4902E-1);
#76=COLOUR_RGB('',6.4E-1,0.E0,2.5E-1);
#77=COLOUR_RGB('',6.4E-1,1.E-2,0.E0);
#78=COLOUR_RGB('',6.39216E-1,5.4902E-1,4.78431E-1);
#79=COLOUR_RGB('',6.5098E-1,6.70588E-1,7.09804E-1);
#80=COLOUR_RGB('',6.70588E-1,1.21569E-1,1.09804E-1);
#81=COLOUR_RGB('',6.78431E-1,4.78431E-1,3.09804E-1);
#82=COLOUR_RGB('',6.8E-1,7.5E-1,1.E0);
#83=COLOUR_RGB('',7.09804E-1,7.0588E-2,2.E-1);
#84=COLOUR_RGB('',7.1E-1,3.1E-1,0.E0);
#85=COLOUR_RGB('',7.2E-1,7.2E-1,7.2E-1);
#86=COLOUR_RGB('',7.29412E-1,7.41176E-1,7.29412E-1);
#87=COLOUR_RGB('',7.41176E-1,7.29412E-1,6.70588E-1);
#88=COLOUR_RGB('',7.4E-1,1.E0,2.6E-1);
#89=COLOUR_RGB('',7.5E-1,3.E-2,0.E0);
#90=COLOUR_RGB('',7.4902E-1,8.90196E-1,7.29412E-1);
#91=COLOUR_RGB('',7.6E-1,0.E0,4.7E-1);
#92=COLOUR_RGB('',7.80392E-1,9.0196E-2,7.0588E-2);
#93=COLOUR_RGB('',7.88235E-1,2.19608E-1,5.4902E-1);
#94=COLOUR_RGB('',8.1E-1,4.E-2,0.E0);
#95=COLOUR_RGB('',8.1E-1,6.1E-1,0.E0);
#96=COLOUR_RGB('',8.2E-1,4.E-2,6.6E-1);
#97=COLOUR_RGB('',8.31373E-1,8.5098E-1,8.58824E-1);
#98=COLOUR_RGB('',8.5098E-1,7.29412E-1,5.4902E-1);
#99=COLOUR_RGB('',8.5E-1,8.5E-1,8.5E-1);
#100=COLOUR_RGB('',8.78431E-1,3.68627E-1,1.21569E-1);
#101=COLOUR_RGB('',8.784E-1,9.49E-1,1.E0);
#102=COLOUR_RGB('',8.90196E-1,5.88235E-1,1.41176E-1);
#103=COLOUR_RGB('',9.E-1,1.E0,0.E0);
#104=COLOUR_RGB('',9.09804E-1,6.11765E-1,7.09804E-1);
#105=COLOUR_RGB('',9.37E-1,7.85E-1,0.E0);
#106=COLOUR_RGB('',9.41176E-1,9.29412E-1,9.01961E-1);
#107=COLOUR_RGB('',9.5E-1,2.2E-1,8.1E-1);
#108=COLOUR_RGB('',9.6E-1,3.7E-1,3.E-1);
#109=COLOUR_RGB('',9.6E-1,7.1E-1,3.75E-1);
#110=COLOUR_RGB('',9.80392E-1,1.E0,1.E0);
#111=COLOUR_RGB('',9.88235E-1,1.09804E-1,7.8431E-2);
#112=COLOUR_RGB('',9.88235E-1,7.21569E-1,1.29412E-1);
#113=COLOUR_RGB('',9.88235E-1,9.21569E-1,8.E-1);
#114=DRAUGHTING_PRE_DEFINED_COLOUR('red');
#115=COLOUR_RGB('',1.E0,0.E0,6.1E-1);
#116=COLOUR_RGB('',1.E0,4.E-2,0.E0);
#117=COLOUR_RGB('',1.E0,2.3E-1,0.E0);
#118=COLOUR_RGB('',1.E0,3.5E-1,5.2E-1);
#119=COLOUR_RGB('',1.E0,3.6E-1,0.E0);
#120=COLOUR_RGB('',1.E0,3.88235E-1,2.11765E-1);
#121=COLOUR_RGB('',1.E0,4.9E-1,3.7E-1);
#122=COLOUR_RGB('',1.E0,5.E-1,0.E0);
#123=COLOUR_RGB('',1.E0,5.6E-1,7.8E-1);
#124=COLOUR_RGB('',1.E0,6.4E-1,4.9E-1);
#125=COLOUR_RGB('',1.E0,6.7E-1,0.E0);
#126=COLOUR_RGB('',1.E0,7.6E-1,6.5E-1);
#127=COLOUR_RGB('',1.E0,8.39216E-1,3.01961E-1);
#128=COLOUR_RGB('',1.E0,8.6E-1,4.E-2);
#129=COLOUR_RGB('',1.E0,9.60784E-1,2.58824E-1);
#130=COLOUR_RGB('',1.E0,9.60784E-1,8.90196E-1);
#131=COLOUR_RGB('',1.E0,9.8E-1,7.2E-1);
#132=DRAUGHTING_PRE_DEFINED_COLOUR('yellow');
#133=COLOUR_RGB('',1.E0,1.E0,3.9216E-2);
#134=DRAUGHTING_PRE_DEFINED_COLOUR('white');
#139=CIRCLE('',#138,2.286E0);
#148=CIRCLE('',#147,5.E-1);
#153=CIRCLE('',#152,5.E-1);
#158=CIRCLE('',#157,2.286E0);
#167=CIRCLE('',#166,2.69E0);
#172=CIRCLE('',#171,2.69E0);
#177=CIRCLE('',#176,2.286E0);
#182=CIRCLE('',#181,2.286E0);
#201=B_SPLINE_CURVE_WITH_KNOTS('',3,(#195,#196,#197,#198,#199,#200),
.UNSPECIFIED.,.F.,.F.,(4,1,1,4),(0.E0,3.333333333333E-1,6.666666666667E-1,1.E0),
.UNSPECIFIED.);
#206=CIRCLE('',#205,3.175E0);
#211=CIRCLE('',#210,2.69E0);
#216=CIRCLE('',#215,2.69E0);
#227=B_SPLINE_CURVE_WITH_KNOTS('',3,(#221,#222,#223,#224,#225,#226),
.UNSPECIFIED.,.F.,.F.,(4,1,1,4),(0.E0,3.333333333333E-1,6.666666666667E-1,1.E0),
.UNSPECIFIED.);
#251=B_SPLINE_CURVE_WITH_KNOTS('',3,(#228,#229,#230,#231,#232,#233,#234,#235,
#236,#237,#238,#239,#240,#241,#242,#243,#244,#245,#246,#247,#248,#249,#250),
.UNSPECIFIED.,.F.,.F.,(4,1,1,1,1,1,1,1,1,1,1,1,1,1,1,1,1,1,1,1,4),(0.E0,5.E-2,
1.E-1,1.5E-1,2.E-1,2.5E-1,3.E-1,3.5E-1,4.E-1,4.5E-1,5.E-1,5.5E-1,6.E-1,6.5E-1,
7.E-1,7.5E-1,8.E-1,8.5E-1,9.E-1,9.5E-1,1.E0),.UNSPECIFIED.);
#258=B_SPLINE_CURVE_WITH_KNOTS('',3,(#252,#253,#254,#255,#256,#257),
.UNSPECIFIED.,.F.,.F.,(4,1,1,4),(0.E0,3.333333333333E-1,6.666666666667E-1,1.E0),
.UNSPECIFIED.);
#451=B_SPLINE_CURVE_WITH_KNOTS('',3,(#259,#260,#261,#262,#263,#264,#265,#266,
#267,#268,#269,#270,#271,#272,#273,#274,#275,#276,#277,#278,#279,#280,#281,#282,
#283,#284,#285,#286,#287,#288,#289,#290,#291,#292,#293,#294,#295,#296,#297,#298,
#299,#300,#301,#302,#303,#304,#305,#306,#307,#308,#309,#310,#311,#312,#313,#314,
#315,#316,#317,#318,#319,#320,#321,#322,#323,#324,#325,#326,#327,#328,#329,#330,
#331,#332,#333,#334,#335,#336,#337,#338,#339,#340,#341,#342,#343,#344,#345,#346,
#347,#348,#349,#350,#351,#352,#353,#354,#355,#356,#357,#358,#359,#360,#361,#362,
#363,#364,#365,#366,#367,#368,#369,#370,#371,#372,#373,#374,#375,#376,#377,#378,
#379,#380,#381,#382,#383,#384,#385,#386,#387,#388,#389,#390,#391,#392,#393,#394,
#395,#396,#397,#398,#399,#400,#401,#402,#403,#404,#405,#406,#407,#408,#409,#410,
#411,#412,#413,#414,#415,#416,#417,#418,#419,#420,#421,#422,#423,#424,#425,#426,
#427,#428,#429,#430,#431,#432,#433,#434,#435,#436,#437,#438,#439,#440,#441,#442,
#443,#444,#445,#446,#447,#448,#449,#450),.UNSPECIFIED.,.F.,.F.,(4,1,1,1,1,1,1,1,
1,1,1,1,1,1,1,1,1,1,1,1,1,1,1,1,1,1,1,1,1,1,1,1,1,1,1,1,1,1,1,1,1,1,1,1,1,1,1,1,
1,1,1,1,1,1,1,1,1,1,1,1,1,1,1,1,1,1,1,1,1,1,1,1,1,1,1,1,1,1,1,1,1,1,1,1,1,1,1,1,
1,1,1,1,1,1,1,1,1,1,1,1,1,1,1,1,1,1,1,1,1,1,1,1,1,1,1,1,1,1,1,1,1,1,1,1,1,1,1,1,
1,1,1,1,1,1,1,1,1,1,1,1,1,1,1,1,1,1,1,1,1,1,1,1,1,1,1,1,1,1,1,1,1,1,1,1,1,1,1,1,
1,1,1,1,1,1,1,1,1,1,1,1,1,1,1,1,1,1,1,1,1,4),(0.E0,6.759281969421E-4,
8.644383591025E-3,1.262861128807E-2,1.661283898511E-2,2.059706668215E-2,
2.458129437919E-2,3.254974977327E-2,4.051820516736E-2,4.450243286440E-2,
4.848666056144E-2,5.247088825848E-2,5.645511595552E-2,6.442357134960E-2,
7.239202674369E-2,7.637625444073E-2,8.036048213777E-2,8.434470983481E-2,
8.832893753185E-2,9.629739292593E-2,1.042658483200E-1,1.082500760171E-1,
1.122343037141E-1,1.162185314111E-1,1.202027591082E-1,1.281712145023E-1,
1.361396698963E-1,1.401238975934E-1,1.441081252904E-1,1.480923529875E-1,
1.520765806845E-1,1.600450360786E-1,1.680134914727E-1,1.719977191697E-1,
1.759819468668E-1,1.799661745638E-1,1.839504022608E-1,1.919188576549E-1,
1.998873130490E-1,2.038715407461E-1,2.078557684431E-1,2.118399961401E-1,
2.158242238372E-1,2.237926792313E-1,2.317611346253E-1,2.357453623224E-1,
2.397295900194E-1,2.437138177165E-1,2.476980454135E-1,2.556665008076E-1,
2.636349562017E-1,2.676191838987E-1,2.716034115958E-1,2.755876392928E-1,
2.795718669898E-1,2.875403223839E-1,2.955087777780E-1,2.994930054750E-1,
3.034772331721E-1,3.074614608691E-1,3.114456885662E-1,3.194141439602E-1,
3.273825993543E-1,3.313668270514E-1,3.353510547484E-1,3.393352824455E-1,
3.433195101425E-1,3.512879655366E-1,3.592564209307E-1,3.632406486277E-1,
3.672248763247E-1,3.712091040218E-1,3.751933317188E-1,3.831617871129E-1,
3.911302425070E-1,3.951144702040E-1,3.990986979011E-1,4.030829255981E-1,
4.070671532952E-1,4.150356086892E-1,4.230040640833E-1,4.269882917804E-1,
4.309725194774E-1,4.349567471744E-1,4.389409748715E-1,4.469094302656E-1,
4.548778856597E-1,4.588621133567E-1,4.628463410537E-1,4.668305687508E-1,
4.708147964478E-1,4.787832518419E-1,4.867517072360E-1,4.907359349330E-1,
4.947201626301E-1,4.987043903271E-1,5.026886180242E-1,5.106570734182E-1,
5.186255288123E-1,5.226097565094E-1,5.265939842064E-1,5.305782119034E-1,
5.345624396005E-1,5.425308949946E-1,5.504993503886E-1,5.544835780857E-1,
5.584678057827E-1,5.624520334798E-1,5.664362611768E-1,5.744047165709E-1,
5.823731719650E-1,5.863573996620E-1,5.903416273591E-1,5.943258550561E-1,
5.983100827531E-1,6.062785381472E-1,6.142469935413E-1,6.182312212384E-1,
6.222154489354E-1,6.261996766324E-1,6.301839043295E-1,6.381523597236E-1,
6.461208151176E-1,6.501050428147E-1,6.540892705117E-1,6.580734982088E-1,
6.620577259058E-1,6.700261812999E-1,6.779946366940E-1,6.819788643910E-1,
6.859630920881E-1,6.899473197851E-1,6.939315474821E-1,7.019000028762E-1,
7.098684582703E-1,7.138526859673E-1,7.178369136644E-1,7.218211413614E-1,
7.258053690585E-1,7.337738244525E-1,7.417422798466E-1,7.457265075437E-1,
7.497107352407E-1,7.536949629378E-1,7.576791906348E-1,7.656476460289E-1,
7.736161014230E-1,7.776003291200E-1,7.815845568170E-1,7.855687845141E-1,
7.895530122111E-1,7.975214676052E-1,8.054899229993E-1,8.094741506963E-1,
8.134583783934E-1,8.174426060904E-1,8.214268337875E-1,8.293952891815E-1,
8.373637445756E-1,8.413479722727E-1,8.453321999697E-1,8.493164276667E-1,
8.533006553638E-1,8.612691107579E-1,8.692375661520E-1,8.732217938490E-1,
8.772060215460E-1,8.811902492431E-1,8.851744769401E-1,8.931429323342E-1,
9.011113877283E-1,9.050956154253E-1,9.090798431224E-1,9.130640708194E-1,
9.170482985165E-1,9.250167539105E-1,9.329852093046E-1,9.369694370017E-1,
9.409536646987E-1,9.449378923957E-1,9.489221200928E-1,9.568905754869E-1,
9.648590308809E-1,9.688432585780E-1,9.728274862750E-1,9.768117139721E-1,
9.807959416691E-1,9.887643970632E-1,9.967328524573E-1,1.E0),.UNSPECIFIED.);
#460=CIRCLE('',#459,2.793106854861E0);
#654=B_SPLINE_CURVE_WITH_KNOTS('',3,(#461,#462,#463,#464,#465,#466,#467,#468,
#469,#470,#471,#472,#473,#474,#475,#476,#477,#478,#479,#480,#481,#482,#483,#484,
#485,#486,#487,#488,#489,#490,#491,#492,#493,#494,#495,#496,#497,#498,#499,#500,
#501,#502,#503,#504,#505,#506,#507,#508,#509,#510,#511,#512,#513,#514,#515,#516,
#517,#518,#519,#520,#521,#522,#523,#524,#525,#526,#527,#528,#529,#530,#531,#532,
#533,#534,#535,#536,#537,#538,#539,#540,#541,#542,#543,#544,#545,#546,#547,#548,
#549,#550,#551,#552,#553,#554,#555,#556,#557,#558,#559,#560,#561,#562,#563,#564,
#565,#566,#567,#568,#569,#570,#571,#572,#573,#574,#575,#576,#577,#578,#579,#580,
#581,#582,#583,#584,#585,#586,#587,#588,#589,#590,#591,#592,#593,#594,#595,#596,
#597,#598,#599,#600,#601,#602,#603,#604,#605,#606,#607,#608,#609,#610,#611,#612,
#613,#614,#615,#616,#617,#618,#619,#620,#621,#622,#623,#624,#625,#626,#627,#628,
#629,#630,#631,#632,#633,#634,#635,#636,#637,#638,#639,#640,#641,#642,#643,#644,
#645,#646,#647,#648,#649,#650,#651,#652,#653),.UNSPECIFIED.,.F.,.F.,(4,1,1,1,1,
1,1,1,1,1,1,1,1,1,1,1,1,1,1,1,1,1,1,1,1,1,1,1,1,1,1,1,1,1,1,1,1,1,1,1,1,1,1,1,1,
1,1,1,1,1,1,1,1,1,1,1,1,1,1,1,1,1,1,1,1,1,1,1,1,1,1,1,1,1,1,1,1,1,1,1,1,1,1,1,1,
1,1,1,1,1,1,1,1,1,1,1,1,1,1,1,1,1,1,1,1,1,1,1,1,1,1,1,1,1,1,1,1,1,1,1,1,1,1,1,1,
1,1,1,1,1,1,1,1,1,1,1,1,1,1,1,1,1,1,1,1,1,1,1,1,1,1,1,1,1,1,1,1,1,1,1,1,1,1,1,1,
1,1,1,1,1,1,1,1,1,1,1,1,1,1,1,1,1,1,1,1,1,1,1,1,1,4),(0.E0,8.098187002397E-4,
4.790889999930E-3,8.771961299621E-3,1.673410389900E-2,2.469624649838E-2,
2.867731779807E-2,3.265838909776E-2,3.663946039745E-2,4.062053169714E-2,
4.858267429652E-2,5.654481689591E-2,6.052588819560E-2,6.450695949529E-2,
6.848803079498E-2,7.246910209467E-2,8.043124469405E-2,8.839338729343E-2,
9.237445859312E-2,9.635552989281E-2,1.003366011925E-1,1.043176724922E-1,
1.122798150916E-1,1.202419576910E-1,1.242230289906E-1,1.282041002903E-1,
1.321851715900E-1,1.361662428897E-1,1.441283854891E-1,1.520905280885E-1,
1.560715993882E-1,1.600526706879E-1,1.640337419875E-1,1.680148132872E-1,
1.759769558866E-1,1.839390984860E-1,1.879201697857E-1,1.919012410854E-1,
1.958823123851E-1,1.998633836848E-1,2.078255262841E-1,2.157876688835E-1,
2.197687401832E-1,2.237498114829E-1,2.277308827826E-1,2.317119540823E-1,
2.396740966817E-1,2.476362392810E-1,2.516173105807E-1,2.555983818804E-1,
2.595794531801E-1,2.635605244798E-1,2.715226670792E-1,2.794848096786E-1,
2.834658809783E-1,2.874469522779E-1,2.914280235776E-1,2.954090948773E-1,
3.033712374767E-1,3.113333800761E-1,3.153144513758E-1,3.192955226755E-1,
3.232765939752E-1,3.272576652749E-1,3.352198078742E-1,3.431819504736E-1,
3.471630217733E-1,3.511440930730E-1,3.551251643727E-1,3.591062356724E-1,
3.670683782718E-1,3.750305208711E-1,3.790115921708E-1,3.829926634705E-1,
3.869737347702E-1,3.909548060699E-1,3.989169486693E-1,4.068790912687E-1,
4.108601625683E-1,4.148412338680E-1,4.188223051677E-1,4.228033764674E-1,
4.307655190668E-1,4.387276616662E-1,4.427087329659E-1,4.466898042656E-1,
4.506708755653E-1,4.546519468649E-1,4.626140894643E-1,4.705762320637E-1,
4.745573033634E-1,4.785383746631E-1,4.825194459628E-1,4.865005172625E-1,
4.944626598618E-1,5.024248024612E-1,5.064058737609E-1,5.103869450606E-1,
5.143680163603E-1,5.183490876600E-1,5.263112302594E-1,5.342733728588E-1,
5.382544441584E-1,5.422355154581E-1,5.462165867578E-1,5.501976580575E-1,
5.581598006569E-1,5.661219432563E-1,5.701030145560E-1,5.740840858557E-1,
5.780651571553E-1,5.820462284550E-1,5.900083710544E-1,5.979705136538E-1,
6.019515849535E-1,6.059326562532E-1,6.099137275529E-1,6.138947988526E-1,
6.218569414519E-1,6.298190840513E-1,6.338001553510E-1,6.377812266507E-1,
6.417622979504E-1,6.457433692501E-1,6.537055118495E-1,6.616676544488E-1,
6.656487257485E-1,6.696297970482E-1,6.736108683479E-1,6.775919396476E-1,
6.855540822470E-1,6.935162248464E-1,6.974972961461E-1,7.014783674457E-1,
7.054594387454E-1,7.094405100451E-1,7.174026526445E-1,7.253647952439E-1,
7.293458665436E-1,7.333269378433E-1,7.373080091430E-1,7.412890804426E-1,
7.492512230420E-1,7.572133656414E-1,7.611944369411E-1,7.651755082408E-1,
7.691565795405E-1,7.731376508402E-1,7.810997934396E-1,7.890619360389E-1,
7.930430073386E-1,7.970240786383E-1,8.010051499380E-1,8.049862212377E-1,
8.129483638371E-1,8.209105064365E-1,8.248915777361E-1,8.288726490358E-1,
8.328537203355E-1,8.368347916352E-1,8.447969342346E-1,8.527590768340E-1,
8.567401481337E-1,8.607212194334E-1,8.647022907331E-1,8.686833620327E-1,
8.766455046321E-1,8.846076472315E-1,8.885887185312E-1,8.925697898309E-1,
8.965508611306E-1,9.005319324303E-1,9.084940750296E-1,9.164562176290E-1,
9.204372889287E-1,9.244183602284E-1,9.283994315281E-1,9.323805028278E-1,
9.403426454272E-1,9.483047880265E-1,9.522858593262E-1,9.562669306259E-1,
9.602480019256E-1,9.642290732253E-1,9.721912158247E-1,9.801533584241E-1,
9.841344297238E-1,9.881155010235E-1,9.920965723231E-1,9.960776436228E-1,1.E0),
.UNSPECIFIED.);
#659=CIRCLE('',#658,2.793106854861E0);
#664=CIRCLE('',#663,2.793106854861E0);
#684=B_SPLINE_CURVE_WITH_KNOTS('',3,(#669,#670,#671,#672,#673,#674,#675,#676,
#677,#678,#679,#680,#681,#682,#683),.UNSPECIFIED.,.F.,.F.,(4,1,1,1,1,1,1,1,1,1,
1,1,4),(0.E0,1.843837641049E-2,8.855002711463E-2,1.586616778188E-1,
2.287733285229E-1,2.988849792270E-1,4.391082806353E-1,5.793315820436E-1,
6.494432327477E-1,7.195548834518E-1,7.896665341560E-1,8.597781848601E-1,1.E0),
.UNSPECIFIED.);
#691=B_SPLINE_CURVE_WITH_KNOTS('',3,(#685,#686,#687,#688,#689,#690),
.UNSPECIFIED.,.F.,.F.,(4,1,1,4),(0.E0,3.333333333333E-1,6.666666666667E-1,1.E0),
.UNSPECIFIED.);
#703=B_SPLINE_CURVE_WITH_KNOTS('',3,(#692,#693,#694,#695,#696,#697,#698,#699,
#700,#701,#702),.UNSPECIFIED.,.F.,.F.,(4,1,1,1,1,1,1,1,4),(0.E0,1.25E-1,2.5E-1,
3.75E-1,5.E-1,6.25E-1,7.5E-1,8.75E-1,1.E0),.UNSPECIFIED.);
#724=B_SPLINE_CURVE_WITH_KNOTS('',3,(#704,#705,#706,#707,#708,#709,#710,#711,
#712,#713,#714,#715,#716,#717,#718,#719,#720,#721,#722,#723),.UNSPECIFIED.,.F.,
.F.,(4,1,1,1,1,1,1,1,1,1,1,1,1,1,1,1,1,4),(0.E0,5.882352941176E-2,
1.176470588235E-1,1.764705882353E-1,2.352941176471E-1,2.941176470588E-1,
3.529411764706E-1,4.117647058824E-1,4.705882352941E-1,5.294117647059E-1,
5.882352941176E-1,6.470588235294E-1,7.058823529412E-1,7.647058823529E-1,
8.235294117647E-1,8.823529411765E-1,9.411764705882E-1,1.E0),.UNSPECIFIED.);
#740=B_SPLINE_CURVE_WITH_KNOTS('',3,(#725,#726,#727,#728,#729,#730,#731,#732,
#733,#734,#735,#736,#737,#738,#739),.UNSPECIFIED.,.F.,.F.,(4,1,1,1,1,1,1,1,1,1,
1,1,4),(0.E0,6.578712401046E-2,1.325166145651E-1,1.992461051197E-1,
2.659755956743E-1,3.327050862289E-1,4.661640673381E-1,5.996230484473E-1,
6.663525390020E-1,7.330820295566E-1,7.998115201112E-1,8.665410106658E-1,1.E0),
.UNSPECIFIED.);
#760=B_SPLINE_CURVE_WITH_KNOTS('',3,(#741,#742,#743,#744,#745,#746,#747,#748,
#749,#750,#751,#752,#753,#754,#755,#756,#757,#758,#759),.UNSPECIFIED.,.F.,.F.,
(4,1,1,1,1,1,1,1,1,1,1,1,1,1,1,1,4),(0.E0,9.528287665270E-2,1.429243145542E-1,
1.905657524556E-1,2.382071903571E-1,2.858486282585E-1,3.811315040614E-1,
4.764143798644E-1,5.240558177658E-1,5.716972556673E-1,6.193386935687E-1,
6.669801314702E-1,7.622630072731E-1,8.575458830760E-1,9.051873209775E-1,
9.528287588789E-1,1.E0),.UNSPECIFIED.);
#782=B_SPLINE_CURVE_WITH_KNOTS('',3,(#761,#762,#763,#764,#765,#766,#767,#768,
#769,#770,#771,#772,#773,#774,#775,#776,#777,#778,#779,#780,#781),.UNSPECIFIED.,
.F.,.F.,(4,1,1,1,1,1,1,1,1,1,1,1,1,1,1,1,1,1,4),(0.E0,8.333334803224E-2,
1.250000246163E-1,1.666667012003E-1,2.083333777843E-1,2.500000543683E-1,
3.333334075363E-1,4.166667607043E-1,4.583334372883E-1,5.000001138723E-1,
5.416667904563E-1,5.833334670404E-1,6.666668202084E-1,7.500001733764E-1,
7.916668499604E-1,8.333335265444E-1,8.750002031284E-1,9.166668797124E-1,1.E0),
.UNSPECIFIED.);
#808=B_SPLINE_CURVE_WITH_KNOTS('',3,(#787,#788,#789,#790,#791,#792,#793,#794,
#795,#796,#797,#798,#799,#800,#801,#802,#803,#804,#805,#806,#807),.UNSPECIFIED.,
.F.,.F.,(4,1,1,1,1,1,1,1,1,1,1,1,1,1,1,1,1,1,4),(0.E0,8.333350197899E-2,
1.250001610137E-1,1.666668200485E-1,2.083334790832E-1,2.500001381179E-1,
3.333334561874E-1,4.166667742569E-1,4.583334332916E-1,5.000000923264E-1,
5.416667513611E-1,5.833334103958E-1,6.666667284653E-1,7.500000465348E-1,
7.916667055695E-1,8.333333646043E-1,8.750000236390E-1,9.166666826737E-1,1.E0),
.UNSPECIFIED.);
#834=B_SPLINE_CURVE_WITH_KNOTS('',3,(#813,#814,#815,#816,#817,#818,#819,#820,
#821,#822,#823,#824,#825,#826,#827,#828,#829,#830,#831,#832,#833),.UNSPECIFIED.,
.F.,.F.,(4,1,1,1,1,1,1,1,1,1,1,1,1,1,1,1,1,1,4),(0.E0,8.333338904035E-2,
1.250000615344E-1,1.666667340285E-1,2.083334065225E-1,2.500000790166E-1,
3.333334240047E-1,4.166667689928E-1,4.583334414869E-1,5.000001139809E-1,
5.416667864750E-1,5.833334589690E-1,6.666668039571E-1,7.500001489452E-1,
7.916668214393E-1,8.333334939334E-1,8.750001664274E-1,9.166668389215E-1,1.E0),
.UNSPECIFIED.);
#856=B_SPLINE_CURVE_WITH_KNOTS('',3,(#835,#836,#837,#838,#839,#840,#841,#842,
#843,#844,#845,#846,#847,#848,#849,#850,#851,#852,#853,#854,#855),.UNSPECIFIED.,
.F.,.F.,(4,1,1,1,1,1,1,1,1,1,1,1,1,1,1,1,1,1,4),(0.E0,8.333354607067E-2,
1.250002026658E-1,1.666668592610E-1,2.083335158562E-1,2.500001724513E-1,
3.333334856417E-1,4.166667988320E-1,4.583334554272E-1,5.000001120224E-1,
5.416667686175E-1,5.833334252127E-1,6.666667384030E-1,7.500000515934E-1,
7.916667081885E-1,8.333333647837E-1,8.750000213789E-1,9.166666779740E-1,1.E0),
.UNSPECIFIED.);
#878=B_SPLINE_CURVE_WITH_KNOTS('',3,(#857,#858,#859,#860,#861,#862,#863,#864,
#865,#866,#867,#868,#869,#870,#871,#872,#873,#874,#875,#876,#877),.UNSPECIFIED.,
.F.,.F.,(4,1,1,1,1,1,1,1,1,1,1,1,1,1,1,1,1,1,4),(0.E0,8.333333679331E-2,
1.250000096078E-1,1.666666824223E-1,2.083333552367E-1,2.500000280512E-1,
3.333333736801E-1,4.166667193091E-1,4.583333921235E-1,5.000000649380E-1,
5.416667377525E-1,5.833334105670E-1,6.666667561959E-1,7.500001018248E-1,
7.916667746393E-1,8.333334474538E-1,8.750001202683E-1,9.166667930827E-1,1.E0),
.UNSPECIFIED.);
#904=B_SPLINE_CURVE_WITH_KNOTS('',3,(#883,#884,#885,#886,#887,#888,#889,#890,
#891,#892,#893,#894,#895,#896,#897,#898,#899,#900,#901,#902,#903),.UNSPECIFIED.,
.F.,.F.,(4,1,1,1,1,1,1,1,1,1,1,1,1,1,1,1,1,1,4),(0.E0,8.333326063148E-2,
1.249999326051E-1,1.666666045788E-1,2.083332765525E-1,2.499999485262E-1,
3.333332924735E-1,4.166666364208E-1,4.583333083945E-1,4.999999803682E-1,
5.416666523419E-1,5.833333243155E-1,6.666666682629E-1,7.500000122102E-1,
7.916666841839E-1,8.333333561576E-1,8.750000281312E-1,9.166667001049E-1,1.E0),
.UNSPECIFIED.);
#930=B_SPLINE_CURVE_WITH_KNOTS('',3,(#909,#910,#911,#912,#913,#914,#915,#916,
#917,#918,#919,#920,#921,#922,#923,#924,#925,#926,#927,#928,#929),.UNSPECIFIED.,
.F.,.F.,(4,1,1,1,1,1,1,1,1,1,1,1,1,1,1,1,1,1,4),(0.E0,8.333332639034E-2,
1.249999895855E-1,1.666666527807E-1,2.083333159759E-1,2.499999791710E-1,
3.333333055614E-1,4.166666319517E-1,4.583332951469E-1,4.999999583421E-1,
5.416666215372E-1,5.833332847324E-1,6.666666111228E-1,7.499999375131E-1,
7.916666007083E-1,8.333332639035E-1,8.749999270986E-1,9.166665902938E-1,1.E0),
.UNSPECIFIED.);
#952=B_SPLINE_CURVE_WITH_KNOTS('',3,(#931,#932,#933,#934,#935,#936,#937,#938,
#939,#940,#941,#942,#943,#944,#945,#946,#947,#948,#949,#950,#951),.UNSPECIFIED.,
.F.,.F.,(4,1,1,1,1,1,1,1,1,1,1,1,1,1,1,1,1,1,4),(0.E0,8.333344150638E-2,
1.250000929038E-1,1.666667443012E-1,2.083333956986E-1,2.500000470960E-1,
3.333333498908E-1,4.166666526855E-1,4.583333040829E-1,4.999999554803E-1,
5.416666068777E-1,5.833332582751E-1,6.666665610699E-1,7.499998638647E-1,
7.916665152621E-1,8.333331666595E-1,8.749998180569E-1,9.166664694543E-1,1.E0),
.UNSPECIFIED.);
#974=B_SPLINE_CURVE_WITH_KNOTS('',3,(#953,#954,#955,#956,#957,#958,#959,#960,
#961,#962,#963,#964,#965,#966,#967,#968,#969,#970,#971,#972,#973),.UNSPECIFIED.,
.F.,.F.,(4,1,1,1,1,1,1,1,1,1,1,1,1,1,1,1,1,1,4),(0.E0,8.333312326485E-2,
1.249997987728E-1,1.666664742808E-1,2.083331497887E-1,2.499998252967E-1,
3.333331763126E-1,4.166665273285E-1,4.583332028364E-1,4.999998783444E-1,
5.416665538523E-1,5.833332293603E-1,6.666665803762E-1,7.499999313921E-1,
7.916666069E-1,8.333332824080E-1,8.749999579159E-1,9.166666334239E-1,1.E0),
.UNSPECIFIED.);
#1000=B_SPLINE_CURVE_WITH_KNOTS('',3,(#979,#980,#981,#982,#983,#984,#985,#986,
#987,#988,#989,#990,#991,#992,#993,#994,#995,#996,#997,#998,#999),.UNSPECIFIED.,
.F.,.F.,(4,1,1,1,1,1,1,1,1,1,1,1,1,1,1,1,1,1,4),(0.E0,8.333333302435E-2,
1.249999997051E-1,1.666666663858E-1,2.083333330665E-1,2.499999997472E-1,
3.333333331086E-1,4.166666664700E-1,4.583333331508E-1,4.999999998315E-1,
5.416666665122E-1,5.833333331929E-1,6.666666665543E-1,7.499999999157E-1,
7.916666665964E-1,8.333333332772E-1,8.749999999579E-1,9.166666666386E-1,1.E0),
.UNSPECIFIED.);
#1026=B_SPLINE_CURVE_WITH_KNOTS('',3,(#1005,#1006,#1007,#1008,#1009,#1010,#1011,
#1012,#1013,#1014,#1015,#1016,#1017,#1018,#1019,#1020,#1021,#1022,#1023,#1024,
#1025),.UNSPECIFIED.,.F.,.F.,(4,1,1,1,1,1,1,1,1,1,1,1,1,1,1,1,1,1,4),(0.E0,
8.333333602510E-2,1.250000025541E-1,1.666666690831E-1,2.083333356121E-1,
2.500000021411E-1,3.333333351990E-1,4.166666682570E-1,4.583333347860E-1,
5.000000013150E-1,5.416666678440E-1,5.833333343730E-1,6.666666674310E-1,
7.500000004890E-1,7.916666670180E-1,8.333333335470E-1,8.750000000759E-1,
9.166666666049E-1,1.E0),.UNSPECIFIED.);
#1048=B_SPLINE_CURVE_WITH_KNOTS('',3,(#1027,#1028,#1029,#1030,#1031,#1032,#1033,
#1034,#1035,#1036,#1037,#1038,#1039,#1040,#1041,#1042,#1043,#1044,#1045,#1046,
#1047),.UNSPECIFIED.,.F.,.F.,(4,1,1,1,1,1,1,1,1,1,1,1,1,1,1,1,1,1,4),(0.E0,
8.333331794280E-2,1.249999846943E-1,1.666666514458E-1,2.083333181973E-1,
2.499999849488E-1,3.333333184519E-1,4.166666519549E-1,4.583333187064E-1,
4.999999854579E-1,5.416666522094E-1,5.833333189609E-1,6.666666524640E-1,
7.499999859670E-1,7.916666527185E-1,8.333333194700E-1,8.749999862215E-1,
9.166666529730E-1,1.E0),.UNSPECIFIED.);
#1070=B_SPLINE_CURVE_WITH_KNOTS('',3,(#1049,#1050,#1051,#1052,#1053,#1054,#1055,
#1056,#1057,#1058,#1059,#1060,#1061,#1062,#1063,#1064,#1065,#1066,#1067,#1068,
#1069),.UNSPECIFIED.,.F.,.F.,(4,1,1,1,1,1,1,1,1,1,1,1,1,1,1,1,1,1,4),(0.E0,
8.333330987493E-2,1.249999715744E-1,1.666666332738E-1,2.083332949733E-1,
2.499999566727E-1,3.333332800716E-1,4.166666034705E-1,4.583332651699E-1,
4.999999268693E-1,5.416665885688E-1,5.833332502682E-1,6.666665736671E-1,
7.499998970660E-1,7.916665587654E-1,8.333332204649E-1,8.749998821643E-1,
9.166665438637E-1,1.E0),.UNSPECIFIED.);
#1096=B_SPLINE_CURVE_WITH_KNOTS('',3,(#1075,#1076,#1077,#1078,#1079,#1080,#1081,
#1082,#1083,#1084,#1085,#1086,#1087,#1088,#1089,#1090,#1091,#1092,#1093,#1094,
#1095),.UNSPECIFIED.,.F.,.F.,(4,1,1,1,1,1,1,1,1,1,1,1,1,1,1,1,1,1,4),(0.E0,
8.333338294138E-2,1.250000474880E-1,1.666667120346E-1,2.083333765812E-1,
2.500000411279E-1,3.333333702211E-1,4.166666993144E-1,4.583333638610E-1,
5.000000284076E-1,5.416666929542E-1,5.833333575009E-1,6.666666865941E-1,
7.500000156874E-1,7.916666802340E-1,8.333333447806E-1,8.750000093272E-1,
9.166666738739E-1,1.E0),.UNSPECIFIED.);
#1122=B_SPLINE_CURVE_WITH_KNOTS('',3,(#1101,#1102,#1103,#1104,#1105,#1106,#1107,
#1108,#1109,#1110,#1111,#1112,#1113,#1114,#1115,#1116,#1117,#1118,#1119,#1120,
#1121),.UNSPECIFIED.,.F.,.F.,(4,1,1,1,1,1,1,1,1,1,1,1,1,1,1,1,1,1,4),(0.E0,
8.333336944488E-2,1.250000369178E-1,1.666667043906E-1,2.083333718635E-1,
2.500000393364E-1,3.333333742821E-1,4.166667092279E-1,4.583333767008E-1,
5.000000441736E-1,5.416667116465E-1,5.833333791194E-1,6.666667140651E-1,
7.500000490109E-1,7.916667164838E-1,8.333333839566E-1,8.750000514295E-1,
9.166667189024E-1,1.E0),.UNSPECIFIED.);
#1144=B_SPLINE_CURVE_WITH_KNOTS('',3,(#1123,#1124,#1125,#1126,#1127,#1128,#1129,
#1130,#1131,#1132,#1133,#1134,#1135,#1136,#1137,#1138,#1139,#1140,#1141,#1142,
#1143),.UNSPECIFIED.,.F.,.F.,(4,1,1,1,1,1,1,1,1,1,1,1,1,1,1,1,1,1,4),(0.E0,
8.333313805131E-2,1.249997734456E-1,1.666664088399E-1,2.083330442342E-1,
2.499996796285E-1,3.333329504171E-1,4.166662212057E-1,4.583328566E-1,
4.999994919943E-1,5.416661273886E-1,5.833327627829E-1,6.666660335715E-1,
7.499993043601E-1,7.916659397544E-1,8.333325751487E-1,8.749992105430E-1,
9.166658459373E-1,1.E0),.UNSPECIFIED.);
#1159=B_SPLINE_CURVE_WITH_KNOTS('',3,(#1149,#1150,#1151,#1152,#1153,#1154,#1155,
#1156,#1157,#1158),.UNSPECIFIED.,.F.,.F.,(4,1,1,1,1,1,1,4),(0.E0,
2.076600496638E-2,2.655745290618E-1,3.879787911095E-1,5.103830531573E-1,
6.327873152050E-1,7.551915772527E-1,1.E0),.UNSPECIFIED.);
#1166=B_SPLINE_CURVE_WITH_KNOTS('',3,(#1160,#1161,#1162,#1163,#1164,#1165),
.UNSPECIFIED.,.F.,.F.,(4,1,1,4),(0.E0,3.333333333333E-1,6.666666666667E-1,1.E0),
.UNSPECIFIED.);
#1171=CIRCLE('',#1170,2.69E0);
#1180=CIRCLE('',#1179,3.175E0);
#1197=CIRCLE('',#1196,2.69E0);
#1218=CIRCLE('',#1217,2.69E0);
#1223=CIRCLE('',#1222,2.69E0);
#1372=CIRCLE('',#1371,6.35E-1);
#1377=CIRCLE('',#1376,6.35E-1);
#1382=CIRCLE('',#1381,6.35E-1);
#1387=CIRCLE('',#1386,6.35E-1);
#1632=CIRCLE('',#1631,5.E-1);
#1637=CIRCLE('',#1636,5.E-1);
#1856=EDGE_CURVE('',#1833,#1834,#139,.T.);
#1858=EDGE_CURVE('',#1833,#1652,#162,.T.);
#1860=EDGE_CURVE('',#1652,#1653,#182,.T.);
#1862=EDGE_CURVE('',#1834,#1653,#143,.T.);
#1866=ADVANCED_FACE('',(#1865),#1855,.F.);
#1873=EDGE_CURVE('',#1834,#1833,#158,.T.);
#1877=EDGE_CURVE('',#1841,#1842,#148,.T.);
#1879=EDGE_CURVE('',#1842,#1841,#153,.T.);
#1883=ADVANCED_FACE('',(#1876,#1882),#1871,.T.);
#1891=EDGE_CURVE('',#1653,#1652,#177,.T.);
#1896=ADVANCED_FACE('',(#1895),#1888,.F.);
#1902=EDGE_CURVE('',#1696,#1733,#167,.T.);
#1904=EDGE_CURVE('',#1733,#1696,#172,.T.);
#1912=ADVANCED_FACE('',(#1907,#1911),#1901,.T.);
#1919=EDGE_CURVE('',#1645,#1733,#186,.T.);
#1921=EDGE_CURVE('',#1645,#1644,#216,.T.);
#1923=EDGE_CURVE('',#1644,#1696,#190,.T.);
#1927=ADVANCED_FACE('',(#1926),#1917,.T.);
#1934=EDGE_CURVE('',#1644,#1645,#211,.T.);
#1940=ADVANCED_FACE('',(#1939),#1932,.T.);
#1946=EDGE_CURVE('',#1654,#1644,#194,.T.);
#1948=EDGE_CURVE('',#1654,#1655,#227,.T.);
#1950=EDGE_CURVE('',#1703,#1655,#201,.T.);
#1952=EDGE_CURVE('',#1715,#1703,#206,.T.);
#1954=EDGE_CURVE('',#1715,#1748,#668,.T.);
#1956=EDGE_CURVE('',#1748,#1760,#460,.T.);
#1958=EDGE_CURVE('',#1760,#1680,#258,.T.);
#1960=EDGE_CURVE('',#1680,#1645,#220,.T.);
#1965=ADVANCED_FACE('',(#1964),#1945,.T.);
#1973=EDGE_CURVE('',#1680,#1654,#251,.T.);
#1978=ADVANCED_FACE('',(#1977),#1970,.T.);
#2759=EDGE_CURVE('',#1779,#1760,#451,.T.);
#2761=EDGE_CURVE('',#1734,#1779,#455,.T.);
#2763=EDGE_CURVE('',#1734,#1735,#1159,.T.);
#2765=EDGE_CURVE('',#1735,#1664,#1122,.T.);
#2767=EDGE_CURVE('',#1664,#1665,#1096,.T.);
#2769=EDGE_CURVE('',#1665,#1678,#1026,.T.);
#2771=EDGE_CURVE('',#1678,#1679,#1000,.T.);
#2773=EDGE_CURVE('',#1679,#1648,#930,.T.);
#2775=EDGE_CURVE('',#1648,#1649,#904,.T.);
#2777=EDGE_CURVE('',#1649,#1668,#834,.T.);
#2779=EDGE_CURVE('',#1668,#1676,#808,.T.);
#2781=EDGE_CURVE('',#1676,#1703,#760,.T.);
#2786=ADVANCED_FACE('',(#2785),#2755,.F.);
#3605=EDGE_CURVE('',#1663,#1748,#654,.T.);
#3607=EDGE_CURVE('',#1662,#1663,#659,.T.);
#3609=EDGE_CURVE('',#1779,#1662,#664,.T.);
#3614=ADVANCED_FACE('',(#3613),#3603,.F.);
#4397=EDGE_CURVE('',#1715,#1677,#740,.T.);
#4399=EDGE_CURVE('',#1677,#1669,#782,.T.);
#4401=EDGE_CURVE('',#1669,#1799,#856,.T.);
#4403=EDGE_CURVE('',#1799,#1698,#878,.T.);
#4405=EDGE_CURVE('',#1698,#1730,#952,.T.);
#4407=EDGE_CURVE('',#1730,#1731,#974,.T.);
#4409=EDGE_CURVE('',#1731,#1822,#1048,.T.);
#4411=EDGE_CURVE('',#1822,#1805,#1070,.T.);
#4413=EDGE_CURVE('',#1805,#1780,#1144,.T.);
#4415=EDGE_CURVE('',#1673,#1780,#684,.T.);
#4417=EDGE_CURVE('',#1767,#1673,#691,.T.);
#4419=EDGE_CURVE('',#1759,#1767,#703,.T.);
#4421=EDGE_CURVE('',#1663,#1759,#724,.T.);
#4426=ADVANCED_FACE('',(#4425),#4395,.F.);
#4435=EDGE_CURVE('',#1676,#1677,#786,.T.);
#4439=ADVANCED_FACE('',(#4438),#4431,.T.);
#4448=EDGE_CURVE('',#1668,#1669,#812,.T.);
#4452=ADVANCED_FACE('',(#4451),#4444,.T.);
#4460=EDGE_CURVE('',#1649,#1799,#882,.T.);
#4465=ADVANCED_FACE('',(#4464),#4457,.T.);
#4474=EDGE_CURVE('',#1648,#1698,#908,.T.);
#4478=ADVANCED_FACE('',(#4477),#4470,.T.);
#4486=EDGE_CURVE('',#1679,#1730,#978,.T.);
#4491=ADVANCED_FACE('',(#4490),#4483,.T.);
#4500=EDGE_CURVE('',#1678,#1731,#1004,.T.);
#4504=ADVANCED_FACE('',(#4503),#4496,.T.);
#4512=EDGE_CURVE('',#1665,#1822,#1074,.T.);
#4517=ADVANCED_FACE('',(#4516),#4509,.T.);
#4526=EDGE_CURVE('',#1664,#1805,#1100,.T.);
#4530=ADVANCED_FACE('',(#4529),#4522,.T.);
#4538=EDGE_CURVE('',#1735,#1780,#1148,.T.);
#4543=ADVANCED_FACE('',(#4542),#4535,.T.);
#4551=EDGE_CURVE('',#1672,#1734,#1166,.T.);
#4553=EDGE_CURVE('',#1672,#1673,#1180,.T.);
#4558=ADVANCED_FACE('',(#4557),#4548,.T.);
#4564=EDGE_CURVE('',#1737,#1694,#1171,.T.);
#4566=EDGE_CURVE('',#1759,#1737,#1175,.T.);
#4574=EDGE_CURVE('',#1662,#1694,#1192,.T.);
#4578=ADVANCED_FACE('',(#4577),#4563,.T.);
#4584=EDGE_CURVE('',#1764,#1737,#1184,.T.);
#4587=EDGE_CURVE('',#1694,#1763,#1188,.T.);
#4589=EDGE_CURVE('',#1763,#1764,#1218,.T.);
#4593=ADVANCED_FACE('',(#4592),#4583,.T.);
#4600=EDGE_CURVE('',#1694,#1737,#1197,.T.);
#4603=EDGE_CURVE('',#1764,#1763,#1223,.T.);
#4607=ADVANCED_FACE('',(#4606),#4598,.T.);
#4620=ADVANCED_FACE('',(#4619),#4612,.T.);
#4626=EDGE_CURVE('',#1658,#1817,#1235,.T.);
#4628=EDGE_CURVE('',#1729,#1817,#1201,.T.);
#4630=EDGE_CURVE('',#1729,#1702,#1315,.T.);
#4632=EDGE_CURVE('',#1701,#1702,#1205,.T.);
#4634=EDGE_CURVE('',#1701,#1750,#1287,.T.);
#4636=EDGE_CURVE('',#1687,#1750,#1209,.T.);
#4638=EDGE_CURVE('',#1687,#1659,#1267,.T.);
#4640=EDGE_CURVE('',#1658,#1659,#1213,.T.);
#4648=ADVANCED_FACE('',(#4643,#4647),#4625,.F.);
#4654=EDGE_CURVE('',#1777,#1775,#1259,.T.);
#4656=EDGE_CURVE('',#1775,#1798,#1411,.T.);
#4658=EDGE_CURVE('',#1709,#1798,#1227,.T.);
#4660=EDGE_CURVE('',#1787,#1709,#1231,.T.);
#4662=EDGE_CURVE('',#1787,#1788,#1319,.T.);
#4664=EDGE_CURVE('',#1788,#1817,#1607,.T.);
#4667=EDGE_CURVE('',#1658,#1777,#1619,.T.);
#4671=ADVANCED_FACE('',(#4670),#4653,.F.);
#4677=EDGE_CURVE('',#1647,#1752,#1239,.T.);
#4679=EDGE_CURVE('',#1771,#1647,#1243,.T.);
#4681=EDGE_CURVE('',#1692,#1771,#1247,.T.);
#4683=EDGE_CURVE('',#1691,#1692,#1251,.T.);
#4685=EDGE_CURVE('',#1775,#1691,#1255,.T.);
#4688=EDGE_CURVE('',#1752,#1777,#1263,.T.);
#4692=ADVANCED_FACE('',(#4691),#4676,.T.);
#4699=EDGE_CURVE('',#1687,#1688,#1283,.T.);
#4701=EDGE_CURVE('',#1688,#1830,#1483,.T.);
#4703=EDGE_CURVE('',#1830,#1792,#1439,.T.);
#4705=EDGE_CURVE('',#1641,#1792,#1271,.T.);
#4707=EDGE_CURVE('',#1647,#1641,#1275,.T.);
#4710=EDGE_CURVE('',#1752,#1659,#1615,.T.);
#4714=ADVANCED_FACE('',(#4713),#4697,.F.);
#4721=EDGE_CURVE('',#1826,#1750,#1279,.T.);
#4723=EDGE_CURVE('',#1826,#1688,#1487,.T.);
#4728=ADVANCED_FACE('',(#4727),#4719,.F.);
#4735=EDGE_CURVE('',#1701,#1758,#1303,.T.);
#4737=EDGE_CURVE('',#1758,#1712,#1555,.T.);
#4739=EDGE_CURVE('',#1712,#1808,#1511,.T.);
#4741=EDGE_CURVE('',#1813,#1808,#1291,.T.);
#4743=EDGE_CURVE('',#1812,#1813,#1295,.T.);
#4745=EDGE_CURVE('',#1812,#1826,#1463,.T.);
#4750=ADVANCED_FACE('',(#4749),#4733,.F.);
#4757=EDGE_CURVE('',#1815,#1702,#1299,.T.);
#4759=EDGE_CURVE('',#1815,#1758,#1559,.T.);
#4764=ADVANCED_FACE('',(#4763),#4755,.F.);
#4770=EDGE_CURVE('',#1726,#1727,#1339,.T.);
#4772=EDGE_CURVE('',#1727,#1706,#1583,.T.);
#4774=EDGE_CURVE('',#1824,#1706,#1307,.T.);
#4776=EDGE_CURVE('',#1819,#1824,#1311,.T.);
#4778=EDGE_CURVE('',#1819,#1815,#1535,.T.);
#4782=EDGE_CURVE('',#1729,#1726,#1611,.T.);
#4786=ADVANCED_FACE('',(#4785),#4769,.F.);
#4793=EDGE_CURVE('',#1741,#1787,#1323,.T.);
#4795=EDGE_CURVE('',#1740,#1741,#1327,.T.);
#4797=EDGE_CURVE('',#1746,#1740,#1331,.T.);
#4799=EDGE_CURVE('',#1727,#1746,#1335,.T.);
#4802=EDGE_CURVE('',#1788,#1726,#1343,.T.);
#4806=ADVANCED_FACE('',(#4805),#4791,.T.);
#4814=EDGE_CURVE('',#1707,#1709,#1347,.T.);
#4816=EDGE_CURVE('',#1743,#1707,#1351,.T.);
#4818=EDGE_CURVE('',#1769,#1743,#1355,.T.);
#4820=EDGE_CURVE('',#1741,#1769,#1359,.T.);
#4824=ADVANCED_FACE('',(#4823),#4811,.F.);
#4830=EDGE_CURVE('',#1640,#1641,#1391,.T.);
#4833=EDGE_CURVE('',#1792,#1821,#1435,.T.);
#4835=EDGE_CURVE('',#1821,#1813,#1447,.T.);
#4838=EDGE_CURVE('',#1808,#1809,#1507,.T.);
#4840=EDGE_CURVE('',#1809,#1824,#1519,.T.);
#4843=EDGE_CURVE('',#1706,#1707,#1579,.T.);
#4847=EDGE_CURVE('',#1798,#1640,#1407,.T.);
#4851=EDGE_CURVE('',#1837,#1838,#1372,.T.);
#4853=EDGE_CURVE('',#1838,#1837,#1377,.T.);
#4857=ADVANCED_FACE('',(#4850,#4856),#4829,.T.);
#4863=EDGE_CURVE('',#1838,#1846,#1363,.T.);
#4865=EDGE_CURVE('',#1845,#1846,#1387,.T.);
#4867=EDGE_CURVE('',#1845,#1837,#1367,.T.);
#4872=ADVANCED_FACE('',(#4871),#4862,.T.);
#4879=EDGE_CURVE('',#1846,#1845,#1382,.T.);
#4885=ADVANCED_FACE('',(#4884),#4877,.T.);
#4895=ADVANCED_FACE('',(#4894),#4890,.T.);
#4904=EDGE_CURVE('',#1766,#1640,#1395,.T.);
#4906=EDGE_CURVE('',#1828,#1766,#1399,.T.);
#4908=EDGE_CURVE('',#1771,#1828,#1403,.T.);
#4912=ADVANCED_FACE('',(#4911),#4900,.F.);
#4922=EDGE_CURVE('',#1691,#1803,#1423,.T.);
#4924=EDGE_CURVE('',#1766,#1803,#1415,.T.);
#4928=ADVANCED_FACE('',(#4927),#4917,.F.);
#4935=EDGE_CURVE('',#1692,#1721,#1431,.T.);
#4937=EDGE_CURVE('',#1803,#1721,#1419,.T.);
#4942=ADVANCED_FACE('',(#4941),#4933,.F.);
#4950=EDGE_CURVE('',#1721,#1828,#1427,.T.);
#4955=ADVANCED_FACE('',(#4954),#4947,.F.);
#4967=ADVANCED_FACE('',(#4966),#4960,.T.);
#4973=EDGE_CURVE('',#1755,#1821,#1451,.T.);
#4977=EDGE_CURVE('',#1830,#1783,#1479,.T.);
#4979=EDGE_CURVE('',#1783,#1756,#1503,.T.);
#4981=EDGE_CURVE('',#1755,#1756,#1443,.T.);
#4985=ADVANCED_FACE('',(#4984),#4972,.F.);
#4991=EDGE_CURVE('',#1723,#1812,#1467,.T.);
#4996=EDGE_CURVE('',#1684,#1755,#1455,.T.);
#4998=EDGE_CURVE('',#1723,#1684,#1459,.T.);
#5002=ADVANCED_FACE('',(#5001),#4990,.F.);
#5010=EDGE_CURVE('',#1784,#1723,#1471,.T.);
#5012=EDGE_CURVE('',#1783,#1784,#1475,.T.);
#5019=ADVANCED_FACE('',(#5018),#5007,.T.);
#5027=EDGE_CURVE('',#1683,#1684,#1491,.T.);
#5029=EDGE_CURVE('',#1784,#1683,#1495,.T.);
#5033=ADVANCED_FACE('',(#5032),#5024,.F.);
#5042=EDGE_CURVE('',#1756,#1683,#1499,.T.);
#5046=ADVANCED_FACE('',(#5045),#5038,.T.);
#5058=ADVANCED_FACE('',(#5057),#5051,.F.);
#5064=EDGE_CURVE('',#1790,#1809,#1523,.T.);
#5068=EDGE_CURVE('',#1712,#1713,#1551,.T.);
#5070=EDGE_CURVE('',#1713,#1773,#1575,.T.);
#5072=EDGE_CURVE('',#1790,#1773,#1515,.T.);
#5076=ADVANCED_FACE('',(#5075),#5063,.F.);
#5082=EDGE_CURVE('',#1796,#1819,#1539,.T.);
#5087=EDGE_CURVE('',#1719,#1790,#1527,.T.);
#5089=EDGE_CURVE('',#1796,#1719,#1531,.T.);
#5093=ADVANCED_FACE('',(#5092),#5081,.F.);
#5101=EDGE_CURVE('',#1795,#1796,#1543,.T.);
#5103=EDGE_CURVE('',#1713,#1795,#1547,.T.);
#5110=ADVANCED_FACE('',(#5109),#5098,.T.);
#5118=EDGE_CURVE('',#1718,#1719,#1563,.T.);
#5120=EDGE_CURVE('',#1795,#1718,#1567,.T.);
#5124=ADVANCED_FACE('',(#5123),#5115,.F.);
#5131=EDGE_CURVE('',#1773,#1718,#1571,.T.);
#5137=ADVANCED_FACE('',(#5136),#5129,.T.);
#5149=ADVANCED_FACE('',(#5148),#5142,.F.);
#5159=EDGE_CURVE('',#1746,#1747,#1595,.T.);
#5161=EDGE_CURVE('',#1743,#1747,#1587,.T.);
#5165=ADVANCED_FACE('',(#5164),#5154,.F.);
#5172=EDGE_CURVE('',#1740,#1801,#1603,.T.);
#5174=EDGE_CURVE('',#1747,#1801,#1591,.T.);
#5179=ADVANCED_FACE('',(#5178),#5170,.F.);
#5187=EDGE_CURVE('',#1801,#1769,#1599,.T.);
#5192=ADVANCED_FACE('',(#5191),#5184,.F.);
#5204=ADVANCED_FACE('',(#5203),#5197,.T.);
#5216=ADVANCED_FACE('',(#5215),#5209,.F.);
#5228=ADVANCED_FACE('',(#5227),#5221,.F.);
#5234=EDGE_CURVE('',#1842,#1850,#1623,.T.);
#5236=EDGE_CURVE('',#1849,#1850,#1637,.T.);
#5238=EDGE_CURVE('',#1849,#1841,#1627,.T.);
#5243=ADVANCED_FACE('',(#5242),#5233,.T.);
#5250=EDGE_CURVE('',#1850,#1849,#1632,.T.);
#5256=ADVANCED_FACE('',(#5255),#5248,.T.);
#5266=ADVANCED_FACE('',(#5265),#5261,.T.);
#5267=CLOSED_SHELL('',(#1866,#1883,#1896,#1912,#1927,#1940,#1965,#1978,#2786,
#3614,#4426,#4439,#4452,#4465,#4478,#4491,#4504,#4517,#4530,#4543,#4558,#4578,
#4593,#4607,#4620,#4648,#4671,#4692,#4714,#4728,#4750,#4764,#4786,#4806,#4824,
#4857,#4872,#4885,#4895,#4912,#4928,#4942,#4955,#4967,#4985,#5002,#5019,#5033,
#5046,#5058,#5076,#5093,#5110,#5124,#5137,#5149,#5165,#5179,#5192,#5204,#5216,
#5228,#5243,#5256,#5266));
#5268=MANIFOLD_SOLID_BREP('',#5267);
#5269=(LENGTH_UNIT()NAMED_UNIT(*)SI_UNIT(.MILLI.,.METRE.));
#5270=(NAMED_UNIT(*)PLANE_ANGLE_UNIT()SI_UNIT($,.RADIAN.));
#5273=(NAMED_UNIT(*)SI_UNIT($,.STERADIAN.)SOLID_ANGLE_UNIT());
#5275=(GEOMETRIC_REPRESENTATION_CONTEXT(3)GLOBAL_UNCERTAINTY_ASSIGNED_CONTEXT((
#5274))GLOBAL_UNIT_ASSIGNED_CONTEXT((#5269,#5272,#5273))REPRESENTATION_CONTEXT(
'ID1','3'));
#5276=ADVANCED_BREP_SHAPE_REPRESENTATION('',(#5268),#5275);
#5283=PRODUCT_DEFINITION('part definition','',#5282,#5279);
#5284=PRODUCT_DEFINITION_SHAPE('','SHAPE FOR C-CONREVSMA001-G.',#5283);
#5285=SHAPE_ASPECT('','solid data associated with C-CONREVSMA001-G',#5284,.F.);
#5286=PROPERTY_DEFINITION('',
'shape for solid data with which properties are associated',#5285);
#5287=SHAPE_REPRESENTATION('',(#5268),#5275);
#5288=SHAPE_DEFINITION_REPRESENTATION(#5286,#5287);
#5289=(LENGTH_UNIT()NAMED_UNIT(*)SI_UNIT(.MILLI.,.METRE.));
#5293=PROPERTY_DEFINITION('geometric validation property',
'area of C-CONREVSMA001-G',#5285);
#5294=REPRESENTATION('surface area',(#5292),#5275);
#5295=PROPERTY_DEFINITION_REPRESENTATION(#5293,#5294);
#5296=(LENGTH_UNIT()NAMED_UNIT(*)SI_UNIT(.MILLI.,.METRE.));
#5300=PROPERTY_DEFINITION('geometric validation property',
'volume of C-CONREVSMA001-G',#5285);
#5301=REPRESENTATION('volume',(#5299),#5275);
#5302=PROPERTY_DEFINITION_REPRESENTATION(#5300,#5301);
#5304=PROPERTY_DEFINITION('geometric validation property',
'centroid of C-CONREVSMA001-G',#5285);
#5305=REPRESENTATION('centroid',(#5303),#5275);
#5306=PROPERTY_DEFINITION_REPRESENTATION(#5304,#5305);
#5307=(LENGTH_UNIT()NAMED_UNIT(*)SI_UNIT(.MILLI.,.METRE.));
#5311=PROPERTY_DEFINITION('geometric validation property',
'area of C-CONREVSMA001-G',#5284);
#5312=REPRESENTATION('surface area',(#5310),#5275);
#5313=PROPERTY_DEFINITION_REPRESENTATION(#5311,#5312);
#5314=(LENGTH_UNIT()NAMED_UNIT(*)SI_UNIT(.MILLI.,.METRE.));
#5318=PROPERTY_DEFINITION('geometric validation property',
'volume of C-CONREVSMA001-G',#5284);
#5319=REPRESENTATION('volume',(#5317),#5275);
#5320=PROPERTY_DEFINITION_REPRESENTATION(#5318,#5319);
#5322=PROPERTY_DEFINITION('geometric validation property',
'centroid of C-CONREVSMA001-G',#5284);
#5323=REPRESENTATION('centroid',(#5321),#5275);
#5324=PROPERTY_DEFINITION_REPRESENTATION(#5322,#5323);
#5325=SHAPE_DEFINITION_REPRESENTATION(#5284,#5276);
ENDSEC;
END-ISO-10303-21;
