#VRML V2.0 utf8

Shape {
  appearance Appearance {
    material Material {
      diffuseColor 0.2510 0.2510 0.2510
      specularColor 0.1255 0.1255 0.1255
      ambientIntensity 0.2
      transparency 0.0000
      shininess 0.5
    }
  }
  geometry IndexedFaceSet {
    ccw TRUE
    solid FALSE
    coord DEF co Coordinate {
      point [
        0.767717 -3.208662 0.000000,
        0.444090 -3.208662 0.000000,
        0.444090 -1.489674 0.000000,
        -0.076867 -1.093573 0.000000,
        -0.076867 -1.136784 0.000000,
        -0.124880 -1.018795 0.000000,
        -0.086470 -1.444063 0.000000,
        -0.124880 -1.489674 0.000000,
        -0.086470 -1.487274 0.000000,
        0.039370 -1.489674 0.000000,
        0.071970 -1.309628 0.000000,
        0.071970 -1.444063 0.000000,
        0.039370 -1.309628 0.000000,
        0.039370 -1.444063 0.000000,
        -0.067265 -1.309628 0.000000,
        -0.067265 -1.266417 0.000000,
        0.039370 -1.266417 0.000000,
        0.039370 -1.136784 0.000000,
        0.071970 -1.266417 0.000000,
        0.071970 -1.136784 0.000000,
        0.039370 -1.093573 0.000000,
        0.039370 -1.018795 0.000000,
        0.124784 -1.093573 0.000000,
        0.163194 -1.018795 0.000000,
        0.124784 -1.487274 0.000000,
        -0.766819 -1.376845 0.000000,
        -0.604178 -1.376845 0.000000,
        -0.806150 -1.485876 0.000000,
        -0.566593 -1.487274 0.000000,
        -0.806150 -1.489674 0.000000,
        -0.494574 -1.489674 0.000000,
        -0.508978 -1.487274 0.000000,
        -0.494574 -1.018795 0.000000,
        -0.657816 -1.093573 0.000000,
        -0.806150 -1.018795 0.000000,
        -0.710630 -1.093573 0.000000,
        -0.806150 -1.338344 0.000000,
        0.039370 -0.161417 0.000000,
        0.118110 -0.082677 0.000000,
        0.163194 -0.161417 0.000000,
        0.163194 -0.082677 0.000000,
        0.444090 -0.161417 0.000000,
        0.444090 3.208662 0.000000,
        0.413386 3.208662 0.000000,
        0.177165 3.208662 0.000000,
        0.413386 3.543307 0.000000,
        0.177165 3.543307 0.000000,
        0.118110 0.192913 0.000000,
        0.039370 3.208662 0.000000,
        0.163194 0.192913 0.000000,
        0.163194 3.208662 0.000000,
        0.255906 0.192913 0.000000,
        0.393701 0.055118 0.000000,
        0.393701 -0.082677 0.000000,
        -0.748031 -0.948819 0.000000,
        -0.748031 -0.673228 0.000000,
        -0.806150 -0.594488 0.000000,
        -0.494574 -0.673228 0.000000,
        -0.494574 -0.594488 0.000000,
        -0.472441 -0.673228 0.000000,
        -0.393701 -0.594488 0.000000,
        -0.472441 -0.948819 0.000000,
        -0.393701 -1.018795 0.000000,
        -0.494574 -0.948819 0.000000,
        -0.472441 0.192913 0.000000,
        -0.393701 3.543307 0.000000,
        -0.393701 -0.161417 0.000000,
        -0.806150 -0.161417 0.000000,
        -0.806150 3.543307 0.000000,
        -0.767717 3.208662 0.000000,
        -0.767717 3.543307 0.000000,
        -0.413386 3.543307 0.000000,
        -0.413386 3.208662 0.000000,
        -0.494574 3.208662 0.000000,
        -0.494574 0.192913 0.000000,
        -0.748031 0.192913 0.000000,
        -0.748031 -0.082677 0.000000,
        -0.494574 -0.161417 0.000000,
        -0.494574 -0.082677 0.000000,
        -0.472441 -0.082677 0.000000,
        -0.314961 -0.948819 0.000000,
        -0.314961 -0.673228 0.000000,
        -0.124880 -0.673228 0.000000,
        -0.124880 -0.594488 0.000000,
        -0.039370 -0.673228 0.000000,
        0.039370 -0.594488 0.000000,
        -0.039370 -0.948819 0.000000,
        -0.124880 -0.948819 0.000000,
        2.814961 -1.489674 0.000000,
        2.814961 -3.543307 0.000000,
        2.539370 -3.208662 0.000000,
        2.539370 -3.543307 0.000000,
        1.594488 -3.208662 0.000000,
        1.948819 -3.208662 0.000000,
        2.185039 -3.208662 0.000000,
        1.948819 -3.543307 0.000000,
        2.185039 -3.543307 0.000000,
        1.003937 -3.208662 0.000000,
        1.003937 -3.543307 0.000000,
        0.767717 -3.543307 0.000000,
        1.358268 -3.208662 0.000000,
        1.358268 -3.543307 0.000000,
        1.594488 -3.543307 0.000000,
        0.767717 3.208662 0.000000,
        2.814961 -0.161417 0.000000,
        1.358268 3.208662 0.000000,
        1.358268 3.543307 0.000000,
        1.594488 3.543307 0.000000,
        1.594488 3.208662 0.000000,
        1.948819 3.208662 0.000000,
        1.003937 3.208662 0.000000,
        1.003937 3.543307 0.000000,
        0.767717 3.543307 0.000000,
        2.539370 3.543307 0.000000,
        2.814961 3.543307 0.000000,
        2.539370 3.208662 0.000000,
        2.185039 3.208662 0.000000,
        2.185039 3.543307 0.000000,
        1.948819 3.543307 0.000000,
        -0.314961 0.192913 0.000000,
        -0.177165 3.208662 0.000000,
        -0.124880 0.192913 0.000000,
        -0.124880 3.208662 0.000000,
        -0.039370 0.192913 0.000000,
        -0.177165 3.543307 0.000000,
        -0.314961 -0.082677 0.000000,
        -0.124880 -0.161417 0.000000,
        -0.124880 -0.082677 0.000000,
        -0.039370 -0.082677 0.000000,
        -2.814961 -0.161417 0.000000,
        -2.814961 3.543307 0.000000,
        -2.539370 3.208662 0.000000,
        -2.539370 3.543307 0.000000,
        -2.185039 3.208662 0.000000,
        -1.594488 3.208662 0.000000,
        -1.948819 3.208662 0.000000,
        -1.948819 3.543307 0.000000,
        -2.185039 3.543307 0.000000,
        -1.003937 3.543307 0.000000,
        -1.003937 3.208662 0.000000,
        -1.358268 3.208662 0.000000,
        -1.358268 3.543307 0.000000,
        -1.594488 3.543307 0.000000,
        -0.806150 -3.543307 0.000000,
        -1.003937 -3.543307 0.000000,
        -1.003937 -3.208662 0.000000,
        -1.358268 -3.208662 0.000000,
        -1.358268 -3.543307 0.000000,
        -1.594488 -3.543307 0.000000,
        -1.594488 -3.208662 0.000000,
        -1.948819 -3.208662 0.000000,
        -2.814961 -1.489674 0.000000,
        -2.539370 -3.543307 0.000000,
        -2.814961 -3.543307 0.000000,
        -2.539370 -3.208662 0.000000,
        -2.185039 -3.208662 0.000000,
        -2.185039 -3.543307 0.000000,
        -1.948819 -3.543307 0.000000,
        -0.393701 -3.543307 0.000000,
        -0.413386 -3.543307 0.000000,
        -0.413386 -3.208662 0.000000,
        -0.767717 -3.543307 0.000000,
        -0.767717 -3.208662 0.000000,
        -0.494574 -3.208662 0.000000,
        -0.393701 -1.489674 0.000000,
        -0.177165 -3.543307 0.000000,
        -0.177165 -3.208662 0.000000,
        -0.124880 -3.208662 0.000000,
        0.039370 -3.208662 0.000000,
        0.163194 -3.208662 0.000000,
        0.163194 -1.489674 0.000000,
        0.177165 -3.208662 0.000000,
        0.413386 -3.208662 0.000000,
        0.177165 -3.543307 0.000000,
        0.413386 -3.543307 0.000000,
        0.309931 -1.492075 0.000000,
        0.333084 -1.489674 0.000000,
        -0.039370 -0.240157 0.000000,
        -0.039370 -0.515748 0.000000,
        -0.124880 -0.515748 0.000000,
        -0.314961 -0.515748 0.000000,
        -0.314961 -0.240157 0.000000,
        -0.124880 -0.240157 0.000000,
        -0.748031 -0.515748 0.000000,
        -0.748031 -0.240157 0.000000,
        -0.494574 -0.240157 0.000000,
        -0.472441 -0.240157 0.000000,
        -0.472441 -0.515748 0.000000,
        -0.494574 -0.515748 0.000000,
        0.118110 -0.948819 0.000000,
        0.118110 -0.673228 0.000000,
        0.163194 -0.673228 0.000000,
        0.163194 -0.594488 0.000000,
        0.393701 -0.673228 0.000000,
        0.444090 -0.594488 0.000000,
        0.393701 -0.948819 0.000000,
        0.444090 -1.018795 0.000000,
        0.163194 -0.948819 0.000000,
        0.393701 -0.240157 0.000000,
        0.393701 -0.515748 0.000000,
        0.163194 -0.515748 0.000000,
        0.118110 -0.515748 0.000000,
        0.118110 -0.240157 0.000000,
        0.163194 -0.240157 0.000000,
        -0.364421 -1.469500 0.000000,
        -0.319056 -1.483021 0.000000,
        -0.270342 -1.487274 0.000000,
        -0.163290 -1.487274 0.000000,
        -0.163290 -1.093573 0.000000,
        -0.274393 -1.093573 0.000000,
        -0.331272 -1.099653 0.000000,
        -0.420598 -1.144907 0.000000,
        -0.448439 -1.175778 0.000000,
        -0.466735 -1.209637 0.000000,
        -0.460511 -1.379369 0.000000,
        -0.437934 -1.414583 0.000000,
        -0.405528 -1.445611 0.000000,
        -0.393701 -1.452484 0.000000,
        -0.377335 -1.115828 0.000000,
        -0.393701 -1.126795 0.000000,
        -0.420186 -1.144545 0.000000,
        -0.477309 -1.248426 0.000000,
        -0.480171 -1.285472 0.000000,
        -0.474646 -1.338161 0.000000,
        0.201604 -1.423657 0.000000,
        0.201604 -1.466869 0.000000,
        0.039370 -1.487274 0.000000,
        0.243570 -1.484100 0.000000,
        0.283353 -1.489674 0.000000,
        0.299167 -1.491890 0.000000,
        0.444090 -1.154174 0.000000,
        0.415081 -1.126276 0.000000,
        0.247122 -1.092024 0.000000,
        0.201604 -1.104376 0.000000,
        0.201604 -1.157189 0.000000,
        0.245950 -1.138200 0.000000,
        0.208660 -1.427566 0.000000,
        0.293802 -1.131983 0.000000,
        0.332570 -1.136336 0.000000,
        0.362037 -1.146971 0.000000,
        0.389287 -1.165201 0.000000,
        0.413062 -1.191448 0.000000,
        0.441665 -1.294624 0.000000,
        0.437679 -1.337244 0.000000,
        0.426983 -1.371108 0.000000,
        0.339376 -1.444744 0.000000,
        0.302655 -1.448864 0.000000,
        0.368063 -1.434184 0.000000,
        0.392225 -1.417898 0.000000,
        0.410700 -1.398407 0.000000,
        0.250394 -1.443063 0.000000,
        0.377686 -1.104750 0.000000,
        0.333796 -1.092000 0.000000,
        0.294252 -1.088772 0.000000,
        0.429293 -1.221845 0.000000,
        0.439787 -1.263992 0.000000,
        0.528087 -1.487274 0.000000,
        0.729739 -1.487274 0.000000,
        0.729739 -1.093573 0.000000,
        2.814961 -1.018795 0.000000,
        0.450625 -1.160459 0.000000,
        0.676926 -1.093573 0.000000,
        0.473701 -1.197268 0.000000,
        0.676926 -1.444063 0.000000,
        0.494479 -1.297850 0.000000,
        0.488815 -1.241878 0.000000,
        0.396609 -1.473909 0.000000,
        0.428278 -1.453687 0.000000,
        0.444090 -1.437039 0.000000,
        0.457849 -1.422554 0.000000,
        0.528087 -1.444063 0.000000,
        0.478823 -1.385119 0.000000,
        0.490672 -1.343446 0.000000,
        0.358450 -1.487044 0.000000,
        2.814961 -0.594488 0.000000,
        -2.814961 -0.594488 0.000000,
        -2.814961 -1.018795 0.000000,
        -0.864269 -1.487274 0.000000,
        -0.806654 -1.487274 0.000000,
      ]
    }
    coordIndex [
      0, 1, 2, -1,
      3, 4, 5, -1,
      5, 4, 6, -1,
      5, 6, 7, -1,
      7, 6, 8, -1,
      7, 8, 9, -1,
      10, 11, 12, -1,
      12, 11, 13, -1,
      12, 13, 14, -1,
      14, 13, 6, -1,
      14, 6, 15, -1,
      15, 6, 4, -1,
      15, 4, 16, -1,
      16, 4, 17, -1,
      16, 17, 18, -1,
      18, 17, 19, -1,
      3, 5, 20, -1,
      20, 5, 21, -1,
      20, 21, 22, -1,
      22, 21, 23, -1,
      22, 23, 24, -1,
      25, 26, 27, -1,
      27, 26, 28, -1,
      27, 28, 29, -1,
      29, 28, 30, -1,
      30, 28, 31, -1,
      30, 31, 32, -1,
      32, 31, 33, -1,
      32, 33, 34, -1,
      34, 33, 35, -1,
      34, 35, 36, -1,
      37, 38, 39, -1,
      39, 38, 40, -1,
      39, 40, 41, -1,
      42, 41, 43, -1,
      43, 41, 44, -1,
      43, 44, 45, -1,
      45, 44, 46, -1,
      47, 48, 49, -1,
      49, 48, 50, -1,
      49, 50, 51, -1,
      51, 50, 44, -1,
      51, 44, 52, -1,
      52, 44, 41, -1,
      52, 41, 53, -1,
      53, 41, 40, -1,
      54, 34, 55, -1,
      55, 34, 56, -1,
      55, 56, 57, -1,
      57, 56, 58, -1,
      57, 58, 59, -1,
      59, 58, 60, -1,
      59, 60, 61, -1,
      61, 60, 62, -1,
      61, 62, 63, -1,
      63, 62, 32, -1,
      63, 32, 54, -1,
      54, 32, 34, -1,
      64, 65, 66, -1,
      67, 68, 69, -1,
      69, 68, 70, -1,
      71, 65, 72, -1,
      72, 65, 64, -1,
      72, 64, 73, -1,
      73, 64, 74, -1,
      73, 74, 69, -1,
      69, 74, 75, -1,
      69, 75, 67, -1,
      67, 75, 76, -1,
      67, 76, 77, -1,
      77, 76, 78, -1,
      77, 78, 66, -1,
      66, 78, 79, -1,
      66, 79, 64, -1,
      80, 62, 81, -1,
      81, 62, 60, -1,
      81, 60, 82, -1,
      82, 60, 83, -1,
      82, 83, 84, -1,
      84, 83, 85, -1,
      84, 85, 86, -1,
      86, 85, 21, -1,
      86, 21, 87, -1,
      87, 21, 5, -1,
      87, 5, 80, -1,
      80, 5, 62, -1,
      88, 89, 90, -1,
      90, 89, 91, -1,
      92, 2, 93, -1,
      93, 2, 94, -1,
      93, 94, 95, -1,
      95, 94, 96, -1,
      97, 98, 99, -1,
      99, 0, 97, -1,
      97, 0, 2, -1,
      97, 2, 100, -1,
      100, 2, 92, -1,
      100, 92, 101, -1,
      101, 92, 102, -1,
      42, 103, 104, -1,
      105, 106, 107, -1,
      108, 109, 104, -1,
      107, 108, 105, -1,
      105, 108, 104, -1,
      105, 104, 110, -1,
      110, 104, 103, -1,
      110, 103, 111, -1,
      111, 103, 112, -1,
      113, 114, 115, -1,
      115, 114, 104, -1,
      115, 104, 116, -1,
      116, 104, 109, -1,
      116, 109, 117, -1,
      117, 109, 118, -1,
      119, 120, 121, -1,
      121, 120, 122, -1,
      121, 122, 123, -1,
      123, 122, 48, -1,
      123, 48, 37, -1,
      37, 48, 47, -1,
      37, 47, 38, -1,
      124, 120, 65, -1,
      65, 120, 119, -1,
      65, 119, 66, -1,
      66, 119, 125, -1,
      66, 125, 126, -1,
      126, 125, 127, -1,
      126, 127, 37, -1,
      37, 127, 128, -1,
      37, 128, 123, -1,
      129, 130, 131, -1,
      131, 130, 132, -1,
      131, 133, 67, -1,
      134, 67, 135, -1,
      135, 67, 133, -1,
      135, 133, 136, -1,
      136, 133, 137, -1,
      138, 68, 139, -1,
      139, 68, 67, -1,
      139, 67, 140, -1,
      140, 67, 134, -1,
      140, 134, 141, -1,
      141, 134, 142, -1,
      143, 144, 145, -1,
      146, 147, 148, -1,
      149, 150, 151, -1,
      148, 149, 146, -1,
      146, 149, 151, -1,
      146, 151, 145, -1,
      145, 151, 29, -1,
      145, 29, 143, -1,
      152, 153, 154, -1,
      154, 153, 151, -1,
      154, 151, 155, -1,
      155, 151, 150, -1,
      155, 150, 156, -1,
      156, 150, 157, -1,
      158, 159, 160, -1,
      161, 143, 162, -1,
      162, 143, 29, -1,
      162, 29, 163, -1,
      163, 29, 30, -1,
      163, 30, 160, -1,
      160, 30, 164, -1,
      160, 164, 158, -1,
      165, 158, 166, -1,
      166, 158, 164, -1,
      166, 164, 167, -1,
      167, 164, 7, -1,
      167, 7, 168, -1,
      168, 7, 9, -1,
      168, 9, 169, -1,
      169, 9, 170, -1,
      169, 170, 171, -1,
      171, 170, 172, -1,
      171, 172, 173, -1,
      173, 172, 174, -1,
      172, 175, 176, -1,
      172, 176, 1, -1,
      177, 37, 178, -1,
      178, 37, 85, -1,
      178, 85, 179, -1,
      179, 85, 83, -1,
      179, 83, 180, -1,
      180, 83, 60, -1,
      180, 60, 181, -1,
      181, 60, 66, -1,
      181, 66, 182, -1,
      182, 66, 126, -1,
      182, 126, 177, -1,
      177, 126, 37, -1,
      183, 56, 184, -1,
      184, 56, 67, -1,
      184, 67, 185, -1,
      185, 67, 77, -1,
      185, 77, 186, -1,
      186, 77, 66, -1,
      186, 66, 187, -1,
      187, 66, 60, -1,
      187, 60, 188, -1,
      188, 60, 58, -1,
      188, 58, 183, -1,
      183, 58, 56, -1,
      189, 21, 190, -1,
      190, 21, 85, -1,
      190, 85, 191, -1,
      191, 85, 192, -1,
      191, 192, 193, -1,
      193, 192, 194, -1,
      193, 194, 195, -1,
      195, 194, 196, -1,
      195, 196, 197, -1,
      197, 196, 23, -1,
      197, 23, 189, -1,
      189, 23, 21, -1,
      198, 41, 199, -1,
      199, 41, 194, -1,
      199, 194, 200, -1,
      200, 194, 192, -1,
      200, 192, 201, -1,
      201, 192, 85, -1,
      201, 85, 202, -1,
      202, 85, 37, -1,
      202, 37, 203, -1,
      203, 37, 39, -1,
      203, 39, 198, -1,
      198, 39, 41, -1,
      204, 205, 164, -1,
      164, 205, 206, -1,
      164, 206, 7, -1,
      7, 206, 207, -1,
      7, 207, 5, -1,
      5, 207, 208, -1,
      5, 208, 62, -1,
      62, 208, 209, -1,
      62, 209, 210, -1,
      211, 212, 32, -1,
      32, 212, 213, -1,
      214, 215, 30, -1,
      30, 215, 216, -1,
      30, 216, 164, -1,
      164, 216, 217, -1,
      164, 217, 204, -1,
      210, 218, 62, -1,
      62, 218, 219, -1,
      62, 219, 32, -1,
      32, 219, 220, -1,
      32, 220, 211, -1,
      213, 221, 32, -1,
      32, 221, 222, -1,
      32, 222, 30, -1,
      30, 222, 223, -1,
      30, 223, 214, -1,
      224, 225, 170, -1,
      8, 226, 9, -1,
      9, 226, 24, -1,
      9, 24, 170, -1,
      170, 24, 23, -1,
      170, 23, 224, -1,
      225, 227, 170, -1,
      170, 227, 228, -1,
      170, 228, 172, -1,
      172, 228, 229, -1,
      172, 229, 175, -1,
      196, 230, 231, -1,
      232, 233, 23, -1,
      23, 233, 234, -1,
      23, 234, 224, -1,
      224, 234, 235, -1,
      224, 235, 236, -1,
      236, 235, 237, -1,
      236, 237, 238, -1,
      238, 239, 236, -1,
      236, 239, 240, -1,
      236, 240, 241, -1,
      242, 243, 236, -1,
      236, 243, 244, -1,
      245, 246, 247, -1,
      247, 246, 248, -1,
      244, 249, 236, -1,
      236, 249, 248, -1,
      236, 248, 250, -1,
      250, 248, 246, -1,
      231, 251, 196, -1,
      196, 251, 252, -1,
      196, 252, 23, -1,
      23, 252, 253, -1,
      23, 253, 232, -1,
      241, 254, 236, -1,
      236, 254, 255, -1,
      236, 255, 242, -1,
      2, 256, 257, -1,
      258, 259, 257, -1,
      257, 259, 88, -1,
      257, 88, 2, -1,
      2, 88, 90, -1,
      2, 90, 94, -1,
      230, 196, 260, -1,
      260, 196, 261, -1,
      260, 261, 262, -1,
      263, 264, 261, -1,
      261, 264, 265, -1,
      261, 265, 262, -1,
      266, 267, 2, -1,
      2, 267, 268, -1,
      2, 268, 256, -1,
      256, 268, 269, -1,
      256, 269, 270, -1,
      270, 269, 271, -1,
      270, 271, 263, -1,
      263, 271, 272, -1,
      263, 272, 264, -1,
      1, 176, 2, -1,
      2, 176, 273, -1,
      2, 273, 266, -1,
      42, 104, 41, -1,
      41, 104, 274, -1,
      41, 274, 194, -1,
      194, 274, 259, -1,
      194, 259, 196, -1,
      196, 259, 258, -1,
      196, 258, 261, -1,
      131, 67, 129, -1,
      129, 67, 56, -1,
      129, 56, 275, -1,
      275, 56, 34, -1,
      275, 34, 276, -1,
      276, 34, 36, -1,
      276, 36, 151, -1,
      151, 36, 277, -1,
      151, 277, 29, -1,
      29, 277, 278, -1,
      29, 278, 27, -1,
    ]
  }
}

Shape {
  appearance Appearance {
    material Material {
      diffuseColor 1.0000 1.0000 0.5020
      specularColor 0.5020 0.5020 0.2510
      ambientIntensity 0.2
      transparency 0.0000
      shininess 0.5
    }
  }
  geometry IndexedFaceSet {
    ccw TRUE
    solid FALSE
    coord DEF co Coordinate {
      point [
        -2.539370 -3.543307 0.314961,
        -2.539370 -3.543307 0.318898,
        -2.539370 -3.366142 0.314961,
        -2.539370 -3.366142 0.318898,
        -2.185039 -3.543307 0.318898,
        -2.185039 -3.543307 0.314961,
        -2.185039 -3.366142 0.318898,
        -2.185039 -3.366142 0.314961,
        -2.481539 -3.474410 0.318898,
        -2.459641 -3.445871 0.318898,
        -2.431102 -3.423973 0.318898,
        -2.495305 -3.507643 0.318898,
        -2.500000 -3.543307 0.318898,
        -2.397869 -3.410207 0.318898,
        -2.362205 -3.405512 0.318898,
        -2.326541 -3.410207 0.318898,
        -2.293307 -3.423973 0.318898,
        -2.264769 -3.445871 0.318898,
        -2.242870 -3.474410 0.318898,
        -2.229105 -3.507643 0.318898,
        -2.224409 -3.543307 0.318898,
        -1.948819 -3.543307 0.314961,
        -1.948819 -3.543307 0.318898,
        -1.948819 -3.366142 0.314961,
        -1.948819 -3.366142 0.318898,
        -1.594488 -3.543307 0.318898,
        -1.594488 -3.543307 0.314961,
        -1.594488 -3.366142 0.318898,
        -1.594488 -3.366142 0.314961,
        -1.890988 -3.474410 0.318898,
        -1.869090 -3.445871 0.318898,
        -1.840551 -3.423973 0.318898,
        -1.807318 -3.410207 0.318898,
        -1.771654 -3.405512 0.318898,
        -1.735989 -3.410207 0.318898,
        -1.702756 -3.423973 0.318898,
        -1.904754 -3.507643 0.318898,
        -1.909449 -3.543307 0.318898,
        -1.674217 -3.445871 0.318898,
        -1.652319 -3.474410 0.318898,
        -1.638554 -3.507643 0.318898,
        -1.633858 -3.543307 0.318898,
        -1.358268 -3.543307 0.314961,
        -1.358268 -3.543307 0.318898,
        -1.358268 -3.366142 0.314961,
        -1.358268 -3.366142 0.318898,
        -1.003937 -3.543307 0.318898,
        -1.003937 -3.543307 0.314961,
        -1.003937 -3.366142 0.318898,
        -1.003937 -3.366142 0.314961,
        -1.300437 -3.474410 0.318898,
        -1.278538 -3.445871 0.318898,
        -1.250000 -3.423973 0.318898,
        -1.314202 -3.507643 0.318898,
        -1.318898 -3.543307 0.318898,
        -1.216767 -3.410207 0.318898,
        -1.181102 -3.405512 0.318898,
        -1.145438 -3.410207 0.318898,
        -1.112205 -3.423973 0.318898,
        -1.083667 -3.445871 0.318898,
        -1.061768 -3.474410 0.318898,
        -1.048002 -3.507643 0.318898,
        -1.043307 -3.543307 0.318898,
        -0.767717 -3.543307 0.314961,
        -0.767717 -3.543307 0.318898,
        -0.767717 -3.366142 0.314961,
        -0.767717 -3.366142 0.318898,
        -0.413386 -3.543307 0.318898,
        -0.413386 -3.543307 0.314961,
        -0.413386 -3.366142 0.318898,
        -0.413386 -3.366142 0.314961,
        -0.709885 -3.474410 0.318898,
        -0.687987 -3.445871 0.318898,
        -0.659449 -3.423973 0.318898,
        -0.723651 -3.507643 0.318898,
        -0.728346 -3.543307 0.318898,
        -0.626215 -3.410207 0.318898,
        -0.590551 -3.405512 0.318898,
        -0.554887 -3.410207 0.318898,
        -0.521654 -3.423973 0.318898,
        -0.493115 -3.445871 0.318898,
        -0.471217 -3.474410 0.318898,
        -0.457451 -3.507643 0.318898,
        -0.452756 -3.543307 0.318898,
        -0.177165 -3.543307 0.314961,
        -0.177165 -3.543307 0.318898,
        -0.177165 -3.366142 0.314961,
        -0.177165 -3.366142 0.318898,
        0.177165 -3.543307 0.318898,
        0.177165 -3.543307 0.314961,
        0.177165 -3.366142 0.318898,
        0.177165 -3.366142 0.314961,
        -0.119334 -3.474410 0.318898,
        -0.097436 -3.445871 0.318898,
        -0.068898 -3.423973 0.318898,
        -0.133100 -3.507643 0.318898,
        -0.137795 -3.543307 0.318898,
        0.068898 -3.423973 0.318898,
        0.097436 -3.445871 0.318898,
        0.119334 -3.474410 0.318898,
        0.133100 -3.507643 0.318898,
        0.137795 -3.543307 0.318898,
        -0.035664 -3.410207 0.318898,
        0.000000 -3.405512 0.318898,
        0.035664 -3.410207 0.318898,
        0.413386 -3.543307 0.314961,
        0.413386 -3.543307 0.318898,
        0.413386 -3.366142 0.314961,
        0.413386 -3.366142 0.318898,
      ]
    }
    coordIndex [
      0, 1, 2, -1,
      2, 1, 3, -1,
      4, 5, 6, -1,
      6, 5, 7, -1,
      8, 9, 3, -1,
      3, 9, 10, -1,
      8, 3, 11, -1,
      11, 3, 1, -1,
      11, 1, 12, -1,
      10, 13, 3, -1,
      3, 13, 14, -1,
      3, 14, 6, -1,
      6, 14, 15, -1,
      6, 15, 16, -1,
      16, 17, 6, -1,
      6, 17, 18, -1,
      6, 18, 4, -1,
      4, 18, 19, -1,
      4, 19, 20, -1,
      21, 22, 23, -1,
      23, 22, 24, -1,
      25, 26, 27, -1,
      27, 26, 28, -1,
      29, 30, 24, -1,
      24, 30, 31, -1,
      31, 32, 24, -1,
      24, 32, 33, -1,
      24, 33, 27, -1,
      27, 33, 34, -1,
      27, 34, 35, -1,
      29, 24, 36, -1,
      36, 24, 22, -1,
      36, 22, 37, -1,
      35, 38, 27, -1,
      27, 38, 39, -1,
      27, 39, 25, -1,
      25, 39, 40, -1,
      25, 40, 41, -1,
      42, 43, 44, -1,
      44, 43, 45, -1,
      46, 47, 48, -1,
      48, 47, 49, -1,
      50, 51, 45, -1,
      45, 51, 52, -1,
      50, 45, 53, -1,
      53, 45, 43, -1,
      53, 43, 54, -1,
      52, 55, 45, -1,
      45, 55, 56, -1,
      45, 56, 48, -1,
      48, 56, 57, -1,
      48, 57, 58, -1,
      58, 59, 48, -1,
      48, 59, 60, -1,
      48, 60, 46, -1,
      46, 60, 61, -1,
      46, 61, 62, -1,
      63, 64, 65, -1,
      65, 64, 66, -1,
      67, 68, 69, -1,
      69, 68, 70, -1,
      71, 72, 66, -1,
      66, 72, 73, -1,
      71, 66, 74, -1,
      74, 66, 64, -1,
      74, 64, 75, -1,
      73, 76, 66, -1,
      66, 76, 77, -1,
      66, 77, 69, -1,
      69, 77, 78, -1,
      69, 78, 79, -1,
      79, 80, 69, -1,
      69, 80, 81, -1,
      69, 81, 67, -1,
      67, 81, 82, -1,
      67, 82, 83, -1,
      84, 85, 86, -1,
      86, 85, 87, -1,
      88, 89, 90, -1,
      90, 89, 91, -1,
      92, 93, 87, -1,
      87, 93, 94, -1,
      92, 87, 95, -1,
      95, 87, 85, -1,
      95, 85, 96, -1,
      97, 98, 90, -1,
      90, 98, 99, -1,
      90, 99, 88, -1,
      88, 99, 100, -1,
      88, 100, 101, -1,
      94, 102, 87, -1,
      87, 102, 103, -1,
      87, 103, 90, -1,
      90, 103, 104, -1,
      90, 104, 97, -1,
      105, 106, 107, -1,
      107, 106, 108, -1,
    ]
  }
}

Shape {
  appearance Appearance {
    material Material {
      diffuseColor 0.5020 0.2510 0.0000
      specularColor 0.4431 0.2196 0.0000
      ambientIntensity 0.2
      transparency 0.0000
      shininess 0.5
    }
  }
  geometry IndexedFaceSet {
    ccw TRUE
    solid FALSE
    coord DEF co Coordinate {
      point [
        0.767717 -3.543307 0.318898,
        0.767717 -3.543307 0.314961,
        0.767717 -3.366142 0.318898,
        0.767717 -3.366142 0.314961,
      ]
    }
    coordIndex [
      0, 1, 2, -1,
      2, 1, 3, -1,
    ]
  }
}

Shape {
  appearance Appearance {
    material Material {
      diffuseColor 1.0000 1.0000 0.5020
      specularColor 0.5020 0.5020 0.2510
      ambientIntensity 0.2
      transparency 0.0000
      shininess 0.5
    }
  }
  geometry IndexedFaceSet {
    ccw TRUE
    solid FALSE
    coord DEF co Coordinate {
      point [
        0.413386 -3.543307 0.318898,
        0.413386 -3.366142 0.318898,
        0.767717 -3.543307 0.318898,
        0.767717 -3.366142 0.318898,
        0.471217 -3.474410 0.318898,
        0.493115 -3.445871 0.318898,
        0.521654 -3.423973 0.318898,
        0.457451 -3.507643 0.318898,
        0.452756 -3.543307 0.318898,
        0.554887 -3.410207 0.318898,
        0.590551 -3.405512 0.318898,
        0.626215 -3.410207 0.318898,
        0.659449 -3.423973 0.318898,
        0.687987 -3.445871 0.318898,
        0.709885 -3.474410 0.318898,
        0.723651 -3.507643 0.318898,
        0.728346 -3.543307 0.318898,
        1.003937 -3.543307 0.314961,
        1.003937 -3.543307 0.318898,
        1.003937 -3.366142 0.314961,
        1.003937 -3.366142 0.318898,
        1.358268 -3.543307 0.318898,
        1.358268 -3.543307 0.314961,
        1.358268 -3.366142 0.318898,
        1.358268 -3.366142 0.314961,
        1.061768 -3.474410 0.318898,
        1.083667 -3.445871 0.318898,
        1.112205 -3.423973 0.318898,
        1.048002 -3.507643 0.318898,
        1.043307 -3.543307 0.318898,
        1.145438 -3.410207 0.318898,
        1.181102 -3.405512 0.318898,
        1.216767 -3.410207 0.318898,
        1.250000 -3.423973 0.318898,
        1.278538 -3.445871 0.318898,
        1.300437 -3.474410 0.318898,
        1.314202 -3.507643 0.318898,
        1.318898 -3.543307 0.318898,
        1.594488 -3.543307 0.314961,
        1.594488 -3.543307 0.318898,
        1.594488 -3.366142 0.314961,
        1.594488 -3.366142 0.318898,
        1.948819 -3.543307 0.318898,
        1.948819 -3.543307 0.314961,
        1.948819 -3.366142 0.318898,
        1.948819 -3.366142 0.314961,
        1.652319 -3.474410 0.318898,
        1.674217 -3.445871 0.318898,
        1.702756 -3.423973 0.318898,
        1.638554 -3.507643 0.318898,
        1.633858 -3.543307 0.318898,
        1.735989 -3.410207 0.318898,
        1.771654 -3.405512 0.318898,
        1.807318 -3.410207 0.318898,
        1.840551 -3.423973 0.318898,
        1.869090 -3.445871 0.318898,
        1.890988 -3.474410 0.318898,
        1.904754 -3.507643 0.318898,
        1.909449 -3.543307 0.318898,
        2.185039 -3.543307 0.314961,
        2.185039 -3.543307 0.318898,
        2.185039 -3.366142 0.314961,
        2.185039 -3.366142 0.318898,
        2.539370 -3.543307 0.318898,
        2.539370 -3.543307 0.314961,
        2.539370 -3.366142 0.318898,
        2.539370 -3.366142 0.314961,
        2.242870 -3.474410 0.318898,
        2.264769 -3.445871 0.318898,
        2.293307 -3.423973 0.318898,
        2.229105 -3.507643 0.318898,
        2.224409 -3.543307 0.318898,
        2.326541 -3.410207 0.318898,
        2.362205 -3.405512 0.318898,
        2.397869 -3.410207 0.318898,
        2.431102 -3.423973 0.318898,
        2.459641 -3.445871 0.318898,
        2.481539 -3.474410 0.318898,
        2.495305 -3.507643 0.318898,
        2.500000 -3.543307 0.318898,
      ]
    }
    coordIndex [
      4, 5, 1, -1,
      1, 5, 6, -1,
      4, 1, 7, -1,
      7, 1, 0, -1,
      7, 0, 8, -1,
      6, 9, 1, -1,
      1, 9, 10, -1,
      1, 10, 3, -1,
      3, 10, 11, -1,
      3, 11, 12, -1,
      12, 13, 3, -1,
      3, 13, 14, -1,
      3, 14, 2, -1,
      2, 14, 15, -1,
      2, 15, 16, -1,
      17, 18, 19, -1,
      19, 18, 20, -1,
      21, 22, 23, -1,
      23, 22, 24, -1,
      25, 26, 20, -1,
      20, 26, 27, -1,
      25, 20, 28, -1,
      28, 20, 18, -1,
      28, 18, 29, -1,
      27, 30, 20, -1,
      20, 30, 31, -1,
      20, 31, 23, -1,
      23, 31, 32, -1,
      23, 32, 33, -1,
      33, 34, 23, -1,
      23, 34, 35, -1,
      23, 35, 21, -1,
      21, 35, 36, -1,
      21, 36, 37, -1,
      38, 39, 40, -1,
      40, 39, 41, -1,
      42, 43, 44, -1,
      44, 43, 45, -1,
      46, 47, 41, -1,
      41, 47, 48, -1,
      46, 41, 49, -1,
      49, 41, 39, -1,
      49, 39, 50, -1,
      48, 51, 41, -1,
      41, 51, 52, -1,
      41, 52, 44, -1,
      44, 52, 53, -1,
      44, 53, 54, -1,
      54, 55, 44, -1,
      44, 55, 56, -1,
      44, 56, 42, -1,
      42, 56, 57, -1,
      42, 57, 58, -1,
      59, 60, 61, -1,
      61, 60, 62, -1,
      63, 64, 65, -1,
      65, 64, 66, -1,
      67, 68, 62, -1,
      62, 68, 69, -1,
      67, 62, 70, -1,
      70, 62, 60, -1,
      70, 60, 71, -1,
      69, 72, 62, -1,
      62, 72, 73, -1,
      62, 73, 65, -1,
      65, 73, 74, -1,
      65, 74, 75, -1,
      75, 76, 65, -1,
      65, 76, 77, -1,
      65, 77, 63, -1,
      63, 77, 78, -1,
      63, 78, 79, -1,
    ]
  }
}

Shape {
  appearance Appearance {
    material Material {
      diffuseColor 0.2510 0.2510 0.2510
      specularColor 0.1255 0.1255 0.1255
      ambientIntensity 0.2
      transparency 0.0000
      shininess 0.5
    }
  }
  geometry IndexedFaceSet {
    ccw TRUE
    solid FALSE
    coord DEF co Coordinate {
      point [
        1.948819 -3.543307 0.000000,
        2.185039 -3.543307 0.000000,
        1.003937 -3.543307 0.000000,
        0.767717 -3.543307 0.000000,
        1.358268 -3.543307 0.000000,
        1.594488 -3.543307 0.000000,
        -1.003937 -3.543307 0.000000,
        -1.358268 -3.543307 0.000000,
        -1.594488 -3.543307 0.000000,
        -2.539370 -3.543307 0.000000,
        -2.814961 -3.543307 0.000000,
        -2.185039 -3.543307 0.000000,
        -1.948819 -3.543307 0.000000,
        -0.393701 -3.543307 0.000000,
        -0.413386 -3.543307 0.000000,
        -0.767717 -3.543307 0.000000,
        -0.177165 -3.543307 0.000000,
        0.177165 -3.543307 0.000000,
        0.413386 -3.543307 0.000000,
        -2.539370 -3.543307 0.314961,
        -2.539370 -3.543307 0.318898,
        -2.185039 -3.543307 0.318898,
        -2.185039 -3.543307 0.314961,
        -2.500000 -3.543307 0.318898,
        -2.224409 -3.543307 0.318898,
        -1.948819 -3.543307 0.314961,
        -1.948819 -3.543307 0.318898,
        -1.594488 -3.543307 0.318898,
        -1.594488 -3.543307 0.314961,
        -1.909449 -3.543307 0.318898,
        -1.633858 -3.543307 0.318898,
        -1.358268 -3.543307 0.314961,
        -1.358268 -3.543307 0.318898,
        -1.003937 -3.543307 0.318898,
        -1.003937 -3.543307 0.314961,
        -1.318898 -3.543307 0.318898,
        -1.043307 -3.543307 0.318898,
        -0.767717 -3.543307 0.314961,
        -0.767717 -3.543307 0.318898,
        -0.413386 -3.543307 0.318898,
        -0.413386 -3.543307 0.314961,
        -0.728346 -3.543307 0.318898,
        -0.452756 -3.543307 0.318898,
        -0.177165 -3.543307 0.314961,
        -0.177165 -3.543307 0.318898,
        0.177165 -3.543307 0.318898,
        0.177165 -3.543307 0.314961,
        -0.137795 -3.543307 0.318898,
        0.137795 -3.543307 0.318898,
        0.413386 -3.543307 0.314961,
        0.413386 -3.543307 0.318898,
        0.767717 -3.543307 0.318898,
        0.767717 -3.543307 0.314961,
        0.452756 -3.543307 0.318898,
        0.728346 -3.543307 0.318898,
        1.003937 -3.543307 0.314961,
        1.003937 -3.543307 0.318898,
        1.358268 -3.543307 0.318898,
        1.358268 -3.543307 0.314961,
        1.043307 -3.543307 0.318898,
        1.318898 -3.543307 0.318898,
        1.594488 -3.543307 0.314961,
        1.594488 -3.543307 0.318898,
        1.948819 -3.543307 0.318898,
        1.948819 -3.543307 0.314961,
        1.633858 -3.543307 0.318898,
        1.909449 -3.543307 0.318898,
        2.185039 -3.543307 0.314961,
        2.185039 -3.543307 0.318898,
        2.224409 -3.543307 0.318898,
        -2.500000 -3.543307 -0.003937,
        -2.539370 -3.543307 -0.003937,
        -2.814961 -3.543307 0.314961,
        -1.948819 -3.543307 -0.003937,
        -1.909449 -3.543307 -0.003937,
        -2.224409 -3.543307 -0.003937,
        -2.185039 -3.543307 -0.003937,
        -1.358268 -3.543307 -0.003937,
        -1.318898 -3.543307 -0.003937,
        -1.633858 -3.543307 -0.003937,
        -1.594488 -3.543307 -0.003937,
        -0.767717 -3.543307 -0.003937,
        -0.728346 -3.543307 -0.003937,
        -1.043307 -3.543307 -0.003937,
        -1.003937 -3.543307 -0.003937,
        -0.177165 -3.543307 -0.003937,
        -0.137795 -3.543307 -0.003937,
        -0.452756 -3.543307 -0.003937,
        -0.413386 -3.543307 -0.003937,
        0.413386 -3.543307 -0.003937,
        0.452756 -3.543307 -0.003937,
        0.137795 -3.543307 -0.003937,
        0.177165 -3.543307 -0.003937,
        1.003937 -3.543307 -0.003937,
        1.043307 -3.543307 -0.003937,
        0.728346 -3.543307 -0.003937,
        0.767717 -3.543307 -0.003937,
        1.594488 -3.543307 -0.003937,
        1.633858 -3.543307 -0.003937,
        1.318898 -3.543307 -0.003937,
        1.358268 -3.543307 -0.003937,
        2.185039 -3.543307 -0.003937,
        2.224409 -3.543307 -0.003937,
        1.909449 -3.543307 -0.003937,
        1.948819 -3.543307 -0.003937,
      ]
    }
    coordIndex [
      70, 23, 19, -1,
      19, 23, 20, -1,
      71, 70, 9, -1,
      9, 70, 19, -1,
      9, 19, 10, -1,
      10, 19, 72, -1,
      12, 73, 74, -1,
      24, 75, 11, -1,
      11, 75, 76, -1,
      29, 26, 25, -1,
      21, 24, 22, -1,
      22, 24, 11, -1,
      22, 11, 25, -1,
      25, 11, 12, -1,
      25, 12, 29, -1,
      29, 12, 74, -1,
      7, 77, 78, -1,
      30, 79, 8, -1,
      8, 79, 80, -1,
      35, 32, 31, -1,
      27, 30, 28, -1,
      28, 30, 8, -1,
      28, 8, 31, -1,
      31, 8, 7, -1,
      31, 7, 35, -1,
      35, 7, 78, -1,
      15, 81, 82, -1,
      36, 83, 6, -1,
      6, 83, 84, -1,
      41, 38, 37, -1,
      33, 36, 34, -1,
      34, 36, 6, -1,
      34, 6, 37, -1,
      37, 6, 15, -1,
      37, 15, 41, -1,
      41, 15, 82, -1,
      16, 85, 86, -1,
      87, 88, 14, -1,
      40, 39, 42, -1,
      47, 44, 43, -1,
      86, 47, 16, -1,
      16, 47, 43, -1,
      16, 43, 13, -1,
      13, 43, 40, -1,
      13, 40, 14, -1,
      14, 40, 42, -1,
      14, 42, 87, -1,
      18, 89, 90, -1,
      48, 91, 17, -1,
      17, 91, 92, -1,
      53, 50, 49, -1,
      45, 48, 46, -1,
      46, 48, 17, -1,
      46, 17, 49, -1,
      49, 17, 18, -1,
      49, 18, 53, -1,
      53, 18, 90, -1,
      2, 93, 94, -1,
      54, 95, 3, -1,
      3, 95, 96, -1,
      59, 56, 55, -1,
      51, 54, 52, -1,
      52, 54, 3, -1,
      52, 3, 55, -1,
      55, 3, 2, -1,
      55, 2, 59, -1,
      59, 2, 94, -1,
      5, 97, 98, -1,
      60, 99, 4, -1,
      4, 99, 100, -1,
      65, 62, 61, -1,
      57, 60, 58, -1,
      58, 60, 4, -1,
      58, 4, 61, -1,
      61, 4, 5, -1,
      61, 5, 65, -1,
      65, 5, 98, -1,
      1, 101, 102, -1,
      66, 103, 0, -1,
      0, 103, 104, -1,
      69, 68, 67, -1,
      63, 66, 64, -1,
      64, 66, 0, -1,
      64, 0, 67, -1,
      67, 0, 1, -1,
      67, 1, 69, -1,
      69, 1, 102, -1,
    ]
  }
}

Shape {
  appearance Appearance {
    material Material {
      diffuseColor 1.0000 1.0000 0.5020
      specularColor 0.5020 0.5020 0.2510
      ambientIntensity 0.2
      transparency 0.0000
      shininess 0.5
    }
  }
  geometry IndexedFaceSet {
    ccw TRUE
    solid FALSE
    coord DEF co Coordinate {
      point [
        2.814961 -3.543307 0.000000,
        2.539370 -3.543307 0.000000,
        2.539370 -3.543307 0.318898,
        2.539370 -3.543307 0.314961,
        2.500000 -3.543307 0.318898,
        2.500000 -3.543307 -0.003937,
        2.539370 -3.543307 -0.003937,
        2.814961 -3.543307 0.314961,
      ]
    }
    coordIndex [
      4, 5, 1, -1,
      1, 5, 6, -1,
      2, 4, 3, -1,
      3, 4, 1, -1,
      3, 1, 7, -1,
      7, 1, 0, -1,
    ]
  }
}

Shape {
  appearance Appearance {
    material Material {
      diffuseColor 0.2510 0.2510 0.2510
      specularColor 0.1255 0.1255 0.1255
      ambientIntensity 0.2
      transparency 0.0000
      shininess 0.5
    }
  }
  geometry IndexedFaceSet {
    ccw TRUE
    solid FALSE
    coord DEF co Coordinate {
      point [
        0.413386 3.543307 0.000000,
        0.177165 3.543307 0.000000,
        -0.767717 3.543307 0.000000,
        -0.413386 3.543307 0.000000,
        1.358268 3.543307 0.000000,
        1.594488 3.543307 0.000000,
        1.003937 3.543307 0.000000,
        0.767717 3.543307 0.000000,
        2.185039 3.543307 0.000000,
        1.948819 3.543307 0.000000,
        -0.177165 3.543307 0.000000,
        -1.003937 3.543307 0.000000,
        -1.358268 3.543307 0.000000,
        -1.594488 3.543307 0.000000,
        -2.539370 -3.543307 0.314961,
        -2.539370 -3.366142 0.314961,
        -2.185039 -3.543307 0.314961,
        -2.185039 -3.366142 0.314961,
        -1.948819 -3.543307 0.314961,
        -1.948819 -3.366142 0.314961,
        -1.594488 -3.543307 0.314961,
        -1.594488 -3.366142 0.314961,
        -1.358268 -3.543307 0.314961,
        -1.358268 -3.366142 0.314961,
        -1.003937 -3.543307 0.314961,
        -1.003937 -3.366142 0.314961,
        -0.767717 -3.543307 0.314961,
        -0.767717 -3.366142 0.314961,
        -0.413386 -3.543307 0.314961,
        -0.413386 -3.366142 0.314961,
        -0.177165 -3.543307 0.314961,
        -0.177165 -3.366142 0.314961,
        0.177165 -3.543307 0.314961,
        0.177165 -3.366142 0.314961,
        0.413386 -3.543307 0.314961,
        0.413386 -3.366142 0.314961,
        0.767717 -3.543307 0.314961,
        0.767717 -3.366142 0.314961,
        1.003937 -3.543307 0.314961,
        1.003937 -3.366142 0.314961,
        1.358268 -3.543307 0.314961,
        1.358268 -3.366142 0.314961,
        1.594488 -3.543307 0.314961,
        1.594488 -3.366142 0.314961,
        1.948819 -3.543307 0.314961,
        1.948819 -3.366142 0.314961,
        2.185039 -3.543307 0.314961,
        2.185039 -3.366142 0.314961,
        2.539370 -3.543307 0.314961,
        2.539370 -3.366142 0.314961,
        -2.814961 -3.543307 0.314961,
        2.814961 -3.543307 0.314961,
        1.594488 3.366142 0.314961,
        1.594488 3.543307 0.314961,
        1.358268 3.543307 0.314961,
        2.814961 3.543307 0.314961,
        2.539370 3.543307 0.314961,
        2.539370 3.366142 0.314961,
        2.275358 3.142899 0.314961,
        2.322835 3.123233 0.314961,
        2.363604 3.091950 0.314961,
        2.394887 3.051181 0.314961,
        2.322835 -1.548430 0.314961,
        2.086614 -1.906350 0.314961,
        2.363604 -1.517147 0.314961,
        2.394887 -1.476378 0.314961,
        2.224409 3.149606 0.314961,
        2.185039 3.366142 0.314961,
        -2.224409 3.149606 0.314961,
        1.358268 3.366142 0.314961,
        1.003937 3.366142 0.314961,
        2.185039 3.543307 0.314961,
        1.948819 3.543307 0.314961,
        1.948819 3.366142 0.314961,
        0.177165 3.366142 0.314961,
        -0.177165 3.366142 0.314961,
        2.275358 -1.568096 0.314961,
        2.224409 -1.574803 0.314961,
        1.181102 -1.906350 0.314961,
        1.043307 -1.574803 0.314961,
        0.992359 -1.581511 0.314961,
        2.414552 3.003704 0.314961,
        2.421260 2.952756 0.314961,
        2.421260 -1.377953 0.314961,
        2.414552 -1.428902 0.314961,
        0.413386 3.366142 0.314961,
        0.413386 3.543307 0.314961,
        0.177165 3.543307 0.314961,
        -2.275358 3.142899 0.314961,
        -1.003937 3.366142 0.314961,
        -1.358268 3.366142 0.314961,
        2.086614 -2.811862 0.314961,
        1.003937 3.543307 0.314961,
        0.767717 3.543307 0.314961,
        0.767717 3.366142 0.314961,
        -0.177165 3.543307 0.314961,
        -0.413386 3.543307 0.314961,
        -0.413386 3.366142 0.314961,
        -0.767717 3.366142 0.314961,
        -0.767717 3.543307 0.314961,
        -1.003937 3.543307 0.314961,
        -1.358268 3.543307 0.314961,
        -1.594488 3.543307 0.314961,
        -1.594488 3.366142 0.314961,
        -1.948819 3.366142 0.314961,
        -2.322835 3.123233 0.314961,
        -1.948819 3.543307 0.314961,
        -2.185039 3.543307 0.314961,
        -2.185039 3.366142 0.314961,
        -2.539370 3.543307 0.314961,
        -2.814961 3.543307 0.314961,
        -2.539370 3.366142 0.314961,
        -2.394887 3.051181 0.314961,
        -2.363604 3.091950 0.314961,
        -2.275358 -3.142899 0.314961,
        -2.322835 -3.123233 0.314961,
        -2.224409 -3.149606 0.314961,
        0.649606 -3.149606 0.314961,
        -2.363604 -3.091950 0.314961,
        -2.394887 -3.051181 0.314961,
        -2.414552 -3.003704 0.314961,
        -2.421260 -2.952756 0.314961,
        -2.421260 2.952756 0.314961,
        -2.414552 3.003704 0.314961,
        0.700555 -3.142899 0.314961,
        0.788800 -3.091950 0.314961,
        0.748031 -3.123233 0.314961,
        1.181102 -2.811862 0.314961,
        0.820084 -3.051181 0.314961,
        0.839749 -3.003704 0.314961,
        0.944882 -1.601176 0.314961,
        0.904113 -1.632459 0.314961,
        0.872830 -1.673228 0.314961,
        0.853164 -1.720705 0.314961,
        0.846457 -1.771654 0.314961,
        0.846457 -2.952756 0.314961,
        -1.358268 3.543307 0.318898,
        -1.318898 3.543307 0.318898,
        -1.633858 3.543307 -0.003937,
        -1.633858 3.543307 0.318898,
        -1.594488 3.543307 0.318898,
        -1.318898 3.543307 -0.003937,
        -1.358268 3.543307 -0.003937,
        -1.594488 3.543307 -0.003937,
        -0.767717 3.543307 0.318898,
        -0.728346 3.543307 0.318898,
        -1.043307 3.543307 -0.003937,
        -1.043307 3.543307 0.318898,
        -1.003937 3.543307 0.318898,
        -0.728346 3.543307 -0.003937,
        -0.767717 3.543307 -0.003937,
        -1.003937 3.543307 -0.003937,
        -0.177165 3.543307 0.318898,
        -0.137795 3.543307 0.318898,
        -0.452756 3.543307 -0.003937,
        -0.452756 3.543307 0.318898,
        -0.413386 3.543307 0.318898,
        -0.137795 3.543307 -0.003937,
        -0.177165 3.543307 -0.003937,
        -0.413386 3.543307 -0.003937,
        0.413386 3.543307 0.318898,
        0.452756 3.543307 0.318898,
        0.137795 3.543307 -0.003937,
        0.137795 3.543307 0.318898,
        0.177165 3.543307 0.318898,
        0.452756 3.543307 -0.003937,
        0.413386 3.543307 -0.003937,
        0.177165 3.543307 -0.003937,
        1.003937 3.543307 0.318898,
        1.043307 3.543307 0.318898,
        0.728346 3.543307 -0.003937,
        0.728346 3.543307 0.318898,
        0.767717 3.543307 0.318898,
        1.043307 3.543307 -0.003937,
        1.003937 3.543307 -0.003937,
        0.767717 3.543307 -0.003937,
        1.594488 3.543307 0.318898,
        1.633858 3.543307 0.318898,
        1.318898 3.543307 -0.003937,
        1.318898 3.543307 0.318898,
        1.358268 3.543307 0.318898,
        1.633858 3.543307 -0.003937,
        1.594488 3.543307 -0.003937,
        1.358268 3.543307 -0.003937,
        2.185039 3.543307 0.318898,
        2.224409 3.543307 0.318898,
        1.909449 3.543307 -0.003937,
        1.909449 3.543307 0.318898,
        1.948819 3.543307 0.318898,
        2.224409 3.543307 -0.003937,
        2.185039 3.543307 -0.003937,
        1.948819 3.543307 -0.003937,
      ]
    }
    coordIndex [
      52, 53, 54, -1,
      55, 56, 57, -1,
      58, 59, 57, -1,
      57, 59, 60, -1,
      57, 60, 61, -1,
      62, 63, 64, -1,
      64, 63, 65, -1,
      48, 51, 49, -1,
      49, 51, 55, -1,
      58, 57, 66, -1,
      66, 57, 67, -1,
      66, 67, 68, -1,
      69, 70, 68, -1,
      71, 72, 67, -1,
      67, 72, 73, -1,
      67, 73, 68, -1,
      68, 73, 52, -1,
      68, 52, 69, -1,
      69, 52, 54, -1,
      68, 74, 75, -1,
      62, 76, 63, -1,
      63, 76, 77, -1,
      63, 77, 78, -1,
      78, 77, 79, -1,
      78, 79, 80, -1,
      61, 81, 57, -1,
      57, 81, 82, -1,
      57, 82, 55, -1,
      55, 82, 83, -1,
      55, 83, 49, -1,
      49, 83, 84, -1,
      49, 84, 65, -1,
      85, 86, 87, -1,
      88, 89, 90, -1,
      65, 63, 49, -1,
      49, 63, 91, -1,
      49, 91, 47, -1,
      92, 93, 70, -1,
      70, 93, 94, -1,
      70, 94, 68, -1,
      68, 94, 85, -1,
      68, 85, 74, -1,
      74, 85, 87, -1,
      95, 96, 75, -1,
      75, 96, 97, -1,
      75, 97, 68, -1,
      68, 97, 98, -1,
      99, 100, 98, -1,
      98, 100, 89, -1,
      98, 89, 68, -1,
      68, 89, 88, -1,
      101, 102, 90, -1,
      90, 102, 103, -1,
      90, 103, 88, -1,
      88, 103, 104, -1,
      88, 104, 105, -1,
      106, 107, 104, -1,
      104, 107, 108, -1,
      104, 108, 105, -1,
      109, 110, 111, -1,
      111, 110, 50, -1,
      111, 50, 15, -1,
      15, 50, 14, -1,
      111, 112, 108, -1,
      108, 112, 113, -1,
      108, 113, 105, -1,
      114, 115, 15, -1,
      21, 20, 22, -1,
      114, 15, 116, -1,
      116, 15, 17, -1,
      116, 17, 117, -1,
      115, 118, 15, -1,
      15, 118, 119, -1,
      15, 119, 120, -1,
      23, 25, 117, -1,
      22, 23, 21, -1,
      21, 23, 117, -1,
      21, 117, 19, -1,
      19, 117, 17, -1,
      19, 17, 18, -1,
      18, 17, 16, -1,
      120, 121, 15, -1,
      15, 121, 122, -1,
      15, 122, 111, -1,
      111, 122, 123, -1,
      111, 123, 112, -1,
      24, 26, 25, -1,
      25, 26, 27, -1,
      25, 27, 117, -1,
      117, 27, 29, -1,
      117, 29, 124, -1,
      32, 34, 33, -1,
      33, 34, 35, -1,
      40, 42, 41, -1,
      41, 42, 43, -1,
      37, 125, 126, -1,
      36, 38, 37, -1,
      37, 38, 39, -1,
      37, 39, 127, -1,
      28, 30, 29, -1,
      29, 30, 31, -1,
      29, 31, 124, -1,
      124, 31, 33, -1,
      124, 33, 126, -1,
      126, 33, 35, -1,
      126, 35, 37, -1,
      39, 41, 127, -1,
      127, 41, 43, -1,
      127, 43, 91, -1,
      91, 43, 45, -1,
      91, 45, 47, -1,
      47, 45, 44, -1,
      47, 44, 46, -1,
      125, 37, 128, -1,
      128, 37, 127, -1,
      128, 127, 129, -1,
      80, 130, 78, -1,
      78, 130, 131, -1,
      78, 131, 132, -1,
      132, 133, 78, -1,
      78, 133, 134, -1,
      78, 134, 127, -1,
      127, 134, 135, -1,
      127, 135, 129, -1,
      101, 136, 137, -1,
      138, 139, 102, -1,
      102, 139, 140, -1,
      141, 142, 12, -1,
      143, 138, 13, -1,
      13, 138, 102, -1,
      13, 102, 12, -1,
      12, 102, 101, -1,
      12, 101, 141, -1,
      141, 101, 137, -1,
      99, 144, 145, -1,
      146, 147, 100, -1,
      100, 147, 148, -1,
      149, 150, 2, -1,
      151, 146, 11, -1,
      11, 146, 100, -1,
      11, 100, 2, -1,
      2, 100, 99, -1,
      2, 99, 149, -1,
      149, 99, 145, -1,
      95, 152, 153, -1,
      154, 155, 96, -1,
      96, 155, 156, -1,
      157, 158, 10, -1,
      159, 154, 3, -1,
      3, 154, 96, -1,
      3, 96, 10, -1,
      10, 96, 95, -1,
      10, 95, 157, -1,
      157, 95, 153, -1,
      86, 160, 161, -1,
      162, 163, 87, -1,
      87, 163, 164, -1,
      165, 166, 0, -1,
      167, 162, 1, -1,
      1, 162, 87, -1,
      1, 87, 0, -1,
      0, 87, 86, -1,
      0, 86, 165, -1,
      165, 86, 161, -1,
      92, 168, 169, -1,
      170, 171, 93, -1,
      93, 171, 172, -1,
      173, 174, 6, -1,
      175, 170, 7, -1,
      7, 170, 93, -1,
      7, 93, 6, -1,
      6, 93, 92, -1,
      6, 92, 173, -1,
      173, 92, 169, -1,
      53, 176, 177, -1,
      178, 179, 54, -1,
      54, 179, 180, -1,
      181, 182, 5, -1,
      183, 178, 4, -1,
      4, 178, 54, -1,
      4, 54, 5, -1,
      5, 54, 53, -1,
      5, 53, 181, -1,
      181, 53, 177, -1,
      71, 184, 185, -1,
      186, 187, 72, -1,
      72, 187, 188, -1,
      189, 190, 8, -1,
      191, 186, 9, -1,
      9, 186, 72, -1,
      9, 72, 8, -1,
      8, 72, 71, -1,
      8, 71, 189, -1,
      189, 71, 185, -1,
    ]
  }
}

Shape {
  appearance Appearance {
    material Material {
      diffuseColor 1.0000 1.0000 0.5020
      specularColor 0.5020 0.5020 0.2510
      ambientIntensity 0.2
      transparency 0.0000
      shininess 0.5
    }
  }
  geometry IndexedFaceSet {
    ccw TRUE
    solid FALSE
    coord DEF co Coordinate {
      point [
        2.539370 3.543307 0.000000,
        2.814961 3.543307 0.000000,
        2.814961 3.543307 0.314961,
        2.539370 3.543307 0.314961,
        2.500000 3.543307 -0.003937,
        2.500000 3.543307 0.318898,
        2.539370 3.543307 0.318898,
        2.539370 3.543307 -0.003937,
      ]
    }
    coordIndex [
      4, 5, 3, -1,
      3, 5, 6, -1,
      7, 4, 0, -1,
      0, 4, 3, -1,
      0, 3, 1, -1,
      1, 3, 2, -1,
    ]
  }
}

Shape {
  appearance Appearance {
    material Material {
      diffuseColor 0.2510 0.2510 0.2510
      specularColor 0.1255 0.1255 0.1255
      ambientIntensity 0.2
      transparency 0.0000
      shininess 0.5
    }
  }
  geometry IndexedFaceSet {
    ccw TRUE
    solid FALSE
    coord DEF co Coordinate {
      point [
        2.814961 -1.489674 0.000000,
        2.814961 -3.543307 0.000000,
        2.814961 -0.161417 0.000000,
        2.814961 3.543307 0.000000,
        -2.814961 3.543307 0.000000,
        -2.539370 3.543307 0.000000,
        -1.948819 3.543307 0.000000,
        -2.185039 3.543307 0.000000,
        -2.814961 -3.543307 0.000000,
        2.814961 -1.018795 0.000000,
        2.814961 -0.594488 0.000000,
        -2.814961 -3.543307 0.314961,
        2.814961 -3.543307 0.314961,
        2.814961 3.543307 0.314961,
        -1.948819 3.543307 0.314961,
        -2.185039 3.543307 0.314961,
        -2.539370 3.543307 0.314961,
        -2.814961 3.543307 0.314961,
        -2.185039 3.543307 -0.003937,
        -2.224409 3.543307 -0.003937,
        -1.909449 3.543307 0.318898,
        -1.909449 3.543307 -0.003937,
        -1.948819 3.543307 -0.003937,
        -2.224409 3.543307 0.318898,
        -2.185039 3.543307 0.318898,
        -1.948819 3.543307 0.318898,
        -2.500000 3.543307 0.318898,
        -2.500000 3.543307 -0.003937,
        -2.539370 3.543307 -0.003937,
        -2.539370 3.543307 0.318898,
      ]
    }
    coordIndex [
      7, 18, 19, -1,
      20, 21, 6, -1,
      6, 21, 22, -1,
      23, 24, 15, -1,
      25, 20, 14, -1,
      14, 20, 6, -1,
      14, 6, 15, -1,
      15, 6, 7, -1,
      15, 7, 23, -1,
      23, 7, 19, -1,
      1, 0, 12, -1,
      12, 0, 9, -1,
      3, 13, 2, -1,
      2, 13, 12, -1,
      2, 12, 10, -1,
      10, 12, 9, -1,
      26, 27, 5, -1,
      5, 27, 28, -1,
      29, 26, 16, -1,
      16, 26, 5, -1,
      16, 5, 17, -1,
      17, 5, 4, -1,
      11, 17, 8, -1,
      8, 17, 4, -1,
    ]
  }
}

Shape {
  appearance Appearance {
    material Material {
      diffuseColor 1.0000 1.0000 1.0000
      specularColor 0.5020 0.5020 0.5020
      ambientIntensity 0.2
      transparency 0.0000
      shininess 0.5
    }
  }
  geometry IndexedFaceSet {
    ccw TRUE
    solid FALSE
    coord DEF co Coordinate {
      point [
        2.275358 3.142899 0.314961,
        2.322835 3.123233 0.314961,
        2.363604 3.091950 0.314961,
        2.394887 3.051181 0.314961,
        2.322835 -1.548430 0.314961,
        2.363604 -1.517147 0.314961,
        2.394887 -1.476378 0.314961,
        2.224409 3.149606 0.314961,
        -2.224409 3.149606 0.314961,
        2.275358 -1.568096 0.314961,
        2.224409 -1.574803 0.314961,
        1.043307 -1.574803 0.314961,
        0.992359 -1.581511 0.314961,
        2.414552 3.003704 0.314961,
        2.421260 2.952756 0.314961,
        2.421260 -1.377953 0.314961,
        2.414552 -1.428902 0.314961,
        -2.275358 3.142899 0.314961,
        -2.322835 3.123233 0.314961,
        -2.394887 3.051181 0.314961,
        -2.363604 3.091950 0.314961,
        -2.275358 -3.142899 0.314961,
        -2.322835 -3.123233 0.314961,
        -2.224409 -3.149606 0.314961,
        0.649606 -3.149606 0.314961,
        -2.363604 -3.091950 0.314961,
        -2.394887 -3.051181 0.314961,
        -2.414552 -3.003704 0.314961,
        -2.421260 -2.952756 0.314961,
        -2.421260 2.952756 0.314961,
        -2.414552 3.003704 0.314961,
        0.700555 -3.142899 0.314961,
        0.788800 -3.091950 0.314961,
        0.748031 -3.123233 0.314961,
        0.820084 -3.051181 0.314961,
        0.839749 -3.003704 0.314961,
        0.944882 -1.601176 0.314961,
        0.904113 -1.632459 0.314961,
        0.872830 -1.673228 0.314961,
        0.853164 -1.720705 0.314961,
        0.846457 -1.771654 0.314961,
        0.846457 -2.952756 0.314961,
        2.421260 -1.377953 1.062992,
        2.421260 2.952756 1.062992,
        -2.224409 3.149606 1.062992,
        2.224409 3.149606 1.062992,
        -2.421260 2.952756 1.062992,
        -2.421260 -2.952756 1.062992,
        0.649606 -3.149606 1.062992,
        -2.224409 -3.149606 1.062992,
        2.224409 -1.377953 1.259843,
        2.224409 2.952756 1.259843,
        2.023847 2.677403 1.259843,
        1.795676 2.677403 1.259843,
        1.791651 2.707972 1.259843,
        -2.224409 2.952756 1.259843,
        2.012048 2.648917 1.259843,
        1.993278 2.624456 1.259843,
        1.968816 2.605686 1.259843,
        1.879192 2.593886 1.259843,
        0.797839 -1.463846 1.259843,
        0.872487 -1.416941 1.259843,
        2.012048 2.767027 1.259843,
        2.023847 2.738541 1.259843,
        2.027871 2.707972 1.259843,
        1.795676 2.738541 1.259843,
        1.807474 2.767027 1.259843,
        1.826244 2.791489 1.259843,
        -2.224409 -2.952756 1.259843,
        0.649606 -2.952756 1.259843,
        0.649606 -1.771654 1.259843,
        1.850706 2.810259 1.259843,
        1.879192 2.822057 1.259843,
        1.909761 2.826082 1.259843,
        1.940330 2.822057 1.259843,
        1.968816 2.810259 1.259843,
        1.993278 2.791489 1.259843,
        1.940330 2.593886 1.259843,
        1.909761 2.589862 1.259843,
        1.043307 -1.377953 1.259843,
        0.955700 -1.387824 1.259843,
        0.659477 -1.684047 1.259843,
        0.688595 -1.600833 1.259843,
        0.735499 -1.526185 1.259843,
        1.850706 2.605686 1.259843,
        1.826244 2.624456 1.259843,
        1.807474 2.648917 1.259843,
        0.846457 -1.771654 1.062992,
        0.846457 -2.952756 1.062992,
        2.224409 -1.574803 1.062992,
        1.043307 -1.574803 1.062992,
        2.414552 3.003704 1.062992,
        2.394887 3.051181 1.062992,
        2.363604 3.091950 1.062992,
        2.322835 3.123233 1.062992,
        2.275358 3.142899 1.062992,
        2.275358 -1.377953 1.253135,
        2.275358 2.952756 1.253135,
        2.322835 -1.377953 1.233470,
        2.322835 2.952756 1.233470,
        2.363604 -1.377953 1.202186,
        2.363604 2.952756 1.202186,
        2.394887 -1.377953 1.161417,
        2.394887 2.952756 1.161417,
        2.414552 -1.377953 1.113941,
        2.414552 2.952756 1.113941,
        2.414552 -1.428902 1.062992,
        2.394887 -1.476378 1.062992,
        2.363604 -1.517147 1.062992,
        2.322835 -1.548430 1.062992,
        2.275358 -1.568096 1.062992,
        2.224409 3.142899 1.113941,
        2.273622 3.136420 1.113941,
        2.273622 3.037994 1.233470,
        2.249884 2.996879 1.253135,
        2.260436 2.988782 1.253135,
        2.273622 2.965943 1.253135,
        2.237596 3.001969 1.253135,
        2.249884 3.047827 1.233470,
        2.260436 3.087207 1.202186,
        2.224409 3.003704 1.253135,
        2.294007 3.022353 1.233470,
        2.268532 2.978230 1.253135,
        2.309648 3.001969 1.233470,
        2.319481 2.978230 1.233470,
        2.224409 3.051181 1.233470,
        2.224409 3.091950 1.202186,
        2.224409 3.123233 1.161417,
        2.294007 3.073302 1.202186,
        2.322835 3.051181 1.202186,
        2.344955 3.022353 1.202186,
        2.358861 2.988782 1.202186,
        2.268532 3.117424 1.161417,
        2.309648 3.100394 1.161417,
        2.344955 3.073302 1.161417,
        2.372047 3.037994 1.161417,
        2.389078 2.996879 1.161417,
        2.319481 3.117424 1.113941,
        2.358861 3.087207 1.113941,
        2.389078 3.047827 1.113941,
        2.408073 3.001969 1.113941,
        2.408073 -1.427165 1.113941,
        2.309648 -1.427165 1.233470,
        2.268532 -1.403427 1.253135,
        2.260436 -1.413979 1.253135,
        2.224409 -1.428902 1.253135,
        2.237596 -1.427165 1.253135,
        2.273622 -1.391139 1.253135,
        2.319481 -1.403427 1.233470,
        2.358861 -1.413979 1.202186,
        2.294007 -1.447550 1.233470,
        2.249884 -1.422076 1.253135,
        2.273622 -1.463191 1.233470,
        2.249884 -1.473024 1.233470,
        2.224409 -1.476378 1.233470,
        2.344955 -1.447550 1.202186,
        2.322835 -1.476378 1.202186,
        2.294007 -1.498498 1.202186,
        2.260436 -1.512404 1.202186,
        2.224409 -1.517147 1.202186,
        2.389078 -1.422076 1.161417,
        2.372047 -1.463191 1.161417,
        2.344955 -1.498498 1.161417,
        2.309648 -1.525591 1.161417,
        2.268532 -1.542621 1.161417,
        2.224409 -1.548430 1.161417,
        2.389078 -1.473024 1.113941,
        2.358861 -1.512404 1.113941,
        2.319481 -1.542621 1.113941,
        2.273622 -1.561617 1.113941,
        2.224409 -1.568096 1.113941,
        -2.275358 3.142899 1.062992,
        -2.322835 3.123233 1.062992,
        -2.363604 3.091950 1.062992,
        -2.394887 3.051181 1.062992,
        -2.414552 3.003704 1.062992,
        -2.224409 3.003704 1.253135,
        -2.224409 3.051181 1.233470,
        -2.224409 3.091950 1.202186,
        -2.224409 3.123233 1.161417,
        -2.224409 3.142899 1.113941,
        1.043307 -1.568096 1.113941,
        1.043307 -1.548430 1.161417,
        1.043307 -1.517147 1.202186,
        1.043307 -1.476378 1.233470,
        1.043307 -1.428902 1.253135,
        0.851392 -1.727850 1.062992,
        0.853813 -1.720932 1.062992,
        0.865951 -1.686243 1.062992,
        0.873761 -1.673814 1.062992,
        0.889403 -1.648919 1.062992,
        0.904988 -1.633335 1.062992,
        0.920573 -1.617750 1.062992,
        0.945467 -1.602108 1.062992,
        0.957897 -1.594297 1.062992,
        0.992585 -1.582159 1.062992,
        0.999504 -1.579739 1.062992,
        -2.414552 2.952756 1.113941,
        -2.408073 3.001969 1.113941,
        -2.309648 3.001969 1.233470,
        -2.268532 2.978230 1.253135,
        -2.260436 2.988782 1.253135,
        -2.237596 3.001969 1.253135,
        -2.273622 2.965943 1.253135,
        -2.319481 2.978230 1.233470,
        -2.358861 2.988782 1.202186,
        -2.275358 2.952756 1.253135,
        -2.294007 3.022353 1.233470,
        -2.249884 2.996879 1.253135,
        -2.273622 3.037994 1.233470,
        -2.249884 3.047827 1.233470,
        -2.322835 2.952756 1.233470,
        -2.363604 2.952756 1.202186,
        -2.394887 2.952756 1.161417,
        -2.344955 3.022353 1.202186,
        -2.322835 3.051181 1.202186,
        -2.294007 3.073302 1.202186,
        -2.260436 3.087207 1.202186,
        -2.389078 2.996879 1.161417,
        -2.372047 3.037994 1.161417,
        -2.344955 3.073302 1.161417,
        -2.309648 3.100394 1.161417,
        -2.268532 3.117424 1.161417,
        -2.389078 3.047827 1.113941,
        -2.358861 3.087207 1.113941,
        -2.319481 3.117424 1.113941,
        -2.273622 3.136420 1.113941,
        0.700555 -1.771654 1.253135,
        0.709148 -1.695384 1.253135,
        0.748031 -1.771654 1.233470,
        0.755435 -1.705948 1.233470,
        0.788800 -1.771654 1.202186,
        0.795181 -1.715020 1.202186,
        0.820084 -1.771654 1.161417,
        0.825680 -1.721982 1.161417,
        0.839749 -1.771654 1.113941,
        0.844853 -1.726357 1.113941,
        0.859908 -1.683333 1.113941,
        0.884159 -1.644737 1.113941,
        0.916391 -1.612506 1.113941,
        0.954987 -1.588254 1.113941,
        0.998011 -1.573199 1.113941,
        0.842190 -1.674801 1.161417,
        0.868784 -1.632476 1.161417,
        0.904130 -1.597131 1.161417,
        0.946454 -1.570536 1.161417,
        0.993635 -1.554027 1.161417,
        0.814005 -1.661227 1.202186,
        0.844326 -1.612971 1.202186,
        0.884625 -1.572672 1.202186,
        0.932881 -1.542351 1.202186,
        0.986674 -1.523528 1.202186,
        0.777273 -1.643538 1.233470,
        0.812452 -1.587552 1.233470,
        0.859206 -1.540798 1.233470,
        0.915192 -1.505619 1.233470,
        0.977602 -1.483781 1.233470,
        0.734498 -1.622939 1.253135,
        0.775333 -1.557951 1.253135,
        0.829605 -1.503679 1.253135,
        0.894593 -1.462844 1.253135,
        0.967037 -1.437495 1.253135,
        -2.414552 -3.003704 1.062992,
        -2.394887 -3.051181 1.062992,
        -2.363604 -3.091950 1.062992,
        -2.322835 -3.123233 1.062992,
        -2.275358 -3.142899 1.062992,
        -2.275358 -2.952756 1.253135,
        -2.322835 -2.952756 1.233470,
        -2.363604 -2.952756 1.202186,
        -2.394887 -2.952756 1.161417,
        -2.414552 -2.952756 1.113941,
        0.839749 -2.952756 1.113941,
        0.820084 -2.952756 1.161417,
        0.788800 -2.952756 1.202186,
        0.748031 -2.952756 1.233470,
        0.700555 -2.952756 1.253135,
        0.839749 -3.003704 1.062992,
        0.820084 -3.051181 1.062992,
        0.788800 -3.091950 1.062992,
        0.748031 -3.123233 1.062992,
        0.700555 -3.142899 1.062992,
        -2.224409 -3.142899 1.113941,
        -2.273622 -3.136420 1.113941,
        -2.273622 -3.037994 1.233470,
        -2.249884 -2.996879 1.253135,
        -2.260436 -2.988782 1.253135,
        -2.273622 -2.965943 1.253135,
        -2.237596 -3.001969 1.253135,
        -2.249884 -3.047827 1.233470,
        -2.260436 -3.087207 1.202186,
        -2.224409 -3.003704 1.253135,
        -2.294007 -3.022353 1.233470,
        -2.268532 -2.978230 1.253135,
        -2.309648 -3.001969 1.233470,
        -2.319481 -2.978230 1.233470,
        -2.224409 -3.051181 1.233470,
        -2.224409 -3.091950 1.202186,
        -2.224409 -3.123233 1.161417,
        -2.294007 -3.073302 1.202186,
        -2.322835 -3.051181 1.202186,
        -2.344955 -3.022353 1.202186,
        -2.358861 -2.988782 1.202186,
        -2.268532 -3.117424 1.161417,
        -2.309648 -3.100394 1.161417,
        -2.344955 -3.073302 1.161417,
        -2.372047 -3.037994 1.161417,
        -2.389078 -2.996879 1.161417,
        -2.319481 -3.117424 1.113941,
        -2.358861 -3.087207 1.113941,
        -2.389078 -3.047827 1.113941,
        -2.408073 -3.001969 1.113941,
        0.833270 -3.001969 1.113941,
        0.734845 -3.001969 1.233470,
        0.693729 -2.978230 1.253135,
        0.685632 -2.988782 1.253135,
        0.649606 -3.003704 1.253135,
        0.662793 -3.001969 1.253135,
        0.698819 -2.965943 1.253135,
        0.744678 -2.978230 1.233470,
        0.784057 -2.988782 1.202186,
        0.719204 -3.022353 1.233470,
        0.675081 -2.996879 1.253135,
        0.698819 -3.037994 1.233470,
        0.675081 -3.047827 1.233470,
        0.649606 -3.051181 1.233470,
        0.770152 -3.022353 1.202186,
        0.748031 -3.051181 1.202186,
        0.719204 -3.073302 1.202186,
        0.685632 -3.087207 1.202186,
        0.649606 -3.091950 1.202186,
        0.814275 -2.996879 1.161417,
        0.797244 -3.037994 1.161417,
        0.770152 -3.073302 1.161417,
        0.734845 -3.100394 1.161417,
        0.693729 -3.117424 1.161417,
        0.649606 -3.123233 1.161417,
        0.814275 -3.047827 1.113941,
        0.784057 -3.087207 1.113941,
        0.744678 -3.117424 1.113941,
        0.698819 -3.136420 1.113941,
        0.649606 -3.142899 1.113941,
      ]
    }
    coordIndex [
      15, 14, 42, -1,
      42, 14, 43, -1,
      44, 45, 8, -1,
      8, 45, 7, -1,
      29, 28, 46, -1,
      46, 28, 47, -1,
      48, 49, 24, -1,
      24, 49, 23, -1,
      50, 51, 52, -1,
      53, 54, 55, -1,
      52, 56, 50, -1,
      50, 56, 57, -1,
      50, 57, 58, -1,
      59, 60, 61, -1,
      62, 63, 51, -1,
      51, 63, 64, -1,
      51, 64, 52, -1,
      54, 65, 55, -1,
      55, 65, 66, -1,
      55, 66, 67, -1,
      68, 69, 70, -1,
      67, 71, 55, -1,
      55, 71, 72, -1,
      55, 72, 51, -1,
      51, 72, 73, -1,
      51, 73, 74, -1,
      74, 75, 51, -1,
      51, 75, 76, -1,
      51, 76, 62, -1,
      58, 77, 50, -1,
      50, 77, 78, -1,
      50, 78, 79, -1,
      79, 78, 59, -1,
      79, 59, 80, -1,
      80, 59, 61, -1,
      70, 81, 68, -1,
      68, 81, 82, -1,
      68, 82, 83, -1,
      60, 59, 83, -1,
      83, 59, 84, -1,
      83, 84, 68, -1,
      68, 84, 85, -1,
      68, 85, 55, -1,
      55, 85, 86, -1,
      55, 86, 53, -1,
      87, 88, 40, -1,
      40, 88, 41, -1,
      89, 90, 10, -1,
      10, 90, 11, -1,
      43, 14, 13, -1,
      43, 13, 91, -1,
      91, 13, 3, -1,
      91, 3, 92, -1,
      92, 3, 2, -1,
      92, 2, 93, -1,
      93, 2, 1, -1,
      93, 1, 94, -1,
      94, 1, 0, -1,
      94, 0, 95, -1,
      95, 0, 7, -1,
      95, 7, 45, -1,
      51, 50, 96, -1,
      51, 96, 97, -1,
      97, 96, 98, -1,
      97, 98, 99, -1,
      99, 98, 100, -1,
      99, 100, 101, -1,
      101, 100, 102, -1,
      101, 102, 103, -1,
      103, 102, 104, -1,
      103, 104, 105, -1,
      105, 104, 42, -1,
      105, 42, 43, -1,
      15, 42, 106, -1,
      15, 106, 16, -1,
      16, 106, 107, -1,
      16, 107, 6, -1,
      6, 107, 108, -1,
      6, 108, 5, -1,
      5, 108, 109, -1,
      5, 109, 4, -1,
      4, 109, 110, -1,
      4, 110, 9, -1,
      9, 110, 89, -1,
      9, 89, 10, -1,
      45, 111, 112, -1,
      113, 114, 115, -1,
      51, 97, 116, -1,
      115, 114, 51, -1,
      117, 51, 114, -1,
      117, 114, 118, -1,
      118, 114, 113, -1,
      118, 113, 119, -1,
      120, 51, 117, -1,
      121, 122, 123, -1,
      123, 122, 116, -1,
      123, 116, 124, -1,
      124, 116, 97, -1,
      124, 97, 99, -1,
      120, 117, 125, -1,
      125, 117, 118, -1,
      125, 118, 126, -1,
      126, 118, 119, -1,
      126, 119, 127, -1,
      128, 121, 129, -1,
      129, 121, 123, -1,
      129, 123, 130, -1,
      130, 123, 124, -1,
      130, 124, 131, -1,
      131, 124, 99, -1,
      131, 99, 101, -1,
      132, 128, 133, -1,
      133, 128, 129, -1,
      133, 129, 134, -1,
      134, 129, 130, -1,
      134, 130, 135, -1,
      135, 130, 131, -1,
      135, 131, 136, -1,
      136, 131, 101, -1,
      136, 101, 103, -1,
      111, 132, 112, -1,
      112, 132, 133, -1,
      112, 133, 137, -1,
      137, 133, 134, -1,
      137, 134, 138, -1,
      138, 134, 135, -1,
      138, 135, 139, -1,
      139, 135, 136, -1,
      139, 136, 140, -1,
      140, 136, 103, -1,
      140, 103, 105, -1,
      45, 112, 95, -1,
      95, 112, 137, -1,
      95, 137, 94, -1,
      94, 137, 138, -1,
      94, 138, 93, -1,
      93, 138, 139, -1,
      93, 139, 92, -1,
      92, 139, 140, -1,
      92, 140, 91, -1,
      91, 140, 105, -1,
      91, 105, 43, -1,
      122, 51, 116, -1,
      111, 127, 132, -1,
      132, 127, 119, -1,
      132, 119, 128, -1,
      128, 119, 113, -1,
      128, 113, 121, -1,
      121, 113, 115, -1,
      121, 115, 122, -1,
      122, 115, 51, -1,
      42, 104, 141, -1,
      142, 143, 144, -1,
      50, 145, 146, -1,
      144, 143, 50, -1,
      147, 50, 143, -1,
      147, 143, 148, -1,
      148, 143, 142, -1,
      148, 142, 149, -1,
      96, 50, 147, -1,
      150, 151, 152, -1,
      152, 151, 146, -1,
      152, 146, 153, -1,
      153, 146, 145, -1,
      153, 145, 154, -1,
      96, 147, 98, -1,
      98, 147, 148, -1,
      98, 148, 100, -1,
      100, 148, 149, -1,
      100, 149, 102, -1,
      155, 150, 156, -1,
      156, 150, 152, -1,
      156, 152, 157, -1,
      157, 152, 153, -1,
      157, 153, 158, -1,
      158, 153, 154, -1,
      158, 154, 159, -1,
      160, 155, 161, -1,
      161, 155, 156, -1,
      161, 156, 162, -1,
      162, 156, 157, -1,
      162, 157, 163, -1,
      163, 157, 158, -1,
      163, 158, 164, -1,
      164, 158, 159, -1,
      164, 159, 165, -1,
      104, 160, 141, -1,
      141, 160, 161, -1,
      141, 161, 166, -1,
      166, 161, 162, -1,
      166, 162, 167, -1,
      167, 162, 163, -1,
      167, 163, 168, -1,
      168, 163, 164, -1,
      168, 164, 169, -1,
      169, 164, 165, -1,
      169, 165, 170, -1,
      42, 141, 106, -1,
      106, 141, 166, -1,
      106, 166, 107, -1,
      107, 166, 167, -1,
      107, 167, 108, -1,
      108, 167, 168, -1,
      108, 168, 109, -1,
      109, 168, 169, -1,
      109, 169, 110, -1,
      110, 169, 170, -1,
      110, 170, 89, -1,
      151, 50, 146, -1,
      104, 102, 160, -1,
      160, 102, 149, -1,
      160, 149, 155, -1,
      155, 149, 142, -1,
      155, 142, 150, -1,
      150, 142, 144, -1,
      150, 144, 151, -1,
      151, 144, 50, -1,
      44, 8, 17, -1,
      44, 17, 171, -1,
      171, 17, 18, -1,
      171, 18, 172, -1,
      172, 18, 20, -1,
      172, 20, 173, -1,
      173, 20, 19, -1,
      173, 19, 174, -1,
      174, 19, 30, -1,
      174, 30, 175, -1,
      175, 30, 29, -1,
      175, 29, 46, -1,
      55, 51, 120, -1,
      55, 120, 176, -1,
      176, 120, 125, -1,
      176, 125, 177, -1,
      177, 125, 126, -1,
      177, 126, 178, -1,
      178, 126, 127, -1,
      178, 127, 179, -1,
      179, 127, 111, -1,
      179, 111, 180, -1,
      180, 111, 45, -1,
      180, 45, 44, -1,
      90, 89, 170, -1,
      90, 170, 181, -1,
      181, 170, 165, -1,
      181, 165, 182, -1,
      182, 165, 159, -1,
      182, 159, 183, -1,
      183, 159, 154, -1,
      183, 154, 184, -1,
      184, 154, 145, -1,
      184, 145, 185, -1,
      185, 145, 50, -1,
      185, 50, 79, -1,
      87, 40, 186, -1,
      186, 40, 39, -1,
      186, 39, 187, -1,
      187, 39, 188, -1,
      188, 39, 38, -1,
      188, 38, 189, -1,
      189, 38, 190, -1,
      190, 38, 37, -1,
      190, 37, 191, -1,
      191, 37, 192, -1,
      192, 37, 36, -1,
      192, 36, 193, -1,
      193, 36, 194, -1,
      194, 36, 12, -1,
      194, 12, 195, -1,
      195, 12, 196, -1,
      196, 12, 11, -1,
      196, 11, 90, -1,
      46, 197, 198, -1,
      199, 200, 201, -1,
      55, 176, 202, -1,
      201, 200, 55, -1,
      203, 55, 200, -1,
      203, 200, 204, -1,
      204, 200, 199, -1,
      204, 199, 205, -1,
      206, 55, 203, -1,
      207, 208, 209, -1,
      209, 208, 202, -1,
      209, 202, 210, -1,
      210, 202, 176, -1,
      210, 176, 177, -1,
      206, 203, 211, -1,
      211, 203, 204, -1,
      211, 204, 212, -1,
      212, 204, 205, -1,
      212, 205, 213, -1,
      214, 207, 215, -1,
      215, 207, 209, -1,
      215, 209, 216, -1,
      216, 209, 210, -1,
      216, 210, 217, -1,
      217, 210, 177, -1,
      217, 177, 178, -1,
      218, 214, 219, -1,
      219, 214, 215, -1,
      219, 215, 220, -1,
      220, 215, 216, -1,
      220, 216, 221, -1,
      221, 216, 217, -1,
      221, 217, 222, -1,
      222, 217, 178, -1,
      222, 178, 179, -1,
      197, 218, 198, -1,
      198, 218, 219, -1,
      198, 219, 223, -1,
      223, 219, 220, -1,
      223, 220, 224, -1,
      224, 220, 221, -1,
      224, 221, 225, -1,
      225, 221, 222, -1,
      225, 222, 226, -1,
      226, 222, 179, -1,
      226, 179, 180, -1,
      46, 198, 175, -1,
      175, 198, 223, -1,
      175, 223, 174, -1,
      174, 223, 224, -1,
      174, 224, 173, -1,
      173, 224, 225, -1,
      173, 225, 172, -1,
      172, 225, 226, -1,
      172, 226, 171, -1,
      171, 226, 180, -1,
      171, 180, 44, -1,
      208, 55, 202, -1,
      197, 213, 218, -1,
      218, 213, 205, -1,
      218, 205, 214, -1,
      214, 205, 199, -1,
      214, 199, 207, -1,
      207, 199, 201, -1,
      207, 201, 208, -1,
      208, 201, 55, -1,
      70, 227, 228, -1,
      227, 229, 230, -1,
      229, 231, 232, -1,
      231, 233, 234, -1,
      233, 235, 236, -1,
      235, 87, 186, -1,
      235, 186, 236, -1,
      236, 186, 187, -1,
      236, 187, 237, -1,
      187, 188, 237, -1,
      237, 188, 189, -1,
      237, 189, 238, -1,
      189, 190, 238, -1,
      238, 190, 191, -1,
      238, 191, 239, -1,
      191, 192, 239, -1,
      239, 192, 193, -1,
      239, 193, 240, -1,
      193, 194, 240, -1,
      240, 194, 195, -1,
      240, 195, 241, -1,
      195, 196, 241, -1,
      241, 196, 90, -1,
      241, 90, 181, -1,
      233, 236, 234, -1,
      234, 236, 237, -1,
      234, 237, 242, -1,
      242, 237, 238, -1,
      242, 238, 243, -1,
      243, 238, 239, -1,
      243, 239, 244, -1,
      244, 239, 240, -1,
      244, 240, 245, -1,
      245, 240, 241, -1,
      245, 241, 246, -1,
      246, 241, 181, -1,
      246, 181, 182, -1,
      231, 234, 232, -1,
      232, 234, 242, -1,
      232, 242, 247, -1,
      247, 242, 243, -1,
      247, 243, 248, -1,
      248, 243, 244, -1,
      248, 244, 249, -1,
      249, 244, 245, -1,
      249, 245, 250, -1,
      250, 245, 246, -1,
      250, 246, 251, -1,
      251, 246, 182, -1,
      251, 182, 183, -1,
      229, 232, 230, -1,
      230, 232, 247, -1,
      230, 247, 252, -1,
      252, 247, 248, -1,
      252, 248, 253, -1,
      253, 248, 249, -1,
      253, 249, 254, -1,
      254, 249, 250, -1,
      254, 250, 255, -1,
      255, 250, 251, -1,
      255, 251, 256, -1,
      256, 251, 183, -1,
      256, 183, 184, -1,
      227, 230, 228, -1,
      228, 230, 252, -1,
      228, 252, 257, -1,
      257, 252, 253, -1,
      257, 253, 258, -1,
      258, 253, 254, -1,
      258, 254, 259, -1,
      259, 254, 255, -1,
      259, 255, 260, -1,
      260, 255, 256, -1,
      260, 256, 261, -1,
      261, 256, 184, -1,
      261, 184, 185, -1,
      70, 228, 81, -1,
      81, 228, 257, -1,
      81, 257, 82, -1,
      82, 257, 258, -1,
      82, 258, 83, -1,
      83, 258, 259, -1,
      83, 259, 60, -1,
      60, 259, 260, -1,
      60, 260, 61, -1,
      61, 260, 261, -1,
      61, 261, 80, -1,
      80, 261, 185, -1,
      80, 185, 79, -1,
      47, 28, 27, -1,
      47, 27, 262, -1,
      262, 27, 26, -1,
      262, 26, 263, -1,
      263, 26, 25, -1,
      263, 25, 264, -1,
      264, 25, 22, -1,
      264, 22, 265, -1,
      265, 22, 21, -1,
      265, 21, 266, -1,
      266, 21, 23, -1,
      266, 23, 49, -1,
      68, 55, 206, -1,
      68, 206, 267, -1,
      267, 206, 211, -1,
      267, 211, 268, -1,
      268, 211, 212, -1,
      268, 212, 269, -1,
      269, 212, 213, -1,
      269, 213, 270, -1,
      270, 213, 197, -1,
      270, 197, 271, -1,
      271, 197, 46, -1,
      271, 46, 47, -1,
      88, 87, 235, -1,
      88, 235, 272, -1,
      272, 235, 233, -1,
      272, 233, 273, -1,
      273, 233, 231, -1,
      273, 231, 274, -1,
      274, 231, 229, -1,
      274, 229, 275, -1,
      275, 229, 227, -1,
      275, 227, 276, -1,
      276, 227, 70, -1,
      276, 70, 69, -1,
      41, 88, 277, -1,
      41, 277, 35, -1,
      35, 277, 278, -1,
      35, 278, 34, -1,
      34, 278, 279, -1,
      34, 279, 32, -1,
      32, 279, 280, -1,
      32, 280, 33, -1,
      33, 280, 281, -1,
      33, 281, 31, -1,
      31, 281, 48, -1,
      31, 48, 24, -1,
      49, 282, 283, -1,
      284, 285, 286, -1,
      68, 267, 287, -1,
      286, 285, 68, -1,
      288, 68, 285, -1,
      288, 285, 289, -1,
      289, 285, 284, -1,
      289, 284, 290, -1,
      291, 68, 288, -1,
      292, 293, 294, -1,
      294, 293, 287, -1,
      294, 287, 295, -1,
      295, 287, 267, -1,
      295, 267, 268, -1,
      291, 288, 296, -1,
      296, 288, 289, -1,
      296, 289, 297, -1,
      297, 289, 290, -1,
      297, 290, 298, -1,
      299, 292, 300, -1,
      300, 292, 294, -1,
      300, 294, 301, -1,
      301, 294, 295, -1,
      301, 295, 302, -1,
      302, 295, 268, -1,
      302, 268, 269, -1,
      303, 299, 304, -1,
      304, 299, 300, -1,
      304, 300, 305, -1,
      305, 300, 301, -1,
      305, 301, 306, -1,
      306, 301, 302, -1,
      306, 302, 307, -1,
      307, 302, 269, -1,
      307, 269, 270, -1,
      282, 303, 283, -1,
      283, 303, 304, -1,
      283, 304, 308, -1,
      308, 304, 305, -1,
      308, 305, 309, -1,
      309, 305, 306, -1,
      309, 306, 310, -1,
      310, 306, 307, -1,
      310, 307, 311, -1,
      311, 307, 270, -1,
      311, 270, 271, -1,
      49, 283, 266, -1,
      266, 283, 308, -1,
      266, 308, 265, -1,
      265, 308, 309, -1,
      265, 309, 264, -1,
      264, 309, 310, -1,
      264, 310, 263, -1,
      263, 310, 311, -1,
      263, 311, 262, -1,
      262, 311, 271, -1,
      262, 271, 47, -1,
      293, 68, 287, -1,
      282, 298, 303, -1,
      303, 298, 290, -1,
      303, 290, 299, -1,
      299, 290, 284, -1,
      299, 284, 292, -1,
      292, 284, 286, -1,
      292, 286, 293, -1,
      293, 286, 68, -1,
      88, 272, 312, -1,
      313, 314, 315, -1,
      69, 316, 317, -1,
      315, 314, 69, -1,
      318, 69, 314, -1,
      318, 314, 319, -1,
      319, 314, 313, -1,
      319, 313, 320, -1,
      276, 69, 318, -1,
      321, 322, 323, -1,
      323, 322, 317, -1,
      323, 317, 324, -1,
      324, 317, 316, -1,
      324, 316, 325, -1,
      276, 318, 275, -1,
      275, 318, 319, -1,
      275, 319, 274, -1,
      274, 319, 320, -1,
      274, 320, 273, -1,
      326, 321, 327, -1,
      327, 321, 323, -1,
      327, 323, 328, -1,
      328, 323, 324, -1,
      328, 324, 329, -1,
      329, 324, 325, -1,
      329, 325, 330, -1,
      331, 326, 332, -1,
      332, 326, 327, -1,
      332, 327, 333, -1,
      333, 327, 328, -1,
      333, 328, 334, -1,
      334, 328, 329, -1,
      334, 329, 335, -1,
      335, 329, 330, -1,
      335, 330, 336, -1,
      272, 331, 312, -1,
      312, 331, 332, -1,
      312, 332, 337, -1,
      337, 332, 333, -1,
      337, 333, 338, -1,
      338, 333, 334, -1,
      338, 334, 339, -1,
      339, 334, 335, -1,
      339, 335, 340, -1,
      340, 335, 336, -1,
      340, 336, 341, -1,
      88, 312, 277, -1,
      277, 312, 337, -1,
      277, 337, 278, -1,
      278, 337, 338, -1,
      278, 338, 279, -1,
      279, 338, 339, -1,
      279, 339, 280, -1,
      280, 339, 340, -1,
      280, 340, 281, -1,
      281, 340, 341, -1,
      281, 341, 48, -1,
      322, 69, 317, -1,
      272, 273, 331, -1,
      331, 273, 320, -1,
      331, 320, 326, -1,
      326, 320, 313, -1,
      326, 313, 321, -1,
      321, 313, 315, -1,
      321, 315, 322, -1,
      322, 315, 69, -1,
      69, 68, 291, -1,
      69, 291, 316, -1,
      316, 291, 296, -1,
      316, 296, 325, -1,
      325, 296, 297, -1,
      325, 297, 330, -1,
      330, 297, 298, -1,
      330, 298, 336, -1,
      336, 298, 282, -1,
      336, 282, 341, -1,
      341, 282, 49, -1,
      341, 49, 48, -1,
    ]
  }
}

Shape {
  appearance Appearance {
    material Material {
      diffuseColor 0.0000 0.0000 0.0000
      specularColor 0.0000 0.0000 0.0000
      ambientIntensity 0.2
      transparency 0.0000
      shininess 0.5
    }
  }
  geometry IndexedFaceSet {
    ccw TRUE
    solid FALSE
    coord DEF co Coordinate {
      point [
        2.023847 2.677403 1.259843,
        1.795676 2.677403 1.259843,
        1.791651 2.707972 1.259843,
        2.012048 2.648917 1.259843,
        1.993278 2.624456 1.259843,
        1.968816 2.605686 1.259843,
        1.879192 2.593886 1.259843,
        2.012048 2.767027 1.259843,
        2.023847 2.738541 1.259843,
        2.027871 2.707972 1.259843,
        1.795676 2.738541 1.259843,
        1.807474 2.767027 1.259843,
        1.826244 2.791489 1.259843,
        1.850706 2.810259 1.259843,
        1.879192 2.822057 1.259843,
        1.909761 2.826082 1.259843,
        1.940330 2.822057 1.259843,
        1.968816 2.810259 1.259843,
        1.993278 2.791489 1.259843,
        1.940330 2.593886 1.259843,
        1.909761 2.589862 1.259843,
        1.850706 2.605686 1.259843,
        1.826244 2.624456 1.259843,
        1.807474 2.648917 1.259843,
        2.027871 2.707972 1.259449,
        2.023847 2.738541 1.259449,
        2.012048 2.767027 1.259449,
        1.993278 2.791489 1.259449,
        1.968816 2.810259 1.259449,
        1.940330 2.822057 1.259449,
        1.909761 2.826082 1.259449,
        1.879192 2.822057 1.259449,
        1.850706 2.810259 1.259449,
        1.826244 2.791489 1.259449,
        1.807474 2.767027 1.259449,
        1.795676 2.738541 1.259449,
        1.791651 2.707972 1.259449,
        1.795676 2.677403 1.259449,
        1.807474 2.648917 1.259449,
        1.826244 2.624456 1.259449,
        1.850706 2.605686 1.259449,
        1.879192 2.593886 1.259449,
        1.909761 2.589862 1.259449,
        1.940330 2.593886 1.259449,
        1.968816 2.605686 1.259449,
        1.993278 2.624456 1.259449,
        2.012048 2.648917 1.259449,
        2.023847 2.677403 1.259449,
        1.909761 2.707972 1.259449,
      ]
    }
    coordIndex [
      24, 9, 25, -1,
      25, 9, 8, -1,
      25, 8, 26, -1,
      26, 8, 7, -1,
      26, 7, 27, -1,
      27, 7, 18, -1,
      27, 18, 28, -1,
      28, 18, 17, -1,
      28, 17, 29, -1,
      29, 17, 16, -1,
      29, 16, 30, -1,
      30, 16, 15, -1,
      30, 15, 31, -1,
      31, 15, 14, -1,
      31, 14, 32, -1,
      32, 14, 13, -1,
      32, 13, 33, -1,
      33, 13, 12, -1,
      33, 12, 34, -1,
      34, 12, 11, -1,
      34, 11, 35, -1,
      35, 11, 10, -1,
      35, 10, 36, -1,
      36, 10, 2, -1,
      36, 2, 37, -1,
      37, 2, 1, -1,
      37, 1, 38, -1,
      38, 1, 23, -1,
      38, 23, 39, -1,
      39, 23, 22, -1,
      39, 22, 40, -1,
      40, 22, 21, -1,
      40, 21, 41, -1,
      41, 21, 6, -1,
      41, 6, 42, -1,
      42, 6, 20, -1,
      42, 20, 43, -1,
      43, 20, 19, -1,
      43, 19, 44, -1,
      44, 19, 5, -1,
      44, 5, 45, -1,
      45, 5, 4, -1,
      45, 4, 46, -1,
      46, 4, 3, -1,
      46, 3, 47, -1,
      47, 3, 0, -1,
      47, 0, 24, -1,
      24, 0, 9, -1,
      46, 47, 48, -1,
      48, 47, 24, -1,
      48, 24, 25, -1,
      43, 44, 48, -1,
      48, 44, 45, -1,
      48, 45, 46, -1,
      40, 41, 48, -1,
      48, 41, 42, -1,
      48, 42, 43, -1,
      37, 38, 48, -1,
      48, 38, 39, -1,
      48, 39, 40, -1,
      34, 35, 48, -1,
      48, 35, 36, -1,
      48, 36, 37, -1,
      31, 32, 48, -1,
      48, 32, 33, -1,
      48, 33, 34, -1,
      28, 29, 48, -1,
      48, 29, 30, -1,
      48, 30, 31, -1,
      25, 26, 48, -1,
      48, 26, 27, -1,
      48, 27, 28, -1,
    ]
  }
}

Shape {
  appearance Appearance {
    material Material {
      diffuseColor 0.7529 0.7529 0.7529
      specularColor 0.3765 0.3765 0.3765
      ambientIntensity 0.2
      transparency 0.0000
      shininess 0.5
    }
  }
  geometry IndexedFaceSet {
    ccw TRUE
    solid FALSE
    coord DEF co Coordinate {
      point [
        2.086614 -1.906350 0.314961,
        1.181102 -1.906350 0.314961,
        2.086614 -2.811862 0.314961,
        1.181102 -2.811862 0.314961,
        1.181102 -2.811862 0.433071,
        1.181102 -1.906350 0.433071,
        2.086614 -2.811862 0.433071,
        2.086614 -1.906350 0.433071,
        1.542151 -2.016849 0.433071,
        1.633858 -2.004776 0.433071,
        1.940718 -2.536272 0.433071,
        1.884408 -2.609656 0.433071,
        1.542151 -2.701363 0.433071,
        1.633858 -2.713437 0.433071,
        1.456693 -2.665966 0.433071,
        1.383309 -2.609656 0.433071,
        1.326999 -2.536272 0.433071,
        1.976115 -2.267398 0.433071,
        1.988189 -2.359106 0.433071,
        1.976115 -2.450814 0.433071,
        1.725566 -2.016849 0.433071,
        1.811024 -2.052247 0.433071,
        1.811024 -2.665966 0.433071,
        1.725566 -2.701363 0.433071,
        1.291601 -2.450814 0.433071,
        1.279528 -2.359106 0.433071,
        1.291601 -2.267398 0.433071,
        1.326999 -2.181941 0.433071,
        1.383309 -2.108556 0.433071,
        1.456693 -2.052247 0.433071,
        1.884408 -2.108556 0.433071,
        1.940718 -2.181941 0.433071,
      ]
    }
    coordIndex [
      4, 5, 3, -1,
      3, 5, 1, -1,
      6, 4, 2, -1,
      2, 4, 3, -1,
      7, 6, 0, -1,
      0, 6, 2, -1,
      5, 7, 1, -1,
      1, 7, 0, -1,
      8, 9, 5, -1,
      10, 11, 6, -1,
      12, 4, 13, -1,
      13, 4, 6, -1,
      12, 14, 4, -1,
      4, 14, 15, -1,
      4, 15, 16, -1,
      7, 17, 18, -1,
      7, 18, 6, -1,
      6, 18, 19, -1,
      6, 19, 10, -1,
      5, 9, 7, -1,
      7, 9, 20, -1,
      7, 20, 21, -1,
      11, 22, 6, -1,
      6, 22, 23, -1,
      6, 23, 13, -1,
      16, 24, 4, -1,
      4, 24, 25, -1,
      4, 25, 5, -1,
      5, 25, 26, -1,
      5, 26, 27, -1,
      27, 28, 5, -1,
      5, 28, 29, -1,
      5, 29, 8, -1,
      21, 30, 7, -1,
      7, 30, 31, -1,
      7, 31, 17, -1,
    ]
  }
}

Shape {
  appearance Appearance {
    material Material {
      diffuseColor 1.0000 1.0000 0.0000
      specularColor 0.5020 0.5020 0.0000
      ambientIntensity 0.2
      transparency 0.0000
      shininess 0.5
    }
  }
  geometry IndexedFaceSet {
    ccw TRUE
    solid FALSE
    coord DEF co Coordinate {
      point [
        1.542151 -2.016849 0.433071,
        1.633858 -2.004776 0.433071,
        1.940718 -2.536272 0.433071,
        1.884408 -2.609656 0.433071,
        1.542151 -2.701363 0.433071,
        1.633858 -2.713437 0.433071,
        1.456693 -2.665966 0.433071,
        1.383309 -2.609656 0.433071,
        1.326999 -2.536272 0.433071,
        1.976115 -2.267398 0.433071,
        1.988189 -2.359106 0.433071,
        1.976115 -2.450814 0.433071,
        1.725566 -2.016849 0.433071,
        1.811024 -2.052247 0.433071,
        1.811024 -2.665966 0.433071,
        1.725566 -2.701363 0.433071,
        1.291601 -2.450814 0.433071,
        1.279528 -2.359106 0.433071,
        1.291601 -2.267398 0.433071,
        1.326999 -2.181941 0.433071,
        1.383309 -2.108556 0.433071,
        1.456693 -2.052247 0.433071,
        1.884408 -2.108556 0.433071,
        1.940718 -2.181941 0.433071,
        1.358268 -2.359106 0.748031,
        1.279528 -2.359106 0.748031,
        1.367658 -2.430434 0.748031,
        1.291601 -2.450814 0.748031,
        1.395190 -2.496901 0.748031,
        1.326999 -2.536272 0.748031,
        1.438986 -2.553978 0.748031,
        1.383309 -2.609656 0.748031,
        1.496063 -2.597774 0.748031,
        1.456693 -2.665966 0.748031,
        1.562530 -2.625306 0.748031,
        1.542151 -2.701363 0.748031,
        1.633858 -2.634696 0.748031,
        1.633858 -2.713437 0.748031,
        1.705186 -2.625306 0.748031,
        1.725566 -2.701363 0.748031,
        1.771654 -2.597774 0.748031,
        1.811024 -2.665966 0.748031,
        1.828730 -2.553978 0.748031,
        1.884408 -2.609656 0.748031,
        1.872527 -2.496901 0.748031,
        1.940718 -2.536272 0.748031,
        1.900058 -2.430434 0.748031,
        1.976115 -2.450814 0.748031,
        1.909449 -2.359106 0.748031,
        1.988189 -2.359106 0.748031,
        1.900058 -2.287778 0.748031,
        1.976115 -2.267398 0.748031,
        1.872527 -2.221311 0.748031,
        1.940718 -2.181941 0.748031,
        1.828730 -2.164234 0.748031,
        1.884408 -2.108556 0.748031,
        1.771654 -2.120437 0.748031,
        1.811024 -2.052247 0.748031,
        1.705186 -2.092906 0.748031,
        1.725566 -2.016849 0.748031,
        1.633858 -2.083515 0.748031,
        1.633858 -2.004776 0.748031,
        1.562530 -2.092906 0.748031,
        1.542151 -2.016849 0.748031,
        1.496063 -2.120437 0.748031,
        1.456693 -2.052247 0.748031,
        1.438986 -2.164234 0.748031,
        1.383309 -2.108556 0.748031,
        1.395190 -2.221311 0.748031,
        1.326999 -2.181941 0.748031,
        1.367658 -2.287778 0.748031,
        1.291601 -2.267398 0.748031,
        1.358268 -2.359106 0.433071,
        1.367658 -2.287778 0.433071,
        1.395190 -2.221311 0.433071,
        1.438986 -2.164234 0.433071,
        1.496063 -2.120437 0.433071,
        1.562530 -2.092906 0.433071,
        1.633858 -2.083515 0.433071,
        1.705186 -2.092906 0.433071,
        1.771654 -2.120437 0.433071,
        1.828730 -2.164234 0.433071,
        1.872527 -2.221311 0.433071,
        1.900058 -2.287778 0.433071,
        1.909449 -2.359106 0.433071,
        1.900058 -2.430434 0.433071,
        1.872527 -2.496901 0.433071,
        1.828730 -2.553978 0.433071,
        1.771654 -2.597774 0.433071,
        1.705186 -2.625306 0.433071,
        1.633858 -2.634696 0.433071,
        1.562530 -2.625306 0.433071,
        1.496063 -2.597774 0.433071,
        1.438986 -2.553978 0.433071,
        1.395190 -2.496901 0.433071,
        1.367658 -2.430434 0.433071,
      ]
    }
    coordIndex [
      24, 25, 26, -1,
      26, 25, 27, -1,
      26, 27, 28, -1,
      28, 27, 29, -1,
      28, 29, 30, -1,
      30, 29, 31, -1,
      30, 31, 32, -1,
      32, 31, 33, -1,
      32, 33, 34, -1,
      34, 33, 35, -1,
      34, 35, 36, -1,
      36, 35, 37, -1,
      36, 37, 38, -1,
      38, 37, 39, -1,
      38, 39, 40, -1,
      40, 39, 41, -1,
      40, 41, 42, -1,
      42, 41, 43, -1,
      42, 43, 44, -1,
      44, 43, 45, -1,
      44, 45, 46, -1,
      46, 45, 47, -1,
      46, 47, 48, -1,
      48, 47, 49, -1,
      48, 49, 50, -1,
      50, 49, 51, -1,
      50, 51, 52, -1,
      52, 51, 53, -1,
      52, 53, 54, -1,
      54, 53, 55, -1,
      54, 55, 56, -1,
      56, 55, 57, -1,
      56, 57, 58, -1,
      58, 57, 59, -1,
      58, 59, 60, -1,
      60, 59, 61, -1,
      60, 61, 62, -1,
      62, 61, 63, -1,
      62, 63, 64, -1,
      64, 63, 65, -1,
      64, 65, 66, -1,
      66, 65, 67, -1,
      66, 67, 68, -1,
      68, 67, 69, -1,
      68, 69, 70, -1,
      70, 69, 71, -1,
      70, 71, 24, -1,
      24, 71, 25, -1,
      17, 71, 18, -1,
      18, 71, 69, -1,
      18, 69, 19, -1,
      19, 69, 67, -1,
      19, 67, 20, -1,
      20, 67, 65, -1,
      20, 65, 21, -1,
      21, 65, 63, -1,
      21, 63, 0, -1,
      0, 63, 61, -1,
      0, 61, 1, -1,
      1, 61, 59, -1,
      1, 59, 12, -1,
      12, 59, 57, -1,
      12, 57, 13, -1,
      13, 57, 55, -1,
      13, 55, 22, -1,
      22, 55, 53, -1,
      22, 53, 23, -1,
      23, 53, 51, -1,
      23, 51, 9, -1,
      9, 51, 49, -1,
      9, 49, 10, -1,
      10, 49, 47, -1,
      10, 47, 11, -1,
      11, 47, 45, -1,
      11, 45, 2, -1,
      2, 45, 43, -1,
      2, 43, 3, -1,
      3, 43, 41, -1,
      3, 41, 14, -1,
      14, 41, 39, -1,
      14, 39, 15, -1,
      15, 39, 37, -1,
      15, 37, 5, -1,
      5, 37, 35, -1,
      5, 35, 4, -1,
      4, 35, 33, -1,
      4, 33, 6, -1,
      6, 33, 31, -1,
      6, 31, 7, -1,
      7, 31, 29, -1,
      7, 29, 8, -1,
      8, 29, 27, -1,
      8, 27, 16, -1,
      16, 27, 25, -1,
      16, 25, 17, -1,
      17, 25, 71, -1,
      24, 72, 70, -1,
      70, 72, 73, -1,
      70, 73, 68, -1,
      68, 73, 74, -1,
      68, 74, 66, -1,
      66, 74, 75, -1,
      66, 75, 64, -1,
      64, 75, 76, -1,
      64, 76, 62, -1,
      62, 76, 77, -1,
      62, 77, 60, -1,
      60, 77, 78, -1,
      60, 78, 58, -1,
      58, 78, 79, -1,
      58, 79, 56, -1,
      56, 79, 80, -1,
      56, 80, 54, -1,
      54, 80, 81, -1,
      54, 81, 52, -1,
      52, 81, 82, -1,
      52, 82, 50, -1,
      50, 82, 83, -1,
      50, 83, 48, -1,
      48, 83, 84, -1,
      48, 84, 46, -1,
      46, 84, 85, -1,
      46, 85, 44, -1,
      44, 85, 86, -1,
      44, 86, 42, -1,
      42, 86, 87, -1,
      42, 87, 40, -1,
      40, 87, 88, -1,
      40, 88, 38, -1,
      38, 88, 89, -1,
      38, 89, 36, -1,
      36, 89, 90, -1,
      36, 90, 34, -1,
      34, 90, 91, -1,
      34, 91, 32, -1,
      32, 91, 92, -1,
      32, 92, 30, -1,
      30, 92, 93, -1,
      30, 93, 28, -1,
      28, 93, 94, -1,
      28, 94, 26, -1,
      26, 94, 95, -1,
      26, 95, 24, -1,
      24, 95, 72, -1,
    ]
  }
}

Shape {
  appearance Appearance {
    material Material {
      diffuseColor 0.7529 0.7529 0.7529
      specularColor 0.3765 0.3765 0.3765
      ambientIntensity 0.2
      transparency 0.0000
      shininess 0.5
    }
  }
  geometry IndexedFaceSet {
    ccw TRUE
    solid FALSE
    coord DEF co Coordinate {
      point [
        1.358268 -2.359106 0.433071,
        1.367658 -2.287778 0.433071,
        1.395190 -2.221311 0.433071,
        1.438986 -2.164234 0.433071,
        1.496063 -2.120437 0.433071,
        1.562530 -2.092906 0.433071,
        1.633858 -2.083515 0.433071,
        1.705186 -2.092906 0.433071,
        1.771654 -2.120437 0.433071,
        1.828730 -2.164234 0.433071,
        1.872527 -2.221311 0.433071,
        1.900058 -2.287778 0.433071,
        1.909449 -2.359106 0.433071,
        1.900058 -2.430434 0.433071,
        1.872527 -2.496901 0.433071,
        1.828730 -2.553978 0.433071,
        1.771654 -2.597774 0.433071,
        1.705186 -2.625306 0.433071,
        1.633858 -2.634696 0.433071,
        1.562530 -2.625306 0.433071,
        1.496063 -2.597774 0.433071,
        1.438986 -2.553978 0.433071,
        1.395190 -2.496901 0.433071,
        1.367658 -2.430434 0.433071,
        1.692913 -2.256820 0.433071,
        1.664428 -2.245020 0.433071,
        1.633858 -2.240996 0.433071,
        1.603289 -2.245020 0.433071,
        1.574803 -2.256820 0.433071,
        1.550342 -2.275589 0.433071,
        1.531572 -2.300051 0.433071,
        1.519772 -2.328537 0.433071,
        1.515748 -2.359106 0.433071,
        1.519772 -2.389675 0.433071,
        1.531572 -2.418161 0.433071,
        1.550342 -2.442622 0.433071,
        1.574803 -2.461393 0.433071,
        1.603289 -2.473192 0.433071,
        1.633858 -2.477217 0.433071,
        1.664428 -2.473192 0.433071,
        1.692913 -2.461393 0.433071,
        1.717375 -2.442622 0.433071,
        1.736145 -2.418161 0.433071,
        1.747944 -2.389675 0.433071,
        1.751969 -2.359106 0.433071,
        1.747944 -2.328537 0.433071,
        1.736145 -2.300051 0.433071,
        1.717375 -2.275589 0.433071,
      ]
    }
    coordIndex [
      24, 8, 25, -1,
      25, 8, 7, -1,
      25, 7, 26, -1,
      26, 7, 6, -1,
      26, 6, 27, -1,
      27, 6, 5, -1,
      27, 5, 28, -1,
      28, 5, 4, -1,
      28, 4, 29, -1,
      29, 4, 3, -1,
      29, 3, 30, -1,
      30, 3, 2, -1,
      30, 2, 31, -1,
      31, 2, 1, -1,
      31, 1, 32, -1,
      32, 1, 0, -1,
      32, 0, 33, -1,
      33, 0, 23, -1,
      33, 23, 34, -1,
      34, 23, 22, -1,
      34, 22, 35, -1,
      35, 22, 21, -1,
      35, 21, 36, -1,
      36, 21, 20, -1,
      36, 20, 37, -1,
      37, 20, 19, -1,
      37, 19, 38, -1,
      38, 19, 18, -1,
      38, 18, 39, -1,
      39, 18, 17, -1,
      39, 17, 40, -1,
      40, 17, 16, -1,
      40, 16, 41, -1,
      41, 16, 15, -1,
      41, 15, 42, -1,
      42, 15, 14, -1,
      42, 14, 43, -1,
      43, 14, 13, -1,
      43, 13, 44, -1,
      44, 13, 12, -1,
      44, 12, 45, -1,
      45, 12, 11, -1,
      45, 11, 46, -1,
      46, 11, 10, -1,
      46, 10, 47, -1,
      47, 10, 9, -1,
      47, 9, 24, -1,
      24, 9, 8, -1,
    ]
  }
}

Shape {
  appearance Appearance {
    material Material {
      diffuseColor 1.0000 1.0000 0.0000
      specularColor 0.5020 0.5020 0.0000
      ambientIntensity 0.2
      transparency 0.0000
      shininess 0.5
    }
  }
  geometry IndexedFaceSet {
    ccw TRUE
    solid FALSE
    coord DEF co Coordinate {
      point [
        1.692913 -2.256820 0.433071,
        1.664428 -2.245020 0.433071,
        1.633858 -2.240996 0.433071,
        1.603289 -2.245020 0.433071,
        1.574803 -2.256820 0.433071,
        1.550342 -2.275589 0.433071,
        1.531572 -2.300051 0.433071,
        1.519772 -2.328537 0.433071,
        1.515748 -2.359106 0.433071,
        1.519772 -2.389675 0.433071,
        1.531572 -2.418161 0.433071,
        1.550342 -2.442622 0.433071,
        1.574803 -2.461393 0.433071,
        1.603289 -2.473192 0.433071,
        1.633858 -2.477217 0.433071,
        1.664428 -2.473192 0.433071,
        1.692913 -2.461393 0.433071,
        1.717375 -2.442622 0.433071,
        1.736145 -2.418161 0.433071,
        1.747944 -2.389675 0.433071,
        1.751969 -2.359106 0.433071,
        1.747944 -2.328537 0.433071,
        1.736145 -2.300051 0.433071,
        1.717375 -2.275589 0.433071,
        1.519772 -2.328537 0.629921,
        1.531572 -2.300051 0.629921,
        1.550342 -2.275589 0.629921,
        1.574803 -2.256820 0.629921,
        1.603289 -2.245020 0.629921,
        1.633858 -2.240996 0.629921,
        1.664428 -2.245020 0.629921,
        1.692913 -2.256820 0.629921,
        1.717375 -2.275589 0.629921,
        1.736145 -2.300051 0.629921,
        1.747944 -2.328537 0.629921,
        1.751969 -2.359106 0.629921,
        1.747944 -2.389675 0.629921,
        1.736145 -2.418161 0.629921,
        1.717375 -2.442622 0.629921,
        1.692913 -2.461393 0.629921,
        1.664428 -2.473192 0.629921,
        1.633858 -2.477217 0.629921,
        1.603289 -2.473192 0.629921,
        1.574803 -2.461393 0.629921,
        1.550342 -2.442622 0.629921,
        1.531572 -2.418161 0.629921,
        1.519772 -2.389675 0.629921,
        1.515748 -2.359106 0.629921,
        1.633858 -2.359106 0.748031,
        1.663386 -2.351194 0.744007,
        1.660332 -2.343821 0.744007,
        1.664428 -2.359106 0.744007,
        1.649143 -2.332632 0.744007,
        1.641770 -2.329579 0.744007,
        1.655474 -2.337491 0.744007,
        1.625946 -2.329579 0.744007,
        1.618574 -2.332632 0.744007,
        1.633858 -2.328537 0.744007,
        1.607385 -2.343821 0.744007,
        1.604331 -2.351194 0.744007,
        1.612243 -2.337491 0.744007,
        1.604331 -2.367018 0.744007,
        1.607385 -2.374391 0.744007,
        1.603289 -2.359106 0.744007,
        1.618574 -2.385580 0.744007,
        1.625946 -2.388633 0.744007,
        1.612243 -2.380722 0.744007,
        1.641770 -2.388633 0.744007,
        1.649143 -2.385580 0.744007,
        1.633858 -2.389675 0.744007,
        1.660332 -2.374391 0.744007,
        1.663386 -2.367018 0.744007,
        1.655474 -2.380722 0.744007,
        1.690901 -2.343821 0.732208,
        1.685001 -2.329579 0.732208,
        1.675617 -2.317348 0.732208,
        1.663386 -2.307963 0.732208,
        1.649143 -2.302063 0.732208,
        1.633858 -2.300051 0.732208,
        1.618574 -2.302063 0.732208,
        1.604331 -2.307963 0.732208,
        1.592100 -2.317348 0.732208,
        1.582715 -2.329579 0.732208,
        1.576815 -2.343821 0.732208,
        1.574803 -2.359106 0.732208,
        1.576815 -2.374391 0.732208,
        1.582715 -2.388633 0.732208,
        1.592100 -2.400865 0.732208,
        1.604331 -2.410249 0.732208,
        1.618574 -2.416149 0.732208,
        1.633858 -2.418161 0.732208,
        1.649143 -2.416149 0.732208,
        1.663386 -2.410249 0.732208,
        1.675617 -2.400865 0.732208,
        1.685001 -2.388633 0.732208,
        1.690901 -2.374391 0.732208,
        1.692913 -2.359106 0.732208,
        1.714529 -2.337491 0.713438,
        1.706186 -2.317348 0.713438,
        1.692913 -2.300051 0.713438,
        1.675617 -2.286779 0.713438,
        1.655474 -2.278435 0.713438,
        1.633858 -2.275589 0.713438,
        1.612243 -2.278435 0.713438,
        1.592100 -2.286779 0.713438,
        1.574803 -2.300051 0.713438,
        1.561531 -2.317348 0.713438,
        1.553187 -2.337491 0.713438,
        1.550342 -2.359106 0.713438,
        1.553187 -2.380722 0.713438,
        1.561531 -2.400865 0.713438,
        1.574803 -2.418161 0.713438,
        1.592100 -2.431433 0.713438,
        1.612243 -2.439777 0.713438,
        1.633858 -2.442622 0.713438,
        1.655474 -2.439777 0.713438,
        1.675617 -2.431433 0.713438,
        1.692913 -2.418161 0.713438,
        1.706186 -2.400865 0.713438,
        1.714529 -2.380722 0.713438,
        1.717375 -2.359106 0.713438,
        1.732659 -2.332632 0.688976,
        1.722441 -2.307963 0.688976,
        1.706186 -2.286779 0.688976,
        1.685001 -2.270523 0.688976,
        1.660332 -2.260305 0.688976,
        1.633858 -2.256820 0.688976,
        1.607385 -2.260305 0.688976,
        1.582715 -2.270523 0.688976,
        1.561531 -2.286779 0.688976,
        1.545276 -2.307963 0.688976,
        1.535057 -2.332632 0.688976,
        1.531572 -2.359106 0.688976,
        1.535057 -2.385580 0.688976,
        1.545276 -2.410249 0.688976,
        1.561531 -2.431433 0.688976,
        1.582715 -2.447689 0.688976,
        1.607385 -2.457907 0.688976,
        1.633858 -2.461393 0.688976,
        1.660332 -2.457907 0.688976,
        1.685001 -2.447689 0.688976,
        1.706186 -2.431433 0.688976,
        1.722441 -2.410249 0.688976,
        1.732659 -2.385580 0.688976,
        1.736145 -2.359106 0.688976,
        1.744057 -2.329579 0.660491,
        1.732659 -2.302063 0.660491,
        1.714529 -2.278435 0.660491,
        1.690901 -2.260305 0.660491,
        1.663386 -2.248907 0.660491,
        1.633858 -2.245020 0.660491,
        1.604331 -2.248907 0.660491,
        1.576815 -2.260305 0.660491,
        1.553187 -2.278435 0.660491,
        1.535057 -2.302063 0.660491,
        1.523660 -2.329579 0.660491,
        1.519772 -2.359106 0.660491,
        1.523660 -2.388633 0.660491,
        1.535057 -2.416149 0.660491,
        1.553187 -2.439777 0.660491,
        1.576815 -2.457907 0.660491,
        1.604331 -2.469304 0.660491,
        1.633858 -2.473192 0.660491,
        1.663386 -2.469304 0.660491,
        1.690901 -2.457907 0.660491,
        1.714529 -2.439777 0.660491,
        1.732659 -2.416149 0.660491,
        1.744057 -2.388633 0.660491,
        1.747944 -2.359106 0.660491,
      ]
    }
    coordIndex [
      8, 24, 7, -1,
      7, 24, 25, -1,
      7, 25, 6, -1,
      6, 25, 26, -1,
      6, 26, 5, -1,
      5, 26, 27, -1,
      5, 27, 4, -1,
      4, 27, 28, -1,
      4, 28, 3, -1,
      3, 28, 29, -1,
      3, 29, 2, -1,
      2, 29, 30, -1,
      2, 30, 1, -1,
      1, 30, 31, -1,
      1, 31, 0, -1,
      0, 31, 32, -1,
      0, 32, 23, -1,
      23, 32, 33, -1,
      23, 33, 22, -1,
      22, 33, 34, -1,
      22, 34, 21, -1,
      21, 34, 35, -1,
      21, 35, 20, -1,
      20, 35, 36, -1,
      20, 36, 19, -1,
      19, 36, 37, -1,
      19, 37, 18, -1,
      18, 37, 38, -1,
      18, 38, 17, -1,
      17, 38, 39, -1,
      17, 39, 16, -1,
      16, 39, 40, -1,
      16, 40, 15, -1,
      15, 40, 41, -1,
      15, 41, 14, -1,
      14, 41, 42, -1,
      14, 42, 13, -1,
      13, 42, 43, -1,
      13, 43, 12, -1,
      12, 43, 44, -1,
      12, 44, 11, -1,
      11, 44, 45, -1,
      11, 45, 10, -1,
      10, 45, 46, -1,
      10, 46, 9, -1,
      9, 46, 47, -1,
      9, 47, 8, -1,
      8, 47, 24, -1,
      48, 49, 50, -1,
      51, 49, 48, -1,
      48, 52, 53, -1,
      54, 52, 48, -1,
      50, 54, 48, -1,
      48, 55, 56, -1,
      57, 55, 48, -1,
      53, 57, 48, -1,
      48, 58, 59, -1,
      60, 58, 48, -1,
      56, 60, 48, -1,
      48, 61, 62, -1,
      63, 61, 48, -1,
      59, 63, 48, -1,
      48, 64, 65, -1,
      66, 64, 48, -1,
      62, 66, 48, -1,
      48, 67, 68, -1,
      69, 67, 48, -1,
      65, 69, 48, -1,
      48, 70, 71, -1,
      72, 70, 48, -1,
      68, 72, 48, -1,
      71, 51, 48, -1,
      51, 73, 49, -1,
      49, 73, 74, -1,
      49, 74, 50, -1,
      50, 74, 75, -1,
      50, 75, 54, -1,
      54, 75, 76, -1,
      54, 76, 52, -1,
      52, 76, 77, -1,
      52, 77, 53, -1,
      53, 77, 78, -1,
      53, 78, 57, -1,
      57, 78, 79, -1,
      57, 79, 55, -1,
      55, 79, 80, -1,
      55, 80, 56, -1,
      56, 80, 81, -1,
      56, 81, 60, -1,
      60, 81, 82, -1,
      60, 82, 58, -1,
      58, 82, 83, -1,
      58, 83, 59, -1,
      59, 83, 84, -1,
      59, 84, 63, -1,
      63, 84, 85, -1,
      63, 85, 61, -1,
      61, 85, 86, -1,
      61, 86, 62, -1,
      62, 86, 87, -1,
      62, 87, 66, -1,
      66, 87, 88, -1,
      66, 88, 64, -1,
      64, 88, 89, -1,
      64, 89, 65, -1,
      65, 89, 90, -1,
      65, 90, 69, -1,
      69, 90, 91, -1,
      69, 91, 67, -1,
      67, 91, 92, -1,
      67, 92, 68, -1,
      68, 92, 93, -1,
      68, 93, 72, -1,
      72, 93, 94, -1,
      72, 94, 70, -1,
      70, 94, 95, -1,
      70, 95, 71, -1,
      71, 95, 96, -1,
      71, 96, 51, -1,
      51, 96, 73, -1,
      96, 97, 73, -1,
      73, 97, 98, -1,
      73, 98, 74, -1,
      74, 98, 99, -1,
      74, 99, 75, -1,
      75, 99, 100, -1,
      75, 100, 76, -1,
      76, 100, 101, -1,
      76, 101, 77, -1,
      77, 101, 102, -1,
      77, 102, 78, -1,
      78, 102, 103, -1,
      78, 103, 79, -1,
      79, 103, 104, -1,
      79, 104, 80, -1,
      80, 104, 105, -1,
      80, 105, 81, -1,
      81, 105, 106, -1,
      81, 106, 82, -1,
      82, 106, 107, -1,
      82, 107, 83, -1,
      83, 107, 108, -1,
      83, 108, 84, -1,
      84, 108, 109, -1,
      84, 109, 85, -1,
      85, 109, 110, -1,
      85, 110, 86, -1,
      86, 110, 111, -1,
      86, 111, 87, -1,
      87, 111, 112, -1,
      87, 112, 88, -1,
      88, 112, 113, -1,
      88, 113, 89, -1,
      89, 113, 114, -1,
      89, 114, 90, -1,
      90, 114, 115, -1,
      90, 115, 91, -1,
      91, 115, 116, -1,
      91, 116, 92, -1,
      92, 116, 117, -1,
      92, 117, 93, -1,
      93, 117, 118, -1,
      93, 118, 94, -1,
      94, 118, 119, -1,
      94, 119, 95, -1,
      95, 119, 120, -1,
      95, 120, 96, -1,
      96, 120, 97, -1,
      120, 121, 97, -1,
      97, 121, 122, -1,
      97, 122, 98, -1,
      98, 122, 123, -1,
      98, 123, 99, -1,
      99, 123, 124, -1,
      99, 124, 100, -1,
      100, 124, 125, -1,
      100, 125, 101, -1,
      101, 125, 126, -1,
      101, 126, 102, -1,
      102, 126, 127, -1,
      102, 127, 103, -1,
      103, 127, 128, -1,
      103, 128, 104, -1,
      104, 128, 129, -1,
      104, 129, 105, -1,
      105, 129, 130, -1,
      105, 130, 106, -1,
      106, 130, 131, -1,
      106, 131, 107, -1,
      107, 131, 132, -1,
      107, 132, 108, -1,
      108, 132, 133, -1,
      108, 133, 109, -1,
      109, 133, 134, -1,
      109, 134, 110, -1,
      110, 134, 135, -1,
      110, 135, 111, -1,
      111, 135, 136, -1,
      111, 136, 112, -1,
      112, 136, 137, -1,
      112, 137, 113, -1,
      113, 137, 138, -1,
      113, 138, 114, -1,
      114, 138, 139, -1,
      114, 139, 115, -1,
      115, 139, 140, -1,
      115, 140, 116, -1,
      116, 140, 141, -1,
      116, 141, 117, -1,
      117, 141, 142, -1,
      117, 142, 118, -1,
      118, 142, 143, -1,
      118, 143, 119, -1,
      119, 143, 144, -1,
      119, 144, 120, -1,
      120, 144, 121, -1,
      144, 145, 121, -1,
      121, 145, 146, -1,
      121, 146, 122, -1,
      122, 146, 147, -1,
      122, 147, 123, -1,
      123, 147, 148, -1,
      123, 148, 124, -1,
      124, 148, 149, -1,
      124, 149, 125, -1,
      125, 149, 150, -1,
      125, 150, 126, -1,
      126, 150, 151, -1,
      126, 151, 127, -1,
      127, 151, 152, -1,
      127, 152, 128, -1,
      128, 152, 153, -1,
      128, 153, 129, -1,
      129, 153, 154, -1,
      129, 154, 130, -1,
      130, 154, 155, -1,
      130, 155, 131, -1,
      131, 155, 156, -1,
      131, 156, 132, -1,
      132, 156, 157, -1,
      132, 157, 133, -1,
      133, 157, 158, -1,
      133, 158, 134, -1,
      134, 158, 159, -1,
      134, 159, 135, -1,
      135, 159, 160, -1,
      135, 160, 136, -1,
      136, 160, 161, -1,
      136, 161, 137, -1,
      137, 161, 162, -1,
      137, 162, 138, -1,
      138, 162, 163, -1,
      138, 163, 139, -1,
      139, 163, 164, -1,
      139, 164, 140, -1,
      140, 164, 165, -1,
      140, 165, 141, -1,
      141, 165, 166, -1,
      141, 166, 142, -1,
      142, 166, 167, -1,
      142, 167, 143, -1,
      143, 167, 168, -1,
      143, 168, 144, -1,
      144, 168, 145, -1,
      168, 34, 145, -1,
      145, 34, 33, -1,
      145, 33, 146, -1,
      146, 33, 32, -1,
      146, 32, 147, -1,
      147, 32, 31, -1,
      147, 31, 148, -1,
      148, 31, 30, -1,
      148, 30, 149, -1,
      149, 30, 29, -1,
      149, 29, 150, -1,
      150, 29, 28, -1,
      150, 28, 151, -1,
      151, 28, 27, -1,
      151, 27, 152, -1,
      152, 27, 26, -1,
      152, 26, 153, -1,
      153, 26, 25, -1,
      153, 25, 154, -1,
      154, 25, 24, -1,
      154, 24, 155, -1,
      155, 24, 47, -1,
      155, 47, 156, -1,
      156, 47, 46, -1,
      156, 46, 157, -1,
      157, 46, 45, -1,
      157, 45, 158, -1,
      158, 45, 44, -1,
      158, 44, 159, -1,
      159, 44, 43, -1,
      159, 43, 160, -1,
      160, 43, 42, -1,
      160, 42, 161, -1,
      161, 42, 41, -1,
      161, 41, 162, -1,
      162, 41, 40, -1,
      162, 40, 163, -1,
      163, 40, 39, -1,
      163, 39, 164, -1,
      164, 39, 38, -1,
      164, 38, 165, -1,
      165, 38, 37, -1,
      165, 37, 166, -1,
      166, 37, 36, -1,
      166, 36, 167, -1,
      167, 36, 35, -1,
      167, 35, 168, -1,
      168, 35, 34, -1,
    ]
  }
}

Shape {
  appearance Appearance {
    material Material {
      diffuseColor 1.0000 1.0000 0.5020
      specularColor 0.5020 0.5020 0.2510
      ambientIntensity 0.2
      transparency 0.0000
      shininess 0.5
    }
  }
  geometry IndexedFaceSet {
    ccw TRUE
    solid FALSE
    coord DEF co Coordinate {
      point [
        0.767717 -3.208662 0.000000,
        0.118110 -0.082677 0.000000,
        0.413386 3.208662 0.000000,
        0.177165 3.208662 0.000000,
        0.413386 3.543307 0.000000,
        0.177165 3.543307 0.000000,
        0.118110 0.192913 0.000000,
        0.255906 0.192913 0.000000,
        0.393701 0.055118 0.000000,
        0.393701 -0.082677 0.000000,
        -0.748031 -0.948819 0.000000,
        -0.748031 -0.673228 0.000000,
        -0.472441 -0.673228 0.000000,
        -0.472441 -0.948819 0.000000,
        -0.472441 0.192913 0.000000,
        -0.767717 3.208662 0.000000,
        -0.767717 3.543307 0.000000,
        -0.413386 3.543307 0.000000,
        -0.413386 3.208662 0.000000,
        -0.748031 0.192913 0.000000,
        -0.748031 -0.082677 0.000000,
        -0.472441 -0.082677 0.000000,
        -0.314961 -0.948819 0.000000,
        -0.314961 -0.673228 0.000000,
        -0.039370 -0.673228 0.000000,
        -0.039370 -0.948819 0.000000,
        2.539370 -3.208662 0.000000,
        2.539370 -3.543307 0.000000,
        1.594488 -3.208662 0.000000,
        1.948819 -3.208662 0.000000,
        2.185039 -3.208662 0.000000,
        1.948819 -3.543307 0.000000,
        2.185039 -3.543307 0.000000,
        1.003937 -3.208662 0.000000,
        1.003937 -3.543307 0.000000,
        0.767717 -3.543307 0.000000,
        1.358268 -3.208662 0.000000,
        1.358268 -3.543307 0.000000,
        1.594488 -3.543307 0.000000,
        0.767717 3.208662 0.000000,
        1.358268 3.208662 0.000000,
        1.358268 3.543307 0.000000,
        1.594488 3.543307 0.000000,
        1.594488 3.208662 0.000000,
        1.948819 3.208662 0.000000,
        1.003937 3.208662 0.000000,
        1.003937 3.543307 0.000000,
        0.767717 3.543307 0.000000,
        2.539370 3.543307 0.000000,
        2.539370 3.208662 0.000000,
        2.185039 3.208662 0.000000,
        2.185039 3.543307 0.000000,
        1.948819 3.543307 0.000000,
        -0.314961 0.192913 0.000000,
        -0.177165 3.208662 0.000000,
        -0.039370 0.192913 0.000000,
        -0.177165 3.543307 0.000000,
        -0.314961 -0.082677 0.000000,
        -0.039370 -0.082677 0.000000,
        -2.539370 3.208662 0.000000,
        -2.539370 3.543307 0.000000,
        -2.185039 3.208662 0.000000,
        -1.594488 3.208662 0.000000,
        -1.948819 3.208662 0.000000,
        -1.948819 3.543307 0.000000,
        -2.185039 3.543307 0.000000,
        -1.003937 3.543307 0.000000,
        -1.003937 3.208662 0.000000,
        -1.358268 3.208662 0.000000,
        -1.358268 3.543307 0.000000,
        -1.594488 3.543307 0.000000,
        -1.003937 -3.543307 0.000000,
        -1.003937 -3.208662 0.000000,
        -1.358268 -3.208662 0.000000,
        -1.358268 -3.543307 0.000000,
        -1.594488 -3.543307 0.000000,
        -1.594488 -3.208662 0.000000,
        -1.948819 -3.208662 0.000000,
        -2.539370 -3.543307 0.000000,
        -2.539370 -3.208662 0.000000,
        -2.185039 -3.208662 0.000000,
        -2.185039 -3.543307 0.000000,
        -1.948819 -3.543307 0.000000,
        -0.413386 -3.543307 0.000000,
        -0.413386 -3.208662 0.000000,
        -0.767717 -3.543307 0.000000,
        -0.767717 -3.208662 0.000000,
        -0.177165 -3.543307 0.000000,
        -0.177165 -3.208662 0.000000,
        0.177165 -3.208662 0.000000,
        0.413386 -3.208662 0.000000,
        0.177165 -3.543307 0.000000,
        0.413386 -3.543307 0.000000,
        -0.039370 -0.240157 0.000000,
        -0.039370 -0.515748 0.000000,
        -0.314961 -0.515748 0.000000,
        -0.314961 -0.240157 0.000000,
        -0.748031 -0.515748 0.000000,
        -0.748031 -0.240157 0.000000,
        -0.472441 -0.240157 0.000000,
        -0.472441 -0.515748 0.000000,
        0.118110 -0.948819 0.000000,
        0.118110 -0.673228 0.000000,
        0.393701 -0.673228 0.000000,
        0.393701 -0.948819 0.000000,
        0.393701 -0.240157 0.000000,
        0.393701 -0.515748 0.000000,
        0.118110 -0.515748 0.000000,
        0.118110 -0.240157 0.000000,
        -2.539370 -3.366142 0.314961,
        -2.539370 -3.366142 0.318898,
        -2.185039 -3.366142 0.318898,
        -2.185039 -3.366142 0.314961,
        -2.481539 -3.474410 0.318898,
        -2.459641 -3.445871 0.318898,
        -2.431102 -3.423973 0.318898,
        -2.495305 -3.507643 0.318898,
        -2.500000 -3.543307 0.318898,
        -2.397869 -3.410207 0.318898,
        -2.362205 -3.405512 0.318898,
        -2.326541 -3.410207 0.318898,
        -2.293307 -3.423973 0.318898,
        -2.264769 -3.445871 0.318898,
        -2.242870 -3.474410 0.318898,
        -2.229105 -3.507643 0.318898,
        -2.224409 -3.543307 0.318898,
        -1.948819 -3.366142 0.314961,
        -1.948819 -3.366142 0.318898,
        -1.594488 -3.366142 0.318898,
        -1.594488 -3.366142 0.314961,
        -1.890988 -3.474410 0.318898,
        -1.869090 -3.445871 0.318898,
        -1.840551 -3.423973 0.318898,
        -1.807318 -3.410207 0.318898,
        -1.771654 -3.405512 0.318898,
        -1.735989 -3.410207 0.318898,
        -1.702756 -3.423973 0.318898,
        -1.904754 -3.507643 0.318898,
        -1.909449 -3.543307 0.318898,
        -1.674217 -3.445871 0.318898,
        -1.652319 -3.474410 0.318898,
        -1.638554 -3.507643 0.318898,
        -1.633858 -3.543307 0.318898,
        -1.358268 -3.366142 0.314961,
        -1.358268 -3.366142 0.318898,
        -1.003937 -3.366142 0.318898,
        -1.003937 -3.366142 0.314961,
        -1.300437 -3.474410 0.318898,
        -1.278538 -3.445871 0.318898,
        -1.250000 -3.423973 0.318898,
        -1.314202 -3.507643 0.318898,
        -1.318898 -3.543307 0.318898,
        -1.216767 -3.410207 0.318898,
        -1.181102 -3.405512 0.318898,
        -1.145438 -3.410207 0.318898,
        -1.112205 -3.423973 0.318898,
        -1.083667 -3.445871 0.318898,
        -1.061768 -3.474410 0.318898,
        -1.048002 -3.507643 0.318898,
        -1.043307 -3.543307 0.318898,
        -0.767717 -3.366142 0.314961,
        -0.767717 -3.366142 0.318898,
        -0.413386 -3.366142 0.318898,
        -0.413386 -3.366142 0.314961,
        -0.709885 -3.474410 0.318898,
        -0.687987 -3.445871 0.318898,
        -0.659449 -3.423973 0.318898,
        -0.723651 -3.507643 0.318898,
        -0.728346 -3.543307 0.318898,
        -0.626215 -3.410207 0.318898,
        -0.590551 -3.405512 0.318898,
        -0.554887 -3.410207 0.318898,
        -0.521654 -3.423973 0.318898,
        -0.493115 -3.445871 0.318898,
        -0.471217 -3.474410 0.318898,
        -0.457451 -3.507643 0.318898,
        -0.452756 -3.543307 0.318898,
        -0.177165 -3.366142 0.314961,
        -0.177165 -3.366142 0.318898,
        0.177165 -3.366142 0.318898,
        0.177165 -3.366142 0.314961,
        -0.119334 -3.474410 0.318898,
        -0.097436 -3.445871 0.318898,
        -0.068898 -3.423973 0.318898,
        -0.133100 -3.507643 0.318898,
        -0.137795 -3.543307 0.318898,
        0.068898 -3.423973 0.318898,
        0.097436 -3.445871 0.318898,
        0.119334 -3.474410 0.318898,
        0.133100 -3.507643 0.318898,
        0.137795 -3.543307 0.318898,
        -0.035664 -3.410207 0.318898,
        0.000000 -3.405512 0.318898,
        0.035664 -3.410207 0.318898,
        0.413386 -3.366142 0.314961,
        0.413386 -3.366142 0.318898,
        0.767717 -3.366142 0.318898,
        0.767717 -3.366142 0.314961,
        0.471217 -3.474410 0.318898,
        0.493115 -3.445871 0.318898,
        0.521654 -3.423973 0.318898,
        0.457451 -3.507643 0.318898,
        0.452756 -3.543307 0.318898,
        0.554887 -3.410207 0.318898,
        0.590551 -3.405512 0.318898,
        0.626215 -3.410207 0.318898,
        0.659449 -3.423973 0.318898,
        0.687987 -3.445871 0.318898,
        0.709885 -3.474410 0.318898,
        0.723651 -3.507643 0.318898,
        0.728346 -3.543307 0.318898,
        1.003937 -3.366142 0.314961,
        1.003937 -3.366142 0.318898,
        1.358268 -3.366142 0.318898,
        1.358268 -3.366142 0.314961,
        1.061768 -3.474410 0.318898,
        1.083667 -3.445871 0.318898,
        1.112205 -3.423973 0.318898,
        1.048002 -3.507643 0.318898,
        1.043307 -3.543307 0.318898,
        1.145438 -3.410207 0.318898,
        1.181102 -3.405512 0.318898,
        1.216767 -3.410207 0.318898,
        1.250000 -3.423973 0.318898,
        1.278538 -3.445871 0.318898,
        1.300437 -3.474410 0.318898,
        1.314202 -3.507643 0.318898,
        1.318898 -3.543307 0.318898,
        1.594488 -3.366142 0.314961,
        1.594488 -3.366142 0.318898,
        1.948819 -3.366142 0.318898,
        1.948819 -3.366142 0.314961,
        1.652319 -3.474410 0.318898,
        1.674217 -3.445871 0.318898,
        1.702756 -3.423973 0.318898,
        1.638554 -3.507643 0.318898,
        1.633858 -3.543307 0.318898,
        1.735989 -3.410207 0.318898,
        1.771654 -3.405512 0.318898,
        1.807318 -3.410207 0.318898,
        1.840551 -3.423973 0.318898,
        1.869090 -3.445871 0.318898,
        1.890988 -3.474410 0.318898,
        1.904754 -3.507643 0.318898,
        1.909449 -3.543307 0.318898,
        2.185039 -3.366142 0.314961,
        2.185039 -3.366142 0.318898,
        2.539370 -3.366142 0.318898,
        2.539370 -3.366142 0.314961,
        2.242870 -3.474410 0.318898,
        2.264769 -3.445871 0.318898,
        2.293307 -3.423973 0.318898,
        2.229105 -3.507643 0.318898,
        2.224409 -3.543307 0.318898,
        2.326541 -3.410207 0.318898,
        2.362205 -3.405512 0.318898,
        2.397869 -3.410207 0.318898,
        2.431102 -3.423973 0.318898,
        2.459641 -3.445871 0.318898,
        2.481539 -3.474410 0.318898,
        2.495305 -3.507643 0.318898,
        2.500000 -3.543307 0.318898,
        -2.500000 -3.543307 -0.003937,
        -2.539370 -3.543307 -0.003937,
        -1.948819 -3.543307 -0.003937,
        -1.909449 -3.543307 -0.003937,
        -2.224409 -3.543307 -0.003937,
        -2.185039 -3.543307 -0.003937,
        -1.358268 -3.543307 -0.003937,
        -1.318898 -3.543307 -0.003937,
        -1.633858 -3.543307 -0.003937,
        -1.594488 -3.543307 -0.003937,
        -0.767717 -3.543307 -0.003937,
        -0.728346 -3.543307 -0.003937,
        -1.043307 -3.543307 -0.003937,
        -1.003937 -3.543307 -0.003937,
        -0.177165 -3.543307 -0.003937,
        -0.137795 -3.543307 -0.003937,
        -0.452756 -3.543307 -0.003937,
        -0.413386 -3.543307 -0.003937,
        0.413386 -3.543307 -0.003937,
        0.452756 -3.543307 -0.003937,
        0.137795 -3.543307 -0.003937,
        0.177165 -3.543307 -0.003937,
        1.003937 -3.543307 -0.003937,
        1.043307 -3.543307 -0.003937,
        0.728346 -3.543307 -0.003937,
        0.767717 -3.543307 -0.003937,
        1.594488 -3.543307 -0.003937,
        1.633858 -3.543307 -0.003937,
        1.318898 -3.543307 -0.003937,
        1.358268 -3.543307 -0.003937,
        2.185039 -3.543307 -0.003937,
        2.224409 -3.543307 -0.003937,
        1.909449 -3.543307 -0.003937,
        1.948819 -3.543307 -0.003937,
        2.500000 -3.543307 -0.003937,
        2.539370 -3.543307 -0.003937,
        1.594488 3.366142 0.314961,
        1.594488 3.543307 0.314961,
        1.358268 3.543307 0.314961,
        2.539370 3.543307 0.314961,
        2.539370 3.366142 0.314961,
        2.185039 3.366142 0.314961,
        1.358268 3.366142 0.314961,
        1.003937 3.366142 0.314961,
        2.185039 3.543307 0.314961,
        1.948819 3.543307 0.314961,
        1.948819 3.366142 0.314961,
        0.177165 3.366142 0.314961,
        -0.177165 3.366142 0.314961,
        0.413386 3.366142 0.314961,
        0.413386 3.543307 0.314961,
        0.177165 3.543307 0.314961,
        -1.003937 3.366142 0.314961,
        -1.358268 3.366142 0.314961,
        1.003937 3.543307 0.314961,
        0.767717 3.543307 0.314961,
        0.767717 3.366142 0.314961,
        -0.177165 3.543307 0.314961,
        -0.413386 3.543307 0.314961,
        -0.413386 3.366142 0.314961,
        -0.767717 3.366142 0.314961,
        -0.767717 3.543307 0.314961,
        -1.003937 3.543307 0.314961,
        -1.358268 3.543307 0.314961,
        -1.594488 3.543307 0.314961,
        -1.594488 3.366142 0.314961,
        -1.948819 3.366142 0.314961,
        -1.948819 3.543307 0.314961,
        -2.185039 3.543307 0.314961,
        -2.185039 3.366142 0.314961,
        -2.539370 3.543307 0.314961,
        -2.539370 3.366142 0.314961,
        -1.358268 3.543307 0.318898,
        -1.318898 3.543307 0.318898,
        -1.633858 3.543307 -0.003937,
        -1.633858 3.543307 0.318898,
        -1.594488 3.543307 0.318898,
        -1.318898 3.543307 -0.003937,
        -1.358268 3.543307 -0.003937,
        -1.594488 3.543307 -0.003937,
        -0.767717 3.543307 0.318898,
        -0.728346 3.543307 0.318898,
        -1.043307 3.543307 -0.003937,
        -1.043307 3.543307 0.318898,
        -1.003937 3.543307 0.318898,
        -0.728346 3.543307 -0.003937,
        -0.767717 3.543307 -0.003937,
        -1.003937 3.543307 -0.003937,
        -0.177165 3.543307 0.318898,
        -0.137795 3.543307 0.318898,
        -0.452756 3.543307 -0.003937,
        -0.452756 3.543307 0.318898,
        -0.413386 3.543307 0.318898,
        -0.137795 3.543307 -0.003937,
        -0.177165 3.543307 -0.003937,
        -0.413386 3.543307 -0.003937,
        0.413386 3.543307 0.318898,
        0.452756 3.543307 0.318898,
        0.137795 3.543307 -0.003937,
        0.137795 3.543307 0.318898,
        0.177165 3.543307 0.318898,
        0.452756 3.543307 -0.003937,
        0.413386 3.543307 -0.003937,
        0.177165 3.543307 -0.003937,
        1.003937 3.543307 0.318898,
        1.043307 3.543307 0.318898,
        0.728346 3.543307 -0.003937,
        0.728346 3.543307 0.318898,
        0.767717 3.543307 0.318898,
        1.043307 3.543307 -0.003937,
        1.003937 3.543307 -0.003937,
        0.767717 3.543307 -0.003937,
        1.594488 3.543307 0.318898,
        1.633858 3.543307 0.318898,
        1.318898 3.543307 -0.003937,
        1.318898 3.543307 0.318898,
        1.358268 3.543307 0.318898,
        1.633858 3.543307 -0.003937,
        1.594488 3.543307 -0.003937,
        1.358268 3.543307 -0.003937,
        2.185039 3.543307 0.318898,
        2.224409 3.543307 0.318898,
        1.909449 3.543307 -0.003937,
        1.909449 3.543307 0.318898,
        1.948819 3.543307 0.318898,
        2.224409 3.543307 -0.003937,
        2.185039 3.543307 -0.003937,
        1.948819 3.543307 -0.003937,
        2.500000 3.543307 -0.003937,
        2.500000 3.543307 0.318898,
        2.539370 3.543307 0.318898,
        2.539370 3.543307 -0.003937,
        -2.185039 3.543307 -0.003937,
        -2.224409 3.543307 -0.003937,
        -1.909449 3.543307 0.318898,
        -1.909449 3.543307 -0.003937,
        -1.948819 3.543307 -0.003937,
        -2.224409 3.543307 0.318898,
        -2.185039 3.543307 0.318898,
        -1.948819 3.543307 0.318898,
        -2.500000 3.543307 0.318898,
        -2.500000 3.543307 -0.003937,
        -2.539370 3.543307 -0.003937,
        -2.539370 3.543307 0.318898,
        -2.495305 3.507643 -0.003937,
        -2.326541 3.410207 -0.003937,
        -2.293307 3.423973 -0.003937,
        -2.185039 3.208662 -0.003937,
        -2.539370 3.208662 -0.003937,
        -2.481539 3.474410 -0.003937,
        -2.459641 3.445871 -0.003937,
        -2.264769 3.445871 -0.003937,
        -2.242870 3.474410 -0.003937,
        -2.229105 3.507643 -0.003937,
        -2.431102 3.423973 -0.003937,
        -2.397869 3.410207 -0.003937,
        -2.362205 3.405512 -0.003937,
        -2.539370 3.366142 0.318898,
        -2.185039 3.366142 0.318898,
        -2.242870 3.474410 0.318898,
        -2.264769 3.445871 0.318898,
        -2.293307 3.423973 0.318898,
        -2.229105 3.507643 0.318898,
        -2.431102 3.423973 0.318898,
        -2.459641 3.445871 0.318898,
        -2.481539 3.474410 0.318898,
        -2.495305 3.507643 0.318898,
        -2.326541 3.410207 0.318898,
        -2.362205 3.405512 0.318898,
        -2.397869 3.410207 0.318898,
        -1.904754 3.507643 -0.003937,
        -1.948819 3.208662 -0.003937,
        -1.890988 3.474410 -0.003937,
        -1.869090 3.445871 -0.003937,
        -1.840551 3.423973 -0.003937,
        -1.807318 3.410207 -0.003937,
        -1.594488 3.208662 -0.003937,
        -1.771654 3.405512 -0.003937,
        -1.735989 3.410207 -0.003937,
        -1.702756 3.423973 -0.003937,
        -1.674217 3.445871 -0.003937,
        -1.652319 3.474410 -0.003937,
        -1.638554 3.507643 -0.003937,
        -1.948819 3.366142 0.318898,
        -1.594488 3.366142 0.318898,
        -1.638554 3.507643 0.318898,
        -1.674217 3.445871 0.318898,
        -1.702756 3.423973 0.318898,
        -1.652319 3.474410 0.318898,
        -1.735989 3.410207 0.318898,
        -1.771654 3.405512 0.318898,
        -1.807318 3.410207 0.318898,
        -1.840551 3.423973 0.318898,
        -1.869090 3.445871 0.318898,
        -1.890988 3.474410 0.318898,
        -1.904754 3.507643 0.318898,
        -1.300437 3.474410 -0.003937,
        -1.278538 3.445871 -0.003937,
        -1.358268 3.208662 -0.003937,
        -1.145438 3.410207 -0.003937,
        -1.112205 3.423973 -0.003937,
        -1.003937 3.208662 -0.003937,
        -1.250000 3.423973 -0.003937,
        -1.216767 3.410207 -0.003937,
        -1.181102 3.405512 -0.003937,
        -1.314202 3.507643 -0.003937,
        -1.083667 3.445871 -0.003937,
        -1.061768 3.474410 -0.003937,
        -1.048002 3.507643 -0.003937,
        -1.358268 3.366142 0.318898,
        -1.003937 3.366142 0.318898,
        -1.061768 3.474410 0.318898,
        -1.083667 3.445871 0.318898,
        -1.112205 3.423973 0.318898,
        -1.145438 3.410207 0.318898,
        -1.181102 3.405512 0.318898,
        -1.216767 3.410207 0.318898,
        -1.250000 3.423973 0.318898,
        -1.048002 3.507643 0.318898,
        -1.278538 3.445871 0.318898,
        -1.300437 3.474410 0.318898,
        -1.314202 3.507643 0.318898,
        -0.709885 3.474410 -0.003937,
        -0.687987 3.445871 -0.003937,
        -0.767717 3.208662 -0.003937,
        -0.554887 3.410207 -0.003937,
        -0.521654 3.423973 -0.003937,
        -0.413386 3.208662 -0.003937,
        -0.723651 3.507643 -0.003937,
        -0.659449 3.423973 -0.003937,
        -0.626215 3.410207 -0.003937,
        -0.590551 3.405512 -0.003937,
        -0.493115 3.445871 -0.003937,
        -0.471217 3.474410 -0.003937,
        -0.457451 3.507643 -0.003937,
        -0.767717 3.366142 0.318898,
        -0.413386 3.366142 0.318898,
        -0.471217 3.474410 0.318898,
        -0.493115 3.445871 0.318898,
        -0.521654 3.423973 0.318898,
        -0.457451 3.507643 0.318898,
        -0.554887 3.410207 0.318898,
        -0.590551 3.405512 0.318898,
        -0.626215 3.410207 0.318898,
        -0.659449 3.423973 0.318898,
        -0.687987 3.445871 0.318898,
        -0.709885 3.474410 0.318898,
        -0.723651 3.507643 0.318898,
        -0.133100 3.507643 -0.003937,
        0.035664 3.410207 -0.003937,
        0.068898 3.423973 -0.003937,
        0.177165 3.208662 -0.003937,
        0.097436 3.445871 -0.003937,
        0.119334 3.474410 -0.003937,
        0.133100 3.507643 -0.003937,
        -0.177165 3.208662 -0.003937,
        -0.119334 3.474410 -0.003937,
        -0.097436 3.445871 -0.003937,
        -0.068898 3.423973 -0.003937,
        -0.035664 3.410207 -0.003937,
        0.000000 3.405512 -0.003937,
        -0.177165 3.366142 0.318898,
        0.177165 3.366142 0.318898,
        0.133100 3.507643 0.318898,
        0.097436 3.445871 0.318898,
        0.068898 3.423973 0.318898,
        0.119334 3.474410 0.318898,
        -0.068898 3.423973 0.318898,
        -0.097436 3.445871 0.318898,
        -0.119334 3.474410 0.318898,
        -0.133100 3.507643 0.318898,
        0.035664 3.410207 0.318898,
        0.000000 3.405512 0.318898,
        -0.035664 3.410207 0.318898,
        0.471217 3.474410 -0.003937,
        0.493115 3.445871 -0.003937,
        0.413386 3.208662 -0.003937,
        0.626215 3.410207 -0.003937,
        0.659449 3.423973 -0.003937,
        0.767717 3.208662 -0.003937,
        0.457451 3.507643 -0.003937,
        0.521654 3.423973 -0.003937,
        0.554887 3.410207 -0.003937,
        0.590551 3.405512 -0.003937,
        0.687987 3.445871 -0.003937,
        0.709885 3.474410 -0.003937,
        0.723651 3.507643 -0.003937,
        0.413386 3.366142 0.318898,
        0.767717 3.366142 0.318898,
        0.709885 3.474410 0.318898,
        0.687987 3.445871 0.318898,
        0.659449 3.423973 0.318898,
        0.723651 3.507643 0.318898,
        0.626215 3.410207 0.318898,
        0.590551 3.405512 0.318898,
        0.554887 3.410207 0.318898,
        0.521654 3.423973 0.318898,
        0.493115 3.445871 0.318898,
        0.471217 3.474410 0.318898,
        0.457451 3.507643 0.318898,
        1.061768 3.474410 -0.003937,
        1.083667 3.445871 -0.003937,
        1.003937 3.208662 -0.003937,
        1.216767 3.410207 -0.003937,
        1.250000 3.423973 -0.003937,
        1.358268 3.208662 -0.003937,
        1.112205 3.423973 -0.003937,
        1.145438 3.410207 -0.003937,
        1.181102 3.405512 -0.003937,
        1.048002 3.507643 -0.003937,
        1.278538 3.445871 -0.003937,
        1.300437 3.474410 -0.003937,
        1.314202 3.507643 -0.003937,
        1.003937 3.366142 0.318898,
        1.358268 3.366142 0.318898,
        1.300437 3.474410 0.318898,
        1.278538 3.445871 0.318898,
        1.250000 3.423973 0.318898,
        1.216767 3.410207 0.318898,
        1.181102 3.405512 0.318898,
        1.145438 3.410207 0.318898,
        1.112205 3.423973 0.318898,
        1.314202 3.507643 0.318898,
        1.083667 3.445871 0.318898,
        1.061768 3.474410 0.318898,
        1.048002 3.507643 0.318898,
        1.638554 3.507643 -0.003937,
        1.807318 3.410207 -0.003937,
        1.840551 3.423973 -0.003937,
        1.948819 3.208662 -0.003937,
        1.594488 3.208662 -0.003937,
        1.652319 3.474410 -0.003937,
        1.674217 3.445871 -0.003937,
        1.869090 3.445871 -0.003937,
        1.890988 3.474410 -0.003937,
        1.904754 3.507643 -0.003937,
        1.702756 3.423973 -0.003937,
        1.735989 3.410207 -0.003937,
        1.771654 3.405512 -0.003937,
        1.594488 3.366142 0.318898,
        1.948819 3.366142 0.318898,
        1.890988 3.474410 0.318898,
        1.869090 3.445871 0.318898,
        1.840551 3.423973 0.318898,
        1.904754 3.507643 0.318898,
        1.702756 3.423973 0.318898,
        1.674217 3.445871 0.318898,
        1.652319 3.474410 0.318898,
        1.638554 3.507643 0.318898,
        1.807318 3.410207 0.318898,
        1.771654 3.405512 0.318898,
        1.735989 3.410207 0.318898,
        2.229105 3.507643 -0.003937,
        2.397869 3.410207 -0.003937,
        2.431102 3.423973 -0.003937,
        2.539370 3.208662 -0.003937,
        2.185039 3.208662 -0.003937,
        2.242870 3.474410 -0.003937,
        2.264769 3.445871 -0.003937,
        2.459641 3.445871 -0.003937,
        2.481539 3.474410 -0.003937,
        2.495305 3.507643 -0.003937,
        2.293307 3.423973 -0.003937,
        2.326541 3.410207 -0.003937,
        2.362205 3.405512 -0.003937,
        2.185039 3.366142 0.318898,
        2.539370 3.366142 0.318898,
        2.481539 3.474410 0.318898,
        2.459641 3.445871 0.318898,
        2.431102 3.423973 0.318898,
        2.495305 3.507643 0.318898,
        2.293307 3.423973 0.318898,
        2.264769 3.445871 0.318898,
        2.242870 3.474410 0.318898,
        2.229105 3.507643 0.318898,
        2.397869 3.410207 0.318898,
        2.362205 3.405512 0.318898,
        2.326541 3.410207 0.318898,
        -2.242870 -3.474410 -0.003937,
        -2.264769 -3.445871 -0.003937,
        -2.185039 -3.208662 -0.003937,
        -2.293307 -3.423973 -0.003937,
        -2.229105 -3.507643 -0.003937,
        -2.326541 -3.410207 -0.003937,
        -2.362205 -3.405512 -0.003937,
        -2.539370 -3.208662 -0.003937,
        -2.397869 -3.410207 -0.003937,
        -2.431102 -3.423973 -0.003937,
        -2.459641 -3.445871 -0.003937,
        -2.481539 -3.474410 -0.003937,
        -2.495305 -3.507643 -0.003937,
        -1.638554 -3.507643 -0.003937,
        -1.594488 -3.208662 -0.003937,
        -1.674217 -3.445871 -0.003937,
        -1.702756 -3.423973 -0.003937,
        -1.735989 -3.410207 -0.003937,
        -1.771654 -3.405512 -0.003937,
        -1.948819 -3.208662 -0.003937,
        -1.807318 -3.410207 -0.003937,
        -1.840551 -3.423973 -0.003937,
        -1.652319 -3.474410 -0.003937,
        -1.869090 -3.445871 -0.003937,
        -1.890988 -3.474410 -0.003937,
        -1.904754 -3.507643 -0.003937,
        -1.061768 -3.474410 -0.003937,
        -1.083667 -3.445871 -0.003937,
        -1.003937 -3.208662 -0.003937,
        -1.112205 -3.423973 -0.003937,
        -1.048002 -3.507643 -0.003937,
        -1.145438 -3.410207 -0.003937,
        -1.181102 -3.405512 -0.003937,
        -1.358268 -3.208662 -0.003937,
        -1.216767 -3.410207 -0.003937,
        -1.250000 -3.423973 -0.003937,
        -1.278538 -3.445871 -0.003937,
        -1.300437 -3.474410 -0.003937,
        -1.314202 -3.507643 -0.003937,
        -0.471217 -3.474410 -0.003937,
        -0.493115 -3.445871 -0.003937,
        -0.413386 -3.208662 -0.003937,
        -0.626215 -3.410207 -0.003937,
        -0.659449 -3.423973 -0.003937,
        -0.767717 -3.208662 -0.003937,
        -0.457451 -3.507643 -0.003937,
        -0.521654 -3.423973 -0.003937,
        -0.554887 -3.410207 -0.003937,
        -0.590551 -3.405512 -0.003937,
        -0.687987 -3.445871 -0.003937,
        -0.709885 -3.474410 -0.003937,
        -0.723651 -3.507643 -0.003937,
        0.133100 -3.507643 -0.003937,
        0.177165 -3.208662 -0.003937,
        0.097436 -3.445871 -0.003937,
        0.068898 -3.423973 -0.003937,
        0.119334 -3.474410 -0.003937,
        0.035664 -3.410207 -0.003937,
        0.000000 -3.405512 -0.003937,
        -0.177165 -3.208662 -0.003937,
        -0.035664 -3.410207 -0.003937,
        -0.068898 -3.423973 -0.003937,
        -0.097436 -3.445871 -0.003937,
        -0.119334 -3.474410 -0.003937,
        -0.133100 -3.507643 -0.003937,
        0.709885 -3.474410 -0.003937,
        0.687987 -3.445871 -0.003937,
        0.767717 -3.208662 -0.003937,
        0.554887 -3.410207 -0.003937,
        0.521654 -3.423973 -0.003937,
        0.413386 -3.208662 -0.003937,
        0.723651 -3.507643 -0.003937,
        0.659449 -3.423973 -0.003937,
        0.626215 -3.410207 -0.003937,
        0.590551 -3.405512 -0.003937,
        0.493115 -3.445871 -0.003937,
        0.471217 -3.474410 -0.003937,
        0.457451 -3.507643 -0.003937,
        1.300437 -3.474410 -0.003937,
        1.278538 -3.445871 -0.003937,
        1.358268 -3.208662 -0.003937,
        1.250000 -3.423973 -0.003937,
        1.314202 -3.507643 -0.003937,
        1.216767 -3.410207 -0.003937,
        1.181102 -3.405512 -0.003937,
        1.003937 -3.208662 -0.003937,
        1.145438 -3.410207 -0.003937,
        1.112205 -3.423973 -0.003937,
        1.083667 -3.445871 -0.003937,
        1.061768 -3.474410 -0.003937,
        1.048002 -3.507643 -0.003937,
        1.890988 -3.474410 -0.003937,
        1.869090 -3.445871 -0.003937,
        1.948819 -3.208662 -0.003937,
        1.840551 -3.423973 -0.003937,
        1.904754 -3.507643 -0.003937,
        1.807318 -3.410207 -0.003937,
        1.771654 -3.405512 -0.003937,
        1.594488 -3.208662 -0.003937,
        1.735989 -3.410207 -0.003937,
        1.702756 -3.423973 -0.003937,
        1.674217 -3.445871 -0.003937,
        1.652319 -3.474410 -0.003937,
        1.638554 -3.507643 -0.003937,
        2.481539 -3.474410 -0.003937,
        2.459641 -3.445871 -0.003937,
        2.539370 -3.208662 -0.003937,
        2.431102 -3.423973 -0.003937,
        2.495305 -3.507643 -0.003937,
        2.397869 -3.410207 -0.003937,
        2.362205 -3.405512 -0.003937,
        2.185039 -3.208662 -0.003937,
        2.326541 -3.410207 -0.003937,
        2.293307 -3.423973 -0.003937,
        2.264769 -3.445871 -0.003937,
        2.242870 -3.474410 -0.003937,
        2.229105 -3.507643 -0.003937,
        -0.314961 -0.240157 -0.003937,
        -0.314961 -0.515748 -0.003937,
        -0.039370 -0.240157 -0.003937,
        -0.039370 -0.515748 -0.003937,
        -0.039370 -0.948819 -0.003937,
        -0.039370 -0.673228 -0.003937,
        -0.314961 -0.948819 -0.003937,
        -0.314961 -0.673228 -0.003937,
        -0.472441 -0.240157 -0.003937,
        -0.748031 -0.240157 -0.003937,
        -0.472441 -0.515748 -0.003937,
        -0.748031 -0.515748 -0.003937,
        -0.472441 0.192913 -0.003937,
        -0.748031 0.192913 -0.003937,
        -0.472441 -0.082677 -0.003937,
        -0.748031 -0.082677 -0.003937,
        -0.039370 0.192913 -0.003937,
        -0.314961 0.192913 -0.003937,
        -0.039370 -0.082677 -0.003937,
        -0.314961 -0.082677 -0.003937,
        -0.472441 -0.948819 -0.003937,
        -0.472441 -0.673228 -0.003937,
        -0.748031 -0.948819 -0.003937,
        -0.748031 -0.673228 -0.003937,
        0.393701 -0.673228 -0.003937,
        0.118110 -0.673228 -0.003937,
        0.393701 -0.948819 -0.003937,
        0.118110 -0.948819 -0.003937,
        0.118110 0.192913 -0.003937,
        0.118110 -0.082677 -0.003937,
        0.255906 0.192913 -0.003937,
        0.393701 0.055118 -0.003937,
        0.393701 -0.082677 -0.003937,
        0.118110 -0.240157 -0.003937,
        0.118110 -0.515748 -0.003937,
        0.393701 -0.240157 -0.003937,
        0.393701 -0.515748 -0.003937,
      ]
    }
    coordIndex [
      404, 403, 406, -1,
      407, 408, 409, -1,
      404, 406, 410, -1,
      410, 406, 411, -1,
      410, 411, 412, -1,
      408, 413, 409, -1,
      409, 413, 414, -1,
      409, 414, 394, -1,
      394, 414, 415, -1,
      394, 415, 395, -1,
      412, 416, 410, -1,
      410, 416, 417, -1,
      410, 417, 409, -1,
      409, 417, 418, -1,
      409, 418, 407, -1,
      410, 409, 59, -1,
      59, 409, 61, -1,
      409, 394, 61, -1,
      61, 394, 65, -1,
      404, 410, 60, -1,
      60, 410, 59, -1,
      405, 332, 419, -1,
      419, 332, 333, -1,
      330, 400, 331, -1,
      331, 400, 420, -1,
      421, 422, 420, -1,
      420, 422, 423, -1,
      421, 420, 424, -1,
      424, 420, 400, -1,
      424, 400, 399, -1,
      425, 426, 419, -1,
      419, 426, 427, -1,
      419, 427, 405, -1,
      405, 427, 428, -1,
      405, 428, 402, -1,
      423, 429, 420, -1,
      420, 429, 430, -1,
      420, 430, 419, -1,
      419, 430, 431, -1,
      419, 431, 425, -1,
      403, 402, 406, -1,
      406, 402, 428, -1,
      406, 428, 411, -1,
      411, 428, 427, -1,
      411, 427, 412, -1,
      412, 427, 426, -1,
      412, 426, 416, -1,
      416, 426, 425, -1,
      416, 425, 417, -1,
      417, 425, 431, -1,
      417, 431, 418, -1,
      418, 431, 430, -1,
      418, 430, 407, -1,
      407, 430, 429, -1,
      407, 429, 408, -1,
      408, 429, 423, -1,
      408, 423, 413, -1,
      413, 423, 422, -1,
      413, 422, 414, -1,
      414, 422, 421, -1,
      414, 421, 415, -1,
      415, 421, 424, -1,
      415, 424, 395, -1,
      395, 424, 399, -1,
      333, 331, 419, -1,
      419, 331, 420, -1,
      398, 397, 432, -1,
      398, 432, 433, -1,
      433, 432, 434, -1,
      433, 434, 435, -1,
      435, 436, 433, -1,
      433, 436, 437, -1,
      433, 437, 438, -1,
      437, 439, 438, -1,
      438, 439, 440, -1,
      438, 440, 441, -1,
      441, 442, 438, -1,
      438, 442, 443, -1,
      438, 443, 341, -1,
      341, 443, 444, -1,
      341, 444, 336, -1,
      433, 438, 63, -1,
      63, 438, 62, -1,
      438, 341, 62, -1,
      62, 341, 70, -1,
      398, 433, 64, -1,
      64, 433, 63, -1,
      401, 329, 445, -1,
      445, 329, 328, -1,
      326, 338, 327, -1,
      327, 338, 446, -1,
      338, 337, 447, -1,
      446, 448, 449, -1,
      338, 447, 446, -1,
      446, 447, 450, -1,
      446, 450, 448, -1,
      449, 451, 446, -1,
      446, 451, 452, -1,
      446, 452, 445, -1,
      445, 452, 453, -1,
      445, 453, 454, -1,
      454, 455, 445, -1,
      445, 455, 456, -1,
      445, 456, 401, -1,
      401, 456, 457, -1,
      401, 457, 396, -1,
      458, 459, 460, -1,
      461, 462, 463, -1,
      459, 464, 460, -1,
      460, 464, 465, -1,
      460, 465, 463, -1,
      463, 465, 466, -1,
      463, 466, 461, -1,
      458, 460, 467, -1,
      467, 460, 340, -1,
      467, 340, 339, -1,
      462, 468, 463, -1,
      463, 468, 469, -1,
      463, 469, 349, -1,
      349, 469, 470, -1,
      349, 470, 344, -1,
      460, 463, 68, -1,
      68, 463, 67, -1,
      463, 349, 67, -1,
      67, 349, 66, -1,
      340, 460, 69, -1,
      69, 460, 68, -1,
      334, 325, 471, -1,
      471, 325, 315, -1,
      324, 346, 314, -1,
      314, 346, 472, -1,
      473, 474, 472, -1,
      472, 474, 475, -1,
      475, 476, 472, -1,
      472, 476, 477, -1,
      472, 477, 471, -1,
      471, 477, 478, -1,
      471, 478, 479, -1,
      473, 472, 480, -1,
      480, 472, 346, -1,
      480, 346, 345, -1,
      479, 481, 471, -1,
      471, 481, 482, -1,
      471, 482, 334, -1,
      334, 482, 483, -1,
      334, 483, 335, -1,
      484, 485, 486, -1,
      487, 488, 489, -1,
      484, 486, 490, -1,
      490, 486, 348, -1,
      490, 348, 347, -1,
      485, 491, 486, -1,
      486, 491, 492, -1,
      486, 492, 489, -1,
      489, 492, 493, -1,
      489, 493, 487, -1,
      488, 494, 489, -1,
      489, 494, 495, -1,
      489, 495, 357, -1,
      357, 495, 496, -1,
      357, 496, 352, -1,
      486, 489, 15, -1,
      15, 489, 18, -1,
      489, 357, 18, -1,
      18, 357, 17, -1,
      348, 486, 16, -1,
      16, 486, 15, -1,
      342, 323, 497, -1,
      497, 323, 322, -1,
      320, 354, 321, -1,
      321, 354, 498, -1,
      499, 500, 498, -1,
      498, 500, 501, -1,
      499, 498, 502, -1,
      502, 498, 354, -1,
      502, 354, 353, -1,
      501, 503, 498, -1,
      498, 503, 504, -1,
      498, 504, 497, -1,
      497, 504, 505, -1,
      497, 505, 506, -1,
      506, 507, 497, -1,
      497, 507, 508, -1,
      497, 508, 342, -1,
      342, 508, 509, -1,
      342, 509, 343, -1,
      356, 355, 510, -1,
      511, 512, 513, -1,
      512, 514, 513, -1,
      513, 514, 515, -1,
      513, 515, 365, -1,
      365, 515, 516, -1,
      365, 516, 360, -1,
      356, 510, 517, -1,
      517, 510, 518, -1,
      517, 518, 519, -1,
      519, 520, 517, -1,
      517, 520, 521, -1,
      517, 521, 513, -1,
      513, 521, 522, -1,
      513, 522, 511, -1,
      517, 513, 54, -1,
      54, 513, 3, -1,
      513, 365, 3, -1,
      3, 365, 5, -1,
      356, 517, 56, -1,
      56, 517, 54, -1,
      350, 319, 523, -1,
      523, 319, 310, -1,
      313, 362, 309, -1,
      309, 362, 524, -1,
      362, 361, 525, -1,
      526, 527, 524, -1,
      362, 525, 524, -1,
      524, 525, 528, -1,
      524, 528, 526, -1,
      529, 530, 523, -1,
      523, 530, 531, -1,
      523, 531, 350, -1,
      350, 531, 532, -1,
      350, 532, 351, -1,
      527, 533, 524, -1,
      524, 533, 534, -1,
      524, 534, 523, -1,
      523, 534, 535, -1,
      523, 535, 529, -1,
      536, 537, 538, -1,
      539, 540, 541, -1,
      536, 538, 542, -1,
      542, 538, 364, -1,
      542, 364, 363, -1,
      537, 543, 538, -1,
      538, 543, 544, -1,
      538, 544, 541, -1,
      541, 544, 545, -1,
      541, 545, 539, -1,
      540, 546, 541, -1,
      541, 546, 547, -1,
      541, 547, 373, -1,
      373, 547, 548, -1,
      373, 548, 368, -1,
      538, 541, 2, -1,
      2, 541, 39, -1,
      541, 373, 39, -1,
      39, 373, 47, -1,
      364, 538, 4, -1,
      4, 538, 2, -1,
      358, 312, 549, -1,
      549, 312, 311, -1,
      317, 370, 318, -1,
      318, 370, 550, -1,
      551, 552, 550, -1,
      550, 552, 553, -1,
      551, 550, 554, -1,
      554, 550, 370, -1,
      554, 370, 369, -1,
      553, 555, 550, -1,
      550, 555, 556, -1,
      550, 556, 549, -1,
      549, 556, 557, -1,
      549, 557, 558, -1,
      558, 559, 549, -1,
      549, 559, 560, -1,
      549, 560, 358, -1,
      358, 560, 561, -1,
      358, 561, 359, -1,
      562, 563, 564, -1,
      565, 566, 567, -1,
      563, 568, 564, -1,
      564, 568, 569, -1,
      564, 569, 567, -1,
      567, 569, 570, -1,
      567, 570, 565, -1,
      562, 564, 571, -1,
      571, 564, 372, -1,
      571, 372, 371, -1,
      566, 572, 567, -1,
      567, 572, 573, -1,
      567, 573, 381, -1,
      381, 573, 574, -1,
      381, 574, 376, -1,
      564, 567, 45, -1,
      45, 567, 40, -1,
      567, 381, 40, -1,
      40, 381, 41, -1,
      372, 564, 46, -1,
      46, 564, 45, -1,
      366, 316, 575, -1,
      575, 316, 305, -1,
      300, 378, 304, -1,
      304, 378, 576, -1,
      577, 578, 576, -1,
      576, 578, 579, -1,
      579, 580, 576, -1,
      576, 580, 581, -1,
      576, 581, 575, -1,
      575, 581, 582, -1,
      575, 582, 583, -1,
      577, 576, 584, -1,
      584, 576, 378, -1,
      584, 378, 377, -1,
      583, 585, 575, -1,
      575, 585, 586, -1,
      575, 586, 366, -1,
      366, 586, 587, -1,
      366, 587, 367, -1,
      380, 379, 588, -1,
      589, 590, 591, -1,
      380, 588, 592, -1,
      592, 588, 593, -1,
      592, 593, 594, -1,
      590, 595, 591, -1,
      591, 595, 596, -1,
      591, 596, 389, -1,
      389, 596, 597, -1,
      389, 597, 384, -1,
      594, 598, 592, -1,
      592, 598, 599, -1,
      592, 599, 591, -1,
      591, 599, 600, -1,
      591, 600, 589, -1,
      592, 591, 43, -1,
      43, 591, 44, -1,
      591, 389, 44, -1,
      44, 389, 52, -1,
      380, 592, 42, -1,
      42, 592, 43, -1,
      374, 299, 601, -1,
      601, 299, 298, -1,
      307, 386, 308, -1,
      308, 386, 602, -1,
      603, 604, 602, -1,
      602, 604, 605, -1,
      603, 602, 606, -1,
      606, 602, 386, -1,
      606, 386, 385, -1,
      607, 608, 601, -1,
      601, 608, 609, -1,
      601, 609, 374, -1,
      374, 609, 610, -1,
      374, 610, 375, -1,
      605, 611, 602, -1,
      602, 611, 612, -1,
      602, 612, 601, -1,
      601, 612, 613, -1,
      601, 613, 607, -1,
      388, 387, 614, -1,
      615, 616, 617, -1,
      388, 614, 618, -1,
      618, 614, 619, -1,
      618, 619, 620, -1,
      616, 621, 617, -1,
      617, 621, 622, -1,
      617, 622, 393, -1,
      393, 622, 623, -1,
      393, 623, 390, -1,
      620, 624, 618, -1,
      618, 624, 625, -1,
      618, 625, 617, -1,
      617, 625, 626, -1,
      617, 626, 615, -1,
      618, 617, 50, -1,
      50, 617, 49, -1,
      617, 393, 49, -1,
      49, 393, 48, -1,
      388, 618, 51, -1,
      51, 618, 50, -1,
      382, 306, 627, -1,
      627, 306, 303, -1,
      301, 392, 302, -1,
      302, 392, 628, -1,
      629, 630, 628, -1,
      628, 630, 631, -1,
      629, 628, 632, -1,
      632, 628, 392, -1,
      632, 392, 391, -1,
      633, 634, 627, -1,
      627, 634, 635, -1,
      627, 635, 382, -1,
      382, 635, 636, -1,
      382, 636, 383, -1,
      631, 637, 628, -1,
      628, 637, 638, -1,
      628, 638, 627, -1,
      627, 638, 639, -1,
      627, 639, 633, -1,
      387, 383, 614, -1,
      614, 383, 636, -1,
      614, 636, 619, -1,
      619, 636, 635, -1,
      619, 635, 620, -1,
      620, 635, 634, -1,
      620, 634, 624, -1,
      624, 634, 633, -1,
      624, 633, 625, -1,
      625, 633, 639, -1,
      625, 639, 626, -1,
      626, 639, 638, -1,
      626, 638, 615, -1,
      615, 638, 637, -1,
      615, 637, 616, -1,
      616, 637, 631, -1,
      616, 631, 621, -1,
      621, 631, 630, -1,
      621, 630, 622, -1,
      622, 630, 629, -1,
      622, 629, 623, -1,
      623, 629, 632, -1,
      623, 632, 390, -1,
      390, 632, 391, -1,
      379, 375, 588, -1,
      588, 375, 610, -1,
      588, 610, 593, -1,
      593, 610, 609, -1,
      593, 609, 594, -1,
      594, 609, 608, -1,
      594, 608, 598, -1,
      598, 608, 607, -1,
      598, 607, 599, -1,
      599, 607, 613, -1,
      599, 613, 600, -1,
      600, 613, 612, -1,
      600, 612, 589, -1,
      589, 612, 611, -1,
      589, 611, 590, -1,
      590, 611, 605, -1,
      590, 605, 595, -1,
      595, 605, 604, -1,
      595, 604, 596, -1,
      596, 604, 603, -1,
      596, 603, 597, -1,
      597, 603, 606, -1,
      597, 606, 384, -1,
      384, 606, 385, -1,
      371, 367, 571, -1,
      571, 367, 587, -1,
      571, 587, 562, -1,
      562, 587, 586, -1,
      562, 586, 563, -1,
      563, 586, 585, -1,
      563, 585, 568, -1,
      568, 585, 583, -1,
      568, 583, 569, -1,
      569, 583, 582, -1,
      569, 582, 570, -1,
      570, 582, 581, -1,
      570, 581, 565, -1,
      565, 581, 580, -1,
      565, 580, 566, -1,
      566, 580, 579, -1,
      566, 579, 572, -1,
      572, 579, 578, -1,
      572, 578, 573, -1,
      573, 578, 577, -1,
      573, 577, 574, -1,
      574, 577, 584, -1,
      574, 584, 376, -1,
      376, 584, 377, -1,
      363, 359, 542, -1,
      542, 359, 561, -1,
      542, 561, 536, -1,
      536, 561, 560, -1,
      536, 560, 537, -1,
      537, 560, 559, -1,
      537, 559, 543, -1,
      543, 559, 558, -1,
      543, 558, 544, -1,
      544, 558, 557, -1,
      544, 557, 545, -1,
      545, 557, 556, -1,
      545, 556, 539, -1,
      539, 556, 555, -1,
      539, 555, 540, -1,
      540, 555, 553, -1,
      540, 553, 546, -1,
      546, 553, 552, -1,
      546, 552, 547, -1,
      547, 552, 551, -1,
      547, 551, 548, -1,
      548, 551, 554, -1,
      548, 554, 368, -1,
      368, 554, 369, -1,
      355, 351, 510, -1,
      510, 351, 532, -1,
      510, 532, 518, -1,
      518, 532, 531, -1,
      518, 531, 519, -1,
      519, 531, 530, -1,
      519, 530, 520, -1,
      520, 530, 529, -1,
      520, 529, 521, -1,
      521, 529, 535, -1,
      521, 535, 522, -1,
      522, 535, 534, -1,
      522, 534, 511, -1,
      511, 534, 533, -1,
      511, 533, 512, -1,
      512, 533, 527, -1,
      512, 527, 514, -1,
      514, 527, 526, -1,
      514, 526, 515, -1,
      515, 526, 528, -1,
      515, 528, 516, -1,
      516, 528, 525, -1,
      516, 525, 360, -1,
      360, 525, 361, -1,
      347, 343, 490, -1,
      490, 343, 509, -1,
      490, 509, 484, -1,
      484, 509, 508, -1,
      484, 508, 485, -1,
      485, 508, 507, -1,
      485, 507, 491, -1,
      491, 507, 506, -1,
      491, 506, 492, -1,
      492, 506, 505, -1,
      492, 505, 493, -1,
      493, 505, 504, -1,
      493, 504, 487, -1,
      487, 504, 503, -1,
      487, 503, 488, -1,
      488, 503, 501, -1,
      488, 501, 494, -1,
      494, 501, 500, -1,
      494, 500, 495, -1,
      495, 500, 499, -1,
      495, 499, 496, -1,
      496, 499, 502, -1,
      496, 502, 352, -1,
      352, 502, 353, -1,
      339, 335, 467, -1,
      467, 335, 483, -1,
      467, 483, 458, -1,
      458, 483, 482, -1,
      458, 482, 459, -1,
      459, 482, 481, -1,
      459, 481, 464, -1,
      464, 481, 479, -1,
      464, 479, 465, -1,
      465, 479, 478, -1,
      465, 478, 466, -1,
      466, 478, 477, -1,
      466, 477, 461, -1,
      461, 477, 476, -1,
      461, 476, 462, -1,
      462, 476, 475, -1,
      462, 475, 468, -1,
      468, 475, 474, -1,
      468, 474, 469, -1,
      469, 474, 473, -1,
      469, 473, 470, -1,
      470, 473, 480, -1,
      470, 480, 344, -1,
      344, 480, 345, -1,
      397, 396, 432, -1,
      432, 396, 457, -1,
      432, 457, 434, -1,
      434, 457, 456, -1,
      434, 456, 435, -1,
      435, 456, 455, -1,
      435, 455, 436, -1,
      436, 455, 454, -1,
      436, 454, 437, -1,
      437, 454, 453, -1,
      437, 453, 439, -1,
      439, 453, 452, -1,
      439, 452, 440, -1,
      440, 452, 451, -1,
      440, 451, 441, -1,
      441, 451, 449, -1,
      441, 449, 442, -1,
      442, 449, 448, -1,
      442, 448, 443, -1,
      443, 448, 450, -1,
      443, 450, 444, -1,
      444, 450, 447, -1,
      444, 447, 336, -1,
      336, 447, 337, -1,
      303, 302, 627, -1,
      627, 302, 628, -1,
      298, 308, 601, -1,
      601, 308, 602, -1,
      305, 304, 575, -1,
      575, 304, 576, -1,
      311, 318, 549, -1,
      549, 318, 550, -1,
      310, 309, 523, -1,
      523, 309, 524, -1,
      322, 321, 497, -1,
      497, 321, 498, -1,
      315, 314, 471, -1,
      471, 314, 472, -1,
      328, 327, 445, -1,
      445, 327, 446, -1,
      640, 641, 642, -1,
      642, 641, 643, -1,
      640, 642, 644, -1,
      644, 642, 267, -1,
      644, 267, 266, -1,
      643, 645, 642, -1,
      642, 645, 646, -1,
      642, 646, 647, -1,
      647, 646, 648, -1,
      647, 648, 649, -1,
      649, 650, 647, -1,
      647, 650, 651, -1,
      647, 651, 263, -1,
      263, 651, 652, -1,
      263, 652, 262, -1,
      81, 267, 80, -1,
      80, 267, 642, -1,
      80, 642, 79, -1,
      79, 642, 647, -1,
      79, 647, 78, -1,
      78, 647, 263, -1,
      271, 270, 653, -1,
      654, 655, 656, -1,
      656, 657, 654, -1,
      654, 657, 658, -1,
      654, 658, 659, -1,
      659, 658, 660, -1,
      659, 660, 661, -1,
      271, 653, 654, -1,
      654, 653, 662, -1,
      654, 662, 655, -1,
      661, 663, 659, -1,
      659, 663, 664, -1,
      659, 664, 264, -1,
      264, 664, 665, -1,
      264, 665, 265, -1,
      75, 271, 76, -1,
      76, 271, 654, -1,
      76, 654, 77, -1,
      77, 654, 659, -1,
      77, 659, 82, -1,
      82, 659, 264, -1,
      666, 667, 668, -1,
      668, 667, 669, -1,
      666, 668, 670, -1,
      670, 668, 275, -1,
      670, 275, 274, -1,
      669, 671, 668, -1,
      668, 671, 672, -1,
      668, 672, 673, -1,
      673, 672, 674, -1,
      673, 674, 675, -1,
      675, 676, 673, -1,
      673, 676, 677, -1,
      673, 677, 268, -1,
      268, 677, 678, -1,
      268, 678, 269, -1,
      71, 275, 72, -1,
      72, 275, 668, -1,
      72, 668, 73, -1,
      73, 668, 673, -1,
      73, 673, 74, -1,
      74, 673, 268, -1,
      679, 680, 681, -1,
      682, 683, 684, -1,
      679, 681, 685, -1,
      685, 681, 279, -1,
      685, 279, 278, -1,
      680, 686, 681, -1,
      681, 686, 687, -1,
      681, 687, 684, -1,
      684, 687, 688, -1,
      684, 688, 682, -1,
      683, 689, 684, -1,
      684, 689, 690, -1,
      684, 690, 272, -1,
      272, 690, 691, -1,
      272, 691, 273, -1,
      83, 279, 84, -1,
      84, 279, 681, -1,
      84, 681, 86, -1,
      86, 681, 684, -1,
      86, 684, 85, -1,
      85, 684, 272, -1,
      283, 282, 692, -1,
      693, 694, 695, -1,
      283, 692, 693, -1,
      693, 692, 696, -1,
      693, 696, 694, -1,
      695, 697, 693, -1,
      693, 697, 698, -1,
      693, 698, 699, -1,
      699, 698, 700, -1,
      699, 700, 701, -1,
      701, 702, 699, -1,
      699, 702, 703, -1,
      699, 703, 276, -1,
      276, 703, 704, -1,
      276, 704, 277, -1,
      91, 283, 89, -1,
      89, 283, 693, -1,
      89, 693, 88, -1,
      88, 693, 699, -1,
      88, 699, 87, -1,
      87, 699, 276, -1,
      705, 706, 707, -1,
      708, 709, 710, -1,
      705, 707, 711, -1,
      711, 707, 287, -1,
      711, 287, 286, -1,
      706, 712, 707, -1,
      707, 712, 713, -1,
      707, 713, 710, -1,
      710, 713, 714, -1,
      710, 714, 708, -1,
      709, 715, 710, -1,
      710, 715, 716, -1,
      710, 716, 280, -1,
      280, 716, 717, -1,
      280, 717, 281, -1,
      35, 287, 0, -1,
      0, 287, 707, -1,
      0, 707, 90, -1,
      90, 707, 710, -1,
      90, 710, 92, -1,
      92, 710, 280, -1,
      718, 719, 720, -1,
      720, 719, 721, -1,
      718, 720, 722, -1,
      722, 720, 291, -1,
      722, 291, 290, -1,
      721, 723, 720, -1,
      720, 723, 724, -1,
      720, 724, 725, -1,
      725, 724, 726, -1,
      725, 726, 727, -1,
      727, 728, 725, -1,
      725, 728, 729, -1,
      725, 729, 284, -1,
      284, 729, 730, -1,
      284, 730, 285, -1,
      37, 291, 36, -1,
      36, 291, 720, -1,
      36, 720, 33, -1,
      33, 720, 725, -1,
      33, 725, 34, -1,
      34, 725, 284, -1,
      731, 732, 733, -1,
      733, 732, 734, -1,
      731, 733, 735, -1,
      735, 733, 295, -1,
      735, 295, 294, -1,
      734, 736, 733, -1,
      733, 736, 737, -1,
      733, 737, 738, -1,
      738, 737, 739, -1,
      738, 739, 740, -1,
      740, 741, 738, -1,
      738, 741, 742, -1,
      738, 742, 288, -1,
      288, 742, 743, -1,
      288, 743, 289, -1,
      31, 295, 29, -1,
      29, 295, 733, -1,
      29, 733, 28, -1,
      28, 733, 738, -1,
      28, 738, 38, -1,
      38, 738, 288, -1,
      744, 745, 746, -1,
      746, 745, 747, -1,
      744, 746, 748, -1,
      748, 746, 297, -1,
      748, 297, 296, -1,
      747, 749, 746, -1,
      746, 749, 750, -1,
      746, 750, 751, -1,
      751, 750, 752, -1,
      751, 752, 753, -1,
      753, 754, 751, -1,
      751, 754, 755, -1,
      751, 755, 292, -1,
      292, 755, 756, -1,
      292, 756, 293, -1,
      27, 297, 26, -1,
      26, 297, 746, -1,
      26, 746, 30, -1,
      30, 746, 751, -1,
      30, 751, 32, -1,
      32, 751, 292, -1,
      296, 261, 748, -1,
      748, 261, 260, -1,
      748, 260, 744, -1,
      744, 260, 259, -1,
      744, 259, 745, -1,
      745, 259, 258, -1,
      745, 258, 747, -1,
      747, 258, 257, -1,
      747, 257, 749, -1,
      749, 257, 256, -1,
      749, 256, 750, -1,
      750, 256, 255, -1,
      750, 255, 752, -1,
      752, 255, 254, -1,
      752, 254, 753, -1,
      753, 254, 251, -1,
      753, 251, 754, -1,
      754, 251, 250, -1,
      754, 250, 755, -1,
      755, 250, 249, -1,
      755, 249, 756, -1,
      756, 249, 252, -1,
      756, 252, 293, -1,
      293, 252, 253, -1,
      294, 244, 735, -1,
      735, 244, 243, -1,
      735, 243, 731, -1,
      731, 243, 242, -1,
      731, 242, 732, -1,
      732, 242, 241, -1,
      732, 241, 734, -1,
      734, 241, 240, -1,
      734, 240, 736, -1,
      736, 240, 239, -1,
      736, 239, 737, -1,
      737, 239, 238, -1,
      737, 238, 739, -1,
      739, 238, 237, -1,
      739, 237, 740, -1,
      740, 237, 234, -1,
      740, 234, 741, -1,
      741, 234, 233, -1,
      741, 233, 742, -1,
      742, 233, 232, -1,
      742, 232, 743, -1,
      743, 232, 235, -1,
      743, 235, 289, -1,
      289, 235, 236, -1,
      290, 227, 722, -1,
      722, 227, 226, -1,
      722, 226, 718, -1,
      718, 226, 225, -1,
      718, 225, 719, -1,
      719, 225, 224, -1,
      719, 224, 721, -1,
      721, 224, 223, -1,
      721, 223, 723, -1,
      723, 223, 222, -1,
      723, 222, 724, -1,
      724, 222, 221, -1,
      724, 221, 726, -1,
      726, 221, 220, -1,
      726, 220, 727, -1,
      727, 220, 217, -1,
      727, 217, 728, -1,
      728, 217, 216, -1,
      728, 216, 729, -1,
      729, 216, 215, -1,
      729, 215, 730, -1,
      730, 215, 218, -1,
      730, 218, 285, -1,
      285, 218, 219, -1,
      286, 210, 711, -1,
      711, 210, 209, -1,
      711, 209, 705, -1,
      705, 209, 208, -1,
      705, 208, 706, -1,
      706, 208, 207, -1,
      706, 207, 712, -1,
      712, 207, 206, -1,
      712, 206, 713, -1,
      713, 206, 205, -1,
      713, 205, 714, -1,
      714, 205, 204, -1,
      714, 204, 708, -1,
      708, 204, 203, -1,
      708, 203, 709, -1,
      709, 203, 200, -1,
      709, 200, 715, -1,
      715, 200, 199, -1,
      715, 199, 716, -1,
      716, 199, 198, -1,
      716, 198, 717, -1,
      717, 198, 201, -1,
      717, 201, 281, -1,
      281, 201, 202, -1,
      282, 190, 692, -1,
      692, 190, 189, -1,
      692, 189, 696, -1,
      696, 189, 188, -1,
      696, 188, 694, -1,
      694, 188, 187, -1,
      694, 187, 695, -1,
      695, 187, 186, -1,
      695, 186, 697, -1,
      697, 186, 193, -1,
      697, 193, 698, -1,
      698, 193, 192, -1,
      698, 192, 700, -1,
      700, 192, 191, -1,
      700, 191, 701, -1,
      701, 191, 183, -1,
      701, 183, 702, -1,
      702, 183, 182, -1,
      702, 182, 703, -1,
      703, 182, 181, -1,
      703, 181, 704, -1,
      704, 181, 184, -1,
      704, 184, 277, -1,
      277, 184, 185, -1,
      278, 176, 685, -1,
      685, 176, 175, -1,
      685, 175, 679, -1,
      679, 175, 174, -1,
      679, 174, 680, -1,
      680, 174, 173, -1,
      680, 173, 686, -1,
      686, 173, 172, -1,
      686, 172, 687, -1,
      687, 172, 171, -1,
      687, 171, 688, -1,
      688, 171, 170, -1,
      688, 170, 682, -1,
      682, 170, 169, -1,
      682, 169, 683, -1,
      683, 169, 166, -1,
      683, 166, 689, -1,
      689, 166, 165, -1,
      689, 165, 690, -1,
      690, 165, 164, -1,
      690, 164, 691, -1,
      691, 164, 167, -1,
      691, 167, 273, -1,
      273, 167, 168, -1,
      274, 159, 670, -1,
      670, 159, 158, -1,
      670, 158, 666, -1,
      666, 158, 157, -1,
      666, 157, 667, -1,
      667, 157, 156, -1,
      667, 156, 669, -1,
      669, 156, 155, -1,
      669, 155, 671, -1,
      671, 155, 154, -1,
      671, 154, 672, -1,
      672, 154, 153, -1,
      672, 153, 674, -1,
      674, 153, 152, -1,
      674, 152, 675, -1,
      675, 152, 149, -1,
      675, 149, 676, -1,
      676, 149, 148, -1,
      676, 148, 677, -1,
      677, 148, 147, -1,
      677, 147, 678, -1,
      678, 147, 150, -1,
      678, 150, 269, -1,
      269, 150, 151, -1,
      270, 142, 653, -1,
      653, 142, 141, -1,
      653, 141, 662, -1,
      662, 141, 140, -1,
      662, 140, 655, -1,
      655, 140, 139, -1,
      655, 139, 656, -1,
      656, 139, 136, -1,
      656, 136, 657, -1,
      657, 136, 135, -1,
      657, 135, 658, -1,
      658, 135, 134, -1,
      658, 134, 660, -1,
      660, 134, 133, -1,
      660, 133, 661, -1,
      661, 133, 132, -1,
      661, 132, 663, -1,
      663, 132, 131, -1,
      663, 131, 664, -1,
      664, 131, 130, -1,
      664, 130, 665, -1,
      665, 130, 137, -1,
      665, 137, 265, -1,
      265, 137, 138, -1,
      266, 125, 644, -1,
      644, 125, 124, -1,
      644, 124, 640, -1,
      640, 124, 123, -1,
      640, 123, 641, -1,
      641, 123, 122, -1,
      641, 122, 643, -1,
      643, 122, 121, -1,
      643, 121, 645, -1,
      645, 121, 120, -1,
      645, 120, 646, -1,
      646, 120, 119, -1,
      646, 119, 648, -1,
      648, 119, 118, -1,
      648, 118, 649, -1,
      649, 118, 115, -1,
      649, 115, 650, -1,
      650, 115, 114, -1,
      650, 114, 651, -1,
      651, 114, 113, -1,
      651, 113, 652, -1,
      652, 113, 116, -1,
      652, 116, 262, -1,
      262, 116, 117, -1,
      248, 245, 247, -1,
      247, 245, 246, -1,
      231, 228, 230, -1,
      230, 228, 229, -1,
      214, 211, 213, -1,
      213, 211, 212, -1,
      197, 194, 196, -1,
      196, 194, 195, -1,
      180, 177, 179, -1,
      179, 177, 178, -1,
      163, 160, 162, -1,
      162, 160, 161, -1,
      146, 143, 145, -1,
      145, 143, 144, -1,
      129, 126, 128, -1,
      128, 126, 127, -1,
      112, 109, 111, -1,
      111, 109, 110, -1,
      757, 758, 96, -1,
      96, 758, 95, -1,
      759, 757, 93, -1,
      93, 757, 96, -1,
      760, 759, 94, -1,
      94, 759, 93, -1,
      758, 760, 95, -1,
      95, 760, 94, -1,
      759, 760, 757, -1,
      757, 760, 758, -1,
      761, 762, 25, -1,
      25, 762, 24, -1,
      763, 761, 22, -1,
      22, 761, 25, -1,
      764, 763, 23, -1,
      23, 763, 22, -1,
      762, 764, 24, -1,
      24, 764, 23, -1,
      763, 764, 761, -1,
      761, 764, 762, -1,
      765, 766, 99, -1,
      99, 766, 98, -1,
      767, 765, 100, -1,
      100, 765, 99, -1,
      768, 767, 97, -1,
      97, 767, 100, -1,
      766, 768, 98, -1,
      98, 768, 97, -1,
      767, 768, 765, -1,
      765, 768, 766, -1,
      769, 770, 14, -1,
      14, 770, 19, -1,
      771, 769, 21, -1,
      21, 769, 14, -1,
      772, 771, 20, -1,
      20, 771, 21, -1,
      770, 772, 19, -1,
      19, 772, 20, -1,
      771, 772, 769, -1,
      769, 772, 770, -1,
      773, 774, 55, -1,
      55, 774, 53, -1,
      775, 773, 58, -1,
      58, 773, 55, -1,
      776, 775, 57, -1,
      57, 775, 58, -1,
      774, 776, 53, -1,
      53, 776, 57, -1,
      775, 776, 773, -1,
      773, 776, 774, -1,
      777, 778, 13, -1,
      13, 778, 12, -1,
      779, 777, 10, -1,
      10, 777, 13, -1,
      780, 779, 11, -1,
      11, 779, 10, -1,
      778, 780, 12, -1,
      12, 780, 11, -1,
      779, 780, 777, -1,
      777, 780, 778, -1,
      781, 782, 103, -1,
      103, 782, 102, -1,
      783, 781, 104, -1,
      104, 781, 103, -1,
      784, 783, 101, -1,
      101, 783, 104, -1,
      782, 784, 102, -1,
      102, 784, 101, -1,
      783, 784, 781, -1,
      781, 784, 782, -1,
      785, 786, 6, -1,
      6, 786, 1, -1,
      787, 785, 7, -1,
      7, 785, 6, -1,
      788, 787, 8, -1,
      8, 787, 7, -1,
      789, 788, 9, -1,
      9, 788, 8, -1,
      786, 789, 1, -1,
      1, 789, 9, -1,
      788, 789, 787, -1,
      787, 789, 786, -1,
      787, 786, 785, -1,
      790, 791, 108, -1,
      108, 791, 107, -1,
      792, 790, 105, -1,
      105, 790, 108, -1,
      793, 792, 106, -1,
      106, 792, 105, -1,
      791, 793, 107, -1,
      107, 793, 106, -1,
      792, 793, 790, -1,
      790, 793, 791, -1,
    ]
  }
}

Shape {
  appearance Appearance {
    material Material {
      diffuseColor 0.0000 0.0000 0.0000
      specularColor 0.0000 0.0000 0.0000
      ambientIntensity 0.2
      transparency 0.0000
      shininess 0.5
    }
  }
  geometry IndexedFaceSet {
    ccw TRUE
    solid FALSE
    coord DEF co Coordinate {
      point [
        -0.076867 -1.093573 0.000000,
        -0.076867 -1.136784 0.000000,
        -0.086470 -1.444063 0.000000,
        -0.086470 -1.487274 0.000000,
        0.071970 -1.309628 0.000000,
        0.071970 -1.444063 0.000000,
        0.039370 -1.309628 0.000000,
        0.039370 -1.444063 0.000000,
        -0.067265 -1.309628 0.000000,
        -0.067265 -1.266417 0.000000,
        0.039370 -1.266417 0.000000,
        0.039370 -1.136784 0.000000,
        0.071970 -1.266417 0.000000,
        0.071970 -1.136784 0.000000,
        0.039370 -1.093573 0.000000,
        0.124784 -1.093573 0.000000,
        0.124784 -1.487274 0.000000,
        -0.766819 -1.376845 0.000000,
        -0.604178 -1.376845 0.000000,
        -0.806150 -1.485876 0.000000,
        -0.566593 -1.487274 0.000000,
        -0.508978 -1.487274 0.000000,
        -0.657816 -1.093573 0.000000,
        -0.710630 -1.093573 0.000000,
        -0.806150 -1.338344 0.000000,
        0.309931 -1.492075 0.000000,
        0.333084 -1.489674 0.000000,
        -0.364421 -1.469500 0.000000,
        -0.319056 -1.483021 0.000000,
        -0.270342 -1.487274 0.000000,
        -0.163290 -1.487274 0.000000,
        -0.163290 -1.093573 0.000000,
        -0.274393 -1.093573 0.000000,
        -0.331272 -1.099653 0.000000,
        -0.420598 -1.144907 0.000000,
        -0.448439 -1.175778 0.000000,
        -0.466735 -1.209637 0.000000,
        -0.460511 -1.379369 0.000000,
        -0.437934 -1.414583 0.000000,
        -0.405528 -1.445611 0.000000,
        -0.393701 -1.452484 0.000000,
        -0.377335 -1.115828 0.000000,
        -0.393701 -1.126795 0.000000,
        -0.420186 -1.144545 0.000000,
        -0.477309 -1.248426 0.000000,
        -0.480171 -1.285472 0.000000,
        -0.474646 -1.338161 0.000000,
        0.201604 -1.423657 0.000000,
        0.201604 -1.466869 0.000000,
        0.039370 -1.487274 0.000000,
        0.243570 -1.484100 0.000000,
        0.283353 -1.489674 0.000000,
        0.299167 -1.491890 0.000000,
        0.444090 -1.154174 0.000000,
        0.415081 -1.126276 0.000000,
        0.247122 -1.092024 0.000000,
        0.201604 -1.104376 0.000000,
        0.201604 -1.157189 0.000000,
        0.245950 -1.138200 0.000000,
        0.208660 -1.427566 0.000000,
        0.293802 -1.131983 0.000000,
        0.332570 -1.136336 0.000000,
        0.362037 -1.146971 0.000000,
        0.389287 -1.165201 0.000000,
        0.413062 -1.191448 0.000000,
        0.441665 -1.294624 0.000000,
        0.437679 -1.337244 0.000000,
        0.426983 -1.371108 0.000000,
        0.339376 -1.444744 0.000000,
        0.302655 -1.448864 0.000000,
        0.368063 -1.434184 0.000000,
        0.392225 -1.417898 0.000000,
        0.410700 -1.398407 0.000000,
        0.250394 -1.443063 0.000000,
        0.377686 -1.104750 0.000000,
        0.333796 -1.092000 0.000000,
        0.294252 -1.088772 0.000000,
        0.429293 -1.221845 0.000000,
        0.439787 -1.263992 0.000000,
        0.528087 -1.487274 0.000000,
        0.729739 -1.487274 0.000000,
        0.729739 -1.093573 0.000000,
        0.450625 -1.160459 0.000000,
        0.676926 -1.093573 0.000000,
        0.473701 -1.197268 0.000000,
        0.676926 -1.444063 0.000000,
        0.494479 -1.297850 0.000000,
        0.488815 -1.241878 0.000000,
        0.396609 -1.473909 0.000000,
        0.428278 -1.453687 0.000000,
        0.444090 -1.437039 0.000000,
        0.457849 -1.422554 0.000000,
        0.528087 -1.444063 0.000000,
        0.478823 -1.385119 0.000000,
        0.490672 -1.343446 0.000000,
        0.358450 -1.487044 0.000000,
        -0.864269 -1.487274 0.000000,
        -0.806654 -1.487274 0.000000,
        -0.710630 -1.093573 0.000394,
        -0.864269 -1.487274 0.000394,
        -0.806654 -1.487274 0.000394,
        -0.766819 -1.376845 0.000394,
        -0.604178 -1.376845 0.000394,
        -0.566593 -1.487274 0.000394,
        -0.508978 -1.487274 0.000394,
        -0.657816 -1.093573 0.000394,
        -0.617456 -1.333634 0.000394,
        -0.749115 -1.333634 0.000394,
        -0.676196 -1.169192 0.000394,
        -0.679985 -1.155538 0.000394,
        -0.682498 -1.141585 0.000394,
        -0.683773 -1.141585 0.000394,
        -0.686342 -1.155496 0.000394,
        -0.689850 -1.169192 0.000394,
        -0.617456 -1.333634 0.000000,
        -0.749115 -1.333634 0.000000,
        -0.676196 -1.169192 0.000000,
        -0.679985 -1.155538 0.000000,
        -0.682498 -1.141585 0.000000,
        -0.683773 -1.141585 0.000000,
        -0.686342 -1.155496 0.000000,
        -0.689850 -1.169192 0.000000,
        -0.270342 -1.487274 0.000394,
        -0.163290 -1.487274 0.000394,
        -0.163290 -1.093573 0.000394,
        -0.274393 -1.093573 0.000394,
        -0.480171 -1.285472 0.000394,
        -0.477309 -1.248426 0.000394,
        -0.466735 -1.209637 0.000394,
        -0.448439 -1.175778 0.000394,
        -0.420598 -1.144907 0.000394,
        -0.420186 -1.144545 0.000394,
        -0.377335 -1.115828 0.000394,
        -0.331272 -1.099653 0.000394,
        -0.319056 -1.483021 0.000394,
        -0.364421 -1.469500 0.000394,
        -0.405528 -1.445611 0.000394,
        -0.437934 -1.414583 0.000394,
        -0.460511 -1.379369 0.000394,
        -0.474646 -1.338161 0.000394,
        -0.401144 -1.191993 0.000394,
        -0.382021 -1.171688 0.000394,
        -0.353264 -1.153109 0.000394,
        -0.320766 -1.141737 0.000394,
        -0.274168 -1.136784 0.000394,
        -0.216103 -1.136784 0.000394,
        -0.216103 -1.444063 0.000394,
        -0.271993 -1.444063 0.000394,
        -0.313528 -1.440196 0.000394,
        -0.346659 -1.429855 0.000394,
        -0.373509 -1.413911 0.000394,
        -0.395590 -1.392101 0.000394,
        -0.412195 -1.364956 0.000394,
        -0.423743 -1.327948 0.000394,
        -0.427357 -1.286597 0.000394,
        -0.424013 -1.247414 0.000394,
        -0.414822 -1.216275 0.000394,
        -0.274168 -1.136784 0.000000,
        -0.216103 -1.136784 0.000000,
        -0.320766 -1.141737 -0.000000,
        -0.353264 -1.153109 -0.000000,
        -0.382021 -1.171688 -0.000000,
        -0.401144 -1.191993 -0.000000,
        -0.414822 -1.216275 0.000000,
        -0.424013 -1.247414 0.000000,
        -0.427357 -1.286597 -0.000000,
        -0.423743 -1.327948 0.000000,
        -0.412195 -1.364956 0.000000,
        -0.395590 -1.392101 0.000000,
        -0.373509 -1.413911 0.000000,
        -0.346659 -1.429855 0.000000,
        -0.313528 -1.440196 0.000000,
        -0.271993 -1.444063 0.000000,
        -0.216103 -1.444063 0.000000,
        -0.086470 -1.444063 0.000394,
        -0.086470 -1.487274 0.000394,
        0.124784 -1.487274 0.000394,
        0.124784 -1.093573 0.000394,
        -0.076867 -1.093573 0.000394,
        -0.076867 -1.136784 0.000394,
        0.071970 -1.136784 0.000394,
        0.071970 -1.266417 0.000394,
        -0.067265 -1.266417 0.000394,
        -0.067265 -1.309628 0.000394,
        0.071970 -1.309628 0.000394,
        0.071970 -1.444063 0.000394,
        0.201604 -1.423657 0.000394,
        0.201604 -1.466869 0.000394,
        0.243570 -1.484100 0.000394,
        0.309931 -1.492075 0.000394,
        0.299167 -1.491890 0.000394,
        0.494479 -1.297850 0.000394,
        0.490672 -1.343446 0.000394,
        0.478823 -1.385119 0.000394,
        0.457849 -1.422554 0.000394,
        0.428278 -1.453687 0.000394,
        0.396609 -1.473909 0.000394,
        0.358450 -1.487044 0.000394,
        0.294252 -1.088772 0.000394,
        0.333796 -1.092000 0.000394,
        0.377686 -1.104750 0.000394,
        0.415081 -1.126276 0.000394,
        0.450625 -1.160459 0.000394,
        0.473701 -1.197268 0.000394,
        0.488815 -1.241878 0.000394,
        0.201604 -1.104376 0.000394,
        0.247122 -1.092024 0.000394,
        0.201604 -1.157189 0.000394,
        0.293802 -1.131983 0.000394,
        0.245950 -1.138200 0.000394,
        0.441665 -1.294624 0.000394,
        0.439787 -1.263992 0.000394,
        0.429293 -1.221845 0.000394,
        0.413062 -1.191448 0.000394,
        0.389287 -1.165201 0.000394,
        0.362037 -1.146971 0.000394,
        0.332570 -1.136336 0.000394,
        0.302655 -1.448864 0.000394,
        0.339376 -1.444744 0.000394,
        0.368063 -1.434184 0.000394,
        0.392225 -1.417898 0.000394,
        0.410700 -1.398407 0.000394,
        0.426983 -1.371108 0.000394,
        0.437679 -1.337244 0.000394,
        0.208660 -1.427566 0.000394,
        0.250394 -1.443063 0.000394,
        0.528087 -1.444063 0.000394,
        0.528087 -1.487274 0.000394,
        0.729739 -1.487274 0.000394,
        0.729739 -1.093573 0.000394,
        0.676926 -1.093573 0.000394,
        0.676926 -1.444063 0.000394,
      ]
    }
    coordIndex [
      23, 98, 24, -1,
      24, 98, 99, -1,
      24, 99, 96, -1,
      99, 100, 96, -1,
      96, 100, 97, -1,
      97, 100, 19, -1,
      19, 100, 101, -1,
      19, 101, 17, -1,
      101, 102, 17, -1,
      17, 102, 18, -1,
      102, 103, 18, -1,
      18, 103, 20, -1,
      103, 104, 20, -1,
      20, 104, 21, -1,
      104, 105, 21, -1,
      21, 105, 22, -1,
      105, 98, 22, -1,
      22, 98, 23, -1,
      106, 102, 107, -1,
      107, 102, 101, -1,
      108, 105, 106, -1,
      106, 105, 104, -1,
      106, 104, 102, -1,
      102, 104, 103, -1,
      108, 109, 105, -1,
      105, 109, 110, -1,
      105, 110, 98, -1,
      98, 110, 111, -1,
      98, 111, 112, -1,
      112, 113, 98, -1,
      98, 113, 107, -1,
      98, 107, 99, -1,
      99, 107, 101, -1,
      99, 101, 100, -1,
      106, 107, 114, -1,
      114, 107, 115, -1,
      108, 106, 116, -1,
      116, 106, 114, -1,
      108, 116, 117, -1,
      108, 117, 109, -1,
      109, 117, 118, -1,
      109, 118, 110, -1,
      111, 110, 119, -1,
      119, 110, 118, -1,
      111, 119, 120, -1,
      111, 120, 112, -1,
      112, 120, 121, -1,
      112, 121, 113, -1,
      107, 113, 115, -1,
      115, 113, 121, -1,
      122, 123, 29, -1,
      29, 123, 30, -1,
      123, 124, 30, -1,
      30, 124, 31, -1,
      124, 125, 31, -1,
      31, 125, 32, -1,
      126, 45, 44, -1,
      126, 44, 127, -1,
      127, 44, 36, -1,
      127, 36, 128, -1,
      128, 36, 35, -1,
      128, 35, 129, -1,
      129, 35, 34, -1,
      129, 34, 130, -1,
      130, 34, 43, -1,
      130, 43, 131, -1,
      131, 43, 42, -1,
      131, 42, 132, -1,
      42, 41, 132, -1,
      132, 41, 33, -1,
      132, 33, 133, -1,
      133, 33, 32, -1,
      133, 32, 125, -1,
      122, 29, 28, -1,
      122, 28, 134, -1,
      134, 28, 27, -1,
      134, 27, 135, -1,
      135, 27, 40, -1,
      135, 40, 136, -1,
      40, 39, 136, -1,
      136, 39, 38, -1,
      136, 38, 137, -1,
      137, 38, 37, -1,
      137, 37, 138, -1,
      138, 37, 46, -1,
      138, 46, 139, -1,
      139, 46, 45, -1,
      139, 45, 126, -1,
      128, 129, 140, -1,
      140, 129, 130, -1,
      140, 130, 141, -1,
      141, 130, 131, -1,
      141, 131, 142, -1,
      142, 131, 132, -1,
      142, 132, 143, -1,
      143, 132, 133, -1,
      143, 133, 144, -1,
      144, 133, 125, -1,
      144, 125, 145, -1,
      145, 125, 124, -1,
      145, 124, 146, -1,
      146, 124, 123, -1,
      146, 123, 147, -1,
      147, 123, 122, -1,
      147, 122, 148, -1,
      148, 122, 134, -1,
      148, 134, 149, -1,
      149, 134, 135, -1,
      149, 135, 150, -1,
      150, 135, 136, -1,
      150, 136, 151, -1,
      151, 136, 137, -1,
      151, 137, 152, -1,
      152, 137, 138, -1,
      152, 138, 153, -1,
      153, 138, 139, -1,
      153, 139, 154, -1,
      154, 139, 126, -1,
      154, 126, 155, -1,
      155, 126, 127, -1,
      155, 127, 156, -1,
      156, 127, 128, -1,
      156, 128, 140, -1,
      144, 145, 157, -1,
      157, 145, 158, -1,
      144, 157, 159, -1,
      144, 159, 143, -1,
      143, 159, 160, -1,
      143, 160, 142, -1,
      142, 160, 161, -1,
      142, 161, 141, -1,
      141, 161, 162, -1,
      141, 162, 140, -1,
      140, 162, 163, -1,
      140, 163, 156, -1,
      156, 163, 164, -1,
      156, 164, 155, -1,
      155, 164, 165, -1,
      155, 165, 154, -1,
      154, 165, 166, -1,
      154, 166, 153, -1,
      153, 166, 167, -1,
      153, 167, 152, -1,
      152, 167, 168, -1,
      152, 168, 151, -1,
      151, 168, 169, -1,
      151, 169, 150, -1,
      150, 169, 170, -1,
      150, 170, 149, -1,
      149, 170, 171, -1,
      149, 171, 148, -1,
      148, 171, 172, -1,
      148, 172, 147, -1,
      146, 147, 173, -1,
      173, 147, 172, -1,
      145, 146, 158, -1,
      158, 146, 173, -1,
      174, 175, 2, -1,
      2, 175, 3, -1,
      3, 175, 49, -1,
      49, 175, 176, -1,
      49, 176, 16, -1,
      176, 177, 16, -1,
      16, 177, 15, -1,
      15, 177, 14, -1,
      14, 177, 178, -1,
      14, 178, 0, -1,
      178, 179, 0, -1,
      0, 179, 1, -1,
      1, 179, 11, -1,
      11, 179, 180, -1,
      11, 180, 13, -1,
      180, 181, 13, -1,
      13, 181, 12, -1,
      12, 181, 10, -1,
      10, 181, 182, -1,
      10, 182, 9, -1,
      182, 183, 9, -1,
      9, 183, 8, -1,
      8, 183, 6, -1,
      6, 183, 184, -1,
      6, 184, 4, -1,
      184, 185, 4, -1,
      4, 185, 5, -1,
      5, 185, 7, -1,
      7, 185, 174, -1,
      7, 174, 2, -1,
      176, 175, 174, -1,
      174, 185, 176, -1,
      176, 185, 184, -1,
      176, 184, 177, -1,
      179, 178, 180, -1,
      180, 178, 177, -1,
      180, 177, 181, -1,
      181, 177, 184, -1,
      181, 184, 182, -1,
      182, 184, 183, -1,
      186, 187, 47, -1,
      47, 187, 48, -1,
      48, 187, 188, -1,
      189, 25, 52, -1,
      189, 52, 190, -1,
      190, 52, 51, -1,
      190, 51, 188, -1,
      188, 51, 50, -1,
      188, 50, 48, -1,
      191, 86, 94, -1,
      191, 94, 192, -1,
      192, 94, 93, -1,
      192, 93, 193, -1,
      193, 93, 91, -1,
      193, 91, 194, -1,
      194, 91, 90, -1,
      194, 90, 195, -1,
      90, 89, 195, -1,
      195, 89, 88, -1,
      195, 88, 196, -1,
      196, 88, 95, -1,
      196, 95, 197, -1,
      197, 95, 26, -1,
      197, 26, 189, -1,
      189, 26, 25, -1,
      198, 76, 75, -1,
      198, 75, 199, -1,
      199, 75, 74, -1,
      199, 74, 200, -1,
      200, 74, 54, -1,
      200, 54, 201, -1,
      201, 54, 53, -1,
      201, 53, 202, -1,
      53, 82, 202, -1,
      202, 82, 84, -1,
      202, 84, 203, -1,
      203, 84, 87, -1,
      203, 87, 204, -1,
      204, 87, 86, -1,
      204, 86, 191, -1,
      205, 56, 55, -1,
      205, 55, 206, -1,
      206, 55, 76, -1,
      206, 76, 198, -1,
      205, 207, 56, -1,
      56, 207, 57, -1,
      208, 60, 58, -1,
      208, 58, 209, -1,
      209, 58, 57, -1,
      209, 57, 207, -1,
      210, 65, 78, -1,
      210, 78, 211, -1,
      211, 78, 77, -1,
      211, 77, 212, -1,
      212, 77, 64, -1,
      212, 64, 213, -1,
      213, 64, 63, -1,
      213, 63, 214, -1,
      214, 63, 62, -1,
      214, 62, 215, -1,
      215, 62, 61, -1,
      215, 61, 216, -1,
      216, 61, 60, -1,
      216, 60, 208, -1,
      217, 69, 68, -1,
      217, 68, 218, -1,
      218, 68, 70, -1,
      218, 70, 219, -1,
      219, 70, 71, -1,
      219, 71, 220, -1,
      220, 71, 72, -1,
      220, 72, 221, -1,
      221, 72, 67, -1,
      221, 67, 222, -1,
      222, 67, 66, -1,
      222, 66, 223, -1,
      223, 66, 65, -1,
      223, 65, 210, -1,
      186, 47, 59, -1,
      186, 59, 224, -1,
      224, 59, 73, -1,
      224, 73, 225, -1,
      225, 73, 69, -1,
      225, 69, 217, -1,
      218, 189, 217, -1,
      217, 189, 190, -1,
      217, 190, 225, -1,
      225, 190, 188, -1,
      225, 188, 224, -1,
      224, 188, 187, -1,
      224, 187, 186, -1,
      207, 205, 209, -1,
      209, 205, 206, -1,
      209, 206, 208, -1,
      208, 206, 198, -1,
      208, 198, 216, -1,
      216, 198, 199, -1,
      216, 199, 215, -1,
      215, 199, 200, -1,
      215, 200, 214, -1,
      214, 200, 201, -1,
      214, 201, 213, -1,
      213, 201, 202, -1,
      213, 202, 212, -1,
      212, 202, 203, -1,
      212, 203, 211, -1,
      211, 203, 204, -1,
      211, 204, 210, -1,
      210, 204, 191, -1,
      210, 191, 223, -1,
      223, 191, 192, -1,
      223, 192, 222, -1,
      222, 192, 193, -1,
      222, 193, 221, -1,
      221, 193, 194, -1,
      221, 194, 220, -1,
      220, 194, 195, -1,
      220, 195, 219, -1,
      219, 195, 196, -1,
      219, 196, 218, -1,
      218, 196, 197, -1,
      218, 197, 189, -1,
      226, 227, 92, -1,
      92, 227, 79, -1,
      227, 228, 79, -1,
      79, 228, 80, -1,
      228, 229, 80, -1,
      80, 229, 81, -1,
      229, 230, 81, -1,
      81, 230, 83, -1,
      230, 231, 83, -1,
      83, 231, 85, -1,
      231, 226, 85, -1,
      85, 226, 92, -1,
      230, 229, 231, -1,
      231, 229, 228, -1,
      231, 228, 226, -1,
      226, 228, 227, -1,
    ]
  }
}

Shape {
  appearance Appearance {
    material Material {
      diffuseColor 0.2510 0.2510 0.2510
      specularColor 0.1255 0.1255 0.1255
      ambientIntensity 0.2
      transparency 0.0000
      shininess 0.5
    }
  }
  geometry IndexedFaceSet {
    ccw TRUE
    solid FALSE
    coord DEF co Coordinate {
      point [
        -0.617456 -1.333634 0.000000,
        -0.749115 -1.333634 0.000000,
        -0.676196 -1.169192 0.000000,
        -0.679985 -1.155538 0.000000,
        -0.682498 -1.141585 0.000000,
        -0.683773 -1.141585 0.000000,
        -0.686342 -1.155496 0.000000,
        -0.689850 -1.169192 0.000000,
        -0.274168 -1.136784 0.000000,
        -0.216103 -1.136784 0.000000,
        -0.320766 -1.141737 -0.000000,
        -0.353264 -1.153109 -0.000000,
        -0.382021 -1.171688 -0.000000,
        -0.401144 -1.191993 -0.000000,
        -0.414822 -1.216275 0.000000,
        -0.424013 -1.247414 0.000000,
        -0.427357 -1.286597 -0.000000,
        -0.423743 -1.327948 0.000000,
        -0.412195 -1.364956 0.000000,
        -0.395590 -1.392101 0.000000,
        -0.373509 -1.413911 0.000000,
        -0.346659 -1.429855 0.000000,
        -0.313528 -1.440196 0.000000,
        -0.271993 -1.444063 0.000000,
        -0.216103 -1.444063 0.000000,
      ]
    }
    coordIndex [
      0, 1, 2, -1,
      2, 1, 7, -1,
      2, 7, 3, -1,
      3, 7, 6, -1,
      3, 6, 4, -1,
      4, 6, 5, -1,
      9, 24, 8, -1,
      8, 24, 23, -1,
      8, 23, 22, -1,
      16, 15, 8, -1,
      8, 15, 14, -1,
      8, 14, 10, -1,
      22, 21, 8, -1,
      8, 21, 20, -1,
      8, 20, 19, -1,
      19, 18, 8, -1,
      8, 18, 17, -1,
      8, 17, 16, -1,
      13, 12, 14, -1,
      14, 12, 11, -1,
      14, 11, 10, -1,
    ]
  }
}
