#VRML V2.0 utf8

Shape {
  appearance Appearance {
    material Material {
      diffuseColor 1.0000 1.0000 0.5020
      specularColor 0.5020 0.5020 0.2510
      ambientIntensity 0.2
      transparency 0.0000
      shininess 0.5
    }
  }
  geometry IndexedFaceSet {
    ccw TRUE
    solid FALSE
    coord DEF co Coordinate {
      point [
        -0.354331 -1.206693 0.720472,
        -0.354331 -0.340551 0.720472,
        -0.236220 -1.206693 0.720472,
        -0.236220 -0.340551 0.720472,
        -0.236220 -0.340551 0.759843,
        -0.354331 -0.340551 0.759843,
        -0.236220 -1.206693 0.759843,
        -0.354331 -1.206693 0.759843,
        -1.240157 1.255906 0.036503,
        -1.240157 1.220472 0.036503,
        -1.161417 1.255906 0.036503,
        -1.161417 1.220472 0.036503,
        -1.240157 1.255906 0.015748,
        -1.161417 1.255906 0.015748,
        -1.240157 1.555118 0.015748,
        -1.161417 1.555118 0.015748,
        -1.240157 1.555118 -0.019685,
        -1.161417 1.555118 -0.019685,
        -1.240157 1.240157 -0.019685,
        -1.161417 1.240157 -0.019685,
        -1.161417 1.235063 -0.019014,
        -1.240157 1.235063 -0.019014,
        -1.161417 1.230315 -0.017048,
        -1.240157 1.230315 -0.017048,
        -1.161417 1.226238 -0.013919,
        -1.240157 1.226238 -0.013919,
        -1.161417 1.223110 -0.009843,
        -1.240157 1.223110 -0.009843,
        -1.161417 1.221143 -0.005095,
        -1.240157 1.221143 -0.005095,
        -1.161417 1.220472 0.000000,
        -1.240157 1.220472 0.000000,
        0.137795 1.255906 0.015748,
        0.137795 1.555118 0.015748,
        0.059055 1.255906 0.015748,
        0.059055 1.555118 0.015748,
        0.137795 1.555118 -0.019685,
        0.059055 1.555118 -0.019685,
        0.137795 1.240157 -0.019685,
        0.059055 1.240157 -0.019685,
        0.137795 1.220472 0.000000,
        0.059055 1.220472 0.000000,
        0.059055 1.221143 -0.005095,
        0.137795 1.221143 -0.005095,
        0.059055 1.223110 -0.009843,
        0.137795 1.223110 -0.009843,
        0.059055 1.226238 -0.013919,
        0.137795 1.226238 -0.013919,
        0.059055 1.230315 -0.017048,
        0.137795 1.230315 -0.017048,
        0.059055 1.235063 -0.019014,
        0.137795 1.235063 -0.019014,
        0.137795 1.220472 0.036503,
        0.059055 1.220472 0.036503,
        0.137795 1.255906 0.036503,
        0.059055 1.255906 0.036503,
        -0.236220 -0.340551 0.523622,
        -0.236220 -0.340551 0.484252,
        -0.354331 -0.340551 0.523622,
        -0.354331 -0.340551 0.484252,
        -0.236220 -1.265748 0.523622,
        -0.354331 -1.265748 0.523622,
        -0.236220 -1.265748 0.484252,
        -0.354331 -1.265748 0.484252,
        0.862205 1.255906 0.015748,
        0.862205 1.255906 0.036503,
        0.940945 1.255906 0.015748,
        0.940945 1.255906 0.036503,
        0.862205 1.220472 0.036503,
        0.940945 1.220472 0.036503,
        0.862205 1.220472 0.000000,
        0.940945 1.220472 0.000000,
        0.862205 1.240157 -0.019685,
        0.940945 1.240157 -0.019685,
        0.940945 1.235063 -0.019014,
        0.862205 1.235063 -0.019014,
        0.940945 1.230315 -0.017048,
        0.862205 1.230315 -0.017048,
        0.940945 1.226238 -0.013919,
        0.862205 1.226238 -0.013919,
        0.940945 1.223110 -0.009843,
        0.862205 1.223110 -0.009843,
        0.940945 1.221143 -0.005095,
        0.862205 1.221143 -0.005095,
        0.862205 1.555118 -0.019685,
        0.940945 1.555118 -0.019685,
        0.862205 1.555118 0.015748,
        0.940945 1.555118 0.015748,
        -1.326772 1.255906 0.036503,
        -1.326772 1.220472 0.036503,
        -1.248031 1.255906 0.036503,
        -1.248031 1.220472 0.036503,
        -1.326772 1.255906 0.015748,
        -1.248031 1.255906 0.015748,
        -1.326772 1.555118 0.015748,
        -1.248031 1.555118 0.015748,
        -1.326772 1.555118 -0.019685,
        -1.248031 1.555118 -0.019685,
        -1.326772 1.240157 -0.019685,
        -1.248031 1.240157 -0.019685,
        -1.248031 1.235063 -0.019014,
        -1.326772 1.235063 -0.019014,
        -1.248031 1.230315 -0.017048,
        -1.326772 1.230315 -0.017048,
        -1.248031 1.226238 -0.013919,
        -1.326772 1.226238 -0.013919,
        -1.248031 1.223110 -0.009843,
        -1.326772 1.223110 -0.009843,
        -1.248031 1.221143 -0.005095,
        -1.326772 1.221143 -0.005095,
        -1.248031 1.220472 0.000000,
        -1.326772 1.220472 0.000000,
        -0.177165 -1.206693 0.720472,
        -0.177165 -0.340551 0.720472,
        -0.059055 -1.206693 0.720472,
        -0.059055 -0.340551 0.720472,
        -0.059055 -0.340551 0.759843,
        -0.177165 -0.340551 0.759843,
        -0.059055 -1.206693 0.759843,
        -0.177165 -1.206693 0.759843,
        -0.728346 1.555118 0.015748,
        -0.728346 1.255906 0.015748,
        -0.649606 1.555118 0.015748,
        -0.649606 1.255906 0.015748,
        -0.728346 1.555118 -0.019685,
        -0.649606 1.555118 -0.019685,
        -0.728346 1.240157 -0.019685,
        -0.649606 1.240157 -0.019685,
        -0.649606 1.235063 -0.019014,
        -0.728346 1.235063 -0.019014,
        -0.649606 1.230315 -0.017048,
        -0.728346 1.230315 -0.017048,
        -0.649606 1.226238 -0.013919,
        -0.728346 1.226238 -0.013919,
        -0.649606 1.223110 -0.009843,
        -0.728346 1.223110 -0.009843,
        -0.649606 1.221143 -0.005095,
        -0.728346 1.221143 -0.005095,
        -0.649606 1.220472 0.000000,
        -0.728346 1.220472 0.000000,
        -0.728346 1.220472 0.036503,
        -0.649606 1.220472 0.036503,
        -0.728346 1.255906 0.036503,
        -0.649606 1.255906 0.036503,
        -0.059055 -0.340551 0.523622,
        -0.059055 -0.340551 0.484252,
        -0.177165 -0.340551 0.523622,
        -0.177165 -0.340551 0.484252,
        -0.059055 -1.265748 0.523622,
        -0.177165 -1.265748 0.523622,
        -0.059055 -1.265748 0.484252,
        -0.177165 -1.265748 0.484252,
        -0.862205 1.255906 0.036503,
        -0.862205 1.255906 0.015748,
        -0.940945 1.255906 0.036503,
        -0.940945 1.255906 0.015748,
        -0.862205 1.220472 0.036503,
        -0.940945 1.220472 0.036503,
        -0.862205 1.220472 0.000000,
        -0.940945 1.220472 0.000000,
        -0.940945 1.221143 -0.005095,
        -0.862205 1.221143 -0.005095,
        -0.940945 1.223110 -0.009843,
        -0.862205 1.223110 -0.009843,
        -0.940945 1.226238 -0.013919,
        -0.862205 1.226238 -0.013919,
        -0.940945 1.230315 -0.017048,
        -0.862205 1.230315 -0.017048,
        -0.940945 1.235063 -0.019014,
        -0.862205 1.235063 -0.019014,
        -0.940945 1.240157 -0.019685,
        -0.862205 1.240157 -0.019685,
        -0.862205 1.555118 -0.019685,
        -0.940945 1.555118 -0.019685,
        -0.862205 1.555118 0.015748,
        -0.940945 1.555118 0.015748,
        -0.531496 1.555118 0.015748,
        -0.531496 1.255906 0.015748,
        -0.452756 1.555118 0.015748,
        -0.452756 1.255906 0.015748,
        -0.531496 1.555118 -0.019685,
        -0.452756 1.555118 -0.019685,
        -0.531496 1.240157 -0.019685,
        -0.452756 1.240157 -0.019685,
        -0.452756 1.235063 -0.019014,
        -0.531496 1.235063 -0.019014,
        -0.452756 1.230315 -0.017048,
        -0.531496 1.230315 -0.017048,
        -0.452756 1.226238 -0.013919,
        -0.531496 1.226238 -0.013919,
        -0.452756 1.223110 -0.009843,
        -0.531496 1.223110 -0.009843,
        -0.452756 1.221143 -0.005095,
        -0.531496 1.221143 -0.005095,
        -0.452756 1.220472 0.000000,
        -0.531496 1.220472 0.000000,
        -0.531496 1.220472 0.036503,
        -0.452756 1.220472 0.036503,
        -0.531496 1.255906 0.036503,
        -0.452756 1.255906 0.036503,
        0.948819 1.255906 0.015748,
        0.948819 1.255906 0.036503,
        1.027559 1.255906 0.015748,
        1.027559 1.255906 0.036503,
        0.948819 1.220472 0.036503,
        1.027559 1.220472 0.036503,
        0.948819 1.220472 0.000000,
        1.027559 1.220472 0.000000,
        0.948819 1.240157 -0.019685,
        1.027559 1.240157 -0.019685,
        1.027559 1.235063 -0.019014,
        0.948819 1.235063 -0.019014,
        1.027559 1.230315 -0.017048,
        0.948819 1.230315 -0.017048,
        1.027559 1.226238 -0.013919,
        0.948819 1.226238 -0.013919,
        1.027559 1.223110 -0.009843,
        0.948819 1.223110 -0.009843,
        1.027559 1.221143 -0.005095,
        0.948819 1.221143 -0.005095,
        0.948819 1.555118 -0.019685,
        1.027559 1.555118 -0.019685,
        0.948819 1.555118 0.015748,
        1.027559 1.555118 0.015748,
        0.177165 -0.340551 0.484252,
        0.059055 -0.340551 0.484252,
        0.177165 -0.340551 0.523622,
        0.059055 -0.340551 0.523622,
        0.177165 -1.265748 0.484252,
        0.177165 -1.265748 0.523622,
        0.059055 -1.265748 0.484252,
        0.059055 -1.265748 0.523622,
        0.334646 1.255906 0.015748,
        0.334646 1.555118 0.015748,
        0.255906 1.255906 0.015748,
        0.255906 1.555118 0.015748,
        0.334646 1.555118 -0.019685,
        0.255906 1.555118 -0.019685,
        0.334646 1.240157 -0.019685,
        0.255906 1.240157 -0.019685,
        0.334646 1.220472 0.000000,
        0.255906 1.220472 0.000000,
        0.255906 1.221143 -0.005095,
        0.334646 1.221143 -0.005095,
        0.255906 1.223110 -0.009843,
        0.334646 1.223110 -0.009843,
        0.255906 1.226238 -0.013919,
        0.334646 1.226238 -0.013919,
        0.255906 1.230315 -0.017048,
        0.334646 1.230315 -0.017048,
        0.255906 1.235063 -0.019014,
        0.334646 1.235063 -0.019014,
        0.334646 1.220472 0.036503,
        0.255906 1.220472 0.036503,
        0.334646 1.255906 0.036503,
        0.255906 1.255906 0.036503,
      ]
    }
    coordIndex [
      0, 1, 2, -1,
      2, 1, 3, -1,
      4, 5, 6, -1,
      6, 5, 7, -1,
      1, 5, 3, -1,
      3, 5, 4, -1,
      7, 5, 0, -1,
      0, 5, 1, -1,
      3, 4, 2, -1,
      2, 4, 6, -1,
      7, 0, 6, -1,
      6, 0, 2, -1,
      8, 9, 10, -1,
      10, 9, 11, -1,
      12, 8, 13, -1,
      13, 8, 10, -1,
      14, 12, 15, -1,
      15, 12, 13, -1,
      16, 14, 17, -1,
      17, 14, 15, -1,
      18, 16, 19, -1,
      19, 16, 17, -1,
      18, 19, 20, -1,
      18, 20, 21, -1,
      21, 20, 22, -1,
      21, 22, 23, -1,
      23, 22, 24, -1,
      23, 24, 25, -1,
      25, 24, 26, -1,
      25, 26, 27, -1,
      27, 26, 28, -1,
      27, 28, 29, -1,
      29, 28, 30, -1,
      29, 30, 31, -1,
      9, 31, 11, -1,
      11, 31, 30, -1,
      12, 25, 27, -1,
      14, 16, 12, -1,
      12, 16, 18, -1,
      9, 8, 31, -1,
      31, 8, 12, -1,
      31, 12, 29, -1,
      29, 12, 27, -1,
      18, 21, 12, -1,
      12, 21, 23, -1,
      12, 23, 25, -1,
      13, 24, 22, -1,
      10, 11, 13, -1,
      13, 11, 30, -1,
      17, 15, 19, -1,
      19, 15, 13, -1,
      19, 13, 20, -1,
      20, 13, 22, -1,
      30, 28, 13, -1,
      13, 28, 26, -1,
      13, 26, 24, -1,
      32, 33, 34, -1,
      34, 33, 35, -1,
      33, 36, 35, -1,
      35, 36, 37, -1,
      36, 38, 37, -1,
      37, 38, 39, -1,
      40, 41, 42, -1,
      40, 42, 43, -1,
      43, 42, 44, -1,
      43, 44, 45, -1,
      45, 44, 46, -1,
      45, 46, 47, -1,
      47, 46, 48, -1,
      47, 48, 49, -1,
      49, 48, 50, -1,
      49, 50, 51, -1,
      51, 50, 39, -1,
      51, 39, 38, -1,
      40, 52, 41, -1,
      41, 52, 53, -1,
      52, 54, 53, -1,
      53, 54, 55, -1,
      54, 32, 55, -1,
      55, 32, 34, -1,
      32, 47, 49, -1,
      54, 52, 32, -1,
      32, 52, 40, -1,
      36, 33, 38, -1,
      38, 33, 32, -1,
      38, 32, 51, -1,
      51, 32, 49, -1,
      40, 43, 32, -1,
      32, 43, 45, -1,
      32, 45, 47, -1,
      35, 37, 34, -1,
      34, 37, 39, -1,
      34, 39, 50, -1,
      53, 55, 41, -1,
      41, 55, 34, -1,
      41, 34, 42, -1,
      42, 34, 44, -1,
      50, 48, 34, -1,
      34, 48, 46, -1,
      34, 46, 44, -1,
      56, 57, 58, -1,
      58, 57, 59, -1,
      60, 56, 61, -1,
      61, 56, 58, -1,
      62, 57, 60, -1,
      60, 57, 56, -1,
      63, 59, 62, -1,
      62, 59, 57, -1,
      61, 58, 63, -1,
      63, 58, 59, -1,
      60, 61, 62, -1,
      62, 61, 63, -1,
      64, 65, 66, -1,
      66, 65, 67, -1,
      65, 68, 67, -1,
      67, 68, 69, -1,
      68, 70, 69, -1,
      69, 70, 71, -1,
      72, 73, 74, -1,
      72, 74, 75, -1,
      75, 74, 76, -1,
      75, 76, 77, -1,
      77, 76, 78, -1,
      77, 78, 79, -1,
      79, 78, 80, -1,
      79, 80, 81, -1,
      81, 80, 82, -1,
      81, 82, 83, -1,
      83, 82, 71, -1,
      83, 71, 70, -1,
      72, 84, 73, -1,
      73, 84, 85, -1,
      84, 86, 85, -1,
      85, 86, 87, -1,
      86, 64, 87, -1,
      87, 64, 66, -1,
      64, 79, 81, -1,
      86, 84, 64, -1,
      64, 84, 72, -1,
      68, 65, 70, -1,
      70, 65, 64, -1,
      70, 64, 83, -1,
      83, 64, 81, -1,
      72, 75, 64, -1,
      64, 75, 77, -1,
      64, 77, 79, -1,
      85, 87, 73, -1,
      73, 87, 66, -1,
      67, 69, 66, -1,
      66, 69, 71, -1,
      78, 76, 66, -1,
      66, 76, 74, -1,
      66, 74, 73, -1,
      71, 82, 66, -1,
      66, 82, 80, -1,
      66, 80, 78, -1,
      88, 89, 90, -1,
      90, 89, 91, -1,
      92, 88, 93, -1,
      93, 88, 90, -1,
      94, 92, 95, -1,
      95, 92, 93, -1,
      96, 94, 97, -1,
      97, 94, 95, -1,
      98, 96, 99, -1,
      99, 96, 97, -1,
      98, 99, 100, -1,
      98, 100, 101, -1,
      101, 100, 102, -1,
      101, 102, 103, -1,
      103, 102, 104, -1,
      103, 104, 105, -1,
      105, 104, 106, -1,
      105, 106, 107, -1,
      107, 106, 108, -1,
      107, 108, 109, -1,
      109, 108, 110, -1,
      109, 110, 111, -1,
      89, 111, 91, -1,
      91, 111, 110, -1,
      92, 105, 107, -1,
      94, 96, 92, -1,
      92, 96, 98, -1,
      89, 88, 111, -1,
      111, 88, 92, -1,
      111, 92, 109, -1,
      109, 92, 107, -1,
      98, 101, 92, -1,
      92, 101, 103, -1,
      92, 103, 105, -1,
      97, 95, 99, -1,
      99, 95, 93, -1,
      90, 91, 93, -1,
      93, 91, 110, -1,
      104, 102, 93, -1,
      93, 102, 100, -1,
      93, 100, 99, -1,
      110, 108, 93, -1,
      93, 108, 106, -1,
      93, 106, 104, -1,
      112, 113, 114, -1,
      114, 113, 115, -1,
      116, 117, 118, -1,
      118, 117, 119, -1,
      113, 117, 115, -1,
      115, 117, 116, -1,
      119, 117, 112, -1,
      112, 117, 113, -1,
      115, 116, 114, -1,
      114, 116, 118, -1,
      119, 112, 118, -1,
      118, 112, 114, -1,
      120, 121, 122, -1,
      122, 121, 123, -1,
      124, 120, 125, -1,
      125, 120, 122, -1,
      126, 124, 127, -1,
      127, 124, 125, -1,
      126, 127, 128, -1,
      126, 128, 129, -1,
      129, 128, 130, -1,
      129, 130, 131, -1,
      131, 130, 132, -1,
      131, 132, 133, -1,
      133, 132, 134, -1,
      133, 134, 135, -1,
      135, 134, 136, -1,
      135, 136, 137, -1,
      137, 136, 138, -1,
      137, 138, 139, -1,
      140, 139, 141, -1,
      141, 139, 138, -1,
      142, 140, 143, -1,
      143, 140, 141, -1,
      121, 142, 123, -1,
      123, 142, 143, -1,
      121, 133, 135, -1,
      120, 124, 121, -1,
      121, 124, 126, -1,
      140, 142, 139, -1,
      139, 142, 121, -1,
      139, 121, 137, -1,
      137, 121, 135, -1,
      126, 129, 121, -1,
      121, 129, 131, -1,
      121, 131, 133, -1,
      123, 132, 130, -1,
      143, 141, 123, -1,
      123, 141, 138, -1,
      125, 122, 127, -1,
      127, 122, 123, -1,
      127, 123, 128, -1,
      128, 123, 130, -1,
      138, 136, 123, -1,
      123, 136, 134, -1,
      123, 134, 132, -1,
      144, 145, 146, -1,
      146, 145, 147, -1,
      148, 144, 149, -1,
      149, 144, 146, -1,
      150, 145, 148, -1,
      148, 145, 144, -1,
      151, 147, 150, -1,
      150, 147, 145, -1,
      149, 146, 151, -1,
      151, 146, 147, -1,
      148, 149, 150, -1,
      150, 149, 151, -1,
      152, 153, 154, -1,
      154, 153, 155, -1,
      156, 152, 157, -1,
      157, 152, 154, -1,
      158, 156, 159, -1,
      159, 156, 157, -1,
      158, 159, 160, -1,
      158, 160, 161, -1,
      161, 160, 162, -1,
      161, 162, 163, -1,
      163, 162, 164, -1,
      163, 164, 165, -1,
      165, 164, 166, -1,
      165, 166, 167, -1,
      167, 166, 168, -1,
      167, 168, 169, -1,
      169, 168, 170, -1,
      169, 170, 171, -1,
      172, 171, 173, -1,
      173, 171, 170, -1,
      174, 172, 175, -1,
      175, 172, 173, -1,
      153, 174, 155, -1,
      155, 174, 175, -1,
      172, 174, 171, -1,
      171, 174, 153, -1,
      152, 156, 153, -1,
      153, 156, 158, -1,
      165, 167, 153, -1,
      153, 167, 169, -1,
      153, 169, 171, -1,
      158, 161, 153, -1,
      153, 161, 163, -1,
      153, 163, 165, -1,
      155, 164, 162, -1,
      175, 173, 155, -1,
      155, 173, 170, -1,
      157, 154, 159, -1,
      159, 154, 155, -1,
      159, 155, 160, -1,
      160, 155, 162, -1,
      170, 168, 155, -1,
      155, 168, 166, -1,
      155, 166, 164, -1,
      176, 177, 178, -1,
      178, 177, 179, -1,
      180, 176, 181, -1,
      181, 176, 178, -1,
      182, 180, 183, -1,
      183, 180, 181, -1,
      182, 183, 184, -1,
      182, 184, 185, -1,
      185, 184, 186, -1,
      185, 186, 187, -1,
      187, 186, 188, -1,
      187, 188, 189, -1,
      189, 188, 190, -1,
      189, 190, 191, -1,
      191, 190, 192, -1,
      191, 192, 193, -1,
      193, 192, 194, -1,
      193, 194, 195, -1,
      196, 195, 197, -1,
      197, 195, 194, -1,
      198, 196, 199, -1,
      199, 196, 197, -1,
      177, 198, 179, -1,
      179, 198, 199, -1,
      177, 189, 191, -1,
      176, 180, 177, -1,
      177, 180, 182, -1,
      196, 198, 195, -1,
      195, 198, 177, -1,
      195, 177, 193, -1,
      193, 177, 191, -1,
      182, 185, 177, -1,
      177, 185, 187, -1,
      177, 187, 189, -1,
      179, 188, 186, -1,
      199, 197, 179, -1,
      179, 197, 194, -1,
      181, 178, 183, -1,
      183, 178, 179, -1,
      183, 179, 184, -1,
      184, 179, 186, -1,
      194, 192, 179, -1,
      179, 192, 190, -1,
      179, 190, 188, -1,
      200, 201, 202, -1,
      202, 201, 203, -1,
      201, 204, 203, -1,
      203, 204, 205, -1,
      204, 206, 205, -1,
      205, 206, 207, -1,
      208, 209, 210, -1,
      208, 210, 211, -1,
      211, 210, 212, -1,
      211, 212, 213, -1,
      213, 212, 214, -1,
      213, 214, 215, -1,
      215, 214, 216, -1,
      215, 216, 217, -1,
      217, 216, 218, -1,
      217, 218, 219, -1,
      219, 218, 207, -1,
      219, 207, 206, -1,
      208, 220, 209, -1,
      209, 220, 221, -1,
      220, 222, 221, -1,
      221, 222, 223, -1,
      222, 200, 223, -1,
      223, 200, 202, -1,
      200, 215, 217, -1,
      222, 220, 200, -1,
      200, 220, 208, -1,
      204, 201, 206, -1,
      206, 201, 200, -1,
      206, 200, 219, -1,
      219, 200, 217, -1,
      208, 211, 200, -1,
      200, 211, 213, -1,
      200, 213, 215, -1,
      221, 223, 209, -1,
      209, 223, 202, -1,
      203, 205, 202, -1,
      202, 205, 207, -1,
      214, 212, 202, -1,
      202, 212, 210, -1,
      202, 210, 209, -1,
      207, 218, 202, -1,
      202, 218, 216, -1,
      202, 216, 214, -1,
      224, 225, 226, -1,
      226, 225, 227, -1,
      228, 224, 229, -1,
      229, 224, 226, -1,
      230, 225, 228, -1,
      228, 225, 224, -1,
      231, 227, 230, -1,
      230, 227, 225, -1,
      229, 226, 231, -1,
      231, 226, 227, -1,
      228, 229, 230, -1,
      230, 229, 231, -1,
      232, 233, 234, -1,
      234, 233, 235, -1,
      233, 236, 235, -1,
      235, 236, 237, -1,
      236, 238, 237, -1,
      237, 238, 239, -1,
      240, 241, 242, -1,
      240, 242, 243, -1,
      243, 242, 244, -1,
      243, 244, 245, -1,
      245, 244, 246, -1,
      245, 246, 247, -1,
      247, 246, 248, -1,
      247, 248, 249, -1,
      249, 248, 250, -1,
      249, 250, 251, -1,
      251, 250, 239, -1,
      251, 239, 238, -1,
      240, 252, 241, -1,
      241, 252, 253, -1,
      252, 254, 253, -1,
      253, 254, 255, -1,
      254, 232, 255, -1,
      255, 232, 234, -1,
      232, 247, 249, -1,
      254, 252, 232, -1,
      232, 252, 240, -1,
      236, 233, 238, -1,
      238, 233, 232, -1,
      238, 232, 251, -1,
      251, 232, 249, -1,
      240, 243, 232, -1,
      232, 243, 245, -1,
      232, 245, 247, -1,
      235, 237, 234, -1,
      234, 237, 239, -1,
      234, 239, 250, -1,
      253, 255, 241, -1,
      241, 255, 234, -1,
      241, 234, 242, -1,
      242, 234, 244, -1,
      250, 248, 234, -1,
      234, 248, 246, -1,
      234, 246, 244, -1,
    ]
  }
}

Shape {
  appearance Appearance {
    material Material {
      diffuseColor 0.7529 0.7529 0.7529
      specularColor 0.3765 0.3765 0.3765
      ambientIntensity 0.2
      transparency 0.0000
      shininess 0.5
    }
  }
  geometry IndexedFaceSet {
    ccw TRUE
    solid FALSE
    coord DEF co Coordinate {
      point [
        -0.839504 -0.556728 1.107222,
        -0.577819 -0.556728 1.107222,
        -0.831831 -0.505930 1.107222,
        -0.585492 -0.505930 1.107222,
        -0.624420 -0.472441 1.107222,
        -0.792902 -0.472441 1.107222,
        -0.802139 -0.473540 1.107222,
        -0.592459 -0.488822 1.107222,
        -0.598745 -0.481965 1.107222,
        -0.606463 -0.476775 1.107222,
        -0.810859 -0.476775 1.107222,
        -0.818578 -0.481965 1.107222,
        -0.829365 -0.496962 1.107222,
        -0.824863 -0.488822 1.107222,
        -0.587958 -0.496962 1.107222,
        -0.615184 -0.473540 1.107222,
        -0.567716 -0.623603 1.114404,
        -0.849607 -0.623603 1.114404,
        -0.482543 -1.187420 1.236913,
        -0.934780 -1.187420 1.236913,
        -0.472441 -1.254296 1.244094,
        -0.944882 -1.254296 1.244094,
        -0.478755 -1.212498 1.121496,
        -0.472441 -1.254296 1.125984,
        -0.938568 -1.212498 1.121496,
        -0.944882 -1.254296 1.125984,
        -0.853395 -0.648681 0.998987,
        -0.563928 -0.648681 0.998987,
        -0.577819 -0.556728 0.989112,
        -0.839504 -0.556728 0.989112,
        -0.585492 -0.505930 0.989112,
        -0.831831 -0.505930 0.989112,
        -0.802139 -0.473540 0.989112,
        -0.792902 -0.472441 0.989112,
        -0.829365 -0.496962 0.989112,
        -0.824863 -0.488822 0.989112,
        -0.818578 -0.481965 0.989112,
        -0.624420 -0.472441 0.989112,
        -0.587958 -0.496962 0.989112,
        -0.606463 -0.476775 0.989112,
        -0.598745 -0.481965 0.989112,
        -0.592459 -0.488822 0.989112,
        -0.810859 -0.476775 0.989112,
        -0.615184 -0.473540 0.989112,
        -0.472441 -1.288663 1.125984,
        -0.472441 -1.288663 1.244094,
        -0.944882 -1.288663 1.244094,
        -0.944882 -1.288663 1.125984,
        1.444882 1.330709 1.125984,
        1.444882 1.055118 1.125984,
        0.944882 1.330709 1.125984,
        1.366142 1.055118 1.125984,
        0.934692 1.329367 1.125984,
        -1.366142 1.055118 1.125984,
        -1.444882 1.055118 1.125984,
        -1.444882 1.330709 1.125984,
        -0.362053 1.330709 1.125984,
        0.362053 1.330709 1.125984,
        -0.362053 1.094488 1.125984,
        0.362053 1.094488 1.125984,
        0.460910 -1.316502 1.125984,
        0.467166 -1.308348 1.125984,
        1.366142 -1.535433 1.125984,
        0.900237 0.996063 1.125984,
        0.904170 1.005558 1.125984,
        0.905512 1.015748 1.125984,
        0.452756 -1.322759 1.125984,
        -1.028398 -0.388924 1.125984,
        -1.003937 -0.370154 1.125984,
        -0.975451 -0.358355 1.125984,
        -0.906853 1.301528 1.125984,
        -0.905512 1.291339 1.125984,
        -0.905512 1.015748 1.125984,
        -0.904170 1.005558 1.125984,
        -1.003937 -1.322759 1.125984,
        -0.994442 -1.326692 1.125984,
        -1.366142 -1.535433 1.125984,
        -0.946223 -1.298853 1.125984,
        -0.950156 -1.308348 1.125984,
        -0.956413 -1.316502 1.125984,
        0.956413 -1.316502 1.125984,
        0.950156 -1.308348 1.125984,
        0.946223 -1.298853 1.125984,
        -0.398975 0.996063 1.125984,
        -0.395042 1.005558 1.125984,
        -0.393701 1.015748 1.125984,
        -0.405232 1.082957 1.125984,
        -0.413386 1.089214 1.125984,
        -0.422881 1.093146 1.125984,
        -0.433071 1.094488 1.125984,
        -1.023913 -1.308245 1.125984,
        0.876331 0.977719 1.125984,
        0.885827 0.981652 1.125984,
        0.893981 0.987909 1.125984,
        0.905512 1.291339 1.125984,
        0.906853 1.301528 1.125984,
        0.910786 1.311024 1.125984,
        0.917043 1.319178 1.125984,
        0.925197 1.325434 1.125984,
        -0.900237 0.996063 1.125984,
        -0.893981 0.987909 1.125984,
        -1.062992 -0.472441 1.125984,
        -0.393701 1.055118 1.125984,
        -0.395042 1.065308 1.125984,
        -0.398975 1.074803 1.125984,
        -0.984252 -1.328033 1.125984,
        -0.974062 -1.326692 1.125984,
        -0.964567 -1.322759 1.125984,
        0.358355 -1.251042 1.125984,
        0.370154 -1.279528 1.125984,
        -0.430781 -1.327967 1.125984,
        0.388924 -1.303989 1.125984,
        0.413386 -1.322759 1.125984,
        0.422881 -1.326692 1.125984,
        0.433071 -1.328033 1.125984,
        0.443261 -1.326692 1.125984,
        0.433071 1.094488 1.125984,
        0.422881 1.093146 1.125984,
        0.413386 1.089214 1.125984,
        0.405232 1.082957 1.125984,
        0.398975 1.074803 1.125984,
        -0.358355 -0.441872 1.125984,
        -0.370154 -0.413386 1.125984,
        0.422881 0.977719 1.125984,
        -0.388924 -0.388924 1.125984,
        0.398975 0.996063 1.125984,
        -0.441872 -0.358355 1.125984,
        -0.472441 -0.354331 1.125984,
        0.472441 -1.288663 1.125984,
        0.472441 -1.254296 1.125984,
        0.944882 -1.254296 1.125984,
        -0.944882 1.330709 1.125984,
        -0.934692 1.329367 1.125984,
        -0.925197 1.325434 1.125984,
        -0.885827 0.981652 1.125984,
        -0.876331 0.977719 1.125984,
        -1.058968 -0.441872 1.125984,
        -1.047169 -0.413386 1.125984,
        -0.358355 -1.251042 1.125984,
        -0.354331 -1.220472 1.125984,
        -0.354331 -0.472441 1.125984,
        -0.944882 -0.354331 1.125984,
        0.395042 1.005558 1.125984,
        0.471100 -1.298853 1.125984,
        0.944882 -1.288663 1.125984,
        -0.917043 1.319178 1.125984,
        -0.910786 1.311024 1.125984,
        -0.433071 0.976378 1.125984,
        -0.422881 0.977719 1.125984,
        -0.413386 0.981652 1.125984,
        -0.405232 0.987909 1.125984,
        -1.060411 -1.245029 1.125984,
        -1.052781 -1.268512 1.125984,
        -1.040435 -1.289896 1.125984,
        -0.463230 -1.313970 1.125984,
        -0.456581 -1.320243 1.125984,
        -1.062992 -1.220472 1.125984,
        0.395042 1.065308 1.125984,
        0.393701 1.055118 1.125984,
        0.393701 1.015748 1.125984,
        1.028398 -0.388924 1.125984,
        1.003937 -0.370154 1.125984,
        0.354331 -1.220472 1.125984,
        -0.421780 -1.326380 1.125984,
        -0.413386 -1.322759 1.125984,
        -0.388924 -1.303989 1.125984,
        -0.370154 -1.279528 1.125984,
        0.354331 -0.472441 1.125984,
        -0.866142 0.976378 1.125984,
        -0.471380 -1.297743 1.125984,
        -0.468253 -1.306333 1.125984,
        -0.448665 -1.324814 1.125984,
        -0.439907 -1.327435 1.125984,
        -0.413386 -0.370154 1.125984,
        0.405232 0.987909 1.125984,
        0.413386 0.981652 1.125984,
        0.964567 -1.322759 1.125984,
        0.974062 -1.326692 1.125984,
        0.984252 -1.328033 1.125984,
        0.994442 -1.326692 1.125984,
        0.413386 -0.370154 1.125984,
        0.388924 -0.388924 1.125984,
        0.370154 -0.413386 1.125984,
        0.358355 -0.441872 1.125984,
        0.975451 -0.358355 1.125984,
        0.944882 -0.354331 1.125984,
        0.866142 0.976378 1.125984,
        1.003937 -1.322759 1.125984,
        1.023913 -1.308245 1.125984,
        1.040435 -1.289896 1.125984,
        1.052781 -1.268512 1.125984,
        1.060411 -1.245029 1.125984,
        1.062992 -1.220472 1.125984,
        1.062992 -0.472441 1.125984,
        1.058968 -0.441872 1.125984,
        1.047169 -0.413386 1.125984,
        0.433071 0.976378 1.125984,
        0.472441 -0.354331 1.125984,
        0.441872 -0.358355 1.125984,
        1.003937 -1.322759 1.244094,
        0.994442 -1.326692 1.244094,
        1.366142 -1.535433 1.244094,
        1.023913 -1.308245 1.244094,
        0.984252 -1.328033 1.244094,
        0.974062 -1.326692 1.244094,
        -1.366142 -1.535433 1.244094,
        0.964567 -1.322759 1.244094,
        0.956413 -1.316502 1.244094,
        0.595826 0.425197 1.244094,
        0.602082 0.433351 1.244094,
        -1.003937 -0.370154 1.244094,
        1.060411 -1.245029 1.244094,
        1.052781 -1.268512 1.244094,
        1.040435 -1.289896 1.244094,
        1.366142 1.330709 1.244094,
        1.062992 -0.472441 1.244094,
        1.062992 -1.220472 1.244094,
        -0.405232 0.987909 1.244094,
        -0.944882 0.444882 1.244094,
        -0.629921 0.444882 1.244094,
        0.964567 0.253306 1.244094,
        0.944882 -0.354331 1.244094,
        0.972721 0.259563 1.244094,
        0.978978 0.267717 1.244094,
        1.003937 -0.370154 1.244094,
        1.028398 -0.388924 1.244094,
        0.602082 0.259563 1.244094,
        0.595826 0.267717 1.244094,
        0.441872 -0.358355 1.244094,
        0.467166 -1.308348 1.244094,
        0.460910 -1.316502 1.244094,
        0.946223 -1.298853 1.244094,
        0.452756 -1.322759 1.244094,
        0.443261 -1.326692 1.244094,
        -0.956413 -1.316502 1.244094,
        -0.964567 -1.322759 1.244094,
        -0.430781 -1.327967 1.244094,
        -0.900237 0.996063 1.244094,
        -1.366142 1.330709 1.244094,
        -0.904170 1.005558 1.244094,
        0.978978 0.425197 1.244094,
        0.876331 0.977719 1.244094,
        0.972721 0.433351 1.244094,
        0.964567 0.439607 1.244094,
        0.982911 0.415702 1.244094,
        0.984252 0.405512 1.244094,
        0.984252 0.287402 1.244094,
        0.900237 0.996063 1.244094,
        0.893981 0.987909 1.244094,
        0.885827 0.981652 1.244094,
        -0.619731 0.443541 1.244094,
        -0.610236 0.439607 1.244094,
        0.395042 1.005558 1.244094,
        -0.602082 0.433351 1.244094,
        0.398975 0.996063 1.244094,
        -0.595826 0.425197 1.244094,
        0.405232 0.987909 1.244094,
        -0.398975 0.996063 1.244094,
        -0.395042 1.005558 1.244094,
        0.393701 1.015748 1.244094,
        0.975451 -0.358355 1.244094,
        0.982911 0.277212 1.244094,
        1.047169 -0.413386 1.244094,
        1.058968 -0.441872 1.244094,
        0.944882 -1.254296 1.244094,
        0.472441 -1.254296 1.244094,
        0.944882 -1.288663 1.244094,
        0.472441 -1.288663 1.244094,
        0.471100 -1.298853 1.244094,
        0.433071 -1.328033 1.244094,
        -0.370154 -1.279528 1.244094,
        -0.388924 -1.303989 1.244094,
        -0.905512 1.015748 1.244094,
        -0.905512 1.291339 1.244094,
        -0.944882 1.330709 1.244094,
        -0.934692 1.329367 1.244094,
        0.904170 1.005558 1.244094,
        -0.591893 0.415702 1.244094,
        -0.590551 0.405512 1.244094,
        0.413386 0.981652 1.244094,
        0.422881 0.977719 1.244094,
        0.591893 0.277212 1.244094,
        -0.975451 -0.358355 1.244094,
        -0.944882 -0.354331 1.244094,
        -0.472441 -0.354331 1.244094,
        -0.358355 -1.251042 1.244094,
        0.422881 -1.326692 1.244094,
        -0.354331 -1.220472 1.244094,
        -0.964567 0.253306 1.244094,
        -0.972721 0.259563 1.244094,
        -0.978978 0.267717 1.244094,
        -0.982911 0.277212 1.244094,
        -0.910786 1.311024 1.244094,
        -0.917043 1.319178 1.244094,
        -0.925197 1.325434 1.244094,
        -0.441872 -0.358355 1.244094,
        0.388924 -0.388924 1.244094,
        -0.413386 -0.370154 1.244094,
        -0.388924 -0.388924 1.244094,
        0.413386 -1.322759 1.244094,
        0.388924 -1.303989 1.244094,
        0.370154 -1.279528 1.244094,
        0.413386 -0.370154 1.244094,
        0.944882 1.330709 1.244094,
        0.905512 1.291339 1.244094,
        0.905512 1.015748 1.244094,
        0.393701 1.330709 1.244094,
        -0.393701 1.330709 1.244094,
        0.393701 1.055118 1.244094,
        -0.393701 1.055118 1.244094,
        -0.393701 1.015748 1.244094,
        -0.370154 -0.413386 1.244094,
        -0.358355 -0.441872 1.244094,
        0.370154 -0.413386 1.244094,
        -0.456581 -1.320243 1.244094,
        -0.463230 -1.313970 1.244094,
        -0.946223 -1.298853 1.244094,
        0.433071 0.976378 1.244094,
        0.629921 0.444882 1.244094,
        0.619731 0.443541 1.244094,
        0.610236 0.439607 1.244094,
        -0.984252 0.287402 1.244094,
        -0.984252 0.405512 1.244094,
        -0.982911 0.415702 1.244094,
        -0.906853 1.301528 1.244094,
        0.866142 0.976378 1.244094,
        0.944882 0.444882 1.244094,
        0.955072 0.443541 1.244094,
        0.472441 -0.354331 1.244094,
        0.619731 0.249373 1.244094,
        0.610236 0.253306 1.244094,
        0.590551 0.287402 1.244094,
        0.590551 0.405512 1.244094,
        0.591893 0.415702 1.244094,
        -0.950156 -1.308348 1.244094,
        -0.439907 -1.327435 1.244094,
        -0.448665 -1.324814 1.244094,
        -0.974062 -1.326692 1.244094,
        -0.984252 -1.328033 1.244094,
        -0.994442 -1.326692 1.244094,
        -1.003937 -1.322759 1.244094,
        -0.591893 0.277212 1.244094,
        -0.595826 0.267717 1.244094,
        -0.602082 0.259563 1.244094,
        -0.610236 0.253306 1.244094,
        -0.619731 0.249373 1.244094,
        0.950156 -1.308348 1.244094,
        -0.413386 -1.322759 1.244094,
        -0.421780 -1.326380 1.244094,
        -1.023913 -1.308245 1.244094,
        -1.040435 -1.289896 1.244094,
        -1.052781 -1.268512 1.244094,
        -0.422881 0.977719 1.244094,
        -0.972721 0.433351 1.244094,
        -0.413386 0.981652 1.244094,
        -0.964567 0.439607 1.244094,
        -0.955072 0.443541 1.244094,
        -0.433071 0.976378 1.244094,
        -0.866142 0.976378 1.244094,
        -0.978978 0.425197 1.244094,
        -0.876331 0.977719 1.244094,
        -0.885827 0.981652 1.244094,
        -0.893981 0.987909 1.244094,
        0.917043 1.319178 1.244094,
        0.925197 1.325434 1.244094,
        0.934692 1.329367 1.244094,
        0.910786 1.311024 1.244094,
        0.906853 1.301528 1.244094,
        -1.060411 -1.245029 1.244094,
        -1.062992 -1.220472 1.244094,
        -1.062992 -0.472441 1.244094,
        -1.058968 -0.441872 1.244094,
        -0.955072 0.249373 1.244094,
        -0.590551 0.287402 1.244094,
        0.358355 -1.251042 1.244094,
        0.354331 -1.220472 1.244094,
        -0.354331 -0.472441 1.244094,
        0.354331 -0.472441 1.244094,
        0.358355 -0.441872 1.244094,
        0.955072 0.249373 1.244094,
        0.944882 0.248031 1.244094,
        0.629921 0.248031 1.244094,
        -0.471380 -1.297743 1.244094,
        -0.468253 -1.306333 1.244094,
        -1.047169 -0.413386 1.244094,
        -1.028398 -0.388924 1.244094,
        -0.944882 0.248031 1.244094,
        -0.629921 0.248031 1.244094,
        0.297518 -0.324473 0.000000,
        0.268711 -0.324473 0.000000,
        0.261509 -0.323272 0.000000,
        0.261509 -0.037020 0.000000,
        0.518454 -0.037020 0.000000,
        0.518454 -0.323272 0.000000,
        1.366142 -0.846457 0.000000,
        1.366142 -1.535433 0.000000,
        1.175197 -0.846457 0.000000,
        1.175197 -1.535433 0.000000,
        0.972441 -0.846457 0.000000,
        0.518454 -1.535433 0.000000,
        0.972441 -0.522523 0.000000,
        0.591893 0.415702 0.000000,
        0.590551 0.405512 0.000000,
        0.518454 0.610236 0.000000,
        0.590551 0.287402 0.000000,
        0.591893 0.277212 0.000000,
        0.984252 0.405512 0.000000,
        0.982911 0.415702 0.000000,
        1.175197 0.610236 0.000000,
        0.972721 0.259563 0.000000,
        0.978978 0.267717 0.000000,
        1.175197 -0.019685 0.000000,
        0.982911 0.277212 0.000000,
        0.595826 0.425197 0.000000,
        0.595826 0.267717 0.000000,
        0.602082 0.259563 0.000000,
        0.610236 0.253306 0.000000,
        0.629921 0.248031 0.000000,
        0.944882 0.248031 0.000000,
        0.972441 -0.019685 0.000000,
        0.955072 0.249373 0.000000,
        0.964567 0.253306 0.000000,
        0.984252 0.287402 0.000000,
        0.978978 0.425197 0.000000,
        0.972721 0.433351 0.000000,
        0.964567 0.439607 0.000000,
        0.619731 0.443541 0.000000,
        0.610236 0.439607 0.000000,
        0.602082 0.433351 0.000000,
        0.955072 0.443541 0.000000,
        0.944882 0.444882 0.000000,
        0.629921 0.444882 0.000000,
        1.366142 0.610236 0.000000,
        1.366142 -0.019685 0.000000,
        -0.629921 0.248031 0.000000,
        -0.619731 0.249373 0.000000,
        -0.470600 -0.037020 0.000000,
        -0.978978 0.425197 0.000000,
        -0.982911 0.415702 0.000000,
        -1.366142 0.610236 0.000000,
        -0.984252 0.405512 0.000000,
        -1.366142 -0.019685 0.000000,
        -0.984252 0.287402 0.000000,
        -0.982911 0.277212 0.000000,
        -0.964567 0.253306 0.000000,
        -0.972441 -0.019685 0.000000,
        -0.955072 0.249373 0.000000,
        -0.944882 0.248031 0.000000,
        -0.591893 0.415702 0.000000,
        -0.595826 0.425197 0.000000,
        -0.470600 0.610236 0.000000,
        -0.602082 0.433351 0.000000,
        -0.610236 0.439607 0.000000,
        -0.955072 0.443541 0.000000,
        -0.964567 0.439607 0.000000,
        -0.972721 0.433351 0.000000,
        -0.978978 0.267717 0.000000,
        -0.972721 0.259563 0.000000,
        -0.610236 0.253306 0.000000,
        -0.602082 0.259563 0.000000,
        -0.595826 0.267717 0.000000,
        -0.619731 0.443541 0.000000,
        -0.629921 0.444882 0.000000,
        -0.944882 0.444882 0.000000,
        -0.591893 0.277212 0.000000,
        -0.590551 0.287402 0.000000,
        -0.590551 0.405512 0.000000,
        -0.972441 -0.846457 0.000000,
        -0.972441 -0.522523 0.000000,
        -0.470600 -0.522523 0.000000,
        -0.972441 -0.323272 0.000000,
        -0.470600 -0.323272 0.000000,
        -0.972441 -0.037020 0.000000,
        -0.470600 -1.535433 0.000000,
        -1.366142 -1.535433 0.000000,
        -1.366142 -0.846457 0.000000,
        -0.086580 -0.356281 0.000000,
        -0.086580 -0.334675 0.000000,
        -0.067376 -0.323272 0.000000,
        -0.107564 -0.326060 0.000000,
        -0.115510 -0.522523 0.000000,
        -0.109340 -0.522098 0.000000,
        -0.067376 -0.522523 0.000000,
        -0.086580 -0.515922 0.000000,
        -0.086580 -0.489515 0.000000,
        -0.108754 -0.499010 0.000000,
        -0.090109 -0.354327 0.000000,
        -0.132680 -0.502118 0.000000,
        -0.152063 -0.499941 0.000000,
        -0.166797 -0.494624 0.000000,
        -0.180422 -0.485509 0.000000,
        -0.192309 -0.472386 0.000000,
        -0.206611 -0.420797 0.000000,
        -0.204618 -0.399487 0.000000,
        -0.199270 -0.382555 0.000000,
        -0.155467 -0.345737 0.000000,
        -0.137106 -0.343678 0.000000,
        -0.169810 -0.351018 0.000000,
        -0.181891 -0.359160 0.000000,
        -0.191128 -0.368906 0.000000,
        -0.110976 -0.346578 0.000000,
        -0.200425 -0.457187 0.000000,
        -0.205672 -0.436113 0.000000,
        -0.132905 -0.523724 0.000000,
        -0.067376 -1.535433 0.000000,
        -0.147607 -0.522523 0.000000,
        -0.241420 -1.535433 0.000000,
        -0.222629 -0.469475 0.000000,
        -0.211091 -0.487880 0.000000,
        -0.241420 -0.522523 0.000000,
        -0.199917 -0.341266 0.000000,
        -0.214703 -0.356833 0.000000,
        -0.241420 -0.323272 0.000000,
        -0.225190 -0.375550 0.000000,
        -0.152321 -0.323272 0.000000,
        -0.165003 -0.324587 0.000000,
        -0.184083 -0.331155 0.000000,
        -0.193319 -0.504972 0.000000,
        -0.174621 -0.515734 0.000000,
        -0.152676 -0.522109 0.000000,
        -0.231115 -0.396387 0.000000,
        -0.233018 -0.419185 0.000000,
        -0.230186 -0.447171 0.000000,
        -0.127455 -0.323272 0.000000,
        -0.135362 -0.322165 0.000000,
        -0.067376 -0.037020 0.000000,
        -0.241420 -0.037020 0.000000,
        -0.140744 -0.322072 0.000000,
        -0.241420 0.610236 0.000000,
        -0.067376 0.610236 0.000000,
        0.076661 -0.037020 0.000000,
        0.261509 0.610236 0.000000,
        0.076661 0.610236 0.000000,
        0.076661 -0.323272 0.000000,
        -0.249822 -0.346078 0.000000,
        -0.249822 -0.324473 0.000000,
        -0.350648 -0.324473 0.000000,
        -0.324241 -0.346078 0.000000,
        -0.324241 -0.521323 0.000000,
        -0.350648 -0.521323 0.000000,
        -0.048170 -0.324473 0.000000,
        -0.048170 -0.521323 0.000000,
        0.052655 -0.521323 0.000000,
        0.076661 -0.522523 0.000000,
        0.052655 -0.499718 0.000000,
        0.047854 -0.413295 0.000000,
        -0.021764 -0.413295 0.000000,
        -0.021764 -0.346078 0.000000,
        0.057456 -0.346078 0.000000,
        0.047854 -0.434901 0.000000,
        -0.021764 -0.434901 0.000000,
        -0.021764 -0.499718 0.000000,
        0.057456 -0.324473 0.000000,
        0.151418 -0.521323 0.000000,
        0.261509 -0.522523 0.000000,
        0.179857 -0.518283 0.000000,
        0.202889 -0.510196 0.000000,
        0.224315 -0.495837 0.000000,
        0.244477 -0.378425 0.000000,
        0.233188 -0.360818 0.000000,
        0.216986 -0.345304 0.000000,
        0.196432 -0.333360 0.000000,
        0.224520 -0.495656 0.000000,
        0.238441 -0.480220 0.000000,
        0.247589 -0.463291 0.000000,
        0.173749 -0.326599 0.000000,
        0.149393 -0.324473 0.000000,
        0.095866 -0.324473 0.000000,
        0.095866 -0.521323 0.000000,
        0.252876 -0.443896 0.000000,
        0.254307 -0.425374 0.000000,
        0.251544 -0.399029 0.000000,
        0.369536 -0.521323 0.000000,
        0.518454 -0.522523 0.000000,
        0.343130 -0.521323 0.000000,
        0.446356 -0.324473 0.000000,
        0.417548 -0.324473 0.000000,
        0.397631 -0.379687 0.000000,
        0.316310 -0.379687 0.000000,
        0.076661 -1.535433 0.000000,
        0.261509 -1.535433 0.000000,
        0.972441 -0.323272 0.000000,
        0.972441 -0.037020 0.000000,
        0.619731 0.249373 0.000000,
        -1.444882 1.330709 1.236140,
        -1.759843 0.740157 0.393701,
        -1.759843 -0.019685 0.393701,
        -1.759843 0.740157 0.496063,
        -1.759843 0.742841 0.516443,
        -1.759843 1.251969 -0.590551,
        -1.759843 0.976378 -0.590551,
        -1.759843 1.330709 -0.511811,
        -1.759843 0.897638 -0.511811,
        -1.759843 1.330709 0.614173,
        -1.759843 0.897638 0.496063,
        -1.759843 1.328026 0.634553,
        -1.759843 0.894955 0.516443,
        -1.759843 -0.363467 -0.078740,
        -1.759843 -0.371333 -0.097731,
        -1.759843 -0.688976 0.708661,
        -1.759843 -0.688976 -0.511811,
        -1.759843 0.779528 0.564254,
        -1.759843 0.763220 0.551741,
        -1.759843 -0.022368 0.729041,
        -1.759843 0.750707 0.535433,
        -1.759843 1.094488 0.703463,
        -1.759843 1.078181 0.715976,
        -1.759843 0.887089 0.535433,
        -1.759843 1.065667 0.732283,
        -1.759843 0.874575 0.551741,
        -1.759843 0.858268 0.564254,
        -1.759843 -0.699526 0.748031,
        -1.759843 -0.098425 0.787402,
        -1.759843 -0.691659 0.729041,
        -1.759843 -0.118805 0.784719,
        -1.759843 -0.295276 -0.039370,
        -1.759843 -0.315655 -0.042053,
        -1.759843 1.057801 0.751274,
        -1.759843 -0.835907 0.748031,
        -1.759843 -1.535433 0.850394,
        -1.759843 -0.823394 0.764339,
        -1.759843 -0.807087 0.776852,
        -1.759843 -0.846457 0.393701,
        -1.759843 -1.535433 0.393701,
        -1.759843 -0.846457 0.708661,
        -1.759843 -0.843774 0.729041,
        -1.759843 -0.334646 -0.049919,
        -1.759843 -0.350953 -0.062433,
        -1.759843 -0.452756 -0.590551,
        -1.759843 -0.610236 -0.590551,
        -1.759843 -0.374016 -0.511811,
        -1.759843 -0.374016 -0.118110,
        -1.759843 -0.059055 0.776852,
        -1.759843 1.055118 0.850394,
        -1.759843 -0.042748 0.764339,
        -1.759843 -0.030234 0.748031,
        -1.759843 -0.712039 0.764339,
        -1.759843 -0.728346 0.776852,
        -1.759843 -0.747337 0.784719,
        -1.759843 -0.767717 0.787402,
        -1.759843 -0.788096 0.784719,
        -1.759843 -0.019685 0.708661,
        -1.759843 1.307646 0.669851,
        -1.759843 1.251969 0.692913,
        -1.759843 1.291339 0.682364,
        -1.759843 1.272348 0.690230,
        -1.759843 1.113479 0.695596,
        -1.759843 1.133858 0.692913,
        -1.759843 1.320159 0.653543,
        -1.759843 -0.137795 0.776852,
        -1.759843 -0.154103 0.764339,
        -1.759843 -0.166616 0.748031,
        -1.759843 1.055118 0.771654,
        -1.759843 0.839277 0.572120,
        -1.759843 0.818898 0.574803,
        -1.759843 0.798518 0.572120,
        -1.759843 -0.078046 0.784719,
        -1.759843 -0.174482 0.729041,
        -1.759843 -0.177165 0.708661,
        -1.759843 -0.177165 0.039370,
        -1.759843 -0.255906 -0.039370,
        -1.759843 -0.235526 -0.036687,
        -1.759843 -0.179848 0.018991,
        -1.759843 -0.187715 0.000000,
        -1.759843 -0.200228 -0.016307,
        -1.759843 -0.216535 -0.028821,
        -1.641732 0.610236 0.112542,
        -1.641732 0.740157 0.112542,
        -1.641732 0.610236 0.393701,
        -1.641732 0.740157 0.496063,
        -1.641732 0.742841 0.516443,
        -1.641732 -0.452756 -0.590551,
        -1.641732 -0.374016 -0.511811,
        -1.641732 -0.610236 -0.590551,
        -1.641732 -0.374016 -0.118110,
        -1.641732 -0.688976 -0.511811,
        -1.641732 -0.688976 0.708661,
        -1.641732 -0.371333 -0.097731,
        -1.641732 -0.363467 -0.078740,
        -1.641732 -0.691659 0.729041,
        -1.641732 -0.350953 -0.062433,
        -1.641732 -0.699526 0.748031,
        -1.641732 -1.535433 0.393701,
        -1.641732 -0.846457 0.393701,
        -1.641732 -1.535433 0.850394,
        -1.641732 -0.846457 0.708661,
        -1.641732 -0.843774 0.729041,
        -1.641732 -0.835907 0.748031,
        -1.641732 -0.823394 0.764339,
        -1.641732 -0.807087 0.776852,
        -1.641732 1.328026 0.634553,
        -1.641732 0.894955 0.516443,
        -1.641732 1.330709 0.614173,
        -1.641732 0.897638 0.496063,
        -1.641732 1.330709 -0.511811,
        -1.641732 1.251969 -0.590551,
        -1.641732 0.976378 -0.590551,
        -1.641732 0.897638 -0.511811,
        -1.641732 -0.174482 0.729041,
        -1.641732 -0.166616 0.748031,
        -1.641732 -0.747337 0.784719,
        -1.641732 -0.154103 0.764339,
        -1.641732 -0.137795 0.776852,
        -1.641732 -0.118805 0.784719,
        -1.641732 -0.098425 0.787402,
        -1.641732 -0.078046 0.784719,
        -1.641732 1.055118 0.850394,
        -1.641732 -0.059055 0.776852,
        -1.641732 -0.042748 0.764339,
        -1.641732 1.307646 0.669851,
        -1.641732 1.291339 0.682364,
        -1.641732 1.320159 0.653543,
        -1.641732 1.133858 0.692913,
        -1.641732 1.251969 0.692913,
        -1.641732 1.272348 0.690230,
        -1.641732 -0.788096 0.784719,
        -1.641732 -0.767717 0.787402,
        -1.641732 0.779528 0.564254,
        -1.641732 0.798518 0.572120,
        -1.641732 1.057801 0.751274,
        -1.641732 0.818898 0.574803,
        -1.641732 0.750707 0.535433,
        -1.641732 0.763220 0.551741,
        -1.641732 -0.019685 0.393701,
        -1.641732 -0.728346 0.776852,
        -1.641732 -0.712039 0.764339,
        -1.641732 1.113479 0.695596,
        -1.641732 1.094488 0.703463,
        -1.641732 0.887089 0.535433,
        -1.641732 1.078181 0.715976,
        -1.641732 0.874575 0.551741,
        -1.641732 1.065667 0.732283,
        -1.641732 0.858268 0.564254,
        -1.641732 0.839277 0.572120,
        -1.641732 -0.030234 0.748031,
        -1.641732 -0.022368 0.729041,
        -1.641732 1.055118 0.771654,
        -1.641732 -0.019685 0.708661,
        -1.641732 -0.187715 0.000000,
        -1.641732 -0.179848 0.018991,
        -1.641732 -0.200228 -0.016307,
        -1.641732 -0.177165 0.039370,
        -1.641732 -0.216535 -0.028821,
        -1.641732 -0.334646 -0.049919,
        -1.641732 -0.315655 -0.042053,
        -1.641732 -0.295276 -0.039370,
        -1.641732 -0.177165 0.708661,
        -1.641732 -0.255906 -0.039370,
        -1.641732 -0.235526 -0.036687,
        -1.453748 -0.019685 0.009871,
        -1.453748 0.610236 0.009871,
        -1.536962 -0.019685 0.038989,
        -1.536962 0.610236 0.038989,
        -1.611610 -0.019685 0.085893,
        -1.611610 0.610236 0.085893,
        -1.673950 0.740157 0.148232,
        -1.673950 -0.019685 0.148232,
        -1.720854 -0.019685 0.222880,
        -1.720854 0.740157 0.222880,
        -1.749972 -0.019685 0.306094,
        -1.749972 0.740157 0.306094,
        -1.749972 -1.535433 0.938000,
        -1.749972 1.055118 0.938000,
        -1.720854 -1.535433 1.021214,
        -1.720854 1.055118 1.021214,
        -1.673950 -1.535433 1.095862,
        -1.673950 1.055118 1.095862,
        -1.611610 -1.535433 1.158202,
        -1.611610 1.055118 1.158202,
        -1.536962 -1.535433 1.205106,
        -1.536962 1.055118 1.205106,
        -1.453748 -1.535433 1.234224,
        -1.453748 1.055118 1.234224,
        -1.444882 1.055118 1.236140,
        -0.677014 1.330709 0.962851,
        -0.677014 1.330709 1.080524,
        0.677014 1.330709 0.962851,
        0.668913 1.330709 0.948819,
        0.677014 1.330709 1.080524,
        -0.668913 1.330709 0.948819,
        -1.453748 -1.535433 0.009871,
        -1.453748 -0.846457 0.009871,
        -1.536962 -1.535433 0.038989,
        -1.536962 -0.846457 0.038989,
        -1.611610 -1.535433 0.085893,
        -1.611610 -0.846457 0.085893,
        -1.673950 -1.535433 0.148232,
        -1.673950 -0.846457 0.148232,
        -1.720854 -1.535433 0.222880,
        -1.720854 -0.846457 0.222880,
        -1.749972 -1.535433 0.306094,
        -1.749972 -0.846457 0.306094,
        -1.632342 -0.846457 0.322373,
        -1.632342 -1.535433 0.322373,
        -1.604810 -0.846457 0.255906,
        -1.604810 -1.535433 0.255906,
        -1.561014 -0.846457 0.198829,
        -1.561014 -1.535433 0.198829,
        -1.503937 -0.846457 0.155032,
        -1.503937 -1.535433 0.155032,
        -1.437470 -0.846457 0.127501,
        -1.437470 -1.535433 0.127501,
        -1.366142 -0.846457 0.118110,
        -1.366142 -1.535433 0.118110,
        -1.574933 -1.555118 1.059185,
        -1.658559 -1.555118 1.083589,
        -1.621858 -1.555118 0.998031,
        -1.703118 -1.555118 1.012673,
        -1.651356 -1.555118 0.926817,
        -1.730780 -1.555118 0.933620,
        -1.661417 -1.555118 0.850394,
        -1.740157 -1.555118 0.850394,
        -1.661417 -1.555118 0.393701,
        -1.740157 -1.555118 0.393701,
        -1.651356 -1.555118 0.317278,
        -1.730780 -1.555118 0.310474,
        -1.621858 -1.555118 0.246063,
        -1.703118 -1.555118 0.231421,
        -1.574933 -1.555118 0.184909,
        1.574933 -1.555118 0.184909,
        1.658559 -1.555118 0.160506,
        1.621858 -1.555118 0.246063,
        1.703118 -1.555118 0.231421,
        1.651356 -1.555118 0.317278,
        1.730780 -1.555118 0.310474,
        1.661417 -1.555118 0.393701,
        1.740157 -1.555118 0.393701,
        1.661417 -1.555118 0.850394,
        1.740157 -1.555118 0.850394,
        1.651356 -1.555118 0.926817,
        1.730780 -1.555118 0.933620,
        1.621858 -1.555118 0.998031,
        1.703118 -1.555118 1.012673,
        1.574933 -1.555118 1.059185,
        -1.658559 -1.555118 0.160506,
        -1.599337 -1.555118 0.101283,
        -1.513780 -1.555118 0.137985,
        -1.528421 -1.555118 0.056724,
        -1.442565 -1.555118 0.108487,
        -1.449368 -1.555118 0.029062,
        -1.366142 -1.555118 0.098425,
        -1.366142 -1.555118 0.019685,
        1.366142 -1.555118 0.098425,
        1.366142 -1.555118 0.019685,
        1.442565 -1.555118 0.108487,
        1.449368 -1.555118 0.029062,
        1.513780 -1.555118 0.137985,
        1.528421 -1.555118 0.056724,
        1.599337 -1.555118 0.101283,
        1.658559 -1.555118 1.083589,
        1.599337 -1.555118 1.142811,
        1.513780 -1.555118 1.106110,
        1.528421 -1.555118 1.187370,
        1.442565 -1.555118 1.135608,
        1.449368 -1.555118 1.215032,
        1.366142 -1.555118 1.145669,
        1.366142 -1.555118 1.224409,
        -1.366142 -1.555118 1.145669,
        -1.366142 -1.555118 1.224409,
        -1.442565 -1.555118 1.135608,
        -1.449368 -1.555118 1.215032,
        -1.513780 -1.555118 1.106110,
        -1.528421 -1.555118 1.187370,
        -1.599337 -1.555118 1.142811,
        0.972441 -0.019685 0.118110,
        1.366142 -0.019685 0.118110,
        1.366142 0.610236 0.118110,
        -0.972441 -0.846457 0.118110,
        -1.366142 0.610236 0.118110,
        -1.366142 -0.019685 0.118110,
        -0.972441 -0.019685 0.118110,
        1.366142 -1.535433 0.118110,
        1.366142 -0.846457 0.118110,
        0.972441 -0.846457 0.118110,
        -1.632342 0.610236 0.322373,
        -1.632342 -0.019685 0.322373,
        -1.604810 0.610236 0.255906,
        -1.604810 -0.019685 0.255906,
        -1.561014 0.610236 0.198829,
        -1.561014 -0.019685 0.198829,
        -1.503937 0.610236 0.155032,
        -1.503937 -0.019685 0.155032,
        -1.437470 0.610236 0.127501,
        -1.437470 -0.019685 0.127501,
        -1.437470 1.055118 1.116594,
        -1.437470 -1.535433 1.116594,
        -1.503937 1.055118 1.089062,
        -1.503937 -1.535433 1.089062,
        -1.561014 1.055118 1.045266,
        -1.561014 -1.535433 1.045266,
        -1.604810 1.055118 0.988189,
        -1.604810 -1.535433 0.988189,
        -1.632342 1.055118 0.921722,
        -1.632342 -1.535433 0.921722,
        -0.669291 0.366142 0.078740,
        -0.669291 0.326772 0.078740,
        -0.905512 0.366142 0.078740,
        -0.905512 0.326772 0.078740,
        -0.641698 0.271585 0.055219,
        -0.933105 0.271585 0.055219,
        -0.930411 0.276972 0.060992,
        -0.644392 0.276972 0.060992,
        -0.924942 0.287912 0.067306,
        -0.649862 0.287912 0.067306,
        -0.919463 0.298870 0.073631,
        -0.655341 0.298870 0.073631,
        -0.915606 0.306583 0.075043,
        -0.659197 0.306583 0.075043,
        -0.937657 0.262481 0.045461,
        -0.637146 0.262481 0.045461,
        -0.939392 0.259011 0.039133,
        -0.631440 0.251068 0.020275,
        -0.941961 0.253872 0.029761,
        -0.632842 0.253872 0.029761,
        -0.635411 0.259011 0.039133,
        -0.630609 0.249408 0.014658,
        -0.944194 0.249408 0.014658,
        -0.943363 0.251068 0.020275,
        -0.953995 0.251008 0.016212,
        -0.944603 0.265470 0.048258,
        -0.935203 0.280143 0.062976,
        -0.928989 0.307989 0.074709,
        -0.931243 0.310396 0.074303,
        -0.924295 0.303294 0.074709,
        -0.926668 0.305616 0.074844,
        -0.921887 0.301040 0.074303,
        -0.933413 0.312821 0.073631,
        -0.925700 0.316678 0.075043,
        -0.952140 0.297081 0.062976,
        -0.955311 0.301872 0.060992,
        -0.944371 0.307342 0.067306,
        -0.939880 0.283833 0.064185,
        -0.944331 0.287952 0.064591,
        -0.948450 0.292404 0.064185,
        -0.966813 0.287680 0.048258,
        -0.969803 0.294626 0.045461,
        -0.960698 0.299178 0.055219,
        -0.951258 0.269682 0.049985,
        -0.957343 0.274941 0.050569,
        -0.962601 0.281025 0.049985,
        -0.976144 0.281643 0.032379,
        -0.978411 0.290322 0.029761,
        -0.973272 0.292892 0.039133,
        -0.950641 0.256139 0.032379,
        -0.958831 0.260331 0.034011,
        -0.966070 0.266213 0.034565,
        -0.971952 0.273453 0.034011,
        -0.981275 0.278288 0.016212,
        -0.982876 0.288090 0.014658,
        -0.981215 0.288920 0.020275,
        -0.963157 0.255026 0.017187,
        -0.971084 0.261200 0.017519,
        -0.977257 0.269126 0.017187,
        -0.593588 0.288920 0.020275,
        -0.591928 0.288090 0.014658,
        -0.593528 0.278288 0.016212,
        -0.614105 0.299178 0.055219,
        -0.605000 0.294626 0.045461,
        -0.607990 0.287680 0.048258,
        -0.630432 0.307342 0.067306,
        -0.619492 0.301872 0.060992,
        -0.622663 0.297081 0.062976,
        -0.650508 0.303294 0.074709,
        -0.652916 0.301040 0.074303,
        -0.645814 0.307989 0.074709,
        -0.648135 0.305616 0.074844,
        -0.641390 0.312821 0.073631,
        -0.643560 0.310396 0.074303,
        -0.649103 0.316678 0.075043,
        -0.639600 0.280143 0.062976,
        -0.626353 0.292404 0.064185,
        -0.630472 0.287952 0.064591,
        -0.634923 0.283833 0.064185,
        -0.630200 0.265470 0.048258,
        -0.612202 0.281025 0.049985,
        -0.617461 0.274941 0.050569,
        -0.623545 0.269682 0.049985,
        -0.624163 0.256139 0.032379,
        -0.598659 0.281643 0.032379,
        -0.602851 0.273453 0.034011,
        -0.608733 0.266213 0.034565,
        -0.615972 0.260331 0.034011,
        -0.601531 0.292892 0.039133,
        -0.596392 0.290322 0.029761,
        -0.620808 0.251008 0.016212,
        -0.597546 0.269126 0.017187,
        -0.603719 0.261200 0.017519,
        -0.611645 0.255026 0.017187,
        -0.973272 0.400022 0.039133,
        -0.969803 0.398287 0.045461,
        -0.960698 0.393735 0.055219,
        -0.955311 0.391042 0.060992,
        -0.944371 0.385571 0.067306,
        -0.933413 0.380093 0.073631,
        -0.925700 0.376236 0.075043,
        -0.978411 0.402591 0.029761,
        -0.981215 0.403993 0.020275,
        -0.982876 0.404824 0.014658,
        -0.591928 0.404824 0.014658,
        -0.593588 0.403993 0.020275,
        -0.596392 0.402591 0.029761,
        -0.601531 0.400022 0.039133,
        -0.605000 0.398287 0.045461,
        -0.614105 0.393735 0.055219,
        -0.619492 0.391042 0.060992,
        -0.630432 0.385571 0.067306,
        -0.641390 0.380093 0.073631,
        -0.649103 0.376236 0.075043,
        -0.981275 0.414625 0.016212,
        -0.966813 0.405233 0.048258,
        -0.952140 0.395833 0.062976,
        -0.924295 0.389619 0.074709,
        -0.921887 0.391873 0.074303,
        -0.928989 0.384925 0.074709,
        -0.926668 0.387298 0.074844,
        -0.931243 0.382517 0.074303,
        -0.919463 0.394043 0.073631,
        -0.915606 0.386330 0.075043,
        -0.935203 0.412770 0.062976,
        -0.930411 0.415941 0.060992,
        -0.924942 0.405001 0.067306,
        -0.948450 0.400510 0.064185,
        -0.944331 0.404961 0.064591,
        -0.939880 0.409080 0.064185,
        -0.944603 0.427443 0.048258,
        -0.937657 0.430433 0.045461,
        -0.933105 0.421328 0.055219,
        -0.962601 0.411888 0.049985,
        -0.957343 0.417972 0.050569,
        -0.951258 0.423231 0.049985,
        -0.950641 0.436774 0.032379,
        -0.941961 0.439041 0.029761,
        -0.939392 0.433902 0.039133,
        -0.976144 0.411270 0.032379,
        -0.971952 0.419461 0.034011,
        -0.966070 0.426700 0.034565,
        -0.958831 0.432582 0.034011,
        -0.953995 0.441905 0.016212,
        -0.944194 0.443506 0.014658,
        -0.943363 0.441845 0.020275,
        -0.977257 0.423788 0.017187,
        -0.971084 0.431714 0.017519,
        -0.963157 0.437887 0.017187,
        -0.631440 0.441845 0.020275,
        -0.630609 0.443506 0.014658,
        -0.620808 0.441905 0.016212,
        -0.641698 0.421328 0.055219,
        -0.637146 0.430433 0.045461,
        -0.630200 0.427443 0.048258,
        -0.649862 0.405001 0.067306,
        -0.644392 0.415941 0.060992,
        -0.639600 0.412770 0.062976,
        -0.645814 0.384925 0.074709,
        -0.643560 0.382517 0.074303,
        -0.650508 0.389619 0.074709,
        -0.648135 0.387298 0.074844,
        -0.655341 0.394043 0.073631,
        -0.652916 0.391873 0.074303,
        -0.659197 0.386330 0.075043,
        -0.622663 0.395833 0.062976,
        -0.634923 0.409080 0.064185,
        -0.630472 0.404961 0.064591,
        -0.626353 0.400510 0.064185,
        -0.607990 0.405233 0.048258,
        -0.623545 0.423231 0.049985,
        -0.617461 0.417972 0.050569,
        -0.612202 0.411888 0.049985,
        -0.598659 0.411270 0.032379,
        -0.624163 0.436774 0.032379,
        -0.615972 0.432582 0.034011,
        -0.608733 0.426700 0.034565,
        -0.602851 0.419461 0.034011,
        -0.635411 0.433902 0.039133,
        -0.632842 0.439041 0.029761,
        -0.593528 0.414625 0.016212,
        -0.611645 0.437887 0.017187,
        -0.603719 0.431714 0.017519,
        -0.597546 0.423788 0.017187,
      ]
    }
    coordIndex [
      0, 1, 2, -1,
      2, 1, 3, -1,
      3, 4, 2, -1,
      2, 4, 5, -1,
      2, 5, 6, -1,
      7, 8, 9, -1,
      6, 10, 2, -1,
      2, 10, 11, -1,
      2, 11, 12, -1,
      12, 11, 13, -1,
      3, 14, 4, -1,
      4, 14, 7, -1,
      4, 7, 15, -1,
      15, 7, 9, -1,
      16, 1, 17, -1,
      17, 1, 0, -1,
      16, 17, 18, -1,
      18, 17, 19, -1,
      20, 18, 21, -1,
      21, 18, 19, -1,
      22, 23, 24, -1,
      24, 23, 25, -1,
      24, 26, 22, -1,
      22, 26, 27, -1,
      28, 27, 29, -1,
      29, 27, 26, -1,
      28, 29, 30, -1,
      30, 29, 31, -1,
      32, 33, 31, -1,
      34, 35, 36, -1,
      31, 33, 30, -1,
      30, 33, 37, -1,
      30, 37, 38, -1,
      39, 40, 41, -1,
      34, 36, 31, -1,
      31, 36, 42, -1,
      31, 42, 32, -1,
      38, 37, 41, -1,
      41, 37, 43, -1,
      41, 43, 39, -1,
      37, 33, 4, -1,
      4, 33, 5, -1,
      44, 23, 45, -1,
      45, 23, 20, -1,
      46, 21, 47, -1,
      47, 21, 25, -1,
      48, 49, 50, -1,
      50, 49, 51, -1,
      50, 51, 52, -1,
      53, 54, 55, -1,
      56, 57, 58, -1,
      58, 57, 59, -1,
      60, 61, 62, -1,
      63, 64, 51, -1,
      51, 64, 65, -1,
      60, 62, 66, -1,
      67, 59, 68, -1,
      68, 59, 69, -1,
      70, 71, 53, -1,
      53, 71, 72, -1,
      53, 72, 73, -1,
      74, 75, 76, -1,
      77, 62, 78, -1,
      78, 62, 79, -1,
      80, 61, 81, -1,
      81, 61, 82, -1,
      83, 84, 59, -1,
      59, 84, 85, -1,
      86, 87, 58, -1,
      58, 87, 88, -1,
      58, 88, 89, -1,
      74, 76, 90, -1,
      91, 92, 62, -1,
      62, 92, 51, -1,
      51, 92, 93, -1,
      51, 93, 63, -1,
      65, 94, 51, -1,
      51, 94, 95, -1,
      51, 95, 96, -1,
      96, 97, 51, -1,
      51, 97, 98, -1,
      51, 98, 52, -1,
      99, 100, 101, -1,
      85, 102, 59, -1,
      59, 102, 103, -1,
      59, 103, 58, -1,
      58, 103, 104, -1,
      58, 104, 86, -1,
      75, 105, 76, -1,
      76, 105, 106, -1,
      76, 106, 62, -1,
      62, 106, 107, -1,
      62, 107, 79, -1,
      108, 109, 110, -1,
      110, 109, 111, -1,
      110, 111, 112, -1,
      113, 114, 62, -1,
      62, 114, 115, -1,
      62, 115, 66, -1,
      59, 116, 117, -1,
      117, 118, 59, -1,
      59, 118, 119, -1,
      59, 119, 120, -1,
      121, 122, 123, -1,
      123, 122, 124, -1,
      125, 126, 127, -1,
      128, 129, 130, -1,
      55, 131, 53, -1,
      53, 131, 132, -1,
      53, 132, 133, -1,
      100, 134, 101, -1,
      101, 134, 135, -1,
      101, 135, 136, -1,
      136, 135, 137, -1,
      138, 139, 123, -1,
      123, 139, 140, -1,
      123, 140, 121, -1,
      127, 141, 125, -1,
      125, 141, 69, -1,
      125, 69, 142, -1,
      61, 143, 82, -1,
      82, 143, 128, -1,
      82, 128, 144, -1,
      144, 128, 130, -1,
      133, 145, 53, -1,
      53, 145, 146, -1,
      53, 146, 70, -1,
      147, 148, 67, -1,
      67, 148, 149, -1,
      67, 149, 59, -1,
      59, 149, 150, -1,
      59, 150, 83, -1,
      151, 152, 76, -1,
      76, 152, 153, -1,
      76, 153, 90, -1,
      77, 154, 155, -1,
      73, 99, 53, -1,
      53, 99, 101, -1,
      53, 101, 76, -1,
      76, 101, 156, -1,
      76, 156, 151, -1,
      47, 25, 23, -1,
      120, 157, 59, -1,
      59, 157, 158, -1,
      59, 158, 69, -1,
      69, 158, 159, -1,
      69, 159, 142, -1,
      91, 160, 161, -1,
      108, 110, 162, -1,
      162, 110, 163, -1,
      162, 163, 164, -1,
      164, 165, 162, -1,
      162, 165, 166, -1,
      162, 166, 167, -1,
      167, 166, 138, -1,
      137, 135, 67, -1,
      67, 135, 168, -1,
      67, 168, 147, -1,
      23, 44, 47, -1,
      47, 44, 169, -1,
      47, 169, 77, -1,
      77, 169, 170, -1,
      77, 170, 154, -1,
      155, 171, 77, -1,
      77, 171, 172, -1,
      77, 172, 62, -1,
      62, 172, 110, -1,
      62, 110, 113, -1,
      113, 110, 112, -1,
      126, 125, 173, -1,
      173, 125, 174, -1,
      173, 174, 124, -1,
      124, 174, 175, -1,
      124, 175, 123, -1,
      80, 176, 61, -1,
      61, 176, 177, -1,
      61, 177, 62, -1,
      62, 177, 178, -1,
      62, 178, 179, -1,
      180, 181, 123, -1,
      123, 181, 182, -1,
      123, 182, 138, -1,
      138, 182, 183, -1,
      138, 183, 167, -1,
      161, 184, 91, -1,
      91, 184, 185, -1,
      91, 185, 186, -1,
      179, 187, 62, -1,
      62, 187, 188, -1,
      62, 188, 189, -1,
      189, 190, 62, -1,
      62, 190, 191, -1,
      62, 191, 192, -1,
      192, 193, 62, -1,
      62, 193, 194, -1,
      62, 194, 91, -1,
      91, 194, 195, -1,
      91, 195, 160, -1,
      186, 185, 196, -1,
      196, 185, 197, -1,
      196, 197, 123, -1,
      123, 197, 198, -1,
      123, 198, 180, -1,
      199, 200, 201, -1,
      199, 201, 202, -1,
      200, 203, 201, -1,
      201, 203, 204, -1,
      201, 204, 205, -1,
      205, 204, 206, -1,
      205, 206, 207, -1,
      208, 209, 210, -1,
      211, 212, 201, -1,
      201, 212, 213, -1,
      201, 213, 202, -1,
      214, 215, 201, -1,
      201, 215, 216, -1,
      201, 216, 211, -1,
      217, 218, 219, -1,
      220, 221, 222, -1,
      222, 221, 223, -1,
      214, 224, 225, -1,
      226, 227, 228, -1,
      229, 230, 231, -1,
      231, 230, 232, -1,
      231, 232, 233, -1,
      234, 235, 236, -1,
      205, 237, 238, -1,
      238, 237, 239, -1,
      240, 241, 242, -1,
      242, 241, 243, -1,
      244, 245, 214, -1,
      214, 245, 246, -1,
      247, 248, 240, -1,
      240, 248, 249, -1,
      240, 249, 241, -1,
      250, 251, 252, -1,
      252, 251, 253, -1,
      252, 253, 254, -1,
      254, 253, 255, -1,
      254, 255, 256, -1,
      217, 219, 257, -1,
      257, 219, 250, -1,
      257, 250, 258, -1,
      258, 250, 252, -1,
      258, 252, 259, -1,
      224, 214, 260, -1,
      260, 214, 246, -1,
      260, 246, 221, -1,
      221, 246, 261, -1,
      221, 261, 223, -1,
      225, 262, 214, -1,
      214, 262, 263, -1,
      214, 263, 215, -1,
      264, 265, 266, -1,
      266, 265, 267, -1,
      266, 267, 231, -1,
      231, 267, 268, -1,
      231, 268, 229, -1,
      269, 270, 271, -1,
      239, 272, 238, -1,
      238, 272, 273, -1,
      238, 273, 274, -1,
      274, 273, 275, -1,
      244, 214, 240, -1,
      240, 214, 276, -1,
      240, 276, 247, -1,
      255, 277, 256, -1,
      256, 277, 278, -1,
      256, 278, 279, -1,
      279, 278, 280, -1,
      281, 282, 227, -1,
      227, 282, 283, -1,
      227, 283, 284, -1,
      270, 269, 285, -1,
      285, 269, 286, -1,
      285, 286, 287, -1,
      288, 289, 205, -1,
      205, 289, 290, -1,
      205, 290, 291, -1,
      292, 293, 294, -1,
      284, 295, 296, -1,
      296, 295, 297, -1,
      296, 297, 298, -1,
      286, 299, 287, -1,
      287, 299, 300, -1,
      287, 300, 301, -1,
      284, 296, 227, -1,
      227, 296, 302, -1,
      227, 302, 228, -1,
      303, 304, 214, -1,
      214, 304, 305, -1,
      214, 305, 276, -1,
      306, 307, 308, -1,
      308, 307, 309, -1,
      308, 309, 259, -1,
      259, 309, 310, -1,
      259, 310, 258, -1,
      298, 311, 296, -1,
      296, 311, 312, -1,
      296, 312, 313, -1,
      314, 315, 316, -1,
      317, 280, 318, -1,
      318, 280, 278, -1,
      318, 278, 319, -1,
      319, 278, 320, -1,
      291, 321, 205, -1,
      205, 321, 322, -1,
      205, 322, 323, -1,
      275, 273, 294, -1,
      294, 273, 324, -1,
      294, 324, 292, -1,
      317, 318, 325, -1,
      325, 318, 326, -1,
      325, 326, 241, -1,
      241, 326, 327, -1,
      241, 327, 243, -1,
      328, 329, 228, -1,
      228, 329, 330, -1,
      228, 330, 226, -1,
      281, 331, 282, -1,
      282, 331, 332, -1,
      282, 332, 210, -1,
      210, 332, 333, -1,
      210, 333, 208, -1,
      234, 236, 334, -1,
      334, 236, 335, -1,
      334, 335, 316, -1,
      316, 335, 336, -1,
      316, 336, 314, -1,
      337, 338, 205, -1,
      205, 338, 339, -1,
      205, 339, 340, -1,
      341, 342, 209, -1,
      209, 342, 343, -1,
      209, 343, 210, -1,
      210, 343, 344, -1,
      210, 344, 345, -1,
      207, 346, 205, -1,
      205, 346, 231, -1,
      205, 231, 269, -1,
      269, 231, 233, -1,
      271, 347, 269, -1,
      269, 347, 348, -1,
      269, 348, 205, -1,
      205, 348, 236, -1,
      205, 236, 337, -1,
      337, 236, 235, -1,
      340, 349, 205, -1,
      205, 349, 350, -1,
      205, 350, 351, -1,
      352, 353, 354, -1,
      354, 353, 355, -1,
      354, 355, 217, -1,
      217, 355, 356, -1,
      217, 356, 218, -1,
      352, 357, 353, -1,
      353, 357, 358, -1,
      353, 358, 359, -1,
      359, 358, 360, -1,
      359, 360, 323, -1,
      323, 360, 361, -1,
      323, 361, 205, -1,
      205, 361, 362, -1,
      205, 362, 237, -1,
      363, 303, 364, -1,
      364, 303, 365, -1,
      363, 366, 303, -1,
      303, 366, 367, -1,
      303, 367, 304, -1,
      351, 368, 205, -1,
      205, 368, 369, -1,
      205, 369, 370, -1,
      370, 371, 205, -1,
      205, 371, 372, -1,
      205, 372, 288, -1,
      320, 278, 209, -1,
      209, 278, 373, -1,
      209, 373, 341, -1,
      301, 374, 287, -1,
      287, 374, 375, -1,
      287, 375, 376, -1,
      376, 375, 377, -1,
      376, 377, 312, -1,
      312, 377, 378, -1,
      312, 378, 313, -1,
      220, 379, 221, -1,
      221, 379, 380, -1,
      221, 380, 328, -1,
      328, 380, 381, -1,
      328, 381, 329, -1,
      20, 21, 45, -1,
      45, 21, 46, -1,
      45, 46, 382, -1,
      382, 46, 316, -1,
      382, 316, 383, -1,
      383, 316, 315, -1,
      371, 384, 372, -1,
      372, 384, 385, -1,
      372, 385, 386, -1,
      386, 385, 210, -1,
      386, 210, 387, -1,
      387, 210, 345, -1,
      388, 389, 390, -1,
      391, 392, 393, -1,
      394, 395, 396, -1,
      396, 395, 397, -1,
      396, 397, 398, -1,
      398, 397, 399, -1,
      398, 399, 400, -1,
      401, 402, 403, -1,
      404, 405, 392, -1,
      406, 407, 408, -1,
      409, 410, 411, -1,
      411, 410, 412, -1,
      401, 403, 413, -1,
      405, 414, 392, -1,
      392, 414, 415, -1,
      392, 415, 416, -1,
      417, 418, 419, -1,
      419, 418, 420, -1,
      419, 420, 411, -1,
      411, 420, 421, -1,
      411, 421, 409, -1,
      406, 408, 422, -1,
      407, 423, 408, -1,
      408, 423, 424, -1,
      408, 424, 425, -1,
      426, 427, 403, -1,
      403, 427, 428, -1,
      403, 428, 413, -1,
      425, 429, 408, -1,
      408, 429, 430, -1,
      408, 430, 403, -1,
      403, 430, 431, -1,
      403, 431, 426, -1,
      432, 433, 408, -1,
      408, 433, 411, -1,
      408, 411, 422, -1,
      422, 411, 412, -1,
      434, 435, 436, -1,
      437, 438, 439, -1,
      439, 438, 440, -1,
      439, 440, 441, -1,
      441, 440, 442, -1,
      441, 442, 443, -1,
      441, 444, 445, -1,
      445, 444, 446, -1,
      445, 446, 447, -1,
      448, 449, 450, -1,
      450, 449, 451, -1,
      450, 451, 452, -1,
      453, 454, 439, -1,
      439, 454, 455, -1,
      439, 455, 437, -1,
      443, 456, 441, -1,
      441, 456, 457, -1,
      441, 457, 444, -1,
      435, 458, 436, -1,
      436, 458, 459, -1,
      436, 459, 460, -1,
      452, 461, 450, -1,
      450, 461, 462, -1,
      450, 462, 439, -1,
      439, 462, 463, -1,
      439, 463, 453, -1,
      460, 464, 436, -1,
      436, 464, 465, -1,
      436, 465, 450, -1,
      450, 465, 466, -1,
      450, 466, 448, -1,
      467, 468, 469, -1,
      469, 468, 470, -1,
      469, 470, 471, -1,
      471, 470, 472, -1,
      471, 472, 436, -1,
      436, 472, 445, -1,
      436, 445, 434, -1,
      434, 445, 447, -1,
      473, 474, 475, -1,
      476, 477, 478, -1,
      478, 477, 479, -1,
      480, 481, 482, -1,
      482, 481, 483, -1,
      482, 483, 484, -1,
      476, 485, 486, -1,
      486, 485, 487, -1,
      486, 487, 488, -1,
      488, 489, 486, -1,
      486, 489, 490, -1,
      486, 490, 491, -1,
      492, 493, 486, -1,
      486, 493, 494, -1,
      495, 496, 497, -1,
      497, 496, 498, -1,
      494, 499, 486, -1,
      486, 499, 498, -1,
      486, 498, 500, -1,
      500, 498, 496, -1,
      491, 501, 486, -1,
      486, 501, 502, -1,
      486, 502, 492, -1,
      503, 504, 505, -1,
      505, 504, 506, -1,
      507, 508, 509, -1,
      510, 511, 512, -1,
      512, 511, 513, -1,
      514, 515, 512, -1,
      512, 515, 516, -1,
      512, 516, 510, -1,
      508, 517, 509, -1,
      509, 517, 518, -1,
      509, 518, 519, -1,
      513, 520, 512, -1,
      512, 520, 521, -1,
      512, 521, 509, -1,
      509, 521, 522, -1,
      509, 522, 507, -1,
      523, 524, 525, -1,
      512, 526, 514, -1,
      514, 526, 525, -1,
      514, 525, 527, -1,
      527, 525, 524, -1,
      526, 528, 525, -1,
      525, 528, 529, -1,
      525, 529, 530, -1,
      402, 404, 403, -1,
      403, 404, 392, -1,
      403, 392, 531, -1,
      531, 392, 391, -1,
      531, 391, 532, -1,
      479, 523, 478, -1,
      478, 523, 525, -1,
      478, 525, 533, -1,
      533, 525, 530, -1,
      533, 530, 390, -1,
      509, 534, 512, -1,
      512, 534, 535, -1,
      512, 535, 536, -1,
      537, 534, 538, -1,
      538, 534, 509, -1,
      538, 509, 539, -1,
      539, 509, 469, -1,
      539, 469, 536, -1,
      536, 469, 471, -1,
      536, 471, 512, -1,
      512, 471, 436, -1,
      512, 436, 526, -1,
      526, 436, 450, -1,
      526, 450, 528, -1,
      540, 541, 482, -1,
      482, 541, 542, -1,
      482, 542, 543, -1,
      543, 542, 544, -1,
      543, 544, 533, -1,
      545, 546, 547, -1,
      547, 548, 545, -1,
      545, 548, 533, -1,
      545, 533, 549, -1,
      549, 533, 544, -1,
      549, 544, 550, -1,
      550, 544, 551, -1,
      548, 552, 533, -1,
      533, 552, 540, -1,
      533, 540, 478, -1,
      478, 540, 482, -1,
      478, 482, 476, -1,
      476, 482, 484, -1,
      476, 484, 485, -1,
      553, 554, 543, -1,
      553, 555, 554, -1,
      554, 555, 556, -1,
      554, 556, 557, -1,
      558, 559, 390, -1,
      390, 559, 560, -1,
      390, 560, 561, -1,
      557, 562, 554, -1,
      554, 562, 563, -1,
      554, 563, 564, -1,
      561, 565, 390, -1,
      390, 565, 566, -1,
      390, 566, 533, -1,
      533, 566, 567, -1,
      533, 567, 543, -1,
      543, 567, 568, -1,
      543, 568, 553, -1,
      564, 569, 554, -1,
      554, 569, 570, -1,
      554, 570, 390, -1,
      390, 570, 571, -1,
      390, 571, 558, -1,
      572, 573, 554, -1,
      390, 389, 554, -1,
      554, 389, 574, -1,
      554, 574, 572, -1,
      573, 572, 393, -1,
      393, 572, 575, -1,
      393, 575, 576, -1,
      577, 578, 576, -1,
      576, 578, 388, -1,
      576, 388, 393, -1,
      393, 388, 390, -1,
      393, 390, 391, -1,
      391, 390, 530, -1,
      391, 530, 532, -1,
      532, 530, 529, -1,
      519, 505, 509, -1,
      509, 505, 506, -1,
      509, 506, 469, -1,
      469, 506, 473, -1,
      469, 473, 467, -1,
      467, 473, 475, -1,
      503, 480, 504, -1,
      504, 480, 482, -1,
      504, 482, 579, -1,
      579, 482, 543, -1,
      579, 543, 580, -1,
      580, 543, 554, -1,
      580, 554, 399, -1,
      399, 554, 573, -1,
      399, 573, 400, -1,
      400, 573, 393, -1,
      400, 393, 581, -1,
      581, 393, 392, -1,
      581, 392, 582, -1,
      582, 392, 416, -1,
      582, 416, 419, -1,
      419, 416, 583, -1,
      419, 583, 417, -1,
      102, 85, 309, -1,
      309, 85, 310, -1,
      274, 131, 238, -1,
      238, 131, 55, -1,
      238, 55, 584, -1,
      585, 586, 587, -1,
      587, 586, 588, -1,
      589, 590, 591, -1,
      591, 590, 592, -1,
      591, 592, 593, -1,
      593, 592, 594, -1,
      593, 594, 595, -1,
      595, 594, 596, -1,
      597, 598, 599, -1,
      599, 598, 600, -1,
      601, 602, 603, -1,
      603, 602, 604, -1,
      605, 596, 606, -1,
      606, 596, 607, -1,
      606, 607, 608, -1,
      608, 607, 609, -1,
      608, 609, 610, -1,
      611, 612, 613, -1,
      613, 612, 614, -1,
      613, 614, 599, -1,
      615, 616, 599, -1,
      617, 608, 603, -1,
      618, 619, 620, -1,
      620, 619, 621, -1,
      622, 623, 624, -1,
      624, 623, 619, -1,
      624, 619, 625, -1,
      625, 619, 618, -1,
      616, 626, 599, -1,
      599, 626, 627, -1,
      599, 627, 597, -1,
      628, 629, 630, -1,
      630, 629, 600, -1,
      630, 600, 631, -1,
      631, 600, 598, -1,
      632, 633, 634, -1,
      634, 633, 635, -1,
      636, 637, 633, -1,
      637, 638, 633, -1,
      633, 638, 639, -1,
      633, 639, 619, -1,
      619, 639, 640, -1,
      619, 640, 621, -1,
      588, 586, 604, -1,
      604, 586, 641, -1,
      604, 641, 603, -1,
      642, 643, 644, -1,
      644, 643, 645, -1,
      605, 646, 596, -1,
      596, 646, 647, -1,
      596, 647, 595, -1,
      595, 647, 643, -1,
      595, 643, 648, -1,
      648, 643, 642, -1,
      614, 649, 599, -1,
      599, 649, 650, -1,
      599, 650, 651, -1,
      635, 633, 603, -1,
      603, 633, 652, -1,
      603, 652, 617, -1,
      610, 653, 608, -1,
      608, 653, 654, -1,
      608, 654, 603, -1,
      603, 654, 655, -1,
      603, 655, 601, -1,
      632, 656, 633, -1,
      633, 656, 612, -1,
      633, 612, 636, -1,
      636, 612, 611, -1,
      651, 657, 599, -1,
      599, 657, 658, -1,
      599, 658, 615, -1,
      615, 658, 659, -1,
      615, 659, 660, -1,
      660, 659, 661, -1,
      662, 663, 664, -1,
      662, 664, 659, -1,
      659, 664, 665, -1,
      659, 665, 661, -1,
      666, 667, 668, -1,
      668, 667, 669, -1,
      668, 669, 670, -1,
      671, 672, 673, -1,
      673, 672, 674, -1,
      673, 674, 675, -1,
      675, 674, 676, -1,
      674, 677, 676, -1,
      676, 677, 678, -1,
      676, 678, 679, -1,
      679, 678, 680, -1,
      679, 680, 681, -1,
      682, 683, 684, -1,
      684, 683, 685, -1,
      684, 685, 686, -1,
      686, 687, 684, -1,
      684, 687, 688, -1,
      684, 688, 689, -1,
      690, 691, 692, -1,
      692, 691, 693, -1,
      694, 692, 695, -1,
      695, 692, 693, -1,
      695, 693, 696, -1,
      696, 693, 697, -1,
      698, 699, 700, -1,
      699, 701, 700, -1,
      700, 701, 702, -1,
      700, 702, 703, -1,
      704, 705, 706, -1,
      706, 705, 707, -1,
      706, 707, 708, -1,
      709, 710, 711, -1,
      711, 710, 690, -1,
      712, 691, 713, -1,
      713, 691, 690, -1,
      713, 690, 714, -1,
      714, 690, 710, -1,
      689, 715, 684, -1,
      684, 715, 716, -1,
      684, 716, 706, -1,
      706, 716, 700, -1,
      706, 700, 704, -1,
      704, 700, 703, -1,
      717, 718, 719, -1,
      719, 718, 720, -1,
      670, 721, 668, -1,
      668, 721, 722, -1,
      668, 722, 723, -1,
      700, 724, 698, -1,
      698, 724, 725, -1,
      698, 725, 681, -1,
      712, 726, 691, -1,
      691, 726, 727, -1,
      691, 727, 728, -1,
      728, 727, 729, -1,
      728, 729, 730, -1,
      730, 729, 731, -1,
      730, 731, 732, -1,
      732, 731, 719, -1,
      732, 719, 733, -1,
      733, 719, 720, -1,
      708, 734, 706, -1,
      706, 734, 735, -1,
      706, 735, 736, -1,
      736, 735, 737, -1,
      736, 737, 719, -1,
      719, 737, 723, -1,
      719, 723, 717, -1,
      717, 723, 722, -1,
      738, 739, 740, -1,
      740, 739, 741, -1,
      740, 741, 742, -1,
      680, 743, 681, -1,
      681, 743, 744, -1,
      681, 744, 698, -1,
      698, 744, 745, -1,
      698, 745, 746, -1,
      746, 745, 747, -1,
      746, 747, 741, -1,
      741, 747, 748, -1,
      741, 748, 742, -1,
      439, 441, 749, -1,
      439, 749, 750, -1,
      750, 749, 751, -1,
      750, 751, 752, -1,
      752, 751, 753, -1,
      752, 753, 754, -1,
      755, 667, 666, -1,
      754, 753, 666, -1,
      666, 753, 756, -1,
      666, 756, 755, -1,
      755, 756, 757, -1,
      755, 757, 758, -1,
      758, 757, 759, -1,
      758, 759, 760, -1,
      760, 759, 586, -1,
      760, 586, 585, -1,
      692, 694, 593, -1,
      593, 694, 591, -1,
      633, 619, 761, -1,
      633, 761, 762, -1,
      762, 761, 763, -1,
      762, 763, 764, -1,
      764, 763, 765, -1,
      764, 765, 766, -1,
      766, 765, 767, -1,
      766, 767, 768, -1,
      768, 767, 769, -1,
      768, 769, 770, -1,
      770, 769, 771, -1,
      770, 771, 772, -1,
      238, 584, 773, -1,
      772, 771, 773, -1,
      773, 771, 205, -1,
      773, 205, 238, -1,
      774, 775, 307, -1,
      776, 777, 57, -1,
      776, 57, 778, -1,
      779, 774, 56, -1,
      56, 774, 307, -1,
      56, 307, 57, -1,
      57, 307, 306, -1,
      57, 306, 778, -1,
      475, 474, 780, -1,
      475, 780, 781, -1,
      781, 780, 782, -1,
      781, 782, 783, -1,
      783, 782, 784, -1,
      783, 784, 785, -1,
      785, 784, 786, -1,
      785, 786, 787, -1,
      787, 786, 788, -1,
      787, 788, 789, -1,
      789, 788, 790, -1,
      789, 790, 791, -1,
      791, 790, 623, -1,
      791, 623, 622, -1,
      683, 682, 792, -1,
      792, 682, 793, -1,
      792, 793, 794, -1,
      794, 793, 795, -1,
      794, 795, 796, -1,
      796, 795, 797, -1,
      796, 797, 798, -1,
      798, 797, 799, -1,
      798, 799, 800, -1,
      800, 799, 801, -1,
      800, 801, 802, -1,
      802, 801, 803, -1,
      804, 805, 806, -1,
      806, 805, 807, -1,
      806, 807, 808, -1,
      808, 807, 809, -1,
      808, 809, 810, -1,
      810, 809, 811, -1,
      810, 811, 812, -1,
      812, 811, 813, -1,
      812, 813, 814, -1,
      814, 813, 815, -1,
      814, 815, 816, -1,
      816, 815, 817, -1,
      816, 817, 818, -1,
      819, 820, 821, -1,
      821, 820, 822, -1,
      821, 822, 823, -1,
      823, 822, 824, -1,
      823, 824, 825, -1,
      825, 824, 826, -1,
      825, 826, 827, -1,
      827, 826, 828, -1,
      827, 828, 829, -1,
      829, 828, 830, -1,
      829, 830, 831, -1,
      831, 830, 832, -1,
      831, 832, 833, -1,
      817, 834, 818, -1,
      818, 834, 835, -1,
      818, 835, 836, -1,
      836, 835, 837, -1,
      836, 837, 838, -1,
      838, 837, 839, -1,
      838, 839, 840, -1,
      840, 839, 841, -1,
      840, 841, 842, -1,
      842, 841, 843, -1,
      842, 843, 844, -1,
      844, 843, 845, -1,
      844, 845, 846, -1,
      846, 845, 847, -1,
      846, 847, 819, -1,
      819, 847, 848, -1,
      819, 848, 820, -1,
      832, 849, 833, -1,
      833, 849, 850, -1,
      833, 850, 851, -1,
      851, 850, 852, -1,
      851, 852, 853, -1,
      853, 852, 854, -1,
      853, 854, 855, -1,
      855, 854, 856, -1,
      855, 856, 857, -1,
      857, 856, 858, -1,
      857, 858, 859, -1,
      859, 858, 860, -1,
      859, 860, 861, -1,
      861, 860, 862, -1,
      861, 862, 804, -1,
      804, 862, 863, -1,
      804, 863, 805, -1,
      864, 865, 866, -1,
      867, 802, 803, -1,
      868, 869, 870, -1,
      871, 872, 873, -1,
      866, 868, 864, -1,
      864, 868, 870, -1,
      864, 870, 873, -1,
      873, 870, 867, -1,
      873, 867, 871, -1,
      871, 867, 803, -1,
      668, 723, 874, -1,
      874, 723, 875, -1,
      874, 875, 876, -1,
      876, 875, 877, -1,
      876, 877, 878, -1,
      878, 877, 879, -1,
      878, 879, 880, -1,
      880, 879, 881, -1,
      880, 881, 882, -1,
      882, 881, 883, -1,
      882, 883, 868, -1,
      868, 883, 869, -1,
      53, 76, 884, -1,
      884, 76, 885, -1,
      884, 885, 886, -1,
      886, 885, 887, -1,
      886, 887, 888, -1,
      888, 887, 889, -1,
      888, 889, 890, -1,
      890, 889, 891, -1,
      890, 891, 892, -1,
      892, 891, 893, -1,
      892, 893, 706, -1,
      706, 893, 684, -1,
      445, 472, 870, -1,
      870, 472, 470, -1,
      870, 470, 867, -1,
      867, 470, 468, -1,
      867, 468, 467, -1,
      867, 467, 802, -1,
      802, 467, 475, -1,
      802, 475, 800, -1,
      800, 475, 781, -1,
      800, 781, 798, -1,
      798, 781, 783, -1,
      798, 783, 796, -1,
      624, 685, 622, -1,
      622, 685, 683, -1,
      622, 683, 791, -1,
      791, 683, 792, -1,
      791, 792, 789, -1,
      789, 792, 794, -1,
      789, 794, 787, -1,
      787, 794, 796, -1,
      787, 796, 785, -1,
      785, 796, 783, -1,
      737, 641, 723, -1,
      723, 641, 586, -1,
      723, 586, 875, -1,
      875, 586, 759, -1,
      875, 759, 877, -1,
      759, 757, 877, -1,
      877, 757, 756, -1,
      877, 756, 879, -1,
      879, 756, 753, -1,
      879, 753, 881, -1,
      881, 753, 751, -1,
      881, 751, 883, -1,
      883, 751, 749, -1,
      883, 749, 869, -1,
      869, 749, 441, -1,
      869, 441, 870, -1,
      870, 441, 445, -1,
      629, 628, 673, -1,
      673, 628, 671, -1,
      675, 676, 600, -1,
      600, 676, 599, -1,
      674, 672, 631, -1,
      631, 672, 630, -1,
      894, 895, 896, -1,
      896, 895, 897, -1,
      747, 745, 660, -1,
      660, 745, 615, -1,
      659, 658, 741, -1,
      741, 658, 746, -1,
      898, 899, 900, -1,
      898, 900, 901, -1,
      901, 900, 902, -1,
      901, 902, 903, -1,
      903, 902, 904, -1,
      903, 904, 905, -1,
      905, 904, 906, -1,
      905, 906, 907, -1,
      907, 906, 897, -1,
      907, 897, 895, -1,
      899, 898, 908, -1,
      908, 898, 909, -1,
      908, 909, 910, -1,
      911, 912, 913, -1,
      913, 912, 910, -1,
      913, 910, 914, -1,
      914, 910, 909, -1,
      434, 447, 915, -1,
      915, 447, 916, -1,
      915, 916, 911, -1,
      911, 916, 917, -1,
      911, 917, 912, -1,
      917, 916, 918, -1,
      899, 908, 919, -1,
      902, 900, 920, -1,
      921, 922, 897, -1,
      923, 924, 897, -1,
      904, 925, 906, -1,
      906, 925, 897, -1,
      923, 897, 925, -1,
      926, 927, 922, -1,
      922, 927, 897, -1,
      924, 921, 897, -1,
      902, 920, 904, -1,
      928, 929, 930, -1,
      904, 920, 925, -1,
      925, 920, 931, -1,
      925, 931, 923, -1,
      923, 931, 932, -1,
      923, 932, 924, -1,
      924, 932, 933, -1,
      924, 933, 921, -1,
      921, 933, 928, -1,
      921, 928, 922, -1,
      922, 928, 930, -1,
      922, 930, 926, -1,
      899, 919, 900, -1,
      934, 935, 936, -1,
      900, 919, 920, -1,
      920, 919, 937, -1,
      920, 937, 931, -1,
      931, 937, 938, -1,
      931, 938, 932, -1,
      932, 938, 939, -1,
      932, 939, 933, -1,
      933, 939, 934, -1,
      933, 934, 928, -1,
      928, 934, 936, -1,
      928, 936, 929, -1,
      940, 941, 942, -1,
      908, 943, 919, -1,
      919, 943, 944, -1,
      919, 944, 937, -1,
      937, 944, 945, -1,
      937, 945, 938, -1,
      938, 945, 946, -1,
      938, 946, 939, -1,
      939, 946, 940, -1,
      939, 940, 934, -1,
      934, 940, 942, -1,
      934, 942, 935, -1,
      908, 910, 943, -1,
      943, 910, 912, -1,
      943, 912, 917, -1,
      947, 948, 949, -1,
      917, 918, 943, -1,
      943, 918, 950, -1,
      943, 950, 944, -1,
      944, 950, 951, -1,
      944, 951, 945, -1,
      945, 951, 952, -1,
      945, 952, 946, -1,
      946, 952, 947, -1,
      946, 947, 940, -1,
      940, 947, 949, -1,
      940, 949, 941, -1,
      442, 948, 443, -1,
      443, 948, 947, -1,
      443, 947, 456, -1,
      456, 947, 952, -1,
      456, 952, 457, -1,
      457, 952, 951, -1,
      457, 951, 444, -1,
      444, 951, 950, -1,
      444, 950, 446, -1,
      446, 950, 918, -1,
      446, 918, 447, -1,
      447, 918, 916, -1,
      953, 954, 955, -1,
      956, 957, 958, -1,
      959, 960, 961, -1,
      962, 963, 895, -1,
      964, 965, 895, -1,
      966, 967, 968, -1,
      968, 967, 895, -1,
      964, 895, 967, -1,
      905, 907, 963, -1,
      963, 907, 895, -1,
      965, 962, 895, -1,
      959, 961, 966, -1,
      969, 901, 903, -1,
      966, 961, 967, -1,
      967, 961, 970, -1,
      967, 970, 964, -1,
      964, 970, 971, -1,
      964, 971, 965, -1,
      965, 971, 972, -1,
      965, 972, 962, -1,
      962, 972, 969, -1,
      962, 969, 963, -1,
      963, 969, 903, -1,
      963, 903, 905, -1,
      956, 958, 960, -1,
      973, 909, 898, -1,
      960, 958, 961, -1,
      961, 958, 974, -1,
      961, 974, 970, -1,
      970, 974, 975, -1,
      970, 975, 971, -1,
      971, 975, 976, -1,
      971, 976, 972, -1,
      972, 976, 973, -1,
      972, 973, 969, -1,
      969, 973, 898, -1,
      969, 898, 901, -1,
      977, 913, 914, -1,
      957, 978, 958, -1,
      958, 978, 979, -1,
      958, 979, 974, -1,
      974, 979, 980, -1,
      974, 980, 975, -1,
      975, 980, 981, -1,
      975, 981, 976, -1,
      976, 981, 977, -1,
      976, 977, 973, -1,
      973, 977, 914, -1,
      973, 914, 909, -1,
      957, 982, 978, -1,
      978, 982, 983, -1,
      978, 983, 953, -1,
      984, 915, 911, -1,
      953, 955, 978, -1,
      978, 955, 985, -1,
      978, 985, 979, -1,
      979, 985, 986, -1,
      979, 986, 980, -1,
      980, 986, 987, -1,
      980, 987, 981, -1,
      981, 987, 984, -1,
      981, 984, 977, -1,
      977, 984, 911, -1,
      977, 911, 913, -1,
      434, 915, 435, -1,
      435, 915, 984, -1,
      435, 984, 458, -1,
      458, 984, 987, -1,
      458, 987, 459, -1,
      459, 987, 986, -1,
      459, 986, 460, -1,
      460, 986, 985, -1,
      460, 985, 464, -1,
      464, 985, 955, -1,
      464, 955, 465, -1,
      465, 955, 954, -1,
      942, 988, 989, -1,
      942, 989, 935, -1,
      935, 989, 990, -1,
      935, 990, 936, -1,
      936, 990, 991, -1,
      936, 991, 929, -1,
      929, 991, 992, -1,
      929, 992, 930, -1,
      930, 992, 993, -1,
      930, 993, 926, -1,
      926, 993, 994, -1,
      926, 994, 927, -1,
      927, 994, 896, -1,
      927, 896, 897, -1,
      988, 942, 995, -1,
      995, 942, 941, -1,
      995, 941, 996, -1,
      941, 949, 996, -1,
      996, 949, 948, -1,
      996, 948, 997, -1,
      997, 948, 442, -1,
      997, 442, 440, -1,
      466, 465, 998, -1,
      998, 465, 954, -1,
      998, 954, 999, -1,
      954, 953, 999, -1,
      999, 953, 983, -1,
      999, 983, 1000, -1,
      1000, 983, 982, -1,
      1000, 982, 1001, -1,
      1001, 982, 1002, -1,
      1002, 982, 957, -1,
      1002, 957, 1003, -1,
      1003, 957, 956, -1,
      1003, 956, 1004, -1,
      1004, 956, 960, -1,
      1004, 960, 1005, -1,
      960, 959, 1005, -1,
      1005, 959, 966, -1,
      1005, 966, 1006, -1,
      1006, 966, 968, -1,
      1006, 968, 1007, -1,
      1007, 968, 895, -1,
      1007, 895, 894, -1,
      996, 997, 1008, -1,
      990, 989, 1009, -1,
      992, 991, 1010, -1,
      1011, 1012, 896, -1,
      1013, 1014, 896, -1,
      993, 1015, 994, -1,
      994, 1015, 896, -1,
      1013, 896, 1015, -1,
      1016, 1017, 1012, -1,
      1012, 1017, 896, -1,
      1014, 1011, 896, -1,
      992, 1010, 993, -1,
      1018, 1019, 1020, -1,
      993, 1010, 1015, -1,
      1015, 1010, 1021, -1,
      1015, 1021, 1013, -1,
      1013, 1021, 1022, -1,
      1013, 1022, 1014, -1,
      1014, 1022, 1023, -1,
      1014, 1023, 1011, -1,
      1011, 1023, 1018, -1,
      1011, 1018, 1012, -1,
      1012, 1018, 1020, -1,
      1012, 1020, 1016, -1,
      990, 1009, 991, -1,
      1024, 1025, 1026, -1,
      991, 1009, 1010, -1,
      1010, 1009, 1027, -1,
      1010, 1027, 1021, -1,
      1021, 1027, 1028, -1,
      1021, 1028, 1022, -1,
      1022, 1028, 1029, -1,
      1022, 1029, 1023, -1,
      1023, 1029, 1024, -1,
      1023, 1024, 1018, -1,
      1018, 1024, 1026, -1,
      1018, 1026, 1019, -1,
      1030, 1031, 1032, -1,
      989, 1033, 1009, -1,
      1009, 1033, 1034, -1,
      1009, 1034, 1027, -1,
      1027, 1034, 1035, -1,
      1027, 1035, 1028, -1,
      1028, 1035, 1036, -1,
      1028, 1036, 1029, -1,
      1029, 1036, 1030, -1,
      1029, 1030, 1024, -1,
      1024, 1030, 1032, -1,
      1024, 1032, 1025, -1,
      989, 988, 1033, -1,
      1033, 988, 995, -1,
      1033, 995, 996, -1,
      1037, 1038, 1039, -1,
      996, 1008, 1033, -1,
      1033, 1008, 1040, -1,
      1033, 1040, 1034, -1,
      1034, 1040, 1041, -1,
      1034, 1041, 1035, -1,
      1035, 1041, 1042, -1,
      1035, 1042, 1036, -1,
      1036, 1042, 1037, -1,
      1036, 1037, 1030, -1,
      1030, 1037, 1039, -1,
      1030, 1039, 1031, -1,
      463, 1038, 453, -1,
      453, 1038, 1037, -1,
      453, 1037, 454, -1,
      454, 1037, 1042, -1,
      454, 1042, 455, -1,
      455, 1042, 1041, -1,
      455, 1041, 437, -1,
      437, 1041, 1040, -1,
      437, 1040, 438, -1,
      438, 1040, 1008, -1,
      438, 1008, 440, -1,
      440, 1008, 997, -1,
      1043, 1044, 1045, -1,
      1046, 1047, 1048, -1,
      1049, 1050, 1051, -1,
      1052, 1053, 894, -1,
      1054, 1055, 894, -1,
      1056, 1057, 1058, -1,
      1058, 1057, 894, -1,
      1054, 894, 1057, -1,
      1006, 1007, 1053, -1,
      1053, 1007, 894, -1,
      1055, 1052, 894, -1,
      1049, 1051, 1056, -1,
      1059, 1004, 1005, -1,
      1056, 1051, 1057, -1,
      1057, 1051, 1060, -1,
      1057, 1060, 1054, -1,
      1054, 1060, 1061, -1,
      1054, 1061, 1055, -1,
      1055, 1061, 1062, -1,
      1055, 1062, 1052, -1,
      1052, 1062, 1059, -1,
      1052, 1059, 1053, -1,
      1053, 1059, 1005, -1,
      1053, 1005, 1006, -1,
      1046, 1048, 1050, -1,
      1063, 1002, 1003, -1,
      1050, 1048, 1051, -1,
      1051, 1048, 1064, -1,
      1051, 1064, 1060, -1,
      1060, 1064, 1065, -1,
      1060, 1065, 1061, -1,
      1061, 1065, 1066, -1,
      1061, 1066, 1062, -1,
      1062, 1066, 1063, -1,
      1062, 1063, 1059, -1,
      1059, 1063, 1003, -1,
      1059, 1003, 1004, -1,
      1067, 1000, 1001, -1,
      1047, 1068, 1048, -1,
      1048, 1068, 1069, -1,
      1048, 1069, 1064, -1,
      1064, 1069, 1070, -1,
      1064, 1070, 1065, -1,
      1065, 1070, 1071, -1,
      1065, 1071, 1066, -1,
      1066, 1071, 1067, -1,
      1066, 1067, 1063, -1,
      1063, 1067, 1001, -1,
      1063, 1001, 1002, -1,
      1047, 1072, 1068, -1,
      1068, 1072, 1073, -1,
      1068, 1073, 1043, -1,
      1074, 998, 999, -1,
      1043, 1045, 1068, -1,
      1068, 1045, 1075, -1,
      1068, 1075, 1069, -1,
      1069, 1075, 1076, -1,
      1069, 1076, 1070, -1,
      1070, 1076, 1077, -1,
      1070, 1077, 1071, -1,
      1071, 1077, 1074, -1,
      1071, 1074, 1067, -1,
      1067, 1074, 999, -1,
      1067, 999, 1000, -1,
      466, 998, 448, -1,
      448, 998, 1074, -1,
      448, 1074, 449, -1,
      449, 1074, 1077, -1,
      449, 1077, 451, -1,
      451, 1077, 1076, -1,
      451, 1076, 452, -1,
      452, 1076, 1075, -1,
      452, 1075, 461, -1,
      461, 1075, 1045, -1,
      461, 1045, 462, -1,
      462, 1045, 1044, -1,
      896, 1017, 894, -1,
      894, 1017, 1058, -1,
      1058, 1017, 1056, -1,
      1056, 1017, 1016, -1,
      1056, 1016, 1049, -1,
      1039, 1073, 1031, -1,
      1031, 1073, 1072, -1,
      1031, 1072, 1032, -1,
      1032, 1072, 1047, -1,
      1032, 1047, 1025, -1,
      1025, 1047, 1046, -1,
      1025, 1046, 1026, -1,
      1026, 1046, 1050, -1,
      1026, 1050, 1019, -1,
      1019, 1050, 1049, -1,
      1019, 1049, 1020, -1,
      1020, 1049, 1016, -1,
      463, 462, 1038, -1,
      1038, 462, 1044, -1,
      1038, 1044, 1039, -1,
      1039, 1044, 1043, -1,
      1039, 1043, 1073, -1,
    ]
  }
}

Shape {
  appearance Appearance {
    material Material {
      diffuseColor 0.5020 0.2510 0.0000
      specularColor 0.4431 0.2196 0.0000
      ambientIntensity 0.2
      transparency 0.0000
      shininess 0.5
    }
  }
  geometry IndexedFaceSet {
    ccw TRUE
    solid FALSE
    coord DEF co Coordinate {
      point [
        0.518454 0.610236 0.000000,
        1.175197 0.610236 0.000000,
        1.366142 0.610236 0.000000,
        -1.366142 0.610236 0.000000,
        -0.470600 0.610236 0.000000,
        -0.241420 0.610236 0.000000,
        -0.067376 0.610236 0.000000,
        0.261509 0.610236 0.000000,
        0.076661 0.610236 0.000000,
        -1.641732 0.610236 0.112542,
        -1.641732 0.610236 0.393701,
        -1.453748 0.610236 0.009871,
        -1.536962 0.610236 0.038989,
        -1.611610 0.610236 0.085893,
        1.366142 0.610236 0.118110,
        -1.366142 0.610236 0.118110,
        -1.632342 0.610236 0.322373,
        -1.604810 0.610236 0.255906,
        -1.561014 0.610236 0.198829,
        -1.503937 0.610236 0.155032,
        -1.437470 0.610236 0.127501,
        1.632342 0.610236 0.322373,
        1.641732 0.610236 0.393701,
        1.641732 0.610236 0.112542,
        1.453748 0.610236 0.009871,
        1.437470 0.610236 0.127501,
        1.536962 0.610236 0.038989,
        1.503937 0.610236 0.155032,
        1.611610 0.610236 0.085893,
        1.561014 0.610236 0.198829,
        1.604810 0.610236 0.255906,
      ]
    }
    coordIndex [
      21, 22, 23, -1,
      9, 10, 16, -1,
      16, 17, 9, -1,
      9, 17, 18, -1,
      9, 18, 13, -1,
      13, 18, 19, -1,
      2, 14, 24, -1,
      24, 14, 25, -1,
      24, 25, 26, -1,
      26, 25, 27, -1,
      26, 27, 28, -1,
      28, 27, 29, -1,
      28, 29, 23, -1,
      23, 29, 30, -1,
      23, 30, 21, -1,
      2, 1, 14, -1,
      14, 1, 0, -1,
      14, 0, 7, -1,
      7, 8, 14, -1,
      14, 8, 6, -1,
      14, 6, 15, -1,
      15, 6, 5, -1,
      5, 4, 15, -1,
      15, 4, 3, -1,
      15, 3, 20, -1,
      20, 3, 11, -1,
      20, 11, 19, -1,
      19, 11, 12, -1,
      19, 12, 13, -1,
    ]
  }
}

Shape {
  appearance Appearance {
    material Material {
      diffuseColor 0.7529 0.7529 0.7529
      specularColor 0.3765 0.3765 0.3765
      ambientIntensity 0.2
      transparency 0.0000
      shininess 0.5
    }
  }
  geometry IndexedFaceSet {
    ccw TRUE
    solid FALSE
    coord DEF co Coordinate {
      point [
        1.444882 1.330709 1.125984,
        1.444882 1.055118 1.125984,
        0.944882 1.330709 1.125984,
        1.366142 1.055118 1.125984,
        0.934692 1.329367 1.125984,
        -1.366142 1.055118 1.125984,
        -1.444882 1.055118 1.125984,
        -1.444882 1.330709 1.125984,
        -0.362053 1.330709 1.125984,
        0.362053 1.330709 1.125984,
        -0.362053 1.094488 1.125984,
        0.362053 1.094488 1.125984,
        1.366142 -1.535433 1.125984,
        0.900237 0.996063 1.125984,
        0.904170 1.005558 1.125984,
        0.905512 1.015748 1.125984,
        -0.906853 1.301528 1.125984,
        -0.905512 1.291339 1.125984,
        -0.905512 1.015748 1.125984,
        -0.904170 1.005558 1.125984,
        -0.398975 0.996063 1.125984,
        -0.395042 1.005558 1.125984,
        -0.393701 1.015748 1.125984,
        -0.405232 1.082957 1.125984,
        -0.413386 1.089214 1.125984,
        -0.422881 1.093146 1.125984,
        -0.433071 1.094488 1.125984,
        0.876331 0.977719 1.125984,
        0.885827 0.981652 1.125984,
        0.893981 0.987909 1.125984,
        0.905512 1.291339 1.125984,
        0.906853 1.301528 1.125984,
        0.910786 1.311024 1.125984,
        0.917043 1.319178 1.125984,
        0.925197 1.325434 1.125984,
        -0.900237 0.996063 1.125984,
        -0.893981 0.987909 1.125984,
        -0.393701 1.055118 1.125984,
        -0.395042 1.065308 1.125984,
        -0.398975 1.074803 1.125984,
        0.433071 1.094488 1.125984,
        0.422881 1.093146 1.125984,
        0.413386 1.089214 1.125984,
        0.405232 1.082957 1.125984,
        0.398975 1.074803 1.125984,
        0.422881 0.977719 1.125984,
        0.398975 0.996063 1.125984,
        -0.944882 1.330709 1.125984,
        -0.934692 1.329367 1.125984,
        -0.925197 1.325434 1.125984,
        -0.885827 0.981652 1.125984,
        -0.876331 0.977719 1.125984,
        0.395042 1.005558 1.125984,
        -0.917043 1.319178 1.125984,
        -0.910786 1.311024 1.125984,
        -0.433071 0.976378 1.125984,
        -0.422881 0.977719 1.125984,
        -0.413386 0.981652 1.125984,
        -0.405232 0.987909 1.125984,
        0.395042 1.065308 1.125984,
        0.393701 1.055118 1.125984,
        0.393701 1.015748 1.125984,
        -0.866142 0.976378 1.125984,
        0.405232 0.987909 1.125984,
        0.413386 0.981652 1.125984,
        0.866142 0.976378 1.125984,
        0.433071 0.976378 1.125984,
        1.366142 -1.535433 1.244094,
        0.595826 0.425197 1.244094,
        0.602082 0.433351 1.244094,
        1.366142 1.330709 1.244094,
        -0.405232 0.987909 1.244094,
        -0.944882 0.444882 1.244094,
        -0.629921 0.444882 1.244094,
        0.964567 0.253306 1.244094,
        0.972721 0.259563 1.244094,
        0.978978 0.267717 1.244094,
        0.602082 0.259563 1.244094,
        0.595826 0.267717 1.244094,
        -0.900237 0.996063 1.244094,
        -0.904170 1.005558 1.244094,
        0.978978 0.425197 1.244094,
        0.876331 0.977719 1.244094,
        0.972721 0.433351 1.244094,
        0.964567 0.439607 1.244094,
        0.982911 0.415702 1.244094,
        0.984252 0.405512 1.244094,
        0.984252 0.287402 1.244094,
        0.900237 0.996063 1.244094,
        0.893981 0.987909 1.244094,
        0.885827 0.981652 1.244094,
        -0.619731 0.443541 1.244094,
        -0.610236 0.439607 1.244094,
        0.395042 1.005558 1.244094,
        -0.602082 0.433351 1.244094,
        0.398975 0.996063 1.244094,
        -0.595826 0.425197 1.244094,
        0.405232 0.987909 1.244094,
        -0.398975 0.996063 1.244094,
        -0.395042 1.005558 1.244094,
        0.393701 1.015748 1.244094,
        0.982911 0.277212 1.244094,
        -0.905512 1.015748 1.244094,
        -0.905512 1.291339 1.244094,
        -0.944882 1.330709 1.244094,
        -0.934692 1.329367 1.244094,
        0.904170 1.005558 1.244094,
        -0.591893 0.415702 1.244094,
        -0.590551 0.405512 1.244094,
        0.413386 0.981652 1.244094,
        0.422881 0.977719 1.244094,
        0.591893 0.277212 1.244094,
        -0.964567 0.253306 1.244094,
        -0.972721 0.259563 1.244094,
        -0.978978 0.267717 1.244094,
        -0.982911 0.277212 1.244094,
        -0.910786 1.311024 1.244094,
        -0.917043 1.319178 1.244094,
        -0.925197 1.325434 1.244094,
        0.944882 1.330709 1.244094,
        0.905512 1.291339 1.244094,
        0.905512 1.015748 1.244094,
        0.393701 1.330709 1.244094,
        -0.393701 1.330709 1.244094,
        0.393701 1.055118 1.244094,
        -0.393701 1.055118 1.244094,
        -0.393701 1.015748 1.244094,
        0.433071 0.976378 1.244094,
        0.629921 0.444882 1.244094,
        0.619731 0.443541 1.244094,
        0.610236 0.439607 1.244094,
        -0.984252 0.287402 1.244094,
        -0.984252 0.405512 1.244094,
        -0.982911 0.415702 1.244094,
        -0.906853 1.301528 1.244094,
        0.866142 0.976378 1.244094,
        0.944882 0.444882 1.244094,
        0.955072 0.443541 1.244094,
        0.619731 0.249373 1.244094,
        0.610236 0.253306 1.244094,
        0.590551 0.287402 1.244094,
        0.590551 0.405512 1.244094,
        0.591893 0.415702 1.244094,
        -0.591893 0.277212 1.244094,
        -0.595826 0.267717 1.244094,
        -0.602082 0.259563 1.244094,
        -0.610236 0.253306 1.244094,
        -0.619731 0.249373 1.244094,
        -0.422881 0.977719 1.244094,
        -0.972721 0.433351 1.244094,
        -0.413386 0.981652 1.244094,
        -0.964567 0.439607 1.244094,
        -0.955072 0.443541 1.244094,
        -0.433071 0.976378 1.244094,
        -0.866142 0.976378 1.244094,
        -0.978978 0.425197 1.244094,
        -0.876331 0.977719 1.244094,
        -0.885827 0.981652 1.244094,
        -0.893981 0.987909 1.244094,
        0.917043 1.319178 1.244094,
        0.925197 1.325434 1.244094,
        0.934692 1.329367 1.244094,
        0.910786 1.311024 1.244094,
        0.906853 1.301528 1.244094,
        -0.955072 0.249373 1.244094,
        -0.590551 0.287402 1.244094,
        0.955072 0.249373 1.244094,
        0.944882 0.248031 1.244094,
        0.629921 0.248031 1.244094,
        -0.944882 0.248031 1.244094,
        -0.629921 0.248031 1.244094,
        1.366142 -0.846457 0.000000,
        1.366142 -1.535433 0.000000,
        1.175197 -0.846457 0.000000,
        0.972441 -0.846457 0.000000,
        0.972441 -0.522523 0.000000,
        0.591893 0.415702 0.000000,
        0.590551 0.405512 0.000000,
        0.590551 0.287402 0.000000,
        0.591893 0.277212 0.000000,
        0.984252 0.405512 0.000000,
        0.982911 0.415702 0.000000,
        0.972721 0.259563 0.000000,
        0.978978 0.267717 0.000000,
        1.175197 -0.019685 0.000000,
        0.982911 0.277212 0.000000,
        0.595826 0.425197 0.000000,
        0.595826 0.267717 0.000000,
        0.602082 0.259563 0.000000,
        0.610236 0.253306 0.000000,
        0.629921 0.248031 0.000000,
        0.944882 0.248031 0.000000,
        0.972441 -0.019685 0.000000,
        0.955072 0.249373 0.000000,
        0.964567 0.253306 0.000000,
        0.984252 0.287402 0.000000,
        0.978978 0.425197 0.000000,
        0.972721 0.433351 0.000000,
        0.964567 0.439607 0.000000,
        0.619731 0.443541 0.000000,
        0.610236 0.439607 0.000000,
        0.602082 0.433351 0.000000,
        0.955072 0.443541 0.000000,
        0.944882 0.444882 0.000000,
        0.629921 0.444882 0.000000,
        1.366142 0.610236 0.000000,
        1.366142 -0.019685 0.000000,
        0.972441 -0.323272 0.000000,
        0.972441 -0.037020 0.000000,
        0.619731 0.249373 0.000000,
        -1.444882 1.330709 1.236140,
        -1.759843 0.740157 0.393701,
        -1.759843 0.740157 0.496063,
        -1.759843 0.742841 0.516443,
        -1.759843 1.251969 -0.590551,
        -1.759843 0.976378 -0.590551,
        -1.759843 1.330709 -0.511811,
        -1.759843 0.897638 -0.511811,
        -1.759843 1.330709 0.614173,
        -1.759843 0.897638 0.496063,
        -1.759843 1.328026 0.634553,
        -1.759843 0.894955 0.516443,
        -1.759843 -0.688976 0.708661,
        -1.759843 0.779528 0.564254,
        -1.759843 0.763220 0.551741,
        -1.759843 -0.022368 0.729041,
        -1.759843 0.750707 0.535433,
        -1.759843 1.094488 0.703463,
        -1.759843 1.078181 0.715976,
        -1.759843 0.887089 0.535433,
        -1.759843 1.065667 0.732283,
        -1.759843 0.874575 0.551741,
        -1.759843 0.858268 0.564254,
        -1.759843 -0.699526 0.748031,
        -1.759843 -0.098425 0.787402,
        -1.759843 -0.691659 0.729041,
        -1.759843 -0.118805 0.784719,
        -1.759843 1.057801 0.751274,
        -1.759843 -0.835907 0.748031,
        -1.759843 -0.823394 0.764339,
        -1.759843 -0.807087 0.776852,
        -1.759843 -0.846457 0.708661,
        -1.759843 -0.843774 0.729041,
        -1.759843 -0.059055 0.776852,
        -1.759843 1.055118 0.850394,
        -1.759843 -0.042748 0.764339,
        -1.759843 -0.030234 0.748031,
        -1.759843 -0.712039 0.764339,
        -1.759843 -0.728346 0.776852,
        -1.759843 -0.747337 0.784719,
        -1.759843 -0.767717 0.787402,
        -1.759843 -0.788096 0.784719,
        -1.759843 -0.019685 0.708661,
        -1.759843 1.307646 0.669851,
        -1.759843 1.251969 0.692913,
        -1.759843 1.291339 0.682364,
        -1.759843 1.272348 0.690230,
        -1.759843 1.113479 0.695596,
        -1.759843 1.133858 0.692913,
        -1.759843 1.320159 0.653543,
        -1.759843 -0.137795 0.776852,
        -1.759843 -0.154103 0.764339,
        -1.759843 -0.166616 0.748031,
        -1.759843 1.055118 0.771654,
        -1.759843 0.839277 0.572120,
        -1.759843 0.818898 0.574803,
        -1.759843 0.798518 0.572120,
        -1.759843 -0.078046 0.784719,
        -1.759843 -0.174482 0.729041,
        -1.759843 -0.177165 0.708661,
        -1.641732 0.740157 0.112542,
        -1.641732 0.740157 0.496063,
        -1.641732 0.742841 0.516443,
        -1.641732 -0.688976 0.708661,
        -1.641732 -0.691659 0.729041,
        -1.641732 -0.699526 0.748031,
        -1.641732 -0.846457 0.708661,
        -1.641732 -0.843774 0.729041,
        -1.641732 -0.835907 0.748031,
        -1.641732 -0.823394 0.764339,
        -1.641732 -0.807087 0.776852,
        -1.641732 1.328026 0.634553,
        -1.641732 0.894955 0.516443,
        -1.641732 1.330709 0.614173,
        -1.641732 0.897638 0.496063,
        -1.641732 1.330709 -0.511811,
        -1.641732 1.251969 -0.590551,
        -1.641732 0.976378 -0.590551,
        -1.641732 0.897638 -0.511811,
        -1.641732 -0.174482 0.729041,
        -1.641732 -0.166616 0.748031,
        -1.641732 -0.747337 0.784719,
        -1.641732 -0.154103 0.764339,
        -1.641732 -0.137795 0.776852,
        -1.641732 -0.118805 0.784719,
        -1.641732 -0.098425 0.787402,
        -1.641732 -0.078046 0.784719,
        -1.641732 1.055118 0.850394,
        -1.641732 -0.059055 0.776852,
        -1.641732 -0.042748 0.764339,
        -1.641732 1.307646 0.669851,
        -1.641732 1.291339 0.682364,
        -1.641732 1.320159 0.653543,
        -1.641732 1.133858 0.692913,
        -1.641732 1.251969 0.692913,
        -1.641732 1.272348 0.690230,
        -1.641732 -0.788096 0.784719,
        -1.641732 -0.767717 0.787402,
        -1.641732 0.779528 0.564254,
        -1.641732 0.798518 0.572120,
        -1.641732 1.057801 0.751274,
        -1.641732 0.818898 0.574803,
        -1.641732 0.750707 0.535433,
        -1.641732 0.763220 0.551741,
        -1.641732 -0.728346 0.776852,
        -1.641732 -0.712039 0.764339,
        -1.641732 1.113479 0.695596,
        -1.641732 1.094488 0.703463,
        -1.641732 0.887089 0.535433,
        -1.641732 1.078181 0.715976,
        -1.641732 0.874575 0.551741,
        -1.641732 1.065667 0.732283,
        -1.641732 0.858268 0.564254,
        -1.641732 0.839277 0.572120,
        -1.641732 -0.030234 0.748031,
        -1.641732 -0.022368 0.729041,
        -1.641732 1.055118 0.771654,
        -1.641732 -0.019685 0.708661,
        -1.641732 -0.177165 0.708661,
        -1.673950 0.740157 0.148232,
        -1.720854 0.740157 0.222880,
        -1.749972 0.740157 0.306094,
        -1.749972 1.055118 0.938000,
        -1.720854 1.055118 1.021214,
        -1.673950 1.055118 1.095862,
        -1.611610 1.055118 1.158202,
        -1.536962 1.055118 1.205106,
        -1.453748 1.055118 1.234224,
        -1.444882 1.055118 1.236140,
        -0.677014 1.330709 0.962851,
        -0.677014 1.330709 1.080524,
        0.677014 1.330709 0.962851,
        0.668913 1.330709 0.948819,
        0.677014 1.330709 1.080524,
        -0.668913 1.330709 0.948819,
        0.972441 -0.019685 0.118110,
        1.366142 -0.019685 0.118110,
        1.366142 0.610236 0.118110,
        1.366142 -1.535433 0.118110,
        1.366142 -0.846457 0.118110,
        0.972441 -0.846457 0.118110,
        -1.437470 1.055118 1.116594,
        -1.503937 1.055118 1.089062,
        -1.561014 1.055118 1.045266,
        -1.604810 1.055118 0.988189,
        -1.632342 1.055118 0.921722,
        1.632342 0.610236 0.322373,
        1.641732 0.610236 0.393701,
        1.641732 0.610236 0.112542,
        1.453748 0.610236 0.009871,
        1.437470 0.610236 0.127501,
        1.536962 0.610236 0.038989,
        1.503937 0.610236 0.155032,
        1.611610 0.610236 0.085893,
        1.561014 0.610236 0.198829,
        1.604810 0.610236 0.255906,
        -0.422881 1.093146 1.227247,
        -0.413386 1.089214 1.232730,
        -0.405232 1.082957 1.237437,
        -0.677014 1.094488 1.080524,
        -0.433071 1.094488 1.221364,
        -0.396698 1.070184 1.242364,
        -0.395042 1.065308 1.243320,
        -0.394037 1.060257 1.243900,
        -0.401837 1.079085 1.239397,
        -0.398975 1.074803 1.241049,
        -0.677014 1.095616 0.944142,
        -0.677014 1.329581 0.944142,
        -0.668913 1.094488 0.948819,
        -0.677014 1.094488 0.962851,
        -0.669291 0.366142 1.165354,
        -0.905512 0.366142 1.165354,
        -0.669291 0.326772 1.165354,
        -0.905512 0.326772 1.165354,
        -0.924295 0.303294 1.169386,
        -0.921887 0.301040 1.169791,
        -0.935203 0.280143 1.181119,
        -0.939392 0.259011 1.204961,
        -0.937657 0.262481 1.198634,
        -0.944603 0.265470 1.195836,
        -0.943363 0.251068 1.223820,
        -0.941961 0.253872 1.214333,
        -0.950641 0.256139 1.211716,
        -0.981275 0.278288 1.227883,
        -0.982876 0.288090 1.229437,
        -0.944194 0.249408 1.229437,
        -0.953995 0.251008 1.227883,
        -0.963157 0.255026 1.226908,
        -0.958831 0.260331 1.210083,
        -0.981215 0.288920 1.223820,
        -0.976144 0.281643 1.211716,
        -0.978411 0.290322 1.214333,
        -0.971084 0.261200 1.226576,
        -0.966070 0.266213 1.209529,
        -0.957343 0.274941 1.193525,
        -0.977257 0.269126 1.226908,
        -0.971952 0.273453 1.210083,
        -0.962601 0.281025 1.194109,
        -0.948450 0.292404 1.179909,
        -0.966813 0.287680 1.195836,
        -0.952140 0.297081 1.181119,
        -0.955311 0.301872 1.183103,
        -0.960698 0.299178 1.188876,
        -0.969803 0.294626 1.198634,
        -0.973272 0.292892 1.204961,
        -0.919463 0.298870 1.170463,
        -0.924942 0.287912 1.176788,
        -0.930411 0.276972 1.183103,
        -0.933105 0.271585 1.188876,
        -0.939880 0.283833 1.179909,
        -0.926668 0.305616 1.169250,
        -0.931243 0.310396 1.169791,
        -0.915606 0.306583 1.169051,
        -0.925700 0.316678 1.169051,
        -0.933413 0.312821 1.170463,
        -0.944371 0.307342 1.176788,
        -0.951258 0.269682 1.194109,
        -0.944331 0.287952 1.179503,
        -0.928989 0.307989 1.169386,
        -0.637146 0.262481 1.198634,
        -0.641698 0.271585 1.188876,
        -0.644392 0.276972 1.183103,
        -0.649862 0.287912 1.176788,
        -0.655341 0.298870 1.170463,
        -0.659197 0.306583 1.169051,
        -0.630609 0.249408 1.229437,
        -0.631440 0.251068 1.223820,
        -0.632842 0.253872 1.214333,
        -0.635411 0.259011 1.204961,
        -0.982876 0.404824 1.229437,
        -0.981215 0.403993 1.223820,
        -0.978411 0.402591 1.214333,
        -0.973272 0.400022 1.204961,
        -0.969803 0.398287 1.198634,
        -0.960698 0.393735 1.188876,
        -0.955311 0.391042 1.183103,
        -0.944371 0.385571 1.176788,
        -0.933413 0.380093 1.170463,
        -0.925700 0.376236 1.169051,
        -0.645814 0.307989 1.169386,
        -0.643560 0.310396 1.169791,
        -0.622663 0.297081 1.181119,
        -0.601531 0.292892 1.204961,
        -0.605000 0.294626 1.198634,
        -0.607990 0.287680 1.195836,
        -0.593588 0.288920 1.223820,
        -0.596392 0.290322 1.214333,
        -0.598659 0.281643 1.211716,
        -0.620808 0.251008 1.227883,
        -0.591928 0.288090 1.229437,
        -0.593528 0.278288 1.227883,
        -0.597546 0.269126 1.226908,
        -0.602851 0.273453 1.210083,
        -0.624163 0.256139 1.211716,
        -0.603719 0.261200 1.226576,
        -0.608733 0.266213 1.209529,
        -0.617461 0.274941 1.193525,
        -0.611645 0.255026 1.226908,
        -0.615972 0.260331 1.210083,
        -0.623545 0.269682 1.194109,
        -0.634923 0.283833 1.179909,
        -0.630200 0.265470 1.195836,
        -0.639600 0.280143 1.181119,
        -0.641390 0.312821 1.170463,
        -0.630432 0.307342 1.176788,
        -0.619492 0.301872 1.183103,
        -0.614105 0.299178 1.188876,
        -0.626353 0.292404 1.179909,
        -0.648135 0.305616 1.169250,
        -0.652916 0.301040 1.169791,
        -0.649103 0.316678 1.169051,
        -0.612202 0.281025 1.194109,
        -0.630472 0.287952 1.179503,
        -0.650508 0.303294 1.169386,
        -0.928989 0.384925 1.169386,
        -0.931243 0.382517 1.169791,
        -0.952140 0.395833 1.181119,
        -0.966813 0.405233 1.195836,
        -0.976144 0.411270 1.211716,
        -0.953995 0.441905 1.227883,
        -0.944194 0.443506 1.229437,
        -0.981275 0.414625 1.227883,
        -0.977257 0.423788 1.226908,
        -0.971952 0.419461 1.210083,
        -0.943363 0.441845 1.223820,
        -0.950641 0.436774 1.211716,
        -0.941961 0.439041 1.214333,
        -0.971084 0.431714 1.226576,
        -0.966070 0.426700 1.209529,
        -0.957343 0.417972 1.193525,
        -0.963157 0.437887 1.226908,
        -0.958831 0.432582 1.210083,
        -0.951258 0.423231 1.194109,
        -0.939880 0.409080 1.179909,
        -0.944603 0.427443 1.195836,
        -0.935203 0.412770 1.181119,
        -0.930411 0.415941 1.183103,
        -0.933105 0.421328 1.188876,
        -0.937657 0.430433 1.198634,
        -0.939392 0.433902 1.204961,
        -0.948450 0.400510 1.179909,
        -0.926668 0.387298 1.169250,
        -0.921887 0.391873 1.169791,
        -0.915606 0.386330 1.169051,
        -0.919463 0.394043 1.170463,
        -0.924942 0.405001 1.176788,
        -0.962601 0.411888 1.194109,
        -0.944331 0.404961 1.179503,
        -0.924295 0.389619 1.169386,
        -0.649103 0.376236 1.169051,
        -0.641390 0.380093 1.170463,
        -0.630432 0.385571 1.176788,
        -0.619492 0.391042 1.183103,
        -0.614105 0.393735 1.188876,
        -0.605000 0.398287 1.198634,
        -0.601531 0.400022 1.204961,
        -0.596392 0.402591 1.214333,
        -0.591928 0.404824 1.229437,
        -0.593588 0.403993 1.223820,
        -0.630609 0.443506 1.229437,
        -0.631440 0.441845 1.223820,
        -0.632842 0.439041 1.214333,
        -0.635411 0.433902 1.204961,
        -0.637146 0.430433 1.198634,
        -0.641698 0.421328 1.188876,
        -0.644392 0.415941 1.183103,
        -0.649862 0.405001 1.176788,
        -0.655341 0.394043 1.170463,
        -0.659197 0.386330 1.169051,
        -0.650508 0.389619 1.169386,
        -0.652916 0.391873 1.169791,
        -0.639600 0.412770 1.181119,
        -0.630200 0.427443 1.195836,
        -0.624163 0.436774 1.211716,
        -0.593528 0.414625 1.227883,
        -0.620808 0.441905 1.227883,
        -0.611645 0.437887 1.226908,
        -0.615972 0.432582 1.210083,
        -0.598659 0.411270 1.211716,
        -0.603719 0.431714 1.226576,
        -0.608733 0.426700 1.209529,
        -0.617461 0.417972 1.193525,
        -0.597546 0.423788 1.226908,
        -0.602851 0.419461 1.210083,
        -0.612202 0.411888 1.194109,
        -0.626353 0.400510 1.179909,
        -0.607990 0.405233 1.195836,
        -0.622663 0.395833 1.181119,
        -0.634923 0.409080 1.179909,
        -0.648135 0.387298 1.169250,
        -0.643560 0.382517 1.169791,
        -0.623545 0.423231 1.194109,
        -0.630472 0.404961 1.179503,
        -0.645814 0.384925 1.169386,
        1.444882 1.330709 1.236140,
        1.759843 -0.019685 0.393701,
        1.759843 0.740157 0.393701,
        1.759843 -0.019685 0.708661,
        1.759843 -0.022368 0.729041,
        1.759843 -0.059055 0.776852,
        1.759843 -0.042748 0.764339,
        1.759843 -0.030234 0.748031,
        1.759843 -0.098425 0.787402,
        1.759843 1.055118 0.771654,
        1.759843 1.055118 0.850394,
        1.759843 0.740157 0.496063,
        1.759843 0.742841 0.516443,
        1.759843 -0.078046 0.784719,
        1.759843 0.750707 0.535433,
        1.759843 1.251969 0.692913,
        1.759843 1.133858 0.692913,
        1.759843 0.894955 0.516443,
        1.759843 -1.535433 0.393701,
        1.759843 -0.846457 0.393701,
        1.759843 -1.535433 0.850394,
        1.759843 -0.846457 0.708661,
        1.759843 -0.843774 0.729041,
        1.759843 -0.835907 0.748031,
        1.759843 -0.823394 0.764339,
        1.759843 -0.807087 0.776852,
        1.759843 0.763220 0.551741,
        1.759843 0.779528 0.564254,
        1.759843 0.798518 0.572120,
        1.759843 0.976378 -0.590551,
        1.759843 1.251969 -0.590551,
        1.759843 0.897638 -0.511811,
        1.759843 1.330709 -0.511811,
        1.759843 0.897638 0.496063,
        1.759843 1.330709 0.614173,
        1.759843 1.328026 0.634553,
        1.759843 1.065667 0.732283,
        1.759843 0.874575 0.551741,
        1.759843 1.078181 0.715976,
        1.759843 0.887089 0.535433,
        1.759843 1.094488 0.703463,
        1.759843 1.113479 0.695596,
        1.759843 -0.374016 -0.118110,
        1.759843 -0.371333 -0.097731,
        1.759843 -0.688976 0.708661,
        1.759843 -0.363467 -0.078740,
        1.759843 -0.350953 -0.062433,
        1.759843 0.818898 0.574803,
        1.759843 0.839277 0.572120,
        1.759843 0.858268 0.564254,
        1.759843 1.320159 0.653543,
        1.759843 1.307646 0.669851,
        1.759843 1.272348 0.690230,
        1.759843 1.291339 0.682364,
        1.759843 -0.747337 0.784719,
        1.759843 -0.767717 0.787402,
        1.759843 -0.788096 0.784719,
        1.759843 1.057801 0.751274,
        1.759843 -0.452756 -0.590551,
        1.759843 -0.374016 -0.511811,
        1.759843 -0.610236 -0.590551,
        1.759843 -0.688976 -0.511811,
        1.759843 -0.334646 -0.049919,
        1.759843 -0.315655 -0.042053,
        1.759843 -0.691659 0.729041,
        1.759843 -0.137795 0.776852,
        1.759843 -0.699526 0.748031,
        1.759843 -0.154103 0.764339,
        1.759843 -0.166616 0.748031,
        1.759843 -0.174482 0.729041,
        1.759843 -0.728346 0.776852,
        1.759843 -0.712039 0.764339,
        1.759843 -0.118805 0.784719,
        1.759843 -0.295276 -0.039370,
        1.759843 -0.177165 0.708661,
        1.759843 -0.235526 -0.036687,
        1.759843 -0.216535 -0.028821,
        1.759843 -0.177165 0.039370,
        1.759843 -0.200228 -0.016307,
        1.759843 -0.179848 0.018991,
        1.759843 -0.187715 0.000000,
        1.759843 -0.255906 -0.039370,
        1.641732 0.740157 0.112542,
        1.641732 0.740157 0.496063,
        1.641732 0.742841 0.516443,
        1.641732 -0.295276 -0.039370,
        1.641732 -0.315655 -0.042053,
        1.641732 -0.699526 0.748031,
        1.641732 -0.350953 -0.062433,
        1.641732 -0.363467 -0.078740,
        1.641732 -0.688976 0.708661,
        1.641732 -0.371333 -0.097731,
        1.641732 -0.688976 -0.511811,
        1.641732 1.055118 0.850394,
        1.641732 0.818898 0.574803,
        1.641732 0.798518 0.572120,
        1.641732 -0.019685 0.393701,
        1.641732 0.763220 0.551741,
        1.641732 0.750707 0.535433,
        1.641732 1.055118 0.771654,
        1.641732 1.057801 0.751274,
        1.641732 0.839277 0.572120,
        1.641732 -0.019685 0.708661,
        1.641732 -0.022368 0.729041,
        1.641732 0.779528 0.564254,
        1.641732 -0.030234 0.748031,
        1.641732 -0.691659 0.729041,
        1.641732 -0.712039 0.764339,
        1.641732 -0.728346 0.776852,
        1.641732 -0.452756 -0.590551,
        1.641732 -0.610236 -0.590551,
        1.641732 -0.374016 -0.511811,
        1.641732 -0.374016 -0.118110,
        1.641732 1.330709 -0.511811,
        1.641732 1.133858 0.692913,
        1.641732 1.330709 0.614173,
        1.641732 1.251969 0.692913,
        1.641732 1.328026 0.634553,
        1.641732 -0.098425 0.787402,
        1.641732 -0.118805 0.784719,
        1.641732 -0.137795 0.776852,
        1.641732 -0.154103 0.764339,
        1.641732 -0.166616 0.748031,
        1.641732 -0.835907 0.748031,
        1.641732 -1.535433 0.850394,
        1.641732 -0.823394 0.764339,
        1.641732 -0.807087 0.776852,
        1.641732 -0.846457 0.393701,
        1.641732 -1.535433 0.393701,
        1.641732 -0.846457 0.708661,
        1.641732 -0.843774 0.729041,
        1.641732 1.094488 0.703463,
        1.641732 0.894955 0.516443,
        1.641732 1.078181 0.715976,
        1.641732 0.887089 0.535433,
        1.641732 1.065667 0.732283,
        1.641732 0.874575 0.551741,
        1.641732 0.858268 0.564254,
        1.641732 1.291339 0.682364,
        1.641732 1.307646 0.669851,
        1.641732 1.320159 0.653543,
        1.641732 1.251969 -0.590551,
        1.641732 0.976378 -0.590551,
        1.641732 1.113479 0.695596,
        1.641732 0.897638 -0.511811,
        1.641732 0.897638 0.496063,
        1.641732 -0.334646 -0.049919,
        1.641732 -0.042748 0.764339,
        1.641732 -0.059055 0.776852,
        1.641732 -0.747337 0.784719,
        1.641732 -0.767717 0.787402,
        1.641732 -0.788096 0.784719,
        1.641732 1.272348 0.690230,
        1.641732 -0.174482 0.729041,
        1.641732 -0.177165 0.708661,
        1.641732 -0.177165 0.039370,
        1.641732 -0.255906 -0.039370,
        1.641732 -0.235526 -0.036687,
        1.641732 -0.187715 0.000000,
        1.641732 -0.200228 -0.016307,
        1.641732 -0.216535 -0.028821,
        1.641732 -0.078046 0.784719,
        1.641732 -0.179848 0.018991,
        1.673950 0.740157 0.148232,
        1.673950 -0.019685 0.148232,
        1.611610 -0.019685 0.085893,
        1.536962 -0.019685 0.038989,
        1.453748 -0.019685 0.009871,
        1.720854 0.740157 0.222880,
        1.720854 -0.019685 0.222880,
        1.749972 0.740157 0.306094,
        1.749972 -0.019685 0.306094,
        1.444882 1.055118 1.236140,
        1.453748 1.055118 1.234224,
        1.453748 -1.535433 1.234224,
        1.536962 -1.535433 1.205106,
        1.536962 1.055118 1.205106,
        1.611610 -1.535433 1.158202,
        1.611610 1.055118 1.158202,
        1.673950 -1.535433 1.095862,
        1.673950 1.055118 1.095862,
        1.720854 -1.535433 1.021214,
        1.720854 1.055118 1.021214,
        1.749972 -1.535433 0.938000,
        1.749972 1.055118 0.938000,
        1.749972 -1.535433 0.306094,
        1.749972 -0.846457 0.306094,
        1.720854 -1.535433 0.222880,
        1.720854 -0.846457 0.222880,
        1.673950 -1.535433 0.148232,
        1.673950 -0.846457 0.148232,
        1.611610 -1.535433 0.085893,
        1.611610 -0.846457 0.085893,
        1.536962 -1.535433 0.038989,
        1.536962 -0.846457 0.038989,
        1.453748 -1.535433 0.009871,
        1.453748 -0.846457 0.009871,
        1.437470 -0.846457 0.127501,
        1.437470 -1.535433 0.127501,
        1.503937 -0.846457 0.155032,
        1.503937 -1.535433 0.155032,
        1.561014 -0.846457 0.198829,
        1.561014 -1.535433 0.198829,
        1.604810 -0.846457 0.255906,
        1.604810 -1.535433 0.255906,
        1.632342 -0.846457 0.322373,
        1.632342 -1.535433 0.322373,
        1.437470 -0.019685 0.127501,
        1.503937 -0.019685 0.155032,
        1.561014 -0.019685 0.198829,
        1.604810 -0.019685 0.255906,
        1.632342 -0.019685 0.322373,
        1.632342 1.055118 0.921722,
        1.632342 -1.535433 0.921722,
        1.604810 1.055118 0.988189,
        1.604810 -1.535433 0.988189,
        1.561014 1.055118 1.045266,
        1.561014 -1.535433 1.045266,
        1.503937 1.055118 1.089062,
        1.503937 -1.535433 1.089062,
        1.437470 1.055118 1.116594,
        1.437470 -1.535433 1.116594,
        0.669291 0.326772 0.078740,
        0.669291 0.366142 0.078740,
        0.905512 0.326772 0.078740,
        0.905512 0.366142 0.078740,
        0.944194 0.249408 0.014658,
        0.630609 0.249408 0.014658,
        0.943363 0.251068 0.020275,
        0.631440 0.251068 0.020275,
        0.632842 0.253872 0.029761,
        0.941961 0.253872 0.029761,
        0.635411 0.259011 0.039133,
        0.939392 0.259011 0.039133,
        0.937657 0.262481 0.045461,
        0.637146 0.262481 0.045461,
        0.933105 0.271585 0.055219,
        0.641698 0.271585 0.055219,
        0.644392 0.276972 0.060992,
        0.930411 0.276972 0.060992,
        0.649862 0.287912 0.067306,
        0.924942 0.287912 0.067306,
        0.919463 0.298870 0.073631,
        0.655341 0.298870 0.073631,
        0.915606 0.306583 0.075043,
        0.659197 0.306583 0.075043,
        0.981215 0.288920 0.020275,
        0.982876 0.288090 0.014658,
        0.981275 0.278288 0.016212,
        0.960698 0.299178 0.055219,
        0.969803 0.294626 0.045461,
        0.966813 0.287680 0.048258,
        0.944371 0.307342 0.067306,
        0.955311 0.301872 0.060992,
        0.952140 0.297081 0.062976,
        0.924295 0.303294 0.074709,
        0.921887 0.301040 0.074303,
        0.928989 0.307989 0.074709,
        0.926668 0.305616 0.074844,
        0.933413 0.312821 0.073631,
        0.931243 0.310396 0.074303,
        0.925700 0.316678 0.075043,
        0.935203 0.280143 0.062976,
        0.948450 0.292404 0.064185,
        0.944331 0.287952 0.064591,
        0.939880 0.283833 0.064185,
        0.944603 0.265470 0.048258,
        0.962601 0.281025 0.049985,
        0.957343 0.274941 0.050569,
        0.951258 0.269682 0.049985,
        0.950641 0.256139 0.032379,
        0.976144 0.281643 0.032379,
        0.971952 0.273453 0.034011,
        0.966070 0.266213 0.034565,
        0.958831 0.260331 0.034011,
        0.973272 0.292892 0.039133,
        0.978411 0.290322 0.029761,
        0.953995 0.251008 0.016212,
        0.977257 0.269126 0.017187,
        0.971084 0.261200 0.017519,
        0.963157 0.255026 0.017187,
        0.620808 0.251008 0.016212,
        0.630200 0.265470 0.048258,
        0.639600 0.280143 0.062976,
        0.645814 0.307989 0.074709,
        0.643560 0.310396 0.074303,
        0.650508 0.303294 0.074709,
        0.648135 0.305616 0.074844,
        0.652916 0.301040 0.074303,
        0.641390 0.312821 0.073631,
        0.649103 0.316678 0.075043,
        0.622663 0.297081 0.062976,
        0.619492 0.301872 0.060992,
        0.630432 0.307342 0.067306,
        0.634923 0.283833 0.064185,
        0.630472 0.287952 0.064591,
        0.626353 0.292404 0.064185,
        0.607990 0.287680 0.048258,
        0.605000 0.294626 0.045461,
        0.614105 0.299178 0.055219,
        0.623545 0.269682 0.049985,
        0.617461 0.274941 0.050569,
        0.612202 0.281025 0.049985,
        0.598659 0.281643 0.032379,
        0.596392 0.290322 0.029761,
        0.601531 0.292892 0.039133,
        0.624163 0.256139 0.032379,
        0.615972 0.260331 0.034011,
        0.608733 0.266213 0.034565,
        0.602851 0.273453 0.034011,
        0.593528 0.278288 0.016212,
        0.591928 0.288090 0.014658,
        0.593588 0.288920 0.020275,
        0.611645 0.255026 0.017187,
        0.603719 0.261200 0.017519,
        0.597546 0.269126 0.017187,
        0.982876 0.404824 0.014658,
        0.981215 0.403993 0.020275,
        0.978411 0.402591 0.029761,
        0.973272 0.400022 0.039133,
        0.969803 0.398287 0.045461,
        0.960698 0.393735 0.055219,
        0.955311 0.391042 0.060992,
        0.944371 0.385571 0.067306,
        0.933413 0.380093 0.073631,
        0.925700 0.376236 0.075043,
        0.614105 0.393735 0.055219,
        0.619492 0.391042 0.060992,
        0.630432 0.385571 0.067306,
        0.641390 0.380093 0.073631,
        0.649103 0.376236 0.075043,
        0.605000 0.398287 0.045461,
        0.601531 0.400022 0.039133,
        0.596392 0.402591 0.029761,
        0.593588 0.403993 0.020275,
        0.591928 0.404824 0.014658,
        0.943363 0.441845 0.020275,
        0.944194 0.443506 0.014658,
        0.953995 0.441905 0.016212,
        0.933105 0.421328 0.055219,
        0.937657 0.430433 0.045461,
        0.944603 0.427443 0.048258,
        0.924942 0.405001 0.067306,
        0.930411 0.415941 0.060992,
        0.935203 0.412770 0.062976,
        0.928989 0.384925 0.074709,
        0.931243 0.382517 0.074303,
        0.924295 0.389619 0.074709,
        0.926668 0.387298 0.074844,
        0.919463 0.394043 0.073631,
        0.921887 0.391873 0.074303,
        0.915606 0.386330 0.075043,
        0.952140 0.395833 0.062976,
        0.939880 0.409080 0.064185,
        0.944331 0.404961 0.064591,
        0.948450 0.400510 0.064185,
        0.966813 0.405233 0.048258,
        0.951258 0.423231 0.049985,
        0.957343 0.417972 0.050569,
        0.962601 0.411888 0.049985,
        0.976144 0.411270 0.032379,
        0.950641 0.436774 0.032379,
        0.958831 0.432582 0.034011,
        0.966070 0.426700 0.034565,
        0.971952 0.419461 0.034011,
        0.939392 0.433902 0.039133,
        0.941961 0.439041 0.029761,
        0.981275 0.414625 0.016212,
        0.963157 0.437887 0.017187,
        0.971084 0.431714 0.017519,
        0.977257 0.423788 0.017187,
        0.593528 0.414625 0.016212,
        0.607990 0.405233 0.048258,
        0.622663 0.395833 0.062976,
        0.650508 0.389619 0.074709,
        0.652916 0.391873 0.074303,
        0.645814 0.384925 0.074709,
        0.648135 0.387298 0.074844,
        0.643560 0.382517 0.074303,
        0.655341 0.394043 0.073631,
        0.659197 0.386330 0.075043,
        0.639600 0.412770 0.062976,
        0.644392 0.415941 0.060992,
        0.649862 0.405001 0.067306,
        0.626353 0.400510 0.064185,
        0.630472 0.404961 0.064591,
        0.634923 0.409080 0.064185,
        0.630200 0.427443 0.048258,
        0.637146 0.430433 0.045461,
        0.641698 0.421328 0.055219,
        0.612202 0.411888 0.049985,
        0.617461 0.417972 0.050569,
        0.623545 0.423231 0.049985,
        0.624163 0.436774 0.032379,
        0.632842 0.439041 0.029761,
        0.635411 0.433902 0.039133,
        0.598659 0.411270 0.032379,
        0.602851 0.419461 0.034011,
        0.608733 0.426700 0.034565,
        0.615972 0.432582 0.034011,
        0.620808 0.441905 0.016212,
        0.630609 0.443506 0.014658,
        0.631440 0.441845 0.020275,
        0.597546 0.423788 0.017187,
        0.603719 0.431714 0.017519,
        0.611645 0.437887 0.017187,
        0.394037 1.060257 1.243900,
        0.677014 1.094488 1.080524,
        0.433071 1.094488 1.221364,
        0.422881 1.093146 1.227247,
        0.413386 1.089214 1.232730,
        0.395042 1.065308 1.243320,
        0.396698 1.070184 1.242364,
        0.398975 1.074803 1.241049,
        0.401837 1.079085 1.239397,
        0.405232 1.082957 1.237437,
        0.677014 1.329581 0.944142,
        0.677014 1.095616 0.944142,
        0.668913 1.094488 0.948819,
        0.677014 1.094488 0.962851,
        0.905512 0.366142 1.165354,
        0.669291 0.366142 1.165354,
        0.905512 0.326772 1.165354,
        0.669291 0.326772 1.165354,
        0.928989 0.307989 1.169386,
        0.931243 0.310396 1.169791,
        0.952140 0.297081 1.181119,
        0.973272 0.292892 1.204961,
        0.969803 0.294626 1.198634,
        0.966813 0.287680 1.195836,
        0.981215 0.288920 1.223820,
        0.978411 0.290322 1.214333,
        0.976144 0.281643 1.211716,
        0.953995 0.251008 1.227883,
        0.944194 0.249408 1.229437,
        0.982876 0.288090 1.229437,
        0.981275 0.278288 1.227883,
        0.977257 0.269126 1.226908,
        0.971952 0.273453 1.210083,
        0.943363 0.251068 1.223820,
        0.950641 0.256139 1.211716,
        0.941961 0.253872 1.214333,
        0.971084 0.261200 1.226576,
        0.966070 0.266213 1.209529,
        0.957343 0.274941 1.193525,
        0.963157 0.255026 1.226908,
        0.958831 0.260331 1.210083,
        0.951258 0.269682 1.194109,
        0.939880 0.283833 1.179909,
        0.944603 0.265470 1.195836,
        0.935203 0.280143 1.181119,
        0.930411 0.276972 1.183103,
        0.933105 0.271585 1.188876,
        0.937657 0.262481 1.198634,
        0.939392 0.259011 1.204961,
        0.933413 0.312821 1.170463,
        0.944371 0.307342 1.176788,
        0.955311 0.301872 1.183103,
        0.960698 0.299178 1.188876,
        0.948450 0.292404 1.179909,
        0.926668 0.305616 1.169250,
        0.921887 0.301040 1.169791,
        0.925700 0.316678 1.169051,
        0.915606 0.306583 1.169051,
        0.919463 0.298870 1.170463,
        0.924942 0.287912 1.176788,
        0.962601 0.281025 1.194109,
        0.944331 0.287952 1.179503,
        0.924295 0.303294 1.169386,
        0.630609 0.249408 1.229437,
        0.631440 0.251068 1.223820,
        0.632842 0.253872 1.214333,
        0.635411 0.259011 1.204961,
        0.637146 0.262481 1.198634,
        0.641698 0.271585 1.188876,
        0.644392 0.276972 1.183103,
        0.649862 0.287912 1.176788,
        0.655341 0.298870 1.170463,
        0.659197 0.306583 1.169051,
        0.925700 0.376236 1.169051,
        0.933413 0.380093 1.170463,
        0.944371 0.385571 1.176788,
        0.955311 0.391042 1.183103,
        0.960698 0.393735 1.188876,
        0.969803 0.398287 1.198634,
        0.973272 0.400022 1.204961,
        0.978411 0.402591 1.214333,
        0.982876 0.404824 1.229437,
        0.981215 0.403993 1.223820,
        0.650508 0.303294 1.169386,
        0.652916 0.301040 1.169791,
        0.639600 0.280143 1.181119,
        0.630200 0.265470 1.195836,
        0.624163 0.256139 1.211716,
        0.593528 0.278288 1.227883,
        0.591928 0.288090 1.229437,
        0.620808 0.251008 1.227883,
        0.611645 0.255026 1.226908,
        0.615972 0.260331 1.210083,
        0.593588 0.288920 1.223820,
        0.598659 0.281643 1.211716,
        0.596392 0.290322 1.214333,
        0.603719 0.261200 1.226576,
        0.608733 0.266213 1.209529,
        0.617461 0.274941 1.193525,
        0.597546 0.269126 1.226908,
        0.602851 0.273453 1.210083,
        0.612202 0.281025 1.194109,
        0.626353 0.292404 1.179909,
        0.607990 0.287680 1.195836,
        0.622663 0.297081 1.181119,
        0.619492 0.301872 1.183103,
        0.614105 0.299178 1.188876,
        0.605000 0.294626 1.198634,
        0.601531 0.292892 1.204961,
        0.634923 0.283833 1.179909,
        0.648135 0.305616 1.169250,
        0.643560 0.310396 1.169791,
        0.649103 0.316678 1.169051,
        0.641390 0.312821 1.170463,
        0.630432 0.307342 1.176788,
        0.623545 0.269682 1.194109,
        0.630472 0.287952 1.179503,
        0.645814 0.307989 1.169386,
        0.924295 0.389619 1.169386,
        0.921887 0.391873 1.169791,
        0.935203 0.412770 1.181119,
        0.939392 0.433902 1.204961,
        0.937657 0.430433 1.198634,
        0.944603 0.427443 1.195836,
        0.943363 0.441845 1.223820,
        0.941961 0.439041 1.214333,
        0.950641 0.436774 1.211716,
        0.981275 0.414625 1.227883,
        0.944194 0.443506 1.229437,
        0.953995 0.441905 1.227883,
        0.963157 0.437887 1.226908,
        0.958831 0.432582 1.210083,
        0.976144 0.411270 1.211716,
        0.971084 0.431714 1.226576,
        0.966070 0.426700 1.209529,
        0.957343 0.417972 1.193525,
        0.977257 0.423788 1.226908,
        0.971952 0.419461 1.210083,
        0.962601 0.411888 1.194109,
        0.948450 0.400510 1.179909,
        0.966813 0.405233 1.195836,
        0.952140 0.395833 1.181119,
        0.919463 0.394043 1.170463,
        0.924942 0.405001 1.176788,
        0.930411 0.415941 1.183103,
        0.933105 0.421328 1.188876,
        0.939880 0.409080 1.179909,
        0.926668 0.387298 1.169250,
        0.931243 0.382517 1.169791,
        0.915606 0.386330 1.169051,
        0.951258 0.423231 1.194109,
        0.944331 0.404961 1.179503,
        0.928989 0.384925 1.169386,
        0.591928 0.404824 1.229437,
        0.593588 0.403993 1.223820,
        0.596392 0.402591 1.214333,
        0.601531 0.400022 1.204961,
        0.605000 0.398287 1.198634,
        0.614105 0.393735 1.188876,
        0.619492 0.391042 1.183103,
        0.630432 0.385571 1.176788,
        0.641390 0.380093 1.170463,
        0.649103 0.376236 1.169051,
        0.649862 0.405001 1.176788,
        0.655341 0.394043 1.170463,
        0.659197 0.386330 1.169051,
        0.644392 0.415941 1.183103,
        0.641698 0.421328 1.188876,
        0.637146 0.430433 1.198634,
        0.635411 0.433902 1.204961,
        0.632842 0.439041 1.214333,
        0.630609 0.443506 1.229437,
        0.631440 0.441845 1.223820,
        0.645814 0.384925 1.169386,
        0.643560 0.382517 1.169791,
        0.622663 0.395833 1.181119,
        0.607990 0.405233 1.195836,
        0.598659 0.411270 1.211716,
        0.620808 0.441905 1.227883,
        0.593528 0.414625 1.227883,
        0.597546 0.423788 1.226908,
        0.602851 0.419461 1.210083,
        0.624163 0.436774 1.211716,
        0.603719 0.431714 1.226576,
        0.608733 0.426700 1.209529,
        0.617461 0.417972 1.193525,
        0.611645 0.437887 1.226908,
        0.615972 0.432582 1.210083,
        0.623545 0.423231 1.194109,
        0.634923 0.409080 1.179909,
        0.630200 0.427443 1.195836,
        0.639600 0.412770 1.181119,
        0.626353 0.400510 1.179909,
        0.648135 0.387298 1.169250,
        0.652916 0.391873 1.169791,
        0.612202 0.411888 1.194109,
        0.630472 0.404961 1.179503,
        0.650508 0.389619 1.169386,
      ]
    }
    coordIndex [
      7, 6, 210, -1,
      210, 6, 338, -1,
      337, 338, 6, -1,
      5, 351, 6, -1,
      6, 351, 352, -1,
      6, 352, 337, -1,
      354, 334, 353, -1,
      353, 334, 335, -1,
      353, 335, 352, -1,
      352, 335, 336, -1,
      352, 336, 337, -1,
      326, 263, 297, -1,
      297, 263, 244, -1,
      297, 244, 355, -1,
      355, 244, 332, -1,
      355, 332, 354, -1,
      354, 332, 333, -1,
      354, 333, 334, -1,
      254, 258, 304, -1,
      304, 258, 303, -1,
      270, 329, 271, -1,
      271, 329, 330, -1,
      330, 331, 271, -1,
      271, 331, 211, -1,
      271, 211, 212, -1,
      219, 217, 284, -1,
      284, 217, 288, -1,
      215, 214, 287, -1,
      287, 214, 286, -1,
      287, 288, 215, -1,
      215, 288, 217, -1,
      214, 216, 286, -1,
      286, 216, 285, -1,
      254, 304, 305, -1,
      254, 305, 256, -1,
      256, 305, 301, -1,
      256, 301, 255, -1,
      255, 301, 300, -1,
      255, 300, 253, -1,
      253, 300, 302, -1,
      253, 302, 259, -1,
      259, 302, 281, -1,
      259, 281, 220, -1,
      220, 281, 283, -1,
      220, 283, 218, -1,
      303, 258, 316, -1,
      316, 258, 257, -1,
      316, 257, 317, -1,
      317, 257, 227, -1,
      317, 227, 319, -1,
      319, 227, 228, -1,
      319, 228, 321, -1,
      321, 228, 230, -1,
      321, 230, 310, -1,
      310, 230, 237, -1,
      310, 237, 326, -1,
      326, 237, 263, -1,
      265, 311, 266, -1,
      266, 311, 309, -1,
      266, 309, 223, -1,
      223, 309, 308, -1,
      223, 308, 224, -1,
      224, 308, 313, -1,
      224, 313, 226, -1,
      226, 313, 312, -1,
      226, 312, 213, -1,
      213, 312, 272, -1,
      213, 272, 212, -1,
      212, 272, 271, -1,
      219, 284, 221, -1,
      221, 284, 282, -1,
      221, 282, 229, -1,
      229, 282, 318, -1,
      229, 318, 231, -1,
      231, 318, 320, -1,
      231, 320, 232, -1,
      232, 320, 322, -1,
      232, 322, 264, -1,
      264, 322, 323, -1,
      264, 323, 265, -1,
      265, 323, 311, -1,
      222, 273, 235, -1,
      235, 273, 274, -1,
      235, 274, 233, -1,
      233, 274, 275, -1,
      233, 275, 247, -1,
      247, 275, 315, -1,
      247, 315, 248, -1,
      248, 315, 314, -1,
      248, 314, 249, -1,
      249, 314, 291, -1,
      249, 291, 250, -1,
      250, 291, 307, -1,
      276, 241, 277, -1,
      277, 241, 242, -1,
      277, 242, 278, -1,
      278, 242, 238, -1,
      278, 238, 279, -1,
      279, 238, 239, -1,
      279, 239, 280, -1,
      280, 239, 240, -1,
      280, 240, 306, -1,
      306, 240, 251, -1,
      306, 251, 307, -1,
      307, 251, 250, -1,
      252, 327, 225, -1,
      225, 327, 325, -1,
      225, 325, 246, -1,
      246, 325, 324, -1,
      246, 324, 245, -1,
      245, 324, 299, -1,
      245, 299, 243, -1,
      243, 299, 298, -1,
      243, 298, 267, -1,
      267, 298, 296, -1,
      267, 296, 234, -1,
      234, 296, 295, -1,
      234, 295, 236, -1,
      236, 295, 294, -1,
      236, 294, 260, -1,
      260, 294, 293, -1,
      260, 293, 261, -1,
      261, 293, 292, -1,
      261, 292, 262, -1,
      262, 292, 290, -1,
      262, 290, 268, -1,
      268, 290, 289, -1,
      268, 289, 269, -1,
      269, 289, 328, -1,
      154, 153, 62, -1,
      62, 153, 55, -1,
      103, 102, 17, -1,
      17, 102, 18, -1,
      366, 367, 123, -1,
      123, 367, 368, -1,
      340, 369, 123, -1,
      123, 369, 370, -1,
      123, 370, 366, -1,
      371, 372, 123, -1,
      123, 372, 373, -1,
      123, 373, 125, -1,
      368, 374, 123, -1,
      123, 374, 375, -1,
      123, 375, 371, -1,
      376, 377, 378, -1,
      378, 377, 344, -1,
      378, 344, 10, -1,
      10, 344, 8, -1,
      378, 10, 26, -1,
      370, 369, 26, -1,
      26, 369, 379, -1,
      26, 379, 378, -1,
      376, 378, 379, -1,
      339, 344, 377, -1,
      47, 104, 105, -1,
      47, 105, 48, -1,
      48, 105, 118, -1,
      48, 118, 49, -1,
      49, 118, 117, -1,
      49, 117, 53, -1,
      53, 117, 116, -1,
      53, 116, 54, -1,
      54, 116, 134, -1,
      54, 134, 16, -1,
      16, 134, 103, -1,
      16, 103, 17, -1,
      154, 62, 156, -1,
      156, 62, 51, -1,
      156, 51, 157, -1,
      157, 51, 50, -1,
      157, 50, 158, -1,
      158, 50, 36, -1,
      158, 36, 79, -1,
      79, 36, 35, -1,
      79, 35, 80, -1,
      80, 35, 19, -1,
      80, 19, 102, -1,
      102, 19, 18, -1,
      370, 26, 25, -1,
      370, 25, 366, -1,
      366, 25, 24, -1,
      366, 24, 367, -1,
      367, 24, 23, -1,
      367, 23, 368, -1,
      368, 23, 374, -1,
      374, 23, 39, -1,
      374, 39, 375, -1,
      375, 39, 371, -1,
      371, 39, 38, -1,
      371, 38, 372, -1,
      372, 38, 373, -1,
      373, 38, 37, -1,
      373, 37, 125, -1,
      126, 22, 99, -1,
      99, 22, 21, -1,
      99, 21, 98, -1,
      98, 21, 20, -1,
      98, 20, 71, -1,
      71, 20, 58, -1,
      71, 58, 150, -1,
      150, 58, 57, -1,
      150, 57, 148, -1,
      148, 57, 56, -1,
      148, 56, 153, -1,
      153, 56, 55, -1,
      380, 381, 382, -1,
      382, 381, 383, -1,
      383, 384, 385, -1,
      385, 384, 386, -1,
      387, 388, 389, -1,
      390, 391, 392, -1,
      393, 394, 131, -1,
      169, 395, 164, -1,
      164, 395, 396, -1,
      164, 396, 112, -1,
      113, 112, 397, -1,
      397, 112, 396, -1,
      397, 396, 398, -1,
      394, 393, 399, -1,
      399, 393, 400, -1,
      399, 400, 401, -1,
      114, 113, 402, -1,
      402, 113, 397, -1,
      402, 397, 403, -1,
      403, 397, 398, -1,
      403, 398, 404, -1,
      115, 114, 405, -1,
      405, 114, 402, -1,
      405, 402, 406, -1,
      406, 402, 403, -1,
      406, 403, 407, -1,
      407, 403, 404, -1,
      407, 404, 408, -1,
      409, 410, 411, -1,
      411, 412, 409, -1,
      409, 412, 413, -1,
      409, 413, 400, -1,
      400, 413, 414, -1,
      400, 414, 401, -1,
      415, 385, 416, -1,
      416, 385, 386, -1,
      416, 386, 417, -1,
      417, 386, 418, -1,
      388, 418, 389, -1,
      389, 418, 386, -1,
      389, 386, 419, -1,
      419, 386, 384, -1,
      419, 384, 420, -1,
      420, 384, 383, -1,
      131, 115, 393, -1,
      393, 115, 405, -1,
      393, 405, 400, -1,
      400, 405, 406, -1,
      400, 406, 409, -1,
      409, 406, 407, -1,
      409, 407, 410, -1,
      410, 407, 408, -1,
      410, 408, 421, -1,
      415, 422, 385, -1,
      385, 422, 383, -1,
      383, 423, 421, -1,
      421, 423, 424, -1,
      421, 424, 410, -1,
      410, 424, 425, -1,
      410, 425, 411, -1,
      395, 390, 396, -1,
      396, 390, 392, -1,
      396, 392, 398, -1,
      398, 392, 426, -1,
      398, 426, 404, -1,
      404, 426, 427, -1,
      404, 427, 408, -1,
      408, 427, 428, -1,
      408, 428, 421, -1,
      421, 428, 383, -1,
      391, 387, 392, -1,
      392, 387, 389, -1,
      392, 389, 426, -1,
      426, 389, 419, -1,
      426, 419, 427, -1,
      427, 419, 420, -1,
      427, 420, 428, -1,
      428, 420, 383, -1,
      387, 429, 388, -1,
      388, 429, 430, -1,
      388, 430, 418, -1,
      418, 430, 431, -1,
      418, 431, 417, -1,
      417, 431, 432, -1,
      417, 432, 416, -1,
      416, 432, 433, -1,
      416, 433, 415, -1,
      415, 433, 434, -1,
      415, 434, 422, -1,
      422, 434, 382, -1,
      422, 382, 383, -1,
      169, 170, 395, -1,
      395, 170, 435, -1,
      395, 435, 390, -1,
      390, 435, 436, -1,
      390, 436, 391, -1,
      391, 436, 437, -1,
      391, 437, 387, -1,
      387, 437, 438, -1,
      387, 438, 429, -1,
      132, 131, 394, -1,
      132, 394, 439, -1,
      439, 394, 399, -1,
      439, 399, 440, -1,
      440, 399, 441, -1,
      441, 399, 401, -1,
      441, 401, 442, -1,
      442, 401, 414, -1,
      442, 414, 443, -1,
      443, 414, 413, -1,
      443, 413, 444, -1,
      413, 412, 444, -1,
      444, 412, 411, -1,
      444, 411, 445, -1,
      445, 411, 425, -1,
      445, 425, 446, -1,
      446, 425, 424, -1,
      446, 424, 447, -1,
      447, 424, 423, -1,
      447, 423, 448, -1,
      448, 423, 383, -1,
      448, 383, 381, -1,
      382, 449, 450, -1,
      450, 449, 451, -1,
      452, 453, 454, -1,
      455, 456, 457, -1,
      458, 435, 170, -1,
      165, 459, 143, -1,
      143, 459, 460, -1,
      143, 460, 144, -1,
      145, 144, 461, -1,
      461, 144, 460, -1,
      461, 460, 462, -1,
      435, 458, 436, -1,
      436, 458, 463, -1,
      436, 463, 437, -1,
      146, 145, 464, -1,
      464, 145, 461, -1,
      464, 461, 465, -1,
      465, 461, 462, -1,
      465, 462, 466, -1,
      147, 146, 467, -1,
      467, 146, 464, -1,
      467, 464, 468, -1,
      468, 464, 465, -1,
      468, 465, 469, -1,
      469, 465, 466, -1,
      469, 466, 470, -1,
      471, 472, 431, -1,
      431, 430, 471, -1,
      471, 430, 429, -1,
      471, 429, 463, -1,
      463, 429, 438, -1,
      463, 438, 437, -1,
      473, 450, 474, -1,
      474, 450, 451, -1,
      474, 451, 475, -1,
      475, 451, 476, -1,
      453, 476, 454, -1,
      454, 476, 451, -1,
      454, 451, 477, -1,
      477, 451, 449, -1,
      477, 449, 478, -1,
      478, 449, 382, -1,
      170, 147, 458, -1,
      458, 147, 467, -1,
      458, 467, 463, -1,
      463, 467, 468, -1,
      463, 468, 471, -1,
      471, 468, 469, -1,
      471, 469, 472, -1,
      472, 469, 470, -1,
      472, 470, 479, -1,
      473, 480, 450, -1,
      450, 480, 382, -1,
      382, 434, 479, -1,
      479, 434, 433, -1,
      479, 433, 472, -1,
      472, 433, 432, -1,
      472, 432, 431, -1,
      459, 455, 460, -1,
      460, 455, 457, -1,
      460, 457, 462, -1,
      462, 457, 481, -1,
      462, 481, 466, -1,
      466, 481, 482, -1,
      466, 482, 470, -1,
      470, 482, 483, -1,
      470, 483, 479, -1,
      479, 483, 382, -1,
      456, 452, 457, -1,
      457, 452, 454, -1,
      457, 454, 481, -1,
      481, 454, 477, -1,
      481, 477, 482, -1,
      482, 477, 478, -1,
      482, 478, 483, -1,
      483, 478, 382, -1,
      381, 484, 485, -1,
      485, 484, 486, -1,
      442, 443, 487, -1,
      440, 441, 488, -1,
      489, 490, 72, -1,
      132, 439, 133, -1,
      133, 439, 491, -1,
      133, 491, 155, -1,
      149, 155, 492, -1,
      492, 155, 491, -1,
      492, 491, 493, -1,
      490, 489, 494, -1,
      494, 489, 495, -1,
      494, 495, 496, -1,
      151, 149, 497, -1,
      497, 149, 492, -1,
      497, 492, 498, -1,
      498, 492, 493, -1,
      498, 493, 499, -1,
      152, 151, 500, -1,
      500, 151, 497, -1,
      500, 497, 501, -1,
      501, 497, 498, -1,
      501, 498, 502, -1,
      502, 498, 499, -1,
      502, 499, 503, -1,
      504, 505, 506, -1,
      506, 507, 504, -1,
      504, 507, 508, -1,
      504, 508, 495, -1,
      495, 508, 509, -1,
      495, 509, 496, -1,
      447, 485, 446, -1,
      446, 485, 486, -1,
      446, 486, 445, -1,
      445, 486, 444, -1,
      443, 444, 487, -1,
      487, 444, 486, -1,
      487, 486, 510, -1,
      510, 486, 484, -1,
      510, 484, 511, -1,
      511, 484, 381, -1,
      72, 152, 489, -1,
      489, 152, 500, -1,
      489, 500, 495, -1,
      495, 500, 501, -1,
      495, 501, 504, -1,
      504, 501, 502, -1,
      504, 502, 505, -1,
      505, 502, 503, -1,
      505, 503, 512, -1,
      447, 448, 485, -1,
      485, 448, 381, -1,
      381, 513, 512, -1,
      512, 513, 514, -1,
      512, 514, 505, -1,
      505, 514, 515, -1,
      505, 515, 506, -1,
      439, 440, 491, -1,
      491, 440, 488, -1,
      491, 488, 493, -1,
      493, 488, 516, -1,
      493, 516, 499, -1,
      499, 516, 517, -1,
      499, 517, 503, -1,
      503, 517, 518, -1,
      503, 518, 512, -1,
      512, 518, 381, -1,
      441, 442, 488, -1,
      488, 442, 487, -1,
      488, 487, 516, -1,
      516, 487, 510, -1,
      516, 510, 517, -1,
      517, 510, 511, -1,
      517, 511, 518, -1,
      518, 511, 381, -1,
      382, 480, 380, -1,
      380, 480, 519, -1,
      519, 480, 520, -1,
      520, 480, 473, -1,
      520, 473, 521, -1,
      473, 474, 521, -1,
      521, 474, 475, -1,
      521, 475, 522, -1,
      522, 475, 476, -1,
      522, 476, 523, -1,
      523, 476, 524, -1,
      524, 476, 453, -1,
      524, 453, 525, -1,
      455, 526, 456, -1,
      456, 526, 525, -1,
      456, 525, 452, -1,
      452, 525, 453, -1,
      165, 108, 459, -1,
      459, 108, 527, -1,
      459, 527, 455, -1,
      455, 527, 528, -1,
      455, 528, 526, -1,
      73, 72, 490, -1,
      73, 490, 529, -1,
      529, 490, 494, -1,
      529, 494, 530, -1,
      530, 494, 496, -1,
      530, 496, 531, -1,
      531, 496, 509, -1,
      531, 509, 532, -1,
      532, 509, 508, -1,
      532, 508, 533, -1,
      533, 508, 507, -1,
      533, 507, 534, -1,
      534, 507, 506, -1,
      534, 506, 535, -1,
      535, 506, 515, -1,
      535, 515, 536, -1,
      536, 515, 537, -1,
      537, 515, 514, -1,
      537, 514, 538, -1,
      514, 513, 538, -1,
      538, 513, 381, -1,
      538, 381, 380, -1,
      380, 539, 540, -1,
      540, 539, 541, -1,
      532, 533, 542, -1,
      530, 531, 543, -1,
      544, 527, 108, -1,
      73, 529, 91, -1,
      91, 529, 545, -1,
      91, 545, 92, -1,
      94, 92, 546, -1,
      546, 92, 545, -1,
      546, 545, 547, -1,
      527, 544, 528, -1,
      528, 544, 548, -1,
      528, 548, 526, -1,
      96, 94, 549, -1,
      549, 94, 546, -1,
      549, 546, 550, -1,
      550, 546, 547, -1,
      550, 547, 551, -1,
      107, 96, 552, -1,
      552, 96, 549, -1,
      552, 549, 553, -1,
      553, 549, 550, -1,
      553, 550, 554, -1,
      554, 550, 551, -1,
      554, 551, 555, -1,
      556, 557, 522, -1,
      522, 523, 556, -1,
      556, 523, 524, -1,
      556, 524, 548, -1,
      548, 524, 525, -1,
      548, 525, 526, -1,
      537, 540, 536, -1,
      536, 540, 541, -1,
      536, 541, 535, -1,
      535, 541, 534, -1,
      533, 534, 542, -1,
      542, 534, 541, -1,
      542, 541, 558, -1,
      558, 541, 539, -1,
      558, 539, 559, -1,
      559, 539, 380, -1,
      108, 107, 544, -1,
      544, 107, 552, -1,
      544, 552, 548, -1,
      548, 552, 553, -1,
      548, 553, 556, -1,
      556, 553, 554, -1,
      556, 554, 557, -1,
      557, 554, 555, -1,
      557, 555, 560, -1,
      537, 538, 540, -1,
      540, 538, 380, -1,
      380, 519, 560, -1,
      560, 519, 520, -1,
      560, 520, 557, -1,
      557, 520, 521, -1,
      557, 521, 522, -1,
      529, 530, 545, -1,
      545, 530, 543, -1,
      545, 543, 547, -1,
      547, 543, 561, -1,
      547, 561, 551, -1,
      551, 561, 562, -1,
      551, 562, 555, -1,
      555, 562, 563, -1,
      555, 563, 560, -1,
      560, 563, 380, -1,
      531, 532, 543, -1,
      543, 532, 542, -1,
      543, 542, 561, -1,
      561, 542, 558, -1,
      561, 558, 562, -1,
      562, 558, 559, -1,
      562, 559, 563, -1,
      563, 559, 380, -1,
      61, 60, 100, -1,
      100, 60, 124, -1,
      2, 119, 0, -1,
      0, 119, 70, -1,
      0, 70, 564, -1,
      565, 566, 567, -1,
      567, 566, 568, -1,
      569, 570, 566, -1,
      566, 570, 571, -1,
      566, 571, 568, -1,
      572, 573, 574, -1,
      566, 575, 569, -1,
      569, 575, 576, -1,
      569, 576, 577, -1,
      577, 576, 578, -1,
      579, 580, 581, -1,
      582, 583, 584, -1,
      584, 583, 585, -1,
      584, 585, 586, -1,
      586, 587, 584, -1,
      584, 587, 588, -1,
      584, 588, 589, -1,
      578, 590, 577, -1,
      577, 590, 591, -1,
      577, 591, 592, -1,
      593, 594, 595, -1,
      595, 594, 596, -1,
      595, 596, 597, -1,
      597, 596, 598, -1,
      597, 598, 581, -1,
      581, 598, 599, -1,
      581, 599, 579, -1,
      600, 601, 602, -1,
      602, 601, 603, -1,
      602, 603, 604, -1,
      604, 603, 581, -1,
      604, 581, 605, -1,
      605, 581, 580, -1,
      606, 607, 608, -1,
      608, 607, 609, -1,
      608, 609, 610, -1,
      611, 612, 600, -1,
      600, 612, 613, -1,
      600, 613, 601, -1,
      599, 614, 579, -1,
      579, 614, 615, -1,
      579, 615, 616, -1,
      616, 615, 617, -1,
      618, 574, 619, -1,
      619, 574, 584, -1,
      619, 584, 620, -1,
      620, 584, 589, -1,
      592, 611, 577, -1,
      577, 611, 600, -1,
      577, 600, 572, -1,
      572, 600, 621, -1,
      572, 621, 573, -1,
      622, 623, 624, -1,
      624, 623, 606, -1,
      624, 606, 625, -1,
      625, 606, 608, -1,
      610, 626, 608, -1,
      608, 626, 627, -1,
      608, 627, 628, -1,
      629, 630, 631, -1,
      631, 630, 628, -1,
      631, 628, 632, -1,
      632, 628, 633, -1,
      618, 634, 574, -1,
      574, 634, 635, -1,
      574, 635, 572, -1,
      572, 635, 630, -1,
      572, 630, 636, -1,
      636, 630, 629, -1,
      628, 627, 633, -1,
      633, 627, 637, -1,
      633, 637, 638, -1,
      639, 640, 641, -1,
      641, 640, 642, -1,
      641, 642, 643, -1,
      643, 642, 644, -1,
      638, 637, 641, -1,
      641, 637, 645, -1,
      641, 645, 639, -1,
      646, 358, 647, -1,
      647, 358, 357, -1,
      647, 357, 648, -1,
      649, 650, 651, -1,
      652, 653, 654, -1,
      654, 653, 655, -1,
      654, 655, 656, -1,
      657, 658, 659, -1,
      660, 661, 357, -1,
      357, 661, 662, -1,
      357, 662, 648, -1,
      657, 663, 658, -1,
      658, 663, 664, -1,
      658, 664, 665, -1,
      660, 666, 661, -1,
      661, 666, 667, -1,
      661, 667, 668, -1,
      668, 667, 669, -1,
      668, 669, 659, -1,
      651, 650, 670, -1,
      671, 672, 657, -1,
      673, 674, 675, -1,
      675, 674, 656, -1,
      675, 656, 676, -1,
      676, 656, 655, -1,
      677, 678, 679, -1,
      679, 678, 680, -1,
      679, 680, 681, -1,
      651, 682, 683, -1,
      683, 684, 651, -1,
      651, 684, 685, -1,
      651, 685, 686, -1,
      687, 688, 689, -1,
      689, 688, 690, -1,
      691, 692, 693, -1,
      693, 692, 688, -1,
      693, 688, 694, -1,
      694, 688, 687, -1,
      695, 696, 697, -1,
      697, 696, 698, -1,
      697, 698, 699, -1,
      699, 698, 700, -1,
      699, 700, 664, -1,
      664, 700, 701, -1,
      664, 701, 665, -1,
      702, 703, 704, -1,
      677, 705, 678, -1,
      678, 705, 706, -1,
      678, 706, 707, -1,
      707, 706, 708, -1,
      707, 708, 695, -1,
      695, 708, 709, -1,
      695, 709, 696, -1,
      670, 650, 654, -1,
      654, 650, 710, -1,
      654, 710, 652, -1,
      659, 669, 657, -1,
      657, 669, 711, -1,
      657, 711, 712, -1,
      672, 713, 657, -1,
      657, 713, 714, -1,
      657, 714, 688, -1,
      688, 714, 715, -1,
      688, 715, 690, -1,
      681, 680, 704, -1,
      704, 680, 716, -1,
      704, 716, 702, -1,
      686, 717, 651, -1,
      651, 717, 718, -1,
      651, 718, 649, -1,
      649, 718, 719, -1,
      649, 719, 720, -1,
      720, 719, 721, -1,
      722, 723, 724, -1,
      712, 725, 657, -1,
      657, 725, 682, -1,
      657, 682, 671, -1,
      671, 682, 651, -1,
      721, 719, 724, -1,
      724, 719, 726, -1,
      724, 726, 722, -1,
      358, 646, 727, -1,
      363, 358, 728, -1,
      728, 729, 363, -1,
      363, 729, 730, -1,
      363, 730, 361, -1,
      361, 730, 731, -1,
      361, 731, 359, -1,
      359, 731, 206, -1,
      359, 206, 205, -1,
      358, 727, 728, -1,
      728, 727, 732, -1,
      728, 732, 733, -1,
      733, 732, 734, -1,
      733, 734, 735, -1,
      735, 734, 566, -1,
      735, 566, 565, -1,
      677, 679, 596, -1,
      596, 679, 598, -1,
      564, 70, 736, -1,
      736, 70, 67, -1,
      736, 67, 737, -1,
      67, 738, 737, -1,
      737, 738, 739, -1,
      737, 739, 740, -1,
      740, 739, 741, -1,
      740, 741, 742, -1,
      742, 741, 743, -1,
      742, 743, 744, -1,
      744, 743, 745, -1,
      744, 745, 746, -1,
      746, 745, 747, -1,
      746, 747, 748, -1,
      748, 747, 584, -1,
      748, 584, 574, -1,
      583, 582, 749, -1,
      583, 749, 750, -1,
      750, 749, 751, -1,
      750, 751, 752, -1,
      752, 751, 753, -1,
      752, 753, 754, -1,
      754, 753, 755, -1,
      754, 755, 756, -1,
      756, 755, 757, -1,
      756, 757, 758, -1,
      758, 757, 759, -1,
      758, 759, 760, -1,
      760, 759, 172, -1,
      760, 172, 171, -1,
      349, 348, 761, -1,
      761, 348, 762, -1,
      761, 762, 763, -1,
      763, 762, 764, -1,
      763, 764, 765, -1,
      765, 764, 766, -1,
      765, 766, 767, -1,
      767, 766, 768, -1,
      767, 768, 769, -1,
      769, 768, 770, -1,
      769, 770, 691, -1,
      691, 770, 692, -1,
      347, 346, 360, -1,
      360, 346, 771, -1,
      360, 771, 362, -1,
      362, 771, 772, -1,
      362, 772, 364, -1,
      364, 772, 773, -1,
      364, 773, 365, -1,
      365, 773, 774, -1,
      365, 774, 356, -1,
      356, 774, 775, -1,
      356, 775, 357, -1,
      357, 775, 660, -1,
      657, 688, 776, -1,
      776, 688, 777, -1,
      776, 777, 778, -1,
      778, 777, 779, -1,
      778, 779, 780, -1,
      780, 779, 781, -1,
      780, 781, 782, -1,
      782, 781, 783, -1,
      782, 783, 784, -1,
      784, 783, 785, -1,
      784, 785, 3, -1,
      3, 785, 12, -1,
      208, 192, 345, -1,
      350, 174, 175, -1,
      350, 175, 345, -1,
      345, 175, 207, -1,
      345, 207, 208, -1,
      693, 585, 691, -1,
      691, 585, 583, -1,
      691, 583, 769, -1,
      769, 583, 750, -1,
      769, 750, 767, -1,
      750, 752, 767, -1,
      767, 752, 754, -1,
      767, 754, 765, -1,
      765, 754, 756, -1,
      765, 756, 763, -1,
      763, 756, 758, -1,
      763, 758, 761, -1,
      761, 758, 760, -1,
      761, 760, 349, -1,
      174, 350, 173, -1,
      173, 350, 349, -1,
      173, 349, 171, -1,
      171, 349, 760, -1,
      346, 345, 192, -1,
      567, 666, 565, -1,
      565, 666, 660, -1,
      565, 660, 735, -1,
      735, 660, 775, -1,
      735, 775, 733, -1,
      733, 775, 774, -1,
      733, 774, 728, -1,
      728, 774, 773, -1,
      192, 184, 346, -1,
      346, 184, 206, -1,
      346, 206, 771, -1,
      771, 206, 731, -1,
      771, 731, 772, -1,
      772, 731, 730, -1,
      772, 730, 773, -1,
      773, 730, 729, -1,
      773, 729, 728, -1,
      674, 673, 624, -1,
      624, 673, 622, -1,
      625, 608, 656, -1,
      656, 608, 654, -1,
      606, 623, 676, -1,
      676, 623, 675, -1,
      786, 787, 788, -1,
      788, 787, 789, -1,
      645, 637, 720, -1,
      720, 637, 649, -1,
      719, 718, 641, -1,
      641, 718, 638, -1,
      191, 190, 790, -1,
      790, 190, 791, -1,
      790, 791, 792, -1,
      791, 793, 792, -1,
      792, 793, 794, -1,
      792, 794, 795, -1,
      795, 794, 796, -1,
      795, 796, 797, -1,
      797, 796, 798, -1,
      798, 796, 799, -1,
      798, 799, 800, -1,
      799, 801, 800, -1,
      800, 801, 802, -1,
      800, 802, 803, -1,
      803, 802, 804, -1,
      803, 804, 805, -1,
      805, 804, 806, -1,
      806, 804, 807, -1,
      806, 807, 808, -1,
      807, 809, 808, -1,
      808, 809, 786, -1,
      808, 786, 788, -1,
      810, 811, 812, -1,
      813, 814, 815, -1,
      816, 817, 818, -1,
      819, 820, 788, -1,
      821, 822, 788, -1,
      823, 824, 825, -1,
      825, 824, 788, -1,
      821, 788, 824, -1,
      806, 808, 820, -1,
      820, 808, 788, -1,
      822, 819, 788, -1,
      816, 818, 823, -1,
      826, 803, 805, -1,
      823, 818, 824, -1,
      824, 818, 827, -1,
      824, 827, 821, -1,
      821, 827, 828, -1,
      821, 828, 822, -1,
      822, 828, 829, -1,
      822, 829, 819, -1,
      819, 829, 826, -1,
      819, 826, 820, -1,
      820, 826, 805, -1,
      820, 805, 806, -1,
      813, 815, 817, -1,
      830, 798, 800, -1,
      817, 815, 818, -1,
      818, 815, 831, -1,
      818, 831, 827, -1,
      827, 831, 832, -1,
      827, 832, 828, -1,
      828, 832, 833, -1,
      828, 833, 829, -1,
      829, 833, 830, -1,
      829, 830, 826, -1,
      826, 830, 800, -1,
      826, 800, 803, -1,
      834, 795, 797, -1,
      814, 835, 815, -1,
      815, 835, 836, -1,
      815, 836, 831, -1,
      831, 836, 837, -1,
      831, 837, 832, -1,
      832, 837, 838, -1,
      832, 838, 833, -1,
      833, 838, 834, -1,
      833, 834, 830, -1,
      830, 834, 797, -1,
      830, 797, 798, -1,
      814, 839, 835, -1,
      835, 839, 840, -1,
      835, 840, 810, -1,
      841, 790, 792, -1,
      810, 812, 835, -1,
      835, 812, 842, -1,
      835, 842, 836, -1,
      836, 842, 843, -1,
      836, 843, 837, -1,
      837, 843, 844, -1,
      837, 844, 838, -1,
      838, 844, 841, -1,
      838, 841, 834, -1,
      834, 841, 792, -1,
      834, 792, 795, -1,
      191, 790, 193, -1,
      193, 790, 841, -1,
      193, 841, 194, -1,
      194, 841, 844, -1,
      194, 844, 182, -1,
      182, 844, 843, -1,
      182, 843, 183, -1,
      183, 843, 842, -1,
      183, 842, 185, -1,
      185, 842, 812, -1,
      185, 812, 195, -1,
      195, 812, 811, -1,
      793, 791, 845, -1,
      801, 799, 846, -1,
      804, 802, 847, -1,
      848, 849, 786, -1,
      850, 851, 786, -1,
      807, 852, 809, -1,
      809, 852, 786, -1,
      850, 786, 852, -1,
      853, 854, 849, -1,
      849, 854, 786, -1,
      851, 848, 786, -1,
      804, 847, 807, -1,
      855, 856, 857, -1,
      807, 847, 852, -1,
      852, 847, 858, -1,
      852, 858, 850, -1,
      850, 858, 859, -1,
      850, 859, 851, -1,
      851, 859, 860, -1,
      851, 860, 848, -1,
      848, 860, 855, -1,
      848, 855, 849, -1,
      849, 855, 857, -1,
      849, 857, 853, -1,
      801, 846, 802, -1,
      861, 862, 863, -1,
      802, 846, 847, -1,
      847, 846, 864, -1,
      847, 864, 858, -1,
      858, 864, 865, -1,
      858, 865, 859, -1,
      859, 865, 866, -1,
      859, 866, 860, -1,
      860, 866, 861, -1,
      860, 861, 855, -1,
      855, 861, 863, -1,
      855, 863, 856, -1,
      867, 868, 869, -1,
      799, 870, 846, -1,
      846, 870, 871, -1,
      846, 871, 864, -1,
      864, 871, 872, -1,
      864, 872, 865, -1,
      865, 872, 873, -1,
      865, 873, 866, -1,
      866, 873, 867, -1,
      866, 867, 861, -1,
      861, 867, 869, -1,
      861, 869, 862, -1,
      799, 796, 870, -1,
      870, 796, 794, -1,
      870, 794, 793, -1,
      874, 875, 876, -1,
      793, 845, 870, -1,
      870, 845, 877, -1,
      870, 877, 871, -1,
      871, 877, 878, -1,
      871, 878, 872, -1,
      872, 878, 879, -1,
      872, 879, 873, -1,
      873, 879, 874, -1,
      873, 874, 867, -1,
      867, 874, 876, -1,
      867, 876, 868, -1,
      178, 875, 179, -1,
      179, 875, 874, -1,
      179, 874, 187, -1,
      187, 874, 879, -1,
      187, 879, 188, -1,
      188, 879, 878, -1,
      188, 878, 189, -1,
      189, 878, 877, -1,
      189, 877, 209, -1,
      209, 877, 845, -1,
      209, 845, 190, -1,
      190, 845, 791, -1,
      180, 195, 880, -1,
      880, 195, 811, -1,
      880, 811, 881, -1,
      881, 811, 810, -1,
      881, 810, 882, -1,
      882, 810, 840, -1,
      882, 840, 883, -1,
      840, 839, 883, -1,
      883, 839, 814, -1,
      883, 814, 884, -1,
      884, 814, 813, -1,
      884, 813, 885, -1,
      885, 813, 817, -1,
      885, 817, 886, -1,
      886, 817, 816, -1,
      886, 816, 887, -1,
      887, 816, 888, -1,
      888, 816, 823, -1,
      888, 823, 889, -1,
      823, 825, 889, -1,
      889, 825, 788, -1,
      889, 788, 789, -1,
      863, 890, 891, -1,
      863, 891, 856, -1,
      856, 891, 892, -1,
      856, 892, 857, -1,
      857, 892, 893, -1,
      857, 893, 853, -1,
      853, 893, 894, -1,
      853, 894, 854, -1,
      854, 894, 787, -1,
      854, 787, 786, -1,
      890, 863, 895, -1,
      895, 863, 862, -1,
      895, 862, 896, -1,
      862, 869, 896, -1,
      896, 869, 868, -1,
      896, 868, 897, -1,
      897, 868, 876, -1,
      897, 876, 898, -1,
      898, 876, 875, -1,
      898, 875, 899, -1,
      899, 875, 178, -1,
      899, 178, 177, -1,
      900, 901, 902, -1,
      903, 904, 905, -1,
      906, 907, 908, -1,
      909, 910, 789, -1,
      911, 912, 789, -1,
      913, 914, 915, -1,
      915, 914, 789, -1,
      911, 789, 914, -1,
      888, 889, 910, -1,
      910, 889, 789, -1,
      912, 909, 789, -1,
      906, 908, 913, -1,
      916, 886, 887, -1,
      913, 908, 914, -1,
      914, 908, 917, -1,
      914, 917, 911, -1,
      911, 917, 918, -1,
      911, 918, 912, -1,
      912, 918, 919, -1,
      912, 919, 909, -1,
      909, 919, 916, -1,
      909, 916, 910, -1,
      910, 916, 887, -1,
      910, 887, 888, -1,
      903, 905, 907, -1,
      920, 884, 885, -1,
      907, 905, 908, -1,
      908, 905, 921, -1,
      908, 921, 917, -1,
      917, 921, 922, -1,
      917, 922, 918, -1,
      918, 922, 923, -1,
      918, 923, 919, -1,
      919, 923, 920, -1,
      919, 920, 916, -1,
      916, 920, 885, -1,
      916, 885, 886, -1,
      924, 882, 883, -1,
      904, 925, 905, -1,
      905, 925, 926, -1,
      905, 926, 921, -1,
      921, 926, 927, -1,
      921, 927, 922, -1,
      922, 927, 928, -1,
      922, 928, 923, -1,
      923, 928, 924, -1,
      923, 924, 920, -1,
      920, 924, 883, -1,
      920, 883, 884, -1,
      904, 929, 925, -1,
      925, 929, 930, -1,
      925, 930, 900, -1,
      931, 880, 881, -1,
      900, 902, 925, -1,
      925, 902, 932, -1,
      925, 932, 926, -1,
      926, 932, 933, -1,
      926, 933, 927, -1,
      927, 933, 934, -1,
      927, 934, 928, -1,
      928, 934, 931, -1,
      928, 931, 924, -1,
      924, 931, 881, -1,
      924, 881, 882, -1,
      180, 880, 181, -1,
      181, 880, 931, -1,
      181, 931, 196, -1,
      196, 931, 934, -1,
      196, 934, 197, -1,
      197, 934, 933, -1,
      197, 933, 198, -1,
      198, 933, 932, -1,
      198, 932, 202, -1,
      202, 932, 902, -1,
      202, 902, 203, -1,
      203, 902, 901, -1,
      898, 899, 935, -1,
      890, 895, 936, -1,
      892, 891, 937, -1,
      938, 939, 787, -1,
      940, 941, 787, -1,
      893, 942, 894, -1,
      894, 942, 787, -1,
      940, 787, 942, -1,
      943, 944, 939, -1,
      939, 944, 787, -1,
      941, 938, 787, -1,
      892, 937, 893, -1,
      945, 946, 947, -1,
      893, 937, 942, -1,
      942, 937, 948, -1,
      942, 948, 940, -1,
      940, 948, 949, -1,
      940, 949, 941, -1,
      941, 949, 950, -1,
      941, 950, 938, -1,
      938, 950, 945, -1,
      938, 945, 939, -1,
      939, 945, 947, -1,
      939, 947, 943, -1,
      890, 936, 891, -1,
      951, 952, 953, -1,
      891, 936, 937, -1,
      937, 936, 954, -1,
      937, 954, 948, -1,
      948, 954, 955, -1,
      948, 955, 949, -1,
      949, 955, 956, -1,
      949, 956, 950, -1,
      950, 956, 951, -1,
      950, 951, 945, -1,
      945, 951, 953, -1,
      945, 953, 946, -1,
      957, 958, 959, -1,
      895, 960, 936, -1,
      936, 960, 961, -1,
      936, 961, 954, -1,
      954, 961, 962, -1,
      954, 962, 955, -1,
      955, 962, 963, -1,
      955, 963, 956, -1,
      956, 963, 957, -1,
      956, 957, 951, -1,
      951, 957, 959, -1,
      951, 959, 952, -1,
      895, 896, 960, -1,
      960, 896, 897, -1,
      960, 897, 898, -1,
      964, 965, 966, -1,
      898, 935, 960, -1,
      960, 935, 967, -1,
      960, 967, 961, -1,
      961, 967, 968, -1,
      961, 968, 962, -1,
      962, 968, 969, -1,
      962, 969, 963, -1,
      963, 969, 964, -1,
      963, 964, 957, -1,
      957, 964, 966, -1,
      957, 966, 958, -1,
      204, 965, 199, -1,
      199, 965, 964, -1,
      199, 964, 200, -1,
      200, 964, 969, -1,
      200, 969, 201, -1,
      201, 969, 968, -1,
      201, 968, 186, -1,
      186, 968, 967, -1,
      186, 967, 176, -1,
      176, 967, 935, -1,
      176, 935, 177, -1,
      177, 935, 899, -1,
      204, 203, 901, -1,
      204, 901, 965, -1,
      965, 901, 900, -1,
      965, 900, 966, -1,
      966, 900, 958, -1,
      958, 900, 930, -1,
      958, 930, 959, -1,
      930, 929, 959, -1,
      959, 929, 904, -1,
      959, 904, 952, -1,
      952, 904, 903, -1,
      952, 903, 953, -1,
      953, 903, 907, -1,
      953, 907, 946, -1,
      946, 907, 906, -1,
      946, 906, 947, -1,
      947, 906, 943, -1,
      943, 906, 913, -1,
      943, 913, 944, -1,
      913, 915, 944, -1,
      944, 915, 789, -1,
      944, 789, 787, -1,
      1, 0, 736, -1,
      736, 0, 564, -1,
      3, 1, 784, -1,
      784, 1, 782, -1,
      573, 663, 574, -1,
      574, 663, 657, -1,
      574, 657, 748, -1,
      748, 657, 776, -1,
      748, 776, 746, -1,
      746, 776, 778, -1,
      746, 778, 744, -1,
      744, 778, 780, -1,
      744, 780, 742, -1,
      742, 780, 740, -1,
      740, 780, 782, -1,
      740, 782, 737, -1,
      737, 782, 1, -1,
      737, 1, 736, -1,
      580, 579, 678, -1,
      678, 579, 680, -1,
      727, 646, 647, -1,
      647, 575, 566, -1,
      566, 734, 647, -1,
      647, 734, 732, -1,
      647, 732, 727, -1,
      595, 597, 708, -1,
      708, 597, 709, -1,
      594, 593, 705, -1,
      705, 593, 706, -1,
      708, 706, 595, -1,
      595, 706, 593, -1,
      596, 594, 677, -1,
      677, 594, 705, -1,
      598, 679, 681, -1,
      598, 681, 599, -1,
      599, 681, 704, -1,
      599, 704, 614, -1,
      614, 704, 703, -1,
      614, 703, 615, -1,
      615, 703, 702, -1,
      615, 702, 617, -1,
      617, 702, 716, -1,
      617, 716, 616, -1,
      616, 716, 680, -1,
      616, 680, 579, -1,
      663, 573, 664, -1,
      664, 573, 621, -1,
      664, 621, 699, -1,
      699, 621, 600, -1,
      699, 600, 697, -1,
      697, 600, 602, -1,
      697, 602, 695, -1,
      695, 602, 604, -1,
      695, 604, 707, -1,
      707, 604, 605, -1,
      707, 605, 678, -1,
      678, 605, 580, -1,
      575, 647, 576, -1,
      576, 647, 648, -1,
      576, 648, 578, -1,
      578, 648, 662, -1,
      578, 662, 590, -1,
      590, 662, 661, -1,
      590, 661, 591, -1,
      591, 661, 668, -1,
      591, 668, 592, -1,
      592, 668, 659, -1,
      592, 659, 611, -1,
      611, 659, 658, -1,
      611, 658, 612, -1,
      612, 658, 665, -1,
      612, 665, 613, -1,
      613, 665, 701, -1,
      613, 701, 601, -1,
      601, 701, 700, -1,
      601, 700, 603, -1,
      603, 700, 698, -1,
      603, 698, 581, -1,
      581, 698, 696, -1,
      581, 696, 597, -1,
      597, 696, 709, -1,
      619, 714, 618, -1,
      618, 714, 713, -1,
      618, 713, 634, -1,
      634, 713, 672, -1,
      634, 672, 635, -1,
      635, 672, 671, -1,
      635, 671, 630, -1,
      630, 671, 651, -1,
      630, 651, 628, -1,
      628, 651, 670, -1,
      628, 670, 608, -1,
      608, 670, 654, -1,
      714, 619, 715, -1,
      715, 619, 620, -1,
      715, 620, 690, -1,
      690, 620, 589, -1,
      690, 589, 689, -1,
      689, 589, 588, -1,
      689, 588, 687, -1,
      687, 588, 587, -1,
      687, 587, 694, -1,
      694, 587, 586, -1,
      694, 586, 693, -1,
      693, 586, 585, -1,
      572, 682, 577, -1,
      577, 682, 725, -1,
      577, 725, 569, -1,
      569, 725, 712, -1,
      569, 712, 570, -1,
      570, 712, 711, -1,
      570, 711, 571, -1,
      571, 711, 669, -1,
      571, 669, 568, -1,
      568, 669, 667, -1,
      568, 667, 567, -1,
      567, 667, 666, -1,
      638, 718, 633, -1,
      633, 718, 717, -1,
      633, 717, 632, -1,
      632, 717, 686, -1,
      632, 686, 631, -1,
      631, 686, 685, -1,
      631, 685, 629, -1,
      629, 685, 684, -1,
      629, 684, 636, -1,
      636, 684, 683, -1,
      636, 683, 572, -1,
      572, 683, 682, -1,
      127, 135, 66, -1,
      66, 135, 65, -1,
      121, 120, 15, -1,
      15, 120, 30, -1,
      122, 124, 970, -1,
      971, 343, 972, -1,
      972, 343, 122, -1,
      972, 122, 973, -1,
      973, 122, 974, -1,
      970, 975, 122, -1,
      122, 975, 976, -1,
      122, 976, 977, -1,
      977, 978, 122, -1,
      122, 978, 979, -1,
      122, 979, 974, -1,
      980, 981, 342, -1,
      342, 981, 982, -1,
      342, 982, 9, -1,
      9, 982, 11, -1,
      971, 972, 983, -1,
      983, 972, 40, -1,
      983, 40, 982, -1,
      982, 40, 11, -1,
      983, 982, 981, -1,
      980, 342, 341, -1,
      30, 120, 163, -1,
      30, 163, 31, -1,
      31, 163, 162, -1,
      31, 162, 32, -1,
      32, 162, 159, -1,
      32, 159, 33, -1,
      33, 159, 160, -1,
      33, 160, 34, -1,
      34, 160, 161, -1,
      34, 161, 4, -1,
      4, 161, 119, -1,
      4, 119, 2, -1,
      121, 15, 106, -1,
      106, 15, 14, -1,
      106, 14, 88, -1,
      88, 14, 13, -1,
      88, 13, 89, -1,
      89, 13, 29, -1,
      89, 29, 90, -1,
      90, 29, 28, -1,
      90, 28, 82, -1,
      82, 28, 27, -1,
      82, 27, 135, -1,
      135, 27, 65, -1,
      124, 60, 970, -1,
      970, 60, 59, -1,
      970, 59, 975, -1,
      975, 59, 976, -1,
      976, 59, 44, -1,
      976, 44, 977, -1,
      977, 44, 978, -1,
      978, 44, 43, -1,
      978, 43, 979, -1,
      979, 43, 42, -1,
      979, 42, 974, -1,
      974, 42, 41, -1,
      974, 41, 973, -1,
      973, 41, 40, -1,
      973, 40, 972, -1,
      127, 66, 110, -1,
      110, 66, 45, -1,
      110, 45, 109, -1,
      109, 45, 64, -1,
      109, 64, 97, -1,
      97, 64, 63, -1,
      97, 63, 95, -1,
      95, 63, 46, -1,
      95, 46, 93, -1,
      93, 46, 52, -1,
      93, 52, 100, -1,
      100, 52, 61, -1,
      984, 985, 986, -1,
      986, 985, 987, -1,
      986, 988, 989, -1,
      989, 988, 990, -1,
      991, 992, 993, -1,
      994, 995, 996, -1,
      997, 998, 167, -1,
      87, 999, 101, -1,
      101, 999, 1000, -1,
      101, 1000, 76, -1,
      75, 76, 1001, -1,
      1001, 76, 1000, -1,
      1001, 1000, 1002, -1,
      998, 997, 1003, -1,
      1003, 997, 1004, -1,
      1003, 1004, 1005, -1,
      74, 75, 1006, -1,
      1006, 75, 1001, -1,
      1006, 1001, 1007, -1,
      1007, 1001, 1002, -1,
      1007, 1002, 1008, -1,
      166, 74, 1009, -1,
      1009, 74, 1006, -1,
      1009, 1006, 1010, -1,
      1010, 1006, 1007, -1,
      1010, 1007, 1011, -1,
      1011, 1007, 1008, -1,
      1011, 1008, 1012, -1,
      1013, 1014, 1015, -1,
      1015, 1016, 1013, -1,
      1013, 1016, 1017, -1,
      1013, 1017, 1004, -1,
      1004, 1017, 1018, -1,
      1004, 1018, 1005, -1,
      1019, 989, 1020, -1,
      1020, 989, 990, -1,
      1020, 990, 1021, -1,
      1021, 990, 1022, -1,
      992, 1022, 993, -1,
      993, 1022, 990, -1,
      993, 990, 1023, -1,
      1023, 990, 988, -1,
      1023, 988, 1024, -1,
      1024, 988, 986, -1,
      167, 166, 997, -1,
      997, 166, 1009, -1,
      997, 1009, 1004, -1,
      1004, 1009, 1010, -1,
      1004, 1010, 1013, -1,
      1013, 1010, 1011, -1,
      1013, 1011, 1014, -1,
      1014, 1011, 1012, -1,
      1014, 1012, 1025, -1,
      1019, 1026, 989, -1,
      989, 1026, 986, -1,
      986, 1027, 1025, -1,
      1025, 1027, 1028, -1,
      1025, 1028, 1014, -1,
      1014, 1028, 1029, -1,
      1014, 1029, 1015, -1,
      999, 994, 1000, -1,
      1000, 994, 996, -1,
      1000, 996, 1002, -1,
      1002, 996, 1030, -1,
      1002, 1030, 1008, -1,
      1008, 1030, 1031, -1,
      1008, 1031, 1012, -1,
      1012, 1031, 1032, -1,
      1012, 1032, 1025, -1,
      1025, 1032, 986, -1,
      995, 991, 996, -1,
      996, 991, 993, -1,
      996, 993, 1030, -1,
      1030, 993, 1023, -1,
      1030, 1023, 1031, -1,
      1031, 1023, 1024, -1,
      1031, 1024, 1032, -1,
      1032, 1024, 986, -1,
      168, 167, 1033, -1,
      1033, 167, 998, -1,
      1033, 998, 1034, -1,
      998, 1003, 1034, -1,
      1034, 1003, 1005, -1,
      1034, 1005, 1035, -1,
      1035, 1005, 1018, -1,
      1035, 1018, 1036, -1,
      1036, 1018, 1017, -1,
      1036, 1017, 1037, -1,
      1037, 1017, 1016, -1,
      1037, 1016, 1038, -1,
      1038, 1016, 1039, -1,
      1039, 1016, 1015, -1,
      1039, 1015, 1040, -1,
      1040, 1015, 1029, -1,
      1040, 1029, 1041, -1,
      1041, 1029, 1028, -1,
      1041, 1028, 1042, -1,
      1028, 1027, 1042, -1,
      1042, 1027, 986, -1,
      1042, 986, 987, -1,
      986, 1026, 984, -1,
      984, 1026, 1043, -1,
      1043, 1026, 1044, -1,
      1044, 1026, 1019, -1,
      1044, 1019, 1045, -1,
      1019, 1020, 1045, -1,
      1045, 1020, 1021, -1,
      1045, 1021, 1046, -1,
      1046, 1021, 1022, -1,
      1046, 1022, 1047, -1,
      1047, 1022, 1048, -1,
      1048, 1022, 992, -1,
      1048, 992, 1049, -1,
      994, 1050, 995, -1,
      995, 1050, 1049, -1,
      995, 1049, 991, -1,
      991, 1049, 992, -1,
      87, 86, 999, -1,
      999, 86, 1051, -1,
      999, 1051, 994, -1,
      994, 1051, 1052, -1,
      994, 1052, 1050, -1,
      987, 1053, 1054, -1,
      1054, 1053, 1055, -1,
      1036, 1037, 1056, -1,
      1034, 1035, 1057, -1,
      1058, 1059, 140, -1,
      168, 1033, 138, -1,
      138, 1033, 1060, -1,
      138, 1060, 139, -1,
      77, 139, 1061, -1,
      1061, 139, 1060, -1,
      1061, 1060, 1062, -1,
      1059, 1058, 1063, -1,
      1063, 1058, 1064, -1,
      1063, 1064, 1065, -1,
      78, 77, 1066, -1,
      1066, 77, 1061, -1,
      1066, 1061, 1067, -1,
      1067, 1061, 1062, -1,
      1067, 1062, 1068, -1,
      111, 78, 1069, -1,
      1069, 78, 1066, -1,
      1069, 1066, 1070, -1,
      1070, 1066, 1067, -1,
      1070, 1067, 1071, -1,
      1071, 1067, 1068, -1,
      1071, 1068, 1072, -1,
      1073, 1074, 1075, -1,
      1075, 1076, 1073, -1,
      1073, 1076, 1077, -1,
      1073, 1077, 1064, -1,
      1064, 1077, 1078, -1,
      1064, 1078, 1065, -1,
      1041, 1054, 1040, -1,
      1040, 1054, 1055, -1,
      1040, 1055, 1039, -1,
      1039, 1055, 1038, -1,
      1037, 1038, 1056, -1,
      1056, 1038, 1055, -1,
      1056, 1055, 1079, -1,
      1079, 1055, 1053, -1,
      1079, 1053, 1080, -1,
      1080, 1053, 987, -1,
      140, 111, 1058, -1,
      1058, 111, 1069, -1,
      1058, 1069, 1064, -1,
      1064, 1069, 1070, -1,
      1064, 1070, 1073, -1,
      1073, 1070, 1071, -1,
      1073, 1071, 1074, -1,
      1074, 1071, 1072, -1,
      1074, 1072, 1081, -1,
      1041, 1042, 1054, -1,
      1054, 1042, 987, -1,
      987, 1082, 1081, -1,
      1081, 1082, 1083, -1,
      1081, 1083, 1074, -1,
      1074, 1083, 1084, -1,
      1074, 1084, 1075, -1,
      1033, 1034, 1060, -1,
      1060, 1034, 1057, -1,
      1060, 1057, 1062, -1,
      1062, 1057, 1085, -1,
      1062, 1085, 1068, -1,
      1068, 1085, 1086, -1,
      1068, 1086, 1072, -1,
      1072, 1086, 1087, -1,
      1072, 1087, 1081, -1,
      1081, 1087, 987, -1,
      1035, 1036, 1057, -1,
      1057, 1036, 1056, -1,
      1057, 1056, 1085, -1,
      1085, 1056, 1079, -1,
      1085, 1079, 1086, -1,
      1086, 1079, 1080, -1,
      1086, 1080, 1087, -1,
      1087, 1080, 987, -1,
      984, 1088, 1089, -1,
      1089, 1088, 1090, -1,
      1091, 1092, 1093, -1,
      1094, 1095, 1096, -1,
      1097, 1051, 86, -1,
      136, 1098, 137, -1,
      137, 1098, 1099, -1,
      137, 1099, 84, -1,
      83, 84, 1100, -1,
      1100, 84, 1099, -1,
      1100, 1099, 1101, -1,
      1051, 1097, 1052, -1,
      1052, 1097, 1102, -1,
      1052, 1102, 1050, -1,
      81, 83, 1103, -1,
      1103, 83, 1100, -1,
      1103, 1100, 1104, -1,
      1104, 1100, 1101, -1,
      1104, 1101, 1105, -1,
      85, 81, 1106, -1,
      1106, 81, 1103, -1,
      1106, 1103, 1107, -1,
      1107, 1103, 1104, -1,
      1107, 1104, 1108, -1,
      1108, 1104, 1105, -1,
      1108, 1105, 1109, -1,
      1110, 1111, 1046, -1,
      1046, 1047, 1110, -1,
      1110, 1047, 1048, -1,
      1110, 1048, 1102, -1,
      1102, 1048, 1049, -1,
      1102, 1049, 1050, -1,
      1112, 1089, 1113, -1,
      1113, 1089, 1090, -1,
      1113, 1090, 1114, -1,
      1114, 1090, 1115, -1,
      1092, 1115, 1093, -1,
      1093, 1115, 1090, -1,
      1093, 1090, 1116, -1,
      1116, 1090, 1088, -1,
      1116, 1088, 1117, -1,
      1117, 1088, 984, -1,
      86, 85, 1097, -1,
      1097, 85, 1106, -1,
      1097, 1106, 1102, -1,
      1102, 1106, 1107, -1,
      1102, 1107, 1110, -1,
      1110, 1107, 1108, -1,
      1110, 1108, 1111, -1,
      1111, 1108, 1109, -1,
      1111, 1109, 1118, -1,
      1112, 1119, 1089, -1,
      1089, 1119, 984, -1,
      984, 1043, 1118, -1,
      1118, 1043, 1044, -1,
      1118, 1044, 1111, -1,
      1111, 1044, 1045, -1,
      1111, 1045, 1046, -1,
      1098, 1094, 1099, -1,
      1099, 1094, 1096, -1,
      1099, 1096, 1101, -1,
      1101, 1096, 1120, -1,
      1101, 1120, 1105, -1,
      1105, 1120, 1121, -1,
      1105, 1121, 1109, -1,
      1109, 1121, 1122, -1,
      1109, 1122, 1118, -1,
      1118, 1122, 984, -1,
      1095, 1091, 1096, -1,
      1096, 1091, 1093, -1,
      1096, 1093, 1120, -1,
      1120, 1093, 1116, -1,
      1120, 1116, 1121, -1,
      1121, 1116, 1117, -1,
      1121, 1117, 1122, -1,
      1122, 1117, 984, -1,
      141, 140, 1059, -1,
      141, 1059, 1123, -1,
      1123, 1059, 1063, -1,
      1123, 1063, 1124, -1,
      1124, 1063, 1065, -1,
      1124, 1065, 1125, -1,
      1125, 1065, 1078, -1,
      1125, 1078, 1126, -1,
      1126, 1078, 1077, -1,
      1126, 1077, 1127, -1,
      1127, 1077, 1076, -1,
      1127, 1076, 1128, -1,
      1128, 1076, 1075, -1,
      1128, 1075, 1129, -1,
      1129, 1075, 1084, -1,
      1129, 1084, 1130, -1,
      1130, 1084, 1131, -1,
      1131, 1084, 1083, -1,
      1131, 1083, 1132, -1,
      1083, 1082, 1132, -1,
      1132, 1082, 987, -1,
      1132, 987, 985, -1,
      1113, 1133, 1134, -1,
      1113, 1134, 1112, -1,
      1112, 1134, 1135, -1,
      1112, 1135, 1119, -1,
      1119, 1135, 985, -1,
      1119, 985, 984, -1,
      1133, 1113, 1136, -1,
      1136, 1113, 1114, -1,
      1136, 1114, 1137, -1,
      1137, 1114, 1115, -1,
      1137, 1115, 1138, -1,
      1138, 1115, 1092, -1,
      1138, 1092, 1139, -1,
      1094, 1140, 1095, -1,
      1095, 1140, 1139, -1,
      1095, 1139, 1091, -1,
      1091, 1139, 1092, -1,
      136, 128, 1098, -1,
      1098, 128, 1141, -1,
      1098, 1141, 1094, -1,
      1094, 1141, 1142, -1,
      1094, 1142, 1140, -1,
      985, 1143, 1144, -1,
      1144, 1143, 1145, -1,
      1126, 1127, 1146, -1,
      1124, 1125, 1147, -1,
      1148, 1141, 128, -1,
      141, 1123, 142, -1,
      142, 1123, 1149, -1,
      142, 1149, 68, -1,
      69, 68, 1150, -1,
      1150, 68, 1149, -1,
      1150, 1149, 1151, -1,
      1141, 1148, 1142, -1,
      1142, 1148, 1152, -1,
      1142, 1152, 1140, -1,
      130, 69, 1153, -1,
      1153, 69, 1150, -1,
      1153, 1150, 1154, -1,
      1154, 1150, 1151, -1,
      1154, 1151, 1155, -1,
      129, 130, 1156, -1,
      1156, 130, 1153, -1,
      1156, 1153, 1157, -1,
      1157, 1153, 1154, -1,
      1157, 1154, 1158, -1,
      1158, 1154, 1155, -1,
      1158, 1155, 1159, -1,
      1160, 1161, 1136, -1,
      1136, 1137, 1160, -1,
      1160, 1137, 1138, -1,
      1160, 1138, 1152, -1,
      1152, 1138, 1139, -1,
      1152, 1139, 1140, -1,
      1131, 1144, 1130, -1,
      1130, 1144, 1145, -1,
      1130, 1145, 1129, -1,
      1129, 1145, 1128, -1,
      1127, 1128, 1146, -1,
      1146, 1128, 1145, -1,
      1146, 1145, 1162, -1,
      1162, 1145, 1143, -1,
      1162, 1143, 1163, -1,
      1163, 1143, 985, -1,
      128, 129, 1148, -1,
      1148, 129, 1156, -1,
      1148, 1156, 1152, -1,
      1152, 1156, 1157, -1,
      1152, 1157, 1160, -1,
      1160, 1157, 1158, -1,
      1160, 1158, 1161, -1,
      1161, 1158, 1159, -1,
      1161, 1159, 1164, -1,
      1131, 1132, 1144, -1,
      1144, 1132, 985, -1,
      985, 1135, 1164, -1,
      1164, 1135, 1134, -1,
      1164, 1134, 1161, -1,
      1161, 1134, 1133, -1,
      1161, 1133, 1136, -1,
      1123, 1124, 1149, -1,
      1149, 1124, 1147, -1,
      1149, 1147, 1151, -1,
      1151, 1147, 1165, -1,
      1151, 1165, 1155, -1,
      1155, 1165, 1166, -1,
      1155, 1166, 1159, -1,
      1159, 1166, 1167, -1,
      1159, 1167, 1164, -1,
      1164, 1167, 985, -1,
      1125, 1126, 1147, -1,
      1147, 1126, 1146, -1,
      1147, 1146, 1165, -1,
      1165, 1146, 1162, -1,
      1165, 1162, 1166, -1,
      1166, 1162, 1163, -1,
      1166, 1163, 1167, -1,
      1167, 1163, 985, -1,
    ]
  }
}

Shape {
  appearance Appearance {
    material Material {
      diffuseColor 0.2510 0.2510 0.2510
      specularColor 0.1255 0.1255 0.1255
      ambientIntensity 0.2
      transparency 0.0000
      shininess 0.5
    }
  }
  geometry IndexedFaceSet {
    ccw TRUE
    solid FALSE
    coord DEF co Coordinate {
      point [
        -0.677014 1.330709 0.962851,
        -0.677014 1.330709 1.080524,
        0.677014 1.330709 0.962851,
        0.677014 1.330709 1.080524,
        -0.677014 1.094488 1.080524,
        -0.677014 1.095616 0.944142,
        -0.677014 1.329581 0.944142,
        -0.677014 1.094488 0.962851,
        0.677014 1.094488 1.080524,
        0.677014 1.329581 0.944142,
        0.677014 1.095616 0.944142,
        0.677014 1.094488 0.962851,
      ]
    }
    coordIndex [
      3, 8, 2, -1,
      2, 8, 11, -1,
      2, 11, 9, -1,
      9, 11, 10, -1,
      4, 1, 7, -1,
      7, 1, 0, -1,
      7, 0, 5, -1,
      5, 0, 6, -1,
    ]
  }
}

Shape {
  appearance Appearance {
    material Material {
      diffuseColor 0.7529 0.7529 0.7529
      specularColor 0.3765 0.3765 0.3765
      ambientIntensity 0.2
      transparency 0.0000
      shininess 0.5
    }
  }
  geometry IndexedFaceSet {
    ccw TRUE
    solid FALSE
    coord DEF co Coordinate {
      point [
        1.366142 -1.535433 1.125984,
        -1.366142 -1.535433 1.125984,
        1.366142 -1.535433 1.244094,
        -1.366142 -1.535433 1.244094,
        1.366142 -1.535433 0.000000,
        1.175197 -1.535433 0.000000,
        0.518454 -1.535433 0.000000,
        -0.470600 -1.535433 0.000000,
        -1.366142 -1.535433 0.000000,
        -0.067376 -1.535433 0.000000,
        -0.241420 -1.535433 0.000000,
        0.076661 -1.535433 0.000000,
        0.261509 -1.535433 0.000000,
        -1.759843 -1.535433 0.850394,
        -1.759843 -1.535433 0.393701,
        -1.641732 -1.535433 0.393701,
        -1.641732 -1.535433 0.850394,
        -1.749972 -1.535433 0.938000,
        -1.720854 -1.535433 1.021214,
        -1.673950 -1.535433 1.095862,
        -1.611610 -1.535433 1.158202,
        -1.536962 -1.535433 1.205106,
        -1.453748 -1.535433 1.234224,
        -1.453748 -1.535433 0.009871,
        -1.536962 -1.535433 0.038989,
        -1.611610 -1.535433 0.085893,
        -1.673950 -1.535433 0.148232,
        -1.720854 -1.535433 0.222880,
        -1.749972 -1.535433 0.306094,
        -1.632342 -1.535433 0.322373,
        -1.604810 -1.535433 0.255906,
        -1.561014 -1.535433 0.198829,
        -1.503937 -1.535433 0.155032,
        -1.437470 -1.535433 0.127501,
        -1.366142 -1.535433 0.118110,
        -1.574933 -1.555118 1.059185,
        -1.658559 -1.555118 1.083589,
        -1.621858 -1.555118 0.998031,
        -1.703118 -1.555118 1.012673,
        -1.651356 -1.555118 0.926817,
        -1.730780 -1.555118 0.933620,
        -1.661417 -1.555118 0.850394,
        -1.740157 -1.555118 0.850394,
        -1.661417 -1.555118 0.393701,
        -1.740157 -1.555118 0.393701,
        -1.651356 -1.555118 0.317278,
        -1.730780 -1.555118 0.310474,
        -1.621858 -1.555118 0.246063,
        -1.703118 -1.555118 0.231421,
        -1.574933 -1.555118 0.184909,
        1.574933 -1.555118 0.184909,
        1.658559 -1.555118 0.160506,
        1.621858 -1.555118 0.246063,
        1.703118 -1.555118 0.231421,
        1.651356 -1.555118 0.317278,
        1.730780 -1.555118 0.310474,
        1.661417 -1.555118 0.393701,
        1.740157 -1.555118 0.393701,
        1.661417 -1.555118 0.850394,
        1.740157 -1.555118 0.850394,
        1.651356 -1.555118 0.926817,
        1.730780 -1.555118 0.933620,
        1.621858 -1.555118 0.998031,
        1.703118 -1.555118 1.012673,
        1.574933 -1.555118 1.059185,
        -1.658559 -1.555118 0.160506,
        -1.599337 -1.555118 0.101283,
        -1.513780 -1.555118 0.137985,
        -1.528421 -1.555118 0.056724,
        -1.442565 -1.555118 0.108487,
        -1.449368 -1.555118 0.029062,
        -1.366142 -1.555118 0.098425,
        -1.366142 -1.555118 0.019685,
        1.366142 -1.555118 0.098425,
        1.366142 -1.555118 0.019685,
        1.442565 -1.555118 0.108487,
        1.449368 -1.555118 0.029062,
        1.513780 -1.555118 0.137985,
        1.528421 -1.555118 0.056724,
        1.599337 -1.555118 0.101283,
        1.658559 -1.555118 1.083589,
        1.599337 -1.555118 1.142811,
        1.513780 -1.555118 1.106110,
        1.528421 -1.555118 1.187370,
        1.442565 -1.555118 1.135608,
        1.449368 -1.555118 1.215032,
        1.366142 -1.555118 1.145669,
        1.366142 -1.555118 1.224409,
        -1.366142 -1.555118 1.145669,
        -1.366142 -1.555118 1.224409,
        -1.442565 -1.555118 1.135608,
        -1.449368 -1.555118 1.215032,
        -1.513780 -1.555118 1.106110,
        -1.528421 -1.555118 1.187370,
        -1.599337 -1.555118 1.142811,
        1.366142 -1.535433 0.118110,
        -1.437470 -1.535433 1.116594,
        -1.503937 -1.535433 1.089062,
        -1.561014 -1.535433 1.045266,
        -1.604810 -1.535433 0.988189,
        -1.632342 -1.535433 0.921722,
        1.759843 -1.535433 0.393701,
        1.759843 -1.535433 0.850394,
        1.641732 -1.535433 0.850394,
        1.641732 -1.535433 0.393701,
        1.453748 -1.535433 1.234224,
        1.536962 -1.535433 1.205106,
        1.611610 -1.535433 1.158202,
        1.673950 -1.535433 1.095862,
        1.720854 -1.535433 1.021214,
        1.749972 -1.535433 0.938000,
        1.749972 -1.535433 0.306094,
        1.720854 -1.535433 0.222880,
        1.673950 -1.535433 0.148232,
        1.611610 -1.535433 0.085893,
        1.536962 -1.535433 0.038989,
        1.453748 -1.535433 0.009871,
        1.437470 -1.535433 0.127501,
        1.503937 -1.535433 0.155032,
        1.561014 -1.535433 0.198829,
        1.604810 -1.535433 0.255906,
        1.632342 -1.535433 0.322373,
        1.632342 -1.535433 0.921722,
        1.604810 -1.535433 0.988189,
        1.561014 -1.535433 1.045266,
        1.503937 -1.535433 1.089062,
        1.437470 -1.535433 1.116594,
      ]
    }
    coordIndex [
      59, 102, 110, -1,
      59, 110, 61, -1,
      61, 110, 109, -1,
      61, 109, 63, -1,
      63, 109, 108, -1,
      63, 108, 80, -1,
      80, 108, 107, -1,
      80, 107, 81, -1,
      81, 107, 106, -1,
      81, 106, 83, -1,
      83, 106, 105, -1,
      83, 105, 85, -1,
      85, 105, 2, -1,
      85, 2, 87, -1,
      3, 89, 2, -1,
      2, 89, 87, -1,
      57, 101, 59, -1,
      59, 101, 102, -1,
      89, 3, 22, -1,
      89, 22, 91, -1,
      91, 22, 21, -1,
      91, 21, 93, -1,
      93, 21, 20, -1,
      93, 20, 94, -1,
      94, 20, 19, -1,
      94, 19, 36, -1,
      36, 19, 18, -1,
      36, 18, 38, -1,
      38, 18, 17, -1,
      38, 17, 40, -1,
      40, 17, 13, -1,
      40, 13, 42, -1,
      74, 4, 116, -1,
      74, 116, 76, -1,
      76, 116, 115, -1,
      76, 115, 78, -1,
      78, 115, 114, -1,
      78, 114, 79, -1,
      79, 114, 113, -1,
      79, 113, 51, -1,
      51, 113, 112, -1,
      51, 112, 53, -1,
      53, 112, 111, -1,
      53, 111, 55, -1,
      55, 111, 101, -1,
      55, 101, 57, -1,
      14, 44, 13, -1,
      13, 44, 42, -1,
      72, 8, 7, -1,
      12, 6, 74, -1,
      74, 6, 5, -1,
      74, 5, 4, -1,
      7, 10, 72, -1,
      72, 10, 9, -1,
      72, 9, 74, -1,
      74, 9, 11, -1,
      74, 11, 12, -1,
      44, 14, 28, -1,
      44, 28, 46, -1,
      46, 28, 27, -1,
      46, 27, 48, -1,
      48, 27, 26, -1,
      48, 26, 65, -1,
      65, 26, 25, -1,
      65, 25, 66, -1,
      66, 25, 24, -1,
      66, 24, 68, -1,
      68, 24, 23, -1,
      68, 23, 70, -1,
      70, 23, 8, -1,
      70, 8, 72, -1,
      16, 41, 15, -1,
      15, 41, 43, -1,
      1, 88, 96, -1,
      96, 88, 90, -1,
      96, 90, 97, -1,
      97, 90, 92, -1,
      97, 92, 98, -1,
      98, 92, 35, -1,
      98, 35, 99, -1,
      99, 35, 37, -1,
      99, 37, 100, -1,
      100, 37, 39, -1,
      100, 39, 16, -1,
      16, 39, 41, -1,
      15, 43, 29, -1,
      29, 43, 45, -1,
      29, 45, 30, -1,
      30, 45, 47, -1,
      30, 47, 31, -1,
      31, 47, 49, -1,
      31, 49, 32, -1,
      32, 49, 67, -1,
      32, 67, 33, -1,
      33, 67, 69, -1,
      33, 69, 34, -1,
      34, 69, 71, -1,
      0, 86, 1, -1,
      1, 86, 88, -1,
      73, 95, 71, -1,
      71, 95, 34, -1,
      103, 58, 122, -1,
      122, 58, 60, -1,
      122, 60, 123, -1,
      123, 60, 62, -1,
      123, 62, 124, -1,
      124, 62, 64, -1,
      124, 64, 125, -1,
      125, 64, 82, -1,
      125, 82, 126, -1,
      126, 82, 84, -1,
      126, 84, 0, -1,
      0, 84, 86, -1,
      95, 73, 117, -1,
      117, 73, 75, -1,
      117, 75, 118, -1,
      118, 75, 77, -1,
      118, 77, 119, -1,
      119, 77, 50, -1,
      119, 50, 120, -1,
      120, 50, 52, -1,
      120, 52, 121, -1,
      121, 52, 54, -1,
      121, 54, 104, -1,
      104, 54, 56, -1,
      104, 56, 103, -1,
      103, 56, 58, -1,
    ]
  }
}

Shape {
  appearance Appearance {
    material Material {
      diffuseColor 0.2510 0.2510 0.2510
      specularColor 0.1255 0.1255 0.1255
      ambientIntensity 0.2
      transparency 0.0000
      shininess 0.5
    }
  }
  geometry IndexedFaceSet {
    ccw TRUE
    solid FALSE
    coord DEF co Coordinate {
      point [
        0.297518 -0.324473 0.000000,
        0.268711 -0.324473 0.000000,
        -0.086580 -0.356281 0.000000,
        -0.086580 -0.334675 0.000000,
        -0.107564 -0.326060 0.000000,
        -0.115510 -0.522523 0.000000,
        -0.109340 -0.522098 0.000000,
        -0.086580 -0.515922 0.000000,
        -0.086580 -0.489515 0.000000,
        -0.108754 -0.499010 0.000000,
        -0.090109 -0.354327 0.000000,
        -0.132680 -0.502118 0.000000,
        -0.152063 -0.499941 0.000000,
        -0.166797 -0.494624 0.000000,
        -0.180422 -0.485509 0.000000,
        -0.192309 -0.472386 0.000000,
        -0.206611 -0.420797 0.000000,
        -0.204618 -0.399487 0.000000,
        -0.199270 -0.382555 0.000000,
        -0.155467 -0.345737 0.000000,
        -0.137106 -0.343678 0.000000,
        -0.169810 -0.351018 0.000000,
        -0.181891 -0.359160 0.000000,
        -0.191128 -0.368906 0.000000,
        -0.110976 -0.346578 0.000000,
        -0.200425 -0.457187 0.000000,
        -0.205672 -0.436113 0.000000,
        -0.132905 -0.523724 0.000000,
        -0.147607 -0.522523 0.000000,
        -0.222629 -0.469475 0.000000,
        -0.211091 -0.487880 0.000000,
        -0.199917 -0.341266 0.000000,
        -0.214703 -0.356833 0.000000,
        -0.225190 -0.375550 0.000000,
        -0.152321 -0.323272 0.000000,
        -0.165003 -0.324587 0.000000,
        -0.184083 -0.331155 0.000000,
        -0.193319 -0.504972 0.000000,
        -0.174621 -0.515734 0.000000,
        -0.152676 -0.522109 0.000000,
        -0.231115 -0.396387 0.000000,
        -0.233018 -0.419185 0.000000,
        -0.230186 -0.447171 0.000000,
        -0.127455 -0.323272 0.000000,
        -0.135362 -0.322165 0.000000,
        -0.140744 -0.322072 0.000000,
        -0.249822 -0.346078 0.000000,
        -0.249822 -0.324473 0.000000,
        -0.350648 -0.324473 0.000000,
        -0.324241 -0.346078 0.000000,
        -0.324241 -0.521323 0.000000,
        -0.350648 -0.521323 0.000000,
        -0.048170 -0.324473 0.000000,
        -0.048170 -0.521323 0.000000,
        0.052655 -0.521323 0.000000,
        0.052655 -0.499718 0.000000,
        0.047854 -0.413295 0.000000,
        -0.021764 -0.413295 0.000000,
        -0.021764 -0.346078 0.000000,
        0.057456 -0.346078 0.000000,
        0.047854 -0.434901 0.000000,
        -0.021764 -0.434901 0.000000,
        -0.021764 -0.499718 0.000000,
        0.057456 -0.324473 0.000000,
        0.151418 -0.521323 0.000000,
        0.179857 -0.518283 0.000000,
        0.202889 -0.510196 0.000000,
        0.224315 -0.495837 0.000000,
        0.244477 -0.378425 0.000000,
        0.233188 -0.360818 0.000000,
        0.216986 -0.345304 0.000000,
        0.196432 -0.333360 0.000000,
        0.224520 -0.495656 0.000000,
        0.238441 -0.480220 0.000000,
        0.247589 -0.463291 0.000000,
        0.173749 -0.326599 0.000000,
        0.149393 -0.324473 0.000000,
        0.095866 -0.324473 0.000000,
        0.095866 -0.521323 0.000000,
        0.252876 -0.443896 0.000000,
        0.254307 -0.425374 0.000000,
        0.251544 -0.399029 0.000000,
        0.369536 -0.521323 0.000000,
        0.343130 -0.521323 0.000000,
        0.446356 -0.324473 0.000000,
        0.417548 -0.324473 0.000000,
        0.397631 -0.379687 0.000000,
        0.316310 -0.379687 0.000000,
        0.369536 -0.521323 0.000394,
        0.446356 -0.324473 0.000394,
        0.417548 -0.324473 0.000394,
        0.397631 -0.379687 0.000394,
        0.316310 -0.379687 0.000394,
        0.297518 -0.324473 0.000394,
        0.268711 -0.324473 0.000394,
        0.343130 -0.521323 0.000394,
        0.322949 -0.401293 0.000394,
        0.352319 -0.483513 0.000394,
        0.354214 -0.490341 0.000394,
        0.355470 -0.497317 0.000394,
        0.356108 -0.497317 0.000394,
        0.357393 -0.490361 0.000394,
        0.388779 -0.401293 0.000394,
        0.359146 -0.483513 0.000394,
        0.322949 -0.401293 0.000000,
        0.388779 -0.401293 0.000000,
        0.352319 -0.483513 0.000000,
        0.354214 -0.490341 0.000000,
        0.355470 -0.497317 0.000000,
        0.356108 -0.497317 0.000000,
        0.357393 -0.490361 0.000000,
        0.359146 -0.483513 0.000000,
        0.149393 -0.324473 0.000394,
        0.095866 -0.324473 0.000394,
        0.095866 -0.521323 0.000394,
        0.151418 -0.521323 0.000394,
        0.254307 -0.425374 0.000394,
        0.252876 -0.443896 0.000394,
        0.247589 -0.463291 0.000394,
        0.238441 -0.480220 0.000394,
        0.224520 -0.495656 0.000394,
        0.224315 -0.495837 0.000394,
        0.202889 -0.510196 0.000394,
        0.179857 -0.518283 0.000394,
        0.173749 -0.326599 0.000394,
        0.196432 -0.333360 0.000394,
        0.216986 -0.345304 0.000394,
        0.233188 -0.360818 0.000394,
        0.244477 -0.378425 0.000394,
        0.251544 -0.399029 0.000394,
        0.214794 -0.472113 0.000394,
        0.205232 -0.482265 0.000394,
        0.190853 -0.491555 0.000394,
        0.174604 -0.497241 0.000394,
        0.151306 -0.499718 0.000394,
        0.122273 -0.499718 0.000394,
        0.122273 -0.346078 0.000394,
        0.150218 -0.346078 0.000394,
        0.170985 -0.348011 0.000394,
        0.187551 -0.353182 0.000394,
        0.200976 -0.361154 0.000394,
        0.212017 -0.372059 0.000394,
        0.220319 -0.385631 0.000394,
        0.226093 -0.404135 0.000394,
        0.227900 -0.424811 0.000394,
        0.226228 -0.444402 0.000394,
        0.221632 -0.459972 0.000394,
        0.151306 -0.499718 0.000000,
        0.122273 -0.499718 0.000000,
        0.174604 -0.497241 0.000000,
        0.190853 -0.491555 -0.000000,
        0.205232 -0.482265 0.000000,
        0.214794 -0.472113 0.000000,
        0.221632 -0.459972 0.000000,
        0.226228 -0.444402 0.000000,
        0.227900 -0.424811 0.000000,
        0.226093 -0.404135 0.000000,
        0.220319 -0.385631 0.000000,
        0.212017 -0.372059 0.000000,
        0.200976 -0.361154 0.000000,
        0.187551 -0.353182 0.000000,
        0.170985 -0.348011 0.000000,
        0.150218 -0.346078 0.000000,
        0.122273 -0.346078 0.000000,
        0.057456 -0.346078 0.000394,
        0.057456 -0.324473 0.000394,
        -0.048170 -0.324473 0.000394,
        -0.048170 -0.521323 0.000394,
        0.052655 -0.521323 0.000394,
        0.052655 -0.499718 0.000394,
        -0.021764 -0.499718 0.000394,
        -0.021764 -0.434901 0.000394,
        0.047854 -0.434901 0.000394,
        0.047854 -0.413295 0.000394,
        -0.021764 -0.413295 0.000394,
        -0.021764 -0.346078 0.000394,
        -0.086580 -0.356281 0.000394,
        -0.086580 -0.334675 0.000394,
        -0.107564 -0.326060 0.000394,
        -0.140744 -0.322072 0.000394,
        -0.135362 -0.322165 0.000394,
        -0.165003 -0.324587 0.000394,
        -0.184083 -0.331155 0.000394,
        -0.199917 -0.341266 0.000394,
        -0.214703 -0.356833 0.000394,
        -0.225190 -0.375550 0.000394,
        -0.231115 -0.396387 0.000394,
        -0.233018 -0.419185 0.000394,
        -0.152676 -0.522109 0.000394,
        -0.132905 -0.523724 0.000394,
        -0.174621 -0.515734 0.000394,
        -0.193319 -0.504972 0.000394,
        -0.211091 -0.487880 0.000394,
        -0.222629 -0.469475 0.000394,
        -0.230186 -0.447171 0.000394,
        -0.109340 -0.522098 0.000394,
        -0.086580 -0.515922 0.000394,
        -0.086580 -0.489515 0.000394,
        -0.132680 -0.502118 0.000394,
        -0.108754 -0.499010 0.000394,
        -0.206611 -0.420797 0.000394,
        -0.205672 -0.436113 0.000394,
        -0.200425 -0.457187 0.000394,
        -0.192309 -0.472386 0.000394,
        -0.180422 -0.485509 0.000394,
        -0.166797 -0.494624 0.000394,
        -0.152063 -0.499941 0.000394,
        -0.137106 -0.343678 0.000394,
        -0.155467 -0.345737 0.000394,
        -0.169810 -0.351018 0.000394,
        -0.181891 -0.359160 0.000394,
        -0.191128 -0.368906 0.000394,
        -0.199270 -0.382555 0.000394,
        -0.204618 -0.399487 0.000394,
        -0.090109 -0.354327 0.000394,
        -0.110976 -0.346578 0.000394,
        -0.249822 -0.346078 0.000394,
        -0.249822 -0.324473 0.000394,
        -0.350648 -0.324473 0.000394,
        -0.350648 -0.521323 0.000394,
        -0.324241 -0.521323 0.000394,
        -0.324241 -0.346078 0.000394,
      ]
    }
    coordIndex [
      88, 89, 82, -1,
      82, 89, 84, -1,
      89, 90, 84, -1,
      84, 90, 85, -1,
      90, 91, 85, -1,
      85, 91, 86, -1,
      91, 92, 86, -1,
      86, 92, 87, -1,
      92, 93, 87, -1,
      87, 93, 0, -1,
      93, 94, 0, -1,
      0, 94, 1, -1,
      94, 95, 1, -1,
      1, 95, 83, -1,
      95, 88, 83, -1,
      83, 88, 82, -1,
      96, 97, 95, -1,
      94, 93, 92, -1,
      97, 98, 95, -1,
      95, 98, 99, -1,
      95, 99, 88, -1,
      88, 99, 100, -1,
      88, 100, 101, -1,
      95, 94, 96, -1,
      96, 94, 92, -1,
      96, 92, 102, -1,
      102, 92, 91, -1,
      101, 103, 88, -1,
      88, 103, 102, -1,
      88, 102, 89, -1,
      89, 102, 91, -1,
      89, 91, 90, -1,
      96, 102, 104, -1,
      104, 102, 105, -1,
      97, 96, 106, -1,
      106, 96, 104, -1,
      97, 106, 107, -1,
      97, 107, 98, -1,
      98, 107, 108, -1,
      98, 108, 99, -1,
      100, 99, 109, -1,
      109, 99, 108, -1,
      100, 109, 110, -1,
      100, 110, 101, -1,
      101, 110, 111, -1,
      101, 111, 103, -1,
      102, 103, 105, -1,
      105, 103, 111, -1,
      112, 113, 76, -1,
      76, 113, 77, -1,
      113, 114, 77, -1,
      77, 114, 78, -1,
      114, 115, 78, -1,
      78, 115, 64, -1,
      116, 80, 79, -1,
      116, 79, 117, -1,
      117, 79, 74, -1,
      117, 74, 118, -1,
      118, 74, 73, -1,
      118, 73, 119, -1,
      119, 73, 72, -1,
      119, 72, 120, -1,
      120, 72, 67, -1,
      120, 67, 121, -1,
      121, 67, 66, -1,
      121, 66, 122, -1,
      122, 66, 65, -1,
      122, 65, 123, -1,
      123, 65, 64, -1,
      123, 64, 115, -1,
      112, 76, 75, -1,
      112, 75, 124, -1,
      124, 75, 71, -1,
      124, 71, 125, -1,
      125, 71, 70, -1,
      125, 70, 126, -1,
      126, 70, 69, -1,
      126, 69, 127, -1,
      127, 69, 68, -1,
      127, 68, 128, -1,
      128, 68, 81, -1,
      128, 81, 129, -1,
      129, 81, 80, -1,
      129, 80, 116, -1,
      118, 119, 130, -1,
      130, 119, 120, -1,
      130, 120, 131, -1,
      131, 120, 121, -1,
      131, 121, 132, -1,
      132, 121, 122, -1,
      132, 122, 133, -1,
      133, 122, 123, -1,
      133, 123, 134, -1,
      134, 123, 115, -1,
      134, 115, 135, -1,
      135, 115, 114, -1,
      135, 114, 136, -1,
      136, 114, 113, -1,
      136, 113, 137, -1,
      137, 113, 112, -1,
      137, 112, 138, -1,
      138, 112, 124, -1,
      138, 124, 139, -1,
      139, 124, 125, -1,
      139, 125, 140, -1,
      140, 125, 126, -1,
      140, 126, 141, -1,
      141, 126, 127, -1,
      141, 127, 142, -1,
      142, 127, 128, -1,
      142, 128, 143, -1,
      143, 128, 129, -1,
      143, 129, 144, -1,
      144, 129, 116, -1,
      144, 116, 145, -1,
      145, 116, 117, -1,
      145, 117, 146, -1,
      146, 117, 118, -1,
      146, 118, 130, -1,
      134, 135, 147, -1,
      147, 135, 148, -1,
      134, 147, 149, -1,
      134, 149, 133, -1,
      133, 149, 150, -1,
      133, 150, 132, -1,
      132, 150, 151, -1,
      132, 151, 131, -1,
      131, 151, 152, -1,
      131, 152, 130, -1,
      130, 152, 153, -1,
      130, 153, 146, -1,
      146, 153, 154, -1,
      146, 154, 145, -1,
      145, 154, 155, -1,
      145, 155, 144, -1,
      144, 155, 156, -1,
      144, 156, 143, -1,
      143, 156, 157, -1,
      143, 157, 142, -1,
      142, 157, 158, -1,
      142, 158, 141, -1,
      141, 158, 159, -1,
      141, 159, 140, -1,
      140, 159, 160, -1,
      140, 160, 139, -1,
      139, 160, 161, -1,
      139, 161, 138, -1,
      138, 161, 162, -1,
      138, 162, 137, -1,
      136, 137, 163, -1,
      163, 137, 162, -1,
      135, 136, 148, -1,
      148, 136, 163, -1,
      164, 165, 59, -1,
      59, 165, 63, -1,
      165, 166, 63, -1,
      63, 166, 52, -1,
      166, 167, 52, -1,
      52, 167, 53, -1,
      167, 168, 53, -1,
      53, 168, 54, -1,
      168, 169, 54, -1,
      54, 169, 55, -1,
      169, 170, 55, -1,
      55, 170, 62, -1,
      170, 171, 62, -1,
      62, 171, 61, -1,
      171, 172, 61, -1,
      61, 172, 60, -1,
      172, 173, 60, -1,
      60, 173, 56, -1,
      173, 174, 56, -1,
      56, 174, 57, -1,
      174, 175, 57, -1,
      57, 175, 58, -1,
      175, 164, 58, -1,
      58, 164, 59, -1,
      166, 165, 164, -1,
      164, 175, 166, -1,
      166, 175, 174, -1,
      166, 174, 167, -1,
      169, 168, 170, -1,
      170, 168, 167, -1,
      170, 167, 171, -1,
      171, 167, 174, -1,
      171, 174, 172, -1,
      172, 174, 173, -1,
      176, 177, 2, -1,
      2, 177, 3, -1,
      3, 177, 178, -1,
      179, 45, 44, -1,
      179, 44, 180, -1,
      180, 44, 43, -1,
      180, 43, 178, -1,
      178, 43, 4, -1,
      178, 4, 3, -1,
      45, 179, 34, -1,
      34, 179, 181, -1,
      34, 181, 35, -1,
      35, 181, 182, -1,
      35, 182, 36, -1,
      36, 182, 183, -1,
      36, 183, 31, -1,
      31, 183, 184, -1,
      31, 184, 32, -1,
      32, 184, 185, -1,
      32, 185, 33, -1,
      33, 185, 186, -1,
      33, 186, 40, -1,
      40, 186, 187, -1,
      40, 187, 41, -1,
      188, 189, 28, -1,
      28, 189, 27, -1,
      28, 39, 188, -1,
      188, 39, 38, -1,
      188, 38, 190, -1,
      190, 38, 37, -1,
      190, 37, 191, -1,
      191, 37, 30, -1,
      191, 30, 192, -1,
      192, 30, 29, -1,
      192, 29, 193, -1,
      193, 29, 42, -1,
      193, 42, 194, -1,
      194, 42, 41, -1,
      194, 41, 187, -1,
      27, 189, 5, -1,
      5, 189, 195, -1,
      5, 195, 6, -1,
      6, 195, 196, -1,
      6, 196, 7, -1,
      196, 197, 7, -1,
      7, 197, 8, -1,
      198, 11, 9, -1,
      198, 9, 199, -1,
      199, 9, 8, -1,
      199, 8, 197, -1,
      200, 16, 26, -1,
      200, 26, 201, -1,
      201, 26, 25, -1,
      201, 25, 202, -1,
      202, 25, 15, -1,
      202, 15, 203, -1,
      203, 15, 14, -1,
      203, 14, 204, -1,
      204, 14, 13, -1,
      204, 13, 205, -1,
      205, 13, 12, -1,
      205, 12, 206, -1,
      206, 12, 11, -1,
      206, 11, 198, -1,
      207, 20, 19, -1,
      207, 19, 208, -1,
      208, 19, 21, -1,
      208, 21, 209, -1,
      209, 21, 22, -1,
      209, 22, 210, -1,
      210, 22, 23, -1,
      210, 23, 211, -1,
      211, 23, 18, -1,
      211, 18, 212, -1,
      212, 18, 17, -1,
      212, 17, 213, -1,
      213, 17, 16, -1,
      213, 16, 200, -1,
      176, 2, 10, -1,
      176, 10, 214, -1,
      214, 10, 24, -1,
      214, 24, 215, -1,
      215, 24, 20, -1,
      215, 20, 207, -1,
      208, 179, 207, -1,
      207, 179, 180, -1,
      207, 180, 215, -1,
      215, 180, 178, -1,
      215, 178, 214, -1,
      214, 178, 177, -1,
      214, 177, 176, -1,
      197, 196, 199, -1,
      199, 196, 195, -1,
      199, 195, 198, -1,
      198, 195, 189, -1,
      198, 189, 206, -1,
      206, 189, 188, -1,
      206, 188, 205, -1,
      205, 188, 190, -1,
      205, 190, 204, -1,
      204, 190, 191, -1,
      204, 191, 203, -1,
      203, 191, 192, -1,
      203, 192, 202, -1,
      202, 192, 193, -1,
      202, 193, 201, -1,
      201, 193, 194, -1,
      201, 194, 200, -1,
      200, 194, 187, -1,
      200, 187, 213, -1,
      213, 187, 186, -1,
      213, 186, 212, -1,
      212, 186, 185, -1,
      212, 185, 211, -1,
      211, 185, 184, -1,
      211, 184, 210, -1,
      210, 184, 183, -1,
      210, 183, 209, -1,
      209, 183, 182, -1,
      209, 182, 208, -1,
      208, 182, 181, -1,
      208, 181, 179, -1,
      216, 217, 46, -1,
      46, 217, 47, -1,
      217, 218, 47, -1,
      47, 218, 48, -1,
      218, 219, 48, -1,
      48, 219, 51, -1,
      219, 220, 51, -1,
      51, 220, 50, -1,
      220, 221, 50, -1,
      50, 221, 49, -1,
      221, 216, 49, -1,
      49, 216, 46, -1,
      220, 219, 221, -1,
      221, 219, 218, -1,
      221, 218, 216, -1,
      216, 218, 217, -1,
    ]
  }
}

Shape {
  appearance Appearance {
    material Material {
      diffuseColor 0.7529 0.7529 0.7529
      specularColor 0.3765 0.3765 0.3765
      ambientIntensity 0.2
      transparency 0.0000
      shininess 0.5
    }
  }
  geometry IndexedFaceSet {
    ccw TRUE
    solid FALSE
    coord DEF co Coordinate {
      point [
        -0.839504 -0.556728 1.107222,
        -0.577819 -0.556728 1.107222,
        -0.831831 -0.505930 1.107222,
        -0.585492 -0.505930 1.107222,
        -0.624420 -0.472441 1.107222,
        -0.792902 -0.472441 1.107222,
        -0.802139 -0.473540 1.107222,
        -0.592459 -0.488822 1.107222,
        -0.598745 -0.481965 1.107222,
        -0.606463 -0.476775 1.107222,
        -0.810859 -0.476775 1.107222,
        -0.818578 -0.481965 1.107222,
        -0.829365 -0.496962 1.107222,
        -0.824863 -0.488822 1.107222,
        -0.587958 -0.496962 1.107222,
        -0.615184 -0.473540 1.107222,
        -0.567716 -0.623603 1.114404,
        -0.849607 -0.623603 1.114404,
        -0.482543 -1.187420 1.236913,
        -0.934780 -1.187420 1.236913,
        -0.472441 -1.254296 1.244094,
        -0.944882 -1.254296 1.244094,
        -0.478755 -1.212498 1.121496,
        -0.472441 -1.254296 1.125984,
        -0.938568 -1.212498 1.121496,
        -0.944882 -1.254296 1.125984,
        -0.853395 -0.648681 0.998987,
        -0.563928 -0.648681 0.998987,
        -0.577819 -0.556728 0.989112,
        -0.839504 -0.556728 0.989112,
        -0.585492 -0.505930 0.989112,
        -0.831831 -0.505930 0.989112,
        -0.802139 -0.473540 0.989112,
        -0.792902 -0.472441 0.989112,
        -0.829365 -0.496962 0.989112,
        -0.824863 -0.488822 0.989112,
        -0.818578 -0.481965 0.989112,
        -0.624420 -0.472441 0.989112,
        -0.587958 -0.496962 0.989112,
        -0.606463 -0.476775 0.989112,
        -0.598745 -0.481965 0.989112,
        -0.592459 -0.488822 0.989112,
        -0.810859 -0.476775 0.989112,
        -0.615184 -0.473540 0.989112,
        -0.472441 -1.288663 1.125984,
        -0.472441 -1.288663 1.244094,
        -0.944882 -1.288663 1.244094,
        -0.944882 -1.288663 1.125984,
        0.460910 -1.316502 1.125984,
        0.467166 -1.308348 1.125984,
        0.452756 -1.322759 1.125984,
        -1.028398 -0.388924 1.125984,
        -1.003937 -0.370154 1.125984,
        -0.975451 -0.358355 1.125984,
        -1.003937 -1.322759 1.125984,
        -0.994442 -1.326692 1.125984,
        -0.946223 -1.298853 1.125984,
        -0.950156 -1.308348 1.125984,
        -0.956413 -1.316502 1.125984,
        0.956413 -1.316502 1.125984,
        0.950156 -1.308348 1.125984,
        0.946223 -1.298853 1.125984,
        -1.023913 -1.308245 1.125984,
        -1.062992 -0.472441 1.125984,
        -0.984252 -1.328033 1.125984,
        -0.974062 -1.326692 1.125984,
        -0.964567 -1.322759 1.125984,
        0.358355 -1.251042 1.125984,
        0.370154 -1.279528 1.125984,
        -0.430781 -1.327967 1.125984,
        0.388924 -1.303989 1.125984,
        0.413386 -1.322759 1.125984,
        0.422881 -1.326692 1.125984,
        0.433071 -1.328033 1.125984,
        0.443261 -1.326692 1.125984,
        -0.358355 -0.441872 1.125984,
        -0.370154 -0.413386 1.125984,
        -0.388924 -0.388924 1.125984,
        -0.441872 -0.358355 1.125984,
        -0.472441 -0.354331 1.125984,
        0.472441 -1.288663 1.125984,
        0.472441 -1.254296 1.125984,
        0.944882 -1.254296 1.125984,
        -1.058968 -0.441872 1.125984,
        -1.047169 -0.413386 1.125984,
        -0.358355 -1.251042 1.125984,
        -0.354331 -1.220472 1.125984,
        -0.354331 -0.472441 1.125984,
        -0.944882 -0.354331 1.125984,
        0.471100 -1.298853 1.125984,
        0.944882 -1.288663 1.125984,
        -1.060411 -1.245029 1.125984,
        -1.052781 -1.268512 1.125984,
        -1.040435 -1.289896 1.125984,
        -0.463230 -1.313970 1.125984,
        -0.456581 -1.320243 1.125984,
        -1.062992 -1.220472 1.125984,
        1.028398 -0.388924 1.125984,
        1.003937 -0.370154 1.125984,
        0.354331 -1.220472 1.125984,
        -0.421780 -1.326380 1.125984,
        -0.413386 -1.322759 1.125984,
        -0.388924 -1.303989 1.125984,
        -0.370154 -1.279528 1.125984,
        0.354331 -0.472441 1.125984,
        -0.471380 -1.297743 1.125984,
        -0.468253 -1.306333 1.125984,
        -0.448665 -1.324814 1.125984,
        -0.439907 -1.327435 1.125984,
        -0.413386 -0.370154 1.125984,
        0.964567 -1.322759 1.125984,
        0.974062 -1.326692 1.125984,
        0.984252 -1.328033 1.125984,
        0.994442 -1.326692 1.125984,
        0.413386 -0.370154 1.125984,
        0.388924 -0.388924 1.125984,
        0.370154 -0.413386 1.125984,
        0.358355 -0.441872 1.125984,
        0.975451 -0.358355 1.125984,
        0.944882 -0.354331 1.125984,
        1.003937 -1.322759 1.125984,
        1.023913 -1.308245 1.125984,
        1.040435 -1.289896 1.125984,
        1.052781 -1.268512 1.125984,
        1.060411 -1.245029 1.125984,
        1.062992 -1.220472 1.125984,
        1.062992 -0.472441 1.125984,
        1.058968 -0.441872 1.125984,
        1.047169 -0.413386 1.125984,
        0.472441 -0.354331 1.125984,
        0.441872 -0.358355 1.125984,
        1.003937 -1.322759 1.244094,
        0.994442 -1.326692 1.244094,
        1.023913 -1.308245 1.244094,
        0.984252 -1.328033 1.244094,
        0.974062 -1.326692 1.244094,
        0.964567 -1.322759 1.244094,
        0.956413 -1.316502 1.244094,
        -1.003937 -0.370154 1.244094,
        1.060411 -1.245029 1.244094,
        1.052781 -1.268512 1.244094,
        1.040435 -1.289896 1.244094,
        1.062992 -0.472441 1.244094,
        1.062992 -1.220472 1.244094,
        0.944882 -0.354331 1.244094,
        1.003937 -0.370154 1.244094,
        1.028398 -0.388924 1.244094,
        0.441872 -0.358355 1.244094,
        0.467166 -1.308348 1.244094,
        0.460910 -1.316502 1.244094,
        0.946223 -1.298853 1.244094,
        0.452756 -1.322759 1.244094,
        0.443261 -1.326692 1.244094,
        -0.956413 -1.316502 1.244094,
        -0.964567 -1.322759 1.244094,
        -0.430781 -1.327967 1.244094,
        0.975451 -0.358355 1.244094,
        1.047169 -0.413386 1.244094,
        1.058968 -0.441872 1.244094,
        0.944882 -1.254296 1.244094,
        0.472441 -1.254296 1.244094,
        0.944882 -1.288663 1.244094,
        0.472441 -1.288663 1.244094,
        0.471100 -1.298853 1.244094,
        0.433071 -1.328033 1.244094,
        -0.370154 -1.279528 1.244094,
        -0.388924 -1.303989 1.244094,
        -0.975451 -0.358355 1.244094,
        -0.944882 -0.354331 1.244094,
        -0.472441 -0.354331 1.244094,
        -0.358355 -1.251042 1.244094,
        0.422881 -1.326692 1.244094,
        -0.354331 -1.220472 1.244094,
        -0.441872 -0.358355 1.244094,
        0.388924 -0.388924 1.244094,
        -0.413386 -0.370154 1.244094,
        -0.388924 -0.388924 1.244094,
        0.413386 -1.322759 1.244094,
        0.388924 -1.303989 1.244094,
        0.370154 -1.279528 1.244094,
        0.413386 -0.370154 1.244094,
        -0.370154 -0.413386 1.244094,
        -0.358355 -0.441872 1.244094,
        0.370154 -0.413386 1.244094,
        -0.456581 -1.320243 1.244094,
        -0.463230 -1.313970 1.244094,
        -0.946223 -1.298853 1.244094,
        0.472441 -0.354331 1.244094,
        -0.950156 -1.308348 1.244094,
        -0.439907 -1.327435 1.244094,
        -0.448665 -1.324814 1.244094,
        -0.974062 -1.326692 1.244094,
        -0.984252 -1.328033 1.244094,
        -0.994442 -1.326692 1.244094,
        -1.003937 -1.322759 1.244094,
        0.950156 -1.308348 1.244094,
        -0.413386 -1.322759 1.244094,
        -0.421780 -1.326380 1.244094,
        -1.023913 -1.308245 1.244094,
        -1.040435 -1.289896 1.244094,
        -1.052781 -1.268512 1.244094,
        -1.060411 -1.245029 1.244094,
        -1.062992 -1.220472 1.244094,
        -1.062992 -0.472441 1.244094,
        -1.058968 -0.441872 1.244094,
        0.358355 -1.251042 1.244094,
        0.354331 -1.220472 1.244094,
        -0.354331 -0.472441 1.244094,
        0.354331 -0.472441 1.244094,
        0.358355 -0.441872 1.244094,
        -0.471380 -1.297743 1.244094,
        -0.468253 -1.306333 1.244094,
        -1.047169 -0.413386 1.244094,
        -1.028398 -0.388924 1.244094,
        -1.759843 -0.363467 -0.078740,
        -1.759843 -0.371333 -0.097731,
        -1.759843 -0.688976 -0.511811,
        -1.759843 -0.295276 -0.039370,
        -1.759843 -0.315655 -0.042053,
        -1.759843 -0.334646 -0.049919,
        -1.759843 -0.350953 -0.062433,
        -1.759843 -0.452756 -0.590551,
        -1.759843 -0.610236 -0.590551,
        -1.759843 -0.374016 -0.511811,
        -1.759843 -0.374016 -0.118110,
        -1.759843 -0.177165 0.039370,
        -1.759843 -0.255906 -0.039370,
        -1.759843 -0.235526 -0.036687,
        -1.759843 -0.179848 0.018991,
        -1.759843 -0.187715 0.000000,
        -1.759843 -0.200228 -0.016307,
        -1.759843 -0.216535 -0.028821,
        -1.641732 -0.452756 -0.590551,
        -1.641732 -0.374016 -0.511811,
        -1.641732 -0.610236 -0.590551,
        -1.641732 -0.374016 -0.118110,
        -1.641732 -0.688976 -0.511811,
        -1.641732 -0.371333 -0.097731,
        -1.641732 -0.363467 -0.078740,
        -1.641732 -0.350953 -0.062433,
        -1.641732 -0.187715 0.000000,
        -1.641732 -0.179848 0.018991,
        -1.641732 -0.200228 -0.016307,
        -1.641732 -0.177165 0.039370,
        -1.641732 -0.216535 -0.028821,
        -1.641732 -0.334646 -0.049919,
        -1.641732 -0.315655 -0.042053,
        -1.641732 -0.295276 -0.039370,
        -1.641732 -0.255906 -0.039370,
        -1.641732 -0.235526 -0.036687,
        1.759843 -0.374016 -0.118110,
        1.759843 -0.371333 -0.097731,
        1.759843 -0.363467 -0.078740,
        1.759843 -0.350953 -0.062433,
        1.759843 -0.452756 -0.590551,
        1.759843 -0.374016 -0.511811,
        1.759843 -0.610236 -0.590551,
        1.759843 -0.688976 -0.511811,
        1.759843 -0.334646 -0.049919,
        1.759843 -0.315655 -0.042053,
        1.759843 -0.295276 -0.039370,
        1.759843 -0.235526 -0.036687,
        1.759843 -0.216535 -0.028821,
        1.759843 -0.177165 0.039370,
        1.759843 -0.200228 -0.016307,
        1.759843 -0.179848 0.018991,
        1.759843 -0.187715 0.000000,
        1.759843 -0.255906 -0.039370,
        1.641732 -0.295276 -0.039370,
        1.641732 -0.315655 -0.042053,
        1.641732 -0.350953 -0.062433,
        1.641732 -0.363467 -0.078740,
        1.641732 -0.371333 -0.097731,
        1.641732 -0.688976 -0.511811,
        1.641732 -0.452756 -0.590551,
        1.641732 -0.610236 -0.590551,
        1.641732 -0.374016 -0.511811,
        1.641732 -0.374016 -0.118110,
        1.641732 -0.334646 -0.049919,
        1.641732 -0.177165 0.039370,
        1.641732 -0.255906 -0.039370,
        1.641732 -0.235526 -0.036687,
        1.641732 -0.187715 0.000000,
        1.641732 -0.200228 -0.016307,
        1.641732 -0.216535 -0.028821,
        1.641732 -0.179848 0.018991,
        0.322949 -0.401293 0.000000,
        0.388779 -0.401293 0.000000,
        0.352319 -0.483513 0.000000,
        0.354214 -0.490341 0.000000,
        0.355470 -0.497317 0.000000,
        0.356108 -0.497317 0.000000,
        0.357393 -0.490361 0.000000,
        0.359146 -0.483513 0.000000,
        0.151306 -0.499718 0.000000,
        0.122273 -0.499718 0.000000,
        0.174604 -0.497241 0.000000,
        0.190853 -0.491555 -0.000000,
        0.205232 -0.482265 0.000000,
        0.214794 -0.472113 0.000000,
        0.221632 -0.459972 0.000000,
        0.226228 -0.444402 0.000000,
        0.227900 -0.424811 0.000000,
        0.226093 -0.404135 0.000000,
        0.220319 -0.385631 0.000000,
        0.212017 -0.372059 0.000000,
        0.200976 -0.361154 0.000000,
        0.187551 -0.353182 0.000000,
        0.170985 -0.348011 0.000000,
        0.150218 -0.346078 0.000000,
        0.122273 -0.346078 0.000000,
        0.585492 -0.505930 1.107222,
        0.577819 -0.556728 1.107222,
        0.831831 -0.505930 1.107222,
        0.839504 -0.556728 1.107222,
        0.824863 -0.488822 1.107222,
        0.792902 -0.472441 1.107222,
        0.829365 -0.496962 1.107222,
        0.818578 -0.481965 1.107222,
        0.810859 -0.476775 1.107222,
        0.802139 -0.473540 1.107222,
        0.624420 -0.472441 1.107222,
        0.587958 -0.496962 1.107222,
        0.606463 -0.476775 1.107222,
        0.598745 -0.481965 1.107222,
        0.592459 -0.488822 1.107222,
        0.615184 -0.473540 1.107222,
        0.624420 -0.472441 0.989112,
        0.792902 -0.472441 0.989112,
        0.831831 -0.505930 0.989112,
        0.839504 -0.556728 0.989112,
        0.577819 -0.556728 0.989112,
        0.829365 -0.496962 0.989112,
        0.802139 -0.473540 0.989112,
        0.810859 -0.476775 0.989112,
        0.587958 -0.496962 0.989112,
        0.592459 -0.488822 0.989112,
        0.818578 -0.481965 0.989112,
        0.824863 -0.488822 0.989112,
        0.585492 -0.505930 0.989112,
        0.598745 -0.481965 0.989112,
        0.606463 -0.476775 0.989112,
        0.615184 -0.473540 0.989112,
        0.853395 -0.648681 0.998987,
        0.563928 -0.648681 0.998987,
        0.478755 -1.212498 1.121496,
        0.938568 -1.212498 1.121496,
        0.934780 -1.187420 1.236913,
        0.482543 -1.187420 1.236913,
        0.849607 -0.623603 1.114404,
        0.567716 -0.623603 1.114404,
      ]
    }
    coordIndex [
      286, 287, 288, -1,
      288, 287, 293, -1,
      288, 293, 289, -1,
      289, 293, 292, -1,
      289, 292, 290, -1,
      290, 292, 291, -1,
      295, 310, 294, -1,
      294, 310, 309, -1,
      294, 309, 308, -1,
      302, 301, 294, -1,
      294, 301, 300, -1,
      294, 300, 296, -1,
      308, 307, 294, -1,
      294, 307, 306, -1,
      294, 306, 305, -1,
      305, 304, 294, -1,
      294, 304, 303, -1,
      294, 303, 302, -1,
      299, 298, 300, -1,
      300, 298, 297, -1,
      300, 297, 296, -1,
      256, 257, 275, -1,
      275, 257, 273, -1,
      255, 254, 276, -1,
      276, 254, 274, -1,
      216, 222, 236, -1,
      236, 222, 234, -1,
      221, 223, 232, -1,
      232, 223, 233, -1,
      279, 263, 265, -1,
      279, 265, 285, -1,
      285, 265, 266, -1,
      285, 266, 282, -1,
      282, 266, 264, -1,
      282, 264, 283, -1,
      283, 264, 262, -1,
      283, 262, 284, -1,
      284, 262, 261, -1,
      284, 261, 281, -1,
      281, 261, 267, -1,
      281, 267, 280, -1,
      250, 277, 251, -1,
      251, 277, 272, -1,
      251, 272, 252, -1,
      252, 272, 271, -1,
      252, 271, 253, -1,
      253, 271, 270, -1,
      253, 270, 258, -1,
      258, 270, 278, -1,
      258, 278, 259, -1,
      259, 278, 269, -1,
      259, 269, 260, -1,
      260, 269, 268, -1,
      248, 226, 227, -1,
      248, 227, 249, -1,
      249, 227, 231, -1,
      249, 231, 244, -1,
      244, 231, 230, -1,
      244, 230, 242, -1,
      242, 230, 229, -1,
      242, 229, 240, -1,
      240, 229, 228, -1,
      240, 228, 241, -1,
      241, 228, 225, -1,
      241, 225, 243, -1,
      217, 247, 218, -1,
      218, 247, 246, -1,
      218, 246, 219, -1,
      219, 246, 245, -1,
      219, 245, 220, -1,
      220, 245, 239, -1,
      220, 239, 214, -1,
      214, 239, 238, -1,
      214, 238, 215, -1,
      215, 238, 237, -1,
      215, 237, 224, -1,
      224, 237, 235, -1,
      99, 206, 67, -1,
      67, 206, 205, -1,
      67, 205, 68, -1,
      68, 205, 179, -1,
      68, 179, 70, -1,
      70, 179, 178, -1,
      70, 178, 71, -1,
      71, 178, 177, -1,
      206, 99, 208, -1,
      208, 99, 104, -1,
      129, 187, 130, -1,
      130, 187, 147, -1,
      130, 147, 114, -1,
      114, 147, 180, -1,
      114, 180, 115, -1,
      115, 180, 174, -1,
      115, 174, 116, -1,
      116, 174, 183, -1,
      116, 183, 117, -1,
      117, 183, 209, -1,
      117, 209, 104, -1,
      104, 209, 208, -1,
      187, 129, 144, -1,
      144, 129, 119, -1,
      126, 142, 127, -1,
      127, 142, 158, -1,
      127, 158, 128, -1,
      128, 158, 157, -1,
      128, 157, 97, -1,
      97, 157, 146, -1,
      97, 146, 98, -1,
      98, 146, 145, -1,
      98, 145, 118, -1,
      118, 145, 156, -1,
      118, 156, 119, -1,
      119, 156, 144, -1,
      142, 126, 143, -1,
      143, 126, 125, -1,
      120, 131, 121, -1,
      121, 131, 133, -1,
      121, 133, 122, -1,
      122, 133, 141, -1,
      122, 141, 123, -1,
      123, 141, 140, -1,
      123, 140, 124, -1,
      124, 140, 139, -1,
      124, 139, 125, -1,
      125, 139, 143, -1,
      311, 312, 313, -1,
      313, 312, 314, -1,
      315, 316, 317, -1,
      317, 316, 313, -1,
      315, 318, 316, -1,
      316, 318, 319, -1,
      316, 319, 320, -1,
      313, 316, 311, -1,
      311, 316, 321, -1,
      311, 321, 322, -1,
      323, 324, 325, -1,
      322, 321, 325, -1,
      325, 321, 326, -1,
      325, 326, 323, -1,
      321, 316, 327, -1,
      327, 316, 328, -1,
      329, 330, 331, -1,
      332, 329, 328, -1,
      328, 329, 327, -1,
      328, 333, 334, -1,
      335, 336, 327, -1,
      334, 337, 328, -1,
      328, 337, 338, -1,
      328, 338, 332, -1,
      329, 331, 327, -1,
      327, 331, 339, -1,
      327, 339, 335, -1,
      340, 341, 336, -1,
      336, 341, 342, -1,
      336, 342, 327, -1,
      330, 343, 331, -1,
      331, 343, 344, -1,
      345, 344, 346, -1,
      346, 344, 343, -1,
      346, 82, 345, -1,
      345, 82, 81, -1,
      159, 347, 160, -1,
      160, 347, 348, -1,
      349, 350, 347, -1,
      347, 350, 348, -1,
      349, 314, 350, -1,
      350, 314, 312, -1,
      162, 160, 80, -1,
      80, 160, 81, -1,
      90, 82, 161, -1,
      161, 82, 159, -1,
      329, 313, 330, -1,
      330, 313, 314, -1,
      330, 314, 343, -1,
      343, 314, 349, -1,
      343, 349, 346, -1,
      346, 349, 347, -1,
      346, 347, 82, -1,
      82, 347, 159, -1,
      311, 339, 312, -1,
      312, 339, 331, -1,
      312, 331, 350, -1,
      350, 331, 344, -1,
      350, 344, 348, -1,
      348, 344, 345, -1,
      348, 345, 160, -1,
      160, 345, 81, -1,
      321, 327, 342, -1,
      321, 342, 326, -1,
      326, 342, 341, -1,
      326, 341, 323, -1,
      323, 341, 340, -1,
      323, 340, 324, -1,
      324, 340, 336, -1,
      324, 336, 325, -1,
      325, 336, 335, -1,
      325, 335, 322, -1,
      322, 335, 339, -1,
      322, 339, 311, -1,
      313, 329, 332, -1,
      313, 332, 317, -1,
      317, 332, 338, -1,
      317, 338, 315, -1,
      315, 338, 337, -1,
      315, 337, 318, -1,
      318, 337, 334, -1,
      318, 334, 319, -1,
      319, 334, 333, -1,
      319, 333, 320, -1,
      320, 333, 328, -1,
      320, 328, 316, -1,
      90, 161, 61, -1,
      61, 161, 150, -1,
      61, 150, 60, -1,
      60, 150, 195, -1,
      60, 195, 59, -1,
      59, 195, 137, -1,
      59, 137, 110, -1,
      110, 137, 136, -1,
      110, 136, 111, -1,
      111, 136, 135, -1,
      111, 135, 112, -1,
      112, 135, 134, -1,
      112, 134, 113, -1,
      113, 134, 132, -1,
      113, 132, 120, -1,
      120, 132, 131, -1,
      71, 177, 72, -1,
      72, 177, 171, -1,
      72, 171, 73, -1,
      73, 171, 164, -1,
      73, 164, 74, -1,
      74, 164, 152, -1,
      74, 152, 50, -1,
      50, 152, 151, -1,
      50, 151, 48, -1,
      48, 151, 149, -1,
      48, 149, 49, -1,
      49, 149, 148, -1,
      49, 148, 89, -1,
      89, 148, 163, -1,
      89, 163, 80, -1,
      80, 163, 162, -1,
      101, 196, 102, -1,
      102, 196, 166, -1,
      102, 166, 103, -1,
      103, 166, 165, -1,
      103, 165, 85, -1,
      85, 165, 170, -1,
      85, 170, 86, -1,
      86, 170, 172, -1,
      96, 202, 91, -1,
      91, 202, 201, -1,
      91, 201, 92, -1,
      92, 201, 200, -1,
      92, 200, 93, -1,
      93, 200, 199, -1,
      93, 199, 62, -1,
      62, 199, 198, -1,
      62, 198, 54, -1,
      54, 198, 194, -1,
      203, 202, 63, -1,
      63, 202, 96, -1,
      88, 168, 53, -1,
      53, 168, 167, -1,
      53, 167, 52, -1,
      52, 167, 138, -1,
      52, 138, 51, -1,
      51, 138, 213, -1,
      51, 213, 84, -1,
      84, 213, 212, -1,
      84, 212, 83, -1,
      83, 212, 204, -1,
      83, 204, 63, -1,
      63, 204, 203, -1,
      169, 168, 79, -1,
      79, 168, 88, -1,
      87, 207, 75, -1,
      75, 207, 182, -1,
      75, 182, 76, -1,
      76, 182, 181, -1,
      76, 181, 77, -1,
      77, 181, 176, -1,
      77, 176, 109, -1,
      109, 176, 175, -1,
      109, 175, 78, -1,
      78, 175, 173, -1,
      78, 173, 79, -1,
      79, 173, 169, -1,
      172, 207, 86, -1,
      86, 207, 87, -1,
      2, 31, 0, -1,
      0, 31, 29, -1,
      0, 29, 17, -1,
      17, 29, 26, -1,
      17, 26, 19, -1,
      19, 26, 24, -1,
      19, 24, 21, -1,
      21, 24, 25, -1,
      30, 3, 28, -1,
      28, 3, 1, -1,
      28, 1, 27, -1,
      27, 1, 16, -1,
      27, 16, 22, -1,
      22, 16, 18, -1,
      22, 18, 23, -1,
      23, 18, 20, -1,
      3, 30, 38, -1,
      3, 38, 14, -1,
      14, 38, 41, -1,
      14, 41, 7, -1,
      7, 41, 40, -1,
      7, 40, 8, -1,
      8, 40, 39, -1,
      8, 39, 9, -1,
      9, 39, 43, -1,
      9, 43, 15, -1,
      15, 43, 37, -1,
      15, 37, 4, -1,
      5, 33, 32, -1,
      5, 32, 6, -1,
      6, 32, 42, -1,
      6, 42, 10, -1,
      10, 42, 36, -1,
      10, 36, 11, -1,
      11, 36, 35, -1,
      11, 35, 13, -1,
      13, 35, 34, -1,
      13, 34, 12, -1,
      12, 34, 31, -1,
      12, 31, 2, -1,
      54, 194, 55, -1,
      55, 194, 193, -1,
      55, 193, 64, -1,
      64, 193, 192, -1,
      64, 192, 65, -1,
      65, 192, 191, -1,
      65, 191, 66, -1,
      66, 191, 154, -1,
      66, 154, 58, -1,
      58, 154, 153, -1,
      58, 153, 57, -1,
      57, 153, 188, -1,
      57, 188, 56, -1,
      56, 188, 186, -1,
      56, 186, 47, -1,
      47, 186, 46, -1,
      44, 45, 105, -1,
      105, 45, 210, -1,
      105, 210, 106, -1,
      106, 210, 211, -1,
      106, 211, 94, -1,
      94, 211, 185, -1,
      94, 185, 95, -1,
      95, 185, 184, -1,
      95, 184, 107, -1,
      107, 184, 190, -1,
      107, 190, 108, -1,
      108, 190, 189, -1,
      108, 189, 69, -1,
      69, 189, 155, -1,
      69, 155, 100, -1,
      100, 155, 197, -1,
      100, 197, 101, -1,
      101, 197, 196, -1,
    ]
  }
}

Shape {
  appearance Appearance {
    material Material {
      diffuseColor 1.0000 1.0000 0.5020
      specularColor 0.5020 0.5020 0.2510
      ambientIntensity 0.2
      transparency 0.0000
      shininess 0.5
    }
  }
  geometry IndexedFaceSet {
    ccw TRUE
    solid FALSE
    coord DEF co Coordinate {
      point [
        0.728346 1.255906 0.015748,
        0.728346 1.555118 0.015748,
        0.649606 1.255906 0.015748,
        0.649606 1.555118 0.015748,
        0.728346 1.555118 -0.019685,
        0.649606 1.555118 -0.019685,
        0.728346 1.240157 -0.019685,
        0.649606 1.240157 -0.019685,
        0.728346 1.220472 0.000000,
        0.649606 1.220472 0.000000,
        0.649606 1.221143 -0.005095,
        0.728346 1.221143 -0.005095,
        0.649606 1.223110 -0.009843,
        0.728346 1.223110 -0.009843,
        0.649606 1.226238 -0.013919,
        0.728346 1.226238 -0.013919,
        0.649606 1.230315 -0.017048,
        0.728346 1.230315 -0.017048,
        0.649606 1.235063 -0.019014,
        0.728346 1.235063 -0.019014,
        0.728346 1.220472 0.036503,
        0.649606 1.220472 0.036503,
        0.728346 1.255906 0.036503,
        0.649606 1.255906 0.036503,
        -0.948819 1.255906 0.036503,
        -0.948819 1.255906 0.015748,
        -1.027559 1.255906 0.036503,
        -1.027559 1.255906 0.015748,
        -0.948819 1.220472 0.036503,
        -1.027559 1.220472 0.036503,
        -0.948819 1.220472 0.000000,
        -1.027559 1.220472 0.000000,
        -1.027559 1.221143 -0.005095,
        -0.948819 1.221143 -0.005095,
        -1.027559 1.223110 -0.009843,
        -0.948819 1.223110 -0.009843,
        -1.027559 1.226238 -0.013919,
        -0.948819 1.226238 -0.013919,
        -1.027559 1.230315 -0.017048,
        -0.948819 1.230315 -0.017048,
        -1.027559 1.235063 -0.019014,
        -0.948819 1.235063 -0.019014,
        -1.027559 1.240157 -0.019685,
        -0.948819 1.240157 -0.019685,
        -0.948819 1.555118 -0.019685,
        -1.027559 1.555118 -0.019685,
        -0.948819 1.555118 0.015748,
        -1.027559 1.555118 0.015748,
        0.236220 -0.340551 0.523622,
        0.354331 -0.340551 0.523622,
        0.236220 -0.340551 0.484252,
        0.354331 -0.340551 0.484252,
        0.236220 -1.265748 0.523622,
        0.236220 -1.265748 0.484252,
        0.354331 -1.265748 0.523622,
        0.354331 -1.265748 0.484252,
        -0.137795 1.555118 0.015748,
        -0.137795 1.255906 0.015748,
        -0.059055 1.555118 0.015748,
        -0.059055 1.255906 0.015748,
        -0.137795 1.555118 -0.019685,
        -0.059055 1.555118 -0.019685,
        -0.137795 1.240157 -0.019685,
        -0.059055 1.240157 -0.019685,
        -0.059055 1.235063 -0.019014,
        -0.137795 1.235063 -0.019014,
        -0.059055 1.230315 -0.017048,
        -0.137795 1.230315 -0.017048,
        -0.059055 1.226238 -0.013919,
        -0.137795 1.226238 -0.013919,
        -0.059055 1.223110 -0.009843,
        -0.137795 1.223110 -0.009843,
        -0.059055 1.221143 -0.005095,
        -0.137795 1.221143 -0.005095,
        -0.059055 1.220472 0.000000,
        -0.137795 1.220472 0.000000,
        -0.137795 1.220472 0.036503,
        -0.059055 1.220472 0.036503,
        -0.137795 1.255906 0.036503,
        -0.059055 1.255906 0.036503,
        -0.984252 -0.340551 0.523622,
        -0.984252 -0.340551 0.484252,
        -1.102362 -0.340551 0.523622,
        -1.102362 -0.340551 0.484252,
        -0.984252 -1.265748 0.523622,
        -1.102362 -1.265748 0.523622,
        -0.984252 -1.265748 0.484252,
        -1.102362 -1.265748 0.484252,
        1.326772 1.220472 0.036503,
        1.326772 1.255906 0.036503,
        1.248031 1.220472 0.036503,
        1.248031 1.255906 0.036503,
        1.326772 1.255906 0.015748,
        1.248031 1.255906 0.015748,
        1.326772 1.555118 0.015748,
        1.248031 1.555118 0.015748,
        1.326772 1.555118 -0.019685,
        1.248031 1.555118 -0.019685,
        1.326772 1.240157 -0.019685,
        1.248031 1.240157 -0.019685,
        1.326772 1.220472 0.000000,
        1.248031 1.220472 0.000000,
        1.248031 1.221143 -0.005095,
        1.326772 1.221143 -0.005095,
        1.248031 1.223110 -0.009843,
        1.326772 1.223110 -0.009843,
        1.248031 1.226238 -0.013919,
        1.326772 1.226238 -0.013919,
        1.248031 1.230315 -0.017048,
        1.326772 1.230315 -0.017048,
        1.248031 1.235063 -0.019014,
        1.326772 1.235063 -0.019014,
        -0.334646 1.555118 0.015748,
        -0.334646 1.255906 0.015748,
        -0.255906 1.555118 0.015748,
        -0.255906 1.255906 0.015748,
        -0.334646 1.555118 -0.019685,
        -0.255906 1.555118 -0.019685,
        -0.334646 1.240157 -0.019685,
        -0.255906 1.240157 -0.019685,
        -0.255906 1.235063 -0.019014,
        -0.334646 1.235063 -0.019014,
        -0.255906 1.230315 -0.017048,
        -0.334646 1.230315 -0.017048,
        -0.255906 1.226238 -0.013919,
        -0.334646 1.226238 -0.013919,
        -0.255906 1.223110 -0.009843,
        -0.334646 1.223110 -0.009843,
        -0.255906 1.221143 -0.005095,
        -0.334646 1.221143 -0.005095,
        -0.255906 1.220472 0.000000,
        -0.334646 1.220472 0.000000,
        -0.334646 1.220472 0.036503,
        -0.255906 1.220472 0.036503,
        -0.334646 1.255906 0.036503,
        -0.255906 1.255906 0.036503,
        0.413386 -0.340551 0.523622,
        0.531496 -0.340551 0.523622,
        0.413386 -0.340551 0.484252,
        0.531496 -0.340551 0.484252,
        0.413386 -1.265748 0.523622,
        0.413386 -1.265748 0.484252,
        0.531496 -1.265748 0.523622,
        0.531496 -1.265748 0.484252,
        -0.413386 -0.340551 0.523622,
        -0.413386 -0.340551 0.484252,
        -0.531496 -0.340551 0.523622,
        -0.531496 -0.340551 0.484252,
        -0.413386 -1.265748 0.523622,
        -0.531496 -1.265748 0.523622,
        -0.413386 -1.265748 0.484252,
        -0.531496 -1.265748 0.484252,
        1.240157 1.220472 0.036503,
        1.240157 1.255906 0.036503,
        1.161417 1.220472 0.036503,
        1.161417 1.255906 0.036503,
        1.240157 1.255906 0.015748,
        1.161417 1.255906 0.015748,
        1.240157 1.555118 0.015748,
        1.161417 1.555118 0.015748,
        1.240157 1.555118 -0.019685,
        1.161417 1.555118 -0.019685,
        1.240157 1.240157 -0.019685,
        1.161417 1.240157 -0.019685,
        1.240157 1.220472 0.000000,
        1.161417 1.220472 0.000000,
        1.161417 1.221143 -0.005095,
        1.240157 1.221143 -0.005095,
        1.161417 1.223110 -0.009843,
        1.240157 1.223110 -0.009843,
        1.161417 1.226238 -0.013919,
        1.240157 1.226238 -0.013919,
        1.161417 1.230315 -0.017048,
        1.240157 1.230315 -0.017048,
        1.161417 1.235063 -0.019014,
        1.240157 1.235063 -0.019014,
        0.531496 1.255906 0.015748,
        0.531496 1.555118 0.015748,
        0.452756 1.255906 0.015748,
        0.452756 1.555118 0.015748,
        0.531496 1.555118 -0.019685,
        0.452756 1.555118 -0.019685,
        0.531496 1.240157 -0.019685,
        0.452756 1.240157 -0.019685,
        0.531496 1.220472 0.000000,
        0.452756 1.220472 0.000000,
        0.452756 1.221143 -0.005095,
        0.531496 1.221143 -0.005095,
        0.452756 1.223110 -0.009843,
        0.531496 1.223110 -0.009843,
        0.452756 1.226238 -0.013919,
        0.531496 1.226238 -0.013919,
        0.452756 1.230315 -0.017048,
        0.531496 1.230315 -0.017048,
        0.452756 1.235063 -0.019014,
        0.531496 1.235063 -0.019014,
        0.531496 1.220472 0.036503,
        0.452756 1.220472 0.036503,
        0.531496 1.255906 0.036503,
        0.452756 1.255906 0.036503,
        -0.531496 -1.265748 0.720472,
        -0.531496 -0.340551 0.720472,
        -0.413386 -1.265748 0.720472,
        -0.413386 -0.340551 0.720472,
        -0.413386 -0.340551 0.759843,
        -0.531496 -0.340551 0.759843,
        -0.413386 -1.265748 0.759843,
        -0.531496 -1.265748 0.759843,
        0.984252 -0.340551 0.523622,
        1.102362 -0.340551 0.523622,
        0.984252 -0.340551 0.484252,
        1.102362 -0.340551 0.484252,
        0.984252 -1.265748 0.523622,
        0.984252 -1.265748 0.484252,
        1.102362 -1.265748 0.523622,
        1.102362 -1.265748 0.484252,
      ]
    }
    coordIndex [
      0, 1, 2, -1,
      2, 1, 3, -1,
      1, 4, 3, -1,
      3, 4, 5, -1,
      4, 6, 5, -1,
      5, 6, 7, -1,
      8, 9, 10, -1,
      8, 10, 11, -1,
      11, 10, 12, -1,
      11, 12, 13, -1,
      13, 12, 14, -1,
      13, 14, 15, -1,
      15, 14, 16, -1,
      15, 16, 17, -1,
      17, 16, 18, -1,
      17, 18, 19, -1,
      19, 18, 7, -1,
      19, 7, 6, -1,
      8, 20, 9, -1,
      9, 20, 21, -1,
      20, 22, 21, -1,
      21, 22, 23, -1,
      22, 0, 23, -1,
      23, 0, 2, -1,
      0, 15, 17, -1,
      22, 20, 0, -1,
      0, 20, 8, -1,
      4, 1, 6, -1,
      6, 1, 0, -1,
      6, 0, 19, -1,
      19, 0, 17, -1,
      8, 11, 0, -1,
      0, 11, 13, -1,
      0, 13, 15, -1,
      2, 14, 12, -1,
      3, 5, 2, -1,
      2, 5, 7, -1,
      21, 23, 9, -1,
      9, 23, 2, -1,
      9, 2, 10, -1,
      10, 2, 12, -1,
      7, 18, 2, -1,
      2, 18, 16, -1,
      2, 16, 14, -1,
      24, 25, 26, -1,
      26, 25, 27, -1,
      28, 24, 29, -1,
      29, 24, 26, -1,
      30, 28, 31, -1,
      31, 28, 29, -1,
      30, 31, 32, -1,
      30, 32, 33, -1,
      33, 32, 34, -1,
      33, 34, 35, -1,
      35, 34, 36, -1,
      35, 36, 37, -1,
      37, 36, 38, -1,
      37, 38, 39, -1,
      39, 38, 40, -1,
      39, 40, 41, -1,
      41, 40, 42, -1,
      41, 42, 43, -1,
      44, 43, 45, -1,
      45, 43, 42, -1,
      46, 44, 47, -1,
      47, 44, 45, -1,
      25, 46, 27, -1,
      27, 46, 47, -1,
      44, 46, 43, -1,
      43, 46, 25, -1,
      24, 28, 25, -1,
      25, 28, 30, -1,
      37, 39, 25, -1,
      25, 39, 41, -1,
      25, 41, 43, -1,
      30, 33, 25, -1,
      25, 33, 35, -1,
      25, 35, 37, -1,
      27, 36, 34, -1,
      47, 45, 27, -1,
      27, 45, 42, -1,
      29, 26, 31, -1,
      31, 26, 27, -1,
      31, 27, 32, -1,
      32, 27, 34, -1,
      42, 40, 27, -1,
      27, 40, 38, -1,
      27, 38, 36, -1,
      48, 49, 50, -1,
      50, 49, 51, -1,
      52, 48, 53, -1,
      53, 48, 50, -1,
      54, 49, 52, -1,
      52, 49, 48, -1,
      55, 51, 54, -1,
      54, 51, 49, -1,
      53, 50, 55, -1,
      55, 50, 51, -1,
      52, 53, 54, -1,
      54, 53, 55, -1,
      56, 57, 58, -1,
      58, 57, 59, -1,
      60, 56, 61, -1,
      61, 56, 58, -1,
      62, 60, 63, -1,
      63, 60, 61, -1,
      62, 63, 64, -1,
      62, 64, 65, -1,
      65, 64, 66, -1,
      65, 66, 67, -1,
      67, 66, 68, -1,
      67, 68, 69, -1,
      69, 68, 70, -1,
      69, 70, 71, -1,
      71, 70, 72, -1,
      71, 72, 73, -1,
      73, 72, 74, -1,
      73, 74, 75, -1,
      76, 75, 77, -1,
      77, 75, 74, -1,
      78, 76, 79, -1,
      79, 76, 77, -1,
      57, 78, 59, -1,
      59, 78, 79, -1,
      57, 69, 71, -1,
      56, 60, 57, -1,
      57, 60, 62, -1,
      76, 78, 75, -1,
      75, 78, 57, -1,
      75, 57, 73, -1,
      73, 57, 71, -1,
      62, 65, 57, -1,
      57, 65, 67, -1,
      57, 67, 69, -1,
      59, 68, 66, -1,
      79, 77, 59, -1,
      59, 77, 74, -1,
      61, 58, 63, -1,
      63, 58, 59, -1,
      63, 59, 64, -1,
      64, 59, 66, -1,
      74, 72, 59, -1,
      59, 72, 70, -1,
      59, 70, 68, -1,
      80, 81, 82, -1,
      82, 81, 83, -1,
      84, 80, 85, -1,
      85, 80, 82, -1,
      86, 81, 84, -1,
      84, 81, 80, -1,
      87, 83, 86, -1,
      86, 83, 81, -1,
      85, 82, 87, -1,
      87, 82, 83, -1,
      84, 85, 86, -1,
      86, 85, 87, -1,
      88, 89, 90, -1,
      90, 89, 91, -1,
      89, 92, 91, -1,
      91, 92, 93, -1,
      92, 94, 93, -1,
      93, 94, 95, -1,
      94, 96, 95, -1,
      95, 96, 97, -1,
      96, 98, 97, -1,
      97, 98, 99, -1,
      100, 101, 102, -1,
      100, 102, 103, -1,
      103, 102, 104, -1,
      103, 104, 105, -1,
      105, 104, 106, -1,
      105, 106, 107, -1,
      107, 106, 108, -1,
      107, 108, 109, -1,
      109, 108, 110, -1,
      109, 110, 111, -1,
      111, 110, 99, -1,
      111, 99, 98, -1,
      100, 88, 101, -1,
      101, 88, 90, -1,
      96, 94, 98, -1,
      98, 94, 92, -1,
      89, 88, 92, -1,
      92, 88, 100, -1,
      107, 109, 92, -1,
      92, 109, 111, -1,
      92, 111, 98, -1,
      100, 103, 92, -1,
      92, 103, 105, -1,
      92, 105, 107, -1,
      93, 106, 104, -1,
      95, 97, 93, -1,
      93, 97, 99, -1,
      90, 91, 101, -1,
      101, 91, 93, -1,
      101, 93, 102, -1,
      102, 93, 104, -1,
      99, 110, 93, -1,
      93, 110, 108, -1,
      93, 108, 106, -1,
      112, 113, 114, -1,
      114, 113, 115, -1,
      116, 112, 117, -1,
      117, 112, 114, -1,
      118, 116, 119, -1,
      119, 116, 117, -1,
      118, 119, 120, -1,
      118, 120, 121, -1,
      121, 120, 122, -1,
      121, 122, 123, -1,
      123, 122, 124, -1,
      123, 124, 125, -1,
      125, 124, 126, -1,
      125, 126, 127, -1,
      127, 126, 128, -1,
      127, 128, 129, -1,
      129, 128, 130, -1,
      129, 130, 131, -1,
      132, 131, 133, -1,
      133, 131, 130, -1,
      134, 132, 135, -1,
      135, 132, 133, -1,
      113, 134, 115, -1,
      115, 134, 135, -1,
      113, 125, 127, -1,
      112, 116, 113, -1,
      113, 116, 118, -1,
      132, 134, 131, -1,
      131, 134, 113, -1,
      131, 113, 129, -1,
      129, 113, 127, -1,
      118, 121, 113, -1,
      113, 121, 123, -1,
      113, 123, 125, -1,
      115, 124, 122, -1,
      135, 133, 115, -1,
      115, 133, 130, -1,
      117, 114, 119, -1,
      119, 114, 115, -1,
      119, 115, 120, -1,
      120, 115, 122, -1,
      130, 128, 115, -1,
      115, 128, 126, -1,
      115, 126, 124, -1,
      136, 137, 138, -1,
      138, 137, 139, -1,
      140, 136, 141, -1,
      141, 136, 138, -1,
      142, 137, 140, -1,
      140, 137, 136, -1,
      143, 139, 142, -1,
      142, 139, 137, -1,
      141, 138, 143, -1,
      143, 138, 139, -1,
      140, 141, 142, -1,
      142, 141, 143, -1,
      144, 145, 146, -1,
      146, 145, 147, -1,
      148, 144, 149, -1,
      149, 144, 146, -1,
      150, 145, 148, -1,
      148, 145, 144, -1,
      151, 147, 150, -1,
      150, 147, 145, -1,
      149, 146, 151, -1,
      151, 146, 147, -1,
      148, 149, 150, -1,
      150, 149, 151, -1,
      152, 153, 154, -1,
      154, 153, 155, -1,
      153, 156, 155, -1,
      155, 156, 157, -1,
      156, 158, 157, -1,
      157, 158, 159, -1,
      158, 160, 159, -1,
      159, 160, 161, -1,
      160, 162, 161, -1,
      161, 162, 163, -1,
      164, 165, 166, -1,
      164, 166, 167, -1,
      167, 166, 168, -1,
      167, 168, 169, -1,
      169, 168, 170, -1,
      169, 170, 171, -1,
      171, 170, 172, -1,
      171, 172, 173, -1,
      173, 172, 174, -1,
      173, 174, 175, -1,
      175, 174, 163, -1,
      175, 163, 162, -1,
      164, 152, 165, -1,
      165, 152, 154, -1,
      160, 158, 162, -1,
      162, 158, 156, -1,
      153, 152, 156, -1,
      156, 152, 164, -1,
      171, 173, 156, -1,
      156, 173, 175, -1,
      156, 175, 162, -1,
      164, 167, 156, -1,
      156, 167, 169, -1,
      156, 169, 171, -1,
      159, 161, 157, -1,
      157, 161, 163, -1,
      157, 163, 174, -1,
      154, 155, 165, -1,
      165, 155, 157, -1,
      165, 157, 166, -1,
      166, 157, 168, -1,
      174, 172, 157, -1,
      157, 172, 170, -1,
      157, 170, 168, -1,
      176, 177, 178, -1,
      178, 177, 179, -1,
      177, 180, 179, -1,
      179, 180, 181, -1,
      180, 182, 181, -1,
      181, 182, 183, -1,
      184, 185, 186, -1,
      184, 186, 187, -1,
      187, 186, 188, -1,
      187, 188, 189, -1,
      189, 188, 190, -1,
      189, 190, 191, -1,
      191, 190, 192, -1,
      191, 192, 193, -1,
      193, 192, 194, -1,
      193, 194, 195, -1,
      195, 194, 183, -1,
      195, 183, 182, -1,
      184, 196, 185, -1,
      185, 196, 197, -1,
      196, 198, 197, -1,
      197, 198, 199, -1,
      198, 176, 199, -1,
      199, 176, 178, -1,
      176, 191, 193, -1,
      198, 196, 176, -1,
      176, 196, 184, -1,
      180, 177, 182, -1,
      182, 177, 176, -1,
      182, 176, 195, -1,
      195, 176, 193, -1,
      184, 187, 176, -1,
      176, 187, 189, -1,
      176, 189, 191, -1,
      178, 190, 188, -1,
      179, 181, 178, -1,
      178, 181, 183, -1,
      197, 199, 185, -1,
      185, 199, 178, -1,
      185, 178, 186, -1,
      186, 178, 188, -1,
      183, 194, 178, -1,
      178, 194, 192, -1,
      178, 192, 190, -1,
      200, 201, 202, -1,
      202, 201, 203, -1,
      204, 205, 206, -1,
      206, 205, 207, -1,
      201, 205, 203, -1,
      203, 205, 204, -1,
      207, 205, 200, -1,
      200, 205, 201, -1,
      203, 204, 202, -1,
      202, 204, 206, -1,
      207, 200, 206, -1,
      206, 200, 202, -1,
      208, 209, 210, -1,
      210, 209, 211, -1,
      212, 208, 213, -1,
      213, 208, 210, -1,
      214, 209, 212, -1,
      212, 209, 208, -1,
      215, 211, 214, -1,
      214, 211, 209, -1,
      213, 210, 215, -1,
      215, 210, 211, -1,
      212, 213, 214, -1,
      214, 213, 215, -1,
    ]
  }
}

Shape {
  appearance Appearance {
    material Material {
      diffuseColor 0.2510 0.2510 0.2510
      specularColor 0.1255 0.1255 0.1255
      ambientIntensity 0.2
      transparency 0.0000
      shininess 0.5
    }
  }
  geometry IndexedFaceSet {
    ccw TRUE
    solid FALSE
    coord DEF co Coordinate {
      point [
        -0.551181 -0.452756 0.484252,
        -0.551181 -1.397638 0.484252,
        -0.964567 -0.452756 0.484252,
        -0.964567 -1.397638 0.484252,
        -1.318898 -1.200787 0.484252,
        -1.318898 -1.082677 0.484252,
        -1.234533 -1.397638 0.484252,
        -1.288328 -1.078653 0.484252,
        -1.122047 -1.397638 0.484252,
        -1.259843 -1.066854 0.484252,
        -1.235381 -1.048083 0.484252,
        -1.216611 -1.023622 0.484252,
        -1.200787 -0.452756 0.484252,
        -1.122047 -0.452756 0.484252,
        -1.200787 -0.964567 0.484252,
        -1.204812 -0.995136 0.484252,
        -0.393701 -1.397638 0.484252,
        -0.393701 -0.452756 0.484252,
        -0.374016 -1.397638 0.484252,
        -0.374016 -0.452756 0.484252,
        -0.196850 -0.452756 0.484252,
        -0.196850 -1.397638 0.484252,
        -0.216535 -0.452756 0.484252,
        -0.216535 -1.397638 0.484252,
        -0.964567 -1.476378 0.562992,
        -0.551181 -1.476378 0.562992,
        -1.122047 -1.447907 0.534521,
        -1.231805 -1.404004 0.490619,
        -0.374016 -1.476378 0.562992,
        -0.393701 -1.476378 0.562992,
        -0.216535 -1.476378 0.562992,
        -0.196850 -1.476378 0.562992,
        -1.231805 -1.404004 0.753476,
        -1.122047 -1.447907 0.562992,
        -1.122047 -1.447907 0.709573,
        -1.122047 -1.447907 0.681102,
        -1.050870 -1.476378 0.681102,
        -1.050870 -1.476378 0.562992,
        -0.039370 -1.397638 0.484252,
        -0.039370 -0.452756 0.484252,
        0.039370 -1.397638 0.484252,
        0.039370 -0.452756 0.484252,
        0.216535 -0.452756 0.484252,
        0.216535 -1.397638 0.484252,
        0.196850 -0.452756 0.484252,
        0.196850 -1.397638 0.484252,
        1.204812 -0.995136 0.484252,
        1.216611 -1.023622 0.484252,
        1.122047 -1.397638 0.484252,
        1.200787 -0.964567 0.484252,
        1.122047 -0.452756 0.484252,
        1.200787 -0.452756 0.484252,
        1.318898 -1.082677 0.484252,
        1.318898 -1.200787 0.484252,
        1.288328 -1.078653 0.484252,
        1.234533 -1.397638 0.484252,
        1.259843 -1.066854 0.484252,
        1.235381 -1.048083 0.484252,
        0.551181 -1.397638 0.484252,
        0.551181 -0.452756 0.484252,
        0.964567 -1.397638 0.484252,
        0.964567 -0.452756 0.484252,
        0.374016 -1.397638 0.484252,
        0.374016 -0.452756 0.484252,
        0.393701 -1.397638 0.484252,
        0.393701 -0.452756 0.484252,
        0.039370 -1.476378 0.562992,
        -0.039370 -1.476378 0.562992,
        0.196850 -1.476378 0.562992,
        0.216535 -1.476378 0.562992,
        1.122047 -1.447907 0.534521,
        1.231805 -1.404004 0.490619,
        0.964567 -1.476378 0.562992,
        0.551181 -1.476378 0.562992,
        0.393701 -1.476378 0.562992,
        0.374016 -1.476378 0.562992,
        1.122047 -1.447907 0.562992,
        1.231805 -1.404004 0.753476,
        1.122047 -1.447907 0.709573,
        1.122047 -1.447907 0.681102,
        1.050870 -1.476378 0.681102,
        1.050870 -1.476378 0.562992,
        -0.283313 1.015748 1.125984,
        -0.283313 1.330709 1.125984,
        -0.677014 1.015748 0.898681,
        -0.677014 1.330709 0.898681,
        0.059055 -0.452756 0.759843,
        0.039370 -0.452756 0.759843,
        0.059055 -0.452756 0.720472,
        0.039370 -0.452756 0.681102,
        0.177165 -0.452756 0.720472,
        0.196850 -0.452756 0.681102,
        0.177165 -0.452756 0.759843,
        0.196850 -0.452756 0.759843,
        0.413386 -0.452756 0.759843,
        0.393701 -0.452756 0.759843,
        0.413386 -0.452756 0.720472,
        0.393701 -0.452756 0.681102,
        0.531496 -0.452756 0.720472,
        0.551181 -0.452756 0.681102,
        0.531496 -0.452756 0.759843,
        0.551181 -0.452756 0.759843,
        0.236220 -0.452756 0.759843,
        0.216535 -0.452756 0.759843,
        0.236220 -0.452756 0.720472,
        0.216535 -0.452756 0.681102,
        0.354331 -0.452756 0.720472,
        0.374016 -0.452756 0.681102,
        0.354331 -0.452756 0.759843,
        0.374016 -0.452756 0.759843,
        -1.102362 -0.452756 0.759843,
        -1.122047 -0.452756 0.759843,
        -1.102362 -0.452756 0.720472,
        -1.122047 -0.452756 0.681102,
        -0.984252 -0.452756 0.720472,
        -0.964567 -0.452756 0.681102,
        -0.984252 -0.452756 0.759843,
        -0.964567 -0.452756 0.759843,
        -1.204812 -0.995136 0.759843,
        -1.216611 -1.023622 0.759843,
        -1.122047 -1.397638 0.759843,
        -1.318898 -1.082677 0.759843,
        -1.318898 -1.200787 0.759843,
        -1.288328 -1.078653 0.759843,
        -1.234533 -1.397638 0.759843,
        -1.259843 -1.066854 0.759843,
        -1.235381 -1.048083 0.759843,
        -1.200787 -0.964567 0.759843,
        -1.200787 -0.452756 0.759843,
        -0.551181 -1.397638 0.759843,
        -0.551181 -0.452756 0.759843,
        -0.964567 -1.397638 0.759843,
        -0.964567 -1.476378 0.681102,
        -0.551181 -1.476378 0.681102,
        -0.393701 -0.452756 0.759843,
        -0.393701 -1.397638 0.759843,
        -0.374016 -0.452756 0.759843,
        -0.374016 -1.397638 0.759843,
        -0.374016 -1.476378 0.681102,
        -0.393701 -1.476378 0.681102,
        -0.216535 -1.397638 0.759843,
        -0.196850 -1.397638 0.759843,
        -0.216535 -0.452756 0.759843,
        -0.196850 -0.452756 0.759843,
        -0.196850 -1.476378 0.681102,
        -0.216535 -1.476378 0.681102,
        1.632342 0.610236 0.921722,
        1.604810 0.610236 0.988189,
        1.397638 0.610236 0.838583,
        1.561014 0.610236 1.045266,
        1.503937 0.610236 1.089062,
        -1.604810 0.610236 0.988189,
        -1.632342 0.610236 0.921722,
        -1.397638 0.610236 0.838583,
        -1.641732 0.610236 0.850394,
        -1.397638 0.610236 0.405512,
        -1.641732 0.610236 0.000000,
        1.397638 0.610236 0.405512,
        1.641732 0.610236 0.000000,
        1.641732 0.610236 0.850394,
        -1.437470 0.610236 1.116594,
        -1.503937 0.610236 1.089062,
        -1.561014 0.610236 1.045266,
        1.437470 0.610236 1.116594,
        1.366142 0.610236 1.125984,
        -1.366142 0.610236 1.125984,
        -1.759843 1.330709 0.732283,
        -1.759843 1.330709 1.125984,
        -1.641732 1.330709 0.732283,
        -0.866142 1.330709 1.125984,
        -1.641732 1.330709 0.000000,
        -0.866142 1.330709 0.875353,
        1.641732 1.330709 0.000000,
        -0.677014 1.330709 0.875353,
        0.677014 1.330709 0.875353,
        0.866142 1.330709 0.875353,
        1.641732 1.330709 0.732283,
        0.866142 1.330709 1.125984,
        1.759843 1.330709 0.732283,
        1.759843 1.330709 1.125984,
        0.283313 1.330709 1.125984,
        0.677014 1.330709 0.898681,
        -1.641732 1.072835 0.732283,
        -1.641732 1.072835 0.850394,
        -1.366142 1.072835 1.125984,
        -1.437470 1.072835 1.116594,
        -1.503937 1.072835 1.089062,
        -1.561014 1.072835 1.045266,
        -1.604810 1.072835 0.988189,
        -1.632342 1.072835 0.921722,
        0.283313 1.015748 1.125984,
        1.759843 1.072835 1.125984,
        1.366142 1.072835 1.125984,
        0.866142 1.015748 1.125984,
        -0.866142 1.015748 1.125984,
        -1.759843 1.072835 1.125984,
        1.137795 1.015748 0.000000,
        1.112321 1.012394 0.000000,
        -1.042724 0.891848 0.000000,
        1.088583 1.002561 0.000000,
        1.068198 0.986920 0.000000,
        -1.232867 0.891848 0.000000,
        -1.223034 0.868110 0.000000,
        -1.207393 0.847726 0.000000,
        1.052557 0.868110 0.000000,
        1.068198 0.847726 0.000000,
        1.088583 0.832084 0.000000,
        1.112321 0.822252 0.000000,
        1.137795 0.818898 0.000000,
        1.163270 0.822252 0.000000,
        -1.137795 1.015748 0.000000,
        -1.112321 1.012394 0.000000,
        -1.088583 1.002561 0.000000,
        -1.068198 0.986920 0.000000,
        -1.163270 1.012394 0.000000,
        -1.187008 1.002561 0.000000,
        -1.207393 0.986920 0.000000,
        1.052557 0.966535 0.000000,
        1.042724 0.942797 0.000000,
        -1.052557 0.868110 0.000000,
        1.039370 0.917323 0.000000,
        -1.068198 0.847726 0.000000,
        -1.088583 0.832084 0.000000,
        1.187008 0.832084 -0.000000,
        1.207393 0.847726 -0.000000,
        1.223034 0.868110 -0.000000,
        1.223034 0.966535 -0.000000,
        1.207393 0.986920 -0.000000,
        -1.223034 0.966535 0.000000,
        -1.232867 0.942797 0.000000,
        -1.236220 0.917323 0.000000,
        -1.187008 0.832084 0.000000,
        -1.163270 0.822252 0.000000,
        -1.137795 0.818898 0.000000,
        1.232867 0.891848 -0.000000,
        1.236220 0.917323 -0.000000,
        1.232867 0.942797 -0.000000,
        1.042724 0.891848 0.000000,
        -1.112321 0.822252 0.000000,
        1.187008 1.002561 -0.000000,
        1.163270 1.012394 0.000000,
        -1.039370 0.917323 0.000000,
        -1.042724 0.942797 0.000000,
        -1.052557 0.966535 0.000000,
        1.279528 -0.374016 0.838583,
        1.397638 -0.374016 0.838583,
        -1.279528 -0.374016 0.838583,
        -1.397638 -0.374016 0.838583,
        -1.397638 -0.374016 0.405512,
        -1.279528 -0.374016 0.405512,
        1.279528 -0.374016 0.405512,
        1.397638 -0.374016 0.405512,
        -0.039370 -1.397638 0.759843,
        0.039370 -1.397638 0.759843,
        -0.039370 -0.452756 0.759843,
        0.964567 -1.476378 0.681102,
        0.551181 -1.476378 0.681102,
        0.393701 -1.476378 0.681102,
        0.374016 -1.476378 0.681102,
        0.216535 -1.476378 0.681102,
        0.196850 -1.476378 0.681102,
        0.039370 -1.476378 0.681102,
        -0.039370 -1.476378 0.681102,
        0.984252 -0.452756 0.759843,
        1.102362 -0.452756 0.759843,
        1.122047 -0.452756 0.759843,
        1.200787 -0.452756 0.759843,
        0.964567 -0.452756 0.759843,
        -0.196850 -0.452756 0.681102,
        -0.039370 -0.452756 0.681102,
        -0.393701 -0.452756 0.681102,
        -0.551181 -0.452756 0.681102,
        -0.374016 -0.452756 0.681102,
        -0.216535 -0.452756 0.681102,
      ]
    }
    coordIndex [
      0, 1, 2, -1,
      2, 1, 3, -1,
      4, 5, 6, -1,
      6, 5, 7, -1,
      6, 7, 8, -1,
      7, 9, 8, -1,
      8, 9, 10, -1,
      8, 10, 11, -1,
      12, 13, 14, -1,
      14, 13, 8, -1,
      14, 8, 15, -1,
      15, 8, 11, -1,
      16, 17, 18, -1,
      18, 17, 19, -1,
      20, 21, 22, -1,
      22, 21, 23, -1,
      3, 1, 24, -1,
      24, 1, 25, -1,
      26, 27, 8, -1,
      8, 27, 6, -1,
      28, 29, 18, -1,
      18, 29, 16, -1,
      23, 21, 30, -1,
      30, 21, 31, -1,
      27, 26, 32, -1,
      32, 26, 33, -1,
      34, 32, 35, -1,
      35, 32, 33, -1,
      35, 33, 36, -1,
      36, 33, 37, -1,
      38, 39, 40, -1,
      40, 39, 41, -1,
      42, 43, 44, -1,
      44, 43, 45, -1,
      46, 47, 48, -1,
      46, 48, 49, -1,
      49, 48, 50, -1,
      49, 50, 51, -1,
      52, 53, 54, -1,
      54, 53, 55, -1,
      54, 55, 56, -1,
      56, 55, 48, -1,
      56, 48, 57, -1,
      57, 48, 47, -1,
      58, 59, 60, -1,
      60, 59, 61, -1,
      62, 63, 64, -1,
      64, 63, 65, -1,
      66, 67, 40, -1,
      40, 67, 38, -1,
      45, 43, 68, -1,
      68, 43, 69, -1,
      48, 55, 70, -1,
      70, 55, 71, -1,
      72, 73, 60, -1,
      60, 73, 58, -1,
      74, 75, 64, -1,
      64, 75, 62, -1,
      76, 70, 71, -1,
      77, 78, 79, -1,
      80, 81, 79, -1,
      79, 81, 76, -1,
      79, 76, 77, -1,
      77, 76, 71, -1,
      82, 83, 84, -1,
      84, 83, 85, -1,
      86, 87, 88, -1,
      88, 87, 89, -1,
      88, 89, 90, -1,
      90, 89, 91, -1,
      90, 91, 92, -1,
      92, 91, 93, -1,
      94, 95, 96, -1,
      96, 95, 97, -1,
      96, 97, 98, -1,
      98, 97, 99, -1,
      98, 99, 100, -1,
      100, 99, 101, -1,
      102, 103, 104, -1,
      104, 103, 105, -1,
      104, 105, 106, -1,
      106, 105, 107, -1,
      106, 107, 108, -1,
      108, 107, 109, -1,
      110, 111, 112, -1,
      112, 111, 113, -1,
      112, 113, 114, -1,
      114, 113, 115, -1,
      114, 115, 116, -1,
      116, 115, 117, -1,
      118, 119, 120, -1,
      121, 122, 123, -1,
      123, 122, 124, -1,
      123, 124, 125, -1,
      125, 124, 120, -1,
      125, 120, 126, -1,
      126, 120, 119, -1,
      118, 120, 127, -1,
      127, 120, 111, -1,
      127, 111, 128, -1,
      129, 130, 131, -1,
      131, 130, 117, -1,
      120, 124, 34, -1,
      34, 124, 32, -1,
      132, 133, 131, -1,
      131, 133, 129, -1,
      134, 135, 136, -1,
      136, 135, 137, -1,
      137, 135, 138, -1,
      138, 135, 139, -1,
      140, 141, 142, -1,
      142, 141, 143, -1,
      144, 141, 145, -1,
      145, 141, 140, -1,
      146, 147, 148, -1,
      148, 147, 149, -1,
      148, 149, 150, -1,
      151, 152, 153, -1,
      153, 152, 154, -1,
      153, 154, 155, -1,
      155, 154, 156, -1,
      155, 156, 157, -1,
      157, 156, 158, -1,
      157, 158, 148, -1,
      148, 158, 159, -1,
      148, 159, 146, -1,
      160, 161, 153, -1,
      153, 161, 162, -1,
      153, 162, 151, -1,
      150, 163, 148, -1,
      148, 163, 164, -1,
      148, 164, 153, -1,
      153, 164, 165, -1,
      153, 165, 160, -1,
      166, 167, 168, -1,
      168, 167, 169, -1,
      168, 169, 170, -1,
      170, 169, 171, -1,
      170, 171, 172, -1,
      172, 171, 173, -1,
      173, 174, 172, -1,
      172, 174, 175, -1,
      172, 175, 176, -1,
      176, 175, 177, -1,
      176, 177, 178, -1,
      178, 177, 179, -1,
      180, 181, 83, -1,
      83, 181, 174, -1,
      83, 174, 85, -1,
      85, 174, 173, -1,
      168, 170, 182, -1,
      182, 170, 156, -1,
      182, 156, 183, -1,
      183, 156, 154, -1,
      165, 184, 185, -1,
      165, 185, 160, -1,
      160, 185, 186, -1,
      160, 186, 161, -1,
      161, 186, 187, -1,
      161, 187, 162, -1,
      162, 187, 188, -1,
      162, 188, 151, -1,
      151, 188, 189, -1,
      151, 189, 152, -1,
      152, 189, 183, -1,
      152, 183, 154, -1,
      190, 165, 164, -1,
      191, 179, 192, -1,
      192, 179, 177, -1,
      192, 177, 164, -1,
      164, 177, 193, -1,
      164, 193, 190, -1,
      180, 83, 190, -1,
      190, 83, 82, -1,
      190, 82, 165, -1,
      165, 82, 194, -1,
      165, 194, 184, -1,
      184, 194, 169, -1,
      184, 169, 195, -1,
      195, 169, 167, -1,
      196, 197, 198, -1,
      198, 197, 199, -1,
      198, 199, 200, -1,
      201, 202, 156, -1,
      156, 202, 203, -1,
      156, 204, 205, -1,
      205, 206, 156, -1,
      156, 206, 207, -1,
      156, 207, 158, -1,
      158, 207, 208, -1,
      158, 208, 209, -1,
      210, 170, 211, -1,
      211, 170, 172, -1,
      211, 172, 212, -1,
      212, 172, 213, -1,
      210, 214, 170, -1,
      170, 214, 215, -1,
      170, 215, 216, -1,
      200, 217, 198, -1,
      198, 217, 218, -1,
      198, 218, 219, -1,
      219, 218, 220, -1,
      219, 220, 221, -1,
      221, 220, 222, -1,
      209, 223, 158, -1,
      158, 223, 224, -1,
      158, 224, 225, -1,
      226, 227, 172, -1,
      216, 228, 170, -1,
      170, 228, 229, -1,
      170, 229, 156, -1,
      156, 229, 230, -1,
      156, 230, 201, -1,
      203, 231, 156, -1,
      156, 231, 232, -1,
      156, 232, 233, -1,
      225, 234, 158, -1,
      158, 234, 235, -1,
      158, 235, 172, -1,
      172, 235, 236, -1,
      172, 236, 226, -1,
      204, 156, 237, -1,
      237, 156, 233, -1,
      237, 233, 220, -1,
      220, 233, 238, -1,
      220, 238, 222, -1,
      227, 239, 172, -1,
      172, 239, 240, -1,
      172, 240, 196, -1,
      198, 241, 196, -1,
      196, 241, 242, -1,
      196, 242, 172, -1,
      172, 242, 243, -1,
      172, 243, 213, -1,
      244, 245, 148, -1,
      244, 148, 246, -1,
      246, 148, 153, -1,
      246, 153, 247, -1,
      248, 247, 155, -1,
      155, 247, 153, -1,
      248, 155, 249, -1,
      249, 155, 157, -1,
      249, 157, 250, -1,
      250, 157, 251, -1,
      246, 247, 249, -1,
      249, 247, 248, -1,
      122, 121, 4, -1,
      4, 121, 5, -1,
      252, 253, 254, -1,
      254, 253, 87, -1,
      81, 80, 72, -1,
      72, 80, 255, -1,
      72, 255, 73, -1,
      73, 255, 256, -1,
      73, 256, 74, -1,
      74, 256, 257, -1,
      74, 257, 75, -1,
      75, 257, 258, -1,
      75, 258, 69, -1,
      69, 258, 259, -1,
      69, 259, 68, -1,
      68, 259, 260, -1,
      68, 260, 66, -1,
      66, 260, 261, -1,
      66, 261, 67, -1,
      67, 261, 262, -1,
      67, 262, 31, -1,
      31, 262, 144, -1,
      31, 144, 30, -1,
      30, 144, 145, -1,
      30, 145, 28, -1,
      28, 145, 138, -1,
      28, 138, 29, -1,
      29, 138, 139, -1,
      29, 139, 25, -1,
      25, 139, 133, -1,
      25, 133, 24, -1,
      24, 133, 132, -1,
      24, 132, 37, -1,
      37, 132, 36, -1,
      12, 14, 128, -1,
      128, 14, 127, -1,
      127, 14, 118, -1,
      118, 14, 15, -1,
      118, 15, 119, -1,
      119, 15, 11, -1,
      119, 11, 126, -1,
      126, 11, 10, -1,
      126, 10, 125, -1,
      125, 10, 9, -1,
      125, 9, 123, -1,
      123, 9, 7, -1,
      123, 7, 121, -1,
      121, 7, 5, -1,
      122, 4, 6, -1,
      27, 32, 6, -1,
      6, 32, 124, -1,
      6, 124, 122, -1,
      261, 253, 262, -1,
      262, 253, 252, -1,
      249, 12, 246, -1,
      246, 12, 128, -1,
      22, 19, 249, -1,
      249, 19, 17, -1,
      249, 17, 0, -1,
      250, 51, 50, -1,
      65, 63, 250, -1,
      250, 63, 42, -1,
      250, 42, 44, -1,
      44, 41, 250, -1,
      250, 41, 39, -1,
      250, 39, 249, -1,
      249, 39, 20, -1,
      249, 20, 22, -1,
      0, 2, 249, -1,
      249, 2, 13, -1,
      249, 13, 12, -1,
      50, 61, 250, -1,
      250, 61, 59, -1,
      250, 59, 65, -1,
      246, 128, 111, -1,
      93, 103, 244, -1,
      93, 244, 92, -1,
      109, 95, 244, -1,
      244, 95, 94, -1,
      244, 94, 100, -1,
      263, 264, 244, -1,
      244, 264, 265, -1,
      244, 265, 266, -1,
      134, 246, 130, -1,
      130, 246, 117, -1,
      134, 136, 246, -1,
      246, 136, 142, -1,
      246, 142, 143, -1,
      103, 102, 244, -1,
      244, 102, 108, -1,
      244, 108, 109, -1,
      100, 101, 244, -1,
      244, 101, 267, -1,
      244, 267, 263, -1,
      111, 110, 246, -1,
      246, 110, 116, -1,
      246, 116, 117, -1,
      143, 254, 246, -1,
      246, 254, 87, -1,
      246, 87, 244, -1,
      244, 87, 86, -1,
      244, 86, 92, -1,
      144, 262, 268, -1,
      268, 262, 269, -1,
      268, 269, 143, -1,
      143, 269, 254, -1,
      143, 141, 268, -1,
      268, 141, 144, -1,
      254, 269, 252, -1,
      252, 269, 262, -1,
      270, 271, 139, -1,
      139, 271, 133, -1,
      271, 270, 130, -1,
      130, 270, 134, -1,
      130, 129, 271, -1,
      271, 129, 133, -1,
      134, 270, 135, -1,
      135, 270, 139, -1,
      138, 145, 272, -1,
      272, 145, 273, -1,
      272, 273, 136, -1,
      136, 273, 142, -1,
      136, 137, 272, -1,
      272, 137, 138, -1,
      142, 273, 140, -1,
      140, 273, 145, -1,
      132, 115, 36, -1,
      36, 115, 113, -1,
      36, 113, 35, -1,
      113, 111, 35, -1,
      35, 111, 120, -1,
      35, 120, 34, -1,
      115, 132, 117, -1,
      117, 132, 131, -1,
    ]
  }
}

Shape {
  appearance Appearance {
    material Material {
      diffuseColor 1.0000 1.0000 0.5020
      specularColor 0.5020 0.5020 0.2510
      ambientIntensity 0.2
      transparency 0.0000
      shininess 0.5
    }
  }
  geometry IndexedFaceSet {
    ccw TRUE
    solid FALSE
    coord DEF co Coordinate {
      point [
        -1.102362 -0.452756 0.759843,
        -1.102362 -0.452756 0.720472,
        -0.984252 -0.452756 0.720472,
        -0.984252 -0.452756 0.759843,
        -1.102362 -1.377953 0.759843,
        -1.102362 -1.377953 0.720472,
        -0.984252 -1.377953 0.720472,
        -0.984252 -1.377953 0.759843,
      ]
    }
    coordIndex [
      4, 0, 5, -1,
      5, 0, 1, -1,
      5, 1, 6, -1,
      6, 1, 2, -1,
      6, 2, 7, -1,
      7, 2, 3, -1,
      7, 3, 4, -1,
      4, 3, 0, -1,
      4, 5, 7, -1,
      7, 5, 6, -1,
    ]
  }
}

Shape {
  appearance Appearance {
    material Material {
      diffuseColor 0.2510 0.2510 0.2510
      specularColor 0.1255 0.1255 0.1255
      ambientIntensity 0.2
      transparency 0.0000
      shininess 0.5
    }
  }
  geometry IndexedFaceSet {
    ccw TRUE
    solid FALSE
    coord DEF co Coordinate {
      point [
        1.204812 -0.995136 0.484252,
        1.216611 -1.023622 0.484252,
        1.200787 -0.964567 0.484252,
        1.200787 -0.452756 0.484252,
        1.318898 -1.082677 0.484252,
        1.318898 -1.200787 0.484252,
        1.288328 -1.078653 0.484252,
        1.234533 -1.397638 0.484252,
        1.259843 -1.066854 0.484252,
        1.235381 -1.048083 0.484252,
        1.231805 -1.404004 0.490619,
        1.231805 -1.404004 0.753476,
        1.122047 -1.447907 0.709573,
        1.122047 -1.447907 0.681102,
        1.050870 -1.476378 0.681102,
        0.039370 -0.452756 0.759843,
        0.039370 -0.452756 0.681102,
        0.196850 -0.452756 0.681102,
        0.196850 -0.452756 0.759843,
        0.393701 -0.452756 0.759843,
        0.393701 -0.452756 0.681102,
        0.551181 -0.452756 0.681102,
        0.551181 -0.452756 0.759843,
        0.216535 -0.452756 0.759843,
        0.216535 -0.452756 0.681102,
        0.374016 -0.452756 0.681102,
        0.374016 -0.452756 0.759843,
        1.632342 0.610236 0.921722,
        1.604810 0.610236 0.988189,
        1.397638 0.610236 0.838583,
        1.561014 0.610236 1.045266,
        1.503937 0.610236 1.089062,
        1.397638 0.610236 0.405512,
        1.641732 0.610236 0.000000,
        1.641732 0.610236 0.850394,
        1.437470 0.610236 1.116594,
        1.366142 0.610236 1.125984,
        1.641732 1.330709 0.000000,
        1.641732 1.330709 0.732283,
        0.283313 1.330709 1.125984,
        0.677014 1.330709 0.898681,
        0.283313 1.015748 1.125984,
        1.366142 1.072835 1.125984,
        1.279528 -0.374016 0.838583,
        1.397638 -0.374016 0.838583,
        1.279528 -0.374016 0.405512,
        1.397638 -0.374016 0.405512,
        0.039370 -1.397638 0.759843,
        0.964567 -1.476378 0.681102,
        0.551181 -1.476378 0.681102,
        0.393701 -1.476378 0.681102,
        0.374016 -1.476378 0.681102,
        0.216535 -1.476378 0.681102,
        0.196850 -1.476378 0.681102,
        0.039370 -1.476378 0.681102,
        0.984252 -0.452756 0.759843,
        1.102362 -0.452756 0.759843,
        1.122047 -0.452756 0.759843,
        1.200787 -0.452756 0.759843,
        0.964567 -0.452756 0.759843,
        0.984252 -0.452756 0.720472,
        0.964567 -0.452756 0.681102,
        1.102362 -0.452756 0.720472,
        1.122047 -0.452756 0.681102,
        1.235381 -1.048083 0.759843,
        1.216611 -1.023622 0.759843,
        1.122047 -1.397638 0.759843,
        1.318898 -1.200787 0.759843,
        1.318898 -1.082677 0.759843,
        1.234533 -1.397638 0.759843,
        1.288328 -1.078653 0.759843,
        1.259843 -1.066854 0.759843,
        1.200787 -0.964567 0.759843,
        1.204812 -0.995136 0.759843,
        0.551181 -1.397638 0.759843,
        0.964567 -1.397638 0.759843,
        0.393701 -1.397638 0.759843,
        0.374016 -1.397638 0.759843,
        0.196850 -1.397638 0.759843,
        0.216535 -1.397638 0.759843,
        1.641732 1.072835 0.850394,
        1.641732 1.072835 0.732283,
        1.632342 1.072835 0.921722,
        1.604810 1.072835 0.988189,
        1.561014 1.072835 1.045266,
        1.503937 1.072835 1.089062,
        1.437470 1.072835 1.116594,
        0.677014 1.015748 0.898681,
      ]
    }
    coordIndex [
      55, 59, 60, -1,
      60, 59, 61, -1,
      60, 61, 62, -1,
      62, 61, 63, -1,
      62, 63, 56, -1,
      56, 63, 57, -1,
      64, 65, 66, -1,
      67, 68, 69, -1,
      69, 68, 70, -1,
      69, 70, 66, -1,
      66, 70, 71, -1,
      66, 71, 64, -1,
      58, 57, 72, -1,
      72, 57, 66, -1,
      72, 66, 73, -1,
      73, 66, 65, -1,
      22, 74, 59, -1,
      59, 74, 75, -1,
      69, 66, 11, -1,
      11, 66, 12, -1,
      49, 48, 74, -1,
      74, 48, 75, -1,
      76, 19, 77, -1,
      77, 19, 26, -1,
      76, 77, 50, -1,
      50, 77, 51, -1,
      78, 79, 18, -1,
      18, 79, 23, -1,
      78, 53, 79, -1,
      79, 53, 52, -1,
      80, 34, 81, -1,
      81, 34, 33, -1,
      81, 33, 38, -1,
      38, 33, 37, -1,
      34, 80, 82, -1,
      34, 82, 27, -1,
      27, 82, 83, -1,
      27, 83, 28, -1,
      28, 83, 84, -1,
      28, 84, 30, -1,
      30, 84, 85, -1,
      30, 85, 31, -1,
      31, 85, 86, -1,
      31, 86, 35, -1,
      35, 86, 42, -1,
      35, 42, 36, -1,
      40, 39, 87, -1,
      87, 39, 41, -1,
      44, 46, 29, -1,
      29, 46, 32, -1,
      44, 43, 46, -1,
      46, 43, 45, -1,
      68, 67, 4, -1,
      4, 67, 5, -1,
      2, 3, 72, -1,
      72, 3, 58, -1,
      68, 4, 70, -1,
      70, 4, 6, -1,
      70, 6, 71, -1,
      71, 6, 8, -1,
      71, 8, 64, -1,
      64, 8, 9, -1,
      64, 9, 65, -1,
      65, 9, 1, -1,
      65, 1, 73, -1,
      73, 1, 0, -1,
      73, 0, 72, -1,
      72, 0, 2, -1,
      11, 10, 69, -1,
      69, 10, 7, -1,
      69, 7, 67, -1,
      67, 7, 5, -1,
      3, 45, 58, -1,
      58, 45, 43, -1,
      54, 53, 16, -1,
      16, 53, 17, -1,
      78, 18, 53, -1,
      53, 18, 17, -1,
      16, 15, 54, -1,
      54, 15, 47, -1,
      21, 20, 49, -1,
      49, 20, 50, -1,
      74, 22, 49, -1,
      49, 22, 21, -1,
      20, 19, 50, -1,
      50, 19, 76, -1,
      52, 51, 24, -1,
      24, 51, 25, -1,
      77, 26, 51, -1,
      51, 26, 25, -1,
      24, 23, 52, -1,
      52, 23, 79, -1,
      13, 63, 14, -1,
      14, 63, 61, -1,
      14, 61, 48, -1,
      57, 63, 66, -1,
      66, 63, 13, -1,
      66, 13, 12, -1,
      48, 61, 75, -1,
      75, 61, 59, -1,
    ]
  }
}

Shape {
  appearance Appearance {
    material Material {
      diffuseColor 1.0000 1.0000 0.5020
      specularColor 0.5020 0.5020 0.2510
      ambientIntensity 0.2
      transparency 0.0000
      shininess 0.5
    }
  }
  geometry IndexedFaceSet {
    ccw TRUE
    solid FALSE
    coord DEF co Coordinate {
      point [
        0.059055 -0.452756 0.759843,
        0.059055 -0.452756 0.720472,
        0.177165 -0.452756 0.720472,
        0.177165 -0.452756 0.759843,
        0.413386 -0.452756 0.759843,
        0.413386 -0.452756 0.720472,
        0.531496 -0.452756 0.720472,
        0.531496 -0.452756 0.759843,
        0.236220 -0.452756 0.759843,
        0.236220 -0.452756 0.720472,
        0.354331 -0.452756 0.720472,
        0.354331 -0.452756 0.759843,
        0.984252 -0.452756 0.759843,
        1.102362 -0.452756 0.759843,
        0.984252 -0.452756 0.720472,
        1.102362 -0.452756 0.720472,
        1.102362 -1.377953 0.759843,
        1.102362 -1.377953 0.720472,
        0.984252 -1.377953 0.720472,
        0.984252 -1.377953 0.759843,
        0.354331 -1.318898 0.759843,
        0.236220 -1.318898 0.759843,
        0.354331 -1.318898 0.720472,
        0.236220 -1.318898 0.720472,
        0.531496 -1.377953 0.759843,
        0.413386 -1.377953 0.759843,
        0.531496 -1.377953 0.720472,
        0.413386 -1.377953 0.720472,
        0.177165 -1.318898 0.759843,
        0.059055 -1.318898 0.759843,
        0.177165 -1.318898 0.720472,
        0.059055 -1.318898 0.720472,
      ]
    }
    coordIndex [
      13, 16, 15, -1,
      15, 16, 17, -1,
      15, 17, 14, -1,
      14, 17, 18, -1,
      14, 18, 12, -1,
      12, 18, 19, -1,
      12, 19, 13, -1,
      13, 19, 16, -1,
      17, 16, 18, -1,
      18, 16, 19, -1,
      20, 21, 22, -1,
      22, 21, 23, -1,
      10, 22, 9, -1,
      9, 22, 23, -1,
      11, 8, 20, -1,
      20, 8, 21, -1,
      11, 20, 10, -1,
      10, 20, 22, -1,
      8, 9, 21, -1,
      21, 9, 23, -1,
      24, 25, 26, -1,
      26, 25, 27, -1,
      6, 26, 5, -1,
      5, 26, 27, -1,
      7, 4, 24, -1,
      24, 4, 25, -1,
      7, 24, 6, -1,
      6, 24, 26, -1,
      4, 5, 25, -1,
      25, 5, 27, -1,
      28, 29, 30, -1,
      30, 29, 31, -1,
      2, 30, 1, -1,
      1, 30, 31, -1,
      3, 0, 28, -1,
      28, 0, 29, -1,
      3, 28, 2, -1,
      2, 28, 30, -1,
      0, 1, 29, -1,
      29, 1, 31, -1,
    ]
  }
}

Shape {
  appearance Appearance {
    material Material {
      diffuseColor 0.2510 0.2510 0.2510
      specularColor 0.1255 0.1255 0.1255
      ambientIntensity 0.2
      transparency 0.0000
      shininess 0.5
    }
  }
  geometry IndexedFaceSet {
    ccw TRUE
    solid FALSE
    coord DEF co Coordinate {
      point [
        -0.551181 -0.452756 0.484252,
        -0.551181 -1.397638 0.484252,
        -0.964567 -0.452756 0.484252,
        -0.964567 -1.397638 0.484252,
        -1.122047 -1.397638 0.484252,
        -1.122047 -0.452756 0.484252,
        -0.393701 -1.397638 0.484252,
        -0.393701 -0.452756 0.484252,
        -0.374016 -1.397638 0.484252,
        -0.374016 -0.452756 0.484252,
        -0.196850 -0.452756 0.484252,
        -0.196850 -1.397638 0.484252,
        -0.216535 -0.452756 0.484252,
        -0.216535 -1.397638 0.484252,
        -0.964567 -1.476378 0.562992,
        -0.551181 -1.476378 0.562992,
        -1.122047 -1.447907 0.534521,
        -0.374016 -1.476378 0.562992,
        -0.393701 -1.476378 0.562992,
        -0.216535 -1.476378 0.562992,
        -0.196850 -1.476378 0.562992,
        -1.122047 -1.447907 0.562992,
        -1.050870 -1.476378 0.562992,
        -0.039370 -1.397638 0.484252,
        -0.039370 -0.452756 0.484252,
        0.039370 -1.397638 0.484252,
        0.039370 -0.452756 0.484252,
        0.216535 -0.452756 0.484252,
        0.216535 -1.397638 0.484252,
        0.196850 -0.452756 0.484252,
        0.196850 -1.397638 0.484252,
        1.122047 -1.397638 0.484252,
        1.122047 -0.452756 0.484252,
        0.551181 -1.397638 0.484252,
        0.551181 -0.452756 0.484252,
        0.964567 -1.397638 0.484252,
        0.964567 -0.452756 0.484252,
        0.374016 -1.397638 0.484252,
        0.374016 -0.452756 0.484252,
        0.393701 -1.397638 0.484252,
        0.393701 -0.452756 0.484252,
        0.039370 -1.476378 0.562992,
        -0.039370 -1.476378 0.562992,
        0.196850 -1.476378 0.562992,
        0.216535 -1.476378 0.562992,
        1.122047 -1.447907 0.534521,
        0.964567 -1.476378 0.562992,
        0.551181 -1.476378 0.562992,
        0.393701 -1.476378 0.562992,
        0.374016 -1.476378 0.562992,
        1.122047 -1.447907 0.562992,
        1.050870 -1.476378 0.562992,
        -0.283313 1.015748 1.125984,
        -0.677014 1.015748 0.898681,
        -0.677014 1.330709 0.898681,
        -1.759843 1.330709 0.732283,
        -1.759843 1.330709 1.125984,
        -1.641732 1.330709 0.732283,
        -0.866142 1.330709 1.125984,
        -0.866142 1.330709 0.875353,
        -0.677014 1.330709 0.875353,
        0.677014 1.330709 0.875353,
        0.866142 1.330709 0.875353,
        1.641732 1.330709 0.732283,
        0.866142 1.330709 1.125984,
        1.759843 1.330709 0.732283,
        1.759843 1.330709 1.125984,
        0.677014 1.330709 0.898681,
        -1.641732 1.072835 0.732283,
        -1.641732 1.072835 0.850394,
        -1.366142 1.072835 1.125984,
        -1.437470 1.072835 1.116594,
        -1.503937 1.072835 1.089062,
        -1.561014 1.072835 1.045266,
        -1.604810 1.072835 0.988189,
        -1.632342 1.072835 0.921722,
        0.283313 1.015748 1.125984,
        1.759843 1.072835 1.125984,
        1.366142 1.072835 1.125984,
        0.866142 1.015748 1.125984,
        -0.866142 1.015748 1.125984,
        -1.759843 1.072835 1.125984,
        1.137795 1.015748 0.000000,
        1.112321 1.012394 0.000000,
        -1.042724 0.891848 0.000000,
        1.088583 1.002561 0.000000,
        1.068198 0.986920 0.000000,
        -1.232867 0.891848 0.000000,
        -1.223034 0.868110 0.000000,
        -1.207393 0.847726 0.000000,
        1.052557 0.868110 0.000000,
        1.068198 0.847726 0.000000,
        1.088583 0.832084 0.000000,
        1.112321 0.822252 0.000000,
        1.137795 0.818898 0.000000,
        1.163270 0.822252 0.000000,
        -1.137795 1.015748 0.000000,
        -1.112321 1.012394 0.000000,
        -1.088583 1.002561 0.000000,
        -1.068198 0.986920 0.000000,
        -1.163270 1.012394 0.000000,
        -1.187008 1.002561 0.000000,
        -1.207393 0.986920 0.000000,
        1.052557 0.966535 0.000000,
        1.042724 0.942797 0.000000,
        -1.052557 0.868110 0.000000,
        1.039370 0.917323 0.000000,
        -1.068198 0.847726 0.000000,
        -1.088583 0.832084 0.000000,
        1.187008 0.832084 -0.000000,
        1.207393 0.847726 -0.000000,
        1.223034 0.868110 -0.000000,
        1.223034 0.966535 -0.000000,
        1.207393 0.986920 -0.000000,
        -1.223034 0.966535 0.000000,
        -1.232867 0.942797 0.000000,
        -1.236220 0.917323 0.000000,
        -1.187008 0.832084 0.000000,
        -1.163270 0.822252 0.000000,
        -1.137795 0.818898 0.000000,
        1.232867 0.891848 -0.000000,
        1.236220 0.917323 -0.000000,
        1.232867 0.942797 -0.000000,
        1.042724 0.891848 0.000000,
        -1.112321 0.822252 0.000000,
        1.187008 1.002561 -0.000000,
        1.163270 1.012394 0.000000,
        -1.039370 0.917323 0.000000,
        -1.042724 0.942797 0.000000,
        -1.052557 0.966535 0.000000,
        1.641732 1.072835 0.850394,
        1.641732 1.072835 0.732283,
        1.632342 1.072835 0.921722,
        1.604810 1.072835 0.988189,
        1.561014 1.072835 1.045266,
        1.503937 1.072835 1.089062,
        1.437470 1.072835 1.116594,
        0.677014 1.015748 0.898681,
        0.866142 1.015748 0.875353,
        0.677014 1.015748 0.875353,
        -0.677014 1.015748 0.875353,
        -0.866142 1.015748 0.875353,
        -1.232867 0.891848 -0.228346,
        -1.223034 0.868110 -0.228346,
        -1.207393 0.847726 -0.228346,
        -1.187008 0.832084 -0.228346,
        -1.163270 0.822252 -0.228346,
        -1.137795 0.818898 -0.228346,
        -1.112321 0.822252 -0.228346,
        -1.088583 0.832084 -0.228346,
        -1.068198 0.847726 -0.228346,
        -1.052557 0.868110 -0.228346,
        -1.042724 0.891848 -0.228346,
        -1.039370 0.917323 -0.228346,
        -1.042724 0.942797 -0.228346,
        -1.052557 0.966535 -0.228346,
        -1.068198 0.986920 -0.228346,
        -1.088583 1.002561 -0.228346,
        -1.112321 1.012394 -0.228346,
        -1.137795 1.015748 -0.228346,
        -1.163270 1.012394 -0.228346,
        -1.187008 1.002561 -0.228346,
        -1.207393 0.986920 -0.228346,
        -1.223034 0.966535 -0.228346,
        -1.232867 0.942797 -0.228346,
        -1.236220 0.917323 -0.228346,
        -1.086652 0.946850 -0.267717,
        -1.080752 0.932607 -0.267717,
        -1.137795 0.917323 -0.267717,
        -1.078740 0.917323 -0.267717,
        -1.080752 0.902038 -0.267717,
        -1.122511 0.974366 -0.267717,
        -1.108268 0.968466 -0.267717,
        -1.096037 0.959081 -0.267717,
        -1.167323 0.968466 -0.267717,
        -1.153080 0.974366 -0.267717,
        -1.137795 0.976378 -0.267717,
        -1.194838 0.932607 -0.267717,
        -1.188939 0.946850 -0.267717,
        -1.179554 0.959081 -0.267717,
        -1.188939 0.887795 -0.267717,
        -1.194838 0.902038 -0.267717,
        -1.196850 0.917323 -0.267717,
        -1.153080 0.860280 -0.267717,
        -1.167323 0.866180 -0.267717,
        -1.179554 0.875565 -0.267717,
        -1.108268 0.866180 -0.267717,
        -1.122511 0.860280 -0.267717,
        -1.137795 0.858268 -0.267717,
        -1.086652 0.887795 -0.267717,
        -1.096037 0.875565 -0.267717,
        1.042724 0.891848 -0.228346,
        1.052557 0.868110 -0.228346,
        1.068198 0.847726 -0.228346,
        1.088583 0.832084 -0.228346,
        1.112321 0.822252 -0.228346,
        1.137795 0.818898 -0.228346,
        1.163270 0.822252 -0.228346,
        1.187008 0.832084 -0.228346,
        1.207393 0.847726 -0.228346,
        1.223034 0.868110 -0.228346,
        1.232867 0.891848 -0.228346,
        1.236220 0.917323 -0.228346,
        1.232867 0.942797 -0.228346,
        1.223034 0.966535 -0.228346,
        1.207393 0.986920 -0.228346,
        1.187008 1.002561 -0.228346,
        1.163270 1.012394 -0.228346,
        1.137795 1.015748 -0.228346,
        1.112321 1.012394 -0.228346,
        1.088583 1.002561 -0.228346,
        1.068198 0.986920 -0.228346,
        1.052557 0.966535 -0.228346,
        1.042724 0.942797 -0.228346,
        1.039370 0.917323 -0.228346,
        1.086652 0.887795 -0.267717,
        1.080752 0.902038 -0.267717,
        1.137795 0.917323 -0.267717,
        1.078740 0.917323 -0.267717,
        1.080752 0.932607 -0.267717,
        1.122511 0.860280 -0.267717,
        1.108268 0.866180 -0.267717,
        1.096037 0.875565 -0.267717,
        1.167323 0.866180 -0.267717,
        1.153080 0.860280 -0.267717,
        1.137795 0.858268 -0.267717,
        1.194838 0.902038 -0.267717,
        1.188939 0.887795 -0.267717,
        1.179554 0.875565 -0.267717,
        1.188939 0.946850 -0.267717,
        1.194838 0.932607 -0.267717,
        1.196850 0.917323 -0.267717,
        1.153080 0.974366 -0.267717,
        1.167323 0.968466 -0.267717,
        1.179554 0.959081 -0.267717,
        1.108268 0.968466 -0.267717,
        1.122511 0.974366 -0.267717,
        1.137795 0.976378 -0.267717,
        1.086652 0.946850 -0.267717,
        1.096037 0.959081 -0.267717,
        -0.039370 -0.452756 0.562992,
        -0.196850 -0.452756 0.562992,
        1.122047 -0.452756 0.562992,
        0.964567 -0.452756 0.562992,
        -0.551181 -0.452756 0.562992,
        -0.393701 -0.452756 0.562992,
        -0.374016 -0.452756 0.562992,
        -0.216535 -0.452756 0.562992,
        0.216535 -0.452756 0.562992,
        0.374016 -0.452756 0.562992,
        0.393701 -0.452756 0.562992,
        0.551181 -0.452756 0.562992,
        0.196850 -0.452756 0.562992,
        0.039370 -0.452756 0.562992,
        -0.964567 -0.452756 0.562992,
        -1.122047 -0.452756 0.562992,
        -1.759843 1.072835 0.732283,
        1.759843 1.072835 0.732283,
      ]
    }
    coordIndex [
      138, 139, 79, -1,
      79, 139, 137, -1,
      79, 137, 76, -1,
      62, 61, 138, -1,
      138, 61, 139, -1,
      62, 138, 64, -1,
      64, 138, 79, -1,
      139, 61, 137, -1,
      137, 61, 67, -1,
      140, 141, 53, -1,
      53, 141, 80, -1,
      53, 80, 52, -1,
      60, 59, 140, -1,
      140, 59, 141, -1,
      141, 59, 80, -1,
      80, 59, 58, -1,
      60, 140, 54, -1,
      54, 140, 53, -1,
      116, 142, 87, -1,
      87, 142, 143, -1,
      87, 143, 88, -1,
      88, 143, 144, -1,
      88, 144, 89, -1,
      89, 144, 145, -1,
      89, 145, 117, -1,
      117, 145, 146, -1,
      117, 146, 118, -1,
      118, 146, 147, -1,
      118, 147, 119, -1,
      119, 147, 148, -1,
      119, 148, 124, -1,
      124, 148, 149, -1,
      124, 149, 108, -1,
      108, 149, 150, -1,
      108, 150, 107, -1,
      107, 150, 151, -1,
      107, 151, 105, -1,
      105, 151, 152, -1,
      105, 152, 84, -1,
      84, 152, 153, -1,
      84, 153, 127, -1,
      127, 153, 154, -1,
      127, 154, 128, -1,
      128, 154, 155, -1,
      128, 155, 129, -1,
      129, 155, 156, -1,
      129, 156, 99, -1,
      99, 156, 157, -1,
      99, 157, 98, -1,
      98, 157, 158, -1,
      98, 158, 97, -1,
      97, 158, 159, -1,
      97, 159, 96, -1,
      96, 159, 160, -1,
      96, 160, 100, -1,
      100, 160, 161, -1,
      100, 161, 101, -1,
      101, 161, 162, -1,
      101, 162, 102, -1,
      102, 162, 163, -1,
      102, 163, 114, -1,
      114, 163, 164, -1,
      114, 164, 115, -1,
      115, 164, 165, -1,
      115, 165, 116, -1,
      116, 165, 142, -1,
      166, 167, 168, -1,
      168, 167, 169, -1,
      168, 169, 170, -1,
      171, 172, 168, -1,
      168, 172, 173, -1,
      168, 173, 166, -1,
      174, 175, 168, -1,
      168, 175, 176, -1,
      168, 176, 171, -1,
      177, 178, 168, -1,
      168, 178, 179, -1,
      168, 179, 174, -1,
      180, 181, 168, -1,
      168, 181, 182, -1,
      168, 182, 177, -1,
      183, 184, 168, -1,
      168, 184, 185, -1,
      168, 185, 180, -1,
      186, 187, 168, -1,
      168, 187, 188, -1,
      168, 188, 183, -1,
      170, 189, 168, -1,
      168, 189, 190, -1,
      168, 190, 186, -1,
      106, 191, 123, -1,
      123, 191, 192, -1,
      123, 192, 90, -1,
      90, 192, 193, -1,
      90, 193, 91, -1,
      91, 193, 194, -1,
      91, 194, 92, -1,
      92, 194, 195, -1,
      92, 195, 93, -1,
      93, 195, 196, -1,
      93, 196, 94, -1,
      94, 196, 197, -1,
      94, 197, 95, -1,
      95, 197, 198, -1,
      95, 198, 109, -1,
      109, 198, 199, -1,
      109, 199, 110, -1,
      110, 199, 200, -1,
      110, 200, 111, -1,
      111, 200, 201, -1,
      111, 201, 120, -1,
      120, 201, 202, -1,
      120, 202, 121, -1,
      121, 202, 203, -1,
      121, 203, 122, -1,
      122, 203, 204, -1,
      122, 204, 112, -1,
      112, 204, 205, -1,
      112, 205, 113, -1,
      113, 205, 206, -1,
      113, 206, 125, -1,
      125, 206, 207, -1,
      125, 207, 126, -1,
      126, 207, 208, -1,
      126, 208, 82, -1,
      82, 208, 209, -1,
      82, 209, 83, -1,
      83, 209, 210, -1,
      83, 210, 85, -1,
      85, 210, 211, -1,
      85, 211, 86, -1,
      86, 211, 212, -1,
      86, 212, 103, -1,
      103, 212, 213, -1,
      103, 213, 104, -1,
      104, 213, 214, -1,
      104, 214, 106, -1,
      106, 214, 191, -1,
      215, 216, 217, -1,
      217, 216, 218, -1,
      217, 218, 219, -1,
      220, 221, 217, -1,
      217, 221, 222, -1,
      217, 222, 215, -1,
      223, 224, 217, -1,
      217, 224, 225, -1,
      217, 225, 220, -1,
      226, 227, 217, -1,
      217, 227, 228, -1,
      217, 228, 223, -1,
      229, 230, 217, -1,
      217, 230, 231, -1,
      217, 231, 226, -1,
      232, 233, 217, -1,
      217, 233, 234, -1,
      217, 234, 229, -1,
      235, 236, 217, -1,
      217, 236, 237, -1,
      217, 237, 232, -1,
      219, 238, 217, -1,
      217, 238, 239, -1,
      217, 239, 235, -1,
      165, 181, 142, -1,
      142, 181, 180, -1,
      142, 180, 143, -1,
      143, 180, 185, -1,
      143, 185, 144, -1,
      144, 185, 184, -1,
      144, 184, 145, -1,
      145, 184, 183, -1,
      145, 183, 146, -1,
      146, 183, 188, -1,
      146, 188, 147, -1,
      147, 188, 187, -1,
      147, 187, 148, -1,
      148, 187, 186, -1,
      148, 186, 149, -1,
      149, 186, 190, -1,
      149, 190, 150, -1,
      150, 190, 189, -1,
      150, 189, 151, -1,
      151, 189, 170, -1,
      151, 170, 152, -1,
      152, 170, 169, -1,
      152, 169, 153, -1,
      153, 169, 167, -1,
      153, 167, 154, -1,
      154, 167, 166, -1,
      154, 166, 155, -1,
      155, 166, 173, -1,
      155, 173, 156, -1,
      156, 173, 172, -1,
      156, 172, 157, -1,
      157, 172, 171, -1,
      157, 171, 158, -1,
      158, 171, 176, -1,
      158, 176, 159, -1,
      159, 176, 175, -1,
      159, 175, 160, -1,
      160, 175, 174, -1,
      160, 174, 161, -1,
      161, 174, 179, -1,
      161, 179, 162, -1,
      162, 179, 178, -1,
      162, 178, 163, -1,
      163, 178, 177, -1,
      163, 177, 164, -1,
      164, 177, 182, -1,
      164, 182, 165, -1,
      165, 182, 181, -1,
      214, 216, 191, -1,
      191, 216, 215, -1,
      191, 215, 192, -1,
      192, 215, 222, -1,
      192, 222, 193, -1,
      193, 222, 221, -1,
      193, 221, 194, -1,
      194, 221, 220, -1,
      194, 220, 195, -1,
      195, 220, 225, -1,
      195, 225, 196, -1,
      196, 225, 224, -1,
      196, 224, 197, -1,
      197, 224, 223, -1,
      197, 223, 198, -1,
      198, 223, 228, -1,
      198, 228, 199, -1,
      199, 228, 227, -1,
      199, 227, 200, -1,
      200, 227, 226, -1,
      200, 226, 201, -1,
      201, 226, 231, -1,
      201, 231, 202, -1,
      202, 231, 230, -1,
      202, 230, 203, -1,
      203, 230, 229, -1,
      203, 229, 204, -1,
      204, 229, 234, -1,
      204, 234, 205, -1,
      205, 234, 233, -1,
      205, 233, 206, -1,
      206, 233, 232, -1,
      206, 232, 207, -1,
      207, 232, 237, -1,
      207, 237, 208, -1,
      208, 237, 236, -1,
      208, 236, 209, -1,
      209, 236, 235, -1,
      209, 235, 210, -1,
      210, 235, 239, -1,
      210, 239, 211, -1,
      211, 239, 238, -1,
      211, 238, 212, -1,
      212, 238, 219, -1,
      212, 219, 213, -1,
      213, 219, 218, -1,
      213, 218, 214, -1,
      214, 218, 216, -1,
      240, 24, 42, -1,
      42, 24, 23, -1,
      11, 10, 20, -1,
      20, 10, 241, -1,
      240, 241, 24, -1,
      24, 241, 10, -1,
      42, 20, 240, -1,
      240, 20, 241, -1,
      32, 31, 242, -1,
      242, 31, 45, -1,
      242, 45, 50, -1,
      46, 243, 51, -1,
      51, 243, 242, -1,
      51, 242, 50, -1,
      243, 46, 36, -1,
      36, 46, 35, -1,
      242, 243, 32, -1,
      32, 243, 36, -1,
      244, 245, 15, -1,
      15, 245, 18, -1,
      244, 15, 0, -1,
      0, 15, 1, -1,
      7, 6, 245, -1,
      245, 6, 18, -1,
      0, 7, 244, -1,
      244, 7, 245, -1,
      246, 247, 17, -1,
      17, 247, 19, -1,
      246, 17, 9, -1,
      9, 17, 8, -1,
      12, 13, 247, -1,
      247, 13, 19, -1,
      9, 12, 246, -1,
      246, 12, 247, -1,
      248, 44, 27, -1,
      27, 44, 28, -1,
      38, 37, 249, -1,
      249, 37, 49, -1,
      249, 49, 248, -1,
      248, 49, 44, -1,
      38, 249, 27, -1,
      27, 249, 248, -1,
      250, 48, 40, -1,
      40, 48, 39, -1,
      34, 33, 251, -1,
      251, 33, 47, -1,
      251, 47, 250, -1,
      250, 47, 48, -1,
      34, 251, 40, -1,
      40, 251, 250, -1,
      252, 43, 253, -1,
      253, 43, 41, -1,
      253, 41, 26, -1,
      26, 41, 25, -1,
      29, 30, 252, -1,
      252, 30, 43, -1,
      26, 29, 253, -1,
      253, 29, 252, -1,
      2, 3, 254, -1,
      254, 3, 14, -1,
      21, 255, 22, -1,
      22, 255, 254, -1,
      22, 254, 14, -1,
      5, 255, 4, -1,
      4, 255, 21, -1,
      4, 21, 16, -1,
      255, 5, 254, -1,
      254, 5, 2, -1,
      71, 70, 81, -1,
      75, 74, 81, -1,
      74, 73, 81, -1,
      81, 73, 72, -1,
      81, 72, 71, -1,
      75, 81, 69, -1,
      69, 81, 256, -1,
      69, 256, 68, -1,
      55, 256, 56, -1,
      56, 256, 81, -1,
      256, 55, 68, -1,
      68, 55, 57, -1,
      257, 65, 77, -1,
      77, 65, 66, -1,
      78, 136, 77, -1,
      77, 136, 135, -1,
      77, 135, 134, -1,
      134, 133, 77, -1,
      77, 133, 132, -1,
      77, 132, 257, -1,
      257, 132, 130, -1,
      257, 130, 131, -1,
      63, 65, 131, -1,
      131, 65, 257, -1,
    ]
  }
}
