#VRML V2.0 utf8

Shape {
  appearance Appearance {
    material Material {
      diffuseColor 0.1490 0.1490 0.1490
      specularColor 0.0431 0.0431 0.0431
      ambientIntensity 0.2
      transparency 0.0000
      shininess 0.5
    }
  }
  geometry IndexedFaceSet {
    ccw TRUE
    solid FALSE
    coord DEF co Coordinate {
      point [
        -0.049213 0.590551 0.216535,
        -0.147638 0.590551 0.216535,
        -0.049213 0.590551 0.295276,
        -0.147638 0.590551 0.295276,
        0.246063 0.590551 0.295276,
        0.344488 0.590551 0.295276,
        0.246063 0.590551 0.216535,
        0.344488 0.590551 0.216535,
        0.049213 0.590551 0.295276,
        0.147638 0.590551 0.295276,
        0.049213 0.590551 0.216535,
        0.147638 0.590551 0.216535,
        0.442913 0.590551 0.295276,
        0.570866 0.590551 0.295276,
        0.442913 0.590551 0.216535,
        0.570866 0.590551 0.216535,
        -0.246063 0.590551 0.216535,
        -0.344488 0.590551 0.216535,
        -0.246063 0.590551 0.295276,
        -0.344488 0.590551 0.295276,
        0.049213 -0.590551 0.216535,
        0.147638 -0.590551 0.216535,
        0.049213 -0.590551 0.295276,
        0.147638 -0.590551 0.295276,
        -0.049213 -0.590551 0.295276,
        -0.147638 -0.590551 0.295276,
        -0.049213 -0.590551 0.216535,
        -0.147638 -0.590551 0.216535,
        -0.246063 -0.590551 0.295276,
        -0.344488 -0.590551 0.295276,
        -0.246063 -0.590551 0.216535,
        -0.344488 -0.590551 0.216535,
        0.246063 -0.590551 0.216535,
        0.344488 -0.590551 0.216535,
        0.246063 -0.590551 0.295276,
        0.344488 -0.590551 0.295276,
        -0.442913 -0.590551 0.295276,
        -0.570866 -0.590551 0.295276,
        -0.442913 -0.590551 0.216535,
        -0.570866 -0.590551 0.216535,
        -0.046060 0.553793 0.078740,
        -0.026856 -0.067643 0.078740,
        -0.046060 -0.090448 0.078740,
        -0.026856 -0.089248 0.078740,
        0.078772 -0.089248 0.078740,
        0.117181 -0.079046 0.078740,
        0.117181 -0.057440 0.078740,
        0.078772 0.107602 0.078740,
        0.052365 0.085996 0.078740,
        0.052365 0.021180 0.078740,
        -0.022054 0.085996 0.078740,
        -0.017253 0.021180 0.078740,
        0.052365 -0.000426 0.078740,
        0.052365 -0.067643 0.078740,
        -0.017253 -0.000426 0.078740,
        0.198554 -0.063621 0.078740,
        0.184092 -0.068422 0.078740,
        0.163281 0.088397 0.078740,
        0.167707 -0.070043 0.078740,
        0.157527 0.088237 0.078740,
        0.381249 -0.089248 0.078740,
        0.184917 -0.090448 0.078740,
        0.280423 -0.089248 0.078740,
        0.192494 -0.089778 0.078740,
        0.212735 -0.083467 0.078740,
        -0.022054 0.107602 0.078740,
        0.182363 0.086290 0.078740,
        0.236213 0.022855 0.078740,
        0.197072 0.081066 0.078740,
        0.237212 0.007076 0.078740,
        0.235542 -0.012544 0.078740,
        0.230234 -0.030344 0.078740,
        0.210787 0.071989 0.078740,
        0.222712 0.058950 0.078740,
        0.230898 0.043793 0.078740,
        0.255628 0.050279 0.078740,
        0.245356 0.069307 0.078740,
        0.354842 0.107602 0.078740,
        0.222219 -0.044174 0.078740,
        0.210845 -0.055935 0.078740,
        0.229995 0.086333 0.078740,
        0.210757 0.099417 0.078740,
        0.189090 0.107219 0.078740,
        0.163506 0.110003 0.078740,
        0.228744 -0.073875 0.078740,
        0.243929 -0.058709 0.078740,
        0.280423 -0.067643 0.078740,
        0.254876 -0.040328 0.078740,
        0.354842 -0.067643 0.078740,
        0.144480 -0.067792 0.078740,
        0.123754 -0.060936 0.078740,
        0.136433 0.084444 0.078740,
        0.117181 0.075794 0.078740,
        0.117181 0.102201 0.078740,
        0.139941 0.108377 0.078740,
        0.261277 -0.019682 0.078740,
        0.263619 0.005463 0.078740,
        0.261801 0.028186 0.078740,
        0.155026 -0.090448 0.078740,
        0.159582 -0.091219 0.078740,
        -0.046060 -0.553793 0.078740,
        0.171345 -0.091649 0.078740,
        0.381249 0.107602 0.078740,
        0.553793 0.553793 0.078740,
        0.553793 -0.090448 0.078740,
        0.553793 -0.553793 0.078740,
        -0.553793 -0.553793 0.078740,
        -0.553793 -0.090448 0.078740,
        0.137543 -0.087493 0.078740,
        -0.367030 -0.034034 0.078740,
        -0.285709 -0.034034 0.078740,
        -0.386948 -0.089248 0.078740,
        -0.266917 -0.089248 0.078740,
        -0.215655 -0.031365 0.078740,
        -0.205302 -0.049414 0.078740,
        -0.238109 -0.089248 0.078740,
        -0.189798 -0.065706 0.078740,
        -0.201215 0.074769 0.078740,
        -0.212606 0.058902 0.078740,
        -0.312529 0.107602 0.078740,
        -0.220256 0.039615 0.078740,
        -0.415755 -0.089248 0.078740,
        -0.338935 0.107602 0.078740,
        -0.553793 0.553793 0.078740,
        -0.170697 -0.078142 0.078740,
        -0.148970 -0.085908 0.078740,
        -0.124880 -0.089106 0.078740,
        -0.223485 0.018781 0.078740,
        -0.223706 0.011652 0.078740,
        -0.221809 -0.010427 0.078740,
        -0.118791 -0.089248 0.078740,
        -0.065265 -0.089248 0.078740,
        -0.065265 0.107602 0.078740,
        -0.120817 0.107602 0.078740,
        -0.143970 0.105652 0.078740,
        -0.166172 0.099239 0.078740,
        -0.185571 0.088526 0.078740,
        0.590551 0.570866 0.295276,
        0.590551 -0.570866 0.295276,
        0.590551 0.570866 0.216535,
        0.590551 -0.570866 0.216535,
        -0.442913 0.590551 0.216535,
        -0.570866 0.590551 0.216535,
        -0.442913 0.590551 0.295276,
        -0.570866 0.590551 0.295276,
        -0.590551 0.570866 0.216535,
        -0.590551 -0.570866 0.216535,
        -0.590551 0.570866 0.295276,
        -0.590551 -0.570866 0.295276,
        0.442913 -0.590551 0.216535,
        0.570866 -0.590551 0.216535,
        0.442913 -0.590551 0.295276,
        0.570866 -0.590551 0.295276,
        -0.335175 -0.337755 0.433071,
        -0.325681 -0.350128 0.433071,
        0.553793 0.553793 0.433071,
        -0.317676 -0.380000 0.433071,
        -0.319712 -0.395463 0.433071,
        0.553793 -0.553793 0.433071,
        -0.325681 -0.409872 0.433071,
        -0.335175 -0.422246 0.433071,
        -0.319712 -0.364538 0.433071,
        -0.347548 -0.431741 0.433071,
        -0.361957 -0.437709 0.433071,
        -0.553793 -0.553793 0.433071,
        -0.377420 -0.439744 0.433071,
        -0.392883 -0.437709 0.433071,
        -0.407293 -0.431741 0.433071,
        -0.419666 -0.422246 0.433071,
        -0.429160 -0.409872 0.433071,
        -0.435129 -0.395463 0.433071,
        -0.437165 -0.380000 0.433071,
        -0.435129 -0.364538 0.433071,
        -0.553793 0.553793 0.433071,
        -0.429160 -0.350128 0.433071,
        -0.419666 -0.337755 0.433071,
        -0.407293 -0.328261 0.433071,
        -0.392883 -0.322292 0.433071,
        -0.377420 -0.320256 0.433071,
        -0.361957 -0.322292 0.433071,
        -0.347548 -0.328261 0.433071,
        0.553793 -0.573281 0.095641,
        0.571063 -0.590550 0.216528,
        -0.553793 -0.573281 0.095641,
        -0.571063 -0.590550 0.216528,
        0.590550 -0.571063 0.216528,
        0.573281 -0.553793 0.095641,
        0.573281 0.553793 0.095641,
        0.590550 0.571063 0.216528,
        -0.590550 0.571063 0.216528,
        -0.573281 0.553793 0.095641,
        -0.573281 -0.553793 0.095641,
        -0.590550 -0.571063 0.216528,
        -0.553793 0.573281 0.095641,
        -0.571063 0.590550 0.216528,
        0.553793 0.573281 0.095641,
        0.571063 0.590550 0.216528,
        0.553793 0.573281 0.416170,
        0.571063 0.590550 0.295283,
        -0.553793 0.573281 0.416170,
        -0.571063 0.590550 0.295283,
        -0.590550 -0.571063 0.295283,
        -0.573281 -0.553793 0.416170,
        -0.573281 0.553793 0.416170,
        -0.590550 0.571063 0.295283,
        0.590550 0.571063 0.295283,
        0.573281 0.553793 0.416170,
        0.573281 -0.553793 0.416170,
        0.590550 -0.571063 0.295283,
        -0.553793 -0.573281 0.416170,
        -0.571063 -0.590550 0.295283,
        0.553793 -0.573281 0.416170,
        0.571063 -0.590550 0.295283,
        0.553793 0.572126 0.420557,
        -0.553793 0.572126 0.420557,
        0.553793 0.572059 0.420681,
        -0.553793 0.572059 0.420681,
        0.553793 0.569900 0.424703,
        -0.553793 0.569900 0.424703,
        0.553793 0.569826 0.424786,
        -0.553793 0.569826 0.424786,
        0.553793 0.566755 0.428202,
        -0.553793 0.566755 0.428202,
        0.553793 0.566685 0.428249,
        -0.553793 0.566685 0.428249,
        0.553793 0.562869 0.430854,
        -0.553793 0.562869 0.430854,
        0.553793 0.562817 0.430874,
        -0.553793 0.562817 0.430874,
        0.553793 0.558465 0.432509,
        -0.553793 0.558465 0.432509,
        0.553793 0.558437 0.432512,
        -0.553793 0.558437 0.432512,
        0.557148 0.566313 0.428202,
        0.556142 0.562559 0.430854,
        0.555002 0.558306 0.432509,
        0.556129 0.557839 0.432509,
        0.557839 0.556129 0.432509,
        0.557096 0.557096 0.432509,
        0.558306 0.555002 0.432509,
        0.558538 0.571501 0.420557,
        0.558810 0.572519 0.416778,
        0.558775 0.572534 0.416775,
        0.563426 0.570542 0.417155,
        0.562959 0.569670 0.420557,
        0.563451 0.570522 0.417156,
        0.566756 0.566756 0.420557,
        0.567437 0.567437 0.417284,
        0.569670 0.562959 0.420557,
        0.570522 0.563451 0.417156,
        0.570542 0.563426 0.417155,
        0.571501 0.558538 0.420557,
        0.572519 0.558810 0.416778,
        0.572534 0.558775 0.416775,
        0.572126 0.553793 0.420557,
        0.558437 0.553793 0.432512,
        0.558331 0.561653 0.430854,
        0.560211 0.560211 0.430854,
        0.561653 0.558331 0.430854,
        0.562559 0.556142 0.430854,
        0.558465 0.553793 0.432509,
        0.562817 0.553793 0.430874,
        0.562869 0.553793 0.430854,
        0.566685 0.553793 0.428249,
        0.560274 0.565018 0.428202,
        0.562958 0.562958 0.428202,
        0.565018 0.560274 0.428202,
        0.566313 0.557148 0.428202,
        0.557962 0.569351 0.424703,
        0.561847 0.567742 0.424703,
        0.565183 0.565183 0.424703,
        0.567742 0.561847 0.424703,
        0.569351 0.557962 0.424703,
        0.566755 0.553793 0.428202,
        0.569826 0.553793 0.424786,
        0.569900 0.553793 0.424703,
        0.572059 0.553793 0.420681,
        -0.569826 0.553793 0.424786,
        -0.566755 0.553793 0.428202,
        -0.566313 0.557148 0.428202,
        -0.562559 0.556142 0.430854,
        -0.558306 0.555002 0.432509,
        -0.557839 0.556129 0.432509,
        -0.556129 0.557839 0.432509,
        -0.557096 0.557096 0.432509,
        -0.555002 0.558306 0.432509,
        -0.558437 0.553793 0.432512,
        -0.571501 0.558538 0.420557,
        -0.572519 0.558810 0.416778,
        -0.572534 0.558775 0.416775,
        -0.570542 0.563426 0.417155,
        -0.569670 0.562959 0.420557,
        -0.570522 0.563451 0.417156,
        -0.566756 0.566756 0.420557,
        -0.567437 0.567437 0.417284,
        -0.562959 0.569670 0.420557,
        -0.563451 0.570522 0.417156,
        -0.563426 0.570542 0.417155,
        -0.558538 0.571501 0.420557,
        -0.558810 0.572519 0.416778,
        -0.558775 0.572534 0.416775,
        -0.566685 0.553793 0.428249,
        -0.562869 0.553793 0.430854,
        -0.562817 0.553793 0.430874,
        -0.558465 0.553793 0.432509,
        -0.561653 0.558331 0.430854,
        -0.560211 0.560211 0.430854,
        -0.558331 0.561653 0.430854,
        -0.556142 0.562559 0.430854,
        -0.565018 0.560274 0.428202,
        -0.562958 0.562958 0.428202,
        -0.560274 0.565018 0.428202,
        -0.557148 0.566313 0.428202,
        -0.572059 0.553793 0.420681,
        -0.569900 0.553793 0.424703,
        -0.569351 0.557962 0.424703,
        -0.567742 0.561847 0.424703,
        -0.565183 0.565183 0.424703,
        -0.561847 0.567742 0.424703,
        -0.557962 0.569351 0.424703,
        -0.572126 0.553793 0.420557,
        0.572126 -0.553793 0.420557,
        0.572059 -0.553793 0.420681,
        0.569900 -0.553793 0.424703,
        0.569826 -0.553793 0.424786,
        0.566755 -0.553793 0.428202,
        0.566685 -0.553793 0.428249,
        0.562869 -0.553793 0.430854,
        0.562817 -0.553793 0.430874,
        0.558465 -0.553793 0.432509,
        0.558437 -0.553793 0.432512,
        0.580765 0.587881 0.295780,
        0.580706 0.587906 0.295778,
        0.576088 0.589846 0.295588,
        0.575959 0.589864 0.295580,
        0.584785 0.584785 0.295845,
        0.587881 0.580765 0.295780,
        0.587906 0.580706 0.295778,
        0.589846 0.576088 0.295588,
        0.589864 0.575959 0.295580,
        -0.587881 0.580765 0.295780,
        -0.587906 0.580706 0.295778,
        -0.589846 0.576088 0.295588,
        -0.589864 0.575959 0.295580,
        -0.584785 0.584785 0.295845,
        -0.580765 0.587881 0.295780,
        -0.580706 0.587906 0.295778,
        -0.576088 0.589846 0.295588,
        -0.575959 0.589864 0.295580,
        -0.572126 -0.553793 0.420557,
        -0.572059 -0.553793 0.420681,
        -0.569900 -0.553793 0.424703,
        -0.569826 -0.553793 0.424786,
        -0.566755 -0.553793 0.428202,
        -0.566685 -0.553793 0.428249,
        -0.562869 -0.553793 0.430854,
        -0.562817 -0.553793 0.430874,
        -0.558465 -0.553793 0.432509,
        -0.558437 -0.553793 0.432512,
        -0.553793 -0.572126 0.420557,
        0.553793 -0.572126 0.420557,
        -0.553793 -0.572059 0.420681,
        0.553793 -0.572059 0.420681,
        -0.553793 -0.569900 0.424703,
        0.553793 -0.569900 0.424703,
        -0.553793 -0.569826 0.424786,
        0.553793 -0.569826 0.424786,
        -0.553793 -0.566755 0.428202,
        0.553793 -0.566755 0.428202,
        -0.553793 -0.566685 0.428249,
        0.553793 -0.566685 0.428249,
        -0.553793 -0.562869 0.430854,
        0.553793 -0.562869 0.430854,
        -0.553793 -0.562817 0.430874,
        0.553793 -0.562817 0.430874,
        -0.553793 -0.558465 0.432509,
        0.553793 -0.558465 0.432509,
        -0.553793 -0.558437 0.432512,
        0.553793 -0.558437 0.432512,
        0.566313 -0.557148 0.428202,
        0.562559 -0.556142 0.430854,
        0.558306 -0.555002 0.432509,
        0.557839 -0.556129 0.432509,
        0.556129 -0.557839 0.432509,
        0.557096 -0.557096 0.432509,
        0.555002 -0.558306 0.432509,
        0.571501 -0.558538 0.420557,
        0.572519 -0.558810 0.416778,
        0.572534 -0.558775 0.416775,
        0.570542 -0.563426 0.417155,
        0.569670 -0.562959 0.420557,
        0.570522 -0.563451 0.417156,
        0.566756 -0.566756 0.420557,
        0.567437 -0.567437 0.417284,
        0.562959 -0.569670 0.420557,
        0.563451 -0.570522 0.417156,
        0.563426 -0.570542 0.417155,
        0.558538 -0.571501 0.420557,
        0.558810 -0.572519 0.416778,
        0.558775 -0.572534 0.416775,
        0.561653 -0.558331 0.430854,
        0.560211 -0.560211 0.430854,
        0.558331 -0.561653 0.430854,
        0.556142 -0.562559 0.430854,
        0.565018 -0.560274 0.428202,
        0.562958 -0.562958 0.428202,
        0.560274 -0.565018 0.428202,
        0.557148 -0.566313 0.428202,
        0.569351 -0.557962 0.424703,
        0.567742 -0.561847 0.424703,
        0.565183 -0.565183 0.424703,
        0.561847 -0.567742 0.424703,
        0.557962 -0.569351 0.424703,
        0.587906 0.580706 0.216033,
        0.589846 0.576088 0.216223,
        0.589864 0.575959 0.216231,
        0.575959 0.589864 0.216231,
        0.576088 0.589846 0.216223,
        0.580706 0.587906 0.216033,
        0.580765 0.587881 0.216031,
        0.584785 0.584785 0.215966,
        0.587881 0.580765 0.216031,
        -0.575959 0.589864 0.216231,
        -0.576088 0.589846 0.216223,
        -0.580706 0.587906 0.216033,
        -0.580765 0.587881 0.216031,
        -0.584785 0.584785 0.215966,
        -0.587881 0.580765 0.216031,
        -0.587906 0.580706 0.216033,
        -0.589846 0.576088 0.216223,
        -0.589864 0.575959 0.216231,
        -0.557148 -0.566313 0.428202,
        -0.556142 -0.562559 0.430854,
        -0.555002 -0.558306 0.432509,
        -0.556129 -0.557839 0.432509,
        -0.557839 -0.556129 0.432509,
        -0.557096 -0.557096 0.432509,
        -0.558306 -0.555002 0.432509,
        -0.558538 -0.571501 0.420557,
        -0.558810 -0.572519 0.416778,
        -0.558775 -0.572534 0.416775,
        -0.563426 -0.570542 0.417155,
        -0.562959 -0.569670 0.420557,
        -0.563451 -0.570522 0.417156,
        -0.566756 -0.566756 0.420557,
        -0.567437 -0.567437 0.417284,
        -0.569670 -0.562959 0.420557,
        -0.570522 -0.563451 0.417156,
        -0.570542 -0.563426 0.417155,
        -0.571501 -0.558538 0.420557,
        -0.572519 -0.558810 0.416778,
        -0.572534 -0.558775 0.416775,
        -0.558331 -0.561653 0.430854,
        -0.560211 -0.560211 0.430854,
        -0.561653 -0.558331 0.430854,
        -0.562559 -0.556142 0.430854,
        -0.560274 -0.565018 0.428202,
        -0.562958 -0.562958 0.428202,
        -0.565018 -0.560274 0.428202,
        -0.566313 -0.557148 0.428202,
        -0.557962 -0.569351 0.424703,
        -0.561847 -0.567742 0.424703,
        -0.565183 -0.565183 0.424703,
        -0.567742 -0.561847 0.424703,
        -0.569351 -0.557962 0.424703,
        0.587881 -0.580765 0.295780,
        0.587906 -0.580706 0.295778,
        0.589846 -0.576088 0.295588,
        0.589864 -0.575959 0.295580,
        0.584785 -0.584785 0.295845,
        0.580765 -0.587881 0.295780,
        0.580706 -0.587906 0.295778,
        0.576088 -0.589846 0.295588,
        0.575959 -0.589864 0.295580,
        0.572635 0.558100 0.095119,
        0.572534 0.558775 0.095036,
        0.571096 0.562132 0.094762,
        0.570542 0.563426 0.094656,
        0.568758 0.565730 0.094582,
        0.558100 0.572635 0.095119,
        0.558775 0.572534 0.095036,
        0.562132 0.571096 0.094762,
        0.563426 0.570542 0.094656,
        0.565730 0.568758 0.094582,
        0.567437 0.567437 0.094527,
        -0.553793 0.558437 0.079299,
        -0.553793 0.572126 0.091254,
        0.553793 0.572126 0.091254,
        -0.553793 0.572059 0.091130,
        0.553793 0.572059 0.091130,
        -0.553793 0.569900 0.087108,
        0.553793 0.569900 0.087108,
        -0.553793 0.569826 0.087025,
        0.553793 0.569826 0.087025,
        -0.553793 0.566755 0.083609,
        0.553793 0.566755 0.083609,
        -0.553793 0.566685 0.083562,
        0.553793 0.566685 0.083562,
        -0.553793 0.562869 0.080957,
        0.553793 0.562869 0.080957,
        -0.553793 0.562817 0.080937,
        0.553793 0.562817 0.080937,
        -0.553793 0.558465 0.079302,
        0.553793 0.558465 0.079302,
        0.553793 0.558437 0.079299,
        -0.558775 0.572534 0.095036,
        -0.558810 0.572519 0.095033,
        -0.563426 0.570542 0.094656,
        -0.563451 0.570522 0.094656,
        -0.567437 0.567437 0.094527,
        -0.570522 0.563451 0.094656,
        -0.570542 0.563426 0.094656,
        -0.572519 0.558810 0.095033,
        -0.572534 0.558775 0.095036,
        -0.580765 -0.587881 0.295780,
        -0.580706 -0.587906 0.295778,
        -0.576088 -0.589846 0.295588,
        -0.575959 -0.589864 0.295580,
        -0.584785 -0.584785 0.295845,
        -0.587881 -0.580765 0.295780,
        -0.587906 -0.580706 0.295778,
        -0.589846 -0.576088 0.295588,
        -0.589864 -0.575959 0.295580,
        0.575959 -0.589864 0.216231,
        0.576088 -0.589846 0.216223,
        0.580706 -0.587906 0.216033,
        0.580765 -0.587881 0.216031,
        0.584785 -0.584785 0.215966,
        0.587881 -0.580765 0.216031,
        0.587906 -0.580706 0.216033,
        0.589846 -0.576088 0.216223,
        0.589864 -0.575959 0.216231,
        0.558437 0.553793 0.079299,
        0.558347 0.554833 0.079302,
        0.556706 0.557445 0.079302,
        0.557445 0.556706 0.079302,
        0.555813 0.562641 0.080957,
        0.556678 0.566430 0.083609,
        0.557378 0.569496 0.087108,
        0.557873 0.571666 0.091254,
        0.561747 0.570310 0.091254,
        0.570310 0.561747 0.091254,
        0.571666 0.557873 0.091254,
        0.565223 0.568126 0.091254,
        0.572126 0.553793 0.091254,
        0.572059 0.553793 0.091130,
        0.569496 0.557378 0.087108,
        0.560782 0.568305 0.087108,
        0.569900 0.553793 0.087108,
        0.569826 0.553793 0.087025,
        0.566430 0.556678 0.083609,
        0.559417 0.565471 0.083609,
        0.563836 0.566386 0.087108,
        0.568126 0.565223 0.091254,
        0.566755 0.553793 0.083609,
        0.566685 0.553793 0.083562,
        0.562641 0.555813 0.080957,
        0.566386 0.563836 0.087108,
        0.561875 0.563927 0.083609,
        0.557731 0.561970 0.080957,
        0.554833 0.558347 0.079302,
        0.560889 0.559452 0.080957,
        0.568305 0.560782 0.087108,
        0.565471 0.559417 0.083609,
        0.561970 0.557731 0.080957,
        0.558002 0.555820 0.079302,
        0.563927 0.561875 0.083609,
        0.559452 0.560889 0.080957,
        0.555820 0.558002 0.079302,
        0.562869 0.553793 0.080957,
        0.562817 0.553793 0.080937,
        0.558465 0.553793 0.079302,
        -0.555002 0.558306 0.079302,
        -0.562817 0.553793 0.080937,
        -0.562869 0.553793 0.080957,
        -0.562559 0.556142 0.080957,
        -0.566685 0.553793 0.083562,
        -0.566755 0.553793 0.083609,
        -0.566313 0.557148 0.083609,
        -0.569351 0.557962 0.087108,
        -0.571501 0.558538 0.091254,
        -0.569670 0.562959 0.091254,
        -0.558538 0.571501 0.091254,
        -0.572126 0.553793 0.091254,
        -0.572059 0.553793 0.091130,
        -0.569900 0.553793 0.087108,
        -0.569826 0.553793 0.087025,
        -0.557962 0.569351 0.087108,
        -0.567742 0.561847 0.087108,
        -0.566756 0.566756 0.091254,
        -0.557148 0.566313 0.083609,
        -0.565018 0.560274 0.083609,
        -0.565183 0.565183 0.087108,
        -0.556142 0.562559 0.080957,
        -0.562958 0.562958 0.083609,
        -0.561653 0.558331 0.080957,
        -0.558306 0.555002 0.079302,
        -0.562959 0.569670 0.091254,
        -0.561847 0.567742 0.087108,
        -0.560274 0.565018 0.083609,
        -0.558331 0.561653 0.080957,
        -0.556129 0.557839 0.079302,
        -0.558437 0.553793 0.079299,
        -0.558465 0.553793 0.079302,
        -0.560211 0.560211 0.080957,
        -0.557839 0.556129 0.079302,
        -0.557096 0.557096 0.079302,
        -0.589864 -0.575959 0.216231,
        -0.589846 -0.576088 0.216223,
        -0.587906 -0.580706 0.216033,
        -0.587881 -0.580765 0.216031,
        -0.584785 -0.584785 0.215966,
        -0.580765 -0.587881 0.216031,
        -0.580706 -0.587906 0.216033,
        -0.576088 -0.589846 0.216223,
        -0.575959 -0.589864 0.216231,
        0.558100 -0.572635 0.095119,
        0.558775 -0.572534 0.095036,
        0.562132 -0.571096 0.094762,
        0.563426 -0.570542 0.094656,
        0.565730 -0.568758 0.094582,
        0.572635 -0.558100 0.095119,
        0.572534 -0.558775 0.095036,
        0.571096 -0.562132 0.094762,
        0.570542 -0.563426 0.094656,
        0.568758 -0.565730 0.094582,
        0.567437 -0.567437 0.094527,
        0.558437 -0.553793 0.079299,
        0.558465 -0.553793 0.079302,
        0.562817 -0.553793 0.080937,
        0.562869 -0.553793 0.080957,
        0.566685 -0.553793 0.083562,
        0.566755 -0.553793 0.083609,
        0.569826 -0.553793 0.087025,
        0.569900 -0.553793 0.087108,
        0.572059 -0.553793 0.091130,
        0.572126 -0.553793 0.091254,
        -0.558437 -0.553793 0.079299,
        -0.572126 -0.553793 0.091254,
        -0.572059 -0.553793 0.091130,
        -0.569900 -0.553793 0.087108,
        -0.569826 -0.553793 0.087025,
        -0.566755 -0.553793 0.083609,
        -0.566685 -0.553793 0.083562,
        -0.562869 -0.553793 0.080957,
        -0.562817 -0.553793 0.080937,
        -0.558465 -0.553793 0.079302,
        -0.572635 -0.558100 0.095119,
        -0.572534 -0.558775 0.095036,
        -0.571096 -0.562132 0.094762,
        -0.570542 -0.563426 0.094656,
        -0.568758 -0.565730 0.094582,
        -0.558100 -0.572635 0.095119,
        -0.558775 -0.572534 0.095036,
        -0.562132 -0.571096 0.094762,
        -0.563426 -0.570542 0.094656,
        -0.565730 -0.568758 0.094582,
        -0.567437 -0.567437 0.094527,
        0.553793 -0.558437 0.079299,
        0.554833 -0.558347 0.079302,
        0.557445 -0.556706 0.079302,
        0.556706 -0.557445 0.079302,
        0.562641 -0.555813 0.080957,
        0.566430 -0.556678 0.083609,
        0.569496 -0.557378 0.087108,
        0.571666 -0.557873 0.091254,
        0.570310 -0.561747 0.091254,
        0.561747 -0.570310 0.091254,
        0.557873 -0.571666 0.091254,
        0.568126 -0.565223 0.091254,
        0.553793 -0.572126 0.091254,
        0.553793 -0.572059 0.091130,
        0.557378 -0.569496 0.087108,
        0.568305 -0.560782 0.087108,
        0.553793 -0.569900 0.087108,
        0.553793 -0.569826 0.087025,
        0.556678 -0.566430 0.083609,
        0.565471 -0.559417 0.083609,
        0.566386 -0.563836 0.087108,
        0.565223 -0.568126 0.091254,
        0.553793 -0.566755 0.083609,
        0.553793 -0.566685 0.083562,
        0.555813 -0.562641 0.080957,
        0.563836 -0.566386 0.087108,
        0.563927 -0.561875 0.083609,
        0.561970 -0.557731 0.080957,
        0.558347 -0.554833 0.079302,
        0.559452 -0.560889 0.080957,
        0.560782 -0.568305 0.087108,
        0.559417 -0.565471 0.083609,
        0.557731 -0.561970 0.080957,
        0.555820 -0.558002 0.079302,
        0.561875 -0.563927 0.083609,
        0.560889 -0.559452 0.080957,
        0.558002 -0.555820 0.079302,
        0.553793 -0.562869 0.080957,
        0.553793 -0.562817 0.080937,
        0.553793 -0.558465 0.079302,
        -0.558347 -0.554833 0.079302,
        -0.556706 -0.557445 0.079302,
        -0.557445 -0.556706 0.079302,
        -0.553793 -0.562817 0.080937,
        -0.553793 -0.562869 0.080957,
        -0.555813 -0.562641 0.080957,
        -0.553793 -0.566685 0.083562,
        -0.553793 -0.566755 0.083609,
        -0.556678 -0.566430 0.083609,
        -0.557378 -0.569496 0.087108,
        -0.557873 -0.571666 0.091254,
        -0.561747 -0.570310 0.091254,
        -0.570310 -0.561747 0.091254,
        -0.571666 -0.557873 0.091254,
        -0.565223 -0.568126 0.091254,
        -0.553793 -0.572126 0.091254,
        -0.553793 -0.572059 0.091130,
        -0.553793 -0.569900 0.087108,
        -0.553793 -0.569826 0.087025,
        -0.569496 -0.557378 0.087108,
        -0.560782 -0.568305 0.087108,
        -0.566430 -0.556678 0.083609,
        -0.559417 -0.565471 0.083609,
        -0.563836 -0.566386 0.087108,
        -0.568126 -0.565223 0.091254,
        -0.562641 -0.555813 0.080957,
        -0.566386 -0.563836 0.087108,
        -0.561875 -0.563927 0.083609,
        -0.557731 -0.561970 0.080957,
        -0.554833 -0.558347 0.079302,
        -0.560889 -0.559452 0.080957,
        -0.568305 -0.560782 0.087108,
        -0.565471 -0.559417 0.083609,
        -0.561970 -0.557731 0.080957,
        -0.558002 -0.555820 0.079302,
        -0.553793 -0.558437 0.079299,
        -0.553793 -0.558465 0.079302,
        -0.563927 -0.561875 0.083609,
        -0.559452 -0.560889 0.080957,
        -0.555820 -0.558002 0.079302,
      ]
    }
    coordIndex [
      0, 1, 2, -1,
      2, 1, 3, -1,
      4, 5, 6, -1,
      6, 5, 7, -1,
      8, 9, 10, -1,
      10, 9, 11, -1,
      12, 13, 14, -1,
      14, 13, 15, -1,
      16, 17, 18, -1,
      18, 17, 19, -1,
      20, 21, 22, -1,
      22, 21, 23, -1,
      24, 25, 26, -1,
      26, 25, 27, -1,
      28, 29, 30, -1,
      30, 29, 31, -1,
      32, 33, 34, -1,
      34, 33, 35, -1,
      36, 37, 38, -1,
      38, 37, 39, -1,
      40, 41, 42, -1,
      42, 41, 43, -1,
      42, 43, 44, -1,
      45, 44, 46, -1,
      46, 44, 47, -1,
      48, 49, 50, -1,
      50, 49, 51, -1,
      52, 53, 54, -1,
      54, 53, 41, -1,
      55, 56, 57, -1,
      57, 56, 58, -1,
      57, 58, 59, -1,
      60, 61, 62, -1,
      62, 61, 63, -1,
      62, 63, 64, -1,
      47, 65, 40, -1,
      40, 65, 50, -1,
      40, 50, 41, -1,
      41, 50, 51, -1,
      41, 51, 54, -1,
      57, 66, 67, -1,
      67, 66, 68, -1,
      67, 69, 57, -1,
      57, 69, 70, -1,
      57, 70, 71, -1,
      68, 72, 67, -1,
      67, 72, 73, -1,
      67, 73, 74, -1,
      75, 76, 77, -1,
      71, 78, 57, -1,
      57, 78, 79, -1,
      57, 79, 55, -1,
      80, 81, 40, -1,
      40, 81, 82, -1,
      40, 82, 83, -1,
      64, 84, 62, -1,
      62, 84, 85, -1,
      62, 85, 86, -1,
      86, 85, 87, -1,
      86, 87, 88, -1,
      58, 89, 59, -1,
      59, 89, 90, -1,
      59, 90, 91, -1,
      91, 90, 46, -1,
      91, 46, 92, -1,
      92, 46, 47, -1,
      92, 47, 93, -1,
      93, 47, 40, -1,
      93, 40, 94, -1,
      94, 40, 83, -1,
      87, 95, 88, -1,
      88, 95, 96, -1,
      88, 96, 77, -1,
      77, 96, 97, -1,
      77, 97, 75, -1,
      98, 99, 100, -1,
      100, 99, 101, -1,
      100, 101, 61, -1,
      76, 80, 77, -1,
      77, 80, 40, -1,
      77, 40, 102, -1,
      102, 40, 103, -1,
      102, 103, 60, -1,
      60, 103, 104, -1,
      60, 104, 61, -1,
      61, 104, 105, -1,
      61, 105, 100, -1,
      106, 107, 100, -1,
      100, 107, 42, -1,
      100, 42, 98, -1,
      98, 42, 44, -1,
      98, 44, 108, -1,
      108, 44, 45, -1,
      109, 110, 111, -1,
      111, 110, 112, -1,
      113, 114, 115, -1,
      115, 114, 116, -1,
      117, 118, 119, -1,
      119, 118, 120, -1,
      121, 107, 122, -1,
      122, 107, 123, -1,
      122, 123, 119, -1,
      119, 123, 40, -1,
      116, 124, 115, -1,
      115, 124, 125, -1,
      115, 125, 126, -1,
      120, 127, 119, -1,
      119, 127, 128, -1,
      119, 128, 115, -1,
      115, 128, 129, -1,
      115, 129, 113, -1,
      121, 111, 107, -1,
      107, 111, 112, -1,
      107, 112, 42, -1,
      42, 112, 115, -1,
      42, 115, 130, -1,
      130, 115, 126, -1,
      130, 131, 42, -1,
      42, 131, 132, -1,
      42, 132, 40, -1,
      40, 132, 133, -1,
      133, 134, 40, -1,
      40, 134, 135, -1,
      40, 135, 119, -1,
      119, 135, 136, -1,
      119, 136, 117, -1,
      137, 138, 139, -1,
      139, 138, 140, -1,
      141, 142, 143, -1,
      143, 142, 144, -1,
      145, 146, 147, -1,
      147, 146, 148, -1,
      149, 150, 151, -1,
      151, 150, 152, -1,
      153, 154, 155, -1,
      156, 157, 158, -1,
      158, 157, 159, -1,
      158, 159, 160, -1,
      155, 154, 158, -1,
      158, 154, 161, -1,
      158, 161, 156, -1,
      160, 162, 158, -1,
      158, 162, 163, -1,
      158, 163, 164, -1,
      163, 165, 164, -1,
      164, 165, 166, -1,
      164, 166, 167, -1,
      167, 168, 164, -1,
      164, 168, 169, -1,
      164, 169, 170, -1,
      170, 171, 164, -1,
      164, 171, 172, -1,
      164, 172, 173, -1,
      173, 172, 174, -1,
      174, 175, 173, -1,
      173, 175, 176, -1,
      173, 176, 177, -1,
      177, 178, 173, -1,
      173, 178, 179, -1,
      173, 179, 155, -1,
      155, 179, 180, -1,
      155, 180, 153, -1,
      181, 182, 150, -1,
      150, 149, 181, -1,
      181, 149, 33, -1,
      181, 33, 32, -1,
      26, 183, 20, -1,
      20, 183, 181, -1,
      20, 181, 21, -1,
      21, 181, 32, -1,
      26, 27, 183, -1,
      183, 27, 30, -1,
      183, 30, 31, -1,
      31, 38, 183, -1,
      183, 38, 39, -1,
      183, 39, 184, -1,
      185, 186, 140, -1,
      140, 186, 187, -1,
      140, 187, 139, -1,
      139, 187, 188, -1,
      189, 190, 145, -1,
      145, 190, 191, -1,
      145, 191, 146, -1,
      146, 191, 192, -1,
      193, 194, 142, -1,
      142, 141, 193, -1,
      193, 141, 17, -1,
      193, 17, 16, -1,
      10, 195, 0, -1,
      0, 195, 193, -1,
      0, 193, 1, -1,
      1, 193, 16, -1,
      10, 11, 195, -1,
      195, 11, 6, -1,
      195, 6, 7, -1,
      7, 14, 195, -1,
      195, 14, 15, -1,
      195, 15, 196, -1,
      197, 198, 13, -1,
      13, 12, 197, -1,
      197, 12, 5, -1,
      197, 5, 4, -1,
      2, 199, 8, -1,
      8, 199, 197, -1,
      8, 197, 9, -1,
      9, 197, 4, -1,
      2, 3, 199, -1,
      199, 3, 18, -1,
      199, 18, 19, -1,
      19, 143, 199, -1,
      199, 143, 144, -1,
      199, 144, 200, -1,
      201, 202, 148, -1,
      148, 202, 203, -1,
      148, 203, 147, -1,
      147, 203, 204, -1,
      205, 206, 137, -1,
      137, 206, 207, -1,
      137, 207, 138, -1,
      138, 207, 208, -1,
      36, 209, 37, -1,
      37, 209, 210, -1,
      36, 29, 209, -1,
      209, 29, 28, -1,
      209, 28, 25, -1,
      25, 24, 209, -1,
      209, 24, 22, -1,
      209, 22, 211, -1,
      22, 23, 211, -1,
      211, 23, 34, -1,
      211, 34, 35, -1,
      35, 151, 211, -1,
      211, 151, 152, -1,
      211, 152, 212, -1,
      197, 199, 213, -1,
      213, 199, 214, -1,
      213, 214, 215, -1,
      215, 214, 216, -1,
      215, 216, 217, -1,
      217, 216, 218, -1,
      217, 218, 219, -1,
      219, 218, 220, -1,
      219, 220, 221, -1,
      221, 220, 222, -1,
      221, 222, 223, -1,
      223, 222, 224, -1,
      223, 224, 225, -1,
      225, 224, 226, -1,
      225, 226, 227, -1,
      227, 226, 228, -1,
      227, 228, 229, -1,
      229, 228, 230, -1,
      229, 230, 231, -1,
      230, 232, 231, -1,
      231, 232, 173, -1,
      231, 173, 155, -1,
      219, 221, 233, -1,
      234, 235, 236, -1,
      155, 237, 238, -1,
      239, 237, 155, -1,
      236, 235, 155, -1,
      231, 155, 235, -1,
      240, 241, 242, -1,
      241, 240, 243, -1,
      243, 240, 244, -1,
      243, 244, 245, -1,
      245, 244, 246, -1,
      245, 246, 247, -1,
      247, 246, 248, -1,
      247, 248, 249, -1,
      249, 248, 250, -1,
      250, 248, 251, -1,
      250, 251, 252, -1,
      252, 251, 253, -1,
      253, 251, 254, -1,
      253, 254, 206, -1,
      255, 239, 155, -1,
      223, 225, 234, -1,
      234, 225, 227, -1,
      234, 227, 235, -1,
      235, 227, 229, -1,
      235, 229, 231, -1,
      256, 238, 257, -1,
      257, 238, 237, -1,
      257, 237, 258, -1,
      258, 237, 239, -1,
      258, 239, 259, -1,
      255, 260, 239, -1,
      239, 260, 261, -1,
      239, 261, 259, -1,
      259, 261, 262, -1,
      259, 262, 263, -1,
      233, 256, 264, -1,
      264, 256, 257, -1,
      264, 257, 265, -1,
      265, 257, 258, -1,
      265, 258, 266, -1,
      266, 258, 259, -1,
      266, 259, 267, -1,
      267, 259, 263, -1,
      215, 217, 268, -1,
      268, 217, 219, -1,
      219, 233, 268, -1,
      268, 233, 264, -1,
      268, 264, 269, -1,
      269, 264, 265, -1,
      269, 265, 270, -1,
      270, 265, 266, -1,
      270, 266, 271, -1,
      271, 266, 267, -1,
      271, 267, 272, -1,
      221, 223, 233, -1,
      233, 223, 234, -1,
      233, 234, 256, -1,
      256, 234, 236, -1,
      256, 236, 238, -1,
      238, 236, 155, -1,
      215, 240, 213, -1,
      213, 240, 242, -1,
      213, 242, 197, -1,
      263, 273, 267, -1,
      267, 273, 274, -1,
      267, 274, 272, -1,
      272, 274, 275, -1,
      272, 275, 276, -1,
      215, 268, 240, -1,
      240, 268, 269, -1,
      240, 269, 244, -1,
      244, 269, 270, -1,
      244, 270, 246, -1,
      246, 270, 271, -1,
      246, 271, 248, -1,
      248, 271, 272, -1,
      248, 272, 251, -1,
      251, 272, 276, -1,
      251, 276, 254, -1,
      277, 278, 279, -1,
      280, 281, 282, -1,
      173, 283, 284, -1,
      285, 283, 173, -1,
      282, 281, 173, -1,
      286, 173, 281, -1,
      287, 288, 289, -1,
      288, 287, 290, -1,
      290, 287, 291, -1,
      290, 291, 292, -1,
      292, 291, 293, -1,
      292, 293, 294, -1,
      294, 293, 295, -1,
      294, 295, 296, -1,
      296, 295, 297, -1,
      297, 295, 298, -1,
      297, 298, 299, -1,
      299, 298, 300, -1,
      300, 298, 214, -1,
      300, 214, 199, -1,
      232, 285, 173, -1,
      301, 302, 280, -1,
      280, 302, 303, -1,
      280, 303, 281, -1,
      281, 303, 304, -1,
      281, 304, 286, -1,
      305, 284, 306, -1,
      306, 284, 283, -1,
      306, 283, 307, -1,
      307, 283, 285, -1,
      307, 285, 308, -1,
      232, 230, 285, -1,
      285, 230, 228, -1,
      285, 228, 308, -1,
      308, 228, 226, -1,
      308, 226, 224, -1,
      279, 305, 309, -1,
      309, 305, 306, -1,
      309, 306, 310, -1,
      310, 306, 307, -1,
      310, 307, 311, -1,
      311, 307, 308, -1,
      311, 308, 312, -1,
      312, 308, 224, -1,
      313, 314, 315, -1,
      315, 314, 277, -1,
      277, 279, 315, -1,
      315, 279, 309, -1,
      315, 309, 316, -1,
      316, 309, 310, -1,
      316, 310, 317, -1,
      317, 310, 311, -1,
      317, 311, 318, -1,
      318, 311, 312, -1,
      318, 312, 319, -1,
      278, 301, 279, -1,
      279, 301, 280, -1,
      279, 280, 305, -1,
      305, 280, 282, -1,
      305, 282, 284, -1,
      284, 282, 173, -1,
      313, 287, 320, -1,
      320, 287, 289, -1,
      320, 289, 203, -1,
      224, 222, 312, -1,
      312, 222, 220, -1,
      312, 220, 319, -1,
      319, 220, 218, -1,
      319, 218, 216, -1,
      313, 315, 287, -1,
      287, 315, 316, -1,
      287, 316, 291, -1,
      291, 316, 317, -1,
      291, 317, 293, -1,
      293, 317, 318, -1,
      293, 318, 295, -1,
      295, 318, 319, -1,
      295, 319, 298, -1,
      298, 319, 216, -1,
      298, 216, 214, -1,
      207, 206, 321, -1,
      321, 206, 254, -1,
      321, 254, 322, -1,
      322, 254, 276, -1,
      322, 276, 323, -1,
      323, 276, 275, -1,
      323, 275, 324, -1,
      324, 275, 274, -1,
      324, 274, 325, -1,
      325, 274, 273, -1,
      325, 273, 326, -1,
      326, 273, 263, -1,
      326, 263, 327, -1,
      327, 263, 262, -1,
      327, 262, 328, -1,
      328, 262, 261, -1,
      328, 261, 329, -1,
      329, 261, 260, -1,
      329, 260, 330, -1,
      260, 255, 330, -1,
      330, 255, 155, -1,
      330, 155, 158, -1,
      331, 332, 242, -1,
      242, 332, 333, -1,
      242, 333, 197, -1,
      197, 333, 334, -1,
      197, 334, 198, -1,
      242, 241, 331, -1,
      331, 241, 243, -1,
      331, 243, 335, -1,
      335, 243, 245, -1,
      245, 247, 335, -1,
      335, 247, 249, -1,
      335, 249, 336, -1,
      336, 249, 250, -1,
      336, 250, 337, -1,
      337, 250, 252, -1,
      337, 252, 338, -1,
      338, 252, 253, -1,
      338, 253, 339, -1,
      339, 253, 206, -1,
      339, 206, 205, -1,
      340, 341, 289, -1,
      289, 341, 342, -1,
      289, 342, 203, -1,
      203, 342, 343, -1,
      203, 343, 204, -1,
      289, 288, 340, -1,
      340, 288, 290, -1,
      340, 290, 344, -1,
      344, 290, 292, -1,
      292, 294, 344, -1,
      344, 294, 296, -1,
      344, 296, 345, -1,
      345, 296, 297, -1,
      345, 297, 346, -1,
      346, 297, 299, -1,
      346, 299, 347, -1,
      347, 299, 300, -1,
      347, 300, 348, -1,
      348, 300, 199, -1,
      348, 199, 200, -1,
      203, 202, 320, -1,
      320, 202, 349, -1,
      320, 349, 313, -1,
      313, 349, 350, -1,
      313, 350, 314, -1,
      314, 350, 351, -1,
      314, 351, 277, -1,
      277, 351, 352, -1,
      277, 352, 278, -1,
      278, 352, 353, -1,
      278, 353, 301, -1,
      301, 353, 354, -1,
      301, 354, 302, -1,
      302, 354, 355, -1,
      302, 355, 303, -1,
      303, 355, 356, -1,
      303, 356, 304, -1,
      304, 356, 357, -1,
      304, 357, 286, -1,
      357, 358, 286, -1,
      286, 358, 164, -1,
      286, 164, 173, -1,
      209, 211, 359, -1,
      359, 211, 360, -1,
      359, 360, 361, -1,
      361, 360, 362, -1,
      361, 362, 363, -1,
      363, 362, 364, -1,
      363, 364, 365, -1,
      365, 364, 366, -1,
      365, 366, 367, -1,
      367, 366, 368, -1,
      367, 368, 369, -1,
      369, 368, 370, -1,
      369, 370, 371, -1,
      371, 370, 372, -1,
      371, 372, 373, -1,
      373, 372, 374, -1,
      373, 374, 375, -1,
      375, 374, 376, -1,
      375, 376, 377, -1,
      376, 378, 377, -1,
      377, 378, 158, -1,
      377, 158, 164, -1,
      324, 325, 379, -1,
      380, 381, 382, -1,
      158, 383, 384, -1,
      385, 383, 158, -1,
      382, 381, 158, -1,
      330, 158, 381, -1,
      386, 387, 388, -1,
      387, 386, 389, -1,
      389, 386, 390, -1,
      389, 390, 391, -1,
      391, 390, 392, -1,
      391, 392, 393, -1,
      393, 392, 394, -1,
      393, 394, 395, -1,
      395, 394, 396, -1,
      396, 394, 397, -1,
      396, 397, 398, -1,
      398, 397, 399, -1,
      399, 397, 360, -1,
      399, 360, 211, -1,
      378, 385, 158, -1,
      326, 327, 380, -1,
      380, 327, 328, -1,
      380, 328, 381, -1,
      381, 328, 329, -1,
      381, 329, 330, -1,
      400, 384, 401, -1,
      401, 384, 383, -1,
      401, 383, 402, -1,
      402, 383, 385, -1,
      402, 385, 403, -1,
      378, 376, 385, -1,
      385, 376, 374, -1,
      385, 374, 403, -1,
      403, 374, 372, -1,
      403, 372, 370, -1,
      379, 400, 404, -1,
      404, 400, 401, -1,
      404, 401, 405, -1,
      405, 401, 402, -1,
      405, 402, 406, -1,
      406, 402, 403, -1,
      406, 403, 407, -1,
      407, 403, 370, -1,
      322, 323, 408, -1,
      408, 323, 324, -1,
      324, 379, 408, -1,
      408, 379, 404, -1,
      408, 404, 409, -1,
      409, 404, 405, -1,
      409, 405, 410, -1,
      410, 405, 406, -1,
      410, 406, 411, -1,
      411, 406, 407, -1,
      411, 407, 412, -1,
      325, 326, 379, -1,
      379, 326, 380, -1,
      379, 380, 400, -1,
      400, 380, 382, -1,
      400, 382, 384, -1,
      384, 382, 158, -1,
      322, 386, 321, -1,
      321, 386, 388, -1,
      321, 388, 207, -1,
      370, 368, 407, -1,
      407, 368, 366, -1,
      407, 366, 412, -1,
      412, 366, 364, -1,
      412, 364, 362, -1,
      322, 408, 386, -1,
      386, 408, 409, -1,
      386, 409, 390, -1,
      390, 409, 410, -1,
      390, 410, 392, -1,
      392, 410, 411, -1,
      392, 411, 394, -1,
      394, 411, 412, -1,
      394, 412, 397, -1,
      397, 412, 362, -1,
      397, 362, 360, -1,
      137, 139, 205, -1,
      205, 139, 188, -1,
      205, 188, 339, -1,
      413, 338, 414, -1,
      414, 338, 339, -1,
      414, 339, 415, -1,
      415, 339, 188, -1,
      15, 13, 196, -1,
      196, 13, 198, -1,
      196, 198, 416, -1,
      416, 198, 334, -1,
      416, 334, 417, -1,
      417, 334, 333, -1,
      417, 333, 418, -1,
      418, 333, 332, -1,
      418, 332, 419, -1,
      419, 332, 331, -1,
      419, 331, 420, -1,
      420, 331, 335, -1,
      420, 335, 421, -1,
      421, 335, 336, -1,
      421, 336, 413, -1,
      413, 336, 337, -1,
      413, 337, 338, -1,
      144, 142, 200, -1,
      200, 142, 194, -1,
      200, 194, 348, -1,
      194, 422, 348, -1,
      348, 422, 423, -1,
      348, 423, 347, -1,
      347, 423, 424, -1,
      347, 424, 346, -1,
      346, 424, 345, -1,
      345, 424, 425, -1,
      345, 425, 344, -1,
      344, 425, 426, -1,
      344, 426, 340, -1,
      340, 426, 427, -1,
      340, 427, 341, -1,
      427, 428, 341, -1,
      341, 428, 429, -1,
      341, 429, 342, -1,
      342, 429, 430, -1,
      145, 147, 189, -1,
      189, 147, 204, -1,
      189, 204, 430, -1,
      430, 204, 343, -1,
      430, 343, 342, -1,
      365, 367, 431, -1,
      432, 433, 434, -1,
      164, 435, 436, -1,
      437, 435, 164, -1,
      434, 433, 164, -1,
      377, 164, 433, -1,
      438, 439, 440, -1,
      439, 438, 441, -1,
      441, 438, 442, -1,
      441, 442, 443, -1,
      443, 442, 444, -1,
      443, 444, 445, -1,
      445, 444, 446, -1,
      445, 446, 447, -1,
      447, 446, 448, -1,
      448, 446, 449, -1,
      448, 449, 450, -1,
      450, 449, 451, -1,
      451, 449, 349, -1,
      451, 349, 202, -1,
      358, 437, 164, -1,
      369, 371, 432, -1,
      432, 371, 373, -1,
      432, 373, 433, -1,
      433, 373, 375, -1,
      433, 375, 377, -1,
      452, 436, 453, -1,
      453, 436, 435, -1,
      453, 435, 454, -1,
      454, 435, 437, -1,
      454, 437, 455, -1,
      358, 357, 437, -1,
      437, 357, 356, -1,
      437, 356, 455, -1,
      455, 356, 355, -1,
      455, 355, 354, -1,
      431, 452, 456, -1,
      456, 452, 453, -1,
      456, 453, 457, -1,
      457, 453, 454, -1,
      457, 454, 458, -1,
      458, 454, 455, -1,
      458, 455, 459, -1,
      459, 455, 354, -1,
      361, 363, 460, -1,
      460, 363, 365, -1,
      365, 431, 460, -1,
      460, 431, 456, -1,
      460, 456, 461, -1,
      461, 456, 457, -1,
      461, 457, 462, -1,
      462, 457, 458, -1,
      462, 458, 463, -1,
      463, 458, 459, -1,
      463, 459, 464, -1,
      367, 369, 431, -1,
      431, 369, 432, -1,
      431, 432, 452, -1,
      452, 432, 434, -1,
      452, 434, 436, -1,
      436, 434, 164, -1,
      361, 438, 359, -1,
      359, 438, 440, -1,
      359, 440, 209, -1,
      354, 353, 459, -1,
      459, 353, 352, -1,
      459, 352, 464, -1,
      464, 352, 351, -1,
      464, 351, 350, -1,
      361, 460, 438, -1,
      438, 460, 461, -1,
      438, 461, 442, -1,
      442, 461, 462, -1,
      442, 462, 444, -1,
      444, 462, 463, -1,
      444, 463, 446, -1,
      446, 463, 464, -1,
      446, 464, 449, -1,
      449, 464, 350, -1,
      449, 350, 349, -1,
      465, 466, 388, -1,
      388, 466, 467, -1,
      388, 467, 207, -1,
      207, 467, 468, -1,
      207, 468, 208, -1,
      388, 387, 465, -1,
      465, 387, 389, -1,
      465, 389, 469, -1,
      469, 389, 391, -1,
      391, 393, 469, -1,
      469, 393, 395, -1,
      469, 395, 470, -1,
      470, 395, 396, -1,
      470, 396, 471, -1,
      471, 396, 398, -1,
      471, 398, 472, -1,
      472, 398, 399, -1,
      472, 399, 473, -1,
      473, 399, 211, -1,
      473, 211, 212, -1,
      188, 187, 415, -1,
      415, 187, 474, -1,
      415, 474, 414, -1,
      414, 474, 475, -1,
      414, 475, 413, -1,
      413, 475, 476, -1,
      413, 476, 421, -1,
      476, 477, 421, -1,
      421, 477, 478, -1,
      421, 478, 420, -1,
      195, 196, 479, -1,
      479, 196, 416, -1,
      479, 416, 480, -1,
      480, 416, 417, -1,
      480, 417, 481, -1,
      481, 417, 418, -1,
      481, 418, 482, -1,
      482, 418, 419, -1,
      482, 419, 483, -1,
      483, 419, 420, -1,
      483, 420, 484, -1,
      484, 420, 478, -1,
      40, 123, 485, -1,
      193, 195, 486, -1,
      486, 195, 487, -1,
      486, 487, 488, -1,
      488, 487, 489, -1,
      488, 489, 490, -1,
      490, 489, 491, -1,
      490, 491, 492, -1,
      492, 491, 493, -1,
      492, 493, 494, -1,
      494, 493, 495, -1,
      494, 495, 496, -1,
      496, 495, 497, -1,
      496, 497, 498, -1,
      498, 497, 499, -1,
      498, 499, 500, -1,
      500, 499, 501, -1,
      500, 501, 502, -1,
      502, 501, 503, -1,
      502, 503, 485, -1,
      485, 503, 504, -1,
      485, 504, 40, -1,
      40, 504, 103, -1,
      425, 424, 505, -1,
      505, 424, 423, -1,
      505, 423, 193, -1,
      193, 423, 422, -1,
      193, 422, 194, -1,
      505, 506, 425, -1,
      425, 506, 507, -1,
      425, 507, 426, -1,
      426, 507, 508, -1,
      508, 509, 426, -1,
      426, 509, 510, -1,
      426, 510, 427, -1,
      427, 510, 511, -1,
      427, 511, 428, -1,
      428, 511, 512, -1,
      428, 512, 429, -1,
      429, 512, 513, -1,
      429, 513, 430, -1,
      430, 513, 190, -1,
      430, 190, 189, -1,
      514, 515, 440, -1,
      440, 515, 516, -1,
      440, 516, 209, -1,
      209, 516, 517, -1,
      209, 517, 210, -1,
      440, 439, 514, -1,
      514, 439, 441, -1,
      514, 441, 518, -1,
      518, 441, 443, -1,
      443, 445, 518, -1,
      518, 445, 447, -1,
      518, 447, 519, -1,
      519, 447, 448, -1,
      519, 448, 520, -1,
      520, 448, 450, -1,
      520, 450, 521, -1,
      521, 450, 451, -1,
      521, 451, 522, -1,
      522, 451, 202, -1,
      522, 202, 201, -1,
      152, 150, 212, -1,
      212, 150, 182, -1,
      212, 182, 473, -1,
      473, 182, 523, -1,
      473, 523, 472, -1,
      472, 523, 524, -1,
      472, 524, 471, -1,
      471, 524, 525, -1,
      471, 525, 470, -1,
      470, 525, 526, -1,
      470, 526, 469, -1,
      469, 526, 527, -1,
      469, 527, 465, -1,
      465, 527, 528, -1,
      465, 528, 466, -1,
      528, 529, 466, -1,
      466, 529, 530, -1,
      466, 530, 467, -1,
      467, 530, 531, -1,
      140, 138, 185, -1,
      185, 138, 208, -1,
      185, 208, 531, -1,
      531, 208, 468, -1,
      531, 468, 467, -1,
      532, 103, 533, -1,
      534, 535, 103, -1,
      501, 499, 536, -1,
      497, 495, 537, -1,
      538, 539, 540, -1,
      477, 476, 541, -1,
      475, 474, 542, -1,
      542, 474, 187, -1,
      543, 483, 484, -1,
      540, 481, 482, -1,
      481, 540, 480, -1,
      480, 540, 539, -1,
      480, 539, 479, -1,
      195, 479, 487, -1,
      487, 479, 539, -1,
      487, 539, 489, -1,
      489, 539, 538, -1,
      489, 538, 491, -1,
      491, 538, 493, -1,
      187, 544, 542, -1,
      542, 544, 545, -1,
      542, 545, 546, -1,
      495, 493, 537, -1,
      537, 493, 538, -1,
      537, 538, 547, -1,
      547, 538, 540, -1,
      547, 540, 543, -1,
      543, 540, 482, -1,
      543, 482, 483, -1,
      545, 548, 546, -1,
      546, 548, 549, -1,
      546, 549, 550, -1,
      499, 497, 536, -1,
      536, 497, 537, -1,
      536, 537, 551, -1,
      551, 537, 547, -1,
      551, 547, 552, -1,
      552, 547, 543, -1,
      552, 543, 553, -1,
      553, 543, 484, -1,
      553, 484, 478, -1,
      549, 554, 550, -1,
      550, 554, 555, -1,
      550, 555, 556, -1,
      553, 557, 552, -1,
      552, 557, 558, -1,
      552, 558, 551, -1,
      551, 558, 559, -1,
      551, 559, 536, -1,
      536, 559, 560, -1,
      536, 560, 501, -1,
      535, 534, 561, -1,
      476, 475, 541, -1,
      541, 475, 542, -1,
      541, 542, 562, -1,
      562, 542, 546, -1,
      562, 546, 563, -1,
      563, 546, 550, -1,
      563, 550, 564, -1,
      564, 550, 556, -1,
      564, 556, 565, -1,
      565, 556, 533, -1,
      565, 533, 103, -1,
      103, 504, 560, -1,
      560, 504, 503, -1,
      560, 503, 501, -1,
      557, 566, 558, -1,
      558, 566, 567, -1,
      558, 567, 559, -1,
      559, 567, 568, -1,
      559, 568, 560, -1,
      560, 568, 103, -1,
      566, 561, 567, -1,
      567, 561, 534, -1,
      567, 534, 568, -1,
      568, 534, 103, -1,
      555, 569, 556, -1,
      556, 569, 570, -1,
      556, 570, 533, -1,
      533, 570, 571, -1,
      533, 571, 532, -1,
      478, 477, 553, -1,
      553, 477, 541, -1,
      553, 541, 557, -1,
      557, 541, 562, -1,
      557, 562, 566, -1,
      566, 562, 563, -1,
      566, 563, 561, -1,
      561, 563, 564, -1,
      561, 564, 535, -1,
      535, 564, 565, -1,
      535, 565, 103, -1,
      485, 123, 572, -1,
      573, 574, 575, -1,
      576, 577, 578, -1,
      579, 580, 581, -1,
      505, 193, 486, -1,
      507, 506, 582, -1,
      582, 506, 505, -1,
      513, 512, 580, -1,
      580, 512, 511, -1,
      580, 511, 581, -1,
      581, 511, 510, -1,
      581, 510, 509, -1,
      190, 513, 583, -1,
      583, 513, 580, -1,
      583, 580, 584, -1,
      584, 580, 579, -1,
      584, 579, 585, -1,
      585, 579, 586, -1,
      505, 486, 582, -1,
      582, 486, 488, -1,
      582, 488, 587, -1,
      577, 586, 578, -1,
      578, 586, 579, -1,
      578, 579, 588, -1,
      588, 579, 581, -1,
      588, 581, 589, -1,
      589, 581, 509, -1,
      488, 490, 587, -1,
      587, 490, 492, -1,
      587, 492, 590, -1,
      574, 576, 575, -1,
      575, 576, 578, -1,
      575, 578, 591, -1,
      591, 578, 588, -1,
      591, 588, 592, -1,
      592, 588, 589, -1,
      492, 494, 590, -1,
      590, 494, 496, -1,
      590, 496, 593, -1,
      592, 594, 591, -1,
      591, 594, 595, -1,
      591, 595, 575, -1,
      575, 595, 596, -1,
      575, 596, 573, -1,
      508, 507, 597, -1,
      597, 507, 582, -1,
      597, 582, 598, -1,
      598, 582, 587, -1,
      598, 587, 599, -1,
      599, 587, 590, -1,
      599, 590, 600, -1,
      600, 590, 593, -1,
      600, 593, 601, -1,
      601, 593, 572, -1,
      601, 572, 123, -1,
      123, 602, 596, -1,
      596, 602, 603, -1,
      596, 603, 573, -1,
      594, 604, 595, -1,
      595, 604, 605, -1,
      595, 605, 596, -1,
      596, 605, 123, -1,
      604, 606, 605, -1,
      605, 606, 123, -1,
      496, 498, 593, -1,
      593, 498, 500, -1,
      593, 500, 572, -1,
      572, 500, 502, -1,
      572, 502, 485, -1,
      509, 508, 589, -1,
      589, 508, 597, -1,
      589, 597, 592, -1,
      592, 597, 598, -1,
      592, 598, 594, -1,
      594, 598, 599, -1,
      594, 599, 604, -1,
      604, 599, 600, -1,
      604, 600, 606, -1,
      606, 600, 601, -1,
      606, 601, 123, -1,
      148, 146, 201, -1,
      201, 146, 192, -1,
      201, 192, 522, -1,
      522, 192, 607, -1,
      522, 607, 521, -1,
      521, 607, 608, -1,
      521, 608, 520, -1,
      520, 608, 609, -1,
      520, 609, 519, -1,
      519, 609, 610, -1,
      519, 610, 518, -1,
      518, 610, 611, -1,
      518, 611, 514, -1,
      514, 611, 612, -1,
      514, 612, 515, -1,
      612, 613, 515, -1,
      515, 613, 614, -1,
      515, 614, 516, -1,
      516, 614, 615, -1,
      39, 37, 184, -1,
      184, 37, 210, -1,
      184, 210, 615, -1,
      615, 210, 517, -1,
      615, 517, 516, -1,
      182, 181, 523, -1,
      523, 181, 616, -1,
      523, 616, 524, -1,
      524, 616, 617, -1,
      524, 617, 525, -1,
      525, 617, 618, -1,
      525, 618, 526, -1,
      618, 619, 526, -1,
      526, 619, 620, -1,
      526, 620, 527, -1,
      186, 185, 621, -1,
      621, 185, 531, -1,
      621, 531, 622, -1,
      622, 531, 530, -1,
      622, 530, 623, -1,
      623, 530, 529, -1,
      623, 529, 624, -1,
      624, 529, 528, -1,
      624, 528, 625, -1,
      625, 528, 527, -1,
      625, 527, 626, -1,
      626, 527, 620, -1,
      104, 103, 532, -1,
      105, 104, 627, -1,
      627, 104, 532, -1,
      627, 532, 628, -1,
      628, 532, 571, -1,
      628, 571, 629, -1,
      629, 571, 570, -1,
      629, 570, 630, -1,
      630, 570, 569, -1,
      630, 569, 631, -1,
      631, 569, 555, -1,
      631, 555, 632, -1,
      632, 555, 554, -1,
      632, 554, 633, -1,
      633, 554, 549, -1,
      633, 549, 634, -1,
      634, 549, 548, -1,
      634, 548, 635, -1,
      635, 548, 545, -1,
      635, 545, 636, -1,
      636, 545, 544, -1,
      636, 544, 186, -1,
      186, 544, 187, -1,
      107, 106, 637, -1,
      191, 190, 638, -1,
      638, 190, 583, -1,
      638, 583, 639, -1,
      639, 583, 584, -1,
      639, 584, 640, -1,
      640, 584, 585, -1,
      640, 585, 641, -1,
      641, 585, 586, -1,
      641, 586, 642, -1,
      642, 586, 577, -1,
      642, 577, 643, -1,
      643, 577, 576, -1,
      643, 576, 644, -1,
      644, 576, 574, -1,
      644, 574, 645, -1,
      645, 574, 573, -1,
      645, 573, 646, -1,
      646, 573, 603, -1,
      646, 603, 637, -1,
      637, 603, 602, -1,
      637, 602, 107, -1,
      107, 602, 123, -1,
      192, 191, 607, -1,
      607, 191, 647, -1,
      607, 647, 608, -1,
      608, 647, 648, -1,
      608, 648, 609, -1,
      609, 648, 649, -1,
      609, 649, 610, -1,
      649, 650, 610, -1,
      610, 650, 651, -1,
      610, 651, 611, -1,
      183, 184, 652, -1,
      652, 184, 615, -1,
      652, 615, 653, -1,
      653, 615, 614, -1,
      653, 614, 654, -1,
      654, 614, 613, -1,
      654, 613, 655, -1,
      655, 613, 612, -1,
      655, 612, 656, -1,
      656, 612, 611, -1,
      656, 611, 657, -1,
      657, 611, 651, -1,
      658, 105, 659, -1,
      660, 661, 105, -1,
      629, 630, 662, -1,
      631, 632, 663, -1,
      664, 665, 666, -1,
      619, 618, 667, -1,
      617, 616, 668, -1,
      668, 616, 181, -1,
      669, 625, 626, -1,
      666, 623, 624, -1,
      623, 666, 622, -1,
      622, 666, 665, -1,
      622, 665, 621, -1,
      186, 621, 636, -1,
      636, 621, 665, -1,
      636, 665, 635, -1,
      635, 665, 664, -1,
      635, 664, 634, -1,
      634, 664, 633, -1,
      181, 670, 668, -1,
      668, 670, 671, -1,
      668, 671, 672, -1,
      632, 633, 663, -1,
      663, 633, 664, -1,
      663, 664, 673, -1,
      673, 664, 666, -1,
      673, 666, 669, -1,
      669, 666, 624, -1,
      669, 624, 625, -1,
      671, 674, 672, -1,
      672, 674, 675, -1,
      672, 675, 676, -1,
      630, 631, 662, -1,
      662, 631, 663, -1,
      662, 663, 677, -1,
      677, 663, 673, -1,
      677, 673, 678, -1,
      678, 673, 669, -1,
      678, 669, 679, -1,
      679, 669, 626, -1,
      679, 626, 620, -1,
      675, 680, 676, -1,
      676, 680, 681, -1,
      676, 681, 682, -1,
      679, 683, 678, -1,
      678, 683, 684, -1,
      678, 684, 677, -1,
      677, 684, 685, -1,
      677, 685, 662, -1,
      662, 685, 686, -1,
      662, 686, 629, -1,
      661, 660, 687, -1,
      618, 617, 667, -1,
      667, 617, 668, -1,
      667, 668, 688, -1,
      688, 668, 672, -1,
      688, 672, 689, -1,
      689, 672, 676, -1,
      689, 676, 690, -1,
      690, 676, 682, -1,
      690, 682, 691, -1,
      691, 682, 659, -1,
      691, 659, 105, -1,
      105, 627, 686, -1,
      686, 627, 628, -1,
      686, 628, 629, -1,
      683, 692, 684, -1,
      684, 692, 693, -1,
      684, 693, 685, -1,
      685, 693, 694, -1,
      685, 694, 686, -1,
      686, 694, 105, -1,
      692, 687, 693, -1,
      693, 687, 660, -1,
      693, 660, 694, -1,
      694, 660, 105, -1,
      681, 695, 682, -1,
      682, 695, 696, -1,
      682, 696, 659, -1,
      659, 696, 697, -1,
      659, 697, 658, -1,
      620, 619, 679, -1,
      679, 619, 667, -1,
      679, 667, 683, -1,
      683, 667, 688, -1,
      683, 688, 692, -1,
      692, 688, 689, -1,
      692, 689, 687, -1,
      687, 689, 690, -1,
      687, 690, 661, -1,
      661, 690, 691, -1,
      661, 691, 105, -1,
      637, 106, 698, -1,
      699, 700, 106, -1,
      701, 702, 703, -1,
      704, 705, 706, -1,
      707, 708, 709, -1,
      650, 649, 710, -1,
      648, 647, 711, -1,
      711, 647, 191, -1,
      712, 656, 657, -1,
      709, 654, 655, -1,
      654, 709, 653, -1,
      653, 709, 708, -1,
      653, 708, 652, -1,
      183, 652, 713, -1,
      713, 652, 708, -1,
      713, 708, 714, -1,
      714, 708, 707, -1,
      714, 707, 715, -1,
      715, 707, 716, -1,
      191, 638, 711, -1,
      711, 638, 639, -1,
      711, 639, 717, -1,
      705, 716, 706, -1,
      706, 716, 707, -1,
      706, 707, 718, -1,
      718, 707, 709, -1,
      718, 709, 712, -1,
      712, 709, 655, -1,
      712, 655, 656, -1,
      639, 640, 717, -1,
      717, 640, 641, -1,
      717, 641, 719, -1,
      702, 704, 703, -1,
      703, 704, 706, -1,
      703, 706, 720, -1,
      720, 706, 718, -1,
      720, 718, 721, -1,
      721, 718, 712, -1,
      721, 712, 722, -1,
      722, 712, 657, -1,
      722, 657, 651, -1,
      641, 642, 719, -1,
      719, 642, 643, -1,
      719, 643, 723, -1,
      722, 724, 721, -1,
      721, 724, 725, -1,
      721, 725, 720, -1,
      720, 725, 726, -1,
      720, 726, 703, -1,
      703, 726, 727, -1,
      703, 727, 701, -1,
      700, 699, 728, -1,
      649, 648, 710, -1,
      710, 648, 711, -1,
      710, 711, 729, -1,
      729, 711, 717, -1,
      729, 717, 730, -1,
      730, 717, 719, -1,
      730, 719, 731, -1,
      731, 719, 723, -1,
      731, 723, 732, -1,
      732, 723, 698, -1,
      732, 698, 106, -1,
      106, 733, 727, -1,
      727, 733, 734, -1,
      727, 734, 701, -1,
      724, 735, 725, -1,
      725, 735, 736, -1,
      725, 736, 726, -1,
      726, 736, 737, -1,
      726, 737, 727, -1,
      727, 737, 106, -1,
      735, 728, 736, -1,
      736, 728, 699, -1,
      736, 699, 737, -1,
      737, 699, 106, -1,
      643, 644, 723, -1,
      723, 644, 645, -1,
      723, 645, 698, -1,
      698, 645, 646, -1,
      698, 646, 637, -1,
      651, 650, 722, -1,
      722, 650, 710, -1,
      722, 710, 724, -1,
      724, 710, 729, -1,
      724, 729, 735, -1,
      735, 729, 730, -1,
      735, 730, 728, -1,
      728, 730, 731, -1,
      728, 731, 700, -1,
      700, 731, 732, -1,
      700, 732, 106, -1,
      100, 105, 658, -1,
      106, 100, 733, -1,
      733, 100, 658, -1,
      733, 658, 734, -1,
      734, 658, 697, -1,
      734, 697, 701, -1,
      701, 697, 696, -1,
      701, 696, 702, -1,
      702, 696, 695, -1,
      702, 695, 704, -1,
      704, 695, 681, -1,
      704, 681, 705, -1,
      705, 681, 680, -1,
      705, 680, 716, -1,
      716, 680, 675, -1,
      716, 675, 715, -1,
      715, 675, 674, -1,
      715, 674, 714, -1,
      714, 674, 671, -1,
      714, 671, 713, -1,
      713, 671, 670, -1,
      713, 670, 183, -1,
      183, 670, 181, -1,
    ]
  }
}

Shape {
  appearance Appearance {
    material Material {
      diffuseColor 1.0000 1.0000 1.0000
      specularColor 0.8784 0.8784 0.8784
      ambientIntensity 0.2
      transparency 0.0000
      shininess 0.5
    }
  }
  geometry IndexedFaceSet {
    ccw TRUE
    solid FALSE
    coord DEF co Coordinate {
      point [
        -0.026856 -0.067643 0.078740,
        -0.026856 -0.089248 0.078740,
        0.078772 -0.089248 0.078740,
        0.117181 -0.079046 0.078740,
        0.117181 -0.057440 0.078740,
        0.078772 0.107602 0.078740,
        0.052365 0.085996 0.078740,
        0.052365 0.021180 0.078740,
        -0.022054 0.085996 0.078740,
        -0.017253 0.021180 0.078740,
        0.052365 -0.000426 0.078740,
        0.052365 -0.067643 0.078740,
        -0.017253 -0.000426 0.078740,
        0.198554 -0.063621 0.078740,
        0.184092 -0.068422 0.078740,
        0.163281 0.088397 0.078740,
        0.167707 -0.070043 0.078740,
        0.157527 0.088237 0.078740,
        0.381249 -0.089248 0.078740,
        0.184917 -0.090448 0.078740,
        0.280423 -0.089248 0.078740,
        0.192494 -0.089778 0.078740,
        0.212735 -0.083467 0.078740,
        -0.022054 0.107602 0.078740,
        0.182363 0.086290 0.078740,
        0.236213 0.022855 0.078740,
        0.197072 0.081066 0.078740,
        0.237212 0.007076 0.078740,
        0.235542 -0.012544 0.078740,
        0.230234 -0.030344 0.078740,
        0.210787 0.071989 0.078740,
        0.222712 0.058950 0.078740,
        0.230898 0.043793 0.078740,
        0.255628 0.050279 0.078740,
        0.245356 0.069307 0.078740,
        0.354842 0.107602 0.078740,
        0.222219 -0.044174 0.078740,
        0.210845 -0.055935 0.078740,
        0.229995 0.086333 0.078740,
        0.210757 0.099417 0.078740,
        0.189090 0.107219 0.078740,
        0.163506 0.110003 0.078740,
        0.228744 -0.073875 0.078740,
        0.243929 -0.058709 0.078740,
        0.280423 -0.067643 0.078740,
        0.254876 -0.040328 0.078740,
        0.354842 -0.067643 0.078740,
        0.144480 -0.067792 0.078740,
        0.123754 -0.060936 0.078740,
        0.136433 0.084444 0.078740,
        0.117181 0.075794 0.078740,
        0.117181 0.102201 0.078740,
        0.139941 0.108377 0.078740,
        0.261277 -0.019682 0.078740,
        0.263619 0.005463 0.078740,
        0.261801 0.028186 0.078740,
        0.155026 -0.090448 0.078740,
        0.159582 -0.091219 0.078740,
        0.171345 -0.091649 0.078740,
        0.381249 0.107602 0.078740,
        0.137543 -0.087493 0.078740,
        -0.367030 -0.034034 0.078740,
        -0.285709 -0.034034 0.078740,
        -0.386948 -0.089248 0.078740,
        -0.266917 -0.089248 0.078740,
        -0.215655 -0.031365 0.078740,
        -0.205302 -0.049414 0.078740,
        -0.238109 -0.089248 0.078740,
        -0.189798 -0.065706 0.078740,
        -0.201215 0.074769 0.078740,
        -0.212606 0.058902 0.078740,
        -0.312529 0.107602 0.078740,
        -0.220256 0.039615 0.078740,
        -0.415755 -0.089248 0.078740,
        -0.338935 0.107602 0.078740,
        -0.170697 -0.078142 0.078740,
        -0.148970 -0.085908 0.078740,
        -0.124880 -0.089106 0.078740,
        -0.223485 0.018781 0.078740,
        -0.223706 0.011652 0.078740,
        -0.221809 -0.010427 0.078740,
        -0.118791 -0.089248 0.078740,
        -0.065265 -0.089248 0.078740,
        -0.065265 0.107602 0.078740,
        -0.120817 0.107602 0.078740,
        -0.143970 0.105652 0.078740,
        -0.166172 0.099239 0.078740,
        -0.185571 0.088526 0.078740,
        -0.338935 0.107602 0.082677,
        -0.415755 -0.089248 0.082677,
        -0.386948 -0.089248 0.082677,
        -0.367030 -0.034034 0.082677,
        -0.285709 -0.034034 0.082677,
        -0.266917 -0.089248 0.082677,
        -0.238109 -0.089248 0.082677,
        -0.312529 0.107602 0.082677,
        -0.292348 -0.012429 0.082677,
        -0.358178 -0.012429 0.082677,
        -0.321719 0.069793 0.082677,
        -0.323613 0.076620 0.082677,
        -0.324869 0.083596 0.082677,
        -0.325507 0.083596 0.082677,
        -0.326791 0.076641 0.082677,
        -0.328545 0.069793 0.082677,
        -0.292348 -0.012429 0.078740,
        -0.358178 -0.012429 0.078740,
        -0.321719 0.069793 0.078740,
        -0.323613 0.076620 0.078740,
        -0.324869 0.083596 0.078740,
        -0.325507 0.083596 0.078740,
        -0.326791 0.076641 0.078740,
        -0.328545 0.069793 0.078740,
        -0.118791 -0.089248 0.082677,
        -0.065265 -0.089248 0.082677,
        -0.065265 0.107602 0.082677,
        -0.120817 0.107602 0.082677,
        -0.223706 0.011652 0.082677,
        -0.223485 0.018781 0.082677,
        -0.220256 0.039615 0.082677,
        -0.212606 0.058902 0.082677,
        -0.201215 0.074769 0.082677,
        -0.185571 0.088526 0.082677,
        -0.166172 0.099239 0.082677,
        -0.143970 0.105652 0.082677,
        -0.124880 -0.089106 0.082677,
        -0.148970 -0.085908 0.082677,
        -0.170697 -0.078142 0.082677,
        -0.189798 -0.065706 0.082677,
        -0.205302 -0.049414 0.082677,
        -0.215655 -0.031365 0.082677,
        -0.221809 -0.010427 0.082677,
        -0.119617 -0.067643 0.082677,
        -0.138810 -0.066007 0.082677,
        -0.156139 -0.060898 0.082677,
        -0.169732 -0.053056 0.082677,
        -0.180919 -0.042278 0.082677,
        -0.189358 -0.028864 0.082677,
        -0.194658 -0.013507 0.082677,
        -0.197264 0.009556 0.082677,
        -0.197299 0.011090 0.082677,
        -0.195836 0.029507 0.082677,
        -0.191207 0.045831 0.082677,
        -0.184427 0.058070 0.082677,
        -0.174926 0.068296 0.082677,
        -0.160623 0.077653 0.082677,
        -0.144448 0.083416 0.082677,
        -0.120704 0.085996 0.082677,
        -0.091672 0.085996 0.082677,
        -0.091672 -0.067643 0.082677,
        -0.120704 0.085996 0.078740,
        -0.091672 0.085996 0.078740,
        -0.144448 0.083416 0.078740,
        -0.160623 0.077653 0.078740,
        -0.174926 0.068296 0.078740,
        -0.184427 0.058070 0.078740,
        -0.191207 0.045831 0.078740,
        -0.195836 0.029507 0.078740,
        -0.197299 0.011090 0.078740,
        -0.197264 0.009556 0.078740,
        -0.194658 -0.013507 0.078740,
        -0.189358 -0.028864 0.078740,
        -0.180919 -0.042278 0.078740,
        -0.169732 -0.053056 0.078740,
        -0.156139 -0.060898 0.078740,
        -0.138810 -0.066007 0.078740,
        -0.119617 -0.067643 0.078740,
        -0.091672 -0.067643 0.078740,
        -0.026856 -0.067643 0.082677,
        -0.026856 -0.089248 0.082677,
        0.078772 -0.089248 0.082677,
        0.078772 0.107602 0.082677,
        -0.022054 0.107602 0.082677,
        -0.022054 0.085996 0.082677,
        0.052365 0.085996 0.082677,
        0.052365 0.021180 0.082677,
        -0.017253 0.021180 0.082677,
        -0.017253 -0.000426 0.082677,
        0.052365 -0.000426 0.082677,
        0.052365 -0.067643 0.082677,
        0.117181 -0.057440 0.082677,
        0.117181 -0.079046 0.082677,
        0.137543 -0.087493 0.082677,
        0.171345 -0.091649 0.082677,
        0.159582 -0.091219 0.082677,
        0.192494 -0.089778 0.082677,
        0.212735 -0.083467 0.082677,
        0.228744 -0.073875 0.082677,
        0.243929 -0.058709 0.082677,
        0.254876 -0.040328 0.082677,
        0.261277 -0.019682 0.082677,
        0.263619 0.005463 0.082677,
        0.163506 0.110003 0.082677,
        0.189090 0.107219 0.082677,
        0.210757 0.099417 0.082677,
        0.229995 0.086333 0.082677,
        0.245356 0.069307 0.082677,
        0.255628 0.050279 0.082677,
        0.261801 0.028186 0.082677,
        0.117181 0.102201 0.082677,
        0.139941 0.108377 0.082677,
        0.117181 0.075794 0.082677,
        0.163281 0.088397 0.082677,
        0.157527 0.088237 0.082677,
        0.136433 0.084444 0.082677,
        0.237212 0.007076 0.082677,
        0.236213 0.022855 0.082677,
        0.230898 0.043793 0.082677,
        0.222712 0.058950 0.082677,
        0.210787 0.071989 0.082677,
        0.197072 0.081066 0.082677,
        0.182363 0.086290 0.082677,
        0.167707 -0.070043 0.082677,
        0.184092 -0.068422 0.082677,
        0.198554 -0.063621 0.082677,
        0.210845 -0.055935 0.082677,
        0.222219 -0.044174 0.082677,
        0.230234 -0.030344 0.082677,
        0.235542 -0.012544 0.082677,
        0.123754 -0.060936 0.082677,
        0.144480 -0.067792 0.082677,
        0.280423 -0.067643 0.082677,
        0.280423 -0.089248 0.082677,
        0.381249 -0.089248 0.082677,
        0.381249 0.107602 0.082677,
        0.354842 0.107602 0.082677,
        0.354842 -0.067643 0.082677,
      ]
    }
    coordIndex [
      88, 89, 74, -1,
      74, 89, 73, -1,
      89, 90, 73, -1,
      73, 90, 63, -1,
      90, 91, 63, -1,
      63, 91, 61, -1,
      91, 92, 61, -1,
      61, 92, 62, -1,
      92, 93, 62, -1,
      62, 93, 64, -1,
      93, 94, 64, -1,
      64, 94, 67, -1,
      94, 95, 67, -1,
      67, 95, 71, -1,
      95, 88, 71, -1,
      71, 88, 74, -1,
      96, 92, 97, -1,
      97, 92, 91, -1,
      98, 95, 96, -1,
      96, 95, 94, -1,
      96, 94, 92, -1,
      92, 94, 93, -1,
      98, 99, 95, -1,
      95, 99, 100, -1,
      95, 100, 88, -1,
      88, 100, 101, -1,
      88, 101, 102, -1,
      102, 103, 88, -1,
      88, 103, 97, -1,
      88, 97, 89, -1,
      89, 97, 91, -1,
      89, 91, 90, -1,
      96, 97, 104, -1,
      104, 97, 105, -1,
      98, 96, 106, -1,
      106, 96, 104, -1,
      98, 106, 107, -1,
      98, 107, 99, -1,
      99, 107, 108, -1,
      99, 108, 100, -1,
      101, 100, 109, -1,
      109, 100, 108, -1,
      101, 109, 110, -1,
      101, 110, 102, -1,
      102, 110, 111, -1,
      102, 111, 103, -1,
      97, 103, 105, -1,
      105, 103, 111, -1,
      112, 113, 81, -1,
      81, 113, 82, -1,
      113, 114, 82, -1,
      82, 114, 83, -1,
      114, 115, 83, -1,
      83, 115, 84, -1,
      116, 79, 78, -1,
      116, 78, 117, -1,
      117, 78, 72, -1,
      117, 72, 118, -1,
      118, 72, 70, -1,
      118, 70, 119, -1,
      119, 70, 69, -1,
      119, 69, 120, -1,
      120, 69, 87, -1,
      120, 87, 121, -1,
      121, 87, 86, -1,
      121, 86, 122, -1,
      122, 86, 85, -1,
      122, 85, 123, -1,
      123, 85, 84, -1,
      123, 84, 115, -1,
      112, 81, 77, -1,
      112, 77, 124, -1,
      124, 77, 76, -1,
      124, 76, 125, -1,
      125, 76, 75, -1,
      125, 75, 126, -1,
      126, 75, 68, -1,
      126, 68, 127, -1,
      127, 68, 66, -1,
      127, 66, 128, -1,
      128, 66, 65, -1,
      128, 65, 129, -1,
      129, 65, 80, -1,
      129, 80, 130, -1,
      130, 80, 79, -1,
      130, 79, 116, -1,
      113, 112, 131, -1,
      131, 112, 124, -1,
      131, 124, 132, -1,
      132, 124, 125, -1,
      132, 125, 133, -1,
      133, 125, 126, -1,
      133, 126, 134, -1,
      134, 126, 127, -1,
      134, 127, 135, -1,
      135, 127, 128, -1,
      135, 128, 136, -1,
      136, 128, 129, -1,
      136, 129, 137, -1,
      137, 129, 130, -1,
      137, 130, 138, -1,
      138, 130, 116, -1,
      138, 116, 139, -1,
      139, 116, 117, -1,
      139, 117, 140, -1,
      140, 117, 118, -1,
      140, 118, 141, -1,
      141, 118, 119, -1,
      141, 119, 142, -1,
      142, 119, 120, -1,
      142, 120, 143, -1,
      143, 120, 121, -1,
      143, 121, 144, -1,
      144, 121, 122, -1,
      144, 122, 145, -1,
      145, 122, 123, -1,
      145, 123, 146, -1,
      146, 123, 115, -1,
      146, 115, 147, -1,
      147, 115, 114, -1,
      147, 114, 148, -1,
      148, 114, 113, -1,
      148, 113, 131, -1,
      146, 147, 149, -1,
      149, 147, 150, -1,
      146, 149, 151, -1,
      146, 151, 145, -1,
      145, 151, 152, -1,
      145, 152, 144, -1,
      144, 152, 153, -1,
      144, 153, 143, -1,
      143, 153, 154, -1,
      143, 154, 142, -1,
      142, 154, 155, -1,
      142, 155, 141, -1,
      141, 155, 156, -1,
      141, 156, 140, -1,
      140, 156, 157, -1,
      140, 157, 139, -1,
      139, 157, 158, -1,
      139, 158, 138, -1,
      138, 158, 159, -1,
      138, 159, 137, -1,
      137, 159, 160, -1,
      137, 160, 136, -1,
      136, 160, 161, -1,
      136, 161, 135, -1,
      135, 161, 162, -1,
      135, 162, 134, -1,
      134, 162, 163, -1,
      134, 163, 133, -1,
      133, 163, 164, -1,
      133, 164, 132, -1,
      132, 164, 165, -1,
      132, 165, 131, -1,
      148, 131, 166, -1,
      166, 131, 165, -1,
      147, 148, 150, -1,
      150, 148, 166, -1,
      167, 168, 0, -1,
      0, 168, 1, -1,
      168, 169, 1, -1,
      1, 169, 2, -1,
      169, 170, 2, -1,
      2, 170, 5, -1,
      170, 171, 5, -1,
      5, 171, 23, -1,
      171, 172, 23, -1,
      23, 172, 8, -1,
      172, 173, 8, -1,
      8, 173, 6, -1,
      173, 174, 6, -1,
      6, 174, 7, -1,
      174, 175, 7, -1,
      7, 175, 9, -1,
      175, 176, 9, -1,
      9, 176, 12, -1,
      176, 177, 12, -1,
      12, 177, 10, -1,
      177, 178, 10, -1,
      10, 178, 11, -1,
      178, 167, 11, -1,
      11, 167, 0, -1,
      169, 168, 167, -1,
      167, 178, 169, -1,
      169, 178, 177, -1,
      169, 177, 170, -1,
      172, 171, 173, -1,
      173, 171, 170, -1,
      173, 170, 174, -1,
      174, 170, 177, -1,
      174, 177, 175, -1,
      175, 177, 176, -1,
      179, 180, 4, -1,
      4, 180, 3, -1,
      3, 180, 181, -1,
      182, 58, 57, -1,
      182, 57, 183, -1,
      183, 57, 56, -1,
      183, 56, 181, -1,
      181, 56, 60, -1,
      181, 60, 3, -1,
      58, 182, 19, -1,
      19, 182, 184, -1,
      19, 184, 21, -1,
      21, 184, 185, -1,
      21, 185, 22, -1,
      22, 185, 186, -1,
      22, 186, 42, -1,
      42, 186, 187, -1,
      42, 187, 43, -1,
      43, 187, 188, -1,
      43, 188, 45, -1,
      45, 188, 189, -1,
      45, 189, 53, -1,
      53, 189, 190, -1,
      53, 190, 54, -1,
      191, 41, 40, -1,
      191, 40, 192, -1,
      192, 40, 39, -1,
      192, 39, 193, -1,
      193, 39, 38, -1,
      193, 38, 194, -1,
      194, 38, 34, -1,
      194, 34, 195, -1,
      195, 34, 33, -1,
      195, 33, 196, -1,
      196, 33, 55, -1,
      196, 55, 197, -1,
      197, 55, 54, -1,
      197, 54, 190, -1,
      198, 51, 52, -1,
      198, 52, 199, -1,
      199, 52, 41, -1,
      199, 41, 191, -1,
      198, 200, 51, -1,
      51, 200, 50, -1,
      201, 15, 17, -1,
      201, 17, 202, -1,
      202, 17, 49, -1,
      202, 49, 203, -1,
      203, 49, 50, -1,
      203, 50, 200, -1,
      204, 27, 25, -1,
      204, 25, 205, -1,
      205, 25, 32, -1,
      205, 32, 206, -1,
      206, 32, 31, -1,
      206, 31, 207, -1,
      207, 31, 30, -1,
      207, 30, 208, -1,
      208, 30, 26, -1,
      208, 26, 209, -1,
      209, 26, 24, -1,
      209, 24, 210, -1,
      210, 24, 15, -1,
      210, 15, 201, -1,
      211, 16, 14, -1,
      211, 14, 212, -1,
      212, 14, 13, -1,
      212, 13, 213, -1,
      213, 13, 37, -1,
      213, 37, 214, -1,
      214, 37, 36, -1,
      214, 36, 215, -1,
      215, 36, 29, -1,
      215, 29, 216, -1,
      216, 29, 28, -1,
      216, 28, 217, -1,
      217, 28, 27, -1,
      217, 27, 204, -1,
      179, 4, 48, -1,
      179, 48, 218, -1,
      218, 48, 47, -1,
      218, 47, 219, -1,
      219, 47, 16, -1,
      219, 16, 211, -1,
      180, 179, 218, -1,
      200, 198, 203, -1,
      203, 198, 199, -1,
      203, 199, 202, -1,
      202, 199, 191, -1,
      180, 218, 181, -1,
      181, 218, 219, -1,
      181, 219, 183, -1,
      183, 219, 211, -1,
      183, 211, 182, -1,
      182, 211, 184, -1,
      184, 211, 212, -1,
      184, 212, 185, -1,
      185, 212, 213, -1,
      185, 213, 186, -1,
      186, 213, 214, -1,
      186, 214, 187, -1,
      187, 214, 215, -1,
      187, 215, 188, -1,
      188, 215, 216, -1,
      188, 216, 189, -1,
      189, 216, 217, -1,
      189, 217, 190, -1,
      190, 217, 204, -1,
      190, 204, 197, -1,
      197, 204, 205, -1,
      197, 205, 196, -1,
      196, 205, 206, -1,
      196, 206, 195, -1,
      195, 206, 207, -1,
      195, 207, 194, -1,
      194, 207, 208, -1,
      194, 208, 193, -1,
      193, 208, 209, -1,
      193, 209, 192, -1,
      192, 209, 210, -1,
      192, 210, 191, -1,
      191, 210, 201, -1,
      191, 201, 202, -1,
      220, 221, 44, -1,
      44, 221, 20, -1,
      221, 222, 20, -1,
      20, 222, 18, -1,
      222, 223, 18, -1,
      18, 223, 59, -1,
      223, 224, 59, -1,
      59, 224, 35, -1,
      224, 225, 35, -1,
      35, 225, 46, -1,
      225, 220, 46, -1,
      46, 220, 44, -1,
      224, 223, 225, -1,
      225, 223, 222, -1,
      225, 222, 220, -1,
      220, 222, 221, -1,
    ]
  }
}

Shape {
  appearance Appearance {
    material Material {
      diffuseColor 0.1490 0.1490 0.1490
      specularColor 0.0431 0.0431 0.0431
      ambientIntensity 0.2
      transparency 0.0000
      shininess 0.5
    }
  }
  geometry IndexedFaceSet {
    ccw TRUE
    solid FALSE
    coord DEF co Coordinate {
      point [
        -0.292348 -0.012429 0.078740,
        -0.358178 -0.012429 0.078740,
        -0.321719 0.069793 0.078740,
        -0.323613 0.076620 0.078740,
        -0.324869 0.083596 0.078740,
        -0.325507 0.083596 0.078740,
        -0.326791 0.076641 0.078740,
        -0.328545 0.069793 0.078740,
        -0.120704 0.085996 0.078740,
        -0.091672 0.085996 0.078740,
        -0.144448 0.083416 0.078740,
        -0.160623 0.077653 0.078740,
        -0.174926 0.068296 0.078740,
        -0.184427 0.058070 0.078740,
        -0.191207 0.045831 0.078740,
        -0.195836 0.029507 0.078740,
        -0.197299 0.011090 0.078740,
        -0.197264 0.009556 0.078740,
        -0.194658 -0.013507 0.078740,
        -0.189358 -0.028864 0.078740,
        -0.180919 -0.042278 0.078740,
        -0.169732 -0.053056 0.078740,
        -0.156139 -0.060898 0.078740,
        -0.138810 -0.066007 0.078740,
        -0.119617 -0.067643 0.078740,
        -0.091672 -0.067643 0.078740,
      ]
    }
    coordIndex [
      0, 1, 2, -1,
      2, 1, 7, -1,
      2, 7, 3, -1,
      3, 7, 6, -1,
      3, 6, 4, -1,
      4, 6, 5, -1,
      8, 9, 25, -1,
      19, 18, 8, -1,
      8, 18, 17, -1,
      8, 17, 16, -1,
      16, 15, 8, -1,
      8, 15, 14, -1,
      8, 14, 10, -1,
      25, 24, 8, -1,
      8, 24, 23, -1,
      8, 23, 22, -1,
      22, 21, 8, -1,
      8, 21, 20, -1,
      8, 20, 19, -1,
      10, 14, 11, -1,
      11, 14, 13, -1,
      11, 13, 12, -1,
    ]
  }
}

Shape {
  appearance Appearance {
    material Material {
      diffuseColor 0.8510 0.8510 0.8510
      specularColor 0.4235 0.4235 0.4235
      ambientIntensity 0.2
      transparency 0.0000
      shininess 0.5
    }
  }
  geometry IndexedFaceSet {
    ccw TRUE
    solid FALSE
    coord DEF co Coordinate {
      point [
        -0.049213 0.590551 0.216535,
        -0.147638 0.590551 0.216535,
        -0.049213 0.590551 0.295276,
        -0.147638 0.590551 0.295276,
        0.246063 0.590551 0.295276,
        0.344488 0.590551 0.295276,
        0.246063 0.590551 0.216535,
        0.344488 0.590551 0.216535,
        0.049213 0.590551 0.295276,
        0.147638 0.590551 0.295276,
        0.049213 0.590551 0.216535,
        0.147638 0.590551 0.216535,
        0.442913 0.590551 0.295276,
        0.442913 0.590551 0.216535,
        -0.246063 0.590551 0.216535,
        -0.344488 0.590551 0.216535,
        -0.246063 0.590551 0.295276,
        -0.344488 0.590551 0.295276,
        0.049213 -0.590551 0.216535,
        0.147638 -0.590551 0.216535,
        0.049213 -0.590551 0.295276,
        0.147638 -0.590551 0.295276,
        -0.049213 -0.590551 0.295276,
        -0.147638 -0.590551 0.295276,
        -0.049213 -0.590551 0.216535,
        -0.147638 -0.590551 0.216535,
        -0.246063 -0.590551 0.295276,
        -0.344488 -0.590551 0.295276,
        -0.246063 -0.590551 0.216535,
        -0.344488 -0.590551 0.216535,
        0.246063 -0.590551 0.216535,
        0.344488 -0.590551 0.216535,
        0.246063 -0.590551 0.295276,
        0.344488 -0.590551 0.295276,
        -0.442913 -0.590551 0.295276,
        -0.442913 -0.590551 0.216535,
        -0.442913 0.590551 0.216535,
        -0.442913 0.590551 0.295276,
        0.442913 -0.590551 0.216535,
        0.442913 -0.590551 0.295276,
        -0.335175 -0.337755 0.433071,
        -0.325681 -0.350128 0.433071,
        -0.317676 -0.380000 0.433071,
        -0.319712 -0.395463 0.433071,
        -0.325681 -0.409872 0.433071,
        -0.335175 -0.422246 0.433071,
        -0.319712 -0.364538 0.433071,
        -0.347548 -0.431741 0.433071,
        -0.361957 -0.437709 0.433071,
        -0.377420 -0.439744 0.433071,
        -0.392883 -0.437709 0.433071,
        -0.407293 -0.431741 0.433071,
        -0.419666 -0.422246 0.433071,
        -0.429160 -0.409872 0.433071,
        -0.435129 -0.395463 0.433071,
        -0.437165 -0.380000 0.433071,
        -0.435129 -0.364538 0.433071,
        -0.429160 -0.350128 0.433071,
        -0.419666 -0.337755 0.433071,
        -0.407293 -0.328261 0.433071,
        -0.392883 -0.322292 0.433071,
        -0.377420 -0.320256 0.433071,
        -0.361957 -0.322292 0.433071,
        -0.347548 -0.328261 0.433071,
        -0.317676 -0.380000 0.429134,
        -0.319712 -0.364538 0.429134,
        -0.325681 -0.350128 0.429134,
        -0.335175 -0.337755 0.429134,
        -0.347548 -0.328261 0.429134,
        -0.361957 -0.322292 0.429134,
        -0.377420 -0.320256 0.429134,
        -0.392883 -0.322292 0.429134,
        -0.407293 -0.328261 0.429134,
        -0.419666 -0.337755 0.429134,
        -0.429160 -0.350128 0.429134,
        -0.435129 -0.364538 0.429134,
        -0.437165 -0.380000 0.429134,
        -0.435129 -0.395463 0.429134,
        -0.429160 -0.409872 0.429134,
        -0.419666 -0.422246 0.429134,
        -0.407293 -0.431741 0.429134,
        -0.392883 -0.437709 0.429134,
        -0.377420 -0.439744 0.429134,
        -0.361957 -0.437709 0.429134,
        -0.347548 -0.431741 0.429134,
        -0.335175 -0.422246 0.429134,
        -0.325681 -0.409872 0.429134,
        -0.319712 -0.395463 0.429134,
        -0.377420 -0.380000 0.429134,
        -0.344488 -0.984252 0.000000,
        -0.344488 -0.984252 0.078740,
        -0.442913 -0.984252 0.000000,
        -0.442913 -0.984252 0.078740,
        -0.442913 -0.652011 0.295276,
        -0.442913 -0.652011 0.216535,
        -0.344488 -0.652011 0.216535,
        -0.344488 -0.652011 0.295276,
        -0.442913 -0.686403 0.196328,
        -0.442913 -0.755186 0.234654,
        -0.442913 -0.681588 0.203150,
        -0.442913 -0.740741 0.255120,
        -0.442913 -0.675443 0.208804,
        -0.442913 -0.722306 0.272080,
        -0.442913 -0.668243 0.213033,
        -0.442913 -0.700708 0.284769,
        -0.442913 -0.660314 0.215650,
        -0.442913 -0.676920 0.292619,
        -0.344488 -0.660314 0.215650,
        -0.344488 -0.668243 0.213033,
        -0.344488 -0.675443 0.208804,
        -0.344488 -0.681588 0.203150,
        -0.344488 -0.686403 0.196328,
        -0.344488 -0.676920 0.292619,
        -0.344488 -0.700708 0.284769,
        -0.344488 -0.722306 0.272080,
        -0.344488 -0.740741 0.255120,
        -0.344488 -0.755186 0.234654,
        -0.442913 -0.830801 0.098947,
        -0.442913 -0.762017 0.060622,
        -0.344488 -0.762017 0.060622,
        -0.344488 -0.830801 0.098947,
        -0.442913 -0.835615 0.092126,
        -0.442913 -0.776462 0.040156,
        -0.442913 -0.841761 0.086472,
        -0.442913 -0.794898 0.023196,
        -0.442913 -0.848960 0.082242,
        -0.442913 -0.816495 0.010506,
        -0.442913 -0.856889 0.079626,
        -0.442913 -0.840283 0.002656,
        -0.442913 -0.865192 0.078740,
        -0.442913 -0.865192 0.000000,
        -0.344488 -0.865192 0.000000,
        -0.344488 -0.840283 0.002656,
        -0.344488 -0.816495 0.010506,
        -0.344488 -0.794898 0.023196,
        -0.344488 -0.776462 0.040156,
        -0.344488 -0.865192 0.078740,
        -0.344488 -0.856889 0.079626,
        -0.344488 -0.848960 0.082242,
        -0.344488 -0.841761 0.086472,
        -0.344488 -0.835615 0.092126,
        0.442913 -0.984252 0.000000,
        0.442913 -0.984252 0.078740,
        0.344488 -0.984252 0.000000,
        0.344488 -0.984252 0.078740,
        0.344488 -0.652011 0.295276,
        0.344488 -0.652011 0.216535,
        0.442913 -0.652011 0.216535,
        0.442913 -0.652011 0.295276,
        0.344488 -0.686403 0.196328,
        0.344488 -0.755186 0.234654,
        0.344488 -0.681588 0.203150,
        0.344488 -0.740741 0.255120,
        0.344488 -0.675443 0.208804,
        0.344488 -0.722306 0.272080,
        0.344488 -0.668243 0.213033,
        0.344488 -0.700708 0.284769,
        0.344488 -0.660314 0.215650,
        0.344488 -0.676920 0.292619,
        0.442913 -0.660314 0.215650,
        0.442913 -0.668243 0.213033,
        0.442913 -0.675443 0.208804,
        0.442913 -0.681588 0.203150,
        0.442913 -0.686403 0.196328,
        0.442913 -0.676920 0.292619,
        0.442913 -0.700708 0.284769,
        0.442913 -0.722306 0.272080,
        0.442913 -0.740741 0.255120,
        0.442913 -0.755186 0.234654,
        0.344488 -0.830801 0.098947,
        0.344488 -0.762017 0.060622,
        0.442913 -0.762017 0.060622,
        0.442913 -0.830801 0.098947,
        0.344488 -0.835615 0.092126,
        0.344488 -0.776462 0.040156,
        0.344488 -0.841761 0.086472,
        0.344488 -0.794898 0.023196,
        0.344488 -0.848960 0.082242,
        0.344488 -0.816495 0.010506,
        0.344488 -0.856889 0.079626,
        0.344488 -0.840283 0.002656,
        0.344488 -0.865192 0.078740,
        0.344488 -0.865192 0.000000,
        0.442913 -0.865192 0.000000,
        0.442913 -0.840283 0.002656,
        0.442913 -0.816495 0.010506,
        0.442913 -0.794898 0.023196,
        0.442913 -0.776462 0.040156,
        0.442913 -0.865192 0.078740,
        0.442913 -0.856889 0.079626,
        0.442913 -0.848960 0.082242,
        0.442913 -0.841761 0.086472,
        0.442913 -0.835615 0.092126,
        -0.147638 -0.984252 0.000000,
        -0.147638 -0.984252 0.078740,
        -0.246063 -0.984252 0.000000,
        -0.246063 -0.984252 0.078740,
        -0.246063 -0.652011 0.295276,
        -0.246063 -0.652011 0.216535,
        -0.147638 -0.652011 0.216535,
        -0.147638 -0.652011 0.295276,
        -0.246063 -0.686403 0.196328,
        -0.246063 -0.755186 0.234654,
        -0.246063 -0.681588 0.203150,
        -0.246063 -0.740741 0.255120,
        -0.246063 -0.675443 0.208804,
        -0.246063 -0.722306 0.272080,
        -0.246063 -0.668243 0.213033,
        -0.246063 -0.700708 0.284769,
        -0.246063 -0.660314 0.215650,
        -0.246063 -0.676920 0.292619,
        -0.147638 -0.660314 0.215650,
        -0.147638 -0.668243 0.213033,
        -0.147638 -0.675443 0.208804,
        -0.147638 -0.681588 0.203150,
        -0.147638 -0.686403 0.196328,
        -0.147638 -0.676920 0.292619,
        -0.147638 -0.700708 0.284769,
        -0.147638 -0.722306 0.272080,
        -0.147638 -0.740741 0.255120,
        -0.147638 -0.755186 0.234654,
        -0.246063 -0.830801 0.098947,
        -0.246063 -0.762017 0.060622,
        -0.147638 -0.762017 0.060622,
        -0.147638 -0.830801 0.098947,
        -0.246063 -0.835615 0.092126,
        -0.246063 -0.776462 0.040156,
        -0.246063 -0.841761 0.086472,
        -0.246063 -0.794898 0.023196,
        -0.246063 -0.848960 0.082242,
        -0.246063 -0.816495 0.010506,
        -0.246063 -0.856889 0.079626,
        -0.246063 -0.840283 0.002656,
        -0.246063 -0.865192 0.078740,
        -0.246063 -0.865192 0.000000,
        -0.147638 -0.865192 0.000000,
        -0.147638 -0.840283 0.002656,
        -0.147638 -0.816495 0.010506,
        -0.147638 -0.794898 0.023196,
        -0.147638 -0.776462 0.040156,
        -0.147638 -0.865192 0.078740,
        -0.147638 -0.856889 0.079626,
        -0.147638 -0.848960 0.082242,
        -0.147638 -0.841761 0.086472,
        -0.147638 -0.835615 0.092126,
        0.246063 -0.984252 0.000000,
        0.246063 -0.984252 0.078740,
        0.147638 -0.984252 0.000000,
        0.147638 -0.984252 0.078740,
        0.147638 -0.652011 0.295276,
        0.147638 -0.652011 0.216535,
        0.246063 -0.652011 0.216535,
        0.246063 -0.652011 0.295276,
        0.147638 -0.686403 0.196328,
        0.147638 -0.755186 0.234654,
        0.147638 -0.681588 0.203150,
        0.147638 -0.740741 0.255120,
        0.147638 -0.675443 0.208804,
        0.147638 -0.722306 0.272080,
        0.147638 -0.668243 0.213033,
        0.147638 -0.700708 0.284769,
        0.147638 -0.660314 0.215650,
        0.147638 -0.676920 0.292619,
        0.246063 -0.660314 0.215650,
        0.246063 -0.668243 0.213033,
        0.246063 -0.675443 0.208804,
        0.246063 -0.681588 0.203150,
        0.246063 -0.686403 0.196328,
        0.246063 -0.676920 0.292619,
        0.246063 -0.700708 0.284769,
        0.246063 -0.722306 0.272080,
        0.246063 -0.740741 0.255120,
        0.246063 -0.755186 0.234654,
        0.147638 -0.830801 0.098947,
        0.147638 -0.762017 0.060622,
        0.246063 -0.762017 0.060622,
        0.246063 -0.830801 0.098947,
        0.147638 -0.835615 0.092126,
        0.147638 -0.776462 0.040156,
        0.147638 -0.841761 0.086472,
        0.147638 -0.794898 0.023196,
        0.147638 -0.848960 0.082242,
        0.147638 -0.816495 0.010506,
        0.147638 -0.856889 0.079626,
        0.147638 -0.840283 0.002656,
        0.147638 -0.865192 0.078740,
        0.147638 -0.865192 0.000000,
        0.246063 -0.865192 0.000000,
        0.246063 -0.840283 0.002656,
        0.246063 -0.816495 0.010506,
        0.246063 -0.794898 0.023196,
        0.246063 -0.776462 0.040156,
        0.246063 -0.865192 0.078740,
        0.246063 -0.856889 0.079626,
        0.246063 -0.848960 0.082242,
        0.246063 -0.841761 0.086472,
        0.246063 -0.835615 0.092126,
        -0.049213 -0.984252 0.078740,
        -0.049213 -0.984252 0.000000,
        0.049213 -0.984252 0.078740,
        0.049213 -0.984252 0.000000,
        0.049213 -0.652011 0.216535,
        0.049213 -0.652011 0.295276,
        -0.049213 -0.652011 0.295276,
        -0.049213 -0.652011 0.216535,
        0.049213 -0.660314 0.215650,
        0.049213 -0.676920 0.292619,
        0.049213 -0.668243 0.213033,
        0.049213 -0.700708 0.284769,
        0.049213 -0.675443 0.208804,
        0.049213 -0.722306 0.272080,
        0.049213 -0.681588 0.203150,
        0.049213 -0.740741 0.255120,
        0.049213 -0.686403 0.196328,
        0.049213 -0.755186 0.234654,
        -0.049213 -0.755186 0.234654,
        -0.049213 -0.740741 0.255120,
        -0.049213 -0.722306 0.272080,
        -0.049213 -0.700708 0.284769,
        -0.049213 -0.676920 0.292619,
        -0.049213 -0.686403 0.196328,
        -0.049213 -0.681588 0.203150,
        -0.049213 -0.675443 0.208804,
        -0.049213 -0.668243 0.213033,
        -0.049213 -0.660314 0.215650,
        0.049213 -0.762017 0.060622,
        0.049213 -0.830801 0.098947,
        -0.049213 -0.830801 0.098947,
        -0.049213 -0.762017 0.060622,
        0.049213 -0.865192 0.078740,
        0.049213 -0.865192 0.000000,
        0.049213 -0.856889 0.079626,
        0.049213 -0.840283 0.002656,
        0.049213 -0.848960 0.082242,
        0.049213 -0.816495 0.010506,
        0.049213 -0.841761 0.086472,
        0.049213 -0.794898 0.023196,
        0.049213 -0.835615 0.092126,
        0.049213 -0.776462 0.040156,
        -0.049213 -0.835615 0.092126,
        -0.049213 -0.841761 0.086472,
        -0.049213 -0.848960 0.082242,
        -0.049213 -0.856889 0.079626,
        -0.049213 -0.865192 0.078740,
        -0.049213 -0.776462 0.040156,
        -0.049213 -0.794898 0.023196,
        -0.049213 -0.816495 0.010506,
        -0.049213 -0.840283 0.002656,
        -0.049213 -0.865192 0.000000,
        -0.344488 0.984252 0.078740,
        -0.344488 0.984252 0.000000,
        -0.442913 0.984252 0.078740,
        -0.442913 0.984252 0.000000,
        -0.344488 0.652011 0.295276,
        -0.344488 0.652011 0.216535,
        -0.442913 0.652011 0.216535,
        -0.442913 0.652011 0.295276,
        -0.344488 0.686403 0.196328,
        -0.344488 0.755186 0.234654,
        -0.344488 0.681588 0.203150,
        -0.344488 0.740741 0.255120,
        -0.344488 0.675443 0.208804,
        -0.344488 0.722306 0.272080,
        -0.344488 0.668243 0.213033,
        -0.344488 0.700708 0.284769,
        -0.344488 0.660314 0.215650,
        -0.344488 0.676920 0.292619,
        -0.442913 0.660314 0.215650,
        -0.442913 0.668243 0.213033,
        -0.442913 0.675443 0.208804,
        -0.442913 0.681588 0.203150,
        -0.442913 0.686403 0.196328,
        -0.442913 0.676920 0.292619,
        -0.442913 0.700708 0.284769,
        -0.442913 0.722306 0.272080,
        -0.442913 0.740741 0.255120,
        -0.442913 0.755186 0.234654,
        -0.344488 0.830801 0.098947,
        -0.344488 0.762017 0.060622,
        -0.442913 0.762017 0.060622,
        -0.442913 0.830801 0.098947,
        -0.344488 0.835615 0.092126,
        -0.344488 0.776462 0.040156,
        -0.344488 0.841761 0.086472,
        -0.344488 0.794898 0.023196,
        -0.344488 0.848960 0.082242,
        -0.344488 0.816495 0.010506,
        -0.344488 0.856889 0.079626,
        -0.344488 0.840283 0.002656,
        -0.344488 0.865192 0.078740,
        -0.344488 0.865192 0.000000,
        -0.442913 0.865192 0.000000,
        -0.442913 0.840283 0.002656,
        -0.442913 0.816495 0.010506,
        -0.442913 0.794898 0.023196,
        -0.442913 0.776462 0.040156,
        -0.442913 0.865192 0.078740,
        -0.442913 0.856889 0.079626,
        -0.442913 0.848960 0.082242,
        -0.442913 0.841761 0.086472,
        -0.442913 0.835615 0.092126,
        0.442913 0.984252 0.078740,
        0.442913 0.984252 0.000000,
        0.344488 0.984252 0.078740,
        0.344488 0.984252 0.000000,
        0.442913 0.652011 0.295276,
        0.442913 0.652011 0.216535,
        0.344488 0.652011 0.216535,
        0.344488 0.652011 0.295276,
        0.442913 0.686403 0.196328,
        0.442913 0.755186 0.234654,
        0.442913 0.681588 0.203150,
        0.442913 0.740741 0.255120,
        0.442913 0.675443 0.208804,
        0.442913 0.722306 0.272080,
        0.442913 0.668243 0.213033,
        0.442913 0.700708 0.284769,
        0.442913 0.660314 0.215650,
        0.442913 0.676920 0.292619,
        0.344488 0.660314 0.215650,
        0.344488 0.668243 0.213033,
        0.344488 0.675443 0.208804,
        0.344488 0.681588 0.203150,
        0.344488 0.686403 0.196328,
        0.344488 0.676920 0.292619,
        0.344488 0.700708 0.284769,
        0.344488 0.722306 0.272080,
        0.344488 0.740741 0.255120,
        0.344488 0.755186 0.234654,
        0.442913 0.830801 0.098947,
        0.442913 0.762017 0.060622,
        0.344488 0.762017 0.060622,
        0.344488 0.830801 0.098947,
        0.442913 0.835615 0.092126,
        0.442913 0.776462 0.040156,
        0.442913 0.841761 0.086472,
        0.442913 0.794898 0.023196,
        0.442913 0.848960 0.082242,
        0.442913 0.816495 0.010506,
        0.442913 0.856889 0.079626,
        0.442913 0.840283 0.002656,
        0.442913 0.865192 0.078740,
        0.442913 0.865192 0.000000,
        0.344488 0.865192 0.000000,
        0.344488 0.840283 0.002656,
        0.344488 0.816495 0.010506,
        0.344488 0.794898 0.023196,
        0.344488 0.776462 0.040156,
        0.344488 0.865192 0.078740,
        0.344488 0.856889 0.079626,
        0.344488 0.848960 0.082242,
        0.344488 0.841761 0.086472,
        0.344488 0.835615 0.092126,
        -0.147638 0.984252 0.078740,
        -0.147638 0.984252 0.000000,
        -0.246063 0.984252 0.078740,
        -0.246063 0.984252 0.000000,
        -0.147638 0.652011 0.295276,
        -0.147638 0.652011 0.216535,
        -0.246063 0.652011 0.216535,
        -0.246063 0.652011 0.295276,
        -0.147638 0.686403 0.196328,
        -0.147638 0.755186 0.234654,
        -0.147638 0.681588 0.203150,
        -0.147638 0.740741 0.255120,
        -0.147638 0.675443 0.208804,
        -0.147638 0.722306 0.272080,
        -0.147638 0.668243 0.213033,
        -0.147638 0.700708 0.284769,
        -0.147638 0.660314 0.215650,
        -0.147638 0.676920 0.292619,
        -0.246063 0.660314 0.215650,
        -0.246063 0.668243 0.213033,
        -0.246063 0.675443 0.208804,
        -0.246063 0.681588 0.203150,
        -0.246063 0.686403 0.196328,
        -0.246063 0.676920 0.292619,
        -0.246063 0.700708 0.284769,
        -0.246063 0.722306 0.272080,
        -0.246063 0.740741 0.255120,
        -0.246063 0.755186 0.234654,
        -0.147638 0.830801 0.098947,
        -0.147638 0.762017 0.060622,
        -0.246063 0.762017 0.060622,
        -0.246063 0.830801 0.098947,
        -0.147638 0.835615 0.092126,
        -0.147638 0.776462 0.040156,
        -0.147638 0.841761 0.086472,
        -0.147638 0.794898 0.023196,
        -0.147638 0.848960 0.082242,
        -0.147638 0.816495 0.010506,
        -0.147638 0.856889 0.079626,
        -0.147638 0.840283 0.002656,
        -0.147638 0.865192 0.078740,
        -0.147638 0.865192 0.000000,
        -0.246063 0.865192 0.000000,
        -0.246063 0.840283 0.002656,
        -0.246063 0.816495 0.010506,
        -0.246063 0.794898 0.023196,
        -0.246063 0.776462 0.040156,
        -0.246063 0.865192 0.078740,
        -0.246063 0.856889 0.079626,
        -0.246063 0.848960 0.082242,
        -0.246063 0.841761 0.086472,
        -0.246063 0.835615 0.092126,
        0.246063 0.984252 0.078740,
        0.246063 0.984252 0.000000,
        0.147638 0.984252 0.078740,
        0.147638 0.984252 0.000000,
        0.246063 0.652011 0.295276,
        0.246063 0.652011 0.216535,
        0.147638 0.652011 0.216535,
        0.147638 0.652011 0.295276,
        0.246063 0.686403 0.196328,
        0.246063 0.755186 0.234654,
        0.246063 0.681588 0.203150,
        0.246063 0.740741 0.255120,
        0.246063 0.675443 0.208804,
        0.246063 0.722306 0.272080,
        0.246063 0.668243 0.213033,
        0.246063 0.700708 0.284769,
        0.246063 0.660314 0.215650,
        0.246063 0.676920 0.292619,
        0.147638 0.660314 0.215650,
        0.147638 0.668243 0.213033,
        0.147638 0.675443 0.208804,
        0.147638 0.681588 0.203150,
        0.147638 0.686403 0.196328,
        0.147638 0.676920 0.292619,
        0.147638 0.700708 0.284769,
        0.147638 0.722306 0.272080,
        0.147638 0.740741 0.255120,
        0.147638 0.755186 0.234654,
        0.246063 0.830801 0.098947,
        0.246063 0.762017 0.060622,
        0.147638 0.762017 0.060622,
        0.147638 0.830801 0.098947,
        0.246063 0.835615 0.092126,
        0.246063 0.776462 0.040156,
        0.246063 0.841761 0.086472,
        0.246063 0.794898 0.023196,
        0.246063 0.848960 0.082242,
        0.246063 0.816495 0.010506,
        0.246063 0.856889 0.079626,
        0.246063 0.840283 0.002656,
        0.246063 0.865192 0.078740,
        0.246063 0.865192 0.000000,
        0.147638 0.865192 0.000000,
        0.147638 0.840283 0.002656,
        0.147638 0.816495 0.010506,
        0.147638 0.794898 0.023196,
        0.147638 0.776462 0.040156,
        0.147638 0.865192 0.078740,
        0.147638 0.856889 0.079626,
        0.147638 0.848960 0.082242,
        0.147638 0.841761 0.086472,
        0.147638 0.835615 0.092126,
        -0.049213 0.984252 0.000000,
        -0.049213 0.984252 0.078740,
        0.049213 0.984252 0.000000,
        0.049213 0.984252 0.078740,
        -0.049213 0.652011 0.216535,
        -0.049213 0.652011 0.295276,
        0.049213 0.652011 0.295276,
        0.049213 0.652011 0.216535,
        -0.049213 0.660314 0.215650,
        -0.049213 0.676920 0.292619,
        -0.049213 0.668243 0.213033,
        -0.049213 0.700708 0.284769,
        -0.049213 0.675443 0.208804,
        -0.049213 0.722306 0.272080,
        -0.049213 0.681588 0.203150,
        -0.049213 0.740741 0.255120,
        -0.049213 0.686403 0.196328,
        -0.049213 0.755186 0.234654,
        0.049213 0.755186 0.234654,
        0.049213 0.740741 0.255120,
        0.049213 0.722306 0.272080,
        0.049213 0.700708 0.284769,
        0.049213 0.676920 0.292619,
        0.049213 0.686403 0.196328,
        0.049213 0.681588 0.203150,
        0.049213 0.675443 0.208804,
        0.049213 0.668243 0.213033,
        0.049213 0.660314 0.215650,
        -0.049213 0.762017 0.060622,
        -0.049213 0.830801 0.098947,
        0.049213 0.830801 0.098947,
        0.049213 0.762017 0.060622,
        -0.049213 0.865192 0.078740,
        -0.049213 0.865192 0.000000,
        -0.049213 0.856889 0.079626,
        -0.049213 0.840283 0.002656,
        -0.049213 0.848960 0.082242,
        -0.049213 0.816495 0.010506,
        -0.049213 0.841761 0.086472,
        -0.049213 0.794898 0.023196,
        -0.049213 0.835615 0.092126,
        -0.049213 0.776462 0.040156,
        0.049213 0.835615 0.092126,
        0.049213 0.841761 0.086472,
        0.049213 0.848960 0.082242,
        0.049213 0.856889 0.079626,
        0.049213 0.865192 0.078740,
        0.049213 0.776462 0.040156,
        0.049213 0.794898 0.023196,
        0.049213 0.816495 0.010506,
        0.049213 0.840283 0.002656,
        0.049213 0.865192 0.000000,
      ]
    }
    coordIndex [
      64, 42, 65, -1,
      65, 42, 46, -1,
      65, 46, 66, -1,
      66, 46, 41, -1,
      66, 41, 67, -1,
      67, 41, 40, -1,
      67, 40, 68, -1,
      68, 40, 63, -1,
      68, 63, 69, -1,
      69, 63, 62, -1,
      69, 62, 70, -1,
      70, 62, 61, -1,
      70, 61, 71, -1,
      71, 61, 60, -1,
      71, 60, 72, -1,
      72, 60, 59, -1,
      72, 59, 73, -1,
      73, 59, 58, -1,
      73, 58, 74, -1,
      74, 58, 57, -1,
      74, 57, 75, -1,
      75, 57, 56, -1,
      75, 56, 76, -1,
      76, 56, 55, -1,
      76, 55, 77, -1,
      77, 55, 54, -1,
      77, 54, 78, -1,
      78, 54, 53, -1,
      78, 53, 79, -1,
      79, 53, 52, -1,
      79, 52, 80, -1,
      80, 52, 51, -1,
      80, 51, 81, -1,
      81, 51, 50, -1,
      81, 50, 82, -1,
      82, 50, 49, -1,
      82, 49, 83, -1,
      83, 49, 48, -1,
      83, 48, 84, -1,
      84, 48, 47, -1,
      84, 47, 85, -1,
      85, 47, 45, -1,
      85, 45, 86, -1,
      86, 45, 44, -1,
      86, 44, 87, -1,
      87, 44, 43, -1,
      87, 43, 64, -1,
      64, 43, 42, -1,
      86, 87, 88, -1,
      88, 87, 64, -1,
      88, 64, 65, -1,
      83, 84, 88, -1,
      88, 84, 85, -1,
      88, 85, 86, -1,
      80, 81, 88, -1,
      88, 81, 82, -1,
      88, 82, 83, -1,
      77, 78, 88, -1,
      88, 78, 79, -1,
      88, 79, 80, -1,
      74, 75, 88, -1,
      88, 75, 76, -1,
      88, 76, 77, -1,
      71, 72, 88, -1,
      88, 72, 73, -1,
      88, 73, 74, -1,
      68, 69, 88, -1,
      88, 69, 70, -1,
      88, 70, 71, -1,
      65, 66, 88, -1,
      88, 66, 67, -1,
      88, 67, 68, -1,
      89, 90, 91, -1,
      91, 90, 92, -1,
      93, 34, 94, -1,
      94, 34, 35, -1,
      94, 35, 95, -1,
      95, 35, 29, -1,
      95, 29, 96, -1,
      96, 29, 27, -1,
      27, 34, 96, -1,
      96, 34, 93, -1,
      97, 98, 99, -1,
      99, 98, 100, -1,
      99, 100, 101, -1,
      101, 100, 102, -1,
      101, 102, 103, -1,
      103, 102, 104, -1,
      103, 104, 105, -1,
      105, 104, 106, -1,
      105, 106, 94, -1,
      94, 106, 93, -1,
      94, 95, 105, -1,
      105, 95, 107, -1,
      105, 107, 103, -1,
      103, 107, 108, -1,
      103, 108, 101, -1,
      101, 108, 109, -1,
      101, 109, 99, -1,
      99, 109, 110, -1,
      99, 110, 97, -1,
      97, 110, 111, -1,
      95, 96, 107, -1,
      107, 96, 112, -1,
      107, 112, 108, -1,
      108, 112, 113, -1,
      108, 113, 109, -1,
      109, 113, 114, -1,
      109, 114, 110, -1,
      110, 114, 115, -1,
      110, 115, 111, -1,
      111, 115, 116, -1,
      98, 116, 115, -1,
      98, 115, 100, -1,
      100, 115, 114, -1,
      100, 114, 102, -1,
      102, 114, 113, -1,
      102, 113, 104, -1,
      104, 113, 112, -1,
      104, 112, 106, -1,
      106, 112, 96, -1,
      106, 96, 93, -1,
      117, 98, 118, -1,
      118, 98, 97, -1,
      118, 97, 119, -1,
      119, 97, 111, -1,
      119, 111, 120, -1,
      120, 111, 116, -1,
      116, 98, 120, -1,
      120, 98, 117, -1,
      117, 118, 121, -1,
      121, 118, 122, -1,
      121, 122, 123, -1,
      123, 122, 124, -1,
      123, 124, 125, -1,
      125, 124, 126, -1,
      125, 126, 127, -1,
      127, 126, 128, -1,
      127, 128, 129, -1,
      129, 128, 130, -1,
      131, 130, 128, -1,
      131, 128, 132, -1,
      132, 128, 126, -1,
      132, 126, 133, -1,
      133, 126, 124, -1,
      133, 124, 134, -1,
      134, 124, 122, -1,
      134, 122, 135, -1,
      135, 122, 118, -1,
      135, 118, 119, -1,
      136, 131, 137, -1,
      137, 131, 132, -1,
      137, 132, 138, -1,
      138, 132, 133, -1,
      138, 133, 139, -1,
      139, 133, 134, -1,
      139, 134, 140, -1,
      140, 134, 135, -1,
      140, 135, 120, -1,
      120, 135, 119, -1,
      120, 117, 140, -1,
      140, 117, 121, -1,
      140, 121, 139, -1,
      139, 121, 123, -1,
      139, 123, 138, -1,
      138, 123, 125, -1,
      138, 125, 137, -1,
      137, 125, 127, -1,
      137, 127, 136, -1,
      136, 127, 129, -1,
      92, 129, 91, -1,
      91, 129, 130, -1,
      91, 130, 89, -1,
      89, 130, 131, -1,
      89, 131, 90, -1,
      90, 131, 136, -1,
      136, 129, 90, -1,
      90, 129, 92, -1,
      141, 142, 143, -1,
      143, 142, 144, -1,
      145, 33, 146, -1,
      146, 33, 31, -1,
      146, 31, 147, -1,
      147, 31, 38, -1,
      147, 38, 148, -1,
      148, 38, 39, -1,
      39, 33, 148, -1,
      148, 33, 145, -1,
      149, 150, 151, -1,
      151, 150, 152, -1,
      151, 152, 153, -1,
      153, 152, 154, -1,
      153, 154, 155, -1,
      155, 154, 156, -1,
      155, 156, 157, -1,
      157, 156, 158, -1,
      157, 158, 146, -1,
      146, 158, 145, -1,
      146, 147, 157, -1,
      157, 147, 159, -1,
      157, 159, 155, -1,
      155, 159, 160, -1,
      155, 160, 153, -1,
      153, 160, 161, -1,
      153, 161, 151, -1,
      151, 161, 162, -1,
      151, 162, 149, -1,
      149, 162, 163, -1,
      147, 148, 159, -1,
      159, 148, 164, -1,
      159, 164, 160, -1,
      160, 164, 165, -1,
      160, 165, 161, -1,
      161, 165, 166, -1,
      161, 166, 162, -1,
      162, 166, 167, -1,
      162, 167, 163, -1,
      163, 167, 168, -1,
      150, 168, 167, -1,
      150, 167, 152, -1,
      152, 167, 166, -1,
      152, 166, 154, -1,
      154, 166, 165, -1,
      154, 165, 156, -1,
      156, 165, 164, -1,
      156, 164, 158, -1,
      158, 164, 148, -1,
      158, 148, 145, -1,
      169, 150, 170, -1,
      170, 150, 149, -1,
      170, 149, 171, -1,
      171, 149, 163, -1,
      171, 163, 172, -1,
      172, 163, 168, -1,
      168, 150, 172, -1,
      172, 150, 169, -1,
      169, 170, 173, -1,
      173, 170, 174, -1,
      173, 174, 175, -1,
      175, 174, 176, -1,
      175, 176, 177, -1,
      177, 176, 178, -1,
      177, 178, 179, -1,
      179, 178, 180, -1,
      179, 180, 181, -1,
      181, 180, 182, -1,
      183, 182, 180, -1,
      183, 180, 184, -1,
      184, 180, 178, -1,
      184, 178, 185, -1,
      185, 178, 176, -1,
      185, 176, 186, -1,
      186, 176, 174, -1,
      186, 174, 187, -1,
      187, 174, 170, -1,
      187, 170, 171, -1,
      188, 183, 189, -1,
      189, 183, 184, -1,
      189, 184, 190, -1,
      190, 184, 185, -1,
      190, 185, 191, -1,
      191, 185, 186, -1,
      191, 186, 192, -1,
      192, 186, 187, -1,
      192, 187, 172, -1,
      172, 187, 171, -1,
      172, 169, 192, -1,
      192, 169, 173, -1,
      192, 173, 191, -1,
      191, 173, 175, -1,
      191, 175, 190, -1,
      190, 175, 177, -1,
      190, 177, 189, -1,
      189, 177, 179, -1,
      189, 179, 188, -1,
      188, 179, 181, -1,
      144, 181, 143, -1,
      143, 181, 182, -1,
      143, 182, 141, -1,
      141, 182, 183, -1,
      141, 183, 142, -1,
      142, 183, 188, -1,
      188, 181, 142, -1,
      142, 181, 144, -1,
      193, 194, 195, -1,
      195, 194, 196, -1,
      197, 26, 198, -1,
      198, 26, 28, -1,
      198, 28, 199, -1,
      199, 28, 25, -1,
      199, 25, 200, -1,
      200, 25, 23, -1,
      23, 26, 200, -1,
      200, 26, 197, -1,
      201, 202, 203, -1,
      203, 202, 204, -1,
      203, 204, 205, -1,
      205, 204, 206, -1,
      205, 206, 207, -1,
      207, 206, 208, -1,
      207, 208, 209, -1,
      209, 208, 210, -1,
      209, 210, 198, -1,
      198, 210, 197, -1,
      198, 199, 209, -1,
      209, 199, 211, -1,
      209, 211, 207, -1,
      207, 211, 212, -1,
      207, 212, 205, -1,
      205, 212, 213, -1,
      205, 213, 203, -1,
      203, 213, 214, -1,
      203, 214, 201, -1,
      201, 214, 215, -1,
      199, 200, 211, -1,
      211, 200, 216, -1,
      211, 216, 212, -1,
      212, 216, 217, -1,
      212, 217, 213, -1,
      213, 217, 218, -1,
      213, 218, 214, -1,
      214, 218, 219, -1,
      214, 219, 215, -1,
      215, 219, 220, -1,
      202, 220, 219, -1,
      202, 219, 204, -1,
      204, 219, 218, -1,
      204, 218, 206, -1,
      206, 218, 217, -1,
      206, 217, 208, -1,
      208, 217, 216, -1,
      208, 216, 210, -1,
      210, 216, 200, -1,
      210, 200, 197, -1,
      221, 202, 222, -1,
      222, 202, 201, -1,
      222, 201, 223, -1,
      223, 201, 215, -1,
      223, 215, 224, -1,
      224, 215, 220, -1,
      220, 202, 224, -1,
      224, 202, 221, -1,
      221, 222, 225, -1,
      225, 222, 226, -1,
      225, 226, 227, -1,
      227, 226, 228, -1,
      227, 228, 229, -1,
      229, 228, 230, -1,
      229, 230, 231, -1,
      231, 230, 232, -1,
      231, 232, 233, -1,
      233, 232, 234, -1,
      235, 234, 232, -1,
      235, 232, 236, -1,
      236, 232, 230, -1,
      236, 230, 237, -1,
      237, 230, 228, -1,
      237, 228, 238, -1,
      238, 228, 226, -1,
      238, 226, 239, -1,
      239, 226, 222, -1,
      239, 222, 223, -1,
      240, 235, 241, -1,
      241, 235, 236, -1,
      241, 236, 242, -1,
      242, 236, 237, -1,
      242, 237, 243, -1,
      243, 237, 238, -1,
      243, 238, 244, -1,
      244, 238, 239, -1,
      244, 239, 224, -1,
      224, 239, 223, -1,
      224, 221, 244, -1,
      244, 221, 225, -1,
      244, 225, 243, -1,
      243, 225, 227, -1,
      243, 227, 242, -1,
      242, 227, 229, -1,
      242, 229, 241, -1,
      241, 229, 231, -1,
      241, 231, 240, -1,
      240, 231, 233, -1,
      196, 233, 195, -1,
      195, 233, 234, -1,
      195, 234, 193, -1,
      193, 234, 235, -1,
      193, 235, 194, -1,
      194, 235, 240, -1,
      240, 233, 194, -1,
      194, 233, 196, -1,
      245, 246, 247, -1,
      247, 246, 248, -1,
      249, 21, 250, -1,
      250, 21, 19, -1,
      250, 19, 251, -1,
      251, 19, 30, -1,
      251, 30, 252, -1,
      252, 30, 32, -1,
      32, 21, 252, -1,
      252, 21, 249, -1,
      253, 254, 255, -1,
      255, 254, 256, -1,
      255, 256, 257, -1,
      257, 256, 258, -1,
      257, 258, 259, -1,
      259, 258, 260, -1,
      259, 260, 261, -1,
      261, 260, 262, -1,
      261, 262, 250, -1,
      250, 262, 249, -1,
      250, 251, 261, -1,
      261, 251, 263, -1,
      261, 263, 259, -1,
      259, 263, 264, -1,
      259, 264, 257, -1,
      257, 264, 265, -1,
      257, 265, 255, -1,
      255, 265, 266, -1,
      255, 266, 253, -1,
      253, 266, 267, -1,
      251, 252, 263, -1,
      263, 252, 268, -1,
      263, 268, 264, -1,
      264, 268, 269, -1,
      264, 269, 265, -1,
      265, 269, 270, -1,
      265, 270, 266, -1,
      266, 270, 271, -1,
      266, 271, 267, -1,
      267, 271, 272, -1,
      254, 272, 271, -1,
      254, 271, 256, -1,
      256, 271, 270, -1,
      256, 270, 258, -1,
      258, 270, 269, -1,
      258, 269, 260, -1,
      260, 269, 268, -1,
      260, 268, 262, -1,
      262, 268, 252, -1,
      262, 252, 249, -1,
      273, 254, 274, -1,
      274, 254, 253, -1,
      274, 253, 275, -1,
      275, 253, 267, -1,
      275, 267, 276, -1,
      276, 267, 272, -1,
      272, 254, 276, -1,
      276, 254, 273, -1,
      273, 274, 277, -1,
      277, 274, 278, -1,
      277, 278, 279, -1,
      279, 278, 280, -1,
      279, 280, 281, -1,
      281, 280, 282, -1,
      281, 282, 283, -1,
      283, 282, 284, -1,
      283, 284, 285, -1,
      285, 284, 286, -1,
      287, 286, 284, -1,
      287, 284, 288, -1,
      288, 284, 282, -1,
      288, 282, 289, -1,
      289, 282, 280, -1,
      289, 280, 290, -1,
      290, 280, 278, -1,
      290, 278, 291, -1,
      291, 278, 274, -1,
      291, 274, 275, -1,
      292, 287, 293, -1,
      293, 287, 288, -1,
      293, 288, 294, -1,
      294, 288, 289, -1,
      294, 289, 295, -1,
      295, 289, 290, -1,
      295, 290, 296, -1,
      296, 290, 291, -1,
      296, 291, 276, -1,
      276, 291, 275, -1,
      276, 273, 296, -1,
      296, 273, 277, -1,
      296, 277, 295, -1,
      295, 277, 279, -1,
      295, 279, 294, -1,
      294, 279, 281, -1,
      294, 281, 293, -1,
      293, 281, 283, -1,
      293, 283, 292, -1,
      292, 283, 285, -1,
      248, 285, 247, -1,
      247, 285, 286, -1,
      247, 286, 245, -1,
      245, 286, 287, -1,
      245, 287, 246, -1,
      246, 287, 292, -1,
      292, 285, 246, -1,
      246, 285, 248, -1,
      297, 298, 299, -1,
      299, 298, 300, -1,
      301, 18, 302, -1,
      302, 18, 20, -1,
      302, 20, 303, -1,
      303, 20, 22, -1,
      303, 22, 304, -1,
      304, 22, 24, -1,
      24, 18, 304, -1,
      304, 18, 301, -1,
      301, 302, 305, -1,
      305, 302, 306, -1,
      305, 306, 307, -1,
      307, 306, 308, -1,
      307, 308, 309, -1,
      309, 308, 310, -1,
      309, 310, 311, -1,
      311, 310, 312, -1,
      311, 312, 313, -1,
      313, 312, 314, -1,
      315, 314, 312, -1,
      315, 312, 316, -1,
      316, 312, 310, -1,
      316, 310, 317, -1,
      317, 310, 308, -1,
      317, 308, 318, -1,
      318, 308, 306, -1,
      318, 306, 319, -1,
      319, 306, 302, -1,
      319, 302, 303, -1,
      320, 315, 321, -1,
      321, 315, 316, -1,
      321, 316, 322, -1,
      322, 316, 317, -1,
      322, 317, 323, -1,
      323, 317, 318, -1,
      323, 318, 324, -1,
      324, 318, 319, -1,
      324, 319, 304, -1,
      304, 319, 303, -1,
      304, 301, 324, -1,
      324, 301, 305, -1,
      324, 305, 323, -1,
      323, 305, 307, -1,
      323, 307, 322, -1,
      322, 307, 309, -1,
      322, 309, 321, -1,
      321, 309, 311, -1,
      321, 311, 320, -1,
      320, 311, 313, -1,
      325, 313, 326, -1,
      326, 313, 314, -1,
      326, 314, 327, -1,
      327, 314, 315, -1,
      327, 315, 328, -1,
      328, 315, 320, -1,
      320, 313, 328, -1,
      328, 313, 325, -1,
      329, 330, 331, -1,
      331, 330, 332, -1,
      331, 332, 333, -1,
      333, 332, 334, -1,
      333, 334, 335, -1,
      335, 334, 336, -1,
      335, 336, 337, -1,
      337, 336, 338, -1,
      337, 338, 326, -1,
      326, 338, 325, -1,
      326, 327, 337, -1,
      337, 327, 339, -1,
      337, 339, 335, -1,
      335, 339, 340, -1,
      335, 340, 333, -1,
      333, 340, 341, -1,
      333, 341, 331, -1,
      331, 341, 342, -1,
      331, 342, 329, -1,
      329, 342, 343, -1,
      327, 328, 339, -1,
      339, 328, 344, -1,
      339, 344, 340, -1,
      340, 344, 345, -1,
      340, 345, 341, -1,
      341, 345, 346, -1,
      341, 346, 342, -1,
      342, 346, 347, -1,
      342, 347, 343, -1,
      343, 347, 348, -1,
      330, 348, 347, -1,
      330, 347, 332, -1,
      332, 347, 346, -1,
      332, 346, 334, -1,
      334, 346, 345, -1,
      334, 345, 336, -1,
      336, 345, 344, -1,
      336, 344, 338, -1,
      338, 344, 328, -1,
      338, 328, 325, -1,
      300, 330, 299, -1,
      299, 330, 329, -1,
      299, 329, 297, -1,
      297, 329, 343, -1,
      297, 343, 298, -1,
      298, 343, 348, -1,
      348, 330, 298, -1,
      298, 330, 300, -1,
      349, 350, 351, -1,
      351, 350, 352, -1,
      353, 17, 354, -1,
      354, 17, 15, -1,
      354, 15, 355, -1,
      355, 15, 36, -1,
      355, 36, 356, -1,
      356, 36, 37, -1,
      37, 17, 356, -1,
      356, 17, 353, -1,
      357, 358, 359, -1,
      359, 358, 360, -1,
      359, 360, 361, -1,
      361, 360, 362, -1,
      361, 362, 363, -1,
      363, 362, 364, -1,
      363, 364, 365, -1,
      365, 364, 366, -1,
      365, 366, 354, -1,
      354, 366, 353, -1,
      354, 355, 365, -1,
      365, 355, 367, -1,
      365, 367, 363, -1,
      363, 367, 368, -1,
      363, 368, 361, -1,
      361, 368, 369, -1,
      361, 369, 359, -1,
      359, 369, 370, -1,
      359, 370, 357, -1,
      357, 370, 371, -1,
      355, 356, 367, -1,
      367, 356, 372, -1,
      367, 372, 368, -1,
      368, 372, 373, -1,
      368, 373, 369, -1,
      369, 373, 374, -1,
      369, 374, 370, -1,
      370, 374, 375, -1,
      370, 375, 371, -1,
      371, 375, 376, -1,
      358, 376, 375, -1,
      358, 375, 360, -1,
      360, 375, 374, -1,
      360, 374, 362, -1,
      362, 374, 373, -1,
      362, 373, 364, -1,
      364, 373, 372, -1,
      364, 372, 366, -1,
      366, 372, 356, -1,
      366, 356, 353, -1,
      377, 358, 378, -1,
      378, 358, 357, -1,
      378, 357, 379, -1,
      379, 357, 371, -1,
      379, 371, 380, -1,
      380, 371, 376, -1,
      376, 358, 380, -1,
      380, 358, 377, -1,
      377, 378, 381, -1,
      381, 378, 382, -1,
      381, 382, 383, -1,
      383, 382, 384, -1,
      383, 384, 385, -1,
      385, 384, 386, -1,
      385, 386, 387, -1,
      387, 386, 388, -1,
      387, 388, 389, -1,
      389, 388, 390, -1,
      391, 390, 388, -1,
      391, 388, 392, -1,
      392, 388, 386, -1,
      392, 386, 393, -1,
      393, 386, 384, -1,
      393, 384, 394, -1,
      394, 384, 382, -1,
      394, 382, 395, -1,
      395, 382, 378, -1,
      395, 378, 379, -1,
      396, 391, 397, -1,
      397, 391, 392, -1,
      397, 392, 398, -1,
      398, 392, 393, -1,
      398, 393, 399, -1,
      399, 393, 394, -1,
      399, 394, 400, -1,
      400, 394, 395, -1,
      400, 395, 380, -1,
      380, 395, 379, -1,
      380, 377, 400, -1,
      400, 377, 381, -1,
      400, 381, 399, -1,
      399, 381, 383, -1,
      399, 383, 398, -1,
      398, 383, 385, -1,
      398, 385, 397, -1,
      397, 385, 387, -1,
      397, 387, 396, -1,
      396, 387, 389, -1,
      349, 389, 350, -1,
      350, 389, 390, -1,
      350, 390, 352, -1,
      352, 390, 391, -1,
      352, 391, 351, -1,
      351, 391, 396, -1,
      396, 389, 351, -1,
      351, 389, 349, -1,
      401, 402, 403, -1,
      403, 402, 404, -1,
      405, 12, 406, -1,
      406, 12, 13, -1,
      406, 13, 407, -1,
      407, 13, 7, -1,
      407, 7, 408, -1,
      408, 7, 5, -1,
      5, 12, 408, -1,
      408, 12, 405, -1,
      409, 410, 411, -1,
      411, 410, 412, -1,
      411, 412, 413, -1,
      413, 412, 414, -1,
      413, 414, 415, -1,
      415, 414, 416, -1,
      415, 416, 417, -1,
      417, 416, 418, -1,
      417, 418, 406, -1,
      406, 418, 405, -1,
      406, 407, 417, -1,
      417, 407, 419, -1,
      417, 419, 415, -1,
      415, 419, 420, -1,
      415, 420, 413, -1,
      413, 420, 421, -1,
      413, 421, 411, -1,
      411, 421, 422, -1,
      411, 422, 409, -1,
      409, 422, 423, -1,
      407, 408, 419, -1,
      419, 408, 424, -1,
      419, 424, 420, -1,
      420, 424, 425, -1,
      420, 425, 421, -1,
      421, 425, 426, -1,
      421, 426, 422, -1,
      422, 426, 427, -1,
      422, 427, 423, -1,
      423, 427, 428, -1,
      410, 428, 427, -1,
      410, 427, 412, -1,
      412, 427, 426, -1,
      412, 426, 414, -1,
      414, 426, 425, -1,
      414, 425, 416, -1,
      416, 425, 424, -1,
      416, 424, 418, -1,
      418, 424, 408, -1,
      418, 408, 405, -1,
      429, 410, 430, -1,
      430, 410, 409, -1,
      430, 409, 431, -1,
      431, 409, 423, -1,
      431, 423, 432, -1,
      432, 423, 428, -1,
      428, 410, 432, -1,
      432, 410, 429, -1,
      429, 430, 433, -1,
      433, 430, 434, -1,
      433, 434, 435, -1,
      435, 434, 436, -1,
      435, 436, 437, -1,
      437, 436, 438, -1,
      437, 438, 439, -1,
      439, 438, 440, -1,
      439, 440, 441, -1,
      441, 440, 442, -1,
      443, 442, 440, -1,
      443, 440, 444, -1,
      444, 440, 438, -1,
      444, 438, 445, -1,
      445, 438, 436, -1,
      445, 436, 446, -1,
      446, 436, 434, -1,
      446, 434, 447, -1,
      447, 434, 430, -1,
      447, 430, 431, -1,
      448, 443, 449, -1,
      449, 443, 444, -1,
      449, 444, 450, -1,
      450, 444, 445, -1,
      450, 445, 451, -1,
      451, 445, 446, -1,
      451, 446, 452, -1,
      452, 446, 447, -1,
      452, 447, 432, -1,
      432, 447, 431, -1,
      432, 429, 452, -1,
      452, 429, 433, -1,
      452, 433, 451, -1,
      451, 433, 435, -1,
      451, 435, 450, -1,
      450, 435, 437, -1,
      450, 437, 449, -1,
      449, 437, 439, -1,
      449, 439, 448, -1,
      448, 439, 441, -1,
      401, 441, 402, -1,
      402, 441, 442, -1,
      402, 442, 404, -1,
      404, 442, 443, -1,
      404, 443, 403, -1,
      403, 443, 448, -1,
      448, 441, 403, -1,
      403, 441, 401, -1,
      453, 454, 455, -1,
      455, 454, 456, -1,
      457, 3, 458, -1,
      458, 3, 1, -1,
      458, 1, 459, -1,
      459, 1, 14, -1,
      459, 14, 460, -1,
      460, 14, 16, -1,
      16, 3, 460, -1,
      460, 3, 457, -1,
      461, 462, 463, -1,
      463, 462, 464, -1,
      463, 464, 465, -1,
      465, 464, 466, -1,
      465, 466, 467, -1,
      467, 466, 468, -1,
      467, 468, 469, -1,
      469, 468, 470, -1,
      469, 470, 458, -1,
      458, 470, 457, -1,
      458, 459, 469, -1,
      469, 459, 471, -1,
      469, 471, 467, -1,
      467, 471, 472, -1,
      467, 472, 465, -1,
      465, 472, 473, -1,
      465, 473, 463, -1,
      463, 473, 474, -1,
      463, 474, 461, -1,
      461, 474, 475, -1,
      459, 460, 471, -1,
      471, 460, 476, -1,
      471, 476, 472, -1,
      472, 476, 477, -1,
      472, 477, 473, -1,
      473, 477, 478, -1,
      473, 478, 474, -1,
      474, 478, 479, -1,
      474, 479, 475, -1,
      475, 479, 480, -1,
      462, 480, 479, -1,
      462, 479, 464, -1,
      464, 479, 478, -1,
      464, 478, 466, -1,
      466, 478, 477, -1,
      466, 477, 468, -1,
      468, 477, 476, -1,
      468, 476, 470, -1,
      470, 476, 460, -1,
      470, 460, 457, -1,
      481, 462, 482, -1,
      482, 462, 461, -1,
      482, 461, 483, -1,
      483, 461, 475, -1,
      483, 475, 484, -1,
      484, 475, 480, -1,
      480, 462, 484, -1,
      484, 462, 481, -1,
      481, 482, 485, -1,
      485, 482, 486, -1,
      485, 486, 487, -1,
      487, 486, 488, -1,
      487, 488, 489, -1,
      489, 488, 490, -1,
      489, 490, 491, -1,
      491, 490, 492, -1,
      491, 492, 493, -1,
      493, 492, 494, -1,
      495, 494, 492, -1,
      495, 492, 496, -1,
      496, 492, 490, -1,
      496, 490, 497, -1,
      497, 490, 488, -1,
      497, 488, 498, -1,
      498, 488, 486, -1,
      498, 486, 499, -1,
      499, 486, 482, -1,
      499, 482, 483, -1,
      500, 495, 501, -1,
      501, 495, 496, -1,
      501, 496, 502, -1,
      502, 496, 497, -1,
      502, 497, 503, -1,
      503, 497, 498, -1,
      503, 498, 504, -1,
      504, 498, 499, -1,
      504, 499, 484, -1,
      484, 499, 483, -1,
      484, 481, 504, -1,
      504, 481, 485, -1,
      504, 485, 503, -1,
      503, 485, 487, -1,
      503, 487, 502, -1,
      502, 487, 489, -1,
      502, 489, 501, -1,
      501, 489, 491, -1,
      501, 491, 500, -1,
      500, 491, 493, -1,
      453, 493, 454, -1,
      454, 493, 494, -1,
      454, 494, 456, -1,
      456, 494, 495, -1,
      456, 495, 455, -1,
      455, 495, 500, -1,
      500, 493, 455, -1,
      455, 493, 453, -1,
      505, 506, 507, -1,
      507, 506, 508, -1,
      509, 4, 510, -1,
      510, 4, 6, -1,
      510, 6, 511, -1,
      511, 6, 11, -1,
      511, 11, 512, -1,
      512, 11, 9, -1,
      9, 4, 512, -1,
      512, 4, 509, -1,
      513, 514, 515, -1,
      515, 514, 516, -1,
      515, 516, 517, -1,
      517, 516, 518, -1,
      517, 518, 519, -1,
      519, 518, 520, -1,
      519, 520, 521, -1,
      521, 520, 522, -1,
      521, 522, 510, -1,
      510, 522, 509, -1,
      510, 511, 521, -1,
      521, 511, 523, -1,
      521, 523, 519, -1,
      519, 523, 524, -1,
      519, 524, 517, -1,
      517, 524, 525, -1,
      517, 525, 515, -1,
      515, 525, 526, -1,
      515, 526, 513, -1,
      513, 526, 527, -1,
      511, 512, 523, -1,
      523, 512, 528, -1,
      523, 528, 524, -1,
      524, 528, 529, -1,
      524, 529, 525, -1,
      525, 529, 530, -1,
      525, 530, 526, -1,
      526, 530, 531, -1,
      526, 531, 527, -1,
      527, 531, 532, -1,
      514, 532, 531, -1,
      514, 531, 516, -1,
      516, 531, 530, -1,
      516, 530, 518, -1,
      518, 530, 529, -1,
      518, 529, 520, -1,
      520, 529, 528, -1,
      520, 528, 522, -1,
      522, 528, 512, -1,
      522, 512, 509, -1,
      533, 514, 534, -1,
      534, 514, 513, -1,
      534, 513, 535, -1,
      535, 513, 527, -1,
      535, 527, 536, -1,
      536, 527, 532, -1,
      532, 514, 536, -1,
      536, 514, 533, -1,
      533, 534, 537, -1,
      537, 534, 538, -1,
      537, 538, 539, -1,
      539, 538, 540, -1,
      539, 540, 541, -1,
      541, 540, 542, -1,
      541, 542, 543, -1,
      543, 542, 544, -1,
      543, 544, 545, -1,
      545, 544, 546, -1,
      547, 546, 544, -1,
      547, 544, 548, -1,
      548, 544, 542, -1,
      548, 542, 549, -1,
      549, 542, 540, -1,
      549, 540, 550, -1,
      550, 540, 538, -1,
      550, 538, 551, -1,
      551, 538, 534, -1,
      551, 534, 535, -1,
      552, 547, 553, -1,
      553, 547, 548, -1,
      553, 548, 554, -1,
      554, 548, 549, -1,
      554, 549, 555, -1,
      555, 549, 550, -1,
      555, 550, 556, -1,
      556, 550, 551, -1,
      556, 551, 536, -1,
      536, 551, 535, -1,
      536, 533, 556, -1,
      556, 533, 537, -1,
      556, 537, 555, -1,
      555, 537, 539, -1,
      555, 539, 554, -1,
      554, 539, 541, -1,
      554, 541, 553, -1,
      553, 541, 543, -1,
      553, 543, 552, -1,
      552, 543, 545, -1,
      505, 545, 506, -1,
      506, 545, 546, -1,
      506, 546, 508, -1,
      508, 546, 547, -1,
      508, 547, 507, -1,
      507, 547, 552, -1,
      552, 545, 507, -1,
      507, 545, 505, -1,
      557, 558, 559, -1,
      559, 558, 560, -1,
      561, 0, 562, -1,
      562, 0, 2, -1,
      562, 2, 563, -1,
      563, 2, 8, -1,
      563, 8, 564, -1,
      564, 8, 10, -1,
      10, 0, 564, -1,
      564, 0, 561, -1,
      561, 562, 565, -1,
      565, 562, 566, -1,
      565, 566, 567, -1,
      567, 566, 568, -1,
      567, 568, 569, -1,
      569, 568, 570, -1,
      569, 570, 571, -1,
      571, 570, 572, -1,
      571, 572, 573, -1,
      573, 572, 574, -1,
      575, 574, 572, -1,
      575, 572, 576, -1,
      576, 572, 570, -1,
      576, 570, 577, -1,
      577, 570, 568, -1,
      577, 568, 578, -1,
      578, 568, 566, -1,
      578, 566, 579, -1,
      579, 566, 562, -1,
      579, 562, 563, -1,
      580, 575, 581, -1,
      581, 575, 576, -1,
      581, 576, 582, -1,
      582, 576, 577, -1,
      582, 577, 583, -1,
      583, 577, 578, -1,
      583, 578, 584, -1,
      584, 578, 579, -1,
      584, 579, 564, -1,
      564, 579, 563, -1,
      564, 561, 584, -1,
      584, 561, 565, -1,
      584, 565, 583, -1,
      583, 565, 567, -1,
      583, 567, 582, -1,
      582, 567, 569, -1,
      582, 569, 581, -1,
      581, 569, 571, -1,
      581, 571, 580, -1,
      580, 571, 573, -1,
      585, 573, 586, -1,
      586, 573, 574, -1,
      586, 574, 587, -1,
      587, 574, 575, -1,
      587, 575, 588, -1,
      588, 575, 580, -1,
      580, 573, 588, -1,
      588, 573, 585, -1,
      589, 590, 591, -1,
      591, 590, 592, -1,
      591, 592, 593, -1,
      593, 592, 594, -1,
      593, 594, 595, -1,
      595, 594, 596, -1,
      595, 596, 597, -1,
      597, 596, 598, -1,
      597, 598, 586, -1,
      586, 598, 585, -1,
      586, 587, 597, -1,
      597, 587, 599, -1,
      597, 599, 595, -1,
      595, 599, 600, -1,
      595, 600, 593, -1,
      593, 600, 601, -1,
      593, 601, 591, -1,
      591, 601, 602, -1,
      591, 602, 589, -1,
      589, 602, 603, -1,
      587, 588, 599, -1,
      599, 588, 604, -1,
      599, 604, 600, -1,
      600, 604, 605, -1,
      600, 605, 601, -1,
      601, 605, 606, -1,
      601, 606, 602, -1,
      602, 606, 607, -1,
      602, 607, 603, -1,
      603, 607, 608, -1,
      590, 608, 607, -1,
      590, 607, 592, -1,
      592, 607, 606, -1,
      592, 606, 594, -1,
      594, 606, 605, -1,
      594, 605, 596, -1,
      596, 605, 604, -1,
      596, 604, 598, -1,
      598, 604, 588, -1,
      598, 588, 585, -1,
      557, 590, 558, -1,
      558, 590, 589, -1,
      558, 589, 560, -1,
      560, 589, 603, -1,
      560, 603, 559, -1,
      559, 603, 608, -1,
      608, 590, 559, -1,
      559, 590, 557, -1,
    ]
  }
}
