#VRML V2.0 utf8

Shape {
  appearance Appearance {
    material Material {
      diffuseColor 1.0000 0.7373 0.3725
      specularColor 0.5020 0.3686 0.1882
      ambientIntensity 0.2
      transparency 0.0000
      shininess 0.5
    }
  }
  geometry IndexedFaceSet {
    ccw TRUE
    solid FALSE
    coord DEF co Coordinate {
      point [
        -0.195274 -0.297109 -0.164329,
        -0.194785 -0.297440 -0.162016,
        -0.373301 -0.297440 -0.162016,
        0.068607 -0.290633 -0.209666,
        0.066957 -0.290605 -0.209863,
        0.076340 -0.290605 -0.209863,
        0.058667 -0.294023 -0.185933,
        0.059258 -0.294099 -0.185400,
        0.059258 -0.297440 -0.162016,
        0.109524 -0.299383 -0.148416,
        0.105703 -0.299170 -0.149907,
        0.105703 -0.297440 -0.162016,
        0.127476 -0.295935 -0.172552,
        0.131856 -0.297440 -0.162016,
        0.120048 -0.295935 -0.172552,
        0.120048 -0.297440 -0.162016,
        0.108225 -0.295935 -0.172552,
        0.127476 -0.295327 -0.176808,
        0.128326 -0.291252 -0.205332,
        0.131856 -0.290605 -0.209863,
        0.128326 -0.290649 -0.209550,
        0.120048 -0.290605 -0.209863,
        0.113050 -0.295327 -0.176808,
        0.113050 -0.293635 -0.188649,
        0.120048 -0.295327 -0.176808,
        0.120048 -0.293635 -0.188649,
        0.126415 -0.293635 -0.188649,
        0.126415 -0.293030 -0.192886,
        0.120048 -0.291252 -0.205332,
        0.120048 -0.293030 -0.192886,
        0.113050 -0.291252 -0.205332,
        0.113050 -0.293030 -0.192886,
        0.098328 -0.294424 -0.183126,
        0.103181 -0.294424 -0.183126,
        0.105703 -0.290605 -0.209863,
        0.089768 -0.291587 -0.202987,
        0.090341 -0.291276 -0.205162,
        0.090465 -0.291276 -0.205162,
        0.085053 -0.297440 -0.162016,
        0.085053 -0.293505 -0.189560,
        0.091038 -0.291581 -0.203025,
        0.090680 -0.291406 -0.204257,
        0.085053 -0.290605 -0.209863,
        0.085053 -0.291728 -0.202000,
        0.077558 -0.294424 -0.183126,
        0.076340 -0.297440 -0.162016,
        0.082793 -0.294424 -0.183126,
        0.088029 -0.290657 -0.209494,
        0.087871 -0.290605 -0.209863,
        0.085975 -0.289971 -0.214298,
        0.076340 -0.288511 -0.224519,
        0.078523 -0.288925 -0.221619,
        0.078523 -0.289514 -0.217495,
        0.079481 -0.289470 -0.217806,
        0.081179 -0.289439 -0.218024,
        0.081594 -0.289441 -0.218009,
        0.082657 -0.289470 -0.217802,
        0.083647 -0.289537 -0.217334,
        0.084090 -0.289583 -0.217011,
        0.084963 -0.289715 -0.216091,
        0.085053 -0.289737 -0.215933,
        0.085053 -0.288990 -0.221167,
        0.083475 -0.288903 -0.221771,
        0.085053 -0.288511 -0.224519,
        0.081542 -0.288871 -0.221997,
        0.080462 -0.288877 -0.221956,
        0.091067 -0.290079 -0.213542,
        0.088848 -0.289475 -0.217771,
        0.105703 -0.288511 -0.224519,
        0.092532 -0.290605 -0.209863,
        0.087131 -0.289191 -0.219761,
        0.086951 -0.289167 -0.219923,
        0.085318 -0.289004 -0.221065,
        0.145571 -0.300480 -0.140737,
        0.131856 -0.300480 -0.140737,
        0.149383 -0.299034 -0.150856,
        0.154713 -0.299034 -0.150856,
        0.533660 -0.297440 -0.162016,
        0.540585 -0.304364 -0.113546,
        0.140479 -0.304320 -0.113858,
        0.131856 -0.304364 -0.113546,
        0.135320 -0.304320 -0.113858,
        0.131856 -0.303033 -0.122859,
        0.121085 -0.299034 -0.150856,
        0.126415 -0.299034 -0.150856,
        0.130008 -0.300480 -0.140737,
        0.085053 -0.304364 -0.113546,
        0.076340 -0.304364 -0.113546,
        0.080672 -0.304320 -0.113858,
        0.076340 -0.304320 -0.113858,
        0.080672 -0.303711 -0.118114,
        0.081523 -0.299637 -0.146638,
        0.081523 -0.299034 -0.150856,
        0.066246 -0.303711 -0.118114,
        0.066246 -0.302020 -0.129955,
        0.076340 -0.303711 -0.118114,
        0.076340 -0.302020 -0.129955,
        0.079612 -0.302020 -0.129955,
        0.079612 -0.301415 -0.134192,
        0.076340 -0.299637 -0.146638,
        0.076340 -0.301415 -0.134192,
        0.066246 -0.299637 -0.146638,
        0.066246 -0.301415 -0.134192,
        0.061422 -0.304320 -0.113858,
        0.059258 -0.304364 -0.113546,
        0.061422 -0.299034 -0.150856,
        -0.517435 -0.281215 -0.275591,
        -0.373301 -0.288511 -0.224519,
        -0.524731 -0.288511 -0.224519,
        -0.373301 -0.290605 -0.209863,
        -0.526825 -0.290605 -0.209863,
        -0.533660 -0.297440 -0.162016,
        -0.373301 -0.304364 -0.113546,
        -0.540585 -0.304364 -0.113546,
        -0.373301 -0.310349 -0.071650,
        -0.546570 -0.310349 -0.071650,
        0.196186 -0.290649 -0.209550,
        0.192374 -0.292095 -0.199431,
        0.176811 -0.292095 -0.199431,
        0.526825 -0.290605 -0.209863,
        0.187282 -0.295935 -0.172552,
        0.165704 -0.293024 -0.192922,
        0.164801 -0.292406 -0.197256,
        0.167888 -0.290649 -0.209550,
        0.162963 -0.291859 -0.201084,
        0.160178 -0.291389 -0.204368,
        0.182123 -0.295935 -0.172552,
        0.165815 -0.293359 -0.190578,
        0.165178 -0.294095 -0.185428,
        0.146048 -0.295935 -0.172552,
        0.151752 -0.295846 -0.173175,
        0.156328 -0.290998 -0.207110,
        0.152080 -0.290761 -0.208768,
        0.145666 -0.290649 -0.209550,
        0.160178 -0.295235 -0.177451,
        0.161464 -0.295057 -0.178693,
        0.163786 -0.294598 -0.181909,
        0.156263 -0.295613 -0.174806,
        0.173219 -0.290649 -0.209550,
        0.201517 -0.290649 -0.209550,
        0.135387 -0.290649 -0.209550,
        0.135387 -0.295935 -0.172552,
        0.517435 -0.281215 -0.275591,
        0.524731 -0.288511 -0.224519,
        0.216535 -0.281215 -0.275591,
        0.131856 -0.288511 -0.224519,
        0.216535 -0.275591 -0.314961,
        -0.137758 -0.288150 -0.227041,
        -0.216535 -0.275591 -0.314961,
        -0.131341 -0.288262 -0.226260,
        -0.010583 -0.275591 -0.314961,
        -0.126754 -0.288511 -0.224519,
        -0.138802 -0.288154 -0.227021,
        -0.145075 -0.288293 -0.226048,
        -0.216535 -0.281215 -0.275591,
        -0.148744 -0.288511 -0.224519,
        -0.373301 -0.281215 -0.275591,
        0.053941 -0.304193 -0.114747,
        0.050048 -0.304353 -0.113626,
        0.049047 -0.304364 -0.113546,
        0.076340 -0.299034 -0.150856,
        0.053941 -0.303479 -0.119741,
        0.041343 -0.298960 -0.151375,
        0.037292 -0.299078 -0.150550,
        0.027630 -0.297440 -0.162016,
        0.053304 -0.299208 -0.149639,
        0.049291 -0.299022 -0.150941,
        0.031063 -0.301422 -0.134139,
        0.053525 -0.303511 -0.119518,
        0.049734 -0.303715 -0.118090,
        0.032869 -0.300467 -0.140824,
        0.034691 -0.300109 -0.143328,
        0.035415 -0.300008 -0.144038,
        0.037854 -0.299763 -0.145750,
        0.046056 -0.299562 -0.147159,
        0.050280 -0.299674 -0.146376,
        0.053941 -0.299907 -0.144746,
        0.053941 -0.299253 -0.149324,
        0.043594 -0.298945 -0.151480,
        0.033764 -0.299313 -0.148905,
        0.030754 -0.299667 -0.146430,
        0.030166 -0.299759 -0.145777,
        0.040515 -0.299618 -0.146771,
        0.044292 -0.299553 -0.147224,
        0.034948 -0.303206 -0.121651,
        0.032919 -0.302808 -0.124440,
        0.037497 -0.303504 -0.119569,
        0.040437 -0.303696 -0.118222,
        0.045133 -0.303793 -0.117546,
        0.043689 -0.303785 -0.117603,
        0.031022 -0.301617 -0.132773,
        0.031657 -0.302354 -0.127619,
        0.031661 -0.300893 -0.137841,
        0.045169 -0.304409 -0.113233,
        0.059258 -0.310349 -0.071650,
        0.045085 -0.304409 -0.113233,
        0.027630 -0.310349 -0.071650,
        0.042517 -0.304364 -0.113546,
        0.027630 -0.304364 -0.113546,
        0.028645 -0.303130 -0.122188,
        0.031356 -0.303630 -0.118681,
        0.032243 -0.303750 -0.117842,
        0.035735 -0.304098 -0.115406,
        0.039634 -0.304314 -0.113896,
        0.028013 -0.300220 -0.142550,
        0.027630 -0.300371 -0.141499,
        0.025390 -0.297440 -0.162016,
        0.025390 -0.304364 -0.113546,
        0.026871 -0.302543 -0.126298,
        0.027630 -0.302794 -0.124539,
        0.026569 -0.300788 -0.138580,
        0.025959 -0.301577 -0.133057,
        0.026024 -0.301852 -0.131129,
        0.118900 -0.301409 -0.134228,
        0.117997 -0.300791 -0.138562,
        0.116159 -0.300244 -0.142390,
        0.113375 -0.299774 -0.145673,
        0.105703 -0.304364 -0.113546,
        0.105703 -0.304191 -0.114754,
        0.120048 -0.304364 -0.113546,
        0.109459 -0.303998 -0.116111,
        0.116983 -0.302983 -0.123215,
        0.118375 -0.302480 -0.126734,
        0.119011 -0.301744 -0.131884,
        0.108225 -0.290649 -0.209550,
        0.120048 -0.290649 -0.209550,
        0.113375 -0.303620 -0.118757,
        0.114661 -0.303442 -0.119999,
        0.099245 -0.304320 -0.113858,
        0.104948 -0.304231 -0.114481,
        0.105276 -0.299146 -0.150074,
        0.098863 -0.299034 -0.150856,
        0.088583 -0.299034 -0.150856,
        0.088583 -0.304320 -0.113858,
        0.030252 -0.292258 -0.198289,
        0.031186 -0.292448 -0.196961,
        0.031911 -0.293516 -0.189481,
        0.041947 -0.290685 -0.209295,
        0.040268 -0.290605 -0.209863,
        0.046069 -0.290649 -0.209550,
        0.043664 -0.290842 -0.208201,
        0.033085 -0.290708 -0.209138,
        0.027630 -0.290605 -0.209863,
        0.034862 -0.290610 -0.209826,
        0.035107 -0.290605 -0.209863,
        0.030099 -0.291136 -0.206144,
        0.029533 -0.291360 -0.204576,
        0.029302 -0.291660 -0.202476,
        0.032619 -0.292624 -0.195729,
        0.034609 -0.292768 -0.194717,
        0.035159 -0.293805 -0.187463,
        0.038159 -0.292892 -0.193851,
        0.042276 -0.293948 -0.186456,
        0.040662 -0.293973 -0.186285,
        0.038092 -0.293938 -0.186527,
        0.031595 -0.290857 -0.208094,
        0.031071 -0.290932 -0.207568,
        0.046069 -0.291233 -0.205465,
        0.045945 -0.291233 -0.205465,
        0.045152 -0.291064 -0.206647,
        0.029315 -0.291738 -0.201928,
        0.029611 -0.292024 -0.199925,
        0.031911 -0.294159 -0.184980,
        0.032844 -0.294236 -0.184443,
        0.036319 -0.294428 -0.183100,
        0.059217 -0.292695 -0.195230,
        0.057094 -0.291465 -0.203838,
        0.059258 -0.292691 -0.195257,
        0.058777 -0.291316 -0.204881,
        0.059258 -0.291289 -0.205068,
        0.057822 -0.293843 -0.187191,
        0.048674 -0.294100 -0.185398,
        0.057288 -0.293630 -0.188685,
        0.049636 -0.293887 -0.186885,
        0.050375 -0.293588 -0.188976,
        0.041101 -0.294511 -0.182520,
        0.043873 -0.294476 -0.182763,
        0.045858 -0.294392 -0.183350,
        0.046069 -0.293049 -0.192754,
        0.045913 -0.293336 -0.190744,
        0.045433 -0.293574 -0.189078,
        0.044885 -0.293711 -0.188118,
        0.047420 -0.294267 -0.184224,
        0.044181 -0.293818 -0.187369,
        0.043354 -0.293894 -0.186835,
        0.058451 -0.292808 -0.194437,
        0.057888 -0.292933 -0.193564,
        0.050750 -0.293078 -0.192546,
        0.057352 -0.293132 -0.192167,
        0.057123 -0.293406 -0.190257,
        0.040022 -0.290593 -0.209946,
        0.059258 -0.288511 -0.224519,
        0.027630 -0.288511 -0.224519,
        0.037767 -0.290560 -0.210175,
        0.037071 -0.290563 -0.210157,
        0.057094 -0.290781 -0.208624,
        0.050750 -0.290649 -0.209550,
        0.059258 -0.290674 -0.209378,
        0.059258 -0.290605 -0.209863,
        0.060368 -0.290619 -0.209764,
        0.061318 -0.290605 -0.209863,
        0.064336 -0.290560 -0.210175,
        0.073555 -0.292300 -0.197993,
        0.074370 -0.292134 -0.199157,
        0.073842 -0.293700 -0.188195,
        0.074379 -0.291215 -0.205591,
        0.073535 -0.291039 -0.206822,
        0.060122 -0.294211 -0.184620,
        0.061251 -0.294309 -0.183932,
        0.063754 -0.294446 -0.182970,
        0.067517 -0.294511 -0.182520,
        0.072112 -0.290860 -0.208075,
        0.071059 -0.290768 -0.208719,
        0.074895 -0.291942 -0.200502,
        0.075122 -0.291676 -0.202363,
        0.074926 -0.291426 -0.204116,
        0.073842 -0.294343 -0.183693,
        0.070801 -0.294469 -0.182809,
        0.067059 -0.293973 -0.186285,
        0.065673 -0.293958 -0.186387,
        0.061947 -0.293465 -0.189841,
        0.064420 -0.293911 -0.186716,
        0.063371 -0.293832 -0.187268,
        0.061990 -0.293377 -0.190457,
        0.062176 -0.293274 -0.191177,
        0.062513 -0.293185 -0.191802,
        0.062970 -0.293113 -0.192300,
        0.064620 -0.292968 -0.193321,
        0.070334 -0.293917 -0.186680,
        0.067517 -0.292789 -0.194569,
        0.072982 -0.293771 -0.187696,
        0.069330 -0.292685 -0.195296,
        0.072439 -0.292441 -0.197007,
        0.062665 -0.293744 -0.187886,
        0.062263 -0.293660 -0.188476,
        0.062032 -0.293570 -0.189102,
        0.061705 -0.291154 -0.206014,
        0.064211 -0.292308 -0.197937,
        0.061421 -0.292489 -0.196670,
        0.064794 -0.291100 -0.206392,
        0.065001 -0.291100 -0.206390,
        0.067285 -0.292126 -0.199211,
        0.067401 -0.291139 -0.206124,
        0.070316 -0.291611 -0.202817,
        0.070270 -0.291693 -0.202240,
        0.068609 -0.291201 -0.205686,
        0.069035 -0.291238 -0.205430,
        0.069573 -0.291305 -0.204958,
        0.069981 -0.291391 -0.204360,
        0.070219 -0.291485 -0.203701,
        0.070058 -0.291797 -0.201517,
        0.069696 -0.291885 -0.200902,
        0.069113 -0.291970 -0.200301,
        -0.078395 -0.304910 -0.109722,
        -0.072650 -0.304364 -0.113546,
        -0.010583 -0.304364 -0.113546,
        -0.066544 -0.303783 -0.117609,
        -0.057846 -0.302365 -0.127542,
        -0.052195 -0.300815 -0.138391,
        -0.050248 -0.300719 -0.139059,
        -0.042401 -0.300143 -0.143093,
        -0.128115 -0.304838 -0.110229,
        -0.115865 -0.305507 -0.105543,
        -0.102683 -0.305738 -0.103931,
        -0.010583 -0.310349 -0.071650,
        -0.091730 -0.305575 -0.105070,
        -0.193085 -0.298587 -0.153985,
        -0.133520 -0.304364 -0.113546,
        -0.134570 -0.304272 -0.114190,
        -0.188526 -0.299912 -0.144711,
        -0.182931 -0.300890 -0.137865,
        -0.180215 -0.301244 -0.135388,
        -0.171252 -0.302075 -0.129572,
        -0.161307 -0.302561 -0.126166,
        -0.152373 -0.302694 -0.125238,
        -0.140814 -0.303516 -0.119484,
        -0.149317 -0.302670 -0.125403,
        -0.146261 -0.302619 -0.125764,
        -0.163002 -0.290706 -0.209153,
        -0.167992 -0.290932 -0.207570,
        -0.177391 -0.291647 -0.202563,
        -0.184260 -0.292510 -0.196526,
        -0.185534 -0.292719 -0.195060,
        -0.191061 -0.293939 -0.186524,
        -0.194487 -0.295350 -0.176648,
        -0.195421 -0.296606 -0.167853,
        -0.151203 -0.288657 -0.223494,
        -0.156398 -0.289212 -0.219612,
        -0.160347 -0.289902 -0.214782,
        -0.162667 -0.290605 -0.209863,
        -0.112853 -0.290605 -0.209863,
        -0.112866 -0.290597 -0.209918,
        -0.010583 -0.288511 -0.224519,
        -0.115999 -0.289758 -0.215788,
        -0.120119 -0.289104 -0.220367,
        -0.125414 -0.288583 -0.224010,
        -0.117829 -0.294426 -0.183110,
        -0.082222 -0.297057 -0.164696,
        -0.122461 -0.295023 -0.178933,
        -0.128097 -0.295451 -0.175938,
        -0.035320 -0.299265 -0.149243,
        -0.030033 -0.298182 -0.156820,
        -0.010583 -0.297440 -0.162016,
        -0.028042 -0.297440 -0.162016,
        -0.026940 -0.297029 -0.164893,
        -0.043600 -0.291398 -0.204310,
        -0.051771 -0.290861 -0.208063,
        -0.010583 -0.290605 -0.209863,
        -0.059901 -0.290631 -0.209679,
        -0.080200 -0.290892 -0.207849,
        -0.081278 -0.291042 -0.206802,
        -0.042488 -0.296177 -0.170853,
        -0.043725 -0.296900 -0.165798,
        -0.045774 -0.297440 -0.162016,
        -0.178021 -0.297440 -0.162016,
        -0.080414 -0.292676 -0.195359,
        -0.078758 -0.292834 -0.194255,
        -0.073984 -0.295065 -0.178638,
        -0.076921 -0.292930 -0.193585,
        -0.030824 -0.293265 -0.191238,
        -0.035720 -0.292322 -0.197841,
        -0.036600 -0.292191 -0.198755,
        -0.075579 -0.290631 -0.209679,
        -0.076628 -0.290650 -0.209543,
        -0.078404 -0.290733 -0.208967,
        -0.176478 -0.295189 -0.177772,
        -0.173281 -0.294419 -0.183165,
        -0.159788 -0.294034 -0.185856,
        -0.168514 -0.293727 -0.188007,
        -0.162737 -0.293224 -0.191528,
        -0.149955 -0.295277 -0.177154,
        -0.155391 -0.294744 -0.180887,
        -0.178680 -0.296681 -0.167327,
        -0.178371 -0.296109 -0.171328,
        -0.025888 -0.295892 -0.172851,
        -0.025920 -0.295672 -0.174393,
        -0.027317 -0.294442 -0.183000,
        -0.144084 -0.295594 -0.174936,
        -0.137758 -0.295704 -0.174167,
        -0.134510 -0.295677 -0.174358,
        -0.083285 -0.291796 -0.201524,
        -0.083245 -0.291910 -0.200726,
        -0.111186 -0.292284 -0.198104,
        -0.082772 -0.292198 -0.198709,
        -0.081799 -0.292459 -0.196877,
        -0.075047 -0.292961 -0.193369,
        -0.074789 -0.292958 -0.193388,
        -0.073991 -0.292933 -0.193563,
        -0.082402 -0.291280 -0.205135,
        -0.083067 -0.291536 -0.203344,
        -0.111324 -0.291525 -0.203420,
        -0.111186 -0.291909 -0.200735,
        -0.047749 -0.293868 -0.187019,
        -0.044827 -0.294454 -0.182915,
        -0.042998 -0.295124 -0.178226,
        -0.042363 -0.295854 -0.173114,
        -0.073453 -0.292923 -0.193632,
        -0.061495 -0.292923 -0.193632,
        -0.056759 -0.293051 -0.192738,
        -0.052067 -0.293357 -0.190596,
        -0.048132 -0.293810 -0.187426,
        -0.066111 -0.299478 -0.147751,
        -0.069607 -0.300727 -0.139004,
        -0.075119 -0.301799 -0.131502,
        -0.085815 -0.302929 -0.123594,
        -0.094208 -0.303353 -0.120621,
        -0.065215 -0.298785 -0.152596,
        -0.138024 -0.299875 -0.144967,
        -0.139988 -0.300027 -0.143908,
        -0.145948 -0.300332 -0.141769,
        -0.134455 -0.300954 -0.137419,
        -0.063089 -0.298785 -0.152596,
        -0.046187 -0.297549 -0.161253,
        -0.049287 -0.298039 -0.157821,
        -0.053410 -0.298446 -0.154975,
        -0.058049 -0.298698 -0.153210,
        -0.078254 -0.302222 -0.128544,
        -0.102417 -0.303483 -0.119714,
        -0.103900 -0.303479 -0.119742,
        -0.112741 -0.303284 -0.121107,
        -0.161383 -0.300202 -0.142685,
        -0.167313 -0.299758 -0.145786,
        -0.154820 -0.300419 -0.141159,
        -0.171939 -0.299176 -0.149865,
        -0.175619 -0.298427 -0.155106,
        -0.121372 -0.302767 -0.124723,
        -0.128682 -0.301980 -0.130238,
        -0.152107 -0.300439 -0.141021,
        -0.177892 -0.297589 -0.160974,
        -0.551181 -0.314961 -0.039370,
        -0.373301 -0.314961 -0.039370,
        -0.010583 -0.314961 -0.039370,
        0.025390 -0.314961 -0.039370,
        0.025390 -0.310349 -0.071650,
        0.027630 -0.314961 -0.039370,
        0.059258 -0.314961 -0.039370,
        0.076340 -0.314961 -0.039370,
        0.076340 -0.310349 -0.071650,
        0.085053 -0.314961 -0.039370,
        0.085053 -0.310349 -0.071650,
        0.105703 -0.314961 -0.039370,
        0.105703 -0.310349 -0.071650,
        0.120048 -0.314961 -0.039370,
        0.120048 -0.310349 -0.071650,
        0.131856 -0.314961 -0.039370,
        0.131856 -0.310349 -0.071650,
        0.551181 -0.314961 -0.039370,
        0.546570 -0.310349 -0.071650,
        0.009545 -0.304320 -0.113858,
        0.009545 -0.299637 -0.146638,
        0.024430 -0.299637 -0.146638,
        0.004721 -0.299034 -0.150856,
        0.004721 -0.304320 -0.113858,
        0.024430 -0.299034 -0.150856,
        0.024822 -0.291252 -0.205332,
        0.024822 -0.290649 -0.209550,
        0.025390 -0.290605 -0.209863,
        0.004721 -0.290649 -0.209550,
        0.023971 -0.295327 -0.176808,
        0.004721 -0.295935 -0.172552,
        0.023971 -0.295935 -0.172552,
        0.009545 -0.293030 -0.192886,
        0.009545 -0.291252 -0.205332,
        0.022911 -0.293030 -0.192886,
        0.022911 -0.293635 -0.188649,
        0.009545 -0.293635 -0.188649,
        0.009545 -0.295327 -0.176808,
        0.120048 -0.288511 -0.224519,
        0.025390 -0.288511 -0.224519,
        0.025390 -0.275591 -0.314961,
        0.027630 -0.275591 -0.314961,
        0.059258 -0.275591 -0.314961,
        0.076340 -0.275591 -0.314961,
        0.085053 -0.275591 -0.314961,
        0.105703 -0.275591 -0.314961,
        0.120048 -0.275591 -0.314961,
        0.131856 -0.275591 -0.314961,
      ]
    }
    coordIndex [
      0, 1, 2, -1,
      3, 4, 5, -1,
      6, 7, 8, -1,
      9, 10, 11, -1,
      12, 13, 14, -1,
      14, 13, 15, -1,
      14, 15, 16, -1,
      12, 17, 13, -1,
      13, 17, 18, -1,
      13, 18, 19, -1,
      19, 18, 20, -1,
      19, 20, 21, -1,
      22, 23, 24, -1,
      24, 23, 25, -1,
      24, 25, 17, -1,
      17, 25, 26, -1,
      17, 26, 18, -1,
      18, 26, 27, -1,
      18, 27, 28, -1,
      28, 27, 29, -1,
      28, 29, 30, -1,
      30, 29, 31, -1,
      32, 33, 11, -1,
      11, 33, 34, -1,
      35, 36, 37, -1,
      11, 38, 32, -1,
      32, 38, 39, -1,
      32, 39, 40, -1,
      40, 39, 35, -1,
      40, 35, 41, -1,
      41, 35, 37, -1,
      42, 43, 5, -1,
      5, 43, 44, -1,
      5, 44, 45, -1,
      45, 44, 38, -1,
      38, 44, 46, -1,
      38, 46, 39, -1,
      47, 43, 48, -1,
      48, 43, 42, -1,
      48, 42, 49, -1,
      50, 51, 52, -1,
      53, 54, 5, -1,
      54, 55, 5, -1,
      5, 55, 56, -1,
      5, 56, 57, -1,
      57, 58, 5, -1,
      5, 58, 59, -1,
      5, 59, 42, -1,
      42, 59, 60, -1,
      42, 60, 49, -1,
      61, 62, 63, -1,
      63, 62, 64, -1,
      63, 64, 50, -1,
      50, 64, 65, -1,
      50, 65, 51, -1,
      66, 67, 68, -1,
      66, 68, 69, -1,
      67, 70, 68, -1,
      68, 70, 71, -1,
      68, 71, 63, -1,
      63, 71, 72, -1,
      63, 72, 61, -1,
      73, 74, 75, -1,
      75, 74, 13, -1,
      75, 13, 76, -1,
      77, 78, 79, -1,
      79, 78, 80, -1,
      79, 80, 81, -1,
      81, 80, 82, -1,
      83, 15, 84, -1,
      84, 15, 13, -1,
      84, 13, 85, -1,
      85, 13, 74, -1,
      86, 87, 88, -1,
      88, 87, 89, -1,
      88, 90, 86, -1,
      86, 90, 91, -1,
      86, 91, 38, -1,
      38, 91, 92, -1,
      38, 92, 45, -1,
      93, 94, 95, -1,
      95, 94, 96, -1,
      95, 96, 90, -1,
      90, 96, 97, -1,
      90, 97, 91, -1,
      91, 97, 98, -1,
      91, 98, 99, -1,
      99, 98, 100, -1,
      99, 100, 101, -1,
      101, 100, 102, -1,
      89, 87, 103, -1,
      103, 87, 104, -1,
      103, 104, 105, -1,
      106, 107, 108, -1,
      108, 107, 109, -1,
      108, 109, 110, -1,
      110, 109, 2, -1,
      110, 2, 111, -1,
      111, 112, 113, -1,
      113, 112, 114, -1,
      113, 114, 115, -1,
      116, 117, 118, -1,
      119, 77, 120, -1,
      121, 122, 123, -1,
      123, 122, 124, -1,
      123, 124, 125, -1,
      79, 76, 77, -1,
      77, 76, 13, -1,
      77, 13, 120, -1,
      120, 13, 126, -1,
      121, 123, 127, -1,
      127, 123, 126, -1,
      127, 126, 128, -1,
      129, 130, 13, -1,
      125, 131, 123, -1,
      123, 131, 132, -1,
      123, 132, 133, -1,
      134, 135, 126, -1,
      126, 135, 136, -1,
      126, 136, 128, -1,
      13, 130, 126, -1,
      126, 130, 137, -1,
      126, 137, 134, -1,
      118, 138, 116, -1,
      116, 138, 119, -1,
      116, 119, 139, -1,
      139, 119, 120, -1,
      138, 123, 119, -1,
      119, 123, 133, -1,
      119, 133, 19, -1,
      19, 133, 140, -1,
      19, 140, 13, -1,
      13, 140, 141, -1,
      13, 141, 129, -1,
      142, 143, 144, -1,
      144, 143, 145, -1,
      144, 145, 146, -1,
      147, 148, 149, -1,
      149, 148, 150, -1,
      149, 150, 151, -1,
      147, 152, 148, -1,
      148, 152, 153, -1,
      148, 153, 154, -1,
      154, 153, 155, -1,
      154, 155, 156, -1,
      157, 104, 158, -1,
      158, 104, 159, -1,
      160, 105, 8, -1,
      8, 105, 104, -1,
      8, 104, 161, -1,
      161, 104, 157, -1,
      162, 163, 164, -1,
      165, 166, 8, -1,
      167, 168, 169, -1,
      170, 171, 161, -1,
      161, 171, 172, -1,
      161, 172, 173, -1,
      174, 175, 161, -1,
      161, 175, 176, -1,
      161, 176, 8, -1,
      8, 176, 177, -1,
      8, 177, 165, -1,
      162, 164, 178, -1,
      163, 179, 164, -1,
      164, 179, 180, -1,
      164, 180, 181, -1,
      173, 182, 161, -1,
      161, 182, 183, -1,
      161, 183, 174, -1,
      184, 185, 186, -1,
      186, 185, 187, -1,
      169, 188, 167, -1,
      167, 188, 189, -1,
      167, 189, 190, -1,
      190, 189, 187, -1,
      190, 187, 191, -1,
      191, 187, 185, -1,
      168, 167, 161, -1,
      161, 167, 192, -1,
      161, 192, 170, -1,
      193, 194, 195, -1,
      195, 194, 196, -1,
      195, 196, 197, -1,
      198, 199, 200, -1,
      200, 201, 198, -1,
      198, 201, 202, -1,
      198, 202, 203, -1,
      181, 204, 164, -1,
      164, 204, 205, -1,
      164, 205, 206, -1,
      207, 208, 198, -1,
      198, 208, 209, -1,
      198, 209, 199, -1,
      205, 210, 206, -1,
      206, 210, 211, -1,
      206, 211, 207, -1,
      207, 211, 212, -1,
      207, 212, 208, -1,
      213, 214, 15, -1,
      15, 214, 215, -1,
      15, 215, 216, -1,
      217, 218, 219, -1,
      219, 218, 220, -1,
      221, 222, 219, -1,
      219, 222, 223, -1,
      216, 9, 15, -1,
      15, 9, 11, -1,
      15, 11, 16, -1,
      16, 11, 34, -1,
      16, 34, 224, -1,
      224, 34, 21, -1,
      224, 21, 225, -1,
      225, 21, 20, -1,
      220, 226, 219, -1,
      219, 226, 227, -1,
      219, 227, 221, -1,
      82, 80, 83, -1,
      83, 80, 219, -1,
      83, 219, 15, -1,
      15, 219, 223, -1,
      15, 223, 213, -1,
      86, 228, 217, -1,
      217, 228, 229, -1,
      217, 229, 218, -1,
      10, 230, 11, -1,
      11, 230, 231, -1,
      11, 231, 38, -1,
      38, 231, 232, -1,
      38, 232, 86, -1,
      86, 232, 233, -1,
      86, 233, 228, -1,
      234, 235, 236, -1,
      237, 238, 239, -1,
      237, 239, 240, -1,
      241, 242, 243, -1,
      243, 242, 244, -1,
      245, 246, 242, -1,
      242, 246, 247, -1,
      235, 248, 236, -1,
      236, 248, 249, -1,
      236, 249, 250, -1,
      250, 249, 251, -1,
      252, 253, 251, -1,
      251, 253, 254, -1,
      251, 254, 250, -1,
      241, 255, 242, -1,
      242, 255, 256, -1,
      242, 256, 245, -1,
      257, 258, 239, -1,
      239, 258, 259, -1,
      239, 259, 240, -1,
      164, 260, 261, -1,
      234, 236, 261, -1,
      261, 236, 262, -1,
      261, 262, 164, -1,
      164, 262, 263, -1,
      164, 263, 264, -1,
      265, 266, 267, -1,
      267, 266, 268, -1,
      267, 268, 269, -1,
      270, 271, 272, -1,
      272, 271, 273, -1,
      272, 273, 274, -1,
      264, 275, 164, -1,
      164, 275, 276, -1,
      164, 276, 277, -1,
      278, 279, 251, -1,
      251, 279, 280, -1,
      251, 280, 281, -1,
      166, 178, 8, -1,
      8, 178, 164, -1,
      8, 164, 6, -1,
      6, 164, 277, -1,
      6, 277, 270, -1,
      270, 277, 282, -1,
      270, 282, 271, -1,
      281, 283, 251, -1,
      251, 283, 284, -1,
      251, 284, 252, -1,
      285, 286, 287, -1,
      287, 286, 288, -1,
      287, 288, 274, -1,
      274, 288, 289, -1,
      274, 289, 272, -1,
      238, 290, 291, -1,
      291, 290, 292, -1,
      292, 290, 293, -1,
      292, 293, 294, -1,
      265, 285, 266, -1,
      266, 285, 287, -1,
      266, 287, 295, -1,
      295, 287, 296, -1,
      295, 296, 297, -1,
      297, 296, 298, -1,
      297, 298, 299, -1,
      299, 298, 300, -1,
      301, 300, 291, -1,
      291, 300, 298, -1,
      291, 298, 238, -1,
      238, 298, 296, -1,
      238, 296, 239, -1,
      301, 291, 4, -1,
      4, 291, 50, -1,
      4, 50, 5, -1,
      5, 50, 52, -1,
      5, 52, 53, -1,
      302, 303, 304, -1,
      305, 306, 5, -1,
      7, 307, 8, -1,
      8, 307, 308, -1,
      8, 308, 309, -1,
      309, 310, 8, -1,
      8, 310, 45, -1,
      8, 45, 160, -1,
      160, 45, 92, -1,
      306, 311, 5, -1,
      5, 311, 312, -1,
      5, 312, 3, -1,
      313, 314, 5, -1,
      5, 314, 315, -1,
      5, 315, 305, -1,
      303, 313, 304, -1,
      304, 313, 5, -1,
      304, 5, 316, -1,
      316, 5, 45, -1,
      316, 45, 317, -1,
      317, 45, 310, -1,
      318, 319, 320, -1,
      320, 319, 321, -1,
      320, 321, 322, -1,
      320, 323, 318, -1,
      318, 323, 324, -1,
      318, 324, 325, -1,
      325, 326, 318, -1,
      318, 326, 327, -1,
      318, 327, 328, -1,
      328, 327, 329, -1,
      328, 329, 330, -1,
      330, 329, 331, -1,
      330, 331, 304, -1,
      304, 331, 332, -1,
      304, 332, 302, -1,
      333, 334, 322, -1,
      322, 334, 335, -1,
      322, 335, 320, -1,
      336, 337, 269, -1,
      269, 337, 338, -1,
      269, 338, 267, -1,
      336, 339, 337, -1,
      337, 339, 340, -1,
      337, 340, 341, -1,
      341, 340, 342, -1,
      341, 343, 344, -1,
      342, 345, 341, -1,
      341, 345, 346, -1,
      341, 346, 347, -1,
      347, 348, 341, -1,
      341, 348, 349, -1,
      341, 349, 343, -1,
      344, 350, 341, -1,
      341, 350, 351, -1,
      341, 351, 352, -1,
      353, 354, 355, -1,
      355, 354, 356, -1,
      355, 356, 357, -1,
      357, 358, 355, -1,
      355, 358, 359, -1,
      355, 359, 360, -1,
      361, 362, 114, -1,
      114, 362, 363, -1,
      114, 363, 364, -1,
      364, 363, 365, -1,
      111, 2, 112, -1,
      112, 2, 1, -1,
      112, 1, 366, -1,
      361, 114, 367, -1,
      367, 114, 112, -1,
      367, 112, 368, -1,
      366, 369, 112, -1,
      112, 369, 370, -1,
      112, 370, 371, -1,
      371, 372, 112, -1,
      112, 372, 373, -1,
      112, 373, 368, -1,
      368, 373, 374, -1,
      368, 374, 375, -1,
      375, 374, 376, -1,
      375, 376, 377, -1,
      378, 379, 109, -1,
      379, 380, 109, -1,
      109, 380, 381, -1,
      109, 381, 382, -1,
      382, 383, 109, -1,
      109, 383, 384, -1,
      109, 384, 2, -1,
      2, 384, 385, -1,
      2, 385, 0, -1,
      106, 156, 107, -1,
      107, 156, 155, -1,
      107, 155, 109, -1,
      109, 155, 386, -1,
      109, 386, 387, -1,
      387, 388, 109, -1,
      109, 388, 389, -1,
      109, 389, 378, -1,
      390, 391, 392, -1,
      391, 393, 392, -1,
      392, 393, 394, -1,
      392, 394, 395, -1,
      396, 397, 398, -1,
      398, 397, 399, -1,
      360, 400, 355, -1,
      355, 400, 401, -1,
      355, 401, 402, -1,
      402, 401, 403, -1,
      402, 403, 404, -1,
      405, 406, 407, -1,
      407, 406, 408, -1,
      390, 409, 410, -1,
      411, 412, 397, -1,
      397, 412, 413, -1,
      397, 413, 414, -1,
      415, 416, 417, -1,
      417, 416, 418, -1,
      419, 420, 407, -1,
      407, 420, 421, -1,
      407, 421, 405, -1,
      422, 423, 390, -1,
      390, 423, 424, -1,
      390, 424, 409, -1,
      425, 426, 427, -1,
      427, 426, 428, -1,
      427, 428, 429, -1,
      430, 414, 431, -1,
      431, 414, 432, -1,
      431, 432, 427, -1,
      427, 432, 433, -1,
      427, 433, 425, -1,
      404, 434, 402, -1,
      402, 434, 435, -1,
      402, 435, 407, -1,
      407, 435, 436, -1,
      407, 436, 419, -1,
      430, 437, 414, -1,
      414, 437, 438, -1,
      414, 438, 397, -1,
      397, 438, 439, -1,
      397, 439, 399, -1,
      440, 441, 442, -1,
      442, 441, 443, -1,
      442, 443, 417, -1,
      417, 443, 444, -1,
      417, 444, 415, -1,
      418, 445, 417, -1,
      417, 445, 446, -1,
      417, 446, 447, -1,
      410, 448, 390, -1,
      390, 448, 449, -1,
      390, 449, 450, -1,
      450, 449, 440, -1,
      450, 440, 451, -1,
      451, 440, 442, -1,
      452, 453, 417, -1,
      417, 453, 454, -1,
      417, 454, 397, -1,
      397, 454, 455, -1,
      397, 455, 411, -1,
      447, 456, 417, -1,
      417, 456, 457, -1,
      417, 457, 458, -1,
      458, 459, 417, -1,
      417, 459, 460, -1,
      417, 460, 452, -1,
      461, 462, 463, -1,
      464, 465, 466, -1,
      413, 467, 414, -1,
      414, 467, 468, -1,
      414, 468, 469, -1,
      470, 467, 466, -1,
      466, 467, 413, -1,
      466, 413, 471, -1,
      471, 413, 472, -1,
      472, 473, 471, -1,
      471, 473, 474, -1,
      471, 474, 475, -1,
      461, 463, 466, -1,
      466, 463, 476, -1,
      466, 476, 464, -1,
      465, 477, 466, -1,
      466, 477, 478, -1,
      466, 478, 479, -1,
      480, 481, 482, -1,
      482, 481, 483, -1,
      482, 483, 484, -1,
      479, 485, 466, -1,
      466, 485, 486, -1,
      466, 486, 470, -1,
      469, 487, 414, -1,
      414, 487, 482, -1,
      414, 482, 488, -1,
      488, 482, 484, -1,
      489, 115, 490, -1,
      490, 115, 114, -1,
      490, 114, 491, -1,
      491, 114, 364, -1,
      491, 364, 492, -1,
      492, 364, 493, -1,
      492, 493, 494, -1,
      494, 493, 196, -1,
      494, 196, 495, -1,
      495, 196, 194, -1,
      495, 194, 496, -1,
      496, 194, 497, -1,
      496, 497, 498, -1,
      498, 497, 499, -1,
      498, 499, 500, -1,
      500, 499, 501, -1,
      500, 501, 502, -1,
      502, 501, 503, -1,
      502, 503, 504, -1,
      504, 503, 505, -1,
      504, 505, 506, -1,
      506, 505, 507, -1,
      193, 159, 194, -1,
      194, 159, 104, -1,
      194, 104, 497, -1,
      497, 104, 87, -1,
      497, 87, 499, -1,
      499, 87, 86, -1,
      499, 86, 501, -1,
      501, 86, 217, -1,
      501, 217, 503, -1,
      503, 217, 219, -1,
      503, 219, 505, -1,
      505, 219, 80, -1,
      505, 80, 507, -1,
      507, 80, 78, -1,
      365, 353, 364, -1,
      364, 353, 355, -1,
      364, 355, 493, -1,
      493, 355, 207, -1,
      493, 207, 196, -1,
      196, 207, 198, -1,
      196, 198, 197, -1,
      197, 198, 203, -1,
      508, 509, 510, -1,
      511, 512, 355, -1,
      355, 512, 508, -1,
      355, 508, 207, -1,
      207, 508, 510, -1,
      207, 510, 206, -1,
      206, 510, 513, -1,
      206, 513, 402, -1,
      402, 513, 511, -1,
      402, 511, 355, -1,
      514, 515, 516, -1,
      516, 515, 517, -1,
      516, 517, 407, -1,
      247, 260, 242, -1,
      242, 260, 164, -1,
      242, 164, 516, -1,
      516, 164, 206, -1,
      516, 206, 514, -1,
      514, 206, 518, -1,
      407, 517, 402, -1,
      402, 517, 519, -1,
      402, 519, 206, -1,
      206, 519, 520, -1,
      206, 520, 518, -1,
      521, 522, 523, -1,
      523, 522, 514, -1,
      523, 514, 524, -1,
      524, 514, 518, -1,
      524, 518, 525, -1,
      525, 518, 526, -1,
      33, 69, 34, -1,
      34, 69, 68, -1,
      34, 68, 21, -1,
      21, 68, 527, -1,
      21, 527, 19, -1,
      19, 527, 145, -1,
      19, 145, 119, -1,
      119, 145, 143, -1,
      294, 244, 292, -1,
      292, 244, 242, -1,
      292, 242, 528, -1,
      528, 242, 516, -1,
      528, 516, 392, -1,
      392, 516, 407, -1,
      392, 407, 390, -1,
      390, 407, 408, -1,
      390, 408, 422, -1,
      395, 151, 392, -1,
      392, 151, 150, -1,
      392, 150, 528, -1,
      528, 150, 529, -1,
      528, 529, 292, -1,
      292, 529, 530, -1,
      292, 530, 291, -1,
      291, 530, 531, -1,
      291, 531, 50, -1,
      50, 531, 532, -1,
      50, 532, 63, -1,
      63, 532, 533, -1,
      63, 533, 68, -1,
      68, 533, 534, -1,
      68, 534, 527, -1,
      527, 534, 535, -1,
      527, 535, 145, -1,
      145, 535, 536, -1,
      145, 536, 146, -1,
    ]
  }
}

Shape {
  appearance Appearance {
    material Material {
      diffuseColor 1.0000 0.5882 0.3412
      specularColor 0.5020 0.2941 0.1686
      ambientIntensity 0.2
      transparency 0.0000
      shininess 0.5
    }
  }
  geometry IndexedFaceSet {
    ccw TRUE
    solid FALSE
    coord DEF co Coordinate {
      point [
        -0.511811 0.275591 0.314961,
        -0.511811 -0.275591 0.314961,
        -0.342738 0.275591 0.314961,
        -0.342738 -0.275591 0.314961,
      ]
    }
    coordIndex [
      0, 1, 2, -1,
      2, 1, 3, -1,
    ]
  }
}

Shape {
  appearance Appearance {
    material Material {
      diffuseColor 0.8549 0.8549 0.8549
      specularColor 0.4275 0.4275 0.4275
      ambientIntensity 0.2
      transparency 0.0000
      shininess 0.5
    }
  }
  geometry IndexedFaceSet {
    ccw TRUE
    solid FALSE
    coord DEF co Coordinate {
      point [
        -0.629921 0.236220 -0.039370,
        -0.629921 0.137795 -0.039370,
        -0.627238 0.137795 -0.018991,
        -0.627238 0.236220 -0.018991,
        -0.619372 0.137795 -0.000000,
        -0.619372 0.236220 -0.000000,
        -0.606859 0.137795 0.016307,
        -0.606859 0.236220 0.016307,
        -0.590551 0.137795 0.028821,
        -0.590551 0.236220 0.028821,
        -0.571561 0.137795 0.036687,
        -0.571561 0.236220 0.036687,
        -0.551181 0.137795 0.039370,
        -0.551181 0.236220 0.039370,
        -0.629921 -0.137795 -0.039370,
        -0.629921 -0.236220 -0.039370,
        -0.627238 -0.236220 -0.018991,
        -0.627238 -0.137795 -0.018991,
        -0.619372 -0.236220 -0.000000,
        -0.619372 -0.137795 -0.000000,
        -0.606859 -0.236220 0.016307,
        -0.606859 -0.137795 0.016307,
        -0.590551 -0.236220 0.028821,
        -0.590551 -0.137795 0.028821,
        -0.571561 -0.236220 0.036687,
        -0.571561 -0.137795 0.036687,
        -0.551181 -0.236220 0.039370,
        -0.551181 -0.137795 0.039370,
        -0.629921 0.137795 -0.094844,
        -0.629921 0.236220 -0.275575,
        -0.629921 -0.137795 -0.094844,
        -0.629921 -0.236220 -0.275575,
        -0.551181 -0.137795 -0.039370,
        -0.551181 -0.236220 -0.039370,
        -0.551181 -0.137795 -0.094844,
        -0.551181 -0.236220 -0.275575,
        -0.551181 0.137795 -0.094844,
        -0.551181 0.236220 -0.275575,
        -0.551181 0.137795 -0.039370,
        -0.551181 0.236220 -0.039370,
        0.629921 -0.236220 -0.039370,
        0.629921 -0.137795 -0.039370,
        0.627238 -0.137795 -0.018991,
        0.627238 -0.236220 -0.018991,
        0.619372 -0.137795 -0.000000,
        0.619372 -0.236220 -0.000000,
        0.606859 -0.137795 0.016307,
        0.606859 -0.236220 0.016307,
        0.590551 -0.137795 0.028821,
        0.590551 -0.236220 0.028821,
        0.571561 -0.137795 0.036687,
        0.571561 -0.236220 0.036687,
        0.551181 -0.137795 0.039370,
        0.551181 -0.236220 0.039370,
      ]
    }
    coordIndex [
      0, 1, 2, -1,
      0, 2, 3, -1,
      3, 2, 4, -1,
      3, 4, 5, -1,
      5, 4, 6, -1,
      5, 6, 7, -1,
      7, 6, 8, -1,
      7, 8, 9, -1,
      9, 8, 10, -1,
      9, 10, 11, -1,
      11, 10, 12, -1,
      11, 12, 13, -1,
      14, 15, 16, -1,
      14, 16, 17, -1,
      17, 16, 18, -1,
      17, 18, 19, -1,
      19, 18, 20, -1,
      19, 20, 21, -1,
      21, 20, 22, -1,
      21, 22, 23, -1,
      23, 22, 24, -1,
      23, 24, 25, -1,
      25, 24, 26, -1,
      25, 26, 27, -1,
      1, 0, 28, -1,
      28, 0, 29, -1,
      28, 29, 30, -1,
      30, 29, 31, -1,
      30, 31, 14, -1,
      14, 31, 15, -1,
      32, 33, 34, -1,
      34, 33, 35, -1,
      34, 35, 36, -1,
      36, 35, 37, -1,
      36, 37, 38, -1,
      38, 37, 39, -1,
      40, 41, 42, -1,
      40, 42, 43, -1,
      43, 42, 44, -1,
      43, 44, 45, -1,
      45, 44, 46, -1,
      45, 46, 47, -1,
      47, 46, 48, -1,
      47, 48, 49, -1,
      49, 48, 50, -1,
      49, 50, 51, -1,
      51, 50, 52, -1,
      51, 52, 53, -1,
    ]
  }
}

Shape {
  appearance Appearance {
    material Material {
      diffuseColor 1.0000 0.7373 0.3725
      specularColor 0.5020 0.3686 0.1882
      ambientIntensity 0.2
      transparency 0.0000
      shininess 0.5
    }
  }
  geometry IndexedFaceSet {
    ccw TRUE
    solid FALSE
    coord DEF co Coordinate {
      point [
        -0.517435 -0.281215 -0.275591,
        0.517435 -0.281215 -0.275591,
        0.216535 -0.281215 -0.275591,
        0.216535 -0.275591 -0.314961,
        -0.216535 -0.275591 -0.314961,
        -0.216535 -0.281215 -0.275591,
        -0.551181 -0.314961 -0.039370,
        0.551181 -0.314961 -0.039370,
        -0.511811 0.275591 0.314961,
        -0.511811 -0.275591 0.314961,
        -0.342738 0.275591 0.314961,
        -0.342738 -0.275591 0.314961,
        -0.551181 0.137795 0.039370,
        -0.551181 0.236220 0.039370,
        -0.551181 -0.236220 0.039370,
        -0.551181 -0.137795 0.039370,
        -0.551181 -0.137795 -0.039370,
        -0.551181 -0.236220 -0.039370,
        -0.551181 0.137795 -0.039370,
        -0.551181 0.236220 -0.039370,
        0.551181 -0.137795 0.039370,
        0.551181 -0.236220 0.039370,
        -0.551181 0.314961 0.039370,
        -0.551181 0.314961 -0.039370,
        0.551181 0.314961 -0.039370,
        0.551181 0.314961 0.039370,
        0.551181 0.236220 -0.039370,
        0.551181 0.236220 0.039370,
        -0.216535 0.275591 -0.314961,
        0.216535 0.275591 -0.314961,
        0.517435 -0.236220 -0.275591,
        0.517437 -0.236220 -0.275575,
        0.517435 0.236220 -0.275591,
        0.517435 0.281215 -0.275591,
        0.517437 0.236220 -0.275575,
        0.551181 0.137795 -0.039370,
        0.551181 -0.137795 -0.039370,
        0.551181 -0.236220 -0.039370,
        -0.517435 0.281215 -0.275591,
        -0.517435 0.236220 -0.275591,
        -0.517437 0.236220 -0.275575,
        -0.517435 -0.236220 -0.275591,
        -0.517437 -0.236220 -0.275575,
        -0.216535 0.281215 -0.275591,
        0.216535 0.281215 -0.275591,
        0.551181 -0.314961 0.039370,
        -0.551181 -0.314961 0.039370,
        0.511811 -0.275591 0.314961,
        0.511811 0.275591 0.314961,
        0.551181 0.137795 0.039370,
        0.275591 -0.236220 -0.275591,
        0.275591 0.236220 -0.275591,
        -0.275591 0.236220 -0.275591,
        -0.275591 -0.236220 -0.275591,
      ]
    }
    coordIndex [
      22, 23, 13, -1,
      13, 23, 19, -1,
      24, 25, 26, -1,
      26, 25, 27, -1,
      28, 29, 4, -1,
      4, 29, 3, -1,
      1, 30, 7, -1,
      7, 30, 31, -1,
      32, 33, 34, -1,
      34, 33, 24, -1,
      34, 24, 26, -1,
      26, 35, 34, -1,
      34, 35, 36, -1,
      34, 36, 31, -1,
      31, 36, 37, -1,
      31, 37, 7, -1,
      38, 39, 23, -1,
      23, 39, 40, -1,
      23, 40, 19, -1,
      41, 0, 42, -1,
      42, 0, 6, -1,
      6, 17, 42, -1,
      42, 17, 16, -1,
      42, 16, 40, -1,
      40, 16, 18, -1,
      40, 18, 19, -1,
      43, 38, 23, -1,
      24, 33, 44, -1,
      29, 28, 44, -1,
      44, 28, 43, -1,
      44, 43, 24, -1,
      24, 43, 23, -1,
      45, 7, 21, -1,
      21, 7, 37, -1,
      7, 45, 6, -1,
      6, 45, 46, -1,
      6, 46, 17, -1,
      17, 46, 14, -1,
      23, 22, 24, -1,
      24, 22, 25, -1,
      11, 47, 10, -1,
      10, 47, 48, -1,
      48, 25, 10, -1,
      10, 25, 22, -1,
      10, 22, 8, -1,
      14, 46, 9, -1,
      22, 13, 8, -1,
      8, 13, 12, -1,
      8, 12, 9, -1,
      9, 12, 15, -1,
      9, 15, 14, -1,
      27, 25, 48, -1,
      45, 21, 47, -1,
      47, 21, 20, -1,
      47, 20, 48, -1,
      48, 20, 49, -1,
      48, 49, 27, -1,
      45, 47, 46, -1,
      46, 47, 11, -1,
      46, 11, 9, -1,
      44, 2, 29, -1,
      29, 2, 3, -1,
      30, 1, 50, -1,
      50, 1, 2, -1,
      50, 2, 51, -1,
      51, 2, 44, -1,
      51, 44, 32, -1,
      32, 44, 33, -1,
      28, 4, 43, -1,
      43, 4, 5, -1,
      39, 38, 52, -1,
      52, 38, 43, -1,
      52, 43, 53, -1,
      53, 43, 5, -1,
      53, 5, 41, -1,
      41, 5, 0, -1,
    ]
  }
}

Shape {
  appearance Appearance {
    material Material {
      diffuseColor 0.8549 0.8549 0.8549
      specularColor 0.4275 0.4275 0.4275
      ambientIntensity 0.2
      transparency 0.0000
      shininess 0.5
    }
  }
  geometry IndexedFaceSet {
    ccw TRUE
    solid FALSE
    coord DEF co Coordinate {
      point [
        -0.629921 0.236220 -0.039370,
        -0.627238 0.236220 -0.018991,
        -0.619372 0.236220 -0.000000,
        -0.606859 0.236220 0.016307,
        -0.590551 0.236220 0.028821,
        -0.571561 0.236220 0.036687,
        -0.551181 0.236220 0.039370,
        -0.629921 -0.236220 -0.039370,
        -0.627238 -0.236220 -0.018991,
        -0.619372 -0.236220 -0.000000,
        -0.606859 -0.236220 0.016307,
        -0.590551 -0.236220 0.028821,
        -0.571561 -0.236220 0.036687,
        -0.551181 -0.236220 0.039370,
        -0.629921 0.236220 -0.275575,
        -0.629921 -0.236220 -0.275575,
        -0.551181 -0.236220 -0.039370,
        -0.551181 -0.236220 -0.275575,
        -0.551181 0.236220 -0.275575,
        -0.551181 0.236220 -0.039370,
        0.629921 -0.236220 -0.039370,
        0.629921 -0.137795 -0.039370,
        0.627238 -0.137795 -0.018991,
        0.627238 -0.236220 -0.018991,
        0.619372 -0.137795 -0.000000,
        0.619372 -0.236220 -0.000000,
        0.606859 -0.137795 0.016307,
        0.606859 -0.236220 0.016307,
        0.590551 -0.137795 0.028821,
        0.590551 -0.236220 0.028821,
        0.571561 -0.137795 0.036687,
        0.571561 -0.236220 0.036687,
        0.551181 -0.137795 0.039370,
        0.551181 -0.236220 0.039370,
        0.551181 0.236220 -0.039370,
        0.551181 0.236220 0.039370,
        0.517435 -0.236220 -0.275591,
        0.517437 -0.236220 -0.275575,
        0.517435 0.236220 -0.275591,
        0.517437 0.236220 -0.275575,
        0.551181 0.137795 -0.039370,
        0.551181 -0.137795 -0.039370,
        0.551181 -0.236220 -0.039370,
        -0.517435 0.236220 -0.275591,
        -0.517437 0.236220 -0.275575,
        -0.517435 -0.236220 -0.275591,
        -0.517437 -0.236220 -0.275575,
        0.551181 0.137795 0.039370,
        0.275591 -0.236220 -0.275591,
        0.275591 0.236220 -0.275591,
        -0.275591 0.236220 -0.275591,
        -0.275591 -0.236220 -0.275591,
        0.275591 0.236220 -0.354315,
        0.275591 -0.236220 -0.354315,
        0.627238 0.236220 -0.018991,
        0.629921 0.236220 -0.039370,
        0.590551 0.236220 0.028821,
        0.571561 0.236220 0.036687,
        0.606859 0.236220 0.016307,
        0.619372 0.236220 -0.000000,
        0.629921 0.137795 -0.039370,
        0.627238 0.137795 -0.018991,
        0.619372 0.137795 -0.000000,
        0.606859 0.137795 0.016307,
        0.590551 0.137795 0.028821,
        0.571561 0.137795 0.036687,
        0.551181 0.137795 -0.094844,
        0.551181 0.236220 -0.275575,
        0.551181 -0.137795 -0.094844,
        0.551181 -0.236220 -0.275575,
        0.629921 0.236220 -0.275575,
        0.629921 -0.137795 -0.094844,
        0.629921 -0.236220 -0.275575,
        0.629921 0.137795 -0.094844,
        0.627238 0.236220 -0.295955,
        0.619372 0.236220 -0.314945,
        0.606859 0.236220 -0.331253,
        0.590551 0.236220 -0.343766,
        0.571561 0.236220 -0.351632,
        0.551181 0.236220 -0.354315,
        0.551181 -0.236220 -0.354315,
        0.571561 -0.236220 -0.351632,
        0.590551 -0.236220 -0.343766,
        0.606859 -0.236220 -0.331253,
        0.619372 -0.236220 -0.314945,
        0.627238 -0.236220 -0.295955,
        -0.275591 -0.236220 -0.354315,
        -0.275591 0.236220 -0.354315,
        -0.551181 0.236220 -0.354315,
        -0.551181 -0.236220 -0.354315,
        -0.571561 -0.236220 -0.351632,
        -0.571561 0.236220 -0.351632,
        -0.590551 -0.236220 -0.343766,
        -0.590551 0.236220 -0.343766,
        -0.606859 -0.236220 -0.331253,
        -0.606859 0.236220 -0.331253,
        -0.619372 -0.236220 -0.314945,
        -0.619372 0.236220 -0.314945,
        -0.627238 -0.236220 -0.295955,
        -0.627238 0.236220 -0.295955,
      ]
    }
    coordIndex [
      49, 52, 48, -1,
      48, 52, 53, -1,
      54, 55, 34, -1,
      56, 34, 57, -1,
      57, 34, 35, -1,
      56, 58, 34, -1,
      34, 58, 59, -1,
      34, 59, 54, -1,
      60, 55, 54, -1,
      60, 54, 61, -1,
      61, 54, 59, -1,
      61, 59, 62, -1,
      62, 59, 58, -1,
      62, 58, 63, -1,
      63, 58, 56, -1,
      63, 56, 64, -1,
      64, 56, 57, -1,
      64, 57, 65, -1,
      65, 57, 35, -1,
      65, 35, 47, -1,
      20, 23, 42, -1,
      42, 23, 25, -1,
      42, 25, 27, -1,
      27, 29, 42, -1,
      42, 29, 31, -1,
      42, 31, 33, -1,
      40, 34, 66, -1,
      66, 34, 67, -1,
      66, 67, 68, -1,
      68, 67, 69, -1,
      68, 69, 41, -1,
      41, 69, 42, -1,
      67, 34, 70, -1,
      70, 34, 55, -1,
      21, 20, 71, -1,
      71, 20, 72, -1,
      71, 72, 73, -1,
      73, 72, 70, -1,
      73, 70, 60, -1,
      60, 70, 55, -1,
      20, 42, 72, -1,
      72, 42, 69, -1,
      70, 74, 67, -1,
      67, 74, 75, -1,
      67, 75, 76, -1,
      76, 77, 67, -1,
      67, 77, 78, -1,
      67, 78, 79, -1,
      80, 79, 78, -1,
      80, 78, 81, -1,
      81, 78, 77, -1,
      81, 77, 82, -1,
      82, 77, 76, -1,
      82, 76, 83, -1,
      83, 76, 75, -1,
      83, 75, 84, -1,
      84, 75, 74, -1,
      84, 74, 85, -1,
      85, 74, 70, -1,
      85, 70, 72, -1,
      80, 81, 69, -1,
      69, 81, 82, -1,
      69, 82, 83, -1,
      83, 84, 69, -1,
      69, 84, 85, -1,
      69, 85, 72, -1,
      37, 69, 39, -1,
      39, 69, 67, -1,
      39, 67, 38, -1,
      38, 67, 79, -1,
      38, 79, 49, -1,
      49, 79, 52, -1,
      52, 79, 53, -1,
      53, 79, 80, -1,
      48, 53, 36, -1,
      36, 53, 80, -1,
      36, 80, 37, -1,
      37, 80, 69, -1,
      51, 86, 50, -1,
      50, 86, 87, -1,
      0, 1, 19, -1,
      19, 1, 2, -1,
      19, 2, 3, -1,
      3, 4, 19, -1,
      19, 4, 5, -1,
      19, 5, 6, -1,
      13, 12, 16, -1,
      16, 12, 11, -1,
      16, 11, 10, -1,
      10, 9, 16, -1,
      16, 9, 8, -1,
      16, 8, 7, -1,
      14, 0, 18, -1,
      18, 0, 19, -1,
      16, 7, 17, -1,
      17, 7, 15, -1,
      88, 89, 90, -1,
      88, 90, 91, -1,
      91, 90, 92, -1,
      91, 92, 93, -1,
      93, 92, 94, -1,
      93, 94, 95, -1,
      95, 94, 96, -1,
      95, 96, 97, -1,
      97, 96, 98, -1,
      97, 98, 99, -1,
      99, 98, 15, -1,
      99, 15, 14, -1,
      88, 91, 18, -1,
      18, 91, 93, -1,
      18, 93, 95, -1,
      95, 97, 18, -1,
      18, 97, 99, -1,
      18, 99, 14, -1,
      15, 98, 17, -1,
      17, 98, 96, -1,
      17, 96, 94, -1,
      94, 92, 17, -1,
      17, 92, 90, -1,
      17, 90, 89, -1,
      86, 89, 87, -1,
      87, 89, 88, -1,
      50, 87, 43, -1,
      43, 87, 88, -1,
      43, 88, 44, -1,
      44, 88, 18, -1,
      44, 18, 46, -1,
      46, 18, 17, -1,
      46, 17, 45, -1,
      45, 17, 89, -1,
      45, 89, 51, -1,
      51, 89, 86, -1,
      66, 68, 73, -1,
      73, 68, 71, -1,
      71, 68, 21, -1,
      21, 68, 41, -1,
      21, 41, 22, -1,
      28, 41, 30, -1,
      30, 41, 32, -1,
      28, 26, 41, -1,
      41, 26, 24, -1,
      41, 24, 22, -1,
      66, 73, 40, -1,
      40, 73, 60, -1,
      60, 61, 40, -1,
      40, 61, 62, -1,
      40, 62, 63, -1,
      63, 64, 40, -1,
      40, 64, 65, -1,
      40, 65, 47, -1,
    ]
  }
}

Shape {
  appearance Appearance {
    material Material {
      diffuseColor 1.0000 0.7373 0.3725
      specularColor 0.5020 0.3686 0.1882
      ambientIntensity 0.2
      transparency 0.0000
      shininess 0.5
    }
  }
  geometry IndexedFaceSet {
    ccw TRUE
    solid FALSE
    coord DEF co Coordinate {
      point [
        0.551181 -0.137795 0.039370,
        0.551181 0.137795 -0.039370,
        0.551181 -0.137795 -0.039370,
        0.551181 0.137795 0.039370,
      ]
    }
    coordIndex [
      3, 0, 1, -1,
      1, 0, 2, -1,
    ]
  }
}

Shape {
  appearance Appearance {
    material Material {
      diffuseColor 0.8549 0.8549 0.8549
      specularColor 0.4275 0.4275 0.4275
      ambientIntensity 0.2
      transparency 0.0000
      shininess 0.5
    }
  }
  geometry IndexedFaceSet {
    ccw TRUE
    solid FALSE
    coord DEF co Coordinate {
      point [
        -0.629921 0.137795 -0.039370,
        -0.627238 0.137795 -0.018991,
        -0.619372 0.137795 -0.000000,
        -0.606859 0.137795 0.016307,
        -0.590551 0.137795 0.028821,
        -0.571561 0.137795 0.036687,
        -0.551181 0.137795 0.039370,
        -0.629921 -0.137795 -0.039370,
        -0.627238 -0.137795 -0.018991,
        -0.619372 -0.137795 -0.000000,
        -0.606859 -0.137795 0.016307,
        -0.590551 -0.137795 0.028821,
        -0.571561 -0.137795 0.036687,
        -0.551181 -0.137795 0.039370,
        -0.629921 0.137795 -0.094844,
        -0.629921 -0.137795 -0.094844,
        -0.551181 -0.137795 -0.039370,
        -0.551181 -0.137795 -0.094844,
        -0.551181 0.137795 -0.094844,
        -0.551181 0.137795 -0.039370,
      ]
    }
    coordIndex [
      17, 18, 15, -1,
      15, 18, 14, -1,
      14, 18, 0, -1,
      0, 18, 19, -1,
      6, 5, 19, -1,
      19, 5, 4, -1,
      19, 4, 3, -1,
      3, 2, 19, -1,
      19, 2, 1, -1,
      19, 1, 0, -1,
      17, 15, 16, -1,
      16, 15, 7, -1,
      7, 8, 16, -1,
      16, 8, 9, -1,
      16, 9, 10, -1,
      10, 11, 16, -1,
      16, 11, 12, -1,
      16, 12, 13, -1,
    ]
  }
}

Shape {
  appearance Appearance {
    material Material {
      diffuseColor 1.0000 0.7373 0.3725
      specularColor 0.5020 0.3686 0.1882
      ambientIntensity 0.2
      transparency 0.0000
      shininess 0.5
    }
  }
  geometry IndexedFaceSet {
    ccw TRUE
    solid FALSE
    coord DEF co Coordinate {
      point [
        -0.551181 0.137795 0.039370,
        -0.551181 -0.137795 0.039370,
        -0.551181 -0.137795 -0.039370,
        -0.551181 0.137795 -0.039370,
      ]
    }
    coordIndex [
      1, 0, 2, -1,
      2, 0, 3, -1,
    ]
  }
}

Shape {
  appearance Appearance {
    material Material {
      diffuseColor 0.0000 0.0000 0.0000
      specularColor 0.0000 0.0000 0.0000
      ambientIntensity 0.2
      transparency 0.0000
      shininess 0.5
    }
  }
  geometry IndexedFaceSet {
    ccw TRUE
    solid FALSE
    coord DEF co Coordinate {
      point [
        0.109524 -0.299383 -0.148416,
        0.105703 -0.299170 -0.149907,
        0.080672 -0.304320 -0.113858,
        0.076340 -0.304320 -0.113858,
        0.080672 -0.303711 -0.118114,
        0.081523 -0.299637 -0.146638,
        0.081523 -0.299034 -0.150856,
        0.066246 -0.303711 -0.118114,
        0.066246 -0.302020 -0.129955,
        0.076340 -0.303711 -0.118114,
        0.076340 -0.302020 -0.129955,
        0.079612 -0.302020 -0.129955,
        0.079612 -0.301415 -0.134192,
        0.076340 -0.299637 -0.146638,
        0.076340 -0.301415 -0.134192,
        0.066246 -0.299637 -0.146638,
        0.066246 -0.301415 -0.134192,
        0.061422 -0.304320 -0.113858,
        0.061422 -0.299034 -0.150856,
        0.053941 -0.304193 -0.114747,
        0.050048 -0.304353 -0.113626,
        0.049047 -0.304364 -0.113546,
        0.076340 -0.299034 -0.150856,
        0.053941 -0.303479 -0.119741,
        0.041343 -0.298960 -0.151375,
        0.037292 -0.299078 -0.150550,
        0.053304 -0.299208 -0.149639,
        0.049291 -0.299022 -0.150941,
        0.031063 -0.301422 -0.134139,
        0.053525 -0.303511 -0.119518,
        0.049734 -0.303715 -0.118090,
        0.032869 -0.300467 -0.140824,
        0.034691 -0.300109 -0.143328,
        0.035415 -0.300008 -0.144038,
        0.037854 -0.299763 -0.145750,
        0.046056 -0.299562 -0.147159,
        0.050280 -0.299674 -0.146376,
        0.053941 -0.299907 -0.144746,
        0.053941 -0.299253 -0.149324,
        0.043594 -0.298945 -0.151480,
        0.033764 -0.299313 -0.148905,
        0.030754 -0.299667 -0.146430,
        0.030166 -0.299759 -0.145777,
        0.040515 -0.299618 -0.146771,
        0.044292 -0.299553 -0.147224,
        0.034948 -0.303206 -0.121651,
        0.032919 -0.302808 -0.124440,
        0.037497 -0.303504 -0.119569,
        0.040437 -0.303696 -0.118222,
        0.045133 -0.303793 -0.117546,
        0.043689 -0.303785 -0.117603,
        0.031022 -0.301617 -0.132773,
        0.031657 -0.302354 -0.127619,
        0.031661 -0.300893 -0.137841,
        0.045169 -0.304409 -0.113233,
        0.045085 -0.304409 -0.113233,
        0.042517 -0.304364 -0.113546,
        0.028645 -0.303130 -0.122188,
        0.031356 -0.303630 -0.118681,
        0.032243 -0.303750 -0.117842,
        0.035735 -0.304098 -0.115406,
        0.039634 -0.304314 -0.113896,
        0.028013 -0.300220 -0.142550,
        0.027630 -0.300371 -0.141499,
        0.026871 -0.302543 -0.126298,
        0.027630 -0.302794 -0.124539,
        0.026569 -0.300788 -0.138580,
        0.025959 -0.301577 -0.133057,
        0.026024 -0.301852 -0.131129,
        0.118900 -0.301409 -0.134228,
        0.117997 -0.300791 -0.138562,
        0.116159 -0.300244 -0.142390,
        0.113375 -0.299774 -0.145673,
        0.105703 -0.304191 -0.114754,
        0.109459 -0.303998 -0.116111,
        0.116983 -0.302983 -0.123215,
        0.118375 -0.302480 -0.126734,
        0.119011 -0.301744 -0.131884,
        0.113375 -0.303620 -0.118757,
        0.114661 -0.303442 -0.119999,
        0.099245 -0.304320 -0.113858,
        0.104948 -0.304231 -0.114481,
        0.105276 -0.299146 -0.150074,
        0.098863 -0.299034 -0.150856,
        0.088583 -0.299034 -0.150856,
        0.088583 -0.304320 -0.113858,
        0.009545 -0.304320 -0.113858,
        0.009545 -0.299637 -0.146638,
        0.024430 -0.299637 -0.146638,
        0.004721 -0.299034 -0.150856,
        0.004721 -0.304320 -0.113858,
        0.024430 -0.299034 -0.150856,
        0.024430 -0.300026 -0.146694,
        0.024430 -0.299424 -0.150912,
        0.009545 -0.300026 -0.146694,
        0.009545 -0.304709 -0.113913,
        0.004721 -0.304709 -0.113913,
        0.004721 -0.299424 -0.150912,
        0.043594 -0.299335 -0.151536,
        0.049291 -0.299412 -0.150997,
        0.053304 -0.299598 -0.149694,
        0.053941 -0.299643 -0.149380,
        0.053941 -0.300296 -0.144802,
        0.050280 -0.300064 -0.146432,
        0.046056 -0.299952 -0.147214,
        0.044292 -0.299943 -0.147280,
        0.040515 -0.300007 -0.146827,
        0.037854 -0.300153 -0.145805,
        0.035415 -0.300398 -0.144094,
        0.034691 -0.300499 -0.143383,
        0.032869 -0.300857 -0.140880,
        0.031661 -0.301283 -0.137897,
        0.031063 -0.301812 -0.134195,
        0.031022 -0.302007 -0.132829,
        0.031657 -0.302743 -0.127675,
        0.032919 -0.303198 -0.124496,
        0.034948 -0.303596 -0.121707,
        0.037497 -0.303893 -0.119624,
        0.040437 -0.304086 -0.118278,
        0.043689 -0.304174 -0.117659,
        0.045133 -0.304182 -0.117602,
        0.049734 -0.304105 -0.118146,
        0.053525 -0.303901 -0.119574,
        0.053941 -0.303869 -0.119796,
        0.053941 -0.304582 -0.114802,
        0.045085 -0.304798 -0.113289,
        0.045169 -0.304798 -0.113289,
        0.050048 -0.304743 -0.113682,
        0.039634 -0.304704 -0.113952,
        0.035735 -0.304488 -0.115461,
        0.032243 -0.304140 -0.117898,
        0.031356 -0.304020 -0.118737,
        0.028645 -0.303519 -0.122244,
        0.026871 -0.302932 -0.126354,
        0.026024 -0.302242 -0.131185,
        0.025959 -0.301967 -0.133113,
        0.028013 -0.300610 -0.142606,
        0.026569 -0.301178 -0.138636,
        0.030166 -0.300149 -0.145833,
        0.030754 -0.300056 -0.146486,
        0.033764 -0.299702 -0.148961,
        0.037292 -0.299467 -0.150606,
        0.041343 -0.299350 -0.151431,
        0.081523 -0.300026 -0.146694,
        0.081523 -0.299424 -0.150912,
        0.066246 -0.300026 -0.146694,
        0.066246 -0.301804 -0.134247,
        0.079612 -0.301804 -0.134247,
        0.079612 -0.302410 -0.130010,
        0.066246 -0.302410 -0.130010,
        0.066246 -0.304101 -0.118169,
        0.080672 -0.304101 -0.118169,
        0.080672 -0.304709 -0.113913,
        0.061422 -0.304709 -0.113913,
        0.061422 -0.299424 -0.150912,
        0.111805 -0.300904 -0.140550,
        0.109945 -0.300578 -0.142835,
        0.113375 -0.300164 -0.145729,
        0.109256 -0.300489 -0.143454,
        0.109524 -0.299772 -0.148472,
        0.106781 -0.300260 -0.145058,
        0.105276 -0.299535 -0.150130,
        0.103585 -0.300099 -0.146187,
        0.098863 -0.299424 -0.150912,
        0.098834 -0.300026 -0.146694,
        0.088583 -0.299424 -0.150912,
        0.093407 -0.300026 -0.146694,
        0.088583 -0.304709 -0.113913,
        0.093407 -0.304101 -0.118169,
        0.099245 -0.304709 -0.113913,
        0.099054 -0.304101 -0.118169,
        0.104948 -0.304620 -0.114537,
        0.103866 -0.304026 -0.118695,
        0.109459 -0.304387 -0.116167,
        0.107108 -0.303861 -0.119853,
        0.113375 -0.304009 -0.118813,
        0.109840 -0.303604 -0.121650,
        0.114661 -0.303832 -0.120054,
        0.111067 -0.303428 -0.122880,
        0.116983 -0.303372 -0.123270,
        0.112470 -0.303124 -0.125009,
        0.118375 -0.302870 -0.126790,
        0.113477 -0.302724 -0.127810,
        0.119011 -0.302134 -0.131940,
        0.113939 -0.302115 -0.132072,
        0.118900 -0.301799 -0.134283,
        0.113815 -0.301781 -0.134411,
        0.117997 -0.301180 -0.138617,
        0.113091 -0.301297 -0.137802,
        0.116159 -0.300633 -0.142445,
        0.099054 -0.303711 -0.118114,
        0.093407 -0.303711 -0.118114,
        0.093407 -0.299637 -0.146638,
        0.098834 -0.299637 -0.146638,
        0.109945 -0.300188 -0.142779,
        0.109256 -0.300100 -0.143398,
        0.106781 -0.299870 -0.145002,
        0.103585 -0.299709 -0.146131,
        0.113939 -0.301726 -0.132017,
        0.113815 -0.301391 -0.134355,
        0.113091 -0.300907 -0.137746,
        0.111805 -0.300514 -0.140494,
        0.109840 -0.303214 -0.121594,
        0.111067 -0.303039 -0.122824,
        0.112470 -0.302734 -0.124954,
        0.113477 -0.302334 -0.127754,
        0.103866 -0.303637 -0.118639,
        0.107108 -0.303471 -0.119797,
      ]
    }
    coordIndex [
      92, 93, 88, -1,
      88, 93, 91, -1,
      94, 92, 87, -1,
      87, 92, 88, -1,
      95, 94, 86, -1,
      86, 94, 87, -1,
      96, 95, 90, -1,
      90, 95, 86, -1,
      97, 96, 89, -1,
      89, 96, 90, -1,
      93, 97, 91, -1,
      91, 97, 89, -1,
      95, 96, 94, -1,
      94, 96, 97, -1,
      94, 97, 92, -1,
      92, 97, 93, -1,
      98, 39, 27, -1,
      98, 27, 99, -1,
      99, 27, 26, -1,
      99, 26, 100, -1,
      100, 26, 38, -1,
      100, 38, 101, -1,
      102, 101, 37, -1,
      37, 101, 38, -1,
      102, 37, 36, -1,
      102, 36, 103, -1,
      103, 36, 35, -1,
      103, 35, 104, -1,
      104, 35, 44, -1,
      104, 44, 105, -1,
      105, 44, 43, -1,
      105, 43, 106, -1,
      106, 43, 34, -1,
      106, 34, 107, -1,
      107, 34, 33, -1,
      107, 33, 108, -1,
      108, 33, 32, -1,
      108, 32, 109, -1,
      109, 32, 31, -1,
      109, 31, 110, -1,
      110, 31, 53, -1,
      110, 53, 111, -1,
      111, 53, 28, -1,
      111, 28, 112, -1,
      112, 28, 51, -1,
      112, 51, 113, -1,
      113, 51, 52, -1,
      113, 52, 114, -1,
      114, 52, 46, -1,
      114, 46, 115, -1,
      115, 46, 45, -1,
      115, 45, 116, -1,
      116, 45, 47, -1,
      116, 47, 117, -1,
      117, 47, 48, -1,
      117, 48, 118, -1,
      118, 48, 50, -1,
      118, 50, 119, -1,
      119, 50, 49, -1,
      119, 49, 120, -1,
      120, 49, 30, -1,
      120, 30, 121, -1,
      121, 30, 29, -1,
      121, 29, 122, -1,
      122, 29, 23, -1,
      122, 23, 123, -1,
      124, 123, 19, -1,
      19, 123, 23, -1,
      55, 125, 126, -1,
      124, 19, 20, -1,
      124, 20, 127, -1,
      127, 20, 21, -1,
      127, 21, 126, -1,
      126, 21, 54, -1,
      126, 54, 55, -1,
      125, 55, 56, -1,
      125, 56, 128, -1,
      56, 61, 128, -1,
      128, 61, 60, -1,
      128, 60, 129, -1,
      129, 60, 59, -1,
      129, 59, 130, -1,
      130, 59, 58, -1,
      130, 58, 131, -1,
      131, 58, 57, -1,
      131, 57, 132, -1,
      132, 57, 65, -1,
      132, 65, 133, -1,
      65, 64, 133, -1,
      133, 64, 68, -1,
      133, 68, 134, -1,
      134, 68, 67, -1,
      134, 67, 135, -1,
      135, 67, 66, -1,
      63, 136, 66, -1,
      66, 136, 137, -1,
      66, 137, 135, -1,
      63, 62, 136, -1,
      136, 62, 42, -1,
      136, 42, 138, -1,
      138, 42, 41, -1,
      138, 41, 139, -1,
      139, 41, 40, -1,
      139, 40, 140, -1,
      140, 40, 25, -1,
      140, 25, 141, -1,
      141, 25, 24, -1,
      141, 24, 142, -1,
      142, 24, 39, -1,
      142, 39, 98, -1,
      122, 123, 124, -1,
      117, 130, 116, -1,
      116, 130, 131, -1,
      116, 131, 115, -1,
      115, 131, 132, -1,
      115, 132, 114, -1,
      122, 124, 121, -1,
      121, 124, 127, -1,
      121, 127, 120, -1,
      120, 127, 126, -1,
      120, 126, 119, -1,
      119, 126, 125, -1,
      119, 125, 118, -1,
      118, 125, 128, -1,
      118, 128, 117, -1,
      117, 128, 129, -1,
      117, 129, 130, -1,
      101, 102, 100, -1,
      100, 102, 103, -1,
      100, 103, 99, -1,
      99, 103, 104, -1,
      99, 104, 98, -1,
      98, 104, 105, -1,
      98, 105, 142, -1,
      142, 105, 106, -1,
      142, 106, 141, -1,
      141, 106, 107, -1,
      141, 107, 140, -1,
      140, 107, 108, -1,
      140, 108, 139, -1,
      139, 108, 109, -1,
      139, 109, 138, -1,
      138, 109, 110, -1,
      138, 110, 136, -1,
      135, 113, 134, -1,
      134, 113, 114, -1,
      134, 114, 133, -1,
      133, 114, 132, -1,
      136, 110, 137, -1,
      137, 110, 111, -1,
      137, 111, 135, -1,
      135, 111, 112, -1,
      135, 112, 113, -1,
      143, 144, 5, -1,
      5, 144, 6, -1,
      15, 145, 13, -1,
      13, 145, 143, -1,
      13, 143, 5, -1,
      146, 145, 16, -1,
      16, 145, 15, -1,
      12, 147, 14, -1,
      14, 147, 146, -1,
      14, 146, 16, -1,
      148, 147, 11, -1,
      11, 147, 12, -1,
      8, 149, 10, -1,
      10, 149, 148, -1,
      10, 148, 11, -1,
      150, 149, 7, -1,
      7, 149, 8, -1,
      4, 151, 9, -1,
      9, 151, 150, -1,
      9, 150, 7, -1,
      152, 151, 2, -1,
      2, 151, 4, -1,
      17, 153, 3, -1,
      3, 153, 152, -1,
      3, 152, 2, -1,
      154, 153, 18, -1,
      18, 153, 17, -1,
      6, 144, 22, -1,
      22, 144, 154, -1,
      22, 154, 18, -1,
      154, 144, 143, -1,
      143, 145, 154, -1,
      154, 145, 146, -1,
      154, 146, 153, -1,
      151, 152, 150, -1,
      150, 152, 153, -1,
      150, 153, 149, -1,
      149, 153, 146, -1,
      149, 146, 148, -1,
      148, 146, 147, -1,
      155, 156, 157, -1,
      157, 156, 158, -1,
      157, 158, 159, -1,
      159, 158, 160, -1,
      159, 160, 161, -1,
      161, 160, 162, -1,
      161, 162, 163, -1,
      163, 162, 164, -1,
      163, 164, 165, -1,
      165, 164, 166, -1,
      165, 166, 167, -1,
      167, 166, 168, -1,
      167, 168, 169, -1,
      169, 168, 170, -1,
      169, 170, 171, -1,
      171, 170, 172, -1,
      171, 172, 173, -1,
      173, 172, 174, -1,
      173, 174, 175, -1,
      175, 174, 176, -1,
      175, 176, 177, -1,
      177, 176, 178, -1,
      177, 178, 179, -1,
      179, 178, 180, -1,
      179, 180, 181, -1,
      181, 180, 182, -1,
      181, 182, 183, -1,
      183, 182, 184, -1,
      183, 184, 185, -1,
      185, 184, 186, -1,
      185, 186, 187, -1,
      187, 186, 188, -1,
      187, 188, 189, -1,
      189, 188, 155, -1,
      189, 155, 157, -1,
      163, 165, 83, -1,
      83, 165, 84, -1,
      72, 157, 159, -1,
      163, 83, 82, -1,
      163, 82, 161, -1,
      161, 82, 1, -1,
      161, 1, 159, -1,
      159, 1, 0, -1,
      159, 0, 72, -1,
      157, 72, 71, -1,
      157, 71, 189, -1,
      189, 71, 70, -1,
      189, 70, 187, -1,
      187, 70, 69, -1,
      187, 69, 185, -1,
      185, 69, 77, -1,
      185, 77, 183, -1,
      183, 77, 76, -1,
      183, 76, 181, -1,
      181, 76, 75, -1,
      181, 75, 179, -1,
      179, 75, 79, -1,
      179, 79, 177, -1,
      177, 79, 78, -1,
      177, 78, 175, -1,
      175, 78, 74, -1,
      73, 171, 74, -1,
      74, 171, 173, -1,
      74, 173, 175, -1,
      73, 81, 171, -1,
      171, 81, 80, -1,
      171, 80, 169, -1,
      167, 169, 85, -1,
      85, 169, 80, -1,
      165, 167, 84, -1,
      84, 167, 85, -1,
      170, 168, 190, -1,
      190, 168, 191, -1,
      168, 166, 191, -1,
      191, 166, 192, -1,
      166, 164, 192, -1,
      192, 164, 193, -1,
      156, 194, 195, -1,
      156, 195, 158, -1,
      158, 195, 196, -1,
      158, 196, 160, -1,
      160, 196, 197, -1,
      160, 197, 162, -1,
      162, 197, 193, -1,
      162, 193, 164, -1,
      184, 198, 199, -1,
      184, 199, 186, -1,
      186, 199, 200, -1,
      186, 200, 188, -1,
      188, 200, 201, -1,
      188, 201, 155, -1,
      155, 201, 194, -1,
      155, 194, 156, -1,
      176, 202, 203, -1,
      176, 203, 178, -1,
      178, 203, 204, -1,
      178, 204, 180, -1,
      180, 204, 205, -1,
      180, 205, 182, -1,
      182, 205, 198, -1,
      182, 198, 184, -1,
      170, 190, 206, -1,
      170, 206, 172, -1,
      172, 206, 207, -1,
      172, 207, 174, -1,
      174, 207, 202, -1,
      174, 202, 176, -1,
    ]
  }
}

Shape {
  appearance Appearance {
    material Material {
      diffuseColor 1.0000 0.7373 0.3725
      specularColor 0.5020 0.3686 0.1882
      ambientIntensity 0.2
      transparency 0.0000
      shininess 0.5
    }
  }
  geometry IndexedFaceSet {
    ccw TRUE
    solid FALSE
    coord DEF co Coordinate {
      point [
        0.099054 -0.303711 -0.118114,
        0.093407 -0.303711 -0.118114,
        0.093407 -0.299637 -0.146638,
        0.098834 -0.299637 -0.146638,
        0.109945 -0.300188 -0.142779,
        0.109256 -0.300100 -0.143398,
        0.106781 -0.299870 -0.145002,
        0.103585 -0.299709 -0.146131,
        0.113939 -0.301726 -0.132017,
        0.113815 -0.301391 -0.134355,
        0.113091 -0.300907 -0.137746,
        0.111805 -0.300514 -0.140494,
        0.109840 -0.303214 -0.121594,
        0.111067 -0.303039 -0.122824,
        0.112470 -0.302734 -0.124954,
        0.113477 -0.302334 -0.127754,
        0.103866 -0.303637 -0.118639,
        0.107108 -0.303471 -0.119797,
      ]
    }
    coordIndex [
      1, 2, 0, -1,
      0, 2, 3, -1,
      0, 3, 7, -1,
      7, 6, 0, -1,
      0, 6, 5, -1,
      0, 5, 4, -1,
      4, 11, 0, -1,
      0, 11, 10, -1,
      0, 10, 9, -1,
      9, 8, 0, -1,
      0, 8, 15, -1,
      0, 15, 14, -1,
      14, 13, 0, -1,
      0, 13, 12, -1,
      0, 12, 16, -1,
      16, 12, 17, -1,
    ]
  }
}

Shape {
  appearance Appearance {
    material Material {
      diffuseColor 0.0000 0.0000 0.0000
      specularColor 0.0000 0.0000 0.0000
      ambientIntensity 0.2
      transparency 0.0000
      shininess 0.5
    }
  }
  geometry IndexedFaceSet {
    ccw TRUE
    solid FALSE
    coord DEF co Coordinate {
      point [
        0.145571 -0.300480 -0.140737,
        0.131856 -0.300480 -0.140737,
        0.149383 -0.299034 -0.150856,
        0.154713 -0.299034 -0.150856,
        0.140479 -0.304320 -0.113858,
        0.135320 -0.304320 -0.113858,
        0.131856 -0.303033 -0.122859,
        0.121085 -0.299034 -0.150856,
        0.126415 -0.299034 -0.150856,
        0.130008 -0.300480 -0.140737,
        0.131536 -0.301467 -0.136612,
        0.130008 -0.300869 -0.140792,
        0.144080 -0.301467 -0.136612,
        0.145571 -0.300869 -0.140792,
        0.137125 -0.303663 -0.121233,
        0.135320 -0.304709 -0.113913,
        0.121085 -0.299424 -0.150912,
        0.126415 -0.299424 -0.150912,
        0.137449 -0.303821 -0.120130,
        0.137737 -0.304034 -0.118642,
        0.140479 -0.304709 -0.113913,
        0.137851 -0.304034 -0.118642,
        0.138154 -0.303810 -0.120207,
        0.138434 -0.303663 -0.121233,
        0.154713 -0.299424 -0.150912,
        0.149383 -0.299424 -0.150912,
        0.131536 -0.301077 -0.136556,
        0.144080 -0.301077 -0.136556,
        0.138434 -0.303274 -0.121178,
        0.137851 -0.303644 -0.118587,
        0.138154 -0.303420 -0.120152,
        0.137737 -0.303644 -0.118587,
        0.137125 -0.303274 -0.121178,
        0.137449 -0.303431 -0.120074,
      ]
    }
    coordIndex [
      10, 11, 12, -1,
      12, 11, 13, -1,
      14, 15, 10, -1,
      10, 15, 16, -1,
      10, 16, 11, -1,
      11, 16, 17, -1,
      14, 18, 15, -1,
      15, 18, 19, -1,
      15, 19, 20, -1,
      20, 19, 21, -1,
      20, 21, 22, -1,
      22, 23, 20, -1,
      20, 23, 12, -1,
      20, 12, 24, -1,
      24, 12, 13, -1,
      24, 13, 25, -1,
      20, 24, 4, -1,
      4, 24, 3, -1,
      15, 20, 5, -1,
      5, 20, 4, -1,
      7, 16, 6, -1,
      6, 16, 15, -1,
      6, 15, 5, -1,
      17, 16, 8, -1,
      8, 16, 7, -1,
      11, 17, 9, -1,
      9, 17, 8, -1,
      0, 13, 1, -1,
      1, 13, 11, -1,
      1, 11, 9, -1,
      25, 13, 2, -1,
      2, 13, 0, -1,
      24, 25, 3, -1,
      3, 25, 2, -1,
      10, 12, 26, -1,
      26, 12, 27, -1,
      12, 23, 27, -1,
      27, 23, 28, -1,
      21, 29, 30, -1,
      21, 30, 22, -1,
      22, 30, 28, -1,
      22, 28, 23, -1,
      21, 19, 29, -1,
      29, 19, 31, -1,
      14, 32, 33, -1,
      14, 33, 18, -1,
      18, 33, 31, -1,
      18, 31, 19, -1,
      14, 10, 32, -1,
      32, 10, 26, -1,
    ]
  }
}

Shape {
  appearance Appearance {
    material Material {
      diffuseColor 1.0000 0.7373 0.3725
      specularColor 0.5020 0.3686 0.1882
      ambientIntensity 0.2
      transparency 0.0000
      shininess 0.5
    }
  }
  geometry IndexedFaceSet {
    ccw TRUE
    solid FALSE
    coord DEF co Coordinate {
      point [
        0.131536 -0.301077 -0.136556,
        0.144080 -0.301077 -0.136556,
        0.138434 -0.303274 -0.121178,
        0.137851 -0.303644 -0.118587,
        0.138154 -0.303420 -0.120152,
        0.137737 -0.303644 -0.118587,
        0.137125 -0.303274 -0.121178,
        0.137449 -0.303431 -0.120074,
      ]
    }
    coordIndex [
      3, 5, 4, -1,
      4, 5, 7, -1,
      4, 7, 2, -1,
      2, 7, 6, -1,
      2, 6, 1, -1,
      1, 6, 0, -1,
    ]
  }
}

Shape {
  appearance Appearance {
    material Material {
      diffuseColor 0.0000 0.0000 0.0000
      specularColor 0.0000 0.0000 0.0000
      ambientIntensity 0.2
      transparency 0.0000
      shininess 0.5
    }
  }
  geometry IndexedFaceSet {
    ccw TRUE
    solid FALSE
    coord DEF co Coordinate {
      point [
        0.030252 -0.292258 -0.198289,
        0.031186 -0.292448 -0.196961,
        0.031911 -0.293516 -0.189481,
        0.041947 -0.290685 -0.209295,
        0.040268 -0.290605 -0.209863,
        0.046069 -0.290649 -0.209550,
        0.043664 -0.290842 -0.208201,
        0.033085 -0.290708 -0.209138,
        0.034862 -0.290610 -0.209826,
        0.035107 -0.290605 -0.209863,
        0.030099 -0.291136 -0.206144,
        0.029533 -0.291360 -0.204576,
        0.029302 -0.291660 -0.202476,
        0.032619 -0.292624 -0.195729,
        0.034609 -0.292768 -0.194717,
        0.035159 -0.293805 -0.187463,
        0.038159 -0.292892 -0.193851,
        0.042276 -0.293948 -0.186456,
        0.040662 -0.293973 -0.186285,
        0.038092 -0.293938 -0.186527,
        0.031595 -0.290857 -0.208094,
        0.031071 -0.290932 -0.207568,
        0.046069 -0.291233 -0.205465,
        0.045945 -0.291233 -0.205465,
        0.045152 -0.291064 -0.206647,
        0.029315 -0.291738 -0.201928,
        0.029611 -0.292024 -0.199925,
        0.031911 -0.294159 -0.184980,
        0.032844 -0.294236 -0.184443,
        0.036319 -0.294428 -0.183100,
        0.048674 -0.294100 -0.185398,
        0.049636 -0.293887 -0.186885,
        0.050375 -0.293588 -0.188976,
        0.041101 -0.294511 -0.182520,
        0.043873 -0.294476 -0.182763,
        0.045858 -0.294392 -0.183350,
        0.046069 -0.293049 -0.192754,
        0.045913 -0.293336 -0.190744,
        0.045433 -0.293574 -0.189078,
        0.044885 -0.293711 -0.188118,
        0.047420 -0.294267 -0.184224,
        0.044181 -0.293818 -0.187369,
        0.043354 -0.293894 -0.186835,
        0.050750 -0.293078 -0.192546,
        0.040022 -0.290593 -0.209946,
        0.037767 -0.290560 -0.210175,
        0.037071 -0.290563 -0.210157,
        0.050750 -0.290649 -0.209550,
        0.024822 -0.291252 -0.205332,
        0.024822 -0.290649 -0.209550,
        0.004721 -0.290649 -0.209550,
        0.023971 -0.295327 -0.176808,
        0.004721 -0.295935 -0.172552,
        0.023971 -0.295935 -0.172552,
        0.009545 -0.293030 -0.192886,
        0.009545 -0.291252 -0.205332,
        0.022911 -0.293030 -0.192886,
        0.022911 -0.293635 -0.188649,
        0.009545 -0.293635 -0.188649,
        0.009545 -0.295327 -0.176808,
        0.024822 -0.291641 -0.205388,
        0.024822 -0.291039 -0.209606,
        0.009545 -0.291641 -0.205388,
        0.009545 -0.293420 -0.192942,
        0.022911 -0.293420 -0.192942,
        0.022911 -0.294025 -0.188705,
        0.009545 -0.294025 -0.188705,
        0.009545 -0.295717 -0.176864,
        0.023971 -0.295717 -0.176864,
        0.023971 -0.296324 -0.172608,
        0.004721 -0.296324 -0.172608,
        0.004721 -0.291039 -0.209606,
        0.050750 -0.293468 -0.192601,
        0.046069 -0.292933 -0.196346,
        0.046069 -0.292571 -0.198881,
        0.045945 -0.291622 -0.205520,
        0.046069 -0.291622 -0.205520,
        0.045794 -0.292248 -0.201142,
        0.034609 -0.293158 -0.194773,
        0.032619 -0.293013 -0.195785,
        0.035293 -0.292582 -0.198806,
        0.046069 -0.291039 -0.209606,
        0.050750 -0.291039 -0.209606,
        0.035009 -0.291720 -0.204841,
        0.031595 -0.291247 -0.208150,
        0.035407 -0.291663 -0.205237,
        0.033085 -0.291098 -0.209193,
        0.036340 -0.291573 -0.205867,
        0.034862 -0.291000 -0.209881,
        0.037399 -0.291518 -0.206252,
        0.037071 -0.290952 -0.210213,
        0.037767 -0.290950 -0.210230,
        0.038980 -0.291493 -0.206428,
        0.040022 -0.290982 -0.210002,
        0.040860 -0.291525 -0.206203,
        0.041947 -0.291075 -0.209351,
        0.042262 -0.291602 -0.205668,
        0.043664 -0.291232 -0.208256,
        0.043565 -0.291731 -0.204761,
        0.045152 -0.291454 -0.206703,
        0.044063 -0.291801 -0.204272,
        0.045132 -0.292010 -0.202810,
        0.034732 -0.292484 -0.199492,
        0.031186 -0.292837 -0.197017,
        0.034321 -0.292360 -0.200357,
        0.030252 -0.292648 -0.198345,
        0.034090 -0.292209 -0.201418,
        0.035924 -0.292650 -0.198328,
        0.037048 -0.292724 -0.197807,
        0.038159 -0.293282 -0.193906,
        0.039821 -0.292814 -0.197179,
        0.046069 -0.293439 -0.192809,
        0.031911 -0.294549 -0.185035,
        0.031911 -0.293906 -0.189537,
        0.032844 -0.294626 -0.184498,
        0.035159 -0.294194 -0.187519,
        0.036319 -0.294818 -0.183156,
        0.038092 -0.294328 -0.186583,
        0.041101 -0.294900 -0.182576,
        0.040662 -0.294363 -0.186340,
        0.043873 -0.294866 -0.182819,
        0.042276 -0.294338 -0.186511,
        0.045858 -0.294782 -0.183406,
        0.043354 -0.294284 -0.186891,
        0.047420 -0.294657 -0.184279,
        0.044181 -0.294208 -0.187424,
        0.048674 -0.294489 -0.185454,
        0.044885 -0.294101 -0.188174,
        0.049636 -0.294277 -0.186941,
        0.045433 -0.293963 -0.189133,
        0.050375 -0.293978 -0.189032,
        0.045913 -0.293726 -0.190800,
        0.029611 -0.292414 -0.199980,
        0.029315 -0.292128 -0.201983,
        0.034050 -0.292104 -0.202154,
        0.029302 -0.292050 -0.202532,
        0.034169 -0.291952 -0.203217,
        0.029533 -0.291750 -0.204631,
        0.034477 -0.291831 -0.204059,
        0.030099 -0.291526 -0.206200,
        0.031071 -0.291322 -0.207624,
        0.035293 -0.292192 -0.198750,
        0.035924 -0.292260 -0.198273,
        0.037048 -0.292335 -0.197752,
        0.039821 -0.292424 -0.197123,
        0.034050 -0.291714 -0.202098,
        0.034090 -0.291819 -0.201362,
        0.034321 -0.291970 -0.200301,
        0.034732 -0.292094 -0.199437,
        0.035407 -0.291273 -0.205181,
        0.035009 -0.291330 -0.204785,
        0.034477 -0.291441 -0.204004,
        0.034169 -0.291562 -0.203162,
        0.038980 -0.291103 -0.206373,
        0.037399 -0.291128 -0.206196,
        0.036340 -0.291183 -0.205812,
        0.044063 -0.291411 -0.204216,
        0.043565 -0.291341 -0.204706,
        0.042262 -0.291212 -0.205612,
        0.040860 -0.291135 -0.206148,
        0.046069 -0.292181 -0.198826,
        0.045794 -0.291858 -0.201087,
        0.045132 -0.291620 -0.202754,
        0.046069 -0.292543 -0.196291,
      ]
    }
    coordIndex [
      60, 61, 48, -1,
      48, 61, 49, -1,
      62, 60, 55, -1,
      55, 60, 48, -1,
      63, 62, 54, -1,
      54, 62, 55, -1,
      64, 63, 56, -1,
      56, 63, 54, -1,
      65, 64, 57, -1,
      57, 64, 56, -1,
      66, 65, 58, -1,
      58, 65, 57, -1,
      67, 66, 59, -1,
      59, 66, 58, -1,
      68, 67, 51, -1,
      51, 67, 59, -1,
      69, 68, 53, -1,
      53, 68, 51, -1,
      70, 69, 52, -1,
      52, 69, 53, -1,
      71, 70, 50, -1,
      50, 70, 52, -1,
      61, 71, 49, -1,
      49, 71, 50, -1,
      71, 61, 60, -1,
      60, 62, 71, -1,
      71, 62, 63, -1,
      71, 63, 70, -1,
      68, 69, 67, -1,
      67, 69, 70, -1,
      67, 70, 66, -1,
      66, 70, 63, -1,
      66, 63, 65, -1,
      65, 63, 64, -1,
      72, 73, 74, -1,
      75, 76, 77, -1,
      78, 79, 80, -1,
      81, 82, 76, -1,
      76, 82, 72, -1,
      76, 72, 77, -1,
      77, 72, 74, -1,
      83, 84, 85, -1,
      85, 84, 86, -1,
      85, 86, 87, -1,
      87, 86, 88, -1,
      87, 88, 89, -1,
      88, 90, 89, -1,
      89, 90, 91, -1,
      89, 91, 92, -1,
      92, 91, 93, -1,
      92, 93, 94, -1,
      94, 93, 95, -1,
      94, 95, 96, -1,
      96, 95, 97, -1,
      96, 97, 98, -1,
      98, 97, 99, -1,
      98, 99, 100, -1,
      100, 99, 75, -1,
      100, 75, 101, -1,
      101, 75, 77, -1,
      80, 79, 102, -1,
      102, 79, 103, -1,
      102, 103, 104, -1,
      104, 103, 105, -1,
      104, 105, 106, -1,
      80, 107, 78, -1,
      78, 107, 108, -1,
      78, 108, 109, -1,
      109, 108, 110, -1,
      109, 110, 111, -1,
      112, 113, 114, -1,
      114, 113, 115, -1,
      114, 115, 116, -1,
      116, 115, 117, -1,
      116, 117, 118, -1,
      118, 117, 119, -1,
      118, 119, 120, -1,
      120, 119, 121, -1,
      120, 121, 122, -1,
      122, 121, 123, -1,
      122, 123, 124, -1,
      124, 123, 125, -1,
      124, 125, 126, -1,
      126, 125, 127, -1,
      126, 127, 128, -1,
      128, 127, 129, -1,
      128, 129, 130, -1,
      130, 129, 131, -1,
      130, 131, 72, -1,
      72, 131, 111, -1,
      72, 111, 73, -1,
      73, 111, 110, -1,
      105, 132, 106, -1,
      106, 132, 133, -1,
      106, 133, 134, -1,
      134, 133, 135, -1,
      134, 135, 136, -1,
      136, 135, 137, -1,
      136, 137, 138, -1,
      138, 137, 139, -1,
      138, 139, 83, -1,
      83, 139, 140, -1,
      83, 140, 84, -1,
      118, 33, 29, -1,
      118, 29, 116, -1,
      116, 29, 28, -1,
      116, 28, 114, -1,
      114, 28, 27, -1,
      114, 27, 112, -1,
      113, 112, 2, -1,
      2, 112, 27, -1,
      113, 2, 15, -1,
      113, 15, 115, -1,
      115, 15, 19, -1,
      115, 19, 117, -1,
      117, 19, 18, -1,
      117, 18, 119, -1,
      119, 18, 17, -1,
      119, 17, 121, -1,
      121, 17, 42, -1,
      121, 42, 123, -1,
      123, 42, 41, -1,
      123, 41, 125, -1,
      125, 41, 39, -1,
      125, 39, 127, -1,
      127, 39, 38, -1,
      127, 38, 129, -1,
      129, 38, 37, -1,
      129, 37, 131, -1,
      131, 37, 36, -1,
      131, 36, 111, -1,
      109, 111, 16, -1,
      16, 111, 36, -1,
      109, 16, 14, -1,
      109, 14, 78, -1,
      78, 14, 13, -1,
      78, 13, 79, -1,
      79, 13, 1, -1,
      79, 1, 103, -1,
      103, 1, 0, -1,
      103, 0, 105, -1,
      105, 0, 26, -1,
      105, 26, 132, -1,
      132, 26, 25, -1,
      132, 25, 133, -1,
      133, 25, 12, -1,
      133, 12, 135, -1,
      135, 12, 11, -1,
      135, 11, 137, -1,
      137, 11, 10, -1,
      137, 10, 139, -1,
      139, 10, 21, -1,
      139, 21, 140, -1,
      140, 21, 20, -1,
      140, 20, 84, -1,
      45, 91, 90, -1,
      84, 20, 7, -1,
      84, 7, 86, -1,
      86, 7, 8, -1,
      86, 8, 88, -1,
      88, 8, 9, -1,
      88, 9, 90, -1,
      90, 9, 46, -1,
      90, 46, 45, -1,
      91, 45, 44, -1,
      91, 44, 93, -1,
      93, 44, 4, -1,
      93, 4, 95, -1,
      4, 3, 95, -1,
      95, 3, 6, -1,
      95, 6, 97, -1,
      97, 6, 24, -1,
      97, 24, 99, -1,
      99, 24, 23, -1,
      99, 23, 75, -1,
      76, 75, 22, -1,
      22, 75, 23, -1,
      81, 76, 5, -1,
      5, 76, 22, -1,
      82, 81, 47, -1,
      47, 81, 5, -1,
      72, 82, 43, -1,
      43, 82, 47, -1,
      72, 43, 32, -1,
      72, 32, 130, -1,
      130, 32, 31, -1,
      130, 31, 128, -1,
      128, 31, 30, -1,
      128, 30, 126, -1,
      126, 30, 40, -1,
      126, 40, 124, -1,
      124, 40, 35, -1,
      124, 35, 122, -1,
      122, 35, 34, -1,
      122, 34, 120, -1,
      120, 34, 33, -1,
      120, 33, 118, -1,
      80, 141, 142, -1,
      80, 142, 107, -1,
      107, 142, 143, -1,
      107, 143, 108, -1,
      108, 143, 144, -1,
      108, 144, 110, -1,
      134, 145, 146, -1,
      134, 146, 106, -1,
      106, 146, 147, -1,
      106, 147, 104, -1,
      104, 147, 148, -1,
      104, 148, 102, -1,
      102, 148, 141, -1,
      102, 141, 80, -1,
      85, 149, 150, -1,
      85, 150, 83, -1,
      83, 150, 151, -1,
      83, 151, 138, -1,
      138, 151, 152, -1,
      138, 152, 136, -1,
      136, 152, 145, -1,
      136, 145, 134, -1,
      92, 153, 154, -1,
      92, 154, 89, -1,
      89, 154, 155, -1,
      89, 155, 87, -1,
      87, 155, 149, -1,
      87, 149, 85, -1,
      100, 156, 157, -1,
      100, 157, 98, -1,
      98, 157, 158, -1,
      98, 158, 96, -1,
      96, 158, 159, -1,
      96, 159, 94, -1,
      94, 159, 153, -1,
      94, 153, 92, -1,
      74, 160, 161, -1,
      74, 161, 77, -1,
      77, 161, 162, -1,
      77, 162, 101, -1,
      101, 162, 156, -1,
      101, 156, 100, -1,
      74, 73, 160, -1,
      160, 73, 163, -1,
      73, 110, 163, -1,
      163, 110, 144, -1,
    ]
  }
}

Shape {
  appearance Appearance {
    material Material {
      diffuseColor 1.0000 0.7373 0.3725
      specularColor 0.5020 0.3686 0.1882
      ambientIntensity 0.2
      transparency 0.0000
      shininess 0.5
    }
  }
  geometry IndexedFaceSet {
    ccw TRUE
    solid FALSE
    coord DEF co Coordinate {
      point [
        0.035293 -0.292192 -0.198750,
        0.035924 -0.292260 -0.198273,
        0.037048 -0.292335 -0.197752,
        0.039821 -0.292424 -0.197123,
        0.034050 -0.291714 -0.202098,
        0.034090 -0.291819 -0.201362,
        0.034321 -0.291970 -0.200301,
        0.034732 -0.292094 -0.199437,
        0.035407 -0.291273 -0.205181,
        0.035009 -0.291330 -0.204785,
        0.034477 -0.291441 -0.204004,
        0.034169 -0.291562 -0.203162,
        0.038980 -0.291103 -0.206373,
        0.037399 -0.291128 -0.206196,
        0.036340 -0.291183 -0.205812,
        0.044063 -0.291411 -0.204216,
        0.043565 -0.291341 -0.204706,
        0.042262 -0.291212 -0.205612,
        0.040860 -0.291135 -0.206148,
        0.046069 -0.292181 -0.198826,
        0.045794 -0.291858 -0.201087,
        0.045132 -0.291620 -0.202754,
        0.046069 -0.292543 -0.196291,
      ]
    }
    coordIndex [
      16, 15, 3, -1,
      3, 15, 21, -1,
      18, 2, 1, -1,
      2, 18, 3, -1,
      3, 18, 17, -1,
      3, 17, 16, -1,
      21, 20, 3, -1,
      3, 20, 19, -1,
      3, 19, 22, -1,
      6, 5, 18, -1,
      18, 5, 4, -1,
      18, 4, 11, -1,
      14, 13, 8, -1,
      8, 13, 12, -1,
      8, 12, 18, -1,
      1, 0, 18, -1,
      18, 0, 7, -1,
      18, 7, 6, -1,
      11, 10, 18, -1,
      18, 10, 9, -1,
      18, 9, 8, -1,
    ]
  }
}

Shape {
  appearance Appearance {
    material Material {
      diffuseColor 0.0000 0.0000 0.0000
      specularColor 0.0000 0.0000 0.0000
      ambientIntensity 0.2
      transparency 0.0000
      shininess 0.5
    }
  }
  geometry IndexedFaceSet {
    ccw TRUE
    solid FALSE
    coord DEF co Coordinate {
      point [
        0.068607 -0.290633 -0.209666,
        0.066957 -0.290605 -0.209863,
        0.058667 -0.294023 -0.185933,
        0.059258 -0.294099 -0.185400,
        0.127476 -0.295935 -0.172552,
        0.120048 -0.295935 -0.172552,
        0.108225 -0.295935 -0.172552,
        0.127476 -0.295327 -0.176808,
        0.128326 -0.291252 -0.205332,
        0.128326 -0.290649 -0.209550,
        0.113050 -0.295327 -0.176808,
        0.113050 -0.293635 -0.188649,
        0.120048 -0.295327 -0.176808,
        0.120048 -0.293635 -0.188649,
        0.126415 -0.293635 -0.188649,
        0.126415 -0.293030 -0.192886,
        0.120048 -0.291252 -0.205332,
        0.120048 -0.293030 -0.192886,
        0.113050 -0.291252 -0.205332,
        0.113050 -0.293030 -0.192886,
        0.098328 -0.294424 -0.183126,
        0.103181 -0.294424 -0.183126,
        0.089768 -0.291587 -0.202987,
        0.090341 -0.291276 -0.205162,
        0.090465 -0.291276 -0.205162,
        0.085053 -0.293505 -0.189560,
        0.091038 -0.291581 -0.203025,
        0.090680 -0.291406 -0.204257,
        0.085053 -0.291728 -0.202000,
        0.077558 -0.294424 -0.183126,
        0.082793 -0.294424 -0.183126,
        0.088029 -0.290657 -0.209494,
        0.087871 -0.290605 -0.209863,
        0.085975 -0.289971 -0.214298,
        0.078523 -0.288925 -0.221619,
        0.078523 -0.289514 -0.217495,
        0.079481 -0.289470 -0.217806,
        0.081179 -0.289439 -0.218024,
        0.081594 -0.289441 -0.218009,
        0.082657 -0.289470 -0.217802,
        0.083647 -0.289537 -0.217334,
        0.084090 -0.289583 -0.217011,
        0.084963 -0.289715 -0.216091,
        0.085053 -0.289737 -0.215933,
        0.085053 -0.288990 -0.221167,
        0.083475 -0.288903 -0.221771,
        0.081542 -0.288871 -0.221997,
        0.080462 -0.288877 -0.221956,
        0.091067 -0.290079 -0.213542,
        0.088848 -0.289475 -0.217771,
        0.092532 -0.290605 -0.209863,
        0.087131 -0.289191 -0.219761,
        0.086951 -0.289167 -0.219923,
        0.085318 -0.289004 -0.221065,
        0.165704 -0.293024 -0.192922,
        0.164801 -0.292406 -0.197256,
        0.162963 -0.291859 -0.201084,
        0.160178 -0.291389 -0.204368,
        0.165815 -0.293359 -0.190578,
        0.165178 -0.294095 -0.185428,
        0.146048 -0.295935 -0.172552,
        0.151752 -0.295846 -0.173175,
        0.156328 -0.290998 -0.207110,
        0.152080 -0.290761 -0.208768,
        0.145666 -0.290649 -0.209550,
        0.160178 -0.295235 -0.177451,
        0.161464 -0.295057 -0.178693,
        0.163786 -0.294598 -0.181909,
        0.156263 -0.295613 -0.174806,
        0.135387 -0.290649 -0.209550,
        0.135387 -0.295935 -0.172552,
        0.108225 -0.290649 -0.209550,
        0.120048 -0.290649 -0.209550,
        0.059217 -0.292695 -0.195230,
        0.057094 -0.291465 -0.203838,
        0.059258 -0.292691 -0.195257,
        0.058777 -0.291316 -0.204881,
        0.059258 -0.291289 -0.205068,
        0.057822 -0.293843 -0.187191,
        0.057288 -0.293630 -0.188685,
        0.058451 -0.292808 -0.194437,
        0.057888 -0.292933 -0.193564,
        0.057352 -0.293132 -0.192167,
        0.057123 -0.293406 -0.190257,
        0.057094 -0.290781 -0.208624,
        0.059258 -0.290674 -0.209378,
        0.060368 -0.290619 -0.209764,
        0.061318 -0.290605 -0.209863,
        0.064336 -0.290560 -0.210175,
        0.073555 -0.292300 -0.197993,
        0.074370 -0.292134 -0.199157,
        0.073842 -0.293700 -0.188195,
        0.074379 -0.291215 -0.205591,
        0.073535 -0.291039 -0.206822,
        0.060122 -0.294211 -0.184620,
        0.061251 -0.294309 -0.183932,
        0.063754 -0.294446 -0.182970,
        0.067517 -0.294511 -0.182520,
        0.072112 -0.290860 -0.208075,
        0.071059 -0.290768 -0.208719,
        0.074895 -0.291942 -0.200502,
        0.075122 -0.291676 -0.202363,
        0.074926 -0.291426 -0.204116,
        0.073842 -0.294343 -0.183693,
        0.070801 -0.294469 -0.182809,
        0.067059 -0.293973 -0.186285,
        0.065673 -0.293958 -0.186387,
        0.061947 -0.293465 -0.189841,
        0.064420 -0.293911 -0.186716,
        0.063371 -0.293832 -0.187268,
        0.061990 -0.293377 -0.190457,
        0.062176 -0.293274 -0.191177,
        0.062513 -0.293185 -0.191802,
        0.062970 -0.293113 -0.192300,
        0.064620 -0.292968 -0.193321,
        0.070334 -0.293917 -0.186680,
        0.067517 -0.292789 -0.194569,
        0.072982 -0.293771 -0.187696,
        0.069330 -0.292685 -0.195296,
        0.072439 -0.292441 -0.197007,
        0.062665 -0.293744 -0.187886,
        0.062263 -0.293660 -0.188476,
        0.062032 -0.293570 -0.189102,
        0.061705 -0.291154 -0.206014,
        0.064211 -0.292308 -0.197937,
        0.061421 -0.292489 -0.196670,
        0.064794 -0.291100 -0.206392,
        0.065001 -0.291100 -0.206390,
        0.067285 -0.292126 -0.199211,
        0.067401 -0.291139 -0.206124,
        0.070316 -0.291611 -0.202817,
        0.070270 -0.291693 -0.202240,
        0.068609 -0.291201 -0.205686,
        0.069035 -0.291238 -0.205430,
        0.069573 -0.291305 -0.204958,
        0.069981 -0.291391 -0.204360,
        0.070219 -0.291485 -0.203701,
        0.070058 -0.291797 -0.201517,
        0.069696 -0.291885 -0.200902,
        0.069113 -0.291970 -0.200301,
        0.064794 -0.291490 -0.206447,
        0.058777 -0.291706 -0.204937,
        0.061705 -0.291544 -0.206070,
        0.057094 -0.291855 -0.203894,
        0.057094 -0.291171 -0.208679,
        0.060368 -0.291008 -0.209820,
        0.064336 -0.290950 -0.210230,
        0.068607 -0.291022 -0.209722,
        0.071059 -0.291157 -0.208775,
        0.072112 -0.291250 -0.208131,
        0.073535 -0.291429 -0.206878,
        0.074379 -0.291605 -0.205647,
        0.074926 -0.291815 -0.204171,
        0.075122 -0.292066 -0.202418,
        0.074895 -0.292331 -0.200558,
        0.074370 -0.292524 -0.199213,
        0.073555 -0.292690 -0.198049,
        0.072439 -0.292831 -0.197063,
        0.069330 -0.293075 -0.195351,
        0.067517 -0.293179 -0.194625,
        0.064620 -0.293357 -0.193377,
        0.062970 -0.293503 -0.192355,
        0.062513 -0.293574 -0.191858,
        0.062176 -0.293664 -0.191233,
        0.061990 -0.293767 -0.190513,
        0.061947 -0.293855 -0.189896,
        0.062032 -0.293960 -0.189157,
        0.062263 -0.294050 -0.188531,
        0.062665 -0.294134 -0.187942,
        0.063371 -0.294222 -0.187324,
        0.064420 -0.294301 -0.186771,
        0.065673 -0.294348 -0.186443,
        0.067059 -0.294363 -0.186340,
        0.070334 -0.294306 -0.186735,
        0.072982 -0.294161 -0.187752,
        0.073842 -0.294090 -0.188251,
        0.073842 -0.294733 -0.183749,
        0.070801 -0.294859 -0.182865,
        0.067517 -0.294900 -0.182576,
        0.063754 -0.294836 -0.183026,
        0.061251 -0.294699 -0.183988,
        0.060122 -0.294600 -0.184676,
        0.058667 -0.294413 -0.185989,
        0.057822 -0.294233 -0.187246,
        0.057288 -0.294020 -0.188741,
        0.057123 -0.293795 -0.190313,
        0.057352 -0.293522 -0.192223,
        0.057888 -0.293323 -0.193619,
        0.058451 -0.293198 -0.194493,
        0.064211 -0.292698 -0.197992,
        0.061421 -0.292879 -0.196726,
        0.059217 -0.293085 -0.195286,
        0.067285 -0.292516 -0.199267,
        0.069113 -0.292360 -0.200357,
        0.069696 -0.292274 -0.200958,
        0.070058 -0.292187 -0.201572,
        0.070270 -0.292083 -0.202296,
        0.070316 -0.292001 -0.202872,
        0.070219 -0.291874 -0.203756,
        0.069981 -0.291780 -0.204415,
        0.069573 -0.291695 -0.205014,
        0.069035 -0.291628 -0.205486,
        0.068609 -0.291591 -0.205742,
        0.067401 -0.291528 -0.206180,
        0.065001 -0.291490 -0.206446,
        0.098328 -0.294814 -0.183181,
        0.103181 -0.294814 -0.183181,
        0.091038 -0.291971 -0.203080,
        0.090680 -0.291795 -0.204312,
        0.090465 -0.291666 -0.205218,
        0.090341 -0.291666 -0.205218,
        0.089768 -0.291976 -0.203043,
        0.082793 -0.294814 -0.183181,
        0.077558 -0.294814 -0.183181,
        0.088029 -0.291047 -0.209549,
        0.085975 -0.290361 -0.214354,
        0.084963 -0.290105 -0.216146,
        0.084090 -0.289973 -0.217067,
        0.083647 -0.289927 -0.217390,
        0.082657 -0.289860 -0.217857,
        0.081594 -0.289831 -0.218064,
        0.081179 -0.289828 -0.218080,
        0.079481 -0.289859 -0.217861,
        0.078523 -0.289904 -0.217550,
        0.078523 -0.289315 -0.221674,
        0.080462 -0.289267 -0.222012,
        0.081542 -0.289261 -0.222052,
        0.085318 -0.289394 -0.221120,
        0.083475 -0.289293 -0.221827,
        0.086951 -0.289557 -0.219978,
        0.087131 -0.289580 -0.219817,
        0.088848 -0.289865 -0.217826,
        0.091067 -0.290469 -0.213597,
        0.128326 -0.291641 -0.205388,
        0.128326 -0.291039 -0.209606,
        0.113050 -0.291641 -0.205388,
        0.113050 -0.293420 -0.192942,
        0.126415 -0.293420 -0.192942,
        0.126415 -0.294025 -0.188705,
        0.113050 -0.294025 -0.188705,
        0.113050 -0.295717 -0.176864,
        0.127476 -0.295717 -0.176864,
        0.127476 -0.296324 -0.172608,
        0.108225 -0.296324 -0.172608,
        0.108225 -0.291039 -0.209606,
        0.158609 -0.292519 -0.199244,
        0.156748 -0.292193 -0.201529,
        0.160178 -0.291779 -0.204423,
        0.156060 -0.292104 -0.202148,
        0.156328 -0.291387 -0.207166,
        0.153585 -0.291875 -0.203752,
        0.152080 -0.291151 -0.208824,
        0.150388 -0.291714 -0.204881,
        0.145666 -0.291039 -0.209606,
        0.145637 -0.291641 -0.205388,
        0.135387 -0.291039 -0.209606,
        0.140211 -0.291641 -0.205388,
        0.135387 -0.296324 -0.172608,
        0.140211 -0.295717 -0.176864,
        0.146048 -0.296324 -0.172608,
        0.145857 -0.295717 -0.176864,
        0.151752 -0.296235 -0.173231,
        0.150669 -0.295641 -0.177389,
        0.156263 -0.296002 -0.174861,
        0.153911 -0.295476 -0.178547,
        0.160178 -0.295624 -0.177507,
        0.156643 -0.295219 -0.180344,
        0.161464 -0.295447 -0.178749,
        0.157871 -0.295043 -0.181574,
        0.163786 -0.294988 -0.181965,
        0.159274 -0.294739 -0.183704,
        0.165178 -0.294485 -0.185484,
        0.160280 -0.294339 -0.186504,
        0.165815 -0.293749 -0.190634,
        0.160742 -0.293730 -0.190767,
        0.165704 -0.293415 -0.192978,
        0.160619 -0.293396 -0.193105,
        0.164801 -0.292795 -0.197311,
        0.159894 -0.292912 -0.196496,
        0.162963 -0.292248 -0.201140,
        0.145857 -0.295327 -0.176808,
        0.140211 -0.295327 -0.176808,
        0.140211 -0.291252 -0.205332,
        0.145637 -0.291252 -0.205332,
        0.156748 -0.291803 -0.201474,
        0.156060 -0.291715 -0.202092,
        0.153585 -0.291485 -0.203697,
        0.150388 -0.291324 -0.204826,
        0.160742 -0.293341 -0.190711,
        0.160619 -0.293006 -0.193049,
        0.159894 -0.292522 -0.196440,
        0.158609 -0.292130 -0.199188,
        0.156643 -0.294830 -0.180289,
        0.157871 -0.294654 -0.181519,
        0.159274 -0.294350 -0.183648,
        0.160280 -0.293949 -0.186449,
        0.150669 -0.295252 -0.177334,
        0.153911 -0.295086 -0.178491,
      ]
    }
    coordIndex [
      140, 126, 123, -1,
      77, 141, 123, -1,
      123, 141, 142, -1,
      123, 142, 140, -1,
      77, 76, 141, -1,
      141, 76, 74, -1,
      141, 74, 143, -1,
      144, 143, 84, -1,
      84, 143, 74, -1,
      144, 84, 145, -1,
      145, 84, 85, -1,
      88, 146, 87, -1,
      87, 146, 145, -1,
      87, 145, 86, -1,
      86, 145, 85, -1,
      147, 146, 1, -1,
      1, 146, 88, -1,
      1, 0, 147, -1,
      147, 0, 99, -1,
      147, 99, 148, -1,
      148, 99, 98, -1,
      148, 98, 149, -1,
      149, 98, 93, -1,
      149, 93, 150, -1,
      150, 93, 92, -1,
      150, 92, 151, -1,
      151, 92, 102, -1,
      151, 102, 152, -1,
      152, 102, 101, -1,
      152, 101, 153, -1,
      153, 101, 100, -1,
      153, 100, 154, -1,
      154, 100, 90, -1,
      154, 90, 155, -1,
      155, 90, 89, -1,
      155, 89, 156, -1,
      156, 89, 119, -1,
      156, 119, 157, -1,
      157, 119, 118, -1,
      157, 118, 158, -1,
      158, 118, 116, -1,
      158, 116, 159, -1,
      159, 116, 114, -1,
      159, 114, 160, -1,
      160, 114, 113, -1,
      160, 113, 161, -1,
      161, 113, 112, -1,
      161, 112, 162, -1,
      162, 112, 111, -1,
      162, 111, 163, -1,
      163, 111, 110, -1,
      163, 110, 164, -1,
      164, 110, 107, -1,
      164, 107, 165, -1,
      165, 107, 122, -1,
      165, 122, 166, -1,
      166, 122, 121, -1,
      166, 121, 167, -1,
      167, 121, 120, -1,
      167, 120, 168, -1,
      168, 120, 109, -1,
      168, 109, 169, -1,
      169, 109, 108, -1,
      169, 108, 170, -1,
      170, 108, 106, -1,
      170, 106, 171, -1,
      171, 106, 105, -1,
      171, 105, 172, -1,
      172, 105, 115, -1,
      172, 115, 173, -1,
      173, 115, 117, -1,
      173, 117, 174, -1,
      174, 117, 91, -1,
      174, 91, 175, -1,
      176, 175, 103, -1,
      103, 175, 91, -1,
      176, 103, 104, -1,
      176, 104, 177, -1,
      177, 104, 97, -1,
      177, 97, 178, -1,
      178, 97, 96, -1,
      178, 96, 179, -1,
      179, 96, 95, -1,
      179, 95, 180, -1,
      180, 95, 94, -1,
      180, 94, 181, -1,
      181, 94, 182, -1,
      182, 94, 3, -1,
      3, 2, 182, -1,
      182, 2, 78, -1,
      182, 78, 183, -1,
      183, 78, 79, -1,
      183, 79, 184, -1,
      184, 79, 83, -1,
      184, 83, 185, -1,
      185, 83, 82, -1,
      185, 82, 186, -1,
      186, 82, 81, -1,
      186, 81, 187, -1,
      187, 81, 80, -1,
      187, 80, 188, -1,
      124, 189, 190, -1,
      188, 80, 73, -1,
      188, 73, 191, -1,
      191, 73, 75, -1,
      191, 75, 190, -1,
      190, 75, 125, -1,
      190, 125, 124, -1,
      189, 124, 128, -1,
      189, 128, 192, -1,
      192, 128, 139, -1,
      192, 139, 193, -1,
      193, 139, 138, -1,
      193, 138, 194, -1,
      194, 138, 137, -1,
      194, 137, 195, -1,
      195, 137, 131, -1,
      195, 131, 196, -1,
      196, 131, 130, -1,
      196, 130, 197, -1,
      197, 130, 136, -1,
      197, 136, 198, -1,
      198, 136, 135, -1,
      198, 135, 199, -1,
      199, 135, 134, -1,
      199, 134, 200, -1,
      200, 134, 133, -1,
      200, 133, 201, -1,
      201, 133, 132, -1,
      201, 132, 202, -1,
      202, 132, 129, -1,
      202, 129, 203, -1,
      203, 129, 127, -1,
      203, 127, 204, -1,
      204, 127, 126, -1,
      204, 126, 140, -1,
      167, 168, 181, -1,
      181, 168, 180, -1,
      180, 168, 169, -1,
      180, 169, 179, -1,
      199, 150, 151, -1,
      192, 159, 189, -1,
      189, 159, 160, -1,
      199, 151, 198, -1,
      198, 151, 152, -1,
      198, 152, 197, -1,
      197, 152, 153, -1,
      197, 153, 196, -1,
      196, 153, 154, -1,
      196, 154, 195, -1,
      195, 154, 155, -1,
      195, 155, 194, -1,
      194, 155, 156, -1,
      194, 156, 193, -1,
      193, 156, 157, -1,
      193, 157, 192, -1,
      192, 157, 158, -1,
      192, 158, 159, -1,
      150, 199, 149, -1,
      149, 199, 200, -1,
      149, 200, 148, -1,
      146, 140, 145, -1,
      145, 140, 142, -1,
      145, 142, 144, -1,
      144, 142, 141, -1,
      144, 141, 143, -1,
      169, 170, 179, -1,
      179, 170, 171, -1,
      179, 171, 178, -1,
      178, 171, 172, -1,
      178, 172, 177, -1,
      177, 172, 173, -1,
      177, 173, 176, -1,
      176, 173, 174, -1,
      176, 174, 175, -1,
      200, 201, 148, -1,
      148, 201, 202, -1,
      148, 202, 147, -1,
      147, 202, 203, -1,
      147, 203, 146, -1,
      146, 203, 204, -1,
      146, 204, 140, -1,
      181, 182, 167, -1,
      167, 182, 183, -1,
      167, 183, 166, -1,
      166, 183, 184, -1,
      166, 184, 165, -1,
      165, 184, 185, -1,
      165, 185, 164, -1,
      164, 185, 186, -1,
      164, 186, 163, -1,
      163, 186, 187, -1,
      163, 187, 162, -1,
      162, 187, 188, -1,
      162, 188, 161, -1,
      161, 188, 191, -1,
      161, 191, 160, -1,
      160, 191, 190, -1,
      160, 190, 189, -1,
      205, 206, 20, -1,
      20, 206, 21, -1,
      207, 205, 26, -1,
      26, 205, 20, -1,
      207, 26, 27, -1,
      207, 27, 208, -1,
      208, 27, 24, -1,
      208, 24, 209, -1,
      210, 209, 23, -1,
      23, 209, 24, -1,
      211, 210, 22, -1,
      22, 210, 23, -1,
      30, 212, 25, -1,
      25, 212, 211, -1,
      25, 211, 22, -1,
      213, 212, 29, -1,
      29, 212, 30, -1,
      31, 214, 28, -1,
      28, 214, 213, -1,
      28, 213, 29, -1,
      33, 215, 32, -1,
      32, 215, 214, -1,
      32, 214, 31, -1,
      33, 43, 215, -1,
      215, 43, 216, -1,
      43, 42, 216, -1,
      216, 42, 41, -1,
      216, 41, 217, -1,
      217, 41, 40, -1,
      217, 40, 218, -1,
      218, 40, 39, -1,
      218, 39, 219, -1,
      219, 39, 38, -1,
      219, 38, 220, -1,
      220, 38, 37, -1,
      220, 37, 221, -1,
      221, 37, 36, -1,
      221, 36, 222, -1,
      222, 36, 35, -1,
      222, 35, 223, -1,
      224, 223, 34, -1,
      34, 223, 35, -1,
      224, 34, 47, -1,
      224, 47, 225, -1,
      225, 47, 46, -1,
      225, 46, 226, -1,
      226, 46, 45, -1,
      44, 227, 45, -1,
      45, 227, 228, -1,
      45, 228, 226, -1,
      44, 53, 227, -1,
      227, 53, 52, -1,
      227, 52, 229, -1,
      229, 52, 51, -1,
      229, 51, 230, -1,
      230, 51, 49, -1,
      230, 49, 231, -1,
      231, 49, 48, -1,
      231, 48, 232, -1,
      21, 206, 50, -1,
      50, 206, 232, -1,
      50, 232, 48, -1,
      208, 209, 232, -1,
      222, 223, 224, -1,
      206, 205, 232, -1,
      232, 205, 207, -1,
      232, 207, 208, -1,
      212, 213, 211, -1,
      211, 213, 214, -1,
      211, 214, 210, -1,
      209, 210, 232, -1,
      232, 210, 214, -1,
      232, 214, 231, -1,
      222, 224, 221, -1,
      221, 224, 225, -1,
      221, 225, 220, -1,
      220, 225, 226, -1,
      220, 226, 219, -1,
      219, 226, 228, -1,
      219, 228, 218, -1,
      218, 228, 227, -1,
      218, 227, 217, -1,
      214, 215, 231, -1,
      231, 215, 216, -1,
      231, 216, 230, -1,
      230, 216, 217, -1,
      230, 217, 229, -1,
      229, 217, 227, -1,
      233, 234, 8, -1,
      8, 234, 9, -1,
      18, 235, 16, -1,
      16, 235, 233, -1,
      16, 233, 8, -1,
      236, 235, 19, -1,
      19, 235, 18, -1,
      15, 237, 17, -1,
      17, 237, 236, -1,
      17, 236, 19, -1,
      238, 237, 14, -1,
      14, 237, 15, -1,
      11, 239, 13, -1,
      13, 239, 238, -1,
      13, 238, 14, -1,
      240, 239, 10, -1,
      10, 239, 11, -1,
      7, 241, 12, -1,
      12, 241, 240, -1,
      12, 240, 10, -1,
      242, 241, 4, -1,
      4, 241, 7, -1,
      6, 243, 5, -1,
      5, 243, 242, -1,
      5, 242, 4, -1,
      244, 243, 71, -1,
      71, 243, 6, -1,
      9, 234, 72, -1,
      72, 234, 244, -1,
      72, 244, 71, -1,
      244, 234, 233, -1,
      233, 235, 244, -1,
      244, 235, 236, -1,
      244, 236, 243, -1,
      241, 242, 240, -1,
      240, 242, 243, -1,
      240, 243, 239, -1,
      239, 243, 236, -1,
      239, 236, 238, -1,
      238, 236, 237, -1,
      245, 246, 247, -1,
      247, 246, 248, -1,
      247, 248, 249, -1,
      249, 248, 250, -1,
      249, 250, 251, -1,
      251, 250, 252, -1,
      251, 252, 253, -1,
      253, 252, 254, -1,
      253, 254, 255, -1,
      255, 254, 256, -1,
      255, 256, 257, -1,
      257, 256, 258, -1,
      257, 258, 259, -1,
      259, 258, 260, -1,
      259, 260, 261, -1,
      261, 260, 262, -1,
      261, 262, 263, -1,
      263, 262, 264, -1,
      263, 264, 265, -1,
      265, 264, 266, -1,
      265, 266, 267, -1,
      267, 266, 268, -1,
      267, 268, 269, -1,
      269, 268, 270, -1,
      269, 270, 271, -1,
      271, 270, 272, -1,
      271, 272, 273, -1,
      273, 272, 274, -1,
      273, 274, 275, -1,
      275, 274, 276, -1,
      275, 276, 277, -1,
      277, 276, 278, -1,
      277, 278, 279, -1,
      279, 278, 245, -1,
      279, 245, 247, -1,
      253, 255, 64, -1,
      64, 255, 69, -1,
      253, 64, 63, -1,
      253, 63, 251, -1,
      251, 63, 62, -1,
      251, 62, 249, -1,
      249, 62, 57, -1,
      249, 57, 247, -1,
      247, 57, 56, -1,
      247, 56, 279, -1,
      279, 56, 55, -1,
      279, 55, 277, -1,
      277, 55, 54, -1,
      277, 54, 275, -1,
      275, 54, 58, -1,
      275, 58, 273, -1,
      273, 58, 59, -1,
      273, 59, 271, -1,
      271, 59, 67, -1,
      271, 67, 269, -1,
      269, 67, 66, -1,
      269, 66, 267, -1,
      267, 66, 65, -1,
      267, 65, 265, -1,
      265, 65, 68, -1,
      265, 68, 263, -1,
      263, 68, 61, -1,
      263, 61, 261, -1,
      261, 61, 60, -1,
      261, 60, 259, -1,
      257, 259, 70, -1,
      70, 259, 60, -1,
      255, 257, 69, -1,
      69, 257, 70, -1,
      260, 258, 280, -1,
      280, 258, 281, -1,
      258, 256, 281, -1,
      281, 256, 282, -1,
      256, 254, 282, -1,
      282, 254, 283, -1,
      246, 284, 285, -1,
      246, 285, 248, -1,
      248, 285, 286, -1,
      248, 286, 250, -1,
      250, 286, 287, -1,
      250, 287, 252, -1,
      252, 287, 283, -1,
      252, 283, 254, -1,
      274, 288, 289, -1,
      274, 289, 276, -1,
      276, 289, 290, -1,
      276, 290, 278, -1,
      278, 290, 291, -1,
      278, 291, 245, -1,
      245, 291, 284, -1,
      245, 284, 246, -1,
      266, 292, 293, -1,
      266, 293, 268, -1,
      268, 293, 294, -1,
      268, 294, 270, -1,
      270, 294, 295, -1,
      270, 295, 272, -1,
      272, 295, 288, -1,
      272, 288, 274, -1,
      260, 280, 296, -1,
      260, 296, 262, -1,
      262, 296, 297, -1,
      262, 297, 264, -1,
      264, 297, 292, -1,
      264, 292, 266, -1,
    ]
  }
}

Shape {
  appearance Appearance {
    material Material {
      diffuseColor 1.0000 0.7373 0.3725
      specularColor 0.5020 0.3686 0.1882
      ambientIntensity 0.2
      transparency 0.0000
      shininess 0.5
    }
  }
  geometry IndexedFaceSet {
    ccw TRUE
    solid FALSE
    coord DEF co Coordinate {
      point [
        0.145857 -0.295327 -0.176808,
        0.140211 -0.295327 -0.176808,
        0.140211 -0.291252 -0.205332,
        0.145637 -0.291252 -0.205332,
        0.156748 -0.291803 -0.201474,
        0.156060 -0.291715 -0.202092,
        0.153585 -0.291485 -0.203697,
        0.150388 -0.291324 -0.204826,
        0.160742 -0.293341 -0.190711,
        0.160619 -0.293006 -0.193049,
        0.159894 -0.292522 -0.196440,
        0.158609 -0.292130 -0.199188,
        0.156643 -0.294830 -0.180289,
        0.157871 -0.294654 -0.181519,
        0.159274 -0.294350 -0.183648,
        0.160280 -0.293949 -0.186449,
        0.150669 -0.295252 -0.177334,
        0.153911 -0.295086 -0.178491,
      ]
    }
    coordIndex [
      1, 2, 0, -1,
      0, 2, 3, -1,
      0, 3, 7, -1,
      7, 6, 0, -1,
      0, 6, 5, -1,
      0, 5, 4, -1,
      4, 11, 0, -1,
      0, 11, 10, -1,
      0, 10, 9, -1,
      9, 8, 0, -1,
      0, 8, 15, -1,
      0, 15, 14, -1,
      14, 13, 0, -1,
      0, 13, 12, -1,
      0, 12, 16, -1,
      16, 12, 17, -1,
    ]
  }
}

Shape {
  appearance Appearance {
    material Material {
      diffuseColor 0.0000 0.0000 0.0000
      specularColor 0.0000 0.0000 0.0000
      ambientIntensity 0.2
      transparency 0.0000
      shininess 0.5
    }
  }
  geometry IndexedFaceSet {
    ccw TRUE
    solid FALSE
    coord DEF co Coordinate {
      point [
        0.196186 -0.290649 -0.209550,
        0.192374 -0.292095 -0.199431,
        0.176811 -0.292095 -0.199431,
        0.187282 -0.295935 -0.172552,
        0.167888 -0.290649 -0.209550,
        0.182123 -0.295935 -0.172552,
        0.173219 -0.290649 -0.209550,
        0.201517 -0.290649 -0.209550,
        0.178340 -0.293082 -0.195306,
        0.176811 -0.292485 -0.199486,
        0.190884 -0.293082 -0.195306,
        0.192374 -0.292485 -0.199486,
        0.183929 -0.295279 -0.179928,
        0.182123 -0.296324 -0.172608,
        0.167888 -0.291039 -0.209606,
        0.173219 -0.291039 -0.209606,
        0.184252 -0.295436 -0.178824,
        0.184540 -0.295649 -0.177337,
        0.187282 -0.296324 -0.172608,
        0.184655 -0.295649 -0.177337,
        0.184957 -0.295425 -0.178902,
        0.185237 -0.295279 -0.179928,
        0.201517 -0.291039 -0.209606,
        0.196186 -0.291039 -0.209606,
        0.178340 -0.292692 -0.195250,
        0.190884 -0.292692 -0.195250,
        0.185237 -0.294889 -0.179872,
        0.184655 -0.295259 -0.177281,
        0.184957 -0.295035 -0.178846,
        0.184540 -0.295259 -0.177281,
        0.183929 -0.294889 -0.179872,
        0.184252 -0.295046 -0.178768,
      ]
    }
    coordIndex [
      8, 9, 10, -1,
      10, 9, 11, -1,
      12, 13, 8, -1,
      8, 13, 14, -1,
      8, 14, 9, -1,
      9, 14, 15, -1,
      12, 16, 13, -1,
      13, 16, 17, -1,
      13, 17, 18, -1,
      18, 17, 19, -1,
      18, 19, 20, -1,
      20, 21, 18, -1,
      18, 21, 10, -1,
      18, 10, 22, -1,
      22, 10, 11, -1,
      22, 11, 23, -1,
      18, 22, 3, -1,
      3, 22, 7, -1,
      13, 18, 5, -1,
      5, 18, 3, -1,
      14, 13, 4, -1,
      4, 13, 5, -1,
      15, 14, 6, -1,
      6, 14, 4, -1,
      9, 15, 2, -1,
      2, 15, 6, -1,
      11, 9, 1, -1,
      1, 9, 2, -1,
      23, 11, 0, -1,
      0, 11, 1, -1,
      22, 23, 7, -1,
      7, 23, 0, -1,
      8, 10, 24, -1,
      24, 10, 25, -1,
      10, 21, 25, -1,
      25, 21, 26, -1,
      19, 27, 28, -1,
      19, 28, 20, -1,
      20, 28, 26, -1,
      20, 26, 21, -1,
      19, 17, 27, -1,
      27, 17, 29, -1,
      12, 30, 31, -1,
      12, 31, 16, -1,
      16, 31, 29, -1,
      16, 29, 17, -1,
      12, 8, 30, -1,
      30, 8, 24, -1,
    ]
  }
}

Shape {
  appearance Appearance {
    material Material {
      diffuseColor 1.0000 0.7373 0.3725
      specularColor 0.5020 0.3686 0.1882
      ambientIntensity 0.2
      transparency 0.0000
      shininess 0.5
    }
  }
  geometry IndexedFaceSet {
    ccw TRUE
    solid FALSE
    coord DEF co Coordinate {
      point [
        0.178340 -0.292692 -0.195250,
        0.190884 -0.292692 -0.195250,
        0.185237 -0.294889 -0.179872,
        0.184655 -0.295259 -0.177281,
        0.184957 -0.295035 -0.178846,
        0.184540 -0.295259 -0.177281,
        0.183929 -0.294889 -0.179872,
        0.184252 -0.295046 -0.178768,
      ]
    }
    coordIndex [
      3, 5, 4, -1,
      4, 5, 7, -1,
      4, 7, 2, -1,
      2, 7, 6, -1,
      2, 6, 1, -1,
      1, 6, 0, -1,
    ]
  }
}

Shape {
  appearance Appearance {
    material Material {
      diffuseColor 0.0000 0.0000 0.0000
      specularColor 0.0000 0.0000 0.0000
      ambientIntensity 0.2
      transparency 0.0000
      shininess 0.5
    }
  }
  geometry IndexedFaceSet {
    ccw TRUE
    solid FALSE
    coord DEF co Coordinate {
      point [
        -0.195274 -0.297109 -0.164329,
        -0.194785 -0.297440 -0.162016,
        -0.137758 -0.288150 -0.227041,
        -0.131341 -0.288262 -0.226260,
        -0.126754 -0.288511 -0.224519,
        -0.138802 -0.288154 -0.227021,
        -0.145075 -0.288293 -0.226048,
        -0.148744 -0.288511 -0.224519,
        -0.078395 -0.304910 -0.109722,
        -0.072650 -0.304364 -0.113546,
        -0.066544 -0.303783 -0.117609,
        -0.057846 -0.302365 -0.127542,
        -0.052195 -0.300815 -0.138391,
        -0.050248 -0.300719 -0.139059,
        -0.042401 -0.300143 -0.143093,
        -0.128115 -0.304838 -0.110229,
        -0.115865 -0.305507 -0.105543,
        -0.102683 -0.305738 -0.103931,
        -0.091730 -0.305575 -0.105070,
        -0.193085 -0.298587 -0.153985,
        -0.133520 -0.304364 -0.113546,
        -0.134570 -0.304272 -0.114190,
        -0.188526 -0.299912 -0.144711,
        -0.182931 -0.300890 -0.137865,
        -0.180215 -0.301244 -0.135388,
        -0.171252 -0.302075 -0.129572,
        -0.161307 -0.302561 -0.126166,
        -0.152373 -0.302694 -0.125238,
        -0.140814 -0.303516 -0.119484,
        -0.149317 -0.302670 -0.125403,
        -0.146261 -0.302619 -0.125764,
        -0.163002 -0.290706 -0.209153,
        -0.167992 -0.290932 -0.207570,
        -0.177391 -0.291647 -0.202563,
        -0.184260 -0.292510 -0.196526,
        -0.185534 -0.292719 -0.195060,
        -0.191061 -0.293939 -0.186524,
        -0.194487 -0.295350 -0.176648,
        -0.195421 -0.296606 -0.167853,
        -0.151203 -0.288657 -0.223494,
        -0.156398 -0.289212 -0.219612,
        -0.160347 -0.289902 -0.214782,
        -0.162667 -0.290605 -0.209863,
        -0.112853 -0.290605 -0.209863,
        -0.112866 -0.290597 -0.209918,
        -0.115999 -0.289758 -0.215788,
        -0.120119 -0.289104 -0.220367,
        -0.125414 -0.288583 -0.224010,
        -0.117829 -0.294426 -0.183110,
        -0.082222 -0.297057 -0.164696,
        -0.122461 -0.295023 -0.178933,
        -0.128097 -0.295451 -0.175938,
        -0.035320 -0.299265 -0.149243,
        -0.030033 -0.298182 -0.156820,
        -0.028042 -0.297440 -0.162016,
        -0.026940 -0.297029 -0.164893,
        -0.043600 -0.291398 -0.204310,
        -0.051771 -0.290861 -0.208063,
        -0.059901 -0.290631 -0.209679,
        -0.080200 -0.290892 -0.207849,
        -0.081278 -0.291042 -0.206802,
        -0.042488 -0.296177 -0.170853,
        -0.043725 -0.296900 -0.165798,
        -0.045774 -0.297440 -0.162016,
        -0.178021 -0.297440 -0.162016,
        -0.080414 -0.292676 -0.195359,
        -0.078758 -0.292834 -0.194255,
        -0.073984 -0.295065 -0.178638,
        -0.076921 -0.292930 -0.193585,
        -0.030824 -0.293265 -0.191238,
        -0.035720 -0.292322 -0.197841,
        -0.036600 -0.292191 -0.198755,
        -0.075579 -0.290631 -0.209679,
        -0.076628 -0.290650 -0.209543,
        -0.078404 -0.290733 -0.208967,
        -0.176478 -0.295189 -0.177772,
        -0.173281 -0.294419 -0.183165,
        -0.159788 -0.294034 -0.185856,
        -0.168514 -0.293727 -0.188007,
        -0.162737 -0.293224 -0.191528,
        -0.149955 -0.295277 -0.177154,
        -0.155391 -0.294744 -0.180887,
        -0.178680 -0.296681 -0.167327,
        -0.178371 -0.296109 -0.171328,
        -0.025888 -0.295892 -0.172851,
        -0.025920 -0.295672 -0.174393,
        -0.027317 -0.294442 -0.183000,
        -0.144084 -0.295594 -0.174936,
        -0.137758 -0.295704 -0.174167,
        -0.134510 -0.295677 -0.174358,
        -0.083285 -0.291796 -0.201524,
        -0.083245 -0.291910 -0.200726,
        -0.111186 -0.292284 -0.198104,
        -0.082772 -0.292198 -0.198709,
        -0.081799 -0.292459 -0.196877,
        -0.075047 -0.292961 -0.193369,
        -0.074789 -0.292958 -0.193388,
        -0.073991 -0.292933 -0.193563,
        -0.082402 -0.291280 -0.205135,
        -0.083067 -0.291536 -0.203344,
        -0.111324 -0.291525 -0.203420,
        -0.111186 -0.291909 -0.200735,
        -0.047749 -0.293868 -0.187019,
        -0.044827 -0.294454 -0.182915,
        -0.042998 -0.295124 -0.178226,
        -0.042363 -0.295854 -0.173114,
        -0.073453 -0.292923 -0.193632,
        -0.061495 -0.292923 -0.193632,
        -0.056759 -0.293051 -0.192738,
        -0.052067 -0.293357 -0.190596,
        -0.048132 -0.293810 -0.187426,
        -0.066111 -0.299478 -0.147751,
        -0.069607 -0.300727 -0.139004,
        -0.075119 -0.301799 -0.131502,
        -0.085815 -0.302929 -0.123594,
        -0.094208 -0.303353 -0.120621,
        -0.065215 -0.298785 -0.152596,
        -0.138024 -0.299875 -0.144967,
        -0.139988 -0.300027 -0.143908,
        -0.145948 -0.300332 -0.141769,
        -0.134455 -0.300954 -0.137419,
        -0.063089 -0.298785 -0.152596,
        -0.046187 -0.297549 -0.161253,
        -0.049287 -0.298039 -0.157821,
        -0.053410 -0.298446 -0.154975,
        -0.058049 -0.298698 -0.153210,
        -0.078254 -0.302222 -0.128544,
        -0.102417 -0.303483 -0.119714,
        -0.103900 -0.303479 -0.119742,
        -0.112741 -0.303284 -0.121107,
        -0.161383 -0.300202 -0.142685,
        -0.167313 -0.299758 -0.145786,
        -0.154820 -0.300419 -0.141159,
        -0.171939 -0.299176 -0.149865,
        -0.175619 -0.298427 -0.155106,
        -0.121372 -0.302767 -0.124723,
        -0.128682 -0.301980 -0.130238,
        -0.152107 -0.300439 -0.141021,
        -0.177892 -0.297589 -0.160974,
        -0.160347 -0.290292 -0.214837,
        -0.156398 -0.289602 -0.219668,
        -0.162737 -0.293613 -0.191583,
        -0.115999 -0.290148 -0.215844,
        -0.112866 -0.290987 -0.209973,
        -0.111324 -0.291915 -0.203476,
        -0.073984 -0.295455 -0.178694,
        -0.082222 -0.297446 -0.164752,
        -0.111186 -0.292674 -0.198160,
        -0.117829 -0.294816 -0.183166,
        -0.111186 -0.292298 -0.200791,
        -0.125414 -0.288973 -0.224066,
        -0.120119 -0.289494 -0.220423,
        -0.145002 -0.291178 -0.208630,
        -0.142899 -0.290969 -0.210100,
        -0.151203 -0.289047 -0.223550,
        -0.140453 -0.290836 -0.211025,
        -0.128498 -0.292839 -0.197002,
        -0.127794 -0.292498 -0.199394,
        -0.127700 -0.292133 -0.201943,
        -0.128262 -0.291770 -0.204486,
        -0.129439 -0.291442 -0.206787,
        -0.168514 -0.294117 -0.188063,
        -0.167992 -0.291322 -0.207626,
        -0.163002 -0.291096 -0.209208,
        -0.065215 -0.299175 -0.152652,
        -0.063089 -0.299175 -0.152652,
        -0.052195 -0.301205 -0.138446,
        -0.058049 -0.299087 -0.153265,
        -0.050248 -0.301109 -0.139114,
        -0.053410 -0.298835 -0.155031,
        -0.042401 -0.300533 -0.143149,
        -0.035320 -0.299654 -0.149298,
        -0.139988 -0.300417 -0.143963,
        -0.138024 -0.300265 -0.145023,
        -0.146261 -0.303008 -0.125820,
        -0.134455 -0.301343 -0.137474,
        -0.140814 -0.303906 -0.119539,
        -0.128682 -0.302369 -0.130294,
        -0.134570 -0.304662 -0.114246,
        -0.121372 -0.303157 -0.124779,
        -0.128115 -0.305228 -0.110285,
        -0.148337 -0.292114 -0.202078,
        -0.147783 -0.291766 -0.204520,
        -0.146676 -0.291454 -0.206703,
        -0.145075 -0.288682 -0.226104,
        -0.138802 -0.288543 -0.227076,
        -0.138024 -0.290795 -0.211313,
        -0.137758 -0.288540 -0.227096,
        -0.135472 -0.290840 -0.211001,
        -0.131341 -0.288652 -0.226315,
        -0.133160 -0.290966 -0.210116,
        -0.131128 -0.291167 -0.208707,
        -0.076628 -0.291040 -0.209598,
        -0.075579 -0.291020 -0.209734,
        -0.073453 -0.293313 -0.193688,
        -0.115865 -0.305897 -0.105598,
        -0.112741 -0.303674 -0.121163,
        -0.102683 -0.306128 -0.103986,
        -0.066544 -0.304173 -0.117665,
        -0.075119 -0.302189 -0.131557,
        -0.057846 -0.302754 -0.127598,
        -0.069607 -0.301117 -0.139060,
        -0.066111 -0.299867 -0.147806,
        -0.173281 -0.294808 -0.183221,
        -0.184260 -0.292900 -0.196581,
        -0.177391 -0.292037 -0.202619,
        -0.177892 -0.297978 -0.161030,
        -0.195274 -0.297499 -0.164384,
        -0.178680 -0.297071 -0.167383,
        -0.195421 -0.296996 -0.167909,
        -0.178371 -0.296499 -0.171383,
        -0.194487 -0.295739 -0.176704,
        -0.176478 -0.295579 -0.177827,
        -0.191061 -0.294328 -0.186580,
        -0.185534 -0.293109 -0.195116,
        -0.049287 -0.298429 -0.157877,
        -0.046187 -0.297939 -0.161308,
        -0.030033 -0.298572 -0.156876,
        -0.043725 -0.297289 -0.165853,
        -0.026940 -0.297419 -0.164948,
        -0.042488 -0.296567 -0.170909,
        -0.025888 -0.296281 -0.172907,
        -0.042363 -0.296244 -0.173170,
        -0.061495 -0.293313 -0.193688,
        -0.059901 -0.291020 -0.209734,
        -0.056759 -0.293441 -0.192794,
        -0.051771 -0.291251 -0.208119,
        -0.052067 -0.293747 -0.190652,
        -0.043600 -0.291787 -0.204366,
        -0.048132 -0.294200 -0.187482,
        -0.036600 -0.292581 -0.198810,
        -0.047749 -0.294257 -0.187075,
        -0.035720 -0.292712 -0.197897,
        -0.044827 -0.294844 -0.182970,
        -0.030824 -0.293655 -0.191294,
        -0.042998 -0.295514 -0.178281,
        -0.027317 -0.294832 -0.183056,
        -0.025920 -0.296061 -0.174448,
        -0.145948 -0.300722 -0.141824,
        -0.149317 -0.303060 -0.125458,
        -0.152107 -0.300829 -0.141077,
        -0.152373 -0.303083 -0.125294,
        -0.154820 -0.300809 -0.141214,
        -0.161307 -0.302951 -0.126222,
        -0.161383 -0.300591 -0.142741,
        -0.171252 -0.302465 -0.129628,
        -0.167313 -0.300148 -0.145842,
        -0.180215 -0.301633 -0.135444,
        -0.171939 -0.299565 -0.149921,
        -0.182931 -0.301280 -0.137920,
        -0.175619 -0.298817 -0.155162,
        -0.188526 -0.300302 -0.144766,
        -0.193085 -0.298977 -0.154041,
        -0.148272 -0.292481 -0.199512,
        -0.147555 -0.292838 -0.197015,
        -0.159788 -0.294424 -0.185911,
        -0.146236 -0.293154 -0.194798,
        -0.155391 -0.295134 -0.180943,
        -0.144956 -0.293349 -0.193435,
        -0.149955 -0.295667 -0.177209,
        -0.142868 -0.293556 -0.191991,
        -0.144084 -0.295984 -0.174991,
        -0.140541 -0.293682 -0.191104,
        -0.137758 -0.296094 -0.174222,
        -0.138024 -0.293726 -0.190794,
        -0.134510 -0.296067 -0.174414,
        -0.136235 -0.293704 -0.190950,
        -0.128097 -0.295841 -0.175994,
        -0.133729 -0.293594 -0.191723,
        -0.122461 -0.295413 -0.178988,
        -0.131527 -0.293401 -0.193070,
        -0.129742 -0.293141 -0.194889,
        -0.103900 -0.303869 -0.119797,
        -0.102417 -0.303873 -0.119770,
        -0.091730 -0.305965 -0.105126,
        -0.094208 -0.303743 -0.120677,
        -0.078395 -0.305300 -0.109777,
        -0.085815 -0.303319 -0.123650,
        -0.078254 -0.302611 -0.128599,
        -0.083245 -0.292300 -0.200781,
        -0.083285 -0.292185 -0.201580,
        -0.074789 -0.293348 -0.193444,
        -0.083067 -0.291926 -0.203400,
        -0.082402 -0.291670 -0.205191,
        -0.081278 -0.291431 -0.206857,
        -0.080200 -0.291282 -0.207905,
        -0.073991 -0.293323 -0.193619,
        -0.078404 -0.291122 -0.209022,
        -0.075047 -0.293350 -0.193425,
        -0.076921 -0.293320 -0.193641,
        -0.078758 -0.293224 -0.194310,
        -0.080414 -0.293066 -0.195415,
        -0.081799 -0.292849 -0.196933,
        -0.082772 -0.292588 -0.198765,
        -0.138024 -0.293337 -0.190739,
        -0.136235 -0.293315 -0.190894,
        -0.133729 -0.293204 -0.191667,
        -0.131527 -0.293011 -0.193014,
        -0.129742 -0.292752 -0.194834,
        -0.128498 -0.292450 -0.196947,
        -0.127794 -0.292108 -0.199339,
        -0.127700 -0.291744 -0.201887,
        -0.128262 -0.291381 -0.204431,
        -0.129439 -0.291052 -0.206731,
        -0.131128 -0.290778 -0.208651,
        -0.133160 -0.290576 -0.210060,
        -0.135472 -0.290450 -0.210945,
        -0.138024 -0.290406 -0.211257,
        -0.140453 -0.290446 -0.210970,
        -0.142899 -0.290579 -0.210044,
        -0.145002 -0.290789 -0.208575,
        -0.146676 -0.291064 -0.206647,
        -0.147783 -0.291376 -0.204464,
        -0.148337 -0.291724 -0.202022,
        -0.148272 -0.292091 -0.199456,
        -0.147555 -0.292448 -0.196959,
        -0.146236 -0.292765 -0.194743,
        -0.144956 -0.292959 -0.193380,
        -0.142868 -0.293166 -0.191935,
        -0.140541 -0.293293 -0.191048,
      ]
    }
    coordIndex [
      139, 140, 141, -1,
      142, 143, 144, -1,
      145, 146, 147, -1,
      147, 146, 148, -1,
      147, 148, 149, -1,
      149, 148, 150, -1,
      149, 150, 144, -1,
      144, 150, 151, -1,
      144, 151, 142, -1,
      152, 140, 153, -1,
      153, 140, 154, -1,
      153, 154, 155, -1,
      156, 157, 148, -1,
      148, 157, 158, -1,
      148, 158, 150, -1,
      150, 158, 159, -1,
      150, 159, 160, -1,
      161, 162, 141, -1,
      141, 162, 163, -1,
      141, 163, 139, -1,
      164, 165, 166, -1,
      166, 165, 167, -1,
      166, 167, 168, -1,
      168, 167, 169, -1,
      168, 169, 170, -1,
      170, 169, 171, -1,
      172, 173, 174, -1,
      174, 173, 175, -1,
      174, 175, 176, -1,
      176, 175, 177, -1,
      176, 177, 178, -1,
      178, 177, 179, -1,
      178, 179, 180, -1,
      181, 141, 182, -1,
      182, 141, 140, -1,
      182, 140, 183, -1,
      183, 140, 152, -1,
      154, 184, 155, -1,
      155, 184, 185, -1,
      155, 185, 186, -1,
      186, 185, 187, -1,
      186, 187, 188, -1,
      188, 187, 189, -1,
      188, 189, 190, -1,
      190, 189, 150, -1,
      190, 150, 191, -1,
      191, 150, 160, -1,
      192, 193, 194, -1,
      180, 179, 195, -1,
      195, 179, 196, -1,
      195, 196, 197, -1,
      198, 199, 200, -1,
      200, 199, 201, -1,
      200, 201, 166, -1,
      166, 201, 202, -1,
      166, 202, 164, -1,
      203, 204, 161, -1,
      161, 204, 205, -1,
      161, 205, 162, -1,
      206, 207, 208, -1,
      208, 207, 209, -1,
      208, 209, 210, -1,
      210, 209, 211, -1,
      210, 211, 212, -1,
      212, 211, 213, -1,
      212, 213, 203, -1,
      203, 213, 214, -1,
      203, 214, 204, -1,
      169, 215, 171, -1,
      171, 215, 216, -1,
      171, 216, 217, -1,
      217, 216, 218, -1,
      217, 218, 219, -1,
      219, 218, 220, -1,
      219, 220, 221, -1,
      221, 220, 222, -1,
      194, 193, 223, -1,
      223, 193, 224, -1,
      223, 224, 225, -1,
      225, 224, 226, -1,
      225, 226, 227, -1,
      227, 226, 228, -1,
      227, 228, 229, -1,
      229, 228, 230, -1,
      229, 230, 231, -1,
      231, 230, 232, -1,
      231, 232, 233, -1,
      233, 232, 234, -1,
      233, 234, 235, -1,
      235, 234, 236, -1,
      235, 236, 222, -1,
      222, 236, 237, -1,
      222, 237, 221, -1,
      172, 174, 238, -1,
      238, 174, 239, -1,
      238, 239, 240, -1,
      240, 239, 241, -1,
      240, 241, 242, -1,
      242, 241, 243, -1,
      242, 243, 244, -1,
      244, 243, 245, -1,
      244, 245, 246, -1,
      246, 245, 247, -1,
      246, 247, 248, -1,
      248, 247, 249, -1,
      248, 249, 250, -1,
      250, 249, 251, -1,
      250, 251, 206, -1,
      206, 251, 252, -1,
      206, 252, 207, -1,
      181, 253, 141, -1,
      141, 253, 254, -1,
      141, 254, 255, -1,
      255, 254, 256, -1,
      255, 256, 257, -1,
      257, 256, 258, -1,
      257, 258, 259, -1,
      259, 258, 260, -1,
      259, 260, 261, -1,
      261, 260, 262, -1,
      261, 262, 263, -1,
      263, 262, 264, -1,
      263, 264, 265, -1,
      265, 264, 266, -1,
      265, 266, 267, -1,
      267, 266, 268, -1,
      267, 268, 269, -1,
      269, 268, 270, -1,
      269, 270, 148, -1,
      148, 270, 271, -1,
      148, 271, 156, -1,
      196, 272, 197, -1,
      197, 272, 273, -1,
      197, 273, 274, -1,
      274, 273, 275, -1,
      274, 275, 276, -1,
      276, 275, 277, -1,
      276, 277, 198, -1,
      198, 277, 278, -1,
      198, 278, 199, -1,
      279, 280, 281, -1,
      281, 280, 282, -1,
      282, 283, 281, -1,
      281, 283, 284, -1,
      281, 284, 285, -1,
      194, 286, 192, -1,
      192, 286, 281, -1,
      192, 281, 287, -1,
      287, 281, 285, -1,
      281, 288, 279, -1,
      279, 288, 289, -1,
      279, 289, 290, -1,
      290, 291, 279, -1,
      279, 291, 292, -1,
      279, 292, 293, -1,
      221, 84, 55, -1,
      221, 55, 219, -1,
      219, 55, 54, -1,
      219, 54, 217, -1,
      54, 53, 217, -1,
      217, 53, 52, -1,
      217, 52, 171, -1,
      171, 52, 14, -1,
      171, 14, 170, -1,
      170, 14, 13, -1,
      170, 13, 168, -1,
      168, 13, 12, -1,
      168, 12, 166, -1,
      166, 12, 11, -1,
      166, 11, 200, -1,
      200, 11, 10, -1,
      200, 10, 198, -1,
      276, 198, 9, -1,
      9, 198, 10, -1,
      9, 8, 276, -1,
      276, 8, 18, -1,
      276, 18, 274, -1,
      274, 18, 17, -1,
      274, 17, 197, -1,
      21, 178, 20, -1,
      20, 178, 180, -1,
      20, 180, 15, -1,
      15, 180, 195, -1,
      15, 195, 16, -1,
      16, 195, 197, -1,
      16, 197, 17, -1,
      178, 21, 28, -1,
      178, 28, 176, -1,
      176, 28, 30, -1,
      176, 30, 174, -1,
      174, 30, 29, -1,
      174, 29, 239, -1,
      239, 29, 27, -1,
      239, 27, 241, -1,
      241, 27, 26, -1,
      241, 26, 243, -1,
      243, 26, 25, -1,
      243, 25, 245, -1,
      245, 25, 24, -1,
      245, 24, 247, -1,
      247, 24, 23, -1,
      247, 23, 249, -1,
      38, 209, 207, -1,
      249, 23, 22, -1,
      249, 22, 251, -1,
      251, 22, 19, -1,
      251, 19, 252, -1,
      252, 19, 1, -1,
      252, 1, 207, -1,
      207, 1, 0, -1,
      207, 0, 38, -1,
      209, 38, 37, -1,
      209, 37, 211, -1,
      211, 37, 36, -1,
      211, 36, 213, -1,
      213, 36, 35, -1,
      213, 35, 214, -1,
      214, 35, 34, -1,
      214, 34, 204, -1,
      204, 34, 33, -1,
      204, 33, 205, -1,
      205, 33, 32, -1,
      205, 32, 162, -1,
      162, 32, 31, -1,
      162, 31, 163, -1,
      163, 31, 42, -1,
      163, 42, 139, -1,
      42, 41, 139, -1,
      139, 41, 40, -1,
      139, 40, 140, -1,
      140, 40, 39, -1,
      140, 39, 154, -1,
      154, 39, 7, -1,
      154, 7, 184, -1,
      7, 6, 184, -1,
      184, 6, 5, -1,
      184, 5, 185, -1,
      185, 5, 2, -1,
      185, 2, 187, -1,
      101, 149, 144, -1,
      187, 2, 3, -1,
      187, 3, 189, -1,
      189, 3, 4, -1,
      189, 4, 150, -1,
      4, 47, 150, -1,
      150, 47, 46, -1,
      150, 46, 151, -1,
      151, 46, 45, -1,
      151, 45, 142, -1,
      142, 45, 44, -1,
      142, 44, 143, -1,
      143, 44, 43, -1,
      143, 43, 144, -1,
      144, 43, 100, -1,
      144, 100, 101, -1,
      147, 149, 92, -1,
      92, 149, 101, -1,
      145, 147, 67, -1,
      67, 147, 92, -1,
      146, 145, 49, -1,
      49, 145, 67, -1,
      148, 146, 48, -1,
      48, 146, 49, -1,
      148, 48, 50, -1,
      148, 50, 269, -1,
      269, 50, 51, -1,
      269, 51, 267, -1,
      267, 51, 89, -1,
      267, 89, 265, -1,
      265, 89, 88, -1,
      265, 88, 263, -1,
      263, 88, 87, -1,
      263, 87, 261, -1,
      261, 87, 80, -1,
      261, 80, 259, -1,
      259, 80, 81, -1,
      259, 81, 257, -1,
      257, 81, 77, -1,
      257, 77, 255, -1,
      255, 77, 79, -1,
      255, 79, 141, -1,
      141, 79, 78, -1,
      141, 78, 161, -1,
      161, 78, 76, -1,
      161, 76, 203, -1,
      203, 76, 75, -1,
      203, 75, 212, -1,
      212, 75, 83, -1,
      212, 83, 210, -1,
      210, 83, 82, -1,
      210, 82, 208, -1,
      208, 82, 206, -1,
      206, 82, 64, -1,
      64, 138, 206, -1,
      206, 138, 134, -1,
      206, 134, 250, -1,
      250, 134, 133, -1,
      250, 133, 248, -1,
      248, 133, 131, -1,
      248, 131, 246, -1,
      246, 131, 130, -1,
      246, 130, 244, -1,
      244, 130, 132, -1,
      244, 132, 242, -1,
      242, 132, 137, -1,
      242, 137, 240, -1,
      240, 137, 119, -1,
      240, 119, 238, -1,
      238, 119, 118, -1,
      238, 118, 172, -1,
      172, 118, 117, -1,
      172, 117, 173, -1,
      173, 117, 120, -1,
      173, 120, 175, -1,
      175, 120, 136, -1,
      175, 136, 177, -1,
      177, 136, 135, -1,
      177, 135, 179, -1,
      179, 135, 129, -1,
      179, 129, 196, -1,
      196, 129, 128, -1,
      196, 128, 272, -1,
      272, 128, 127, -1,
      272, 127, 273, -1,
      273, 127, 115, -1,
      273, 115, 275, -1,
      275, 115, 114, -1,
      275, 114, 277, -1,
      277, 114, 126, -1,
      277, 126, 278, -1,
      278, 126, 113, -1,
      278, 113, 199, -1,
      199, 113, 112, -1,
      199, 112, 201, -1,
      201, 112, 111, -1,
      201, 111, 202, -1,
      202, 111, 116, -1,
      202, 116, 164, -1,
      165, 164, 121, -1,
      121, 164, 116, -1,
      165, 121, 125, -1,
      165, 125, 167, -1,
      167, 125, 124, -1,
      167, 124, 169, -1,
      169, 124, 123, -1,
      169, 123, 215, -1,
      215, 123, 122, -1,
      215, 122, 216, -1,
      216, 122, 63, -1,
      216, 63, 218, -1,
      63, 62, 218, -1,
      218, 62, 61, -1,
      218, 61, 220, -1,
      220, 61, 105, -1,
      220, 105, 222, -1,
      222, 105, 104, -1,
      222, 104, 235, -1,
      235, 104, 103, -1,
      235, 103, 233, -1,
      233, 103, 102, -1,
      233, 102, 231, -1,
      231, 102, 110, -1,
      231, 110, 229, -1,
      229, 110, 109, -1,
      229, 109, 227, -1,
      227, 109, 108, -1,
      227, 108, 225, -1,
      225, 108, 107, -1,
      225, 107, 223, -1,
      194, 223, 106, -1,
      106, 223, 107, -1,
      194, 106, 97, -1,
      194, 97, 286, -1,
      286, 97, 96, -1,
      286, 96, 281, -1,
      281, 96, 95, -1,
      281, 95, 288, -1,
      288, 95, 68, -1,
      288, 68, 289, -1,
      289, 68, 66, -1,
      289, 66, 290, -1,
      290, 66, 65, -1,
      290, 65, 291, -1,
      291, 65, 94, -1,
      291, 94, 292, -1,
      292, 94, 93, -1,
      292, 93, 293, -1,
      293, 93, 91, -1,
      293, 91, 279, -1,
      279, 91, 90, -1,
      279, 90, 280, -1,
      280, 90, 99, -1,
      280, 99, 282, -1,
      282, 99, 98, -1,
      282, 98, 283, -1,
      283, 98, 60, -1,
      283, 60, 284, -1,
      284, 60, 59, -1,
      284, 59, 285, -1,
      285, 59, 74, -1,
      285, 74, 287, -1,
      287, 74, 73, -1,
      287, 73, 192, -1,
      192, 73, 72, -1,
      192, 72, 193, -1,
      224, 193, 58, -1,
      58, 193, 72, -1,
      224, 58, 57, -1,
      224, 57, 226, -1,
      226, 57, 56, -1,
      226, 56, 228, -1,
      228, 56, 71, -1,
      228, 71, 230, -1,
      230, 71, 70, -1,
      230, 70, 232, -1,
      232, 70, 69, -1,
      232, 69, 234, -1,
      234, 69, 86, -1,
      234, 86, 236, -1,
      236, 86, 85, -1,
      236, 85, 237, -1,
      237, 85, 84, -1,
      237, 84, 221, -1,
      264, 294, 295, -1,
      264, 295, 266, -1,
      266, 295, 296, -1,
      266, 296, 268, -1,
      268, 296, 297, -1,
      268, 297, 270, -1,
      270, 297, 298, -1,
      270, 298, 271, -1,
      271, 298, 299, -1,
      271, 299, 156, -1,
      156, 299, 300, -1,
      156, 300, 157, -1,
      157, 300, 301, -1,
      157, 301, 158, -1,
      158, 301, 302, -1,
      158, 302, 159, -1,
      159, 302, 303, -1,
      159, 303, 160, -1,
      160, 303, 304, -1,
      160, 304, 191, -1,
      191, 304, 305, -1,
      191, 305, 190, -1,
      190, 305, 306, -1,
      190, 306, 188, -1,
      188, 306, 307, -1,
      188, 307, 186, -1,
      186, 307, 308, -1,
      186, 308, 155, -1,
      155, 308, 309, -1,
      155, 309, 153, -1,
      153, 309, 310, -1,
      153, 310, 152, -1,
      152, 310, 311, -1,
      152, 311, 183, -1,
      183, 311, 312, -1,
      183, 312, 182, -1,
      182, 312, 313, -1,
      182, 313, 181, -1,
      181, 313, 314, -1,
      181, 314, 253, -1,
      253, 314, 315, -1,
      253, 315, 254, -1,
      254, 315, 316, -1,
      254, 316, 256, -1,
      256, 316, 317, -1,
      256, 317, 258, -1,
      258, 317, 318, -1,
      258, 318, 260, -1,
      260, 318, 319, -1,
      260, 319, 262, -1,
      262, 319, 294, -1,
      262, 294, 264, -1,
    ]
  }
}

Shape {
  appearance Appearance {
    material Material {
      diffuseColor 1.0000 0.7373 0.3725
      specularColor 0.5020 0.3686 0.1882
      ambientIntensity 0.2
      transparency 0.0000
      shininess 0.5
    }
  }
  geometry IndexedFaceSet {
    ccw TRUE
    solid FALSE
    coord DEF co Coordinate {
      point [
        -0.138024 -0.293337 -0.190739,
        -0.136235 -0.293315 -0.190894,
        -0.133729 -0.293204 -0.191667,
        -0.131527 -0.293011 -0.193014,
        -0.129742 -0.292752 -0.194834,
        -0.128498 -0.292450 -0.196947,
        -0.127794 -0.292108 -0.199339,
        -0.127700 -0.291744 -0.201887,
        -0.128262 -0.291381 -0.204431,
        -0.129439 -0.291052 -0.206731,
        -0.131128 -0.290778 -0.208651,
        -0.133160 -0.290576 -0.210060,
        -0.135472 -0.290450 -0.210945,
        -0.138024 -0.290406 -0.211257,
        -0.140453 -0.290446 -0.210970,
        -0.142899 -0.290579 -0.210044,
        -0.145002 -0.290789 -0.208575,
        -0.146676 -0.291064 -0.206647,
        -0.147783 -0.291376 -0.204464,
        -0.148337 -0.291724 -0.202022,
        -0.148272 -0.292091 -0.199456,
        -0.147555 -0.292448 -0.196959,
        -0.146236 -0.292765 -0.194743,
        -0.144956 -0.292959 -0.193380,
        -0.142868 -0.293166 -0.191935,
        -0.140541 -0.293293 -0.191048,
      ]
    }
    coordIndex [
      13, 23, 22, -1,
      0, 13, 1, -1,
      1, 13, 12, -1,
      0, 25, 13, -1,
      13, 25, 24, -1,
      13, 24, 23, -1,
      10, 4, 3, -1,
      18, 17, 22, -1,
      22, 17, 16, -1,
      12, 11, 1, -1,
      1, 11, 10, -1,
      1, 10, 2, -1,
      2, 10, 3, -1,
      21, 20, 22, -1,
      22, 20, 19, -1,
      22, 19, 18, -1,
      16, 15, 22, -1,
      22, 15, 14, -1,
      22, 14, 13, -1,
      8, 7, 9, -1,
      9, 7, 6, -1,
      9, 6, 10, -1,
      10, 6, 5, -1,
      10, 5, 4, -1,
    ]
  }
}
