#VRML V2.0 utf8

Shape {
  appearance Appearance {
    material Material {
      diffuseColor 0.2510 0.2510 0.2510
      specularColor 0.1255 0.1255 0.1255
      ambientIntensity 0.2
      transparency 0.0000
      shininess 0.5
    }
  }
  geometry IndexedFaceSet {
    ccw TRUE
    solid FALSE
    coord DEF co Coordinate {
      point [
        -0.302729 0.483830 0.196850,
        -0.302729 0.450987 0.196850,
        -0.287965 0.450987 0.196850,
        -0.209857 0.414430 0.196850,
        -0.220419 0.387642 0.196850,
        -0.207356 0.387642 0.196850,
        -0.244235 0.387816 0.196850,
        -0.245720 0.387642 0.196850,
        -0.236479 0.387642 0.196850,
        -0.272828 0.483806 0.196850,
        -0.270057 0.484142 0.196850,
        -0.284791 0.484142 0.196850,
        -0.263307 0.446675 0.196850,
        -0.265686 0.446448 0.196850,
        -0.253422 0.446448 0.196850,
        -0.433670 0.418639 0.196850,
        -0.429063 0.414445 0.196850,
        -0.418372 0.420030 0.196850,
        -0.504176 0.442170 0.196850,
        -0.502279 0.446448 0.196850,
        -0.555291 0.446448 0.196850,
        -0.345937 0.446448 0.196850,
        -0.322693 0.446448 0.196850,
        -0.347677 0.448873 0.196850,
        -0.322693 0.484142 0.196850,
        -0.354824 0.454920 0.196850,
        -0.388624 0.487282 0.196850,
        -0.384084 0.484142 0.196850,
        -0.378197 0.480070 0.196850,
        -0.369162 0.469509 0.196850,
        -0.363965 0.459250 0.196850,
        -0.362667 0.458813 0.196850,
        -0.438310 0.487961 0.196850,
        -0.426093 0.492407 0.196850,
        -0.496642 0.555291 0.196850,
        -0.414041 0.493776 0.196850,
        -0.322693 0.555291 0.196850,
        -0.401717 0.492304 0.196850,
        -0.499969 0.451657 0.196850,
        -0.496642 0.455922 0.196850,
        -0.496642 0.484142 0.196850,
        -0.493635 0.459777 0.196850,
        -0.473706 0.471145 0.196850,
        -0.463326 0.472427 0.196850,
        -0.491853 0.461463 0.196850,
        -0.483470 0.467355 0.196850,
        -0.444604 0.484142 0.196850,
        -0.445667 0.483497 0.196850,
        -0.451861 0.478193 0.196850,
        -0.460294 0.472263 0.196850,
        -0.457264 0.471900 0.196850,
        -0.555291 0.484142 0.196850,
        -0.504748 0.419413 0.196850,
        -0.504824 0.420030 0.196850,
        -0.555291 0.420030 0.196850,
        -0.506022 0.429731 0.196850,
        -0.505947 0.432265 0.196850,
        -0.500973 0.409600 0.196850,
        -0.555291 0.387642 0.196850,
        -0.496642 0.403416 0.196850,
        -0.473868 0.388353 0.196850,
        -0.477194 0.389348 0.196850,
        -0.496642 0.387642 0.196850,
        -0.486720 0.393986 0.196850,
        -0.494952 0.401004 0.196850,
        -0.462148 0.373974 0.196850,
        -0.467304 0.377860 0.196850,
        -0.496642 0.372958 0.196850,
        -0.471224 0.382696 0.196850,
        -0.473535 0.387642 0.196850,
        -0.394108 -0.374521 0.196850,
        -0.381246 -0.384390 0.196850,
        -0.322693 0.372958 0.196850,
        -0.441233 -0.488289 0.196850,
        -0.456211 -0.482085 0.196850,
        -0.496642 -0.555291 0.196850,
        -0.469072 -0.472216 0.196850,
        -0.478941 -0.459354 0.196850,
        -0.485145 -0.444376 0.196850,
        -0.487261 -0.428303 0.196850,
        -0.485145 -0.412230 0.196850,
        -0.478941 -0.397252 0.196850,
        -0.469072 -0.384390 0.196850,
        -0.456211 -0.374521 0.196850,
        -0.441233 -0.368317 0.196850,
        -0.363057 -0.428303 0.196850,
        -0.365174 -0.444376 0.196850,
        -0.322693 -0.555291 0.196850,
        -0.371378 -0.459354 0.196850,
        -0.381246 -0.472216 0.196850,
        -0.371378 -0.397252 0.196850,
        -0.365174 -0.412230 0.196850,
        -0.394108 -0.482085 0.196850,
        -0.409086 -0.488289 0.196850,
        -0.425159 -0.490405 0.196850,
        -0.456067 0.371420 0.196850,
        -0.459728 0.372958 0.196850,
        -0.437918 0.372958 0.196850,
        -0.425159 -0.366201 0.196850,
        -0.409086 -0.368317 0.196850,
        -0.442450 0.371217 0.196850,
        -0.448830 0.370431 0.196850,
        -0.449844 0.370450 0.196850,
        -0.424134 0.387642 0.196850,
        -0.424159 0.387538 0.196850,
        -0.427277 0.381664 0.196850,
        -0.431322 0.377128 0.196850,
        -0.436572 0.373475 0.196850,
        -0.322693 0.420030 0.196850,
        -0.338476 0.420030 0.196850,
        -0.339083 0.415315 0.196850,
        -0.390481 0.403190 0.196850,
        -0.388673 0.403904 0.196850,
        -0.385576 0.418926 0.196850,
        -0.347624 0.399686 0.196850,
        -0.354796 0.393615 0.196850,
        -0.322693 0.387642 0.196850,
        -0.392102 0.402041 0.196850,
        -0.386631 0.404166 0.196850,
        -0.386374 0.404148 0.196850,
        -0.385583 0.403973 0.196850,
        -0.342394 0.406971 0.196850,
        -0.394801 0.395996 0.196850,
        -0.394734 0.397036 0.196850,
        -0.422474 0.399422 0.196850,
        -0.394205 0.399042 0.196850,
        -0.393191 0.400840 0.196850,
        -0.359563 0.410520 0.196850,
        -0.356663 0.414631 0.196850,
        -0.388643 0.388065 0.196850,
        -0.390386 0.388751 0.196850,
        -0.392095 0.389967 0.196850,
        -0.392708 0.390590 0.196850,
        -0.393857 0.392246 0.196850,
        -0.394551 0.394033 0.196850,
        -0.422617 0.394044 0.196850,
        -0.422474 0.396787 0.196850,
        -0.362838 0.389680 0.196850,
        -0.371608 0.387826 0.196850,
        -0.387157 0.387826 0.196850,
        -0.385049 0.403903 0.196850,
        -0.373189 0.403903 0.196850,
        -0.368458 0.404809 0.196850,
        -0.363807 0.406964 0.196850,
        -0.359911 0.410146 0.196850,
        -0.445624 0.423216 0.196850,
        -0.439262 0.421636 0.196850,
        -0.377193 0.446448 0.196850,
        -0.448830 0.423406 0.196850,
        -0.354846 0.419328 0.196850,
        -0.354759 0.420030 0.196850,
        -0.386222 0.420030 0.196850,
        -0.354213 0.424460 0.196850,
        -0.354342 0.426771 0.196850,
        -0.455123 0.422630 0.196850,
        -0.483638 0.446448 0.196850,
        -0.460944 0.420404 0.196850,
        -0.486374 0.442517 0.196850,
        -0.488631 0.436638 0.196850,
        -0.487296 0.420030 0.196850,
        -0.461483 0.420030 0.196850,
        -0.489102 0.426196 0.196850,
        -0.489418 0.430258 0.196850,
        -0.361070 0.439772 0.196850,
        -0.365157 0.442627 0.196850,
        -0.355581 0.431833 0.196850,
        -0.358032 0.436380 0.196850,
        -0.376879 0.445018 0.196850,
        -0.393746 0.432894 0.196850,
        -0.374770 0.445018 0.196850,
        -0.369757 0.444399 0.196850,
        -0.436264 0.420030 0.196850,
        -0.487213 0.419746 0.196850,
        -0.470691 0.411678 0.196850,
        -0.466333 0.416659 0.196850,
        -0.484073 0.414404 0.196850,
        -0.479348 0.409549 0.196850,
        -0.473604 0.406011 0.196850,
        -0.382559 0.460849 0.196850,
        -0.388504 0.467951 0.196850,
        -0.449093 0.452661 0.196850,
        -0.389170 0.468558 0.196850,
        -0.396576 0.473697 0.196850,
        -0.445068 0.460996 0.196850,
        -0.450973 0.453689 0.196850,
        -0.378493 0.452357 0.196850,
        -0.456883 0.455849 0.196850,
        -0.463062 0.456614 0.196850,
        -0.465804 0.456471 0.196850,
        -0.439157 0.468058 0.196850,
        -0.404841 0.476863 0.196850,
        -0.432088 0.473223 0.196850,
        -0.413777 0.477962 0.196850,
        -0.423478 0.476713 0.196850,
        -0.472311 0.454930 0.196850,
        -0.478185 0.451811 0.196850,
        -0.482720 0.447766 0.196850,
        -0.342298 0.441374 0.196850,
        -0.339078 0.433325 0.196850,
        -0.337872 0.424724 0.196850,
        -0.121392 0.398093 0.196850,
        -0.136828 0.398093 0.196850,
        -0.140391 0.387954 0.196850,
        -0.149719 0.415595 0.196850,
        -0.148349 0.412058 0.196850,
        -0.133462 0.420030 0.196850,
        -0.152012 0.418829 0.196850,
        -0.117611 0.387954 0.196850,
        -0.181416 0.387642 0.196850,
        -0.112324 0.387954 0.196850,
        0.555291 0.387642 0.196850,
        -0.124541 0.420030 0.196850,
        0.555291 0.420030 0.196850,
        -0.126443 0.425023 0.196850,
        -0.150571 0.396425 0.196850,
        -0.153325 0.393147 0.196850,
        -0.145678 0.387954 0.196850,
        -0.157209 0.390364 0.196850,
        -0.161438 0.388717 0.196850,
        -0.167719 0.387954 0.196850,
        -0.147735 0.406963 0.196850,
        -0.147846 0.404598 0.196850,
        -0.148745 0.400259 0.196850,
        -0.177915 0.387954 0.196850,
        -0.177915 0.420030 0.196850,
        -0.181416 0.420030 0.196850,
        -0.177915 0.425023 0.196850,
        -0.181416 0.446448 0.196850,
        -0.167340 0.425023 0.196850,
        -0.161680 0.424398 0.196850,
        0.555291 0.446448 0.196850,
        -0.131559 0.425023 0.196850,
        -0.157206 0.422764 0.196850,
        -0.153325 0.420115 0.196850,
        -0.153238 0.420030 0.196850,
        -0.302729 0.420030 0.196850,
        -0.302729 0.408896 0.196850,
        -0.287013 0.420030 0.196850,
        -0.289472 0.408896 0.196850,
        -0.302729 0.404650 0.196850,
        -0.302729 0.392180 0.196850,
        -0.289472 0.404650 0.196850,
        -0.287577 0.392180 0.196850,
        -0.287013 0.387642 0.196850,
        -0.287577 0.387954 0.196850,
        -0.307514 0.387954 0.196850,
        -0.307514 0.425023 0.196850,
        -0.307514 0.420030 0.196850,
        -0.302729 0.420759 0.196850,
        -0.288420 0.420759 0.196850,
        -0.288420 0.425023 0.196850,
        -0.287013 0.446448 0.196850,
        -0.167814 0.456900 0.196850,
        -0.181416 0.456900 0.196850,
        -0.164033 0.446761 0.196850,
        -0.158745 0.446761 0.196850,
        -0.172864 0.483830 0.196850,
        0.555291 0.484142 0.196850,
        -0.181416 0.484142 0.196850,
        -0.183250 0.456900 0.196850,
        -0.186813 0.446761 0.196850,
        -0.193128 0.446448 0.196850,
        -0.192100 0.446761 0.196850,
        -0.193128 0.484142 0.196850,
        -0.181416 0.474811 0.196850,
        -0.177981 0.483830 0.196850,
        -0.236479 0.463457 0.196850,
        -0.246491 0.463457 0.196850,
        -0.236479 0.450987 0.196850,
        -0.246491 0.450987 0.196850,
        -0.227837 0.484142 0.196850,
        -0.236479 0.484142 0.196850,
        -0.232182 0.483830 0.196850,
        -0.236479 0.483830 0.196850,
        -0.232182 0.479565 0.196850,
        -0.231339 0.450987 0.196850,
        -0.227837 0.446448 0.196850,
        -0.231339 0.446761 0.196850,
        -0.236479 0.446448 0.196850,
        -0.233234 0.463457 0.196850,
        -0.233234 0.467702 0.196850,
        -0.236479 0.467702 0.196850,
        -0.236479 0.479565 0.196850,
        -0.246491 0.479565 0.196850,
        -0.246491 0.467702 0.196850,
        -0.251276 0.483830 0.196850,
        -0.253422 0.484142 0.196850,
        -0.251276 0.446761 0.196850,
        -0.258695 0.482939 0.196850,
        -0.262625 0.484074 0.196850,
        -0.263500 0.484142 0.196850,
        -0.236479 0.446761 0.196850,
        -0.258695 0.477935 0.196850,
        -0.259328 0.447981 0.196850,
        -0.267431 0.480134 0.196850,
        -0.269148 0.480051 0.196850,
        -0.271541 0.450740 0.196850,
        -0.268266 0.450399 0.196850,
        -0.266543 0.450463 0.196850,
        -0.259108 0.478158 0.196850,
        -0.262349 0.451242 0.196850,
        -0.258695 0.452882 0.196850,
        -0.258695 0.448296 0.196850,
        -0.262868 0.479589 0.196850,
        -0.272334 0.479376 0.196850,
        -0.275221 0.477968 0.196850,
        -0.277533 0.476022 0.196850,
        -0.276765 0.453322 0.196850,
        -0.281370 0.463244 0.196850,
        -0.277789 0.454303 0.196850,
        -0.280735 0.459596 0.196850,
        -0.279501 0.456643 0.196850,
        -0.277790 0.475740 0.196850,
        -0.279580 0.473162 0.196850,
        -0.280820 0.469958 0.196850,
        -0.281427 0.464878 0.196850,
        -0.274262 0.451679 0.196850,
        -0.283783 0.475487 0.196850,
        -0.281096 0.478997 0.196850,
        -0.280174 0.479876 0.196850,
        -0.276704 0.482305 0.196850,
        -0.287013 0.484142 0.196850,
        -0.285543 0.471369 0.196850,
        -0.284791 0.473128 0.196850,
        -0.284791 0.456182 0.196850,
        -0.285722 0.458573 0.196850,
        -0.286450 0.464594 0.196850,
        -0.286384 0.466530 0.196850,
        -0.284791 0.446448 0.196850,
        -0.275777 0.447265 0.196850,
        -0.279199 0.449042 0.196850,
        -0.281693 0.451195 0.196850,
        -0.282005 0.451536 0.196850,
        -0.284215 0.454702 0.196850,
        -0.272407 0.446448 0.196850,
        -0.284791 0.420030 0.196850,
        -0.271871 0.446318 0.196850,
        -0.268957 0.446135 0.196850,
        -0.253422 0.420030 0.196850,
        -0.195167 0.459065 0.196850,
        -0.196993 0.455231 0.196850,
        -0.207356 0.484142 0.196850,
        -0.207356 0.482932 0.196850,
        -0.203627 0.481570 0.196850,
        -0.207356 0.447719 0.196850,
        -0.207356 0.446448 0.196850,
        -0.203631 0.449170 0.196850,
        -0.199747 0.451953 0.196850,
        -0.199747 0.478921 0.196850,
        -0.198433 0.477635 0.196850,
        -0.196140 0.474402 0.196850,
        -0.194770 0.470864 0.196850,
        -0.194156 0.465769 0.196850,
        -0.194268 0.463404 0.196850,
        -0.213761 0.483830 0.196850,
        -0.208101 0.483204 0.196850,
        -0.207859 0.447523 0.196850,
        -0.214140 0.446761 0.196850,
        -0.224336 0.446761 0.196850,
        -0.224336 0.483830 0.196850,
        -0.270448 0.388281 0.196850,
        -0.272207 0.387642 0.196850,
        -0.266503 0.387954 0.196850,
        -0.268850 0.389339 0.196850,
        -0.277515 0.387652 0.196850,
        -0.279295 0.388323 0.196850,
        -0.284791 0.387642 0.196850,
        -0.282339 0.391358 0.196850,
        -0.282902 0.392927 0.196850,
        -0.280546 0.408062 0.196850,
        -0.280546 0.412572 0.196850,
        -0.279577 0.413133 0.196850,
        -0.276123 0.414469 0.196850,
        -0.281207 0.400632 0.196850,
        -0.279759 0.401858 0.196850,
        -0.277738 0.402865 0.196850,
        -0.277782 0.409864 0.196850,
        -0.274349 0.403684 0.196850,
        -0.270293 0.411100 0.196850,
        -0.271866 0.411265 0.196850,
        -0.274886 0.410920 0.196850,
        -0.280859 0.389414 0.196850,
        -0.281372 0.389934 0.196850,
        -0.266503 0.392048 0.196850,
        -0.266626 0.392048 0.196850,
        -0.267380 0.390907 0.196850,
        -0.283133 0.395042 0.196850,
        -0.283115 0.395706 0.196850,
        -0.282802 0.397687 0.196850,
        -0.282150 0.399313 0.196850,
        -0.266636 0.414172 0.196850,
        -0.265100 0.413283 0.196850,
        -0.254804 0.410440 0.196850,
        -0.263868 0.412090 0.196850,
        -0.255356 0.408945 0.196850,
        -0.262924 0.410577 0.196850,
        -0.262204 0.408441 0.196850,
        -0.266503 0.404783 0.196850,
        -0.266665 0.406836 0.196850,
        -0.267144 0.408489 0.196850,
        -0.267690 0.409446 0.196850,
        -0.253463 0.402302 0.196850,
        -0.255568 0.393678 0.196850,
        -0.253422 0.402275 0.196850,
        -0.253737 0.392547 0.196850,
        -0.253422 0.392429 0.196850,
        -0.254222 0.403096 0.196850,
        -0.254828 0.404064 0.196850,
        -0.261860 0.404992 0.196850,
        -0.255340 0.405482 0.196850,
        -0.255540 0.407285 0.196850,
        -0.271430 0.415036 0.196850,
        -0.268580 0.414773 0.196850,
        -0.268392 0.410193 0.196850,
        -0.269217 0.410724 0.196850,
        -0.272328 0.387598 0.196850,
        -0.253422 0.372958 0.196850,
        -0.284791 0.372958 0.196850,
        -0.274737 0.387329 0.196850,
        -0.277430 0.387642 0.196850,
        -0.255568 0.388883 0.196850,
        -0.261860 0.387954 0.196850,
        -0.253422 0.388094 0.196850,
        -0.253422 0.387642 0.196850,
        -0.252704 0.387831 0.196850,
        -0.251077 0.387642 0.196850,
        -0.248385 0.387329 0.196850,
        -0.236479 0.420030 0.196850,
        -0.238957 0.413861 0.196850,
        -0.238957 0.409350 0.196850,
        -0.239241 0.399533 0.196850,
        -0.238375 0.398255 0.196850,
        -0.252564 0.412932 0.196850,
        -0.251087 0.413804 0.196850,
        -0.253941 0.411695 0.196850,
        -0.253422 0.412161 0.196850,
        -0.237880 0.396886 0.196850,
        -0.237687 0.395156 0.196850,
        -0.237908 0.393290 0.196850,
        -0.238478 0.391819 0.196850,
        -0.239344 0.390594 0.196850,
        -0.248513 0.414694 0.196850,
        -0.245230 0.415036 0.196850,
        -0.241973 0.414747 0.196850,
        -0.240672 0.389433 0.196850,
        -0.241782 0.388752 0.196850,
        -0.245685 0.411265 0.196850,
        -0.247059 0.411161 0.196850,
        -0.250754 0.407702 0.196850,
        -0.248302 0.410833 0.196850,
        -0.249343 0.410279 0.196850,
        -0.250712 0.407084 0.196850,
        -0.250528 0.406363 0.196850,
        -0.250193 0.405736 0.196850,
        -0.249741 0.405238 0.196850,
        -0.248104 0.404215 0.196850,
        -0.242676 0.410928 0.196850,
        -0.245230 0.402964 0.196850,
        -0.240054 0.409976 0.196850,
        -0.243432 0.402237 0.196850,
        -0.240348 0.400521 0.196850,
        -0.250043 0.409660 0.196850,
        -0.250441 0.409069 0.196850,
        -0.250670 0.408442 0.196850,
        -0.250825 0.391456 0.196850,
        -0.248509 0.399591 0.196850,
        -0.251276 0.400859 0.196850,
        -0.247931 0.391119 0.196850,
        -0.247726 0.391120 0.196850,
        -0.245460 0.398314 0.196850,
        -0.245346 0.391387 0.196850,
        -0.242454 0.394701 0.196850,
        -0.242499 0.395279 0.196850,
        -0.244147 0.391826 0.196850,
        -0.243724 0.392083 0.196850,
        -0.243191 0.392556 0.196850,
        -0.242786 0.393155 0.196850,
        -0.242550 0.393815 0.196850,
        -0.242710 0.396004 0.196850,
        -0.243069 0.396619 0.196850,
        -0.243648 0.397222 0.196850,
        -0.223161 0.394530 0.196850,
        -0.222593 0.392351 0.196850,
        -0.222470 0.392351 0.196850,
        -0.207356 0.420030 0.196850,
        -0.227837 0.420030 0.196850,
        -0.214671 0.414430 0.196850,
        -0.227837 0.407983 0.196850,
        -0.221901 0.394493 0.196850,
        -0.222256 0.393258 0.196850,
        -0.227837 0.387642 0.196850,
        -0.227837 0.395520 0.196850,
        -0.235271 0.414430 0.196850,
        -0.230078 0.414430 0.196850,
        -0.224886 0.388011 0.196850,
        -0.225042 0.387642 0.196850,
        -0.226923 0.383198 0.196850,
        -0.236479 0.372958 0.196850,
        -0.234314 0.375863 0.196850,
        -0.234314 0.379995 0.196850,
        -0.228708 0.380551 0.196850,
        -0.227843 0.381514 0.196850,
        -0.227837 0.381525 0.196850,
        -0.233364 0.379683 0.196850,
        -0.231680 0.379464 0.196850,
        -0.227837 0.376312 0.196850,
        -0.229444 0.375700 0.196850,
        -0.227837 0.372958 0.196850,
        -0.231320 0.375484 0.196850,
        -0.232345 0.375521 0.196850,
        -0.230519 0.379600 0.196850,
        -0.229507 0.379993 0.196850,
        -0.221872 0.383956 0.196850,
        -0.223974 0.379862 0.196850,
        -0.207356 0.372958 0.196850,
        -0.225674 0.377822 0.196850,
        -0.225990 0.377531 0.196850,
        -0.227612 0.376398 0.196850,
        -0.200069 0.404650 0.196850,
        -0.200069 0.392180 0.196850,
        -0.193128 0.392180 0.196850,
        -0.184917 0.392180 0.196850,
        -0.184917 0.387954 0.196850,
        -0.193128 0.387642 0.196850,
        -0.186813 0.404650 0.196850,
        -0.193128 0.404650 0.196850,
        -0.200069 0.420030 0.196850,
        -0.200069 0.408896 0.196850,
        -0.193128 0.408896 0.196850,
        -0.200069 0.420759 0.196850,
        -0.193128 0.420030 0.196850,
        -0.186813 0.408896 0.196850,
        -0.204854 0.387954 0.196850,
        -0.204854 0.420030 0.196850,
        -0.204854 0.425023 0.196850,
        -0.193128 0.387954 0.196850,
        -0.253422 0.555291 0.196850,
        -0.236479 0.555291 0.196850,
        -0.227837 0.555291 0.196850,
        -0.207356 0.555291 0.196850,
        -0.193128 0.555291 0.196850,
        -0.181416 0.555291 0.196850,
        0.555291 0.555291 0.196850,
        -0.287013 0.555291 0.196850,
        -0.284791 0.555291 0.196850,
        -0.267479 0.484455 0.196850,
        -0.555291 0.555291 0.196850,
        -0.307514 0.446761 0.196850,
        -0.307514 0.483830 0.196850,
        -0.287965 0.446761 0.196850,
        -0.193128 0.425023 0.196850,
        -0.185761 0.425023 0.196850,
        -0.185761 0.420759 0.196850,
        -0.193128 0.420759 0.196850,
        -0.193128 0.372958 0.196850,
        -0.181416 0.372958 0.196850,
        0.555291 0.372958 0.196850,
        -0.287013 0.372958 0.196850,
        -0.287013 -0.555291 0.196850,
        -0.284791 -0.555291 0.196850,
        -0.253422 -0.555291 0.196850,
        -0.236479 -0.555291 0.196850,
        -0.227837 -0.555291 0.196850,
        -0.207356 -0.555291 0.196850,
        -0.193128 -0.555291 0.196850,
        -0.181416 -0.555291 0.196850,
        0.555291 -0.555291 0.196850,
        -0.555291 0.372958 0.196850,
        -0.555291 -0.555291 0.196850,
        -0.402202 -0.314520 -0.196850,
        -0.398269 -0.324016 -0.196850,
        -0.555291 -0.555291 -0.196850,
        -0.392012 -0.332170 -0.196850,
        -0.383858 -0.338426 -0.196850,
        -0.374363 0.342359 -0.196850,
        -0.383858 0.338426 -0.196850,
        -0.555291 0.555291 -0.196850,
        -0.392012 0.332170 -0.196850,
        -0.398269 0.324016 -0.196850,
        -0.402202 0.314520 -0.196850,
        -0.403543 0.304331 -0.196850,
        -0.403543 -0.304331 -0.196850,
        0.374363 -0.342359 -0.196850,
        0.383858 -0.338426 -0.196850,
        0.555291 -0.555291 -0.196850,
        0.392012 -0.332170 -0.196850,
        0.398269 -0.324016 -0.196850,
        0.402202 0.314520 -0.196850,
        0.398269 0.324016 -0.196850,
        0.555291 0.555291 -0.196850,
        0.392012 0.332170 -0.196850,
        0.383858 0.338426 -0.196850,
        0.374363 0.342359 -0.196850,
        0.364173 0.343701 -0.196850,
        -0.364173 0.343701 -0.196850,
        -0.374363 -0.342359 -0.196850,
        -0.364173 -0.343701 -0.196850,
        0.364173 -0.343701 -0.196850,
        0.402202 -0.314520 -0.196850,
        0.403543 -0.304331 -0.196850,
        0.403543 0.304331 -0.196850,
        0.322835 0.587851 0.030866,
        0.322835 0.590551 0.000000,
        0.188976 0.590551 0.000000,
        0.555291 0.574901 0.178881,
        0.570941 0.590551 0.000000,
        0.444882 0.590551 0.000000,
        -0.188976 0.587851 0.030866,
        -0.188976 0.590551 0.000000,
        -0.322835 0.590551 0.000000,
        0.066929 0.590551 0.000000,
        -0.066929 0.590551 0.000000,
        0.066929 0.587851 0.030866,
        -0.066929 0.587851 0.030866,
        -0.444882 0.590551 0.000000,
        -0.570941 0.590551 -0.000000,
        -0.444882 0.587851 0.030866,
        -0.555291 0.574901 0.178881,
        -0.322835 0.587851 0.030866,
        0.188976 0.587851 0.030866,
        0.444882 0.587851 0.030866,
        -0.555291 0.574901 -0.178881,
        -0.066929 0.587052 -0.040000,
        0.066929 0.587052 -0.040000,
        0.188976 0.587052 -0.040000,
        0.555291 0.574901 -0.178881,
        -0.444882 0.587052 -0.040000,
        -0.322835 0.587052 -0.040000,
        -0.188976 0.587052 -0.040000,
        0.444882 0.587052 -0.040000,
        0.322835 0.587052 -0.040000,
        0.066929 -0.587851 0.030866,
        0.188976 -0.587851 0.030866,
        0.555291 -0.574901 0.178881,
        -0.555291 -0.574901 0.178881,
        -0.570941 -0.590551 0.000000,
        -0.444882 -0.590551 0.000000,
        -0.066929 -0.587851 0.030866,
        -0.066929 -0.590551 0.000000,
        0.066929 -0.590551 0.000000,
        -0.444882 -0.587851 0.030866,
        -0.322835 -0.587851 0.030866,
        -0.188976 -0.587851 0.030866,
        -0.188976 -0.590551 0.000000,
        -0.322835 -0.590551 0.000000,
        0.444882 -0.590551 0.000000,
        0.570941 -0.590551 0.000000,
        0.444882 -0.587851 0.030866,
        0.322835 -0.587851 0.030866,
        0.322835 -0.590551 0.000000,
        0.188976 -0.590551 0.000000,
        0.066929 -0.587052 -0.040000,
        0.555291 -0.574901 -0.178881,
        0.444882 -0.587052 -0.040000,
        0.322835 -0.587052 -0.040000,
        0.188976 -0.587052 -0.040000,
        -0.066929 -0.587052 -0.040000,
        -0.188976 -0.587052 -0.040000,
        -0.322835 -0.587052 -0.040000,
        -0.444882 -0.587052 -0.040000,
        -0.555291 -0.574901 -0.178881,
        0.590551 -0.570941 -0.000000,
        0.590551 0.570941 -0.000000,
        0.574901 -0.555291 0.178881,
        0.574901 0.555291 0.178881,
        -0.590551 0.570941 -0.000000,
        -0.590551 -0.570941 -0.000000,
        -0.574901 0.555291 0.178881,
        -0.574901 -0.555291 0.178881,
        0.574901 -0.555291 -0.178881,
        0.574901 0.555291 -0.178881,
        -0.574901 0.555291 -0.178881,
        -0.574901 -0.555291 -0.178881,
      ]
    }
    coordIndex [
      0, 1, 2, -1,
      3, 4, 5, -1,
      6, 7, 8, -1,
      9, 10, 11, -1,
      12, 13, 14, -1,
      15, 16, 17, -1,
      18, 19, 20, -1,
      21, 22, 23, -1,
      23, 22, 24, -1,
      23, 24, 25, -1,
      26, 27, 24, -1,
      24, 27, 28, -1,
      24, 28, 29, -1,
      29, 30, 24, -1,
      24, 30, 31, -1,
      24, 31, 25, -1,
      32, 33, 34, -1,
      34, 33, 35, -1,
      34, 35, 36, -1,
      36, 35, 37, -1,
      36, 37, 26, -1,
      38, 39, 40, -1,
      40, 39, 41, -1,
      40, 42, 43, -1,
      41, 44, 40, -1,
      40, 44, 45, -1,
      40, 45, 42, -1,
      32, 34, 46, -1,
      46, 34, 40, -1,
      46, 40, 47, -1,
      47, 40, 43, -1,
      47, 43, 48, -1,
      48, 43, 49, -1,
      48, 49, 50, -1,
      20, 19, 51, -1,
      52, 53, 54, -1,
      54, 53, 55, -1,
      54, 55, 20, -1,
      20, 55, 56, -1,
      20, 56, 18, -1,
      52, 54, 57, -1,
      57, 54, 58, -1,
      57, 58, 59, -1,
      60, 61, 62, -1,
      62, 61, 63, -1,
      62, 63, 64, -1,
      65, 66, 67, -1,
      67, 66, 68, -1,
      67, 68, 62, -1,
      62, 68, 69, -1,
      62, 69, 60, -1,
      70, 71, 72, -1,
      73, 74, 75, -1,
      75, 74, 76, -1,
      75, 76, 77, -1,
      77, 78, 75, -1,
      75, 78, 79, -1,
      75, 79, 67, -1,
      67, 79, 80, -1,
      67, 80, 81, -1,
      81, 82, 67, -1,
      67, 82, 83, -1,
      67, 83, 84, -1,
      85, 86, 87, -1,
      87, 86, 88, -1,
      87, 88, 89, -1,
      71, 90, 72, -1,
      72, 90, 91, -1,
      72, 91, 85, -1,
      89, 92, 87, -1,
      87, 92, 93, -1,
      87, 93, 75, -1,
      75, 93, 94, -1,
      75, 94, 73, -1,
      84, 95, 67, -1,
      67, 95, 96, -1,
      67, 96, 65, -1,
      97, 98, 72, -1,
      72, 98, 99, -1,
      72, 99, 70, -1,
      97, 100, 98, -1,
      98, 100, 101, -1,
      98, 101, 84, -1,
      84, 101, 102, -1,
      84, 102, 95, -1,
      103, 104, 72, -1,
      72, 104, 105, -1,
      105, 106, 72, -1,
      72, 106, 107, -1,
      72, 107, 97, -1,
      108, 109, 110, -1,
      111, 112, 113, -1,
      114, 115, 116, -1,
      111, 113, 117, -1,
      112, 118, 113, -1,
      113, 118, 119, -1,
      113, 119, 120, -1,
      108, 110, 116, -1,
      116, 110, 121, -1,
      116, 121, 114, -1,
      122, 123, 124, -1,
      124, 123, 125, -1,
      124, 125, 113, -1,
      113, 125, 126, -1,
      113, 126, 117, -1,
      113, 127, 128, -1,
      129, 130, 103, -1,
      103, 130, 131, -1,
      103, 131, 132, -1,
      132, 133, 103, -1,
      103, 133, 134, -1,
      103, 134, 135, -1,
      135, 134, 122, -1,
      135, 122, 136, -1,
      136, 122, 124, -1,
      115, 137, 116, -1,
      116, 137, 138, -1,
      116, 138, 103, -1,
      103, 138, 139, -1,
      103, 139, 129, -1,
      120, 140, 113, -1,
      113, 140, 141, -1,
      113, 141, 142, -1,
      142, 143, 113, -1,
      113, 143, 144, -1,
      113, 144, 127, -1,
      145, 146, 147, -1,
      145, 147, 148, -1,
      128, 149, 113, -1,
      113, 149, 150, -1,
      113, 150, 151, -1,
      151, 150, 152, -1,
      151, 152, 153, -1,
      154, 155, 156, -1,
      156, 155, 157, -1,
      156, 157, 158, -1,
      159, 160, 161, -1,
      161, 160, 156, -1,
      161, 156, 162, -1,
      162, 156, 158, -1,
      151, 163, 164, -1,
      153, 165, 151, -1,
      151, 165, 166, -1,
      151, 166, 163, -1,
      167, 168, 169, -1,
      169, 168, 151, -1,
      169, 151, 170, -1,
      170, 151, 164, -1,
      167, 147, 168, -1,
      168, 147, 146, -1,
      168, 146, 17, -1,
      17, 146, 171, -1,
      17, 171, 15, -1,
      172, 173, 159, -1,
      159, 173, 174, -1,
      159, 174, 160, -1,
      172, 175, 173, -1,
      173, 175, 176, -1,
      173, 176, 177, -1,
      178, 179, 180, -1,
      179, 181, 180, -1,
      180, 181, 182, -1,
      180, 182, 183, -1,
      155, 180, 184, -1,
      154, 148, 155, -1,
      155, 148, 147, -1,
      155, 147, 180, -1,
      180, 147, 185, -1,
      180, 185, 178, -1,
      184, 186, 155, -1,
      155, 186, 187, -1,
      155, 187, 188, -1,
      183, 182, 189, -1,
      189, 182, 190, -1,
      189, 190, 191, -1,
      191, 190, 192, -1,
      191, 192, 193, -1,
      194, 195, 188, -1,
      188, 195, 196, -1,
      188, 196, 155, -1,
      21, 197, 22, -1,
      22, 197, 198, -1,
      22, 198, 108, -1,
      108, 198, 199, -1,
      108, 199, 109, -1,
      200, 201, 202, -1,
      203, 204, 205, -1,
      203, 205, 206, -1,
      207, 208, 209, -1,
      209, 208, 210, -1,
      209, 210, 211, -1,
      211, 210, 212, -1,
      211, 212, 213, -1,
      214, 215, 216, -1,
      216, 215, 217, -1,
      216, 217, 218, -1,
      218, 219, 216, -1,
      216, 219, 208, -1,
      216, 208, 202, -1,
      202, 208, 207, -1,
      202, 207, 200, -1,
      204, 220, 205, -1,
      205, 220, 221, -1,
      205, 221, 216, -1,
      216, 221, 222, -1,
      216, 222, 214, -1,
      223, 224, 225, -1,
      225, 224, 226, -1,
      225, 226, 227, -1,
      227, 226, 228, -1,
      227, 228, 229, -1,
      212, 230, 213, -1,
      213, 230, 227, -1,
      213, 227, 231, -1,
      231, 227, 229, -1,
      229, 232, 231, -1,
      231, 232, 233, -1,
      231, 233, 205, -1,
      205, 233, 234, -1,
      205, 234, 206, -1,
      235, 236, 237, -1,
      237, 236, 238, -1,
      239, 240, 241, -1,
      241, 240, 242, -1,
      238, 241, 237, -1,
      237, 241, 242, -1,
      237, 242, 243, -1,
      243, 242, 244, -1,
      243, 244, 245, -1,
      246, 22, 247, -1,
      247, 22, 108, -1,
      247, 108, 245, -1,
      245, 108, 116, -1,
      245, 116, 243, -1,
      248, 235, 249, -1,
      249, 235, 237, -1,
      249, 237, 250, -1,
      250, 237, 251, -1,
      250, 251, 246, -1,
      252, 253, 254, -1,
      254, 253, 227, -1,
      254, 227, 255, -1,
      255, 227, 230, -1,
      255, 230, 256, -1,
      256, 230, 257, -1,
      256, 257, 258, -1,
      253, 259, 227, -1,
      227, 259, 260, -1,
      227, 260, 261, -1,
      261, 260, 262, -1,
      261, 262, 263, -1,
      263, 262, 264, -1,
      263, 264, 258, -1,
      258, 264, 265, -1,
      258, 265, 256, -1,
      266, 267, 268, -1,
      268, 267, 269, -1,
      270, 271, 272, -1,
      272, 271, 273, -1,
      272, 274, 270, -1,
      270, 274, 275, -1,
      270, 275, 276, -1,
      276, 275, 277, -1,
      276, 277, 278, -1,
      266, 268, 279, -1,
      279, 268, 275, -1,
      279, 275, 280, -1,
      280, 275, 274, -1,
      280, 274, 281, -1,
      274, 282, 281, -1,
      281, 282, 283, -1,
      281, 283, 284, -1,
      273, 271, 285, -1,
      285, 271, 286, -1,
      285, 286, 287, -1,
      288, 286, 289, -1,
      289, 286, 290, -1,
      277, 291, 278, -1,
      278, 291, 287, -1,
      278, 287, 14, -1,
      14, 287, 286, -1,
      14, 286, 292, -1,
      292, 286, 288, -1,
      12, 14, 293, -1,
      294, 295, 296, -1,
      297, 298, 299, -1,
      299, 298, 300, -1,
      299, 300, 292, -1,
      292, 300, 301, -1,
      292, 301, 14, -1,
      14, 301, 302, -1,
      14, 302, 293, -1,
      297, 299, 296, -1,
      296, 299, 303, -1,
      296, 303, 294, -1,
      295, 304, 296, -1,
      296, 304, 305, -1,
      296, 305, 306, -1,
      307, 308, 309, -1,
      309, 308, 310, -1,
      309, 310, 311, -1,
      306, 312, 296, -1,
      296, 312, 313, -1,
      296, 313, 314, -1,
      314, 315, 296, -1,
      296, 315, 308, -1,
      296, 308, 316, -1,
      316, 308, 307, -1,
      11, 317, 318, -1,
      318, 319, 11, -1,
      11, 319, 320, -1,
      11, 320, 9, -1,
      321, 322, 11, -1,
      11, 322, 323, -1,
      11, 323, 317, -1,
      324, 325, 251, -1,
      251, 325, 326, -1,
      251, 326, 321, -1,
      321, 326, 327, -1,
      321, 327, 322, -1,
      328, 329, 330, -1,
      330, 331, 328, -1,
      328, 331, 332, -1,
      328, 332, 333, -1,
      329, 328, 334, -1,
      334, 328, 335, -1,
      334, 335, 336, -1,
      336, 335, 337, -1,
      337, 335, 338, -1,
      337, 338, 13, -1,
      339, 340, 261, -1,
      341, 342, 263, -1,
      263, 342, 343, -1,
      344, 345, 346, -1,
      346, 345, 261, -1,
      346, 261, 347, -1,
      347, 261, 340, -1,
      343, 348, 263, -1,
      263, 348, 349, -1,
      263, 349, 350, -1,
      350, 351, 263, -1,
      263, 351, 352, -1,
      263, 352, 261, -1,
      261, 352, 353, -1,
      261, 353, 339, -1,
      270, 354, 341, -1,
      341, 354, 355, -1,
      341, 355, 342, -1,
      344, 356, 345, -1,
      345, 356, 357, -1,
      345, 357, 276, -1,
      276, 357, 358, -1,
      276, 358, 270, -1,
      270, 358, 359, -1,
      270, 359, 354, -1,
      360, 361, 362, -1,
      360, 362, 363, -1,
      364, 365, 366, -1,
      366, 367, 368, -1,
      369, 370, 335, -1,
      335, 370, 371, -1,
      335, 371, 372, -1,
      373, 374, 369, -1,
      369, 374, 375, -1,
      369, 375, 376, -1,
      376, 375, 377, -1,
      378, 379, 377, -1,
      377, 379, 380, -1,
      377, 380, 376, -1,
      365, 381, 366, -1,
      366, 381, 382, -1,
      366, 382, 367, -1,
      383, 384, 362, -1,
      362, 384, 385, -1,
      362, 385, 363, -1,
      368, 386, 366, -1,
      366, 386, 387, -1,
      366, 387, 335, -1,
      335, 387, 388, -1,
      335, 388, 369, -1,
      369, 388, 389, -1,
      369, 389, 373, -1,
      390, 391, 392, -1,
      392, 391, 393, -1,
      392, 393, 394, -1,
      394, 393, 395, -1,
      394, 395, 396, -1,
      397, 398, 377, -1,
      377, 398, 399, -1,
      377, 399, 400, -1,
      401, 402, 403, -1,
      403, 402, 404, -1,
      403, 404, 405, -1,
      406, 407, 408, -1,
      408, 407, 409, -1,
      408, 409, 396, -1,
      396, 409, 410, -1,
      396, 410, 394, -1,
      372, 411, 335, -1,
      335, 411, 412, -1,
      335, 412, 390, -1,
      400, 413, 377, -1,
      377, 413, 414, -1,
      377, 414, 378, -1,
      361, 415, 416, -1,
      416, 415, 417, -1,
      417, 415, 418, -1,
      417, 418, 419, -1,
      401, 406, 402, -1,
      402, 406, 408, -1,
      402, 408, 420, -1,
      420, 408, 421, -1,
      420, 421, 422, -1,
      422, 421, 423, -1,
      422, 423, 424, -1,
      424, 423, 425, -1,
      426, 425, 416, -1,
      416, 425, 423, -1,
      416, 423, 361, -1,
      361, 423, 421, -1,
      361, 421, 362, -1,
      427, 428, 429, -1,
      430, 431, 429, -1,
      432, 433, 338, -1,
      390, 392, 335, -1,
      335, 392, 434, -1,
      335, 434, 338, -1,
      338, 434, 435, -1,
      338, 435, 432, -1,
      436, 437, 8, -1,
      437, 438, 8, -1,
      8, 438, 439, -1,
      8, 439, 440, -1,
      433, 441, 338, -1,
      338, 441, 442, -1,
      338, 442, 427, -1,
      427, 442, 443, -1,
      427, 443, 428, -1,
      440, 444, 8, -1,
      8, 444, 445, -1,
      8, 445, 6, -1,
      446, 447, 448, -1,
      448, 447, 449, -1,
      448, 449, 450, -1,
      448, 451, 446, -1,
      446, 451, 452, -1,
      446, 452, 453, -1,
      453, 454, 446, -1,
      446, 454, 455, -1,
      446, 455, 456, -1,
      456, 455, 457, -1,
      456, 457, 458, -1,
      458, 457, 459, -1,
      458, 459, 429, -1,
      429, 459, 460, -1,
      429, 460, 430, -1,
      461, 462, 450, -1,
      450, 462, 463, -1,
      450, 463, 448, -1,
      464, 465, 405, -1,
      405, 465, 466, -1,
      405, 466, 403, -1,
      464, 467, 465, -1,
      465, 467, 468, -1,
      465, 468, 469, -1,
      469, 468, 470, -1,
      469, 471, 472, -1,
      470, 473, 469, -1,
      469, 473, 474, -1,
      469, 474, 475, -1,
      475, 476, 469, -1,
      469, 476, 477, -1,
      469, 477, 471, -1,
      472, 478, 469, -1,
      469, 478, 479, -1,
      469, 479, 480, -1,
      481, 482, 483, -1,
      484, 485, 486, -1,
      486, 485, 487, -1,
      486, 487, 488, -1,
      488, 487, 481, -1,
      488, 481, 489, -1,
      489, 481, 483, -1,
      490, 491, 8, -1,
      8, 491, 492, -1,
      431, 436, 429, -1,
      429, 436, 8, -1,
      429, 8, 427, -1,
      427, 8, 492, -1,
      427, 492, 485, -1,
      485, 492, 493, -1,
      485, 493, 487, -1,
      494, 491, 495, -1,
      495, 491, 490, -1,
      495, 490, 496, -1,
      497, 498, 499, -1,
      500, 501, 490, -1,
      490, 501, 502, -1,
      490, 502, 496, -1,
      426, 416, 7, -1,
      7, 416, 497, -1,
      7, 497, 8, -1,
      8, 497, 499, -1,
      8, 499, 490, -1,
      490, 499, 503, -1,
      490, 503, 504, -1,
      505, 506, 507, -1,
      507, 506, 508, -1,
      507, 508, 497, -1,
      497, 508, 509, -1,
      497, 509, 498, -1,
      504, 510, 490, -1,
      490, 510, 511, -1,
      490, 511, 500, -1,
      512, 513, 514, -1,
      512, 514, 4, -1,
      513, 515, 514, -1,
      514, 515, 516, -1,
      514, 516, 507, -1,
      507, 516, 517, -1,
      507, 517, 505, -1,
      518, 519, 520, -1,
      521, 522, 208, -1,
      208, 522, 523, -1,
      219, 223, 208, -1,
      208, 223, 225, -1,
      208, 225, 521, -1,
      521, 225, 524, -1,
      521, 524, 520, -1,
      520, 524, 525, -1,
      520, 525, 518, -1,
      526, 527, 528, -1,
      529, 526, 530, -1,
      530, 526, 528, -1,
      530, 528, 225, -1,
      225, 528, 531, -1,
      225, 531, 524, -1,
      532, 533, 484, -1,
      484, 533, 534, -1,
      522, 535, 523, -1,
      523, 535, 532, -1,
      523, 532, 5, -1,
      5, 532, 484, -1,
      5, 484, 3, -1,
      3, 484, 486, -1,
      290, 286, 536, -1,
      536, 286, 271, -1,
      536, 271, 537, -1,
      537, 271, 270, -1,
      537, 270, 538, -1,
      538, 270, 341, -1,
      538, 341, 539, -1,
      539, 341, 263, -1,
      539, 263, 540, -1,
      540, 263, 258, -1,
      540, 258, 541, -1,
      541, 258, 257, -1,
      541, 257, 542, -1,
      26, 24, 36, -1,
      36, 24, 321, -1,
      36, 321, 543, -1,
      543, 321, 11, -1,
      543, 11, 544, -1,
      544, 11, 10, -1,
      544, 10, 536, -1,
      536, 10, 545, -1,
      536, 545, 290, -1,
      34, 546, 40, -1,
      40, 546, 51, -1,
      40, 51, 38, -1,
      38, 51, 19, -1,
      246, 251, 22, -1,
      22, 251, 547, -1,
      22, 547, 24, -1,
      547, 548, 24, -1,
      24, 548, 0, -1,
      24, 0, 321, -1,
      321, 0, 2, -1,
      321, 2, 251, -1,
      251, 2, 549, -1,
      251, 549, 547, -1,
      13, 338, 14, -1,
      14, 338, 427, -1,
      14, 427, 278, -1,
      278, 427, 485, -1,
      278, 485, 276, -1,
      276, 485, 484, -1,
      276, 484, 345, -1,
      345, 484, 534, -1,
      345, 534, 261, -1,
      261, 534, 550, -1,
      261, 550, 227, -1,
      227, 550, 551, -1,
      227, 551, 225, -1,
      225, 551, 552, -1,
      225, 552, 530, -1,
      530, 552, 553, -1,
      530, 553, 529, -1,
      333, 324, 328, -1,
      328, 324, 251, -1,
      328, 251, 335, -1,
      335, 251, 237, -1,
      335, 237, 366, -1,
      366, 237, 243, -1,
      4, 514, 5, -1,
      5, 514, 554, -1,
      5, 554, 523, -1,
      523, 554, 555, -1,
      523, 555, 208, -1,
      208, 555, 556, -1,
      208, 556, 210, -1,
      103, 72, 116, -1,
      116, 72, 557, -1,
      116, 557, 243, -1,
      243, 557, 417, -1,
      243, 417, 366, -1,
      366, 417, 419, -1,
      366, 419, 364, -1,
      85, 87, 72, -1,
      72, 87, 558, -1,
      72, 558, 557, -1,
      557, 558, 559, -1,
      557, 559, 417, -1,
      417, 559, 560, -1,
      417, 560, 416, -1,
      416, 560, 561, -1,
      416, 561, 497, -1,
      497, 561, 562, -1,
      497, 562, 507, -1,
      507, 562, 563, -1,
      507, 563, 514, -1,
      514, 563, 564, -1,
      514, 564, 554, -1,
      554, 564, 565, -1,
      554, 565, 555, -1,
      555, 565, 566, -1,
      555, 566, 556, -1,
      64, 59, 62, -1,
      62, 59, 58, -1,
      62, 58, 67, -1,
      67, 58, 567, -1,
      67, 567, 75, -1,
      75, 567, 568, -1,
      569, 570, 571, -1,
      571, 570, 572, -1,
      571, 572, 573, -1,
      574, 575, 576, -1,
      576, 575, 577, -1,
      576, 577, 578, -1,
      578, 579, 576, -1,
      576, 579, 580, -1,
      576, 580, 571, -1,
      571, 580, 581, -1,
      571, 581, 569, -1,
      582, 583, 584, -1,
      584, 583, 585, -1,
      584, 585, 586, -1,
      587, 588, 589, -1,
      589, 588, 590, -1,
      589, 590, 591, -1,
      591, 592, 589, -1,
      589, 592, 593, -1,
      589, 593, 576, -1,
      576, 593, 594, -1,
      576, 594, 574, -1,
      573, 595, 571, -1,
      571, 595, 596, -1,
      571, 596, 584, -1,
      584, 596, 597, -1,
      584, 597, 582, -1,
      586, 598, 584, -1,
      584, 598, 599, -1,
      584, 599, 589, -1,
      589, 599, 600, -1,
      589, 600, 587, -1,
      601, 602, 603, -1,
      604, 605, 606, -1,
      607, 608, 609, -1,
      610, 611, 612, -1,
      612, 611, 613, -1,
      614, 615, 616, -1,
      616, 615, 617, -1,
      616, 617, 618, -1,
      603, 619, 601, -1,
      601, 619, 604, -1,
      601, 604, 620, -1,
      620, 604, 606, -1,
      609, 618, 607, -1,
      607, 618, 617, -1,
      607, 617, 613, -1,
      613, 617, 604, -1,
      613, 604, 612, -1,
      612, 604, 619, -1,
      621, 615, 614, -1,
      622, 611, 610, -1,
      623, 624, 625, -1,
      614, 626, 621, -1,
      621, 626, 627, -1,
      621, 627, 625, -1,
      610, 623, 622, -1,
      622, 623, 625, -1,
      622, 625, 628, -1,
      628, 625, 627, -1,
      628, 627, 608, -1,
      608, 627, 609, -1,
      606, 605, 629, -1,
      629, 605, 625, -1,
      629, 625, 630, -1,
      630, 625, 624, -1,
      630, 624, 602, -1,
      602, 624, 603, -1,
      631, 632, 633, -1,
      634, 635, 636, -1,
      637, 638, 639, -1,
      636, 640, 634, -1,
      634, 640, 641, -1,
      634, 641, 633, -1,
      639, 631, 637, -1,
      637, 631, 633, -1,
      637, 633, 642, -1,
      642, 633, 641, -1,
      642, 641, 643, -1,
      643, 641, 644, -1,
      645, 646, 647, -1,
      647, 646, 633, -1,
      647, 633, 648, -1,
      648, 633, 632, -1,
      648, 632, 649, -1,
      649, 632, 650, -1,
      651, 639, 638, -1,
      646, 645, 652, -1,
      652, 645, 653, -1,
      652, 653, 654, -1,
      649, 650, 654, -1,
      654, 650, 655, -1,
      654, 655, 652, -1,
      652, 655, 651, -1,
      652, 651, 656, -1,
      656, 651, 638, -1,
      643, 644, 657, -1,
      657, 644, 658, -1,
      636, 635, 659, -1,
      659, 635, 660, -1,
      659, 660, 658, -1,
      658, 660, 652, -1,
      658, 652, 657, -1,
      657, 652, 656, -1,
      661, 662, 663, -1,
      663, 662, 664, -1,
      665, 666, 667, -1,
      667, 666, 668, -1,
      669, 670, 661, -1,
      661, 670, 662, -1,
      671, 672, 665, -1,
      665, 672, 666, -1,
    ]
  }
}

Shape {
  appearance Appearance {
    material Material {
      diffuseColor 0.0000 0.0000 0.0000
      specularColor 0.0000 0.0000 0.0000
      ambientIntensity 0.2
      transparency 0.0000
      shininess 0.5
    }
  }
  geometry IndexedFaceSet {
    ccw TRUE
    solid FALSE
    coord DEF co Coordinate {
      point [
        -0.394108 -0.374521 0.196850,
        -0.381246 -0.384390 0.196850,
        -0.441233 -0.488289 0.196850,
        -0.456211 -0.482085 0.196850,
        -0.469072 -0.472216 0.196850,
        -0.478941 -0.459354 0.196850,
        -0.485145 -0.444376 0.196850,
        -0.487261 -0.428303 0.196850,
        -0.485145 -0.412230 0.196850,
        -0.478941 -0.397252 0.196850,
        -0.469072 -0.384390 0.196850,
        -0.456211 -0.374521 0.196850,
        -0.441233 -0.368317 0.196850,
        -0.363057 -0.428303 0.196850,
        -0.365174 -0.444376 0.196850,
        -0.371378 -0.459354 0.196850,
        -0.381246 -0.472216 0.196850,
        -0.371378 -0.397252 0.196850,
        -0.365174 -0.412230 0.196850,
        -0.394108 -0.482085 0.196850,
        -0.409086 -0.488289 0.196850,
        -0.425159 -0.490405 0.196850,
        -0.425159 -0.366201 0.196850,
        -0.409086 -0.368317 0.196850,
        -0.363057 -0.428303 0.196457,
        -0.365174 -0.412230 0.196457,
        -0.371378 -0.397252 0.196457,
        -0.381246 -0.384390 0.196457,
        -0.394108 -0.374521 0.196457,
        -0.409086 -0.368317 0.196457,
        -0.425159 -0.366201 0.196457,
        -0.441233 -0.368317 0.196457,
        -0.456211 -0.374521 0.196457,
        -0.469072 -0.384390 0.196457,
        -0.478941 -0.397252 0.196457,
        -0.485145 -0.412230 0.196457,
        -0.487261 -0.428303 0.196457,
        -0.485145 -0.444376 0.196457,
        -0.478941 -0.459354 0.196457,
        -0.469072 -0.472216 0.196457,
        -0.456211 -0.482085 0.196457,
        -0.441233 -0.488289 0.196457,
        -0.425159 -0.490405 0.196457,
        -0.409086 -0.488289 0.196457,
        -0.394108 -0.482085 0.196457,
        -0.381246 -0.472216 0.196457,
        -0.371378 -0.459354 0.196457,
        -0.365174 -0.444376 0.196457,
        -0.425159 -0.428303 0.196457,
      ]
    }
    coordIndex [
      24, 13, 25, -1,
      25, 13, 18, -1,
      25, 18, 26, -1,
      26, 18, 17, -1,
      26, 17, 27, -1,
      27, 17, 1, -1,
      27, 1, 28, -1,
      28, 1, 0, -1,
      28, 0, 29, -1,
      29, 0, 23, -1,
      29, 23, 30, -1,
      30, 23, 22, -1,
      30, 22, 31, -1,
      31, 22, 12, -1,
      31, 12, 32, -1,
      32, 12, 11, -1,
      32, 11, 33, -1,
      33, 11, 10, -1,
      33, 10, 34, -1,
      34, 10, 9, -1,
      34, 9, 35, -1,
      35, 9, 8, -1,
      35, 8, 36, -1,
      36, 8, 7, -1,
      36, 7, 37, -1,
      37, 7, 6, -1,
      37, 6, 38, -1,
      38, 6, 5, -1,
      38, 5, 39, -1,
      39, 5, 4, -1,
      39, 4, 40, -1,
      40, 4, 3, -1,
      40, 3, 41, -1,
      41, 3, 2, -1,
      41, 2, 42, -1,
      42, 2, 21, -1,
      42, 21, 43, -1,
      43, 21, 20, -1,
      43, 20, 44, -1,
      44, 20, 19, -1,
      44, 19, 45, -1,
      45, 19, 16, -1,
      45, 16, 46, -1,
      46, 16, 15, -1,
      46, 15, 47, -1,
      47, 15, 14, -1,
      47, 14, 24, -1,
      24, 14, 13, -1,
      46, 47, 48, -1,
      48, 47, 24, -1,
      48, 24, 25, -1,
      43, 44, 48, -1,
      48, 44, 45, -1,
      48, 45, 46, -1,
      40, 41, 48, -1,
      48, 41, 42, -1,
      48, 42, 43, -1,
      37, 38, 48, -1,
      48, 38, 39, -1,
      48, 39, 40, -1,
      34, 35, 48, -1,
      48, 35, 36, -1,
      48, 36, 37, -1,
      31, 32, 48, -1,
      48, 32, 33, -1,
      48, 33, 34, -1,
      28, 29, 48, -1,
      48, 29, 30, -1,
      48, 30, 31, -1,
      25, 26, 48, -1,
      48, 26, 27, -1,
      48, 27, 28, -1,
    ]
  }
}

Shape {
  appearance Appearance {
    material Material {
      diffuseColor 0.2510 0.2510 0.2510
      specularColor 0.1255 0.1255 0.1255
      ambientIntensity 0.2
      transparency 0.0000
      shininess 0.5
    }
  }
  geometry IndexedFaceSet {
    ccw TRUE
    solid FALSE
    coord DEF co Coordinate {
      point [
        0.555291 0.555291 0.196850,
        -0.555291 0.555291 0.196850,
        0.555291 -0.555291 0.196850,
        -0.555291 -0.555291 0.196850,
        -0.555291 -0.555291 -0.196850,
        -0.555291 0.555291 -0.196850,
        0.555291 -0.555291 -0.196850,
        0.555291 0.555291 -0.196850,
        0.555291 0.574901 0.178881,
        0.570941 0.590551 0.000000,
        -0.570941 0.590551 -0.000000,
        -0.555291 0.574901 0.178881,
        -0.555291 0.574901 -0.178881,
        0.555291 0.574901 -0.178881,
        0.555291 -0.574901 0.178881,
        -0.555291 -0.574901 0.178881,
        -0.570941 -0.590551 0.000000,
        0.570941 -0.590551 0.000000,
        0.555291 -0.574901 -0.178881,
        -0.555291 -0.574901 -0.178881,
        0.590551 -0.570941 -0.000000,
        0.590551 0.570941 -0.000000,
        0.574901 -0.555291 0.178881,
        0.574901 0.555291 0.178881,
        -0.590551 0.570941 -0.000000,
        -0.590551 -0.570941 -0.000000,
        -0.574901 0.555291 0.178881,
        -0.574901 -0.555291 0.178881,
        0.574901 -0.555291 -0.178881,
        0.574901 0.555291 -0.178881,
        -0.574901 0.555291 -0.178881,
        -0.574901 -0.555291 -0.178881,
        0.573932 -0.555291 0.183490,
        0.573932 0.555291 0.183490,
        0.573869 -0.555291 0.183620,
        0.573869 0.555291 0.183620,
        0.571802 -0.555291 0.187885,
        0.571802 0.555291 0.187885,
        0.571727 -0.555291 0.187973,
        0.571727 0.555291 0.187973,
        0.568654 -0.555291 0.191619,
        0.568654 0.555291 0.191619,
        0.568584 -0.555291 0.191670,
        0.568584 0.555291 0.191670,
        0.564685 -0.555291 0.194464,
        0.564685 0.555291 0.194464,
        0.564631 -0.555291 0.194485,
        0.564631 0.555291 0.194485,
        0.560137 -0.555291 0.196244,
        0.560137 0.555291 0.196244,
        0.560108 -0.555291 0.196248,
        0.560108 0.555291 0.196248,
        0.555291 0.571727 0.187973,
        0.555291 0.568654 0.191619,
        0.558750 0.568199 0.191619,
        0.557722 0.564365 0.194464,
        0.556545 0.559972 0.196244,
        0.557714 0.559488 0.196244,
        0.559488 0.557714 0.196244,
        0.558718 0.558718 0.196244,
        0.559972 0.556545 0.196244,
        0.555291 0.560108 0.196248,
        0.560116 0.573297 0.183490,
        0.560356 0.574195 0.179263,
        0.560343 0.574201 0.179262,
        0.565053 0.572224 0.179501,
        0.564612 0.571435 0.183490,
        0.565063 0.572217 0.179501,
        0.568472 0.568472 0.183490,
        0.569105 0.569105 0.179583,
        0.571435 0.564612 0.183490,
        0.572217 0.565063 0.179501,
        0.572224 0.565053 0.179501,
        0.573297 0.560116 0.183490,
        0.574195 0.560356 0.179263,
        0.574201 0.560343 0.179262,
        0.555291 0.568584 0.191670,
        0.555291 0.564685 0.194464,
        0.555291 0.564631 0.194485,
        0.555291 0.560137 0.196244,
        0.559988 0.563426 0.194464,
        0.561933 0.561933 0.194464,
        0.563426 0.559988 0.194464,
        0.564365 0.557722 0.194464,
        0.561973 0.566864 0.191619,
        0.564741 0.564741 0.191619,
        0.566864 0.561973 0.191619,
        0.568199 0.558750 0.191619,
        0.555291 0.573869 0.183620,
        0.555291 0.571802 0.187885,
        0.559564 0.571239 0.187885,
        0.563546 0.569589 0.187885,
        0.566966 0.566966 0.187885,
        0.569589 0.563546 0.187885,
        0.571239 0.559564 0.187885,
        0.555291 0.573932 0.183490,
        0.571387 -0.558965 0.187885,
        0.568319 -0.558265 0.191619,
        0.564449 -0.557381 0.194464,
        0.560016 -0.556369 0.196244,
        0.559657 -0.557394 0.196244,
        0.557394 -0.559657 0.196244,
        0.558313 -0.559080 0.196244,
        0.556369 -0.560016 0.196244,
        0.574299 -0.559637 0.179209,
        0.573465 -0.559439 0.183490,
        0.574201 -0.560343 0.179262,
        0.572086 -0.563379 0.183490,
        0.572783 -0.563722 0.179433,
        0.572224 -0.565053 0.179501,
        0.569865 -0.566914 0.183490,
        0.570438 -0.567374 0.179548,
        0.569105 -0.569105 0.179583,
        0.566914 -0.569865 0.183490,
        0.567374 -0.570438 0.179548,
        0.565053 -0.572224 0.179501,
        0.563379 -0.572086 0.183490,
        0.563722 -0.572783 0.179433,
        0.560343 -0.574201 0.179262,
        0.559439 -0.573465 0.183490,
        0.559637 -0.574299 0.179209,
        0.555291 -0.573932 0.183490,
        0.555291 -0.560108 0.196248,
        0.562635 -0.561148 0.194464,
        0.561148 -0.562635 0.194464,
        0.559367 -0.563755 0.194464,
        0.557381 -0.564449 0.194464,
        0.563755 -0.559367 0.194464,
        0.559080 -0.558313 0.196244,
        0.555291 -0.560137 0.196244,
        0.555291 -0.564631 0.194485,
        0.555291 -0.564685 0.194464,
        0.555291 -0.568584 0.191670,
        0.567331 -0.561089 0.191619,
        0.565739 -0.563623 0.191619,
        0.563623 -0.565739 0.191619,
        0.561089 -0.567331 0.191619,
        0.558265 -0.568319 0.191619,
        0.570167 -0.562455 0.187885,
        0.568200 -0.565585 0.187885,
        0.565585 -0.568200 0.187885,
        0.562455 -0.570167 0.187885,
        0.558965 -0.571387 0.187885,
        0.555291 -0.568654 0.191619,
        0.555291 -0.571727 0.187973,
        0.555291 -0.571802 0.187885,
        0.555291 -0.573869 0.183620,
        0.576026 0.589884 0.000000,
        0.578457 0.589061 0.000000,
        0.580757 0.587929 0.000000,
        0.582889 0.586506 0.000000,
        0.584817 0.584817 0.000000,
        0.586506 0.582889 0.000000,
        0.587929 0.580757 0.000000,
        0.589061 0.578457 0.000000,
        0.589884 0.576026 0.000000,
        -0.555291 0.573932 0.183490,
        -0.555291 0.573869 0.183620,
        -0.555291 0.571802 0.187885,
        -0.555291 0.571727 0.187973,
        -0.555291 0.568654 0.191619,
        -0.555291 0.568584 0.191670,
        -0.555291 0.564685 0.194464,
        -0.555291 0.564631 0.194485,
        -0.555291 0.560137 0.196244,
        -0.555291 0.560108 0.196248,
        -0.573932 0.555291 0.183490,
        -0.573932 -0.555291 0.183490,
        -0.573869 0.555291 0.183620,
        -0.573869 -0.555291 0.183620,
        -0.571802 0.555291 0.187885,
        -0.571802 -0.555291 0.187885,
        -0.571727 0.555291 0.187973,
        -0.571727 -0.555291 0.187973,
        -0.568654 0.555291 0.191619,
        -0.568654 -0.555291 0.191619,
        -0.568584 0.555291 0.191670,
        -0.568584 -0.555291 0.191670,
        -0.564685 0.555291 0.194464,
        -0.564685 -0.555291 0.194464,
        -0.564631 0.555291 0.194485,
        -0.564631 -0.555291 0.194485,
        -0.560137 0.555291 0.196244,
        -0.560137 -0.555291 0.196244,
        -0.560108 0.555291 0.196248,
        -0.560108 -0.555291 0.196248,
        -0.555291 -0.573932 0.183490,
        -0.555291 -0.573869 0.183620,
        -0.555291 -0.571802 0.187885,
        -0.555291 -0.571727 0.187973,
        -0.555291 -0.568654 0.191619,
        -0.555291 -0.568584 0.191670,
        -0.555291 -0.564685 0.194464,
        -0.555291 -0.564631 0.194485,
        -0.555291 -0.560137 0.196244,
        -0.555291 -0.560108 0.196248,
        0.589884 -0.576026 -0.000000,
        0.589061 -0.578457 -0.000000,
        0.587929 -0.580757 -0.000000,
        0.586506 -0.582889 -0.000000,
        0.584817 -0.584817 -0.000000,
        0.582889 -0.586506 -0.000000,
        0.580757 -0.587929 -0.000000,
        0.578457 -0.589061 -0.000000,
        0.576026 -0.589884 -0.000000,
        0.574201 0.560343 -0.179262,
        0.574195 0.560356 -0.179263,
        0.572224 0.565053 -0.179501,
        0.572217 0.565063 -0.179501,
        0.569105 0.569105 -0.179583,
        0.565063 0.572217 -0.179501,
        0.565053 0.572224 -0.179501,
        0.560356 0.574195 -0.179263,
        0.560343 0.574201 -0.179262,
        -0.568199 0.558750 0.191619,
        -0.564365 0.557722 0.194464,
        -0.559972 0.556545 0.196244,
        -0.559488 0.557714 0.196244,
        -0.557714 0.559488 0.196244,
        -0.558718 0.558718 0.196244,
        -0.556545 0.559972 0.196244,
        -0.573297 0.560116 0.183490,
        -0.574195 0.560356 0.179263,
        -0.574201 0.560343 0.179262,
        -0.572224 0.565053 0.179501,
        -0.571435 0.564612 0.183490,
        -0.572217 0.565063 0.179501,
        -0.568472 0.568472 0.183490,
        -0.569105 0.569105 0.179583,
        -0.564612 0.571435 0.183490,
        -0.565063 0.572217 0.179501,
        -0.565053 0.572224 0.179501,
        -0.560116 0.573297 0.183490,
        -0.560356 0.574195 0.179263,
        -0.560343 0.574201 0.179262,
        -0.563426 0.559988 0.194464,
        -0.561933 0.561933 0.194464,
        -0.559988 0.563426 0.194464,
        -0.557722 0.564365 0.194464,
        -0.566864 0.561973 0.191619,
        -0.564741 0.564741 0.191619,
        -0.561973 0.566864 0.191619,
        -0.558750 0.568199 0.191619,
        -0.571239 0.559564 0.187885,
        -0.569589 0.563546 0.187885,
        -0.566966 0.566966 0.187885,
        -0.563546 0.569589 0.187885,
        -0.559564 0.571239 0.187885,
        -0.558750 -0.568199 0.191619,
        -0.557722 -0.564365 0.194464,
        -0.556545 -0.559972 0.196244,
        -0.557714 -0.559488 0.196244,
        -0.559488 -0.557714 0.196244,
        -0.558718 -0.558718 0.196244,
        -0.559972 -0.556545 0.196244,
        -0.560116 -0.573297 0.183490,
        -0.560356 -0.574195 0.179263,
        -0.560343 -0.574201 0.179262,
        -0.565053 -0.572224 0.179501,
        -0.564612 -0.571435 0.183490,
        -0.565063 -0.572217 0.179501,
        -0.568472 -0.568472 0.183490,
        -0.569105 -0.569105 0.179583,
        -0.571435 -0.564612 0.183490,
        -0.572217 -0.565063 0.179501,
        -0.572224 -0.565053 0.179501,
        -0.573297 -0.560116 0.183490,
        -0.574195 -0.560356 0.179263,
        -0.574201 -0.560343 0.179262,
        -0.559988 -0.563426 0.194464,
        -0.561933 -0.561933 0.194464,
        -0.563426 -0.559988 0.194464,
        -0.564365 -0.557722 0.194464,
        -0.561973 -0.566864 0.191619,
        -0.564741 -0.564741 0.191619,
        -0.566864 -0.561973 0.191619,
        -0.568199 -0.558750 0.191619,
        -0.559564 -0.571239 0.187885,
        -0.563546 -0.569589 0.187885,
        -0.566966 -0.566966 0.187885,
        -0.569589 -0.563546 0.187885,
        -0.571239 -0.559564 0.187885,
        0.559637 -0.574299 -0.179209,
        0.560343 -0.574201 -0.179262,
        0.563722 -0.572783 -0.179433,
        0.565053 -0.572224 -0.179501,
        0.567374 -0.570438 -0.179548,
        0.569105 -0.569105 -0.179583,
        0.570438 -0.567374 -0.179548,
        0.572224 -0.565053 -0.179501,
        0.572783 -0.563722 -0.179433,
        0.574201 -0.560343 -0.179262,
        0.574299 -0.559637 -0.179209,
        0.573932 0.555291 -0.183490,
        0.573932 -0.555291 -0.183490,
        0.573869 0.555291 -0.183620,
        0.573869 -0.555291 -0.183620,
        0.571802 0.555291 -0.187885,
        0.571802 -0.555291 -0.187885,
        0.571727 0.555291 -0.187973,
        0.571727 -0.555291 -0.187973,
        0.568654 0.555291 -0.191619,
        0.568654 -0.555291 -0.191619,
        0.568584 0.555291 -0.191670,
        0.568584 -0.555291 -0.191670,
        0.564685 0.555291 -0.194464,
        0.564685 -0.555291 -0.194464,
        0.564631 0.555291 -0.194485,
        0.564631 -0.555291 -0.194485,
        0.560137 0.555291 -0.196244,
        0.560137 -0.555291 -0.196244,
        0.560108 0.555291 -0.196248,
        0.560108 -0.555291 -0.196248,
        0.559972 0.556545 -0.196244,
        0.555291 0.564631 -0.194485,
        0.555291 0.564685 -0.194464,
        0.557722 0.564365 -0.194464,
        0.555291 0.568584 -0.191670,
        0.555291 0.568654 -0.191619,
        0.558750 0.568199 -0.191619,
        0.559564 0.571239 -0.187885,
        0.560116 0.573297 -0.183490,
        0.564612 0.571435 -0.183490,
        0.573297 0.560116 -0.183490,
        0.555291 0.573932 -0.183490,
        0.555291 0.573869 -0.183620,
        0.555291 0.571802 -0.187885,
        0.555291 0.571727 -0.187973,
        0.571239 0.559564 -0.187885,
        0.563546 0.569589 -0.187885,
        0.568472 0.568472 -0.183490,
        0.568199 0.558750 -0.191619,
        0.561973 0.566864 -0.191619,
        0.566966 0.566966 -0.187885,
        0.564365 0.557722 -0.194464,
        0.564741 0.564741 -0.191619,
        0.559988 0.563426 -0.194464,
        0.556545 0.559972 -0.196244,
        0.571435 0.564612 -0.183490,
        0.569589 0.563546 -0.187885,
        0.566864 0.561973 -0.191619,
        0.563426 0.559988 -0.194464,
        0.559488 0.557714 -0.196244,
        0.555291 0.560108 -0.196248,
        0.555291 0.560137 -0.196244,
        0.561933 0.561933 -0.194464,
        0.557714 0.559488 -0.196244,
        0.558718 0.558718 -0.196244,
        -0.589884 0.576026 -0.000000,
        -0.589061 0.578457 -0.000000,
        -0.587929 0.580757 -0.000000,
        -0.586506 0.582889 -0.000000,
        -0.584817 0.584817 -0.000000,
        -0.582889 0.586506 -0.000000,
        -0.580757 0.587929 -0.000000,
        -0.578457 0.589061 -0.000000,
        -0.576026 0.589884 -0.000000,
        -0.576026 -0.589884 -0.000000,
        -0.578457 -0.589061 -0.000000,
        -0.580757 -0.587929 -0.000000,
        -0.582889 -0.586506 -0.000000,
        -0.584817 -0.584817 -0.000000,
        -0.586506 -0.582889 -0.000000,
        -0.587929 -0.580757 -0.000000,
        -0.589061 -0.578457 -0.000000,
        -0.589884 -0.576026 -0.000000,
        0.555291 -0.560108 -0.196248,
        0.556369 -0.560016 -0.196244,
        0.559080 -0.558313 -0.196244,
        0.558313 -0.559080 -0.196244,
        0.564449 -0.557381 -0.194464,
        0.568319 -0.558265 -0.191619,
        0.571387 -0.558965 -0.187885,
        0.573465 -0.559439 -0.183490,
        0.572086 -0.563379 -0.183490,
        0.563379 -0.572086 -0.183490,
        0.559439 -0.573465 -0.183490,
        0.569865 -0.566914 -0.183490,
        0.555291 -0.573932 -0.183490,
        0.555291 -0.573869 -0.183620,
        0.558965 -0.571387 -0.187885,
        0.570167 -0.562455 -0.187885,
        0.555291 -0.571802 -0.187885,
        0.555291 -0.571727 -0.187973,
        0.558265 -0.568319 -0.191619,
        0.567331 -0.561089 -0.191619,
        0.568200 -0.565585 -0.187885,
        0.566914 -0.569865 -0.183490,
        0.555291 -0.568654 -0.191619,
        0.555291 -0.568584 -0.191670,
        0.557381 -0.564449 -0.194464,
        0.565585 -0.568200 -0.187885,
        0.565739 -0.563623 -0.191619,
        0.563755 -0.559367 -0.194464,
        0.560016 -0.556369 -0.196244,
        0.561148 -0.562635 -0.194464,
        0.562455 -0.570167 -0.187885,
        0.561089 -0.567331 -0.191619,
        0.559367 -0.563755 -0.194464,
        0.557394 -0.559657 -0.196244,
        0.563623 -0.565739 -0.191619,
        0.562635 -0.561148 -0.194464,
        0.559657 -0.557394 -0.196244,
        0.555291 -0.564685 -0.194464,
        0.555291 -0.564631 -0.194485,
        0.555291 -0.560137 -0.196244,
        -0.555291 0.573932 -0.183490,
        -0.555291 0.573869 -0.183620,
        -0.555291 0.571802 -0.187885,
        -0.555291 0.571727 -0.187973,
        -0.555291 0.568654 -0.191619,
        -0.555291 0.568584 -0.191670,
        -0.555291 0.564685 -0.194464,
        -0.555291 0.564631 -0.194485,
        -0.555291 0.560137 -0.196244,
        -0.555291 0.560108 -0.196248,
        -0.560343 0.574201 -0.179262,
        -0.560356 0.574195 -0.179263,
        -0.565053 0.572224 -0.179501,
        -0.565063 0.572217 -0.179501,
        -0.569105 0.569105 -0.179583,
        -0.572217 0.565063 -0.179501,
        -0.572224 0.565053 -0.179501,
        -0.574195 0.560356 -0.179263,
        -0.574201 0.560343 -0.179262,
        -0.574299 -0.559637 -0.179209,
        -0.574201 -0.560343 -0.179262,
        -0.572783 -0.563722 -0.179433,
        -0.572224 -0.565053 -0.179501,
        -0.570438 -0.567374 -0.179548,
        -0.569105 -0.569105 -0.179583,
        -0.567374 -0.570438 -0.179548,
        -0.565053 -0.572224 -0.179501,
        -0.563722 -0.572783 -0.179433,
        -0.560343 -0.574201 -0.179262,
        -0.559637 -0.574299 -0.179209,
        -0.555291 -0.573932 -0.183490,
        -0.555291 -0.573869 -0.183620,
        -0.555291 -0.571802 -0.187885,
        -0.555291 -0.571727 -0.187973,
        -0.555291 -0.568654 -0.191619,
        -0.555291 -0.568584 -0.191670,
        -0.555291 -0.564685 -0.194464,
        -0.555291 -0.564631 -0.194485,
        -0.555291 -0.560137 -0.196244,
        -0.555291 -0.560108 -0.196248,
        -0.556545 0.559972 -0.196244,
        -0.564631 0.555291 -0.194485,
        -0.564685 0.555291 -0.194464,
        -0.564365 0.557722 -0.194464,
        -0.568584 0.555291 -0.191670,
        -0.568654 0.555291 -0.191619,
        -0.568199 0.558750 -0.191619,
        -0.571239 0.559564 -0.187885,
        -0.573297 0.560116 -0.183490,
        -0.571435 0.564612 -0.183490,
        -0.560116 0.573297 -0.183490,
        -0.573932 0.555291 -0.183490,
        -0.573869 0.555291 -0.183620,
        -0.571802 0.555291 -0.187885,
        -0.571727 0.555291 -0.187973,
        -0.559564 0.571239 -0.187885,
        -0.569589 0.563546 -0.187885,
        -0.568472 0.568472 -0.183490,
        -0.558750 0.568199 -0.191619,
        -0.566864 0.561973 -0.191619,
        -0.566966 0.566966 -0.187885,
        -0.557722 0.564365 -0.194464,
        -0.564741 0.564741 -0.191619,
        -0.563426 0.559988 -0.194464,
        -0.559972 0.556545 -0.196244,
        -0.564612 0.571435 -0.183490,
        -0.563546 0.569589 -0.187885,
        -0.561973 0.566864 -0.191619,
        -0.559988 0.563426 -0.194464,
        -0.557714 0.559488 -0.196244,
        -0.560108 0.555291 -0.196248,
        -0.560137 0.555291 -0.196244,
        -0.561933 0.561933 -0.194464,
        -0.559488 0.557714 -0.196244,
        -0.558718 0.558718 -0.196244,
        -0.560108 -0.555291 -0.196248,
        -0.560016 -0.556369 -0.196244,
        -0.558313 -0.559080 -0.196244,
        -0.559080 -0.558313 -0.196244,
        -0.557381 -0.564449 -0.194464,
        -0.558265 -0.568319 -0.191619,
        -0.558965 -0.571387 -0.187885,
        -0.559439 -0.573465 -0.183490,
        -0.563379 -0.572086 -0.183490,
        -0.572086 -0.563379 -0.183490,
        -0.573465 -0.559439 -0.183490,
        -0.566914 -0.569865 -0.183490,
        -0.573932 -0.555291 -0.183490,
        -0.573869 -0.555291 -0.183620,
        -0.571387 -0.558965 -0.187885,
        -0.562455 -0.570167 -0.187885,
        -0.571802 -0.555291 -0.187885,
        -0.571727 -0.555291 -0.187973,
        -0.568319 -0.558265 -0.191619,
        -0.561089 -0.567331 -0.191619,
        -0.565585 -0.568200 -0.187885,
        -0.569865 -0.566914 -0.183490,
        -0.568654 -0.555291 -0.191619,
        -0.568584 -0.555291 -0.191670,
        -0.564449 -0.557381 -0.194464,
        -0.568200 -0.565585 -0.187885,
        -0.563623 -0.565739 -0.191619,
        -0.559367 -0.563755 -0.194464,
        -0.556369 -0.560016 -0.196244,
        -0.562635 -0.561148 -0.194464,
        -0.570167 -0.562455 -0.187885,
        -0.567331 -0.561089 -0.191619,
        -0.563755 -0.559367 -0.194464,
        -0.559657 -0.557394 -0.196244,
        -0.565739 -0.563623 -0.191619,
        -0.561148 -0.562635 -0.194464,
        -0.557394 -0.559657 -0.196244,
        -0.564685 -0.555291 -0.194464,
        -0.564631 -0.555291 -0.194485,
        -0.560137 -0.555291 -0.196244,
      ]
    }
    coordIndex [
      22, 23, 32, -1,
      32, 23, 33, -1,
      32, 33, 34, -1,
      34, 33, 35, -1,
      34, 35, 36, -1,
      36, 35, 37, -1,
      36, 37, 38, -1,
      38, 37, 39, -1,
      38, 39, 40, -1,
      40, 39, 41, -1,
      40, 41, 42, -1,
      42, 41, 43, -1,
      42, 43, 44, -1,
      44, 43, 45, -1,
      44, 45, 46, -1,
      46, 45, 47, -1,
      46, 47, 48, -1,
      48, 47, 49, -1,
      48, 49, 50, -1,
      49, 51, 50, -1,
      50, 51, 0, -1,
      50, 0, 2, -1,
      52, 53, 54, -1,
      55, 56, 57, -1,
      0, 58, 59, -1,
      60, 58, 0, -1,
      57, 56, 0, -1,
      61, 0, 56, -1,
      62, 63, 64, -1,
      63, 62, 65, -1,
      65, 62, 66, -1,
      65, 66, 67, -1,
      67, 66, 68, -1,
      67, 68, 69, -1,
      69, 68, 70, -1,
      69, 70, 71, -1,
      71, 70, 72, -1,
      72, 70, 73, -1,
      72, 73, 74, -1,
      74, 73, 75, -1,
      75, 73, 33, -1,
      75, 33, 23, -1,
      51, 60, 0, -1,
      76, 77, 55, -1,
      55, 77, 78, -1,
      55, 78, 56, -1,
      56, 78, 79, -1,
      56, 79, 61, -1,
      80, 59, 81, -1,
      81, 59, 58, -1,
      81, 58, 82, -1,
      82, 58, 60, -1,
      82, 60, 83, -1,
      51, 49, 60, -1,
      60, 49, 47, -1,
      60, 47, 83, -1,
      83, 47, 45, -1,
      83, 45, 43, -1,
      54, 80, 84, -1,
      84, 80, 81, -1,
      84, 81, 85, -1,
      85, 81, 82, -1,
      85, 82, 86, -1,
      86, 82, 83, -1,
      86, 83, 87, -1,
      87, 83, 43, -1,
      88, 89, 90, -1,
      90, 89, 52, -1,
      52, 54, 90, -1,
      90, 54, 84, -1,
      90, 84, 91, -1,
      91, 84, 85, -1,
      91, 85, 92, -1,
      92, 85, 86, -1,
      92, 86, 93, -1,
      93, 86, 87, -1,
      93, 87, 94, -1,
      53, 76, 54, -1,
      54, 76, 55, -1,
      54, 55, 80, -1,
      80, 55, 57, -1,
      80, 57, 59, -1,
      59, 57, 0, -1,
      88, 62, 95, -1,
      95, 62, 64, -1,
      95, 64, 8, -1,
      43, 41, 87, -1,
      87, 41, 39, -1,
      87, 39, 94, -1,
      94, 39, 37, -1,
      94, 37, 35, -1,
      88, 90, 62, -1,
      62, 90, 91, -1,
      62, 91, 66, -1,
      66, 91, 92, -1,
      66, 92, 68, -1,
      68, 92, 93, -1,
      68, 93, 70, -1,
      70, 93, 94, -1,
      70, 94, 73, -1,
      73, 94, 35, -1,
      73, 35, 33, -1,
      34, 36, 96, -1,
      38, 40, 97, -1,
      98, 99, 100, -1,
      2, 101, 102, -1,
      103, 101, 2, -1,
      100, 99, 2, -1,
      50, 2, 99, -1,
      104, 105, 106, -1,
      106, 105, 107, -1,
      106, 107, 108, -1,
      108, 107, 109, -1,
      109, 107, 110, -1,
      109, 110, 111, -1,
      111, 110, 112, -1,
      112, 110, 113, -1,
      112, 113, 114, -1,
      114, 113, 115, -1,
      115, 113, 116, -1,
      115, 116, 117, -1,
      117, 116, 118, -1,
      118, 116, 119, -1,
      118, 119, 120, -1,
      120, 119, 121, -1,
      120, 121, 14, -1,
      122, 103, 2, -1,
      42, 44, 98, -1,
      98, 44, 46, -1,
      98, 46, 99, -1,
      99, 46, 48, -1,
      99, 48, 50, -1,
      123, 102, 124, -1,
      124, 102, 101, -1,
      124, 101, 125, -1,
      125, 101, 103, -1,
      125, 103, 126, -1,
      40, 42, 97, -1,
      97, 42, 98, -1,
      97, 98, 127, -1,
      127, 98, 100, -1,
      127, 100, 128, -1,
      128, 100, 2, -1,
      122, 129, 103, -1,
      103, 129, 130, -1,
      103, 130, 126, -1,
      126, 130, 131, -1,
      126, 131, 132, -1,
      133, 123, 134, -1,
      134, 123, 124, -1,
      134, 124, 135, -1,
      135, 124, 125, -1,
      135, 125, 136, -1,
      136, 125, 126, -1,
      136, 126, 137, -1,
      137, 126, 132, -1,
      96, 133, 138, -1,
      138, 133, 134, -1,
      138, 134, 139, -1,
      139, 134, 135, -1,
      139, 135, 140, -1,
      140, 135, 136, -1,
      140, 136, 141, -1,
      141, 136, 137, -1,
      141, 137, 142, -1,
      36, 38, 96, -1,
      96, 38, 97, -1,
      96, 97, 133, -1,
      133, 97, 127, -1,
      133, 127, 123, -1,
      123, 127, 128, -1,
      123, 128, 102, -1,
      102, 128, 2, -1,
      104, 22, 105, -1,
      105, 22, 32, -1,
      105, 32, 34, -1,
      132, 143, 137, -1,
      137, 143, 144, -1,
      137, 144, 142, -1,
      142, 144, 145, -1,
      142, 145, 146, -1,
      34, 96, 105, -1,
      105, 96, 138, -1,
      105, 138, 107, -1,
      107, 138, 139, -1,
      107, 139, 110, -1,
      110, 139, 140, -1,
      110, 140, 113, -1,
      113, 140, 141, -1,
      113, 141, 116, -1,
      116, 141, 142, -1,
      116, 142, 119, -1,
      119, 142, 146, -1,
      119, 146, 121, -1,
      8, 64, 9, -1,
      9, 64, 147, -1,
      147, 64, 148, -1,
      148, 64, 63, -1,
      148, 63, 149, -1,
      149, 63, 65, -1,
      149, 65, 150, -1,
      150, 65, 67, -1,
      150, 67, 151, -1,
      151, 67, 69, -1,
      151, 69, 152, -1,
      152, 69, 71, -1,
      152, 71, 153, -1,
      153, 71, 72, -1,
      153, 72, 154, -1,
      154, 72, 74, -1,
      154, 74, 155, -1,
      74, 75, 155, -1,
      155, 75, 23, -1,
      155, 23, 21, -1,
      8, 11, 95, -1,
      95, 11, 156, -1,
      95, 156, 88, -1,
      88, 156, 157, -1,
      88, 157, 89, -1,
      89, 157, 158, -1,
      89, 158, 52, -1,
      52, 158, 159, -1,
      52, 159, 53, -1,
      53, 159, 160, -1,
      53, 160, 76, -1,
      76, 160, 161, -1,
      76, 161, 77, -1,
      77, 161, 162, -1,
      77, 162, 78, -1,
      78, 162, 163, -1,
      78, 163, 79, -1,
      79, 163, 164, -1,
      79, 164, 61, -1,
      164, 165, 61, -1,
      61, 165, 1, -1,
      61, 1, 0, -1,
      26, 27, 166, -1,
      166, 27, 167, -1,
      166, 167, 168, -1,
      168, 167, 169, -1,
      168, 169, 170, -1,
      170, 169, 171, -1,
      170, 171, 172, -1,
      172, 171, 173, -1,
      172, 173, 174, -1,
      174, 173, 175, -1,
      174, 175, 176, -1,
      176, 175, 177, -1,
      176, 177, 178, -1,
      178, 177, 179, -1,
      178, 179, 180, -1,
      180, 179, 181, -1,
      180, 181, 182, -1,
      182, 181, 183, -1,
      182, 183, 184, -1,
      183, 185, 184, -1,
      184, 185, 3, -1,
      184, 3, 1, -1,
      15, 14, 186, -1,
      186, 14, 121, -1,
      186, 121, 187, -1,
      187, 121, 146, -1,
      187, 146, 188, -1,
      188, 146, 145, -1,
      188, 145, 189, -1,
      189, 145, 144, -1,
      189, 144, 190, -1,
      190, 144, 143, -1,
      190, 143, 191, -1,
      191, 143, 132, -1,
      191, 132, 192, -1,
      192, 132, 131, -1,
      192, 131, 193, -1,
      193, 131, 130, -1,
      193, 130, 194, -1,
      194, 130, 129, -1,
      194, 129, 195, -1,
      129, 122, 195, -1,
      195, 122, 2, -1,
      195, 2, 3, -1,
      20, 22, 104, -1,
      20, 104, 196, -1,
      196, 104, 106, -1,
      196, 106, 197, -1,
      197, 106, 108, -1,
      197, 108, 198, -1,
      198, 108, 109, -1,
      198, 109, 199, -1,
      199, 109, 111, -1,
      199, 111, 200, -1,
      200, 111, 112, -1,
      200, 112, 201, -1,
      201, 112, 114, -1,
      201, 114, 202, -1,
      202, 114, 115, -1,
      202, 115, 203, -1,
      203, 115, 117, -1,
      203, 117, 204, -1,
      204, 117, 118, -1,
      204, 118, 17, -1,
      17, 118, 120, -1,
      17, 120, 14, -1,
      29, 205, 21, -1,
      21, 205, 155, -1,
      155, 205, 154, -1,
      154, 205, 206, -1,
      154, 206, 153, -1,
      153, 206, 207, -1,
      153, 207, 152, -1,
      152, 207, 208, -1,
      152, 208, 151, -1,
      151, 208, 209, -1,
      151, 209, 150, -1,
      150, 209, 210, -1,
      150, 210, 149, -1,
      149, 210, 211, -1,
      149, 211, 148, -1,
      148, 211, 212, -1,
      148, 212, 147, -1,
      212, 213, 147, -1,
      147, 213, 13, -1,
      147, 13, 9, -1,
      172, 174, 214, -1,
      215, 216, 217, -1,
      1, 218, 219, -1,
      220, 218, 1, -1,
      217, 216, 1, -1,
      184, 1, 216, -1,
      221, 222, 223, -1,
      222, 221, 224, -1,
      224, 221, 225, -1,
      224, 225, 226, -1,
      226, 225, 227, -1,
      226, 227, 228, -1,
      228, 227, 229, -1,
      228, 229, 230, -1,
      230, 229, 231, -1,
      231, 229, 232, -1,
      231, 232, 233, -1,
      233, 232, 234, -1,
      234, 232, 156, -1,
      234, 156, 11, -1,
      165, 220, 1, -1,
      176, 178, 215, -1,
      215, 178, 180, -1,
      215, 180, 216, -1,
      216, 180, 182, -1,
      216, 182, 184, -1,
      235, 219, 236, -1,
      236, 219, 218, -1,
      236, 218, 237, -1,
      237, 218, 220, -1,
      237, 220, 238, -1,
      165, 164, 220, -1,
      220, 164, 163, -1,
      220, 163, 238, -1,
      238, 163, 162, -1,
      238, 162, 161, -1,
      214, 235, 239, -1,
      239, 235, 236, -1,
      239, 236, 240, -1,
      240, 236, 237, -1,
      240, 237, 241, -1,
      241, 237, 238, -1,
      241, 238, 242, -1,
      242, 238, 161, -1,
      168, 170, 243, -1,
      243, 170, 172, -1,
      172, 214, 243, -1,
      243, 214, 239, -1,
      243, 239, 244, -1,
      244, 239, 240, -1,
      244, 240, 245, -1,
      245, 240, 241, -1,
      245, 241, 246, -1,
      246, 241, 242, -1,
      246, 242, 247, -1,
      174, 176, 214, -1,
      214, 176, 215, -1,
      214, 215, 235, -1,
      235, 215, 217, -1,
      235, 217, 219, -1,
      219, 217, 1, -1,
      168, 221, 166, -1,
      166, 221, 223, -1,
      166, 223, 26, -1,
      161, 160, 242, -1,
      242, 160, 159, -1,
      242, 159, 247, -1,
      247, 159, 158, -1,
      247, 158, 157, -1,
      168, 243, 221, -1,
      221, 243, 244, -1,
      221, 244, 225, -1,
      225, 244, 245, -1,
      225, 245, 227, -1,
      227, 245, 246, -1,
      227, 246, 229, -1,
      229, 246, 247, -1,
      229, 247, 232, -1,
      232, 247, 157, -1,
      232, 157, 156, -1,
      189, 190, 248, -1,
      249, 250, 251, -1,
      3, 252, 253, -1,
      254, 252, 3, -1,
      251, 250, 3, -1,
      195, 3, 250, -1,
      255, 256, 257, -1,
      256, 255, 258, -1,
      258, 255, 259, -1,
      258, 259, 260, -1,
      260, 259, 261, -1,
      260, 261, 262, -1,
      262, 261, 263, -1,
      262, 263, 264, -1,
      264, 263, 265, -1,
      265, 263, 266, -1,
      265, 266, 267, -1,
      267, 266, 268, -1,
      268, 266, 167, -1,
      268, 167, 27, -1,
      185, 254, 3, -1,
      191, 192, 249, -1,
      249, 192, 193, -1,
      249, 193, 250, -1,
      250, 193, 194, -1,
      250, 194, 195, -1,
      269, 253, 270, -1,
      270, 253, 252, -1,
      270, 252, 271, -1,
      271, 252, 254, -1,
      271, 254, 272, -1,
      185, 183, 254, -1,
      254, 183, 181, -1,
      254, 181, 272, -1,
      272, 181, 179, -1,
      272, 179, 177, -1,
      248, 269, 273, -1,
      273, 269, 270, -1,
      273, 270, 274, -1,
      274, 270, 271, -1,
      274, 271, 275, -1,
      275, 271, 272, -1,
      275, 272, 276, -1,
      276, 272, 177, -1,
      187, 188, 277, -1,
      277, 188, 189, -1,
      189, 248, 277, -1,
      277, 248, 273, -1,
      277, 273, 278, -1,
      278, 273, 274, -1,
      278, 274, 279, -1,
      279, 274, 275, -1,
      279, 275, 280, -1,
      280, 275, 276, -1,
      280, 276, 281, -1,
      190, 191, 248, -1,
      248, 191, 249, -1,
      248, 249, 269, -1,
      269, 249, 251, -1,
      269, 251, 253, -1,
      253, 251, 3, -1,
      187, 255, 186, -1,
      186, 255, 257, -1,
      186, 257, 15, -1,
      177, 175, 276, -1,
      276, 175, 173, -1,
      276, 173, 281, -1,
      281, 173, 171, -1,
      281, 171, 169, -1,
      187, 277, 255, -1,
      255, 277, 278, -1,
      255, 278, 259, -1,
      259, 278, 279, -1,
      259, 279, 261, -1,
      261, 279, 280, -1,
      261, 280, 263, -1,
      263, 280, 281, -1,
      263, 281, 266, -1,
      266, 281, 169, -1,
      266, 169, 167, -1,
      17, 18, 282, -1,
      17, 282, 204, -1,
      204, 282, 283, -1,
      204, 283, 203, -1,
      203, 283, 284, -1,
      203, 284, 202, -1,
      202, 284, 285, -1,
      202, 285, 201, -1,
      201, 285, 286, -1,
      201, 286, 200, -1,
      200, 286, 287, -1,
      200, 287, 199, -1,
      199, 287, 288, -1,
      199, 288, 198, -1,
      198, 288, 289, -1,
      198, 289, 197, -1,
      197, 289, 290, -1,
      197, 290, 196, -1,
      196, 290, 291, -1,
      196, 291, 20, -1,
      20, 291, 292, -1,
      20, 292, 28, -1,
      29, 28, 293, -1,
      293, 28, 294, -1,
      293, 294, 295, -1,
      295, 294, 296, -1,
      295, 296, 297, -1,
      297, 296, 298, -1,
      297, 298, 299, -1,
      299, 298, 300, -1,
      299, 300, 301, -1,
      301, 300, 302, -1,
      301, 302, 303, -1,
      303, 302, 304, -1,
      303, 304, 305, -1,
      305, 304, 306, -1,
      305, 306, 307, -1,
      307, 306, 308, -1,
      307, 308, 309, -1,
      309, 308, 310, -1,
      309, 310, 311, -1,
      310, 312, 311, -1,
      311, 312, 6, -1,
      311, 6, 7, -1,
      311, 7, 313, -1,
      314, 315, 316, -1,
      317, 318, 319, -1,
      320, 321, 322, -1,
      205, 29, 293, -1,
      207, 206, 323, -1,
      323, 206, 205, -1,
      213, 212, 321, -1,
      321, 212, 211, -1,
      321, 211, 322, -1,
      322, 211, 210, -1,
      322, 210, 209, -1,
      13, 213, 324, -1,
      324, 213, 321, -1,
      324, 321, 325, -1,
      325, 321, 320, -1,
      325, 320, 326, -1,
      326, 320, 327, -1,
      205, 293, 323, -1,
      323, 293, 295, -1,
      323, 295, 328, -1,
      318, 327, 319, -1,
      319, 327, 320, -1,
      319, 320, 329, -1,
      329, 320, 322, -1,
      329, 322, 330, -1,
      330, 322, 209, -1,
      295, 297, 328, -1,
      328, 297, 299, -1,
      328, 299, 331, -1,
      315, 317, 316, -1,
      316, 317, 319, -1,
      316, 319, 332, -1,
      332, 319, 329, -1,
      332, 329, 333, -1,
      333, 329, 330, -1,
      299, 301, 331, -1,
      331, 301, 303, -1,
      331, 303, 334, -1,
      333, 335, 332, -1,
      332, 335, 336, -1,
      332, 336, 316, -1,
      316, 336, 337, -1,
      316, 337, 314, -1,
      208, 207, 338, -1,
      338, 207, 323, -1,
      338, 323, 339, -1,
      339, 323, 328, -1,
      339, 328, 340, -1,
      340, 328, 331, -1,
      340, 331, 341, -1,
      341, 331, 334, -1,
      341, 334, 342, -1,
      342, 334, 313, -1,
      342, 313, 7, -1,
      7, 343, 337, -1,
      337, 343, 344, -1,
      337, 344, 314, -1,
      335, 345, 336, -1,
      336, 345, 346, -1,
      336, 346, 337, -1,
      337, 346, 7, -1,
      345, 347, 346, -1,
      346, 347, 7, -1,
      303, 305, 334, -1,
      334, 305, 307, -1,
      334, 307, 313, -1,
      313, 307, 309, -1,
      313, 309, 311, -1,
      209, 208, 330, -1,
      330, 208, 338, -1,
      330, 338, 333, -1,
      333, 338, 339, -1,
      333, 339, 335, -1,
      335, 339, 340, -1,
      335, 340, 345, -1,
      345, 340, 341, -1,
      345, 341, 347, -1,
      347, 341, 342, -1,
      347, 342, 7, -1,
      26, 223, 24, -1,
      24, 223, 348, -1,
      348, 223, 349, -1,
      349, 223, 222, -1,
      349, 222, 350, -1,
      350, 222, 224, -1,
      350, 224, 351, -1,
      351, 224, 226, -1,
      351, 226, 352, -1,
      352, 226, 228, -1,
      352, 228, 353, -1,
      353, 228, 230, -1,
      353, 230, 354, -1,
      354, 230, 231, -1,
      354, 231, 355, -1,
      355, 231, 233, -1,
      355, 233, 356, -1,
      233, 234, 356, -1,
      356, 234, 11, -1,
      356, 11, 10, -1,
      15, 257, 16, -1,
      16, 257, 357, -1,
      357, 257, 358, -1,
      358, 257, 256, -1,
      358, 256, 359, -1,
      359, 256, 258, -1,
      359, 258, 360, -1,
      360, 258, 260, -1,
      360, 260, 361, -1,
      361, 260, 262, -1,
      361, 262, 362, -1,
      362, 262, 264, -1,
      362, 264, 363, -1,
      363, 264, 265, -1,
      363, 265, 364, -1,
      364, 265, 267, -1,
      364, 267, 365, -1,
      267, 268, 365, -1,
      365, 268, 27, -1,
      365, 27, 25, -1,
      366, 6, 367, -1,
      368, 369, 6, -1,
      308, 306, 370, -1,
      304, 302, 371, -1,
      372, 373, 374, -1,
      285, 284, 375, -1,
      283, 282, 376, -1,
      376, 282, 18, -1,
      377, 288, 287, -1,
      374, 290, 289, -1,
      290, 374, 291, -1,
      291, 374, 373, -1,
      291, 373, 292, -1,
      28, 292, 294, -1,
      294, 292, 373, -1,
      294, 373, 296, -1,
      296, 373, 372, -1,
      296, 372, 298, -1,
      298, 372, 300, -1,
      18, 378, 376, -1,
      376, 378, 379, -1,
      376, 379, 380, -1,
      302, 300, 371, -1,
      371, 300, 372, -1,
      371, 372, 381, -1,
      381, 372, 374, -1,
      381, 374, 377, -1,
      377, 374, 289, -1,
      377, 289, 288, -1,
      379, 382, 380, -1,
      380, 382, 383, -1,
      380, 383, 384, -1,
      306, 304, 370, -1,
      370, 304, 371, -1,
      370, 371, 385, -1,
      385, 371, 381, -1,
      385, 381, 386, -1,
      386, 381, 377, -1,
      386, 377, 387, -1,
      387, 377, 287, -1,
      387, 287, 286, -1,
      383, 388, 384, -1,
      384, 388, 389, -1,
      384, 389, 390, -1,
      387, 391, 386, -1,
      386, 391, 392, -1,
      386, 392, 385, -1,
      385, 392, 393, -1,
      385, 393, 370, -1,
      370, 393, 394, -1,
      370, 394, 308, -1,
      369, 368, 395, -1,
      284, 283, 375, -1,
      375, 283, 376, -1,
      375, 376, 396, -1,
      396, 376, 380, -1,
      396, 380, 397, -1,
      397, 380, 384, -1,
      397, 384, 398, -1,
      398, 384, 390, -1,
      398, 390, 399, -1,
      399, 390, 367, -1,
      399, 367, 6, -1,
      6, 312, 394, -1,
      394, 312, 310, -1,
      394, 310, 308, -1,
      391, 400, 392, -1,
      392, 400, 401, -1,
      392, 401, 393, -1,
      393, 401, 402, -1,
      393, 402, 394, -1,
      394, 402, 6, -1,
      400, 395, 401, -1,
      401, 395, 368, -1,
      401, 368, 402, -1,
      402, 368, 6, -1,
      389, 403, 390, -1,
      390, 403, 404, -1,
      390, 404, 367, -1,
      367, 404, 405, -1,
      367, 405, 366, -1,
      286, 285, 387, -1,
      387, 285, 375, -1,
      387, 375, 391, -1,
      391, 375, 396, -1,
      391, 396, 400, -1,
      400, 396, 397, -1,
      400, 397, 395, -1,
      395, 397, 398, -1,
      395, 398, 369, -1,
      369, 398, 399, -1,
      369, 399, 6, -1,
      12, 13, 406, -1,
      406, 13, 324, -1,
      406, 324, 407, -1,
      407, 324, 325, -1,
      407, 325, 408, -1,
      408, 325, 326, -1,
      408, 326, 409, -1,
      409, 326, 327, -1,
      409, 327, 410, -1,
      410, 327, 318, -1,
      410, 318, 411, -1,
      411, 318, 317, -1,
      411, 317, 412, -1,
      412, 317, 315, -1,
      412, 315, 413, -1,
      413, 315, 314, -1,
      413, 314, 414, -1,
      414, 314, 344, -1,
      414, 344, 415, -1,
      344, 343, 415, -1,
      415, 343, 7, -1,
      415, 7, 5, -1,
      12, 416, 10, -1,
      10, 416, 356, -1,
      356, 416, 355, -1,
      355, 416, 417, -1,
      355, 417, 354, -1,
      354, 417, 418, -1,
      354, 418, 353, -1,
      353, 418, 419, -1,
      353, 419, 352, -1,
      352, 419, 420, -1,
      352, 420, 351, -1,
      351, 420, 421, -1,
      351, 421, 350, -1,
      350, 421, 422, -1,
      350, 422, 349, -1,
      349, 422, 423, -1,
      349, 423, 348, -1,
      423, 424, 348, -1,
      348, 424, 30, -1,
      348, 30, 24, -1,
      25, 31, 425, -1,
      25, 425, 365, -1,
      365, 425, 426, -1,
      365, 426, 364, -1,
      364, 426, 427, -1,
      364, 427, 363, -1,
      363, 427, 428, -1,
      363, 428, 362, -1,
      362, 428, 429, -1,
      362, 429, 361, -1,
      361, 429, 430, -1,
      361, 430, 360, -1,
      360, 430, 431, -1,
      360, 431, 359, -1,
      359, 431, 432, -1,
      359, 432, 358, -1,
      358, 432, 433, -1,
      358, 433, 357, -1,
      357, 433, 434, -1,
      357, 434, 16, -1,
      16, 434, 435, -1,
      16, 435, 19, -1,
      18, 19, 378, -1,
      378, 19, 436, -1,
      378, 436, 379, -1,
      379, 436, 437, -1,
      379, 437, 382, -1,
      382, 437, 438, -1,
      382, 438, 383, -1,
      383, 438, 439, -1,
      383, 439, 388, -1,
      388, 439, 440, -1,
      388, 440, 389, -1,
      389, 440, 441, -1,
      389, 441, 403, -1,
      403, 441, 442, -1,
      403, 442, 404, -1,
      404, 442, 443, -1,
      404, 443, 405, -1,
      405, 443, 444, -1,
      405, 444, 366, -1,
      444, 445, 366, -1,
      366, 445, 4, -1,
      366, 4, 6, -1,
      415, 5, 446, -1,
      447, 448, 449, -1,
      450, 451, 452, -1,
      453, 454, 455, -1,
      416, 12, 406, -1,
      418, 417, 456, -1,
      456, 417, 416, -1,
      424, 423, 454, -1,
      454, 423, 422, -1,
      454, 422, 455, -1,
      455, 422, 421, -1,
      455, 421, 420, -1,
      30, 424, 457, -1,
      457, 424, 454, -1,
      457, 454, 458, -1,
      458, 454, 453, -1,
      458, 453, 459, -1,
      459, 453, 460, -1,
      416, 406, 456, -1,
      456, 406, 407, -1,
      456, 407, 461, -1,
      451, 460, 452, -1,
      452, 460, 453, -1,
      452, 453, 462, -1,
      462, 453, 455, -1,
      462, 455, 463, -1,
      463, 455, 420, -1,
      407, 408, 461, -1,
      461, 408, 409, -1,
      461, 409, 464, -1,
      448, 450, 449, -1,
      449, 450, 452, -1,
      449, 452, 465, -1,
      465, 452, 462, -1,
      465, 462, 466, -1,
      466, 462, 463, -1,
      409, 410, 464, -1,
      464, 410, 411, -1,
      464, 411, 467, -1,
      466, 468, 465, -1,
      465, 468, 469, -1,
      465, 469, 449, -1,
      449, 469, 470, -1,
      449, 470, 447, -1,
      419, 418, 471, -1,
      471, 418, 456, -1,
      471, 456, 472, -1,
      472, 456, 461, -1,
      472, 461, 473, -1,
      473, 461, 464, -1,
      473, 464, 474, -1,
      474, 464, 467, -1,
      474, 467, 475, -1,
      475, 467, 446, -1,
      475, 446, 5, -1,
      5, 476, 470, -1,
      470, 476, 477, -1,
      470, 477, 447, -1,
      468, 478, 469, -1,
      469, 478, 479, -1,
      469, 479, 470, -1,
      470, 479, 5, -1,
      478, 480, 479, -1,
      479, 480, 5, -1,
      411, 412, 467, -1,
      467, 412, 413, -1,
      467, 413, 446, -1,
      446, 413, 414, -1,
      446, 414, 415, -1,
      420, 419, 463, -1,
      463, 419, 471, -1,
      463, 471, 466, -1,
      466, 471, 472, -1,
      466, 472, 468, -1,
      468, 472, 473, -1,
      468, 473, 478, -1,
      478, 473, 474, -1,
      478, 474, 480, -1,
      480, 474, 475, -1,
      480, 475, 5, -1,
      481, 4, 482, -1,
      483, 484, 4, -1,
      443, 442, 485, -1,
      441, 440, 486, -1,
      487, 488, 489, -1,
      428, 427, 490, -1,
      426, 425, 491, -1,
      491, 425, 31, -1,
      492, 431, 430, -1,
      489, 433, 432, -1,
      433, 489, 434, -1,
      434, 489, 488, -1,
      434, 488, 435, -1,
      19, 435, 436, -1,
      436, 435, 488, -1,
      436, 488, 437, -1,
      437, 488, 487, -1,
      437, 487, 438, -1,
      438, 487, 439, -1,
      31, 493, 491, -1,
      491, 493, 494, -1,
      491, 494, 495, -1,
      440, 439, 486, -1,
      486, 439, 487, -1,
      486, 487, 496, -1,
      496, 487, 489, -1,
      496, 489, 492, -1,
      492, 489, 432, -1,
      492, 432, 431, -1,
      494, 497, 495, -1,
      495, 497, 498, -1,
      495, 498, 499, -1,
      442, 441, 485, -1,
      485, 441, 486, -1,
      485, 486, 500, -1,
      500, 486, 496, -1,
      500, 496, 501, -1,
      501, 496, 492, -1,
      501, 492, 502, -1,
      502, 492, 430, -1,
      502, 430, 429, -1,
      498, 503, 499, -1,
      499, 503, 504, -1,
      499, 504, 505, -1,
      502, 506, 501, -1,
      501, 506, 507, -1,
      501, 507, 500, -1,
      500, 507, 508, -1,
      500, 508, 485, -1,
      485, 508, 509, -1,
      485, 509, 443, -1,
      484, 483, 510, -1,
      427, 426, 490, -1,
      490, 426, 491, -1,
      490, 491, 511, -1,
      511, 491, 495, -1,
      511, 495, 512, -1,
      512, 495, 499, -1,
      512, 499, 513, -1,
      513, 499, 505, -1,
      513, 505, 514, -1,
      514, 505, 482, -1,
      514, 482, 4, -1,
      4, 445, 509, -1,
      509, 445, 444, -1,
      509, 444, 443, -1,
      506, 515, 507, -1,
      507, 515, 516, -1,
      507, 516, 508, -1,
      508, 516, 517, -1,
      508, 517, 509, -1,
      509, 517, 4, -1,
      515, 510, 516, -1,
      516, 510, 483, -1,
      516, 483, 517, -1,
      517, 483, 4, -1,
      504, 518, 505, -1,
      505, 518, 519, -1,
      505, 519, 482, -1,
      482, 519, 520, -1,
      482, 520, 481, -1,
      429, 428, 502, -1,
      502, 428, 490, -1,
      502, 490, 506, -1,
      506, 490, 511, -1,
      506, 511, 515, -1,
      515, 511, 512, -1,
      515, 512, 510, -1,
      510, 512, 513, -1,
      510, 513, 484, -1,
      484, 513, 514, -1,
      484, 514, 4, -1,
      31, 30, 493, -1,
      493, 30, 457, -1,
      493, 457, 494, -1,
      494, 457, 458, -1,
      494, 458, 497, -1,
      497, 458, 459, -1,
      497, 459, 498, -1,
      498, 459, 460, -1,
      498, 460, 503, -1,
      503, 460, 451, -1,
      503, 451, 504, -1,
      504, 451, 450, -1,
      504, 450, 518, -1,
      518, 450, 448, -1,
      518, 448, 519, -1,
      519, 448, 447, -1,
      519, 447, 520, -1,
      520, 447, 477, -1,
      520, 477, 481, -1,
      477, 476, 481, -1,
      481, 476, 5, -1,
      481, 5, 4, -1,
    ]
  }
}

Shape {
  appearance Appearance {
    material Material {
      diffuseColor 1.0000 1.0000 1.0000
      specularColor 0.5020 0.5020 0.5020
      ambientIntensity 0.2
      transparency 0.0000
      shininess 0.5
    }
  }
  geometry IndexedFaceSet {
    ccw TRUE
    solid FALSE
    coord DEF co Coordinate {
      point [
        0.322835 0.587851 0.030866,
        0.322835 0.590551 0.000000,
        0.188976 0.590551 0.000000,
        0.444882 0.590551 0.000000,
        -0.188976 0.587851 0.030866,
        -0.188976 0.590551 0.000000,
        -0.322835 0.590551 0.000000,
        0.066929 0.590551 0.000000,
        -0.066929 0.590551 0.000000,
        0.066929 0.587851 0.030866,
        -0.066929 0.587851 0.030866,
        -0.444882 0.590551 0.000000,
        -0.444882 0.587851 0.030866,
        -0.322835 0.587851 0.030866,
        0.188976 0.587851 0.030866,
        0.444882 0.587851 0.030866,
        -0.066929 0.587052 -0.040000,
        0.066929 0.587052 -0.040000,
        0.188976 0.587052 -0.040000,
        -0.444882 0.587052 -0.040000,
        -0.322835 0.587052 -0.040000,
        -0.188976 0.587052 -0.040000,
        0.444882 0.587052 -0.040000,
        0.322835 0.587052 -0.040000,
        0.066929 -0.587851 0.030866,
        0.188976 -0.587851 0.030866,
        -0.444882 -0.590551 0.000000,
        -0.066929 -0.587851 0.030866,
        -0.066929 -0.590551 0.000000,
        0.066929 -0.590551 0.000000,
        -0.444882 -0.587851 0.030866,
        -0.322835 -0.587851 0.030866,
        -0.188976 -0.587851 0.030866,
        -0.188976 -0.590551 0.000000,
        -0.322835 -0.590551 0.000000,
        0.444882 -0.590551 0.000000,
        0.444882 -0.587851 0.030866,
        0.322835 -0.587851 0.030866,
        0.322835 -0.590551 0.000000,
        0.188976 -0.590551 0.000000,
        0.066929 -0.587052 -0.040000,
        0.444882 -0.587052 -0.040000,
        0.322835 -0.587052 -0.040000,
        0.188976 -0.587052 -0.040000,
        -0.066929 -0.587052 -0.040000,
        -0.188976 -0.587052 -0.040000,
        -0.322835 -0.587052 -0.040000,
        -0.444882 -0.587052 -0.040000,
        0.066929 -0.707981 0.030866,
        0.188976 -0.707981 0.030866,
        0.188976 -0.727956 0.028531,
        0.188976 -0.707981 -0.040000,
        0.188976 -0.964567 -0.165984,
        0.188976 -0.964567 -0.236850,
        0.188976 -0.821976 -0.165984,
        0.188976 -0.821976 -0.236850,
        0.188976 -0.820161 -0.165772,
        0.188976 -0.803818 -0.234728,
        0.188976 -0.818443 -0.165147,
        0.188976 -0.786638 -0.228475,
        0.188976 -0.816915 -0.164142,
        0.188976 -0.771363 -0.218429,
        0.188976 -0.815660 -0.162812,
        0.188976 -0.758817 -0.205131,
        0.188976 -0.814746 -0.161229,
        0.188976 -0.749676 -0.189298,
        0.188976 -0.814222 -0.159478,
        0.188976 -0.744432 -0.171783,
        0.188976 -0.793280 -0.040707,
        0.188976 -0.723490 -0.053013,
        0.188976 -0.787512 -0.021442,
        0.188976 -0.722441 -0.049511,
        0.188976 -0.777457 -0.004026,
        0.188976 -0.720613 -0.046344,
        0.188976 -0.763656 0.010602,
        0.188976 -0.718104 -0.043684,
        0.188976 -0.746854 0.021653,
        0.188976 -0.715049 -0.041675,
        0.188976 -0.711613 -0.040424,
        0.066929 -0.727956 0.028531,
        0.066929 -0.707981 -0.040000,
        0.066929 -0.711613 -0.040424,
        0.066929 -0.746854 0.021653,
        0.066929 -0.715049 -0.041675,
        0.066929 -0.763656 0.010602,
        0.066929 -0.718104 -0.043684,
        0.066929 -0.777457 -0.004026,
        0.066929 -0.720613 -0.046344,
        0.066929 -0.787512 -0.021442,
        0.066929 -0.722441 -0.049511,
        0.066929 -0.793280 -0.040707,
        0.066929 -0.723490 -0.053013,
        0.066929 -0.814222 -0.159478,
        0.066929 -0.744432 -0.171783,
        0.066929 -0.814746 -0.161229,
        0.066929 -0.749676 -0.189298,
        0.066929 -0.815660 -0.162812,
        0.066929 -0.758817 -0.205131,
        0.066929 -0.816915 -0.164142,
        0.066929 -0.771363 -0.218429,
        0.066929 -0.818443 -0.165147,
        0.066929 -0.786638 -0.228475,
        0.066929 -0.820161 -0.165772,
        0.066929 -0.803818 -0.234728,
        0.066929 -0.821976 -0.165984,
        0.066929 -0.821976 -0.236850,
        0.066929 -0.964567 -0.165984,
        0.066929 -0.964567 -0.236850,
        0.322835 -0.707981 0.030866,
        0.444882 -0.707981 0.030866,
        0.444882 -0.727956 0.028531,
        0.444882 -0.707981 -0.040000,
        0.444882 -0.964567 -0.165984,
        0.444882 -0.964567 -0.236850,
        0.444882 -0.821976 -0.165984,
        0.444882 -0.821976 -0.236850,
        0.444882 -0.820161 -0.165772,
        0.444882 -0.803818 -0.234728,
        0.444882 -0.818443 -0.165147,
        0.444882 -0.786638 -0.228475,
        0.444882 -0.816915 -0.164142,
        0.444882 -0.771363 -0.218429,
        0.444882 -0.815660 -0.162812,
        0.444882 -0.758817 -0.205131,
        0.444882 -0.814746 -0.161229,
        0.444882 -0.749676 -0.189298,
        0.444882 -0.814222 -0.159478,
        0.444882 -0.744432 -0.171783,
        0.444882 -0.793280 -0.040707,
        0.444882 -0.723490 -0.053013,
        0.444882 -0.787512 -0.021442,
        0.444882 -0.722441 -0.049511,
        0.444882 -0.777457 -0.004026,
        0.444882 -0.720613 -0.046344,
        0.444882 -0.763656 0.010602,
        0.444882 -0.718104 -0.043684,
        0.444882 -0.746854 0.021653,
        0.444882 -0.715049 -0.041675,
        0.444882 -0.711613 -0.040424,
        0.322835 -0.727956 0.028531,
        0.322835 -0.707981 -0.040000,
        0.322835 -0.711613 -0.040424,
        0.322835 -0.746854 0.021653,
        0.322835 -0.715049 -0.041675,
        0.322835 -0.763656 0.010602,
        0.322835 -0.718104 -0.043684,
        0.322835 -0.777457 -0.004026,
        0.322835 -0.720613 -0.046344,
        0.322835 -0.787512 -0.021442,
        0.322835 -0.722441 -0.049511,
        0.322835 -0.793280 -0.040707,
        0.322835 -0.723490 -0.053013,
        0.322835 -0.814222 -0.159478,
        0.322835 -0.744432 -0.171783,
        0.322835 -0.814746 -0.161229,
        0.322835 -0.749676 -0.189298,
        0.322835 -0.815660 -0.162812,
        0.322835 -0.758817 -0.205131,
        0.322835 -0.816915 -0.164142,
        0.322835 -0.771363 -0.218429,
        0.322835 -0.818443 -0.165147,
        0.322835 -0.786638 -0.228475,
        0.322835 -0.820161 -0.165772,
        0.322835 -0.803818 -0.234728,
        0.322835 -0.821976 -0.165984,
        0.322835 -0.821976 -0.236850,
        0.322835 -0.964567 -0.165984,
        0.322835 -0.964567 -0.236850,
        -0.188976 -0.707981 0.030866,
        -0.066929 -0.707981 0.030866,
        -0.066929 -0.727956 0.028531,
        -0.066929 -0.707981 -0.040000,
        -0.066929 -0.964567 -0.165984,
        -0.066929 -0.964567 -0.236850,
        -0.066929 -0.821976 -0.165984,
        -0.066929 -0.821976 -0.236850,
        -0.066929 -0.820161 -0.165772,
        -0.066929 -0.803818 -0.234728,
        -0.066929 -0.818443 -0.165147,
        -0.066929 -0.786638 -0.228475,
        -0.066929 -0.816915 -0.164142,
        -0.066929 -0.771363 -0.218429,
        -0.066929 -0.815660 -0.162812,
        -0.066929 -0.758817 -0.205131,
        -0.066929 -0.814746 -0.161229,
        -0.066929 -0.749676 -0.189298,
        -0.066929 -0.814222 -0.159478,
        -0.066929 -0.744432 -0.171783,
        -0.066929 -0.793280 -0.040707,
        -0.066929 -0.723490 -0.053013,
        -0.066929 -0.787512 -0.021442,
        -0.066929 -0.722441 -0.049511,
        -0.066929 -0.777457 -0.004026,
        -0.066929 -0.720613 -0.046344,
        -0.066929 -0.763656 0.010602,
        -0.066929 -0.718104 -0.043684,
        -0.066929 -0.746854 0.021653,
        -0.066929 -0.715049 -0.041675,
        -0.066929 -0.711613 -0.040424,
        -0.188976 -0.727956 0.028531,
        -0.188976 -0.707981 -0.040000,
        -0.188976 -0.711613 -0.040424,
        -0.188976 -0.746854 0.021653,
        -0.188976 -0.715049 -0.041675,
        -0.188976 -0.763656 0.010602,
        -0.188976 -0.718104 -0.043684,
        -0.188976 -0.777457 -0.004026,
        -0.188976 -0.720613 -0.046344,
        -0.188976 -0.787512 -0.021442,
        -0.188976 -0.722441 -0.049511,
        -0.188976 -0.793280 -0.040707,
        -0.188976 -0.723490 -0.053013,
        -0.188976 -0.814222 -0.159478,
        -0.188976 -0.744432 -0.171783,
        -0.188976 -0.814746 -0.161229,
        -0.188976 -0.749676 -0.189298,
        -0.188976 -0.815660 -0.162812,
        -0.188976 -0.758817 -0.205131,
        -0.188976 -0.816915 -0.164142,
        -0.188976 -0.771363 -0.218429,
        -0.188976 -0.818443 -0.165147,
        -0.188976 -0.786638 -0.228475,
        -0.188976 -0.820161 -0.165772,
        -0.188976 -0.803818 -0.234728,
        -0.188976 -0.821976 -0.165984,
        -0.188976 -0.821976 -0.236850,
        -0.188976 -0.964567 -0.165984,
        -0.188976 -0.964567 -0.236850,
        -0.444882 -0.707981 0.030866,
        -0.322835 -0.707981 0.030866,
        -0.322835 -0.727956 0.028531,
        -0.322835 -0.707981 -0.040000,
        -0.322835 -0.964567 -0.165984,
        -0.322835 -0.964567 -0.236850,
        -0.322835 -0.821976 -0.165984,
        -0.322835 -0.821976 -0.236850,
        -0.322835 -0.820161 -0.165772,
        -0.322835 -0.803818 -0.234728,
        -0.322835 -0.818443 -0.165147,
        -0.322835 -0.786638 -0.228475,
        -0.322835 -0.816915 -0.164142,
        -0.322835 -0.771363 -0.218429,
        -0.322835 -0.815660 -0.162812,
        -0.322835 -0.758817 -0.205131,
        -0.322835 -0.814746 -0.161229,
        -0.322835 -0.749676 -0.189298,
        -0.322835 -0.814222 -0.159478,
        -0.322835 -0.744432 -0.171783,
        -0.322835 -0.793280 -0.040707,
        -0.322835 -0.723490 -0.053013,
        -0.322835 -0.787512 -0.021442,
        -0.322835 -0.722441 -0.049511,
        -0.322835 -0.777457 -0.004026,
        -0.322835 -0.720613 -0.046344,
        -0.322835 -0.763656 0.010602,
        -0.322835 -0.718104 -0.043684,
        -0.322835 -0.746854 0.021653,
        -0.322835 -0.715049 -0.041675,
        -0.322835 -0.711613 -0.040424,
        -0.444882 -0.727956 0.028531,
        -0.444882 -0.707981 -0.040000,
        -0.444882 -0.711613 -0.040424,
        -0.444882 -0.746854 0.021653,
        -0.444882 -0.715049 -0.041675,
        -0.444882 -0.763656 0.010602,
        -0.444882 -0.718104 -0.043684,
        -0.444882 -0.777457 -0.004026,
        -0.444882 -0.720613 -0.046344,
        -0.444882 -0.787512 -0.021442,
        -0.444882 -0.722441 -0.049511,
        -0.444882 -0.793280 -0.040707,
        -0.444882 -0.723490 -0.053013,
        -0.444882 -0.814222 -0.159478,
        -0.444882 -0.744432 -0.171783,
        -0.444882 -0.814746 -0.161229,
        -0.444882 -0.749676 -0.189298,
        -0.444882 -0.815660 -0.162812,
        -0.444882 -0.758817 -0.205131,
        -0.444882 -0.816915 -0.164142,
        -0.444882 -0.771363 -0.218429,
        -0.444882 -0.818443 -0.165147,
        -0.444882 -0.786638 -0.228475,
        -0.444882 -0.820161 -0.165772,
        -0.444882 -0.803818 -0.234728,
        -0.444882 -0.821976 -0.165984,
        -0.444882 -0.821976 -0.236850,
        -0.444882 -0.964567 -0.165984,
        -0.444882 -0.964567 -0.236850,
        0.188976 0.707981 0.030866,
        0.066929 0.707981 0.030866,
        0.188976 0.727956 0.028531,
        0.188976 0.707981 -0.040000,
        0.188976 0.711613 -0.040424,
        0.188976 0.746854 0.021653,
        0.188976 0.715049 -0.041675,
        0.188976 0.763656 0.010602,
        0.188976 0.718104 -0.043684,
        0.188976 0.777457 -0.004026,
        0.188976 0.720613 -0.046344,
        0.188976 0.787512 -0.021442,
        0.188976 0.722441 -0.049511,
        0.188976 0.793280 -0.040707,
        0.188976 0.723490 -0.053013,
        0.188976 0.814222 -0.159478,
        0.188976 0.744432 -0.171783,
        0.188976 0.814746 -0.161229,
        0.188976 0.749676 -0.189298,
        0.188976 0.815660 -0.162812,
        0.188976 0.758817 -0.205131,
        0.188976 0.816915 -0.164142,
        0.188976 0.771363 -0.218429,
        0.188976 0.818443 -0.165147,
        0.188976 0.786638 -0.228475,
        0.188976 0.820161 -0.165772,
        0.188976 0.803818 -0.234728,
        0.188976 0.821976 -0.165984,
        0.188976 0.821976 -0.236850,
        0.188976 0.964567 -0.165984,
        0.188976 0.964567 -0.236850,
        0.066929 0.727956 0.028531,
        0.066929 0.707981 -0.040000,
        0.066929 0.964567 -0.165984,
        0.066929 0.964567 -0.236850,
        0.066929 0.821976 -0.165984,
        0.066929 0.821976 -0.236850,
        0.066929 0.820161 -0.165772,
        0.066929 0.803818 -0.234728,
        0.066929 0.818443 -0.165147,
        0.066929 0.786638 -0.228475,
        0.066929 0.816915 -0.164142,
        0.066929 0.771363 -0.218429,
        0.066929 0.815660 -0.162812,
        0.066929 0.758817 -0.205131,
        0.066929 0.814746 -0.161229,
        0.066929 0.749676 -0.189298,
        0.066929 0.814222 -0.159478,
        0.066929 0.744432 -0.171783,
        0.066929 0.793280 -0.040707,
        0.066929 0.723490 -0.053013,
        0.066929 0.787512 -0.021442,
        0.066929 0.722441 -0.049511,
        0.066929 0.777457 -0.004026,
        0.066929 0.720613 -0.046344,
        0.066929 0.763656 0.010602,
        0.066929 0.718104 -0.043684,
        0.066929 0.746854 0.021653,
        0.066929 0.715049 -0.041675,
        0.066929 0.711613 -0.040424,
        0.444882 0.707981 0.030866,
        0.322835 0.707981 0.030866,
        0.444882 0.727956 0.028531,
        0.444882 0.707981 -0.040000,
        0.444882 0.711613 -0.040424,
        0.444882 0.746854 0.021653,
        0.444882 0.715049 -0.041675,
        0.444882 0.763656 0.010602,
        0.444882 0.718104 -0.043684,
        0.444882 0.777457 -0.004026,
        0.444882 0.720613 -0.046344,
        0.444882 0.787512 -0.021442,
        0.444882 0.722441 -0.049511,
        0.444882 0.793280 -0.040707,
        0.444882 0.723490 -0.053013,
        0.444882 0.814222 -0.159478,
        0.444882 0.744432 -0.171783,
        0.444882 0.814746 -0.161229,
        0.444882 0.749676 -0.189298,
        0.444882 0.815660 -0.162812,
        0.444882 0.758817 -0.205131,
        0.444882 0.816915 -0.164142,
        0.444882 0.771363 -0.218429,
        0.444882 0.818443 -0.165147,
        0.444882 0.786638 -0.228475,
        0.444882 0.820161 -0.165772,
        0.444882 0.803818 -0.234728,
        0.444882 0.821976 -0.165984,
        0.444882 0.821976 -0.236850,
        0.444882 0.964567 -0.165984,
        0.444882 0.964567 -0.236850,
        0.322835 0.727956 0.028531,
        0.322835 0.707981 -0.040000,
        0.322835 0.964567 -0.165984,
        0.322835 0.964567 -0.236850,
        0.322835 0.821976 -0.165984,
        0.322835 0.821976 -0.236850,
        0.322835 0.820161 -0.165772,
        0.322835 0.803818 -0.234728,
        0.322835 0.818443 -0.165147,
        0.322835 0.786638 -0.228475,
        0.322835 0.816915 -0.164142,
        0.322835 0.771363 -0.218429,
        0.322835 0.815660 -0.162812,
        0.322835 0.758817 -0.205131,
        0.322835 0.814746 -0.161229,
        0.322835 0.749676 -0.189298,
        0.322835 0.814222 -0.159478,
        0.322835 0.744432 -0.171783,
        0.322835 0.793280 -0.040707,
        0.322835 0.723490 -0.053013,
        0.322835 0.787512 -0.021442,
        0.322835 0.722441 -0.049511,
        0.322835 0.777457 -0.004026,
        0.322835 0.720613 -0.046344,
        0.322835 0.763656 0.010602,
        0.322835 0.718104 -0.043684,
        0.322835 0.746854 0.021653,
        0.322835 0.715049 -0.041675,
        0.322835 0.711613 -0.040424,
        -0.066929 0.707981 0.030866,
        -0.188976 0.707981 0.030866,
        -0.066929 0.727956 0.028531,
        -0.066929 0.707981 -0.040000,
        -0.066929 0.711613 -0.040424,
        -0.066929 0.746854 0.021653,
        -0.066929 0.715049 -0.041675,
        -0.066929 0.763656 0.010602,
        -0.066929 0.718104 -0.043684,
        -0.066929 0.777457 -0.004026,
        -0.066929 0.720613 -0.046344,
        -0.066929 0.787512 -0.021442,
        -0.066929 0.722441 -0.049511,
        -0.066929 0.793280 -0.040707,
        -0.066929 0.723490 -0.053013,
        -0.066929 0.814222 -0.159478,
        -0.066929 0.744432 -0.171783,
        -0.066929 0.814746 -0.161229,
        -0.066929 0.749676 -0.189298,
        -0.066929 0.815660 -0.162812,
        -0.066929 0.758817 -0.205131,
        -0.066929 0.816915 -0.164142,
        -0.066929 0.771363 -0.218429,
        -0.066929 0.818443 -0.165147,
        -0.066929 0.786638 -0.228475,
        -0.066929 0.820161 -0.165772,
        -0.066929 0.803818 -0.234728,
        -0.066929 0.821976 -0.165984,
        -0.066929 0.821976 -0.236850,
        -0.066929 0.964567 -0.165984,
        -0.066929 0.964567 -0.236850,
        -0.188976 0.727956 0.028531,
        -0.188976 0.707981 -0.040000,
        -0.188976 0.964567 -0.165984,
        -0.188976 0.964567 -0.236850,
        -0.188976 0.821976 -0.165984,
        -0.188976 0.821976 -0.236850,
        -0.188976 0.820161 -0.165772,
        -0.188976 0.803818 -0.234728,
        -0.188976 0.818443 -0.165147,
        -0.188976 0.786638 -0.228475,
        -0.188976 0.816915 -0.164142,
        -0.188976 0.771363 -0.218429,
        -0.188976 0.815660 -0.162812,
        -0.188976 0.758817 -0.205131,
        -0.188976 0.814746 -0.161229,
        -0.188976 0.749676 -0.189298,
        -0.188976 0.814222 -0.159478,
        -0.188976 0.744432 -0.171783,
        -0.188976 0.793280 -0.040707,
        -0.188976 0.723490 -0.053013,
        -0.188976 0.787512 -0.021442,
        -0.188976 0.722441 -0.049511,
        -0.188976 0.777457 -0.004026,
        -0.188976 0.720613 -0.046344,
        -0.188976 0.763656 0.010602,
        -0.188976 0.718104 -0.043684,
        -0.188976 0.746854 0.021653,
        -0.188976 0.715049 -0.041675,
        -0.188976 0.711613 -0.040424,
        -0.322835 0.707981 0.030866,
        -0.444882 0.707981 0.030866,
        -0.322835 0.727956 0.028531,
        -0.322835 0.707981 -0.040000,
        -0.322835 0.711613 -0.040424,
        -0.322835 0.746854 0.021653,
        -0.322835 0.715049 -0.041675,
        -0.322835 0.763656 0.010602,
        -0.322835 0.718104 -0.043684,
        -0.322835 0.777457 -0.004026,
        -0.322835 0.720613 -0.046344,
        -0.322835 0.787512 -0.021442,
        -0.322835 0.722441 -0.049511,
        -0.322835 0.793280 -0.040707,
        -0.322835 0.723490 -0.053013,
        -0.322835 0.814222 -0.159478,
        -0.322835 0.744432 -0.171783,
        -0.322835 0.814746 -0.161229,
        -0.322835 0.749676 -0.189298,
        -0.322835 0.815660 -0.162812,
        -0.322835 0.758817 -0.205131,
        -0.322835 0.816915 -0.164142,
        -0.322835 0.771363 -0.218429,
        -0.322835 0.818443 -0.165147,
        -0.322835 0.786638 -0.228475,
        -0.322835 0.820161 -0.165772,
        -0.322835 0.803818 -0.234728,
        -0.322835 0.821976 -0.165984,
        -0.322835 0.821976 -0.236850,
        -0.322835 0.964567 -0.165984,
        -0.322835 0.964567 -0.236850,
        -0.444882 0.727956 0.028531,
        -0.444882 0.707981 -0.040000,
        -0.444882 0.964567 -0.165984,
        -0.444882 0.964567 -0.236850,
        -0.444882 0.821976 -0.165984,
        -0.444882 0.821976 -0.236850,
        -0.444882 0.820161 -0.165772,
        -0.444882 0.803818 -0.234728,
        -0.444882 0.818443 -0.165147,
        -0.444882 0.786638 -0.228475,
        -0.444882 0.816915 -0.164142,
        -0.444882 0.771363 -0.218429,
        -0.444882 0.815660 -0.162812,
        -0.444882 0.758817 -0.205131,
        -0.444882 0.814746 -0.161229,
        -0.444882 0.749676 -0.189298,
        -0.444882 0.814222 -0.159478,
        -0.444882 0.744432 -0.171783,
        -0.444882 0.793280 -0.040707,
        -0.444882 0.723490 -0.053013,
        -0.444882 0.787512 -0.021442,
        -0.444882 0.722441 -0.049511,
        -0.444882 0.777457 -0.004026,
        -0.444882 0.720613 -0.046344,
        -0.444882 0.763656 0.010602,
        -0.444882 0.718104 -0.043684,
        -0.444882 0.746854 0.021653,
        -0.444882 0.715049 -0.041675,
        -0.444882 0.711613 -0.040424,
      ]
    }
    coordIndex [
      24, 48, 25, -1,
      25, 48, 49, -1,
      39, 25, 49, -1,
      49, 50, 39, -1,
      39, 50, 51, -1,
      39, 51, 43, -1,
      52, 53, 54, -1,
      54, 53, 55, -1,
      54, 55, 56, -1,
      56, 55, 57, -1,
      56, 57, 58, -1,
      58, 57, 59, -1,
      58, 59, 60, -1,
      60, 59, 61, -1,
      60, 61, 62, -1,
      62, 61, 63, -1,
      62, 63, 64, -1,
      64, 63, 65, -1,
      64, 65, 66, -1,
      66, 65, 67, -1,
      66, 67, 68, -1,
      68, 67, 69, -1,
      68, 69, 70, -1,
      70, 69, 71, -1,
      70, 71, 72, -1,
      72, 71, 73, -1,
      72, 73, 74, -1,
      74, 73, 75, -1,
      74, 75, 76, -1,
      76, 75, 77, -1,
      76, 77, 50, -1,
      50, 77, 78, -1,
      50, 78, 51, -1,
      40, 79, 29, -1,
      29, 79, 48, -1,
      29, 48, 24, -1,
      40, 80, 79, -1,
      79, 80, 81, -1,
      79, 81, 82, -1,
      82, 81, 83, -1,
      82, 83, 84, -1,
      84, 83, 85, -1,
      84, 85, 86, -1,
      86, 85, 87, -1,
      86, 87, 88, -1,
      88, 87, 89, -1,
      88, 89, 90, -1,
      90, 89, 91, -1,
      90, 91, 92, -1,
      92, 91, 93, -1,
      92, 93, 94, -1,
      94, 93, 95, -1,
      94, 95, 96, -1,
      96, 95, 97, -1,
      96, 97, 98, -1,
      98, 97, 99, -1,
      98, 99, 100, -1,
      100, 99, 101, -1,
      100, 101, 102, -1,
      102, 101, 103, -1,
      102, 103, 104, -1,
      104, 103, 105, -1,
      104, 105, 106, -1,
      106, 105, 107, -1,
      52, 54, 106, -1,
      106, 54, 104, -1,
      53, 52, 107, -1,
      107, 52, 106, -1,
      55, 53, 105, -1,
      105, 53, 107, -1,
      55, 105, 103, -1,
      55, 103, 57, -1,
      57, 103, 101, -1,
      57, 101, 59, -1,
      59, 101, 99, -1,
      59, 99, 61, -1,
      61, 99, 97, -1,
      61, 97, 63, -1,
      63, 97, 95, -1,
      63, 95, 65, -1,
      65, 95, 93, -1,
      65, 93, 67, -1,
      69, 67, 91, -1,
      91, 67, 93, -1,
      69, 91, 71, -1,
      71, 91, 89, -1,
      71, 89, 73, -1,
      73, 89, 87, -1,
      73, 87, 75, -1,
      75, 87, 85, -1,
      75, 85, 77, -1,
      77, 85, 83, -1,
      77, 83, 78, -1,
      78, 83, 81, -1,
      78, 81, 51, -1,
      51, 81, 80, -1,
      43, 51, 40, -1,
      40, 51, 80, -1,
      49, 48, 79, -1,
      49, 79, 50, -1,
      50, 79, 82, -1,
      50, 82, 76, -1,
      76, 82, 84, -1,
      76, 84, 74, -1,
      74, 84, 86, -1,
      74, 86, 72, -1,
      72, 86, 88, -1,
      72, 88, 70, -1,
      70, 88, 90, -1,
      70, 90, 68, -1,
      66, 68, 92, -1,
      92, 68, 90, -1,
      66, 92, 64, -1,
      64, 92, 94, -1,
      64, 94, 62, -1,
      62, 94, 96, -1,
      62, 96, 60, -1,
      60, 96, 98, -1,
      60, 98, 58, -1,
      58, 98, 100, -1,
      58, 100, 56, -1,
      56, 100, 102, -1,
      56, 102, 54, -1,
      54, 102, 104, -1,
      37, 108, 36, -1,
      36, 108, 109, -1,
      35, 36, 109, -1,
      109, 110, 35, -1,
      35, 110, 111, -1,
      35, 111, 41, -1,
      112, 113, 114, -1,
      114, 113, 115, -1,
      114, 115, 116, -1,
      116, 115, 117, -1,
      116, 117, 118, -1,
      118, 117, 119, -1,
      118, 119, 120, -1,
      120, 119, 121, -1,
      120, 121, 122, -1,
      122, 121, 123, -1,
      122, 123, 124, -1,
      124, 123, 125, -1,
      124, 125, 126, -1,
      126, 125, 127, -1,
      126, 127, 128, -1,
      128, 127, 129, -1,
      128, 129, 130, -1,
      130, 129, 131, -1,
      130, 131, 132, -1,
      132, 131, 133, -1,
      132, 133, 134, -1,
      134, 133, 135, -1,
      134, 135, 136, -1,
      136, 135, 137, -1,
      136, 137, 110, -1,
      110, 137, 138, -1,
      110, 138, 111, -1,
      42, 139, 38, -1,
      38, 139, 108, -1,
      38, 108, 37, -1,
      42, 140, 139, -1,
      139, 140, 141, -1,
      139, 141, 142, -1,
      142, 141, 143, -1,
      142, 143, 144, -1,
      144, 143, 145, -1,
      144, 145, 146, -1,
      146, 145, 147, -1,
      146, 147, 148, -1,
      148, 147, 149, -1,
      148, 149, 150, -1,
      150, 149, 151, -1,
      150, 151, 152, -1,
      152, 151, 153, -1,
      152, 153, 154, -1,
      154, 153, 155, -1,
      154, 155, 156, -1,
      156, 155, 157, -1,
      156, 157, 158, -1,
      158, 157, 159, -1,
      158, 159, 160, -1,
      160, 159, 161, -1,
      160, 161, 162, -1,
      162, 161, 163, -1,
      162, 163, 164, -1,
      164, 163, 165, -1,
      164, 165, 166, -1,
      166, 165, 167, -1,
      112, 114, 166, -1,
      166, 114, 164, -1,
      113, 112, 167, -1,
      167, 112, 166, -1,
      115, 113, 165, -1,
      165, 113, 167, -1,
      115, 165, 163, -1,
      115, 163, 117, -1,
      117, 163, 161, -1,
      117, 161, 119, -1,
      119, 161, 159, -1,
      119, 159, 121, -1,
      121, 159, 157, -1,
      121, 157, 123, -1,
      123, 157, 155, -1,
      123, 155, 125, -1,
      125, 155, 153, -1,
      125, 153, 127, -1,
      129, 127, 151, -1,
      151, 127, 153, -1,
      129, 151, 131, -1,
      131, 151, 149, -1,
      131, 149, 133, -1,
      133, 149, 147, -1,
      133, 147, 135, -1,
      135, 147, 145, -1,
      135, 145, 137, -1,
      137, 145, 143, -1,
      137, 143, 138, -1,
      138, 143, 141, -1,
      138, 141, 111, -1,
      111, 141, 140, -1,
      41, 111, 42, -1,
      42, 111, 140, -1,
      109, 108, 139, -1,
      109, 139, 110, -1,
      110, 139, 142, -1,
      110, 142, 136, -1,
      136, 142, 144, -1,
      136, 144, 134, -1,
      134, 144, 146, -1,
      134, 146, 132, -1,
      132, 146, 148, -1,
      132, 148, 130, -1,
      130, 148, 150, -1,
      130, 150, 128, -1,
      126, 128, 152, -1,
      152, 128, 150, -1,
      126, 152, 124, -1,
      124, 152, 154, -1,
      124, 154, 122, -1,
      122, 154, 156, -1,
      122, 156, 120, -1,
      120, 156, 158, -1,
      120, 158, 118, -1,
      118, 158, 160, -1,
      118, 160, 116, -1,
      116, 160, 162, -1,
      116, 162, 114, -1,
      114, 162, 164, -1,
      32, 168, 27, -1,
      27, 168, 169, -1,
      28, 27, 169, -1,
      169, 170, 28, -1,
      28, 170, 171, -1,
      28, 171, 44, -1,
      172, 173, 174, -1,
      174, 173, 175, -1,
      174, 175, 176, -1,
      176, 175, 177, -1,
      176, 177, 178, -1,
      178, 177, 179, -1,
      178, 179, 180, -1,
      180, 179, 181, -1,
      180, 181, 182, -1,
      182, 181, 183, -1,
      182, 183, 184, -1,
      184, 183, 185, -1,
      184, 185, 186, -1,
      186, 185, 187, -1,
      186, 187, 188, -1,
      188, 187, 189, -1,
      188, 189, 190, -1,
      190, 189, 191, -1,
      190, 191, 192, -1,
      192, 191, 193, -1,
      192, 193, 194, -1,
      194, 193, 195, -1,
      194, 195, 196, -1,
      196, 195, 197, -1,
      196, 197, 170, -1,
      170, 197, 198, -1,
      170, 198, 171, -1,
      45, 199, 33, -1,
      33, 199, 168, -1,
      33, 168, 32, -1,
      45, 200, 199, -1,
      199, 200, 201, -1,
      199, 201, 202, -1,
      202, 201, 203, -1,
      202, 203, 204, -1,
      204, 203, 205, -1,
      204, 205, 206, -1,
      206, 205, 207, -1,
      206, 207, 208, -1,
      208, 207, 209, -1,
      208, 209, 210, -1,
      210, 209, 211, -1,
      210, 211, 212, -1,
      212, 211, 213, -1,
      212, 213, 214, -1,
      214, 213, 215, -1,
      214, 215, 216, -1,
      216, 215, 217, -1,
      216, 217, 218, -1,
      218, 217, 219, -1,
      218, 219, 220, -1,
      220, 219, 221, -1,
      220, 221, 222, -1,
      222, 221, 223, -1,
      222, 223, 224, -1,
      224, 223, 225, -1,
      224, 225, 226, -1,
      226, 225, 227, -1,
      172, 174, 226, -1,
      226, 174, 224, -1,
      173, 172, 227, -1,
      227, 172, 226, -1,
      175, 173, 225, -1,
      225, 173, 227, -1,
      175, 225, 223, -1,
      175, 223, 177, -1,
      177, 223, 221, -1,
      177, 221, 179, -1,
      179, 221, 219, -1,
      179, 219, 181, -1,
      181, 219, 217, -1,
      181, 217, 183, -1,
      183, 217, 215, -1,
      183, 215, 185, -1,
      185, 215, 213, -1,
      185, 213, 187, -1,
      189, 187, 211, -1,
      211, 187, 213, -1,
      189, 211, 191, -1,
      191, 211, 209, -1,
      191, 209, 193, -1,
      193, 209, 207, -1,
      193, 207, 195, -1,
      195, 207, 205, -1,
      195, 205, 197, -1,
      197, 205, 203, -1,
      197, 203, 198, -1,
      198, 203, 201, -1,
      198, 201, 171, -1,
      171, 201, 200, -1,
      44, 171, 45, -1,
      45, 171, 200, -1,
      169, 168, 199, -1,
      169, 199, 170, -1,
      170, 199, 202, -1,
      170, 202, 196, -1,
      196, 202, 204, -1,
      196, 204, 194, -1,
      194, 204, 206, -1,
      194, 206, 192, -1,
      192, 206, 208, -1,
      192, 208, 190, -1,
      190, 208, 210, -1,
      190, 210, 188, -1,
      186, 188, 212, -1,
      212, 188, 210, -1,
      186, 212, 184, -1,
      184, 212, 214, -1,
      184, 214, 182, -1,
      182, 214, 216, -1,
      182, 216, 180, -1,
      180, 216, 218, -1,
      180, 218, 178, -1,
      178, 218, 220, -1,
      178, 220, 176, -1,
      176, 220, 222, -1,
      176, 222, 174, -1,
      174, 222, 224, -1,
      30, 228, 31, -1,
      31, 228, 229, -1,
      34, 31, 229, -1,
      229, 230, 34, -1,
      34, 230, 231, -1,
      34, 231, 46, -1,
      232, 233, 234, -1,
      234, 233, 235, -1,
      234, 235, 236, -1,
      236, 235, 237, -1,
      236, 237, 238, -1,
      238, 237, 239, -1,
      238, 239, 240, -1,
      240, 239, 241, -1,
      240, 241, 242, -1,
      242, 241, 243, -1,
      242, 243, 244, -1,
      244, 243, 245, -1,
      244, 245, 246, -1,
      246, 245, 247, -1,
      246, 247, 248, -1,
      248, 247, 249, -1,
      248, 249, 250, -1,
      250, 249, 251, -1,
      250, 251, 252, -1,
      252, 251, 253, -1,
      252, 253, 254, -1,
      254, 253, 255, -1,
      254, 255, 256, -1,
      256, 255, 257, -1,
      256, 257, 230, -1,
      230, 257, 258, -1,
      230, 258, 231, -1,
      47, 259, 26, -1,
      26, 259, 228, -1,
      26, 228, 30, -1,
      47, 260, 259, -1,
      259, 260, 261, -1,
      259, 261, 262, -1,
      262, 261, 263, -1,
      262, 263, 264, -1,
      264, 263, 265, -1,
      264, 265, 266, -1,
      266, 265, 267, -1,
      266, 267, 268, -1,
      268, 267, 269, -1,
      268, 269, 270, -1,
      270, 269, 271, -1,
      270, 271, 272, -1,
      272, 271, 273, -1,
      272, 273, 274, -1,
      274, 273, 275, -1,
      274, 275, 276, -1,
      276, 275, 277, -1,
      276, 277, 278, -1,
      278, 277, 279, -1,
      278, 279, 280, -1,
      280, 279, 281, -1,
      280, 281, 282, -1,
      282, 281, 283, -1,
      282, 283, 284, -1,
      284, 283, 285, -1,
      284, 285, 286, -1,
      286, 285, 287, -1,
      232, 234, 286, -1,
      286, 234, 284, -1,
      233, 232, 287, -1,
      287, 232, 286, -1,
      235, 233, 285, -1,
      285, 233, 287, -1,
      235, 285, 283, -1,
      235, 283, 237, -1,
      237, 283, 281, -1,
      237, 281, 239, -1,
      239, 281, 279, -1,
      239, 279, 241, -1,
      241, 279, 277, -1,
      241, 277, 243, -1,
      243, 277, 275, -1,
      243, 275, 245, -1,
      245, 275, 273, -1,
      245, 273, 247, -1,
      249, 247, 271, -1,
      271, 247, 273, -1,
      249, 271, 251, -1,
      251, 271, 269, -1,
      251, 269, 253, -1,
      253, 269, 267, -1,
      253, 267, 255, -1,
      255, 267, 265, -1,
      255, 265, 257, -1,
      257, 265, 263, -1,
      257, 263, 258, -1,
      258, 263, 261, -1,
      258, 261, 231, -1,
      231, 261, 260, -1,
      46, 231, 47, -1,
      47, 231, 260, -1,
      229, 228, 259, -1,
      229, 259, 230, -1,
      230, 259, 262, -1,
      230, 262, 256, -1,
      256, 262, 264, -1,
      256, 264, 254, -1,
      254, 264, 266, -1,
      254, 266, 252, -1,
      252, 266, 268, -1,
      252, 268, 250, -1,
      250, 268, 270, -1,
      250, 270, 248, -1,
      246, 248, 272, -1,
      272, 248, 270, -1,
      246, 272, 244, -1,
      244, 272, 274, -1,
      244, 274, 242, -1,
      242, 274, 276, -1,
      242, 276, 240, -1,
      240, 276, 278, -1,
      240, 278, 238, -1,
      238, 278, 280, -1,
      238, 280, 236, -1,
      236, 280, 282, -1,
      236, 282, 234, -1,
      234, 282, 284, -1,
      288, 289, 14, -1,
      14, 289, 9, -1,
      18, 290, 2, -1,
      2, 290, 288, -1,
      2, 288, 14, -1,
      18, 291, 290, -1,
      290, 291, 292, -1,
      290, 292, 293, -1,
      293, 292, 294, -1,
      293, 294, 295, -1,
      295, 294, 296, -1,
      295, 296, 297, -1,
      297, 296, 298, -1,
      297, 298, 299, -1,
      299, 298, 300, -1,
      299, 300, 301, -1,
      301, 300, 302, -1,
      301, 302, 303, -1,
      303, 302, 304, -1,
      303, 304, 305, -1,
      305, 304, 306, -1,
      305, 306, 307, -1,
      307, 306, 308, -1,
      307, 308, 309, -1,
      309, 308, 310, -1,
      309, 310, 311, -1,
      311, 310, 312, -1,
      311, 312, 313, -1,
      313, 312, 314, -1,
      313, 314, 315, -1,
      315, 314, 316, -1,
      315, 316, 317, -1,
      317, 316, 318, -1,
      7, 9, 289, -1,
      289, 319, 7, -1,
      7, 319, 320, -1,
      7, 320, 17, -1,
      321, 322, 323, -1,
      323, 322, 324, -1,
      323, 324, 325, -1,
      325, 324, 326, -1,
      325, 326, 327, -1,
      327, 326, 328, -1,
      327, 328, 329, -1,
      329, 328, 330, -1,
      329, 330, 331, -1,
      331, 330, 332, -1,
      331, 332, 333, -1,
      333, 332, 334, -1,
      333, 334, 335, -1,
      335, 334, 336, -1,
      335, 336, 337, -1,
      337, 336, 338, -1,
      337, 338, 339, -1,
      339, 338, 340, -1,
      339, 340, 341, -1,
      341, 340, 342, -1,
      341, 342, 343, -1,
      343, 342, 344, -1,
      343, 344, 345, -1,
      345, 344, 346, -1,
      345, 346, 319, -1,
      319, 346, 347, -1,
      319, 347, 320, -1,
      315, 317, 323, -1,
      323, 317, 321, -1,
      315, 323, 313, -1,
      313, 323, 325, -1,
      313, 325, 311, -1,
      311, 325, 327, -1,
      311, 327, 309, -1,
      309, 327, 329, -1,
      309, 329, 307, -1,
      307, 329, 331, -1,
      307, 331, 305, -1,
      305, 331, 333, -1,
      305, 333, 303, -1,
      303, 333, 335, -1,
      301, 303, 337, -1,
      337, 303, 335, -1,
      301, 337, 339, -1,
      301, 339, 299, -1,
      299, 339, 341, -1,
      299, 341, 297, -1,
      297, 341, 343, -1,
      297, 343, 295, -1,
      295, 343, 345, -1,
      295, 345, 293, -1,
      293, 345, 319, -1,
      293, 319, 290, -1,
      290, 319, 289, -1,
      290, 289, 288, -1,
      320, 291, 17, -1,
      17, 291, 18, -1,
      291, 320, 292, -1,
      292, 320, 347, -1,
      292, 347, 294, -1,
      294, 347, 346, -1,
      294, 346, 296, -1,
      296, 346, 344, -1,
      296, 344, 298, -1,
      298, 344, 342, -1,
      298, 342, 300, -1,
      300, 342, 340, -1,
      300, 340, 302, -1,
      302, 340, 338, -1,
      304, 302, 336, -1,
      336, 302, 338, -1,
      304, 336, 334, -1,
      304, 334, 306, -1,
      306, 334, 332, -1,
      306, 332, 308, -1,
      308, 332, 330, -1,
      308, 330, 310, -1,
      310, 330, 328, -1,
      310, 328, 312, -1,
      312, 328, 326, -1,
      312, 326, 314, -1,
      314, 326, 324, -1,
      314, 324, 316, -1,
      318, 316, 322, -1,
      322, 316, 324, -1,
      317, 318, 321, -1,
      321, 318, 322, -1,
      348, 349, 15, -1,
      15, 349, 0, -1,
      22, 350, 3, -1,
      3, 350, 348, -1,
      3, 348, 15, -1,
      22, 351, 350, -1,
      350, 351, 352, -1,
      350, 352, 353, -1,
      353, 352, 354, -1,
      353, 354, 355, -1,
      355, 354, 356, -1,
      355, 356, 357, -1,
      357, 356, 358, -1,
      357, 358, 359, -1,
      359, 358, 360, -1,
      359, 360, 361, -1,
      361, 360, 362, -1,
      361, 362, 363, -1,
      363, 362, 364, -1,
      363, 364, 365, -1,
      365, 364, 366, -1,
      365, 366, 367, -1,
      367, 366, 368, -1,
      367, 368, 369, -1,
      369, 368, 370, -1,
      369, 370, 371, -1,
      371, 370, 372, -1,
      371, 372, 373, -1,
      373, 372, 374, -1,
      373, 374, 375, -1,
      375, 374, 376, -1,
      375, 376, 377, -1,
      377, 376, 378, -1,
      1, 0, 349, -1,
      349, 379, 1, -1,
      1, 379, 380, -1,
      1, 380, 23, -1,
      381, 382, 383, -1,
      383, 382, 384, -1,
      383, 384, 385, -1,
      385, 384, 386, -1,
      385, 386, 387, -1,
      387, 386, 388, -1,
      387, 388, 389, -1,
      389, 388, 390, -1,
      389, 390, 391, -1,
      391, 390, 392, -1,
      391, 392, 393, -1,
      393, 392, 394, -1,
      393, 394, 395, -1,
      395, 394, 396, -1,
      395, 396, 397, -1,
      397, 396, 398, -1,
      397, 398, 399, -1,
      399, 398, 400, -1,
      399, 400, 401, -1,
      401, 400, 402, -1,
      401, 402, 403, -1,
      403, 402, 404, -1,
      403, 404, 405, -1,
      405, 404, 406, -1,
      405, 406, 379, -1,
      379, 406, 407, -1,
      379, 407, 380, -1,
      375, 377, 383, -1,
      383, 377, 381, -1,
      375, 383, 373, -1,
      373, 383, 385, -1,
      373, 385, 371, -1,
      371, 385, 387, -1,
      371, 387, 369, -1,
      369, 387, 389, -1,
      369, 389, 367, -1,
      367, 389, 391, -1,
      367, 391, 365, -1,
      365, 391, 393, -1,
      365, 393, 363, -1,
      363, 393, 395, -1,
      361, 363, 397, -1,
      397, 363, 395, -1,
      361, 397, 399, -1,
      361, 399, 359, -1,
      359, 399, 401, -1,
      359, 401, 357, -1,
      357, 401, 403, -1,
      357, 403, 355, -1,
      355, 403, 405, -1,
      355, 405, 353, -1,
      353, 405, 379, -1,
      353, 379, 350, -1,
      350, 379, 349, -1,
      350, 349, 348, -1,
      380, 351, 23, -1,
      23, 351, 22, -1,
      351, 380, 352, -1,
      352, 380, 407, -1,
      352, 407, 354, -1,
      354, 407, 406, -1,
      354, 406, 356, -1,
      356, 406, 404, -1,
      356, 404, 358, -1,
      358, 404, 402, -1,
      358, 402, 360, -1,
      360, 402, 400, -1,
      360, 400, 362, -1,
      362, 400, 398, -1,
      364, 362, 396, -1,
      396, 362, 398, -1,
      364, 396, 394, -1,
      364, 394, 366, -1,
      366, 394, 392, -1,
      366, 392, 368, -1,
      368, 392, 390, -1,
      368, 390, 370, -1,
      370, 390, 388, -1,
      370, 388, 372, -1,
      372, 388, 386, -1,
      372, 386, 374, -1,
      374, 386, 384, -1,
      374, 384, 376, -1,
      378, 376, 382, -1,
      382, 376, 384, -1,
      377, 378, 381, -1,
      381, 378, 382, -1,
      408, 409, 10, -1,
      10, 409, 4, -1,
      16, 410, 8, -1,
      8, 410, 408, -1,
      8, 408, 10, -1,
      16, 411, 410, -1,
      410, 411, 412, -1,
      410, 412, 413, -1,
      413, 412, 414, -1,
      413, 414, 415, -1,
      415, 414, 416, -1,
      415, 416, 417, -1,
      417, 416, 418, -1,
      417, 418, 419, -1,
      419, 418, 420, -1,
      419, 420, 421, -1,
      421, 420, 422, -1,
      421, 422, 423, -1,
      423, 422, 424, -1,
      423, 424, 425, -1,
      425, 424, 426, -1,
      425, 426, 427, -1,
      427, 426, 428, -1,
      427, 428, 429, -1,
      429, 428, 430, -1,
      429, 430, 431, -1,
      431, 430, 432, -1,
      431, 432, 433, -1,
      433, 432, 434, -1,
      433, 434, 435, -1,
      435, 434, 436, -1,
      435, 436, 437, -1,
      437, 436, 438, -1,
      5, 4, 409, -1,
      409, 439, 5, -1,
      5, 439, 440, -1,
      5, 440, 21, -1,
      441, 442, 443, -1,
      443, 442, 444, -1,
      443, 444, 445, -1,
      445, 444, 446, -1,
      445, 446, 447, -1,
      447, 446, 448, -1,
      447, 448, 449, -1,
      449, 448, 450, -1,
      449, 450, 451, -1,
      451, 450, 452, -1,
      451, 452, 453, -1,
      453, 452, 454, -1,
      453, 454, 455, -1,
      455, 454, 456, -1,
      455, 456, 457, -1,
      457, 456, 458, -1,
      457, 458, 459, -1,
      459, 458, 460, -1,
      459, 460, 461, -1,
      461, 460, 462, -1,
      461, 462, 463, -1,
      463, 462, 464, -1,
      463, 464, 465, -1,
      465, 464, 466, -1,
      465, 466, 439, -1,
      439, 466, 467, -1,
      439, 467, 440, -1,
      435, 437, 443, -1,
      443, 437, 441, -1,
      435, 443, 433, -1,
      433, 443, 445, -1,
      433, 445, 431, -1,
      431, 445, 447, -1,
      431, 447, 429, -1,
      429, 447, 449, -1,
      429, 449, 427, -1,
      427, 449, 451, -1,
      427, 451, 425, -1,
      425, 451, 453, -1,
      425, 453, 423, -1,
      423, 453, 455, -1,
      421, 423, 457, -1,
      457, 423, 455, -1,
      421, 457, 459, -1,
      421, 459, 419, -1,
      419, 459, 461, -1,
      419, 461, 417, -1,
      417, 461, 463, -1,
      417, 463, 415, -1,
      415, 463, 465, -1,
      415, 465, 413, -1,
      413, 465, 439, -1,
      413, 439, 410, -1,
      410, 439, 409, -1,
      410, 409, 408, -1,
      440, 411, 21, -1,
      21, 411, 16, -1,
      411, 440, 412, -1,
      412, 440, 467, -1,
      412, 467, 414, -1,
      414, 467, 466, -1,
      414, 466, 416, -1,
      416, 466, 464, -1,
      416, 464, 418, -1,
      418, 464, 462, -1,
      418, 462, 420, -1,
      420, 462, 460, -1,
      420, 460, 422, -1,
      422, 460, 458, -1,
      424, 422, 456, -1,
      456, 422, 458, -1,
      424, 456, 454, -1,
      424, 454, 426, -1,
      426, 454, 452, -1,
      426, 452, 428, -1,
      428, 452, 450, -1,
      428, 450, 430, -1,
      430, 450, 448, -1,
      430, 448, 432, -1,
      432, 448, 446, -1,
      432, 446, 434, -1,
      434, 446, 444, -1,
      434, 444, 436, -1,
      438, 436, 442, -1,
      442, 436, 444, -1,
      437, 438, 441, -1,
      441, 438, 442, -1,
      468, 469, 13, -1,
      13, 469, 12, -1,
      20, 470, 6, -1,
      6, 470, 468, -1,
      6, 468, 13, -1,
      20, 471, 470, -1,
      470, 471, 472, -1,
      470, 472, 473, -1,
      473, 472, 474, -1,
      473, 474, 475, -1,
      475, 474, 476, -1,
      475, 476, 477, -1,
      477, 476, 478, -1,
      477, 478, 479, -1,
      479, 478, 480, -1,
      479, 480, 481, -1,
      481, 480, 482, -1,
      481, 482, 483, -1,
      483, 482, 484, -1,
      483, 484, 485, -1,
      485, 484, 486, -1,
      485, 486, 487, -1,
      487, 486, 488, -1,
      487, 488, 489, -1,
      489, 488, 490, -1,
      489, 490, 491, -1,
      491, 490, 492, -1,
      491, 492, 493, -1,
      493, 492, 494, -1,
      493, 494, 495, -1,
      495, 494, 496, -1,
      495, 496, 497, -1,
      497, 496, 498, -1,
      11, 12, 469, -1,
      469, 499, 11, -1,
      11, 499, 500, -1,
      11, 500, 19, -1,
      501, 502, 503, -1,
      503, 502, 504, -1,
      503, 504, 505, -1,
      505, 504, 506, -1,
      505, 506, 507, -1,
      507, 506, 508, -1,
      507, 508, 509, -1,
      509, 508, 510, -1,
      509, 510, 511, -1,
      511, 510, 512, -1,
      511, 512, 513, -1,
      513, 512, 514, -1,
      513, 514, 515, -1,
      515, 514, 516, -1,
      515, 516, 517, -1,
      517, 516, 518, -1,
      517, 518, 519, -1,
      519, 518, 520, -1,
      519, 520, 521, -1,
      521, 520, 522, -1,
      521, 522, 523, -1,
      523, 522, 524, -1,
      523, 524, 525, -1,
      525, 524, 526, -1,
      525, 526, 499, -1,
      499, 526, 527, -1,
      499, 527, 500, -1,
      495, 497, 503, -1,
      503, 497, 501, -1,
      495, 503, 493, -1,
      493, 503, 505, -1,
      493, 505, 491, -1,
      491, 505, 507, -1,
      491, 507, 489, -1,
      489, 507, 509, -1,
      489, 509, 487, -1,
      487, 509, 511, -1,
      487, 511, 485, -1,
      485, 511, 513, -1,
      485, 513, 483, -1,
      483, 513, 515, -1,
      481, 483, 517, -1,
      517, 483, 515, -1,
      481, 517, 519, -1,
      481, 519, 479, -1,
      479, 519, 521, -1,
      479, 521, 477, -1,
      477, 521, 523, -1,
      477, 523, 475, -1,
      475, 523, 525, -1,
      475, 525, 473, -1,
      473, 525, 499, -1,
      473, 499, 470, -1,
      470, 499, 469, -1,
      470, 469, 468, -1,
      500, 471, 19, -1,
      19, 471, 20, -1,
      471, 500, 472, -1,
      472, 500, 527, -1,
      472, 527, 474, -1,
      474, 527, 526, -1,
      474, 526, 476, -1,
      476, 526, 524, -1,
      476, 524, 478, -1,
      478, 524, 522, -1,
      478, 522, 480, -1,
      480, 522, 520, -1,
      480, 520, 482, -1,
      482, 520, 518, -1,
      484, 482, 516, -1,
      516, 482, 518, -1,
      484, 516, 514, -1,
      484, 514, 486, -1,
      486, 514, 512, -1,
      486, 512, 488, -1,
      488, 512, 510, -1,
      488, 510, 490, -1,
      490, 510, 508, -1,
      490, 508, 492, -1,
      492, 508, 506, -1,
      492, 506, 494, -1,
      494, 506, 504, -1,
      494, 504, 496, -1,
      498, 496, 502, -1,
      502, 496, 504, -1,
      497, 498, 501, -1,
      501, 498, 502, -1,
    ]
  }
}

Shape {
  appearance Appearance {
    material Material {
      diffuseColor 0.7529 0.7529 0.7529
      specularColor 0.3765 0.3765 0.3765
      ambientIntensity 0.2
      transparency 0.0000
      shininess 0.5
    }
  }
  geometry IndexedFaceSet {
    ccw TRUE
    solid FALSE
    coord DEF co Coordinate {
      point [
        -0.402202 -0.314520 -0.196850,
        -0.398269 -0.324016 -0.196850,
        -0.392012 -0.332170 -0.196850,
        -0.383858 -0.338426 -0.196850,
        -0.374363 0.342359 -0.196850,
        -0.383858 0.338426 -0.196850,
        -0.392012 0.332170 -0.196850,
        -0.398269 0.324016 -0.196850,
        -0.402202 0.314520 -0.196850,
        -0.403543 0.304331 -0.196850,
        -0.403543 -0.304331 -0.196850,
        0.374363 -0.342359 -0.196850,
        0.383858 -0.338426 -0.196850,
        0.392012 -0.332170 -0.196850,
        0.398269 -0.324016 -0.196850,
        0.402202 0.314520 -0.196850,
        0.398269 0.324016 -0.196850,
        0.392012 0.332170 -0.196850,
        0.383858 0.338426 -0.196850,
        0.374363 0.342359 -0.196850,
        0.364173 0.343701 -0.196850,
        -0.364173 0.343701 -0.196850,
        -0.374363 -0.342359 -0.196850,
        -0.364173 -0.343701 -0.196850,
        0.364173 -0.343701 -0.196850,
        0.402202 -0.314520 -0.196850,
        0.403543 -0.304331 -0.196850,
        0.403543 0.304331 -0.196850,
        -0.403543 0.304331 -0.236220,
        -0.403543 -0.304331 -0.236220,
        0.364173 0.343701 -0.236220,
        -0.364173 0.343701 -0.236220,
        0.403543 -0.304331 -0.236220,
        0.403543 0.304331 -0.236220,
        0.364173 -0.343701 -0.236220,
        -0.364173 -0.343701 -0.236220,
        -0.402202 -0.314520 -0.236220,
        -0.374363 -0.342359 -0.236220,
        -0.383858 -0.338426 -0.236220,
        -0.392012 -0.332170 -0.236220,
        0.402202 -0.314520 -0.236220,
        0.398269 -0.324016 -0.236220,
        0.392012 -0.332170 -0.236220,
        0.374363 0.342359 -0.236220,
        0.383858 0.338426 -0.236220,
        -0.398269 -0.324016 -0.236220,
        0.374363 -0.342359 -0.236220,
        -0.402202 0.314520 -0.236220,
        -0.398269 0.324016 -0.236220,
        0.392012 0.332170 -0.236220,
        0.398269 0.324016 -0.236220,
        0.402202 0.314520 -0.236220,
        0.383858 -0.338426 -0.236220,
        -0.392012 0.332170 -0.236220,
        -0.383858 0.338426 -0.236220,
        -0.374363 0.342359 -0.236220,
      ]
    }
    coordIndex [
      28, 29, 9, -1,
      9, 29, 10, -1,
      30, 31, 20, -1,
      20, 31, 21, -1,
      32, 33, 26, -1,
      26, 33, 27, -1,
      24, 23, 34, -1,
      34, 23, 35, -1,
      36, 29, 35, -1,
      35, 29, 34, -1,
      37, 38, 39, -1,
      40, 41, 42, -1,
      31, 30, 33, -1,
      33, 30, 43, -1,
      33, 43, 44, -1,
      37, 39, 35, -1,
      35, 39, 45, -1,
      35, 45, 36, -1,
      46, 34, 32, -1,
      32, 34, 29, -1,
      32, 29, 33, -1,
      33, 29, 28, -1,
      33, 28, 31, -1,
      31, 28, 47, -1,
      31, 47, 48, -1,
      49, 50, 44, -1,
      44, 50, 51, -1,
      44, 51, 33, -1,
      40, 42, 32, -1,
      32, 42, 52, -1,
      32, 52, 46, -1,
      53, 54, 48, -1,
      48, 54, 55, -1,
      48, 55, 31, -1,
      32, 26, 25, -1,
      32, 25, 40, -1,
      40, 25, 14, -1,
      40, 14, 41, -1,
      41, 14, 13, -1,
      41, 13, 42, -1,
      42, 13, 12, -1,
      42, 12, 52, -1,
      52, 12, 11, -1,
      52, 11, 46, -1,
      46, 11, 24, -1,
      46, 24, 34, -1,
      30, 20, 19, -1,
      30, 19, 43, -1,
      43, 19, 18, -1,
      43, 18, 44, -1,
      44, 18, 17, -1,
      44, 17, 49, -1,
      49, 17, 16, -1,
      49, 16, 50, -1,
      50, 16, 15, -1,
      50, 15, 51, -1,
      51, 15, 27, -1,
      51, 27, 33, -1,
      28, 9, 8, -1,
      28, 8, 47, -1,
      47, 8, 7, -1,
      47, 7, 48, -1,
      48, 7, 6, -1,
      48, 6, 53, -1,
      53, 6, 5, -1,
      53, 5, 54, -1,
      54, 5, 4, -1,
      54, 4, 55, -1,
      55, 4, 21, -1,
      55, 21, 31, -1,
      35, 23, 22, -1,
      35, 22, 37, -1,
      37, 22, 3, -1,
      37, 3, 38, -1,
      38, 3, 2, -1,
      38, 2, 39, -1,
      39, 2, 1, -1,
      39, 1, 45, -1,
      45, 1, 0, -1,
      45, 0, 36, -1,
      36, 0, 10, -1,
      36, 10, 29, -1,
    ]
  }
}

Shape {
  appearance Appearance {
    material Material {
      diffuseColor 1.0000 1.0000 1.0000
      specularColor 0.5020 0.5020 0.5020
      ambientIntensity 0.2
      transparency 0.0000
      shininess 0.5
    }
  }
  geometry IndexedFaceSet {
    ccw TRUE
    solid FALSE
    coord DEF co Coordinate {
      point [
        -0.302729 0.483830 0.196850,
        -0.302729 0.450987 0.196850,
        -0.287965 0.450987 0.196850,
        -0.272828 0.483806 0.196850,
        -0.270057 0.484142 0.196850,
        -0.263307 0.446675 0.196850,
        -0.265686 0.446448 0.196850,
        -0.236479 0.463457 0.196850,
        -0.246491 0.463457 0.196850,
        -0.236479 0.450987 0.196850,
        -0.246491 0.450987 0.196850,
        -0.232182 0.483830 0.196850,
        -0.236479 0.483830 0.196850,
        -0.232182 0.479565 0.196850,
        -0.231339 0.450987 0.196850,
        -0.231339 0.446761 0.196850,
        -0.233234 0.463457 0.196850,
        -0.233234 0.467702 0.196850,
        -0.236479 0.467702 0.196850,
        -0.236479 0.479565 0.196850,
        -0.246491 0.479565 0.196850,
        -0.246491 0.467702 0.196850,
        -0.251276 0.483830 0.196850,
        -0.251276 0.446761 0.196850,
        -0.258695 0.482939 0.196850,
        -0.262625 0.484074 0.196850,
        -0.263500 0.484142 0.196850,
        -0.236479 0.446761 0.196850,
        -0.258695 0.477935 0.196850,
        -0.259328 0.447981 0.196850,
        -0.267431 0.480134 0.196850,
        -0.269148 0.480051 0.196850,
        -0.271541 0.450740 0.196850,
        -0.268266 0.450399 0.196850,
        -0.266543 0.450463 0.196850,
        -0.259108 0.478158 0.196850,
        -0.262349 0.451242 0.196850,
        -0.258695 0.452882 0.196850,
        -0.258695 0.448296 0.196850,
        -0.262868 0.479589 0.196850,
        -0.272334 0.479376 0.196850,
        -0.275221 0.477968 0.196850,
        -0.277533 0.476022 0.196850,
        -0.276765 0.453322 0.196850,
        -0.281370 0.463244 0.196850,
        -0.277789 0.454303 0.196850,
        -0.280735 0.459596 0.196850,
        -0.279501 0.456643 0.196850,
        -0.277790 0.475740 0.196850,
        -0.279580 0.473162 0.196850,
        -0.280820 0.469958 0.196850,
        -0.281427 0.464878 0.196850,
        -0.274262 0.451679 0.196850,
        -0.283783 0.475487 0.196850,
        -0.281096 0.478997 0.196850,
        -0.280174 0.479876 0.196850,
        -0.276704 0.482305 0.196850,
        -0.285543 0.471369 0.196850,
        -0.284791 0.473128 0.196850,
        -0.284791 0.456182 0.196850,
        -0.285722 0.458573 0.196850,
        -0.286450 0.464594 0.196850,
        -0.286384 0.466530 0.196850,
        -0.275777 0.447265 0.196850,
        -0.279199 0.449042 0.196850,
        -0.281693 0.451195 0.196850,
        -0.282005 0.451536 0.196850,
        -0.284215 0.454702 0.196850,
        -0.272407 0.446448 0.196850,
        -0.271871 0.446318 0.196850,
        -0.268957 0.446135 0.196850,
        -0.195167 0.459065 0.196850,
        -0.196993 0.455231 0.196850,
        -0.207356 0.482932 0.196850,
        -0.203627 0.481570 0.196850,
        -0.207356 0.447719 0.196850,
        -0.203631 0.449170 0.196850,
        -0.199747 0.451953 0.196850,
        -0.199747 0.478921 0.196850,
        -0.198433 0.477635 0.196850,
        -0.196140 0.474402 0.196850,
        -0.194770 0.470864 0.196850,
        -0.194156 0.465769 0.196850,
        -0.194268 0.463404 0.196850,
        -0.213761 0.483830 0.196850,
        -0.208101 0.483204 0.196850,
        -0.207859 0.447523 0.196850,
        -0.214140 0.446761 0.196850,
        -0.224336 0.446761 0.196850,
        -0.224336 0.483830 0.196850,
        -0.267479 0.484455 0.196850,
        -0.307514 0.446761 0.196850,
        -0.307514 0.483830 0.196850,
        -0.287965 0.446761 0.196850,
        -0.287965 0.450987 0.200787,
        -0.287965 0.446761 0.200787,
        -0.302729 0.450987 0.200787,
        -0.302729 0.483830 0.200787,
        -0.307514 0.483830 0.200787,
        -0.307514 0.446761 0.200787,
        -0.268957 0.446135 0.200787,
        -0.263307 0.446675 0.200787,
        -0.259328 0.447981 0.200787,
        -0.258695 0.448296 0.200787,
        -0.258695 0.452882 0.200787,
        -0.262349 0.451242 0.200787,
        -0.266543 0.450463 0.200787,
        -0.268266 0.450399 0.200787,
        -0.271541 0.450740 0.200787,
        -0.274262 0.451679 0.200787,
        -0.276765 0.453322 0.200787,
        -0.277789 0.454303 0.200787,
        -0.279501 0.456643 0.200787,
        -0.280735 0.459596 0.200787,
        -0.281370 0.463244 0.200787,
        -0.281427 0.464878 0.200787,
        -0.280820 0.469958 0.200787,
        -0.279580 0.473162 0.200787,
        -0.277790 0.475740 0.200787,
        -0.277533 0.476022 0.200787,
        -0.275221 0.477968 0.200787,
        -0.272334 0.479376 0.200787,
        -0.269148 0.480051 0.200787,
        -0.267431 0.480134 0.200787,
        -0.262868 0.479589 0.200787,
        -0.259108 0.478158 0.200787,
        -0.258695 0.477935 0.200787,
        -0.258695 0.482939 0.200787,
        -0.267479 0.484455 0.200787,
        -0.262625 0.484074 0.200787,
        -0.272828 0.483806 0.200787,
        -0.276704 0.482305 0.200787,
        -0.280174 0.479876 0.200787,
        -0.281096 0.478997 0.200787,
        -0.283783 0.475487 0.200787,
        -0.285543 0.471369 0.200787,
        -0.286384 0.466530 0.200787,
        -0.286450 0.464594 0.200787,
        -0.285722 0.458573 0.200787,
        -0.284215 0.454702 0.200787,
        -0.282005 0.451536 0.200787,
        -0.281693 0.451195 0.200787,
        -0.271871 0.446318 0.200787,
        -0.279199 0.449042 0.200787,
        -0.275777 0.447265 0.200787,
        -0.231339 0.450987 0.200787,
        -0.231339 0.446761 0.200787,
        -0.246491 0.450987 0.200787,
        -0.246491 0.463457 0.200787,
        -0.233234 0.463457 0.200787,
        -0.233234 0.467702 0.200787,
        -0.246491 0.467702 0.200787,
        -0.246491 0.479565 0.200787,
        -0.232182 0.479565 0.200787,
        -0.232182 0.483830 0.200787,
        -0.251276 0.483830 0.200787,
        -0.251276 0.446761 0.200787,
        -0.199747 0.451953 0.200787,
        -0.203590 0.454442 0.200787,
        -0.203631 0.449170 0.200787,
        -0.205983 0.452782 0.200787,
        -0.207859 0.447523 0.200787,
        -0.209047 0.451596 0.200787,
        -0.214140 0.446761 0.200787,
        -0.214169 0.450987 0.200787,
        -0.224336 0.446761 0.200787,
        -0.219551 0.450987 0.200787,
        -0.224336 0.483830 0.200787,
        -0.219551 0.479565 0.200787,
        -0.213761 0.483830 0.200787,
        -0.213951 0.479565 0.200787,
        -0.213639 0.479563 0.200787,
        -0.208101 0.483204 0.200787,
        -0.208873 0.478962 0.200787,
        -0.203627 0.481570 0.200787,
        -0.205710 0.477749 0.200787,
        -0.199747 0.478921 0.200787,
        -0.203253 0.476078 0.200787,
        -0.198433 0.477635 0.200787,
        -0.202211 0.475051 0.200787,
        -0.196140 0.474402 0.200787,
        -0.200776 0.472970 0.200787,
        -0.194770 0.470864 0.200787,
        -0.199733 0.470260 0.200787,
        -0.194156 0.465769 0.200787,
        -0.199188 0.465636 0.200787,
        -0.194268 0.463404 0.200787,
        -0.199327 0.463139 0.200787,
        -0.195167 0.459065 0.200787,
        -0.200068 0.459777 0.200787,
        -0.196993 0.455231 0.200787,
        -0.201365 0.457044 0.200787,
        -0.203148 0.454853 0.200787,
        -0.213951 0.479565 0.196850,
        -0.219551 0.479565 0.196850,
        -0.219551 0.450987 0.196850,
        -0.214169 0.450987 0.196850,
        -0.203148 0.454853 0.196850,
        -0.203590 0.454442 0.196850,
        -0.205983 0.452782 0.196850,
        -0.209047 0.451596 0.196850,
        -0.199188 0.465636 0.196850,
        -0.199327 0.463139 0.196850,
        -0.200068 0.459777 0.196850,
        -0.201365 0.457044 0.196850,
        -0.203253 0.476078 0.196850,
        -0.202211 0.475051 0.196850,
        -0.200776 0.472970 0.196850,
        -0.199733 0.470260 0.196850,
        -0.213639 0.479563 0.196850,
        -0.208873 0.478962 0.196850,
        -0.205710 0.477749 0.196850,
      ]
    }
    coordIndex [
      94, 95, 2, -1,
      2, 95, 93, -1,
      96, 94, 1, -1,
      1, 94, 2, -1,
      97, 96, 0, -1,
      0, 96, 1, -1,
      98, 97, 92, -1,
      92, 97, 0, -1,
      99, 98, 91, -1,
      91, 98, 92, -1,
      95, 99, 93, -1,
      93, 99, 91, -1,
      97, 98, 96, -1,
      96, 98, 99, -1,
      96, 99, 94, -1,
      94, 99, 95, -1,
      100, 70, 101, -1,
      101, 70, 6, -1,
      6, 5, 101, -1,
      101, 5, 29, -1,
      101, 29, 102, -1,
      102, 29, 38, -1,
      102, 38, 103, -1,
      104, 103, 37, -1,
      37, 103, 38, -1,
      104, 37, 36, -1,
      104, 36, 105, -1,
      105, 36, 34, -1,
      105, 34, 106, -1,
      106, 34, 33, -1,
      106, 33, 107, -1,
      107, 33, 32, -1,
      107, 32, 108, -1,
      108, 32, 52, -1,
      108, 52, 109, -1,
      109, 52, 43, -1,
      109, 43, 110, -1,
      110, 43, 45, -1,
      110, 45, 111, -1,
      111, 45, 47, -1,
      111, 47, 112, -1,
      112, 47, 46, -1,
      112, 46, 113, -1,
      113, 46, 44, -1,
      113, 44, 114, -1,
      114, 44, 51, -1,
      114, 51, 115, -1,
      115, 51, 50, -1,
      115, 50, 116, -1,
      116, 50, 49, -1,
      116, 49, 117, -1,
      117, 49, 48, -1,
      117, 48, 118, -1,
      118, 48, 42, -1,
      118, 42, 119, -1,
      119, 42, 41, -1,
      119, 41, 120, -1,
      120, 41, 40, -1,
      120, 40, 121, -1,
      121, 40, 31, -1,
      121, 31, 122, -1,
      122, 31, 30, -1,
      122, 30, 123, -1,
      123, 30, 39, -1,
      123, 39, 124, -1,
      124, 39, 35, -1,
      124, 35, 125, -1,
      125, 35, 28, -1,
      125, 28, 126, -1,
      127, 126, 24, -1,
      24, 126, 28, -1,
      90, 128, 26, -1,
      26, 128, 129, -1,
      26, 129, 25, -1,
      25, 129, 127, -1,
      25, 127, 24, -1,
      128, 90, 4, -1,
      128, 4, 130, -1,
      4, 3, 130, -1,
      130, 3, 56, -1,
      130, 56, 131, -1,
      131, 56, 55, -1,
      131, 55, 132, -1,
      132, 55, 54, -1,
      132, 54, 133, -1,
      133, 54, 53, -1,
      133, 53, 134, -1,
      134, 53, 58, -1,
      134, 58, 135, -1,
      58, 57, 135, -1,
      135, 57, 62, -1,
      135, 62, 136, -1,
      136, 62, 61, -1,
      136, 61, 137, -1,
      137, 61, 60, -1,
      137, 60, 138, -1,
      138, 60, 59, -1,
      138, 59, 139, -1,
      59, 67, 139, -1,
      139, 67, 66, -1,
      139, 66, 140, -1,
      140, 66, 65, -1,
      140, 65, 141, -1,
      70, 100, 142, -1,
      141, 65, 64, -1,
      141, 64, 143, -1,
      143, 64, 63, -1,
      143, 63, 144, -1,
      144, 63, 68, -1,
      144, 68, 142, -1,
      142, 68, 69, -1,
      142, 69, 70, -1,
      116, 117, 134, -1,
      134, 117, 133, -1,
      137, 115, 136, -1,
      136, 115, 116, -1,
      136, 116, 135, -1,
      135, 116, 134, -1,
      117, 118, 133, -1,
      133, 118, 119, -1,
      133, 119, 132, -1,
      132, 119, 120, -1,
      132, 120, 131, -1,
      131, 120, 130, -1,
      130, 120, 121, -1,
      130, 121, 128, -1,
      103, 104, 102, -1,
      102, 104, 105, -1,
      102, 105, 101, -1,
      101, 105, 106, -1,
      101, 106, 100, -1,
      100, 106, 107, -1,
      100, 107, 142, -1,
      142, 107, 108, -1,
      142, 108, 144, -1,
      144, 108, 109, -1,
      144, 109, 143, -1,
      143, 109, 110, -1,
      143, 110, 141, -1,
      141, 110, 111, -1,
      141, 111, 140, -1,
      140, 111, 112, -1,
      140, 112, 139, -1,
      139, 112, 138, -1,
      138, 112, 113, -1,
      138, 113, 137, -1,
      137, 113, 114, -1,
      137, 114, 115, -1,
      121, 122, 128, -1,
      128, 122, 123, -1,
      128, 123, 129, -1,
      129, 123, 124, -1,
      129, 124, 127, -1,
      127, 124, 125, -1,
      127, 125, 126, -1,
      145, 146, 14, -1,
      14, 146, 15, -1,
      10, 147, 9, -1,
      9, 147, 145, -1,
      9, 145, 14, -1,
      148, 147, 8, -1,
      8, 147, 10, -1,
      148, 8, 149, -1,
      149, 8, 7, -1,
      149, 7, 16, -1,
      150, 149, 17, -1,
      17, 149, 16, -1,
      21, 151, 18, -1,
      18, 151, 150, -1,
      18, 150, 17, -1,
      152, 151, 20, -1,
      20, 151, 21, -1,
      152, 20, 153, -1,
      153, 20, 19, -1,
      153, 19, 13, -1,
      154, 153, 11, -1,
      11, 153, 13, -1,
      22, 155, 12, -1,
      12, 155, 154, -1,
      12, 154, 11, -1,
      156, 155, 23, -1,
      23, 155, 22, -1,
      156, 23, 146, -1,
      146, 23, 27, -1,
      146, 27, 15, -1,
      156, 146, 145, -1,
      145, 147, 156, -1,
      156, 147, 148, -1,
      156, 148, 155, -1,
      153, 154, 152, -1,
      152, 154, 155, -1,
      152, 155, 151, -1,
      151, 155, 148, -1,
      151, 148, 150, -1,
      150, 148, 149, -1,
      157, 158, 159, -1,
      159, 158, 160, -1,
      159, 160, 161, -1,
      161, 160, 162, -1,
      161, 162, 163, -1,
      163, 162, 164, -1,
      163, 164, 165, -1,
      165, 164, 166, -1,
      165, 166, 167, -1,
      167, 166, 168, -1,
      167, 168, 169, -1,
      168, 170, 169, -1,
      169, 170, 171, -1,
      169, 171, 172, -1,
      172, 171, 173, -1,
      172, 173, 174, -1,
      174, 173, 175, -1,
      174, 175, 176, -1,
      176, 175, 177, -1,
      176, 177, 178, -1,
      178, 177, 179, -1,
      178, 179, 180, -1,
      180, 179, 181, -1,
      180, 181, 182, -1,
      182, 181, 183, -1,
      182, 183, 184, -1,
      184, 183, 185, -1,
      184, 185, 186, -1,
      186, 185, 187, -1,
      186, 187, 188, -1,
      188, 187, 189, -1,
      188, 189, 190, -1,
      190, 189, 191, -1,
      190, 191, 157, -1,
      157, 191, 192, -1,
      157, 192, 158, -1,
      163, 165, 87, -1,
      87, 165, 88, -1,
      77, 157, 159, -1,
      163, 87, 86, -1,
      163, 86, 161, -1,
      161, 86, 75, -1,
      161, 75, 159, -1,
      159, 75, 76, -1,
      159, 76, 77, -1,
      157, 77, 72, -1,
      157, 72, 190, -1,
      190, 72, 71, -1,
      190, 71, 188, -1,
      188, 71, 83, -1,
      188, 83, 186, -1,
      186, 83, 82, -1,
      186, 82, 184, -1,
      184, 82, 81, -1,
      184, 81, 182, -1,
      182, 81, 80, -1,
      182, 80, 180, -1,
      180, 80, 79, -1,
      180, 79, 178, -1,
      178, 79, 78, -1,
      178, 78, 176, -1,
      84, 169, 172, -1,
      176, 78, 74, -1,
      176, 74, 174, -1,
      174, 74, 73, -1,
      174, 73, 172, -1,
      172, 73, 85, -1,
      172, 85, 84, -1,
      167, 169, 89, -1,
      89, 169, 84, -1,
      165, 167, 88, -1,
      88, 167, 89, -1,
      170, 168, 193, -1,
      193, 168, 194, -1,
      168, 166, 194, -1,
      194, 166, 195, -1,
      166, 164, 195, -1,
      195, 164, 196, -1,
      192, 197, 198, -1,
      192, 198, 158, -1,
      158, 198, 199, -1,
      158, 199, 160, -1,
      160, 199, 200, -1,
      160, 200, 162, -1,
      162, 200, 196, -1,
      162, 196, 164, -1,
      185, 201, 202, -1,
      185, 202, 187, -1,
      187, 202, 203, -1,
      187, 203, 189, -1,
      189, 203, 204, -1,
      189, 204, 191, -1,
      191, 204, 197, -1,
      191, 197, 192, -1,
      177, 205, 206, -1,
      177, 206, 179, -1,
      179, 206, 207, -1,
      179, 207, 181, -1,
      181, 207, 208, -1,
      181, 208, 183, -1,
      183, 208, 201, -1,
      183, 201, 185, -1,
      170, 193, 209, -1,
      170, 209, 171, -1,
      171, 209, 210, -1,
      171, 210, 173, -1,
      173, 210, 211, -1,
      173, 211, 175, -1,
      175, 211, 205, -1,
      175, 205, 177, -1,
    ]
  }
}

Shape {
  appearance Appearance {
    material Material {
      diffuseColor 0.2510 0.2510 0.2510
      specularColor 0.1255 0.1255 0.1255
      ambientIntensity 0.2
      transparency 0.0000
      shininess 0.5
    }
  }
  geometry IndexedFaceSet {
    ccw TRUE
    solid FALSE
    coord DEF co Coordinate {
      point [
        -0.213951 0.479565 0.196850,
        -0.219551 0.479565 0.196850,
        -0.219551 0.450987 0.196850,
        -0.214169 0.450987 0.196850,
        -0.203148 0.454853 0.196850,
        -0.203590 0.454442 0.196850,
        -0.205983 0.452782 0.196850,
        -0.209047 0.451596 0.196850,
        -0.199188 0.465636 0.196850,
        -0.199327 0.463139 0.196850,
        -0.200068 0.459777 0.196850,
        -0.201365 0.457044 0.196850,
        -0.203253 0.476078 0.196850,
        -0.202211 0.475051 0.196850,
        -0.200776 0.472970 0.196850,
        -0.199733 0.470260 0.196850,
        -0.213639 0.479563 0.196850,
        -0.208873 0.478962 0.196850,
        -0.205710 0.477749 0.196850,
      ]
    }
    coordIndex [
      6, 5, 16, -1,
      1, 2, 0, -1,
      0, 2, 3, -1,
      0, 3, 16, -1,
      16, 3, 7, -1,
      16, 7, 6, -1,
      5, 4, 16, -1,
      16, 4, 11, -1,
      16, 11, 10, -1,
      8, 12, 18, -1,
      15, 14, 8, -1,
      8, 14, 13, -1,
      8, 13, 12, -1,
      10, 9, 16, -1,
      16, 9, 8, -1,
      16, 8, 17, -1,
      17, 8, 18, -1,
    ]
  }
}

Shape {
  appearance Appearance {
    material Material {
      diffuseColor 1.0000 1.0000 1.0000
      specularColor 0.5020 0.5020 0.5020
      ambientIntensity 0.2
      transparency 0.0000
      shininess 0.5
    }
  }
  geometry IndexedFaceSet {
    ccw TRUE
    solid FALSE
    coord DEF co Coordinate {
      point [
        -0.167814 0.456900 0.196850,
        -0.181416 0.456900 0.196850,
        -0.164033 0.446761 0.196850,
        -0.158745 0.446761 0.196850,
        -0.172864 0.483830 0.196850,
        -0.183250 0.456900 0.196850,
        -0.186813 0.446761 0.196850,
        -0.192100 0.446761 0.196850,
        -0.181416 0.474811 0.196850,
        -0.177981 0.483830 0.196850,
        -0.181733 0.461088 0.200787,
        -0.183250 0.456900 0.200787,
        -0.169292 0.461088 0.200787,
        -0.167814 0.456900 0.200787,
        -0.176190 0.476495 0.200787,
        -0.177981 0.483830 0.200787,
        -0.192100 0.446761 0.200787,
        -0.186813 0.446761 0.200787,
        -0.175869 0.477602 0.200787,
        -0.175584 0.479092 0.200787,
        -0.172864 0.483830 0.200787,
        -0.175470 0.479092 0.200787,
        -0.175170 0.477523 0.200787,
        -0.174892 0.476495 0.200787,
        -0.158745 0.446761 0.200787,
        -0.164033 0.446761 0.200787,
        -0.181733 0.461088 0.196850,
        -0.169292 0.461088 0.196850,
        -0.174892 0.476495 0.196850,
        -0.175470 0.479092 0.196850,
        -0.175170 0.477523 0.196850,
        -0.175584 0.479092 0.196850,
        -0.176190 0.476495 0.196850,
        -0.175869 0.477602 0.196850,
      ]
    }
    coordIndex [
      10, 11, 12, -1,
      12, 11, 13, -1,
      14, 15, 10, -1,
      10, 15, 16, -1,
      10, 16, 11, -1,
      11, 16, 17, -1,
      14, 18, 15, -1,
      15, 18, 19, -1,
      15, 19, 20, -1,
      20, 19, 21, -1,
      20, 21, 22, -1,
      22, 23, 20, -1,
      20, 23, 12, -1,
      20, 12, 24, -1,
      24, 12, 13, -1,
      24, 13, 25, -1,
      20, 24, 4, -1,
      4, 24, 3, -1,
      15, 20, 9, -1,
      9, 20, 4, -1,
      7, 16, 8, -1,
      8, 16, 15, -1,
      8, 15, 9, -1,
      17, 16, 6, -1,
      6, 16, 7, -1,
      11, 17, 5, -1,
      5, 17, 6, -1,
      0, 13, 1, -1,
      1, 13, 11, -1,
      1, 11, 5, -1,
      25, 13, 2, -1,
      2, 13, 0, -1,
      24, 25, 3, -1,
      3, 25, 2, -1,
      10, 12, 26, -1,
      26, 12, 27, -1,
      12, 23, 27, -1,
      27, 23, 28, -1,
      21, 29, 30, -1,
      21, 30, 22, -1,
      22, 30, 28, -1,
      22, 28, 23, -1,
      21, 19, 29, -1,
      29, 19, 31, -1,
      14, 32, 33, -1,
      14, 33, 18, -1,
      18, 33, 31, -1,
      18, 31, 19, -1,
      14, 10, 32, -1,
      32, 10, 26, -1,
    ]
  }
}

Shape {
  appearance Appearance {
    material Material {
      diffuseColor 0.2510 0.2510 0.2510
      specularColor 0.1255 0.1255 0.1255
      ambientIntensity 0.2
      transparency 0.0000
      shininess 0.5
    }
  }
  geometry IndexedFaceSet {
    ccw TRUE
    solid FALSE
    coord DEF co Coordinate {
      point [
        -0.181733 0.461088 0.196850,
        -0.169292 0.461088 0.196850,
        -0.174892 0.476495 0.196850,
        -0.175470 0.479092 0.196850,
        -0.175170 0.477523 0.196850,
        -0.175584 0.479092 0.196850,
        -0.176190 0.476495 0.196850,
        -0.175869 0.477602 0.196850,
      ]
    }
    coordIndex [
      3, 5, 4, -1,
      4, 5, 7, -1,
      4, 7, 2, -1,
      2, 7, 6, -1,
      2, 6, 1, -1,
      1, 6, 0, -1,
    ]
  }
}

Shape {
  appearance Appearance {
    material Material {
      diffuseColor 1.0000 1.0000 1.0000
      specularColor 0.5020 0.5020 0.5020
      ambientIntensity 0.2
      transparency 0.0000
      shininess 0.5
    }
  }
  geometry IndexedFaceSet {
    ccw TRUE
    solid FALSE
    coord DEF co Coordinate {
      point [
        -0.302729 0.420030 0.196850,
        -0.302729 0.408896 0.196850,
        -0.289472 0.408896 0.196850,
        -0.302729 0.404650 0.196850,
        -0.302729 0.392180 0.196850,
        -0.289472 0.404650 0.196850,
        -0.287577 0.392180 0.196850,
        -0.287577 0.387954 0.196850,
        -0.307514 0.387954 0.196850,
        -0.307514 0.425023 0.196850,
        -0.307514 0.420030 0.196850,
        -0.302729 0.420759 0.196850,
        -0.288420 0.420759 0.196850,
        -0.288420 0.425023 0.196850,
        -0.270448 0.388281 0.196850,
        -0.272207 0.387642 0.196850,
        -0.266503 0.387954 0.196850,
        -0.268850 0.389339 0.196850,
        -0.277515 0.387652 0.196850,
        -0.279295 0.388323 0.196850,
        -0.282339 0.391358 0.196850,
        -0.282902 0.392927 0.196850,
        -0.280546 0.408062 0.196850,
        -0.280546 0.412572 0.196850,
        -0.279577 0.413133 0.196850,
        -0.276123 0.414469 0.196850,
        -0.281207 0.400632 0.196850,
        -0.279759 0.401858 0.196850,
        -0.277738 0.402865 0.196850,
        -0.277782 0.409864 0.196850,
        -0.274349 0.403684 0.196850,
        -0.270293 0.411100 0.196850,
        -0.271866 0.411265 0.196850,
        -0.274886 0.410920 0.196850,
        -0.280859 0.389414 0.196850,
        -0.281372 0.389934 0.196850,
        -0.266503 0.392048 0.196850,
        -0.266626 0.392048 0.196850,
        -0.267380 0.390907 0.196850,
        -0.283133 0.395042 0.196850,
        -0.283115 0.395706 0.196850,
        -0.282802 0.397687 0.196850,
        -0.282150 0.399313 0.196850,
        -0.266636 0.414172 0.196850,
        -0.265100 0.413283 0.196850,
        -0.263868 0.412090 0.196850,
        -0.262924 0.410577 0.196850,
        -0.262204 0.408441 0.196850,
        -0.266503 0.404783 0.196850,
        -0.266665 0.406836 0.196850,
        -0.267144 0.408489 0.196850,
        -0.267690 0.409446 0.196850,
        -0.261860 0.404992 0.196850,
        -0.271430 0.415036 0.196850,
        -0.268580 0.414773 0.196850,
        -0.268392 0.410193 0.196850,
        -0.269217 0.410724 0.196850,
        -0.272328 0.387598 0.196850,
        -0.274737 0.387329 0.196850,
        -0.277430 0.387642 0.196850,
        -0.261860 0.387954 0.196850,
        -0.287577 0.392180 0.200787,
        -0.287577 0.387954 0.200787,
        -0.302729 0.392180 0.200787,
        -0.302729 0.404650 0.200787,
        -0.289472 0.404650 0.200787,
        -0.289472 0.408896 0.200787,
        -0.302729 0.408896 0.200787,
        -0.302729 0.420759 0.200787,
        -0.288420 0.420759 0.200787,
        -0.288420 0.425023 0.200787,
        -0.307514 0.425023 0.200787,
        -0.307514 0.387954 0.200787,
        -0.266503 0.387954 0.200787,
        -0.261860 0.387954 0.200787,
        -0.266503 0.392048 0.200787,
        -0.261860 0.404992 0.200787,
        -0.266626 0.392048 0.200787,
        -0.269075 0.392730 0.200787,
        -0.267380 0.390907 0.200787,
        -0.270387 0.391844 0.200787,
        -0.272700 0.400406 0.200787,
        -0.266503 0.401239 0.200787,
        -0.266503 0.398700 0.200787,
        -0.279759 0.401858 0.200787,
        -0.281207 0.400632 0.200787,
        -0.277748 0.398087 0.200787,
        -0.266507 0.398392 0.200787,
        -0.266807 0.396320 0.200787,
        -0.267487 0.394663 0.200787,
        -0.268493 0.393298 0.200787,
        -0.280546 0.412572 0.200787,
        -0.280546 0.408062 0.200787,
        -0.279577 0.413133 0.200787,
        -0.277782 0.409864 0.200787,
        -0.276123 0.414469 0.200787,
        -0.274886 0.410920 0.200787,
        -0.271430 0.415036 0.200787,
        -0.271866 0.411265 0.200787,
        -0.268580 0.414773 0.200787,
        -0.270293 0.411100 0.200787,
        -0.266636 0.414172 0.200787,
        -0.269217 0.410724 0.200787,
        -0.265100 0.413283 0.200787,
        -0.268392 0.410193 0.200787,
        -0.263868 0.412090 0.200787,
        -0.267690 0.409446 0.200787,
        -0.262924 0.410577 0.200787,
        -0.267144 0.408489 0.200787,
        -0.262204 0.408441 0.200787,
        -0.266665 0.406836 0.200787,
        -0.266503 0.404783 0.200787,
        -0.278155 0.397222 0.200787,
        -0.282150 0.399313 0.200787,
        -0.278384 0.396158 0.200787,
        -0.274349 0.403684 0.200787,
        -0.276630 0.399213 0.200787,
        -0.275559 0.399735 0.200787,
        -0.277473 0.392729 0.200787,
        -0.280859 0.389414 0.200787,
        -0.277078 0.392332 0.200787,
        -0.279295 0.388323 0.200787,
        -0.276153 0.391700 0.200787,
        -0.277515 0.387652 0.200787,
        -0.275102 0.391315 0.200787,
        -0.274737 0.387329 0.200787,
        -0.273534 0.391138 0.200787,
        -0.272328 0.387598 0.200787,
        -0.271796 0.391333 0.200787,
        -0.270448 0.388281 0.200787,
        -0.268850 0.389339 0.200787,
        -0.277192 0.398776 0.200787,
        -0.277738 0.402865 0.200787,
        -0.282802 0.397687 0.200787,
        -0.283115 0.395706 0.200787,
        -0.278424 0.395421 0.200787,
        -0.283133 0.395042 0.200787,
        -0.278306 0.394355 0.200787,
        -0.282902 0.392927 0.200787,
        -0.278000 0.393512 0.200787,
        -0.282339 0.391358 0.200787,
        -0.281372 0.389934 0.200787,
        -0.277192 0.398776 0.196850,
        -0.276630 0.399213 0.196850,
        -0.275559 0.399735 0.196850,
        -0.272700 0.400406 0.196850,
        -0.278424 0.395421 0.196850,
        -0.278384 0.396158 0.196850,
        -0.278155 0.397222 0.196850,
        -0.277748 0.398087 0.196850,
        -0.277078 0.392332 0.196850,
        -0.277473 0.392729 0.196850,
        -0.278000 0.393512 0.196850,
        -0.278306 0.394355 0.196850,
        -0.273534 0.391138 0.196850,
        -0.275102 0.391315 0.196850,
        -0.276153 0.391700 0.196850,
        -0.268493 0.393298 0.196850,
        -0.269075 0.392730 0.196850,
        -0.270387 0.391844 0.196850,
        -0.271796 0.391333 0.196850,
        -0.266503 0.398700 0.196850,
        -0.266507 0.398392 0.196850,
        -0.266807 0.396320 0.196850,
        -0.267487 0.394663 0.196850,
        -0.266503 0.401239 0.196850,
      ]
    }
    coordIndex [
      61, 62, 6, -1,
      6, 62, 7, -1,
      63, 61, 4, -1,
      4, 61, 6, -1,
      64, 63, 3, -1,
      3, 63, 4, -1,
      65, 64, 5, -1,
      5, 64, 3, -1,
      66, 65, 2, -1,
      2, 65, 5, -1,
      67, 66, 1, -1,
      1, 66, 2, -1,
      11, 68, 0, -1,
      0, 68, 67, -1,
      0, 67, 1, -1,
      69, 68, 12, -1,
      12, 68, 11, -1,
      70, 69, 13, -1,
      13, 69, 12, -1,
      71, 70, 9, -1,
      9, 70, 13, -1,
      8, 72, 10, -1,
      10, 72, 71, -1,
      10, 71, 9, -1,
      62, 72, 7, -1,
      7, 72, 8, -1,
      72, 62, 61, -1,
      61, 63, 72, -1,
      72, 63, 64, -1,
      72, 64, 71, -1,
      69, 70, 68, -1,
      68, 70, 71, -1,
      68, 71, 67, -1,
      67, 71, 64, -1,
      67, 64, 66, -1,
      66, 64, 65, -1,
      73, 74, 75, -1,
      75, 74, 76, -1,
      77, 78, 79, -1,
      79, 78, 80, -1,
      81, 82, 76, -1,
      76, 82, 83, -1,
      84, 85, 86, -1,
      83, 87, 76, -1,
      76, 87, 88, -1,
      76, 88, 75, -1,
      75, 88, 89, -1,
      75, 89, 77, -1,
      77, 89, 90, -1,
      77, 90, 78, -1,
      91, 92, 93, -1,
      93, 92, 94, -1,
      93, 94, 95, -1,
      95, 94, 96, -1,
      95, 96, 97, -1,
      97, 96, 98, -1,
      97, 98, 99, -1,
      99, 98, 100, -1,
      99, 100, 101, -1,
      101, 100, 102, -1,
      101, 102, 103, -1,
      103, 102, 104, -1,
      103, 104, 105, -1,
      105, 104, 106, -1,
      105, 106, 107, -1,
      107, 106, 108, -1,
      107, 108, 109, -1,
      109, 108, 110, -1,
      109, 110, 76, -1,
      76, 110, 111, -1,
      76, 111, 81, -1,
      86, 85, 112, -1,
      112, 85, 113, -1,
      112, 113, 114, -1,
      115, 116, 111, -1,
      111, 116, 117, -1,
      111, 117, 81, -1,
      118, 119, 120, -1,
      120, 119, 121, -1,
      120, 121, 122, -1,
      122, 121, 123, -1,
      122, 123, 124, -1,
      124, 123, 125, -1,
      124, 125, 126, -1,
      126, 125, 127, -1,
      126, 127, 128, -1,
      128, 127, 129, -1,
      128, 129, 80, -1,
      80, 129, 130, -1,
      80, 130, 79, -1,
      86, 131, 84, -1,
      84, 131, 116, -1,
      84, 116, 132, -1,
      132, 116, 115, -1,
      113, 133, 114, -1,
      114, 133, 134, -1,
      114, 134, 135, -1,
      135, 134, 136, -1,
      135, 136, 137, -1,
      137, 136, 138, -1,
      137, 138, 139, -1,
      139, 138, 140, -1,
      139, 140, 118, -1,
      118, 140, 141, -1,
      118, 141, 119, -1,
      97, 53, 25, -1,
      97, 25, 95, -1,
      95, 25, 24, -1,
      95, 24, 93, -1,
      93, 24, 23, -1,
      93, 23, 91, -1,
      92, 91, 22, -1,
      22, 91, 23, -1,
      92, 22, 29, -1,
      92, 29, 94, -1,
      94, 29, 33, -1,
      94, 33, 96, -1,
      96, 33, 32, -1,
      96, 32, 98, -1,
      98, 32, 31, -1,
      98, 31, 100, -1,
      100, 31, 56, -1,
      100, 56, 102, -1,
      102, 56, 55, -1,
      102, 55, 104, -1,
      104, 55, 51, -1,
      104, 51, 106, -1,
      106, 51, 50, -1,
      106, 50, 108, -1,
      108, 50, 49, -1,
      108, 49, 110, -1,
      110, 49, 48, -1,
      110, 48, 111, -1,
      115, 111, 30, -1,
      30, 111, 48, -1,
      115, 30, 28, -1,
      115, 28, 132, -1,
      132, 28, 27, -1,
      132, 27, 84, -1,
      84, 27, 26, -1,
      84, 26, 85, -1,
      85, 26, 42, -1,
      85, 42, 113, -1,
      113, 42, 41, -1,
      113, 41, 133, -1,
      133, 41, 40, -1,
      133, 40, 134, -1,
      134, 40, 39, -1,
      134, 39, 136, -1,
      136, 39, 21, -1,
      136, 21, 138, -1,
      138, 21, 20, -1,
      138, 20, 140, -1,
      140, 20, 35, -1,
      140, 35, 141, -1,
      141, 35, 34, -1,
      141, 34, 119, -1,
      58, 125, 59, -1,
      59, 125, 123, -1,
      59, 123, 18, -1,
      18, 123, 121, -1,
      18, 121, 19, -1,
      19, 121, 119, -1,
      19, 119, 34, -1,
      125, 58, 57, -1,
      125, 57, 127, -1,
      127, 57, 15, -1,
      127, 15, 129, -1,
      15, 14, 129, -1,
      129, 14, 17, -1,
      129, 17, 130, -1,
      130, 17, 38, -1,
      130, 38, 79, -1,
      79, 38, 37, -1,
      79, 37, 77, -1,
      75, 77, 36, -1,
      36, 77, 37, -1,
      73, 75, 16, -1,
      16, 75, 36, -1,
      74, 73, 60, -1,
      60, 73, 16, -1,
      76, 74, 52, -1,
      52, 74, 60, -1,
      76, 52, 47, -1,
      76, 47, 109, -1,
      109, 47, 46, -1,
      109, 46, 107, -1,
      107, 46, 45, -1,
      107, 45, 105, -1,
      105, 45, 44, -1,
      105, 44, 103, -1,
      103, 44, 43, -1,
      103, 43, 101, -1,
      101, 43, 54, -1,
      101, 54, 99, -1,
      99, 54, 53, -1,
      99, 53, 97, -1,
      131, 142, 143, -1,
      131, 143, 116, -1,
      116, 143, 144, -1,
      116, 144, 117, -1,
      117, 144, 145, -1,
      117, 145, 81, -1,
      135, 146, 147, -1,
      135, 147, 114, -1,
      114, 147, 148, -1,
      114, 148, 112, -1,
      112, 148, 149, -1,
      112, 149, 86, -1,
      86, 149, 142, -1,
      86, 142, 131, -1,
      120, 150, 151, -1,
      120, 151, 118, -1,
      118, 151, 152, -1,
      118, 152, 139, -1,
      139, 152, 153, -1,
      139, 153, 137, -1,
      137, 153, 146, -1,
      137, 146, 135, -1,
      126, 154, 155, -1,
      126, 155, 124, -1,
      124, 155, 156, -1,
      124, 156, 122, -1,
      122, 156, 150, -1,
      122, 150, 120, -1,
      90, 157, 158, -1,
      90, 158, 78, -1,
      78, 158, 159, -1,
      78, 159, 80, -1,
      80, 159, 160, -1,
      80, 160, 128, -1,
      128, 160, 154, -1,
      128, 154, 126, -1,
      83, 161, 162, -1,
      83, 162, 87, -1,
      87, 162, 163, -1,
      87, 163, 88, -1,
      88, 163, 164, -1,
      88, 164, 89, -1,
      89, 164, 157, -1,
      89, 157, 90, -1,
      83, 82, 161, -1,
      161, 82, 165, -1,
      82, 81, 165, -1,
      165, 81, 145, -1,
    ]
  }
}

Shape {
  appearance Appearance {
    material Material {
      diffuseColor 0.2510 0.2510 0.2510
      specularColor 0.1255 0.1255 0.1255
      ambientIntensity 0.2
      transparency 0.0000
      shininess 0.5
    }
  }
  geometry IndexedFaceSet {
    ccw TRUE
    solid FALSE
    coord DEF co Coordinate {
      point [
        -0.277192 0.398776 0.196850,
        -0.276630 0.399213 0.196850,
        -0.275559 0.399735 0.196850,
        -0.272700 0.400406 0.196850,
        -0.278424 0.395421 0.196850,
        -0.278384 0.396158 0.196850,
        -0.278155 0.397222 0.196850,
        -0.277748 0.398087 0.196850,
        -0.277078 0.392332 0.196850,
        -0.277473 0.392729 0.196850,
        -0.278000 0.393512 0.196850,
        -0.278306 0.394355 0.196850,
        -0.273534 0.391138 0.196850,
        -0.275102 0.391315 0.196850,
        -0.276153 0.391700 0.196850,
        -0.268493 0.393298 0.196850,
        -0.269075 0.392730 0.196850,
        -0.270387 0.391844 0.196850,
        -0.271796 0.391333 0.196850,
        -0.266503 0.398700 0.196850,
        -0.266507 0.398392 0.196850,
        -0.266807 0.396320 0.196850,
        -0.267487 0.394663 0.196850,
        -0.266503 0.401239 0.196850,
      ]
    }
    coordIndex [
      20, 19, 0, -1,
      19, 23, 3, -1,
      3, 2, 19, -1,
      19, 2, 1, -1,
      19, 1, 0, -1,
      20, 0, 21, -1,
      21, 0, 7, -1,
      21, 7, 22, -1,
      9, 8, 16, -1,
      9, 16, 10, -1,
      17, 16, 18, -1,
      18, 16, 12, -1,
      7, 6, 22, -1,
      22, 6, 5, -1,
      22, 5, 15, -1,
      15, 5, 4, -1,
      15, 4, 16, -1,
      16, 4, 11, -1,
      16, 11, 10, -1,
      8, 14, 16, -1,
      16, 14, 13, -1,
      16, 13, 12, -1,
    ]
  }
}

Shape {
  appearance Appearance {
    material Material {
      diffuseColor 1.0000 1.0000 1.0000
      specularColor 0.5020 0.5020 0.5020
      ambientIntensity 0.2
      transparency 0.0000
      shininess 0.5
    }
  }
  geometry IndexedFaceSet {
    ccw TRUE
    solid FALSE
    coord DEF co Coordinate {
      point [
        -0.209857 0.414430 0.196850,
        -0.220419 0.387642 0.196850,
        -0.244235 0.387816 0.196850,
        -0.245720 0.387642 0.196850,
        -0.149719 0.415595 0.196850,
        -0.148349 0.412058 0.196850,
        -0.152012 0.418829 0.196850,
        -0.150571 0.396425 0.196850,
        -0.153325 0.393147 0.196850,
        -0.157209 0.390364 0.196850,
        -0.161438 0.388717 0.196850,
        -0.167719 0.387954 0.196850,
        -0.147735 0.406963 0.196850,
        -0.147846 0.404598 0.196850,
        -0.148745 0.400259 0.196850,
        -0.177915 0.387954 0.196850,
        -0.177915 0.420030 0.196850,
        -0.177915 0.425023 0.196850,
        -0.167340 0.425023 0.196850,
        -0.161680 0.424398 0.196850,
        -0.157206 0.422764 0.196850,
        -0.153325 0.420115 0.196850,
        -0.153238 0.420030 0.196850,
        -0.254804 0.410440 0.196850,
        -0.255356 0.408945 0.196850,
        -0.253463 0.402302 0.196850,
        -0.255568 0.393678 0.196850,
        -0.253422 0.402275 0.196850,
        -0.253737 0.392547 0.196850,
        -0.253422 0.392429 0.196850,
        -0.254222 0.403096 0.196850,
        -0.254828 0.404064 0.196850,
        -0.255340 0.405482 0.196850,
        -0.255540 0.407285 0.196850,
        -0.255568 0.388883 0.196850,
        -0.253422 0.388094 0.196850,
        -0.252704 0.387831 0.196850,
        -0.251077 0.387642 0.196850,
        -0.248385 0.387329 0.196850,
        -0.238957 0.413861 0.196850,
        -0.238957 0.409350 0.196850,
        -0.239241 0.399533 0.196850,
        -0.238375 0.398255 0.196850,
        -0.252564 0.412932 0.196850,
        -0.251087 0.413804 0.196850,
        -0.253941 0.411695 0.196850,
        -0.253422 0.412161 0.196850,
        -0.237880 0.396886 0.196850,
        -0.237687 0.395156 0.196850,
        -0.237908 0.393290 0.196850,
        -0.238478 0.391819 0.196850,
        -0.239344 0.390594 0.196850,
        -0.248513 0.414694 0.196850,
        -0.245230 0.415036 0.196850,
        -0.241973 0.414747 0.196850,
        -0.240672 0.389433 0.196850,
        -0.241782 0.388752 0.196850,
        -0.245685 0.411265 0.196850,
        -0.247059 0.411161 0.196850,
        -0.250754 0.407702 0.196850,
        -0.248302 0.410833 0.196850,
        -0.249343 0.410279 0.196850,
        -0.250712 0.407084 0.196850,
        -0.250528 0.406363 0.196850,
        -0.250193 0.405736 0.196850,
        -0.249741 0.405238 0.196850,
        -0.248104 0.404215 0.196850,
        -0.242676 0.410928 0.196850,
        -0.245230 0.402964 0.196850,
        -0.240054 0.409976 0.196850,
        -0.243432 0.402237 0.196850,
        -0.240348 0.400521 0.196850,
        -0.250043 0.409660 0.196850,
        -0.250441 0.409069 0.196850,
        -0.250670 0.408442 0.196850,
        -0.250825 0.391456 0.196850,
        -0.248509 0.399591 0.196850,
        -0.251276 0.400859 0.196850,
        -0.247931 0.391119 0.196850,
        -0.247726 0.391120 0.196850,
        -0.245460 0.398314 0.196850,
        -0.245346 0.391387 0.196850,
        -0.242454 0.394701 0.196850,
        -0.242499 0.395279 0.196850,
        -0.244147 0.391826 0.196850,
        -0.243724 0.392083 0.196850,
        -0.243191 0.392556 0.196850,
        -0.242786 0.393155 0.196850,
        -0.242550 0.393815 0.196850,
        -0.242710 0.396004 0.196850,
        -0.243069 0.396619 0.196850,
        -0.243648 0.397222 0.196850,
        -0.223161 0.394530 0.196850,
        -0.222593 0.392351 0.196850,
        -0.222470 0.392351 0.196850,
        -0.214671 0.414430 0.196850,
        -0.227837 0.407983 0.196850,
        -0.221901 0.394493 0.196850,
        -0.222256 0.393258 0.196850,
        -0.227837 0.395520 0.196850,
        -0.235271 0.414430 0.196850,
        -0.230078 0.414430 0.196850,
        -0.224886 0.388011 0.196850,
        -0.225042 0.387642 0.196850,
        -0.226923 0.383198 0.196850,
        -0.234314 0.375863 0.196850,
        -0.234314 0.379995 0.196850,
        -0.228708 0.380551 0.196850,
        -0.227843 0.381514 0.196850,
        -0.227837 0.381525 0.196850,
        -0.233364 0.379683 0.196850,
        -0.231680 0.379464 0.196850,
        -0.227837 0.376312 0.196850,
        -0.229444 0.375700 0.196850,
        -0.231320 0.375484 0.196850,
        -0.232345 0.375521 0.196850,
        -0.230519 0.379600 0.196850,
        -0.229507 0.379993 0.196850,
        -0.221872 0.383956 0.196850,
        -0.223974 0.379862 0.196850,
        -0.225674 0.377822 0.196850,
        -0.225990 0.377531 0.196850,
        -0.227612 0.376398 0.196850,
        -0.200069 0.404650 0.196850,
        -0.200069 0.392180 0.196850,
        -0.193128 0.392180 0.196850,
        -0.184917 0.392180 0.196850,
        -0.184917 0.387954 0.196850,
        -0.186813 0.404650 0.196850,
        -0.193128 0.404650 0.196850,
        -0.200069 0.420030 0.196850,
        -0.200069 0.408896 0.196850,
        -0.193128 0.408896 0.196850,
        -0.200069 0.420759 0.196850,
        -0.186813 0.408896 0.196850,
        -0.204854 0.387954 0.196850,
        -0.204854 0.420030 0.196850,
        -0.204854 0.425023 0.196850,
        -0.193128 0.387954 0.196850,
        -0.193128 0.425023 0.196850,
        -0.185761 0.425023 0.196850,
        -0.185761 0.420759 0.196850,
        -0.193128 0.420759 0.196850,
        -0.255568 0.393678 0.200787,
        -0.253737 0.392547 0.200787,
        -0.247931 0.391119 0.200787,
        -0.250825 0.391456 0.200787,
        -0.255568 0.388883 0.200787,
        -0.252704 0.387831 0.200787,
        -0.248385 0.387329 0.200787,
        -0.244235 0.387816 0.200787,
        -0.241782 0.388752 0.200787,
        -0.240672 0.389433 0.200787,
        -0.239344 0.390594 0.200787,
        -0.238478 0.391819 0.200787,
        -0.237908 0.393290 0.200787,
        -0.237687 0.395156 0.200787,
        -0.237880 0.396886 0.200787,
        -0.238375 0.398255 0.200787,
        -0.239241 0.399533 0.200787,
        -0.240348 0.400521 0.200787,
        -0.243432 0.402237 0.200787,
        -0.245230 0.402964 0.200787,
        -0.248104 0.404215 0.200787,
        -0.249741 0.405238 0.200787,
        -0.250193 0.405736 0.200787,
        -0.250528 0.406363 0.200787,
        -0.250712 0.407084 0.200787,
        -0.250754 0.407702 0.200787,
        -0.250670 0.408442 0.200787,
        -0.250441 0.409069 0.200787,
        -0.250043 0.409660 0.200787,
        -0.249343 0.410279 0.200787,
        -0.248302 0.410833 0.200787,
        -0.247059 0.411161 0.200787,
        -0.245685 0.411265 0.200787,
        -0.242676 0.410928 0.200787,
        -0.240054 0.409976 0.200787,
        -0.238957 0.409350 0.200787,
        -0.238957 0.413861 0.200787,
        -0.241973 0.414747 0.200787,
        -0.245230 0.415036 0.200787,
        -0.248513 0.414694 0.200787,
        -0.251087 0.413804 0.200787,
        -0.252564 0.412932 0.200787,
        -0.253941 0.411695 0.200787,
        -0.254804 0.410440 0.200787,
        -0.255356 0.408945 0.200787,
        -0.255540 0.407285 0.200787,
        -0.255340 0.405482 0.200787,
        -0.254828 0.404064 0.200787,
        -0.254222 0.403096 0.200787,
        -0.248509 0.399591 0.200787,
        -0.251276 0.400859 0.200787,
        -0.253463 0.402302 0.200787,
        -0.245460 0.398314 0.200787,
        -0.243648 0.397222 0.200787,
        -0.243069 0.396619 0.200787,
        -0.242710 0.396004 0.200787,
        -0.242499 0.395279 0.200787,
        -0.242454 0.394701 0.200787,
        -0.242550 0.393815 0.200787,
        -0.242786 0.393155 0.200787,
        -0.243191 0.392556 0.200787,
        -0.243724 0.392083 0.200787,
        -0.244147 0.391826 0.200787,
        -0.245346 0.391387 0.200787,
        -0.247726 0.391120 0.200787,
        -0.214671 0.414430 0.200787,
        -0.209857 0.414430 0.200787,
        -0.221901 0.394493 0.200787,
        -0.222256 0.393258 0.200787,
        -0.222470 0.392351 0.200787,
        -0.222593 0.392351 0.200787,
        -0.223161 0.394530 0.200787,
        -0.230078 0.414430 0.200787,
        -0.235271 0.414430 0.200787,
        -0.224886 0.388011 0.200787,
        -0.226923 0.383198 0.200787,
        -0.227843 0.381514 0.200787,
        -0.228708 0.380551 0.200787,
        -0.229507 0.379993 0.200787,
        -0.230519 0.379600 0.200787,
        -0.231680 0.379464 0.200787,
        -0.233364 0.379683 0.200787,
        -0.234314 0.379995 0.200787,
        -0.234314 0.375863 0.200787,
        -0.232345 0.375521 0.200787,
        -0.231320 0.375484 0.200787,
        -0.229444 0.375700 0.200787,
        -0.227612 0.376398 0.200787,
        -0.225990 0.377531 0.200787,
        -0.225674 0.377822 0.200787,
        -0.223974 0.379862 0.200787,
        -0.221872 0.383956 0.200787,
        -0.184917 0.392180 0.200787,
        -0.184917 0.387954 0.200787,
        -0.200069 0.392180 0.200787,
        -0.200069 0.404650 0.200787,
        -0.186813 0.404650 0.200787,
        -0.186813 0.408896 0.200787,
        -0.200069 0.408896 0.200787,
        -0.200069 0.420759 0.200787,
        -0.185761 0.420759 0.200787,
        -0.185761 0.425023 0.200787,
        -0.204854 0.425023 0.200787,
        -0.204854 0.387954 0.200787,
        -0.153325 0.393147 0.200787,
        -0.157169 0.395635 0.200787,
        -0.157209 0.390364 0.200787,
        -0.159561 0.393976 0.200787,
        -0.161438 0.388717 0.200787,
        -0.162626 0.392790 0.200787,
        -0.167719 0.387954 0.200787,
        -0.167747 0.392180 0.200787,
        -0.177915 0.387954 0.200787,
        -0.173130 0.392180 0.200787,
        -0.177915 0.425023 0.200787,
        -0.173130 0.420759 0.200787,
        -0.167340 0.425023 0.200787,
        -0.167530 0.420759 0.200787,
        -0.167217 0.420757 0.200787,
        -0.161680 0.424398 0.200787,
        -0.162451 0.420156 0.200787,
        -0.157206 0.422764 0.200787,
        -0.159289 0.418943 0.200787,
        -0.153325 0.420115 0.200787,
        -0.156831 0.417272 0.200787,
        -0.152012 0.418829 0.200787,
        -0.155790 0.416244 0.200787,
        -0.149719 0.415595 0.200787,
        -0.154355 0.414165 0.200787,
        -0.148349 0.412058 0.200787,
        -0.153312 0.411454 0.200787,
        -0.147735 0.406963 0.200787,
        -0.152766 0.406830 0.200787,
        -0.147846 0.404598 0.200787,
        -0.152906 0.404333 0.200787,
        -0.148745 0.400259 0.200787,
        -0.153647 0.400970 0.200787,
        -0.150571 0.396425 0.200787,
        -0.154943 0.398238 0.200787,
        -0.156727 0.396046 0.200787,
        -0.167530 0.420759 0.196850,
        -0.173130 0.420759 0.196850,
        -0.173130 0.392180 0.196850,
        -0.167747 0.392180 0.196850,
        -0.156727 0.396046 0.196850,
        -0.157169 0.395635 0.196850,
        -0.159561 0.393976 0.196850,
        -0.162626 0.392790 0.196850,
        -0.152766 0.406830 0.196850,
        -0.152906 0.404333 0.196850,
        -0.153647 0.400970 0.196850,
        -0.154943 0.398238 0.196850,
        -0.156831 0.417272 0.196850,
        -0.155790 0.416244 0.196850,
        -0.154355 0.414165 0.196850,
        -0.153312 0.411454 0.196850,
        -0.167217 0.420757 0.196850,
        -0.162451 0.420156 0.196850,
        -0.159289 0.418943 0.196850,
      ]
    }
    coordIndex [
      26, 143, 144, -1,
      145, 78, 75, -1,
      145, 75, 146, -1,
      146, 75, 29, -1,
      146, 29, 144, -1,
      144, 29, 28, -1,
      144, 28, 26, -1,
      147, 143, 34, -1,
      34, 143, 26, -1,
      34, 35, 147, -1,
      147, 35, 148, -1,
      38, 149, 37, -1,
      37, 149, 148, -1,
      37, 148, 36, -1,
      36, 148, 35, -1,
      38, 3, 149, -1,
      149, 3, 150, -1,
      3, 2, 150, -1,
      150, 2, 56, -1,
      150, 56, 151, -1,
      151, 56, 55, -1,
      151, 55, 152, -1,
      152, 55, 51, -1,
      152, 51, 153, -1,
      153, 51, 50, -1,
      153, 50, 154, -1,
      154, 50, 49, -1,
      154, 49, 155, -1,
      155, 49, 48, -1,
      155, 48, 156, -1,
      156, 48, 47, -1,
      156, 47, 157, -1,
      157, 47, 42, -1,
      157, 42, 158, -1,
      158, 42, 41, -1,
      158, 41, 159, -1,
      159, 41, 71, -1,
      159, 71, 160, -1,
      160, 71, 70, -1,
      160, 70, 161, -1,
      161, 70, 68, -1,
      161, 68, 162, -1,
      162, 68, 66, -1,
      162, 66, 163, -1,
      163, 66, 65, -1,
      163, 65, 164, -1,
      164, 65, 64, -1,
      164, 64, 165, -1,
      165, 64, 63, -1,
      165, 63, 166, -1,
      166, 63, 62, -1,
      166, 62, 167, -1,
      167, 62, 59, -1,
      167, 59, 168, -1,
      168, 59, 74, -1,
      168, 74, 169, -1,
      169, 74, 73, -1,
      169, 73, 170, -1,
      170, 73, 72, -1,
      170, 72, 171, -1,
      171, 72, 61, -1,
      171, 61, 172, -1,
      172, 61, 60, -1,
      172, 60, 173, -1,
      173, 60, 58, -1,
      173, 58, 174, -1,
      174, 58, 57, -1,
      174, 57, 175, -1,
      175, 57, 67, -1,
      175, 67, 176, -1,
      176, 67, 69, -1,
      176, 69, 177, -1,
      177, 69, 40, -1,
      177, 40, 178, -1,
      179, 178, 39, -1,
      39, 178, 40, -1,
      179, 39, 54, -1,
      179, 54, 180, -1,
      180, 54, 53, -1,
      180, 53, 181, -1,
      181, 53, 52, -1,
      181, 52, 182, -1,
      182, 52, 44, -1,
      182, 44, 183, -1,
      183, 44, 43, -1,
      183, 43, 184, -1,
      43, 46, 184, -1,
      184, 46, 185, -1,
      46, 45, 185, -1,
      185, 45, 23, -1,
      185, 23, 186, -1,
      186, 23, 24, -1,
      186, 24, 187, -1,
      187, 24, 33, -1,
      187, 33, 188, -1,
      188, 33, 32, -1,
      188, 32, 189, -1,
      189, 32, 31, -1,
      189, 31, 190, -1,
      190, 31, 30, -1,
      190, 30, 191, -1,
      76, 192, 193, -1,
      191, 30, 25, -1,
      191, 25, 194, -1,
      194, 25, 27, -1,
      194, 27, 193, -1,
      193, 27, 77, -1,
      193, 77, 76, -1,
      192, 76, 80, -1,
      192, 80, 195, -1,
      195, 80, 91, -1,
      195, 91, 196, -1,
      196, 91, 90, -1,
      196, 90, 197, -1,
      197, 90, 89, -1,
      197, 89, 198, -1,
      198, 89, 83, -1,
      198, 83, 199, -1,
      199, 83, 82, -1,
      199, 82, 200, -1,
      200, 82, 88, -1,
      200, 88, 201, -1,
      201, 88, 87, -1,
      201, 87, 202, -1,
      202, 87, 86, -1,
      202, 86, 203, -1,
      203, 86, 85, -1,
      203, 85, 204, -1,
      204, 85, 84, -1,
      204, 84, 205, -1,
      205, 84, 81, -1,
      205, 81, 206, -1,
      206, 81, 79, -1,
      206, 79, 207, -1,
      207, 79, 78, -1,
      207, 78, 145, -1,
      171, 172, 183, -1,
      183, 172, 182, -1,
      195, 162, 192, -1,
      192, 162, 163, -1,
      151, 152, 203, -1,
      203, 152, 153, -1,
      203, 153, 202, -1,
      202, 153, 154, -1,
      202, 154, 201, -1,
      201, 154, 155, -1,
      201, 155, 200, -1,
      200, 155, 156, -1,
      200, 156, 199, -1,
      199, 156, 157, -1,
      199, 157, 198, -1,
      198, 157, 158, -1,
      198, 158, 197, -1,
      197, 158, 159, -1,
      197, 159, 196, -1,
      196, 159, 160, -1,
      196, 160, 195, -1,
      195, 160, 161, -1,
      195, 161, 162, -1,
      149, 145, 148, -1,
      148, 145, 146, -1,
      148, 146, 147, -1,
      147, 146, 144, -1,
      147, 144, 143, -1,
      172, 173, 182, -1,
      182, 173, 174, -1,
      182, 174, 181, -1,
      181, 174, 175, -1,
      181, 175, 180, -1,
      180, 175, 176, -1,
      180, 176, 179, -1,
      179, 176, 177, -1,
      179, 177, 178, -1,
      203, 204, 151, -1,
      151, 204, 205, -1,
      151, 205, 150, -1,
      150, 205, 206, -1,
      150, 206, 149, -1,
      149, 206, 207, -1,
      149, 207, 145, -1,
      183, 184, 171, -1,
      171, 184, 185, -1,
      171, 185, 170, -1,
      170, 185, 186, -1,
      170, 186, 169, -1,
      169, 186, 187, -1,
      169, 187, 168, -1,
      168, 187, 188, -1,
      168, 188, 167, -1,
      167, 188, 189, -1,
      167, 189, 166, -1,
      166, 189, 190, -1,
      166, 190, 165, -1,
      165, 190, 191, -1,
      165, 191, 164, -1,
      164, 191, 194, -1,
      164, 194, 163, -1,
      163, 194, 193, -1,
      163, 193, 192, -1,
      208, 209, 95, -1,
      95, 209, 0, -1,
      210, 208, 97, -1,
      97, 208, 95, -1,
      210, 97, 98, -1,
      210, 98, 211, -1,
      211, 98, 94, -1,
      211, 94, 212, -1,
      213, 212, 93, -1,
      93, 212, 94, -1,
      214, 213, 92, -1,
      92, 213, 93, -1,
      214, 92, 215, -1,
      215, 92, 96, -1,
      215, 96, 101, -1,
      216, 215, 100, -1,
      100, 215, 101, -1,
      216, 100, 217, -1,
      217, 100, 99, -1,
      217, 99, 102, -1,
      104, 218, 103, -1,
      103, 218, 217, -1,
      103, 217, 102, -1,
      104, 109, 218, -1,
      218, 109, 219, -1,
      109, 108, 219, -1,
      219, 108, 107, -1,
      219, 107, 220, -1,
      220, 107, 117, -1,
      220, 117, 221, -1,
      221, 117, 116, -1,
      221, 116, 222, -1,
      222, 116, 111, -1,
      222, 111, 223, -1,
      223, 111, 110, -1,
      223, 110, 224, -1,
      224, 110, 106, -1,
      224, 106, 225, -1,
      226, 225, 105, -1,
      105, 225, 106, -1,
      226, 105, 115, -1,
      226, 115, 227, -1,
      227, 115, 114, -1,
      227, 114, 228, -1,
      228, 114, 113, -1,
      228, 113, 229, -1,
      229, 113, 112, -1,
      229, 112, 230, -1,
      112, 122, 230, -1,
      230, 122, 121, -1,
      230, 121, 231, -1,
      231, 121, 120, -1,
      231, 120, 232, -1,
      232, 120, 119, -1,
      232, 119, 233, -1,
      233, 119, 118, -1,
      233, 118, 234, -1,
      0, 209, 1, -1,
      1, 209, 234, -1,
      1, 234, 118, -1,
      211, 212, 234, -1,
      209, 208, 234, -1,
      234, 208, 210, -1,
      234, 210, 211, -1,
      215, 216, 214, -1,
      214, 216, 217, -1,
      214, 217, 213, -1,
      225, 226, 224, -1,
      224, 226, 227, -1,
      224, 227, 223, -1,
      223, 227, 228, -1,
      223, 228, 222, -1,
      222, 228, 229, -1,
      222, 229, 221, -1,
      221, 229, 230, -1,
      221, 230, 220, -1,
      212, 213, 234, -1,
      234, 213, 217, -1,
      234, 217, 233, -1,
      217, 218, 233, -1,
      233, 218, 219, -1,
      233, 219, 232, -1,
      232, 219, 220, -1,
      232, 220, 231, -1,
      231, 220, 230, -1,
      235, 236, 126, -1,
      126, 236, 127, -1,
      235, 126, 237, -1,
      237, 126, 125, -1,
      237, 125, 124, -1,
      238, 237, 123, -1,
      123, 237, 124, -1,
      238, 123, 239, -1,
      239, 123, 129, -1,
      239, 129, 128, -1,
      240, 239, 134, -1,
      134, 239, 128, -1,
      131, 241, 132, -1,
      132, 241, 240, -1,
      132, 240, 134, -1,
      133, 242, 130, -1,
      130, 242, 241, -1,
      130, 241, 131, -1,
      141, 243, 142, -1,
      142, 243, 242, -1,
      142, 242, 133, -1,
      244, 243, 140, -1,
      140, 243, 141, -1,
      137, 245, 139, -1,
      139, 245, 244, -1,
      139, 244, 140, -1,
      135, 246, 136, -1,
      136, 246, 245, -1,
      136, 245, 137, -1,
      246, 135, 236, -1,
      236, 135, 138, -1,
      236, 138, 127, -1,
      246, 236, 235, -1,
      235, 237, 246, -1,
      246, 237, 238, -1,
      246, 238, 245, -1,
      243, 244, 242, -1,
      242, 244, 245, -1,
      242, 245, 241, -1,
      241, 245, 238, -1,
      241, 238, 240, -1,
      240, 238, 239, -1,
      247, 248, 249, -1,
      249, 248, 250, -1,
      249, 250, 251, -1,
      251, 250, 252, -1,
      251, 252, 253, -1,
      253, 252, 254, -1,
      253, 254, 255, -1,
      255, 254, 256, -1,
      255, 256, 257, -1,
      257, 256, 258, -1,
      257, 258, 259, -1,
      258, 260, 259, -1,
      259, 260, 261, -1,
      259, 261, 262, -1,
      262, 261, 263, -1,
      262, 263, 264, -1,
      264, 263, 265, -1,
      264, 265, 266, -1,
      266, 265, 267, -1,
      266, 267, 268, -1,
      268, 267, 269, -1,
      268, 269, 270, -1,
      270, 269, 271, -1,
      270, 271, 272, -1,
      272, 271, 273, -1,
      272, 273, 274, -1,
      274, 273, 275, -1,
      274, 275, 276, -1,
      276, 275, 277, -1,
      276, 277, 278, -1,
      278, 277, 279, -1,
      278, 279, 280, -1,
      280, 279, 281, -1,
      280, 281, 247, -1,
      247, 281, 282, -1,
      247, 282, 248, -1,
      253, 255, 11, -1,
      11, 255, 15, -1,
      253, 11, 10, -1,
      253, 10, 251, -1,
      251, 10, 9, -1,
      251, 9, 249, -1,
      249, 9, 8, -1,
      249, 8, 247, -1,
      247, 8, 7, -1,
      247, 7, 280, -1,
      280, 7, 14, -1,
      280, 14, 278, -1,
      278, 14, 13, -1,
      278, 13, 276, -1,
      276, 13, 12, -1,
      276, 12, 274, -1,
      21, 266, 22, -1,
      22, 266, 268, -1,
      22, 268, 6, -1,
      6, 268, 270, -1,
      6, 270, 4, -1,
      4, 270, 272, -1,
      4, 272, 5, -1,
      5, 272, 274, -1,
      5, 274, 12, -1,
      266, 21, 20, -1,
      266, 20, 264, -1,
      264, 20, 19, -1,
      264, 19, 262, -1,
      262, 19, 18, -1,
      262, 18, 259, -1,
      257, 259, 17, -1,
      17, 259, 18, -1,
      15, 255, 16, -1,
      16, 255, 257, -1,
      16, 257, 17, -1,
      260, 258, 283, -1,
      283, 258, 284, -1,
      258, 256, 284, -1,
      284, 256, 285, -1,
      256, 254, 285, -1,
      285, 254, 286, -1,
      282, 287, 288, -1,
      282, 288, 248, -1,
      248, 288, 289, -1,
      248, 289, 250, -1,
      250, 289, 290, -1,
      250, 290, 252, -1,
      252, 290, 286, -1,
      252, 286, 254, -1,
      275, 291, 292, -1,
      275, 292, 277, -1,
      277, 292, 293, -1,
      277, 293, 279, -1,
      279, 293, 294, -1,
      279, 294, 281, -1,
      281, 294, 287, -1,
      281, 287, 282, -1,
      267, 295, 296, -1,
      267, 296, 269, -1,
      269, 296, 297, -1,
      269, 297, 271, -1,
      271, 297, 298, -1,
      271, 298, 273, -1,
      273, 298, 291, -1,
      273, 291, 275, -1,
      260, 283, 299, -1,
      260, 299, 261, -1,
      261, 299, 300, -1,
      261, 300, 263, -1,
      263, 300, 301, -1,
      263, 301, 265, -1,
      265, 301, 295, -1,
      265, 295, 267, -1,
    ]
  }
}

Shape {
  appearance Appearance {
    material Material {
      diffuseColor 0.2510 0.2510 0.2510
      specularColor 0.1255 0.1255 0.1255
      ambientIntensity 0.2
      transparency 0.0000
      shininess 0.5
    }
  }
  geometry IndexedFaceSet {
    ccw TRUE
    solid FALSE
    coord DEF co Coordinate {
      point [
        -0.167530 0.420759 0.196850,
        -0.173130 0.420759 0.196850,
        -0.173130 0.392180 0.196850,
        -0.167747 0.392180 0.196850,
        -0.156727 0.396046 0.196850,
        -0.157169 0.395635 0.196850,
        -0.159561 0.393976 0.196850,
        -0.162626 0.392790 0.196850,
        -0.152766 0.406830 0.196850,
        -0.152906 0.404333 0.196850,
        -0.153647 0.400970 0.196850,
        -0.154943 0.398238 0.196850,
        -0.156831 0.417272 0.196850,
        -0.155790 0.416244 0.196850,
        -0.154355 0.414165 0.196850,
        -0.153312 0.411454 0.196850,
        -0.167217 0.420757 0.196850,
        -0.162451 0.420156 0.196850,
        -0.159289 0.418943 0.196850,
      ]
    }
    coordIndex [
      6, 5, 16, -1,
      1, 2, 0, -1,
      0, 2, 3, -1,
      0, 3, 16, -1,
      16, 3, 7, -1,
      16, 7, 6, -1,
      5, 4, 16, -1,
      16, 4, 11, -1,
      16, 11, 10, -1,
      8, 12, 18, -1,
      15, 14, 8, -1,
      8, 14, 13, -1,
      8, 13, 12, -1,
      10, 9, 16, -1,
      16, 9, 8, -1,
      16, 8, 17, -1,
      17, 8, 18, -1,
    ]
  }
}

Shape {
  appearance Appearance {
    material Material {
      diffuseColor 1.0000 1.0000 1.0000
      specularColor 0.5020 0.5020 0.5020
      ambientIntensity 0.2
      transparency 0.0000
      shininess 0.5
    }
  }
  geometry IndexedFaceSet {
    ccw TRUE
    solid FALSE
    coord DEF co Coordinate {
      point [
        -0.121392 0.398093 0.196850,
        -0.136828 0.398093 0.196850,
        -0.140391 0.387954 0.196850,
        -0.133462 0.420030 0.196850,
        -0.117611 0.387954 0.196850,
        -0.112324 0.387954 0.196850,
        -0.124541 0.420030 0.196850,
        -0.126443 0.425023 0.196850,
        -0.145678 0.387954 0.196850,
        -0.131559 0.425023 0.196850,
        -0.135312 0.402281 0.200787,
        -0.136828 0.398093 0.200787,
        -0.122870 0.402281 0.200787,
        -0.121392 0.398093 0.200787,
        -0.129769 0.417689 0.200787,
        -0.131559 0.425023 0.200787,
        -0.145678 0.387954 0.200787,
        -0.140391 0.387954 0.200787,
        -0.129448 0.418795 0.200787,
        -0.129162 0.420285 0.200787,
        -0.126443 0.425023 0.200787,
        -0.129048 0.420285 0.200787,
        -0.128749 0.418717 0.200787,
        -0.128470 0.417689 0.200787,
        -0.112324 0.387954 0.200787,
        -0.117611 0.387954 0.200787,
        -0.135312 0.402281 0.196850,
        -0.122870 0.402281 0.196850,
        -0.128470 0.417689 0.196850,
        -0.129048 0.420285 0.196850,
        -0.128749 0.418717 0.196850,
        -0.129162 0.420285 0.196850,
        -0.129769 0.417689 0.196850,
        -0.129448 0.418795 0.196850,
      ]
    }
    coordIndex [
      10, 11, 12, -1,
      12, 11, 13, -1,
      14, 15, 10, -1,
      10, 15, 16, -1,
      10, 16, 11, -1,
      11, 16, 17, -1,
      14, 18, 15, -1,
      15, 18, 19, -1,
      15, 19, 20, -1,
      20, 19, 21, -1,
      20, 21, 22, -1,
      22, 23, 20, -1,
      20, 23, 12, -1,
      20, 12, 24, -1,
      24, 12, 13, -1,
      24, 13, 25, -1,
      24, 5, 20, -1,
      20, 5, 6, -1,
      20, 6, 7, -1,
      15, 20, 9, -1,
      9, 20, 7, -1,
      8, 16, 3, -1,
      3, 16, 15, -1,
      3, 15, 9, -1,
      17, 16, 2, -1,
      2, 16, 8, -1,
      11, 17, 1, -1,
      1, 17, 2, -1,
      13, 11, 0, -1,
      0, 11, 1, -1,
      25, 13, 4, -1,
      4, 13, 0, -1,
      24, 25, 5, -1,
      5, 25, 4, -1,
      10, 12, 26, -1,
      26, 12, 27, -1,
      12, 23, 27, -1,
      27, 23, 28, -1,
      21, 29, 30, -1,
      21, 30, 22, -1,
      22, 30, 28, -1,
      22, 28, 23, -1,
      21, 19, 29, -1,
      29, 19, 31, -1,
      14, 32, 33, -1,
      14, 33, 18, -1,
      18, 33, 31, -1,
      18, 31, 19, -1,
      14, 10, 32, -1,
      32, 10, 26, -1,
    ]
  }
}

Shape {
  appearance Appearance {
    material Material {
      diffuseColor 0.2510 0.2510 0.2510
      specularColor 0.1255 0.1255 0.1255
      ambientIntensity 0.2
      transparency 0.0000
      shininess 0.5
    }
  }
  geometry IndexedFaceSet {
    ccw TRUE
    solid FALSE
    coord DEF co Coordinate {
      point [
        -0.135312 0.402281 0.196850,
        -0.122870 0.402281 0.196850,
        -0.128470 0.417689 0.196850,
        -0.129048 0.420285 0.196850,
        -0.128749 0.418717 0.196850,
        -0.129162 0.420285 0.196850,
        -0.129769 0.417689 0.196850,
        -0.129448 0.418795 0.196850,
      ]
    }
    coordIndex [
      3, 5, 4, -1,
      4, 5, 7, -1,
      4, 7, 2, -1,
      2, 7, 6, -1,
      2, 6, 1, -1,
      1, 6, 0, -1,
    ]
  }
}

Shape {
  appearance Appearance {
    material Material {
      diffuseColor 1.0000 1.0000 1.0000
      specularColor 0.5020 0.5020 0.5020
      ambientIntensity 0.2
      transparency 0.0000
      shininess 0.5
    }
  }
  geometry IndexedFaceSet {
    ccw TRUE
    solid FALSE
    coord DEF co Coordinate {
      point [
        -0.433670 0.418639 0.196850,
        -0.429063 0.414445 0.196850,
        -0.418372 0.420030 0.196850,
        -0.504176 0.442170 0.196850,
        -0.502279 0.446448 0.196850,
        -0.345937 0.446448 0.196850,
        -0.347677 0.448873 0.196850,
        -0.354824 0.454920 0.196850,
        -0.388624 0.487282 0.196850,
        -0.384084 0.484142 0.196850,
        -0.378197 0.480070 0.196850,
        -0.369162 0.469509 0.196850,
        -0.363965 0.459250 0.196850,
        -0.362667 0.458813 0.196850,
        -0.438310 0.487961 0.196850,
        -0.426093 0.492407 0.196850,
        -0.414041 0.493776 0.196850,
        -0.401717 0.492304 0.196850,
        -0.499969 0.451657 0.196850,
        -0.496642 0.455922 0.196850,
        -0.493635 0.459777 0.196850,
        -0.473706 0.471145 0.196850,
        -0.463326 0.472427 0.196850,
        -0.491853 0.461463 0.196850,
        -0.483470 0.467355 0.196850,
        -0.444604 0.484142 0.196850,
        -0.445667 0.483497 0.196850,
        -0.451861 0.478193 0.196850,
        -0.460294 0.472263 0.196850,
        -0.457264 0.471900 0.196850,
        -0.504748 0.419413 0.196850,
        -0.504824 0.420030 0.196850,
        -0.506022 0.429731 0.196850,
        -0.505947 0.432265 0.196850,
        -0.500973 0.409600 0.196850,
        -0.496642 0.403416 0.196850,
        -0.473868 0.388353 0.196850,
        -0.477194 0.389348 0.196850,
        -0.486720 0.393986 0.196850,
        -0.494952 0.401004 0.196850,
        -0.462148 0.373974 0.196850,
        -0.467304 0.377860 0.196850,
        -0.471224 0.382696 0.196850,
        -0.473535 0.387642 0.196850,
        -0.456067 0.371420 0.196850,
        -0.459728 0.372958 0.196850,
        -0.437918 0.372958 0.196850,
        -0.442450 0.371217 0.196850,
        -0.448830 0.370431 0.196850,
        -0.449844 0.370450 0.196850,
        -0.424134 0.387642 0.196850,
        -0.424159 0.387538 0.196850,
        -0.427277 0.381664 0.196850,
        -0.431322 0.377128 0.196850,
        -0.436572 0.373475 0.196850,
        -0.338476 0.420030 0.196850,
        -0.339083 0.415315 0.196850,
        -0.390481 0.403190 0.196850,
        -0.388673 0.403904 0.196850,
        -0.385576 0.418926 0.196850,
        -0.347624 0.399686 0.196850,
        -0.354796 0.393615 0.196850,
        -0.392102 0.402041 0.196850,
        -0.386631 0.404166 0.196850,
        -0.386374 0.404148 0.196850,
        -0.385583 0.403973 0.196850,
        -0.342394 0.406971 0.196850,
        -0.394801 0.395996 0.196850,
        -0.394734 0.397036 0.196850,
        -0.422474 0.399422 0.196850,
        -0.394205 0.399042 0.196850,
        -0.393191 0.400840 0.196850,
        -0.359563 0.410520 0.196850,
        -0.356663 0.414631 0.196850,
        -0.388643 0.388065 0.196850,
        -0.390386 0.388751 0.196850,
        -0.392095 0.389967 0.196850,
        -0.392708 0.390590 0.196850,
        -0.393857 0.392246 0.196850,
        -0.394551 0.394033 0.196850,
        -0.422617 0.394044 0.196850,
        -0.422474 0.396787 0.196850,
        -0.362838 0.389680 0.196850,
        -0.371608 0.387826 0.196850,
        -0.387157 0.387826 0.196850,
        -0.385049 0.403903 0.196850,
        -0.373189 0.403903 0.196850,
        -0.368458 0.404809 0.196850,
        -0.363807 0.406964 0.196850,
        -0.359911 0.410146 0.196850,
        -0.445624 0.423216 0.196850,
        -0.439262 0.421636 0.196850,
        -0.377193 0.446448 0.196850,
        -0.448830 0.423406 0.196850,
        -0.354846 0.419328 0.196850,
        -0.354759 0.420030 0.196850,
        -0.386222 0.420030 0.196850,
        -0.354213 0.424460 0.196850,
        -0.354342 0.426771 0.196850,
        -0.455123 0.422630 0.196850,
        -0.483638 0.446448 0.196850,
        -0.460944 0.420404 0.196850,
        -0.486374 0.442517 0.196850,
        -0.488631 0.436638 0.196850,
        -0.487296 0.420030 0.196850,
        -0.461483 0.420030 0.196850,
        -0.489102 0.426196 0.196850,
        -0.489418 0.430258 0.196850,
        -0.361070 0.439772 0.196850,
        -0.365157 0.442627 0.196850,
        -0.355581 0.431833 0.196850,
        -0.358032 0.436380 0.196850,
        -0.376879 0.445018 0.196850,
        -0.393746 0.432894 0.196850,
        -0.374770 0.445018 0.196850,
        -0.369757 0.444399 0.196850,
        -0.436264 0.420030 0.196850,
        -0.487213 0.419746 0.196850,
        -0.470691 0.411678 0.196850,
        -0.466333 0.416659 0.196850,
        -0.484073 0.414404 0.196850,
        -0.479348 0.409549 0.196850,
        -0.473604 0.406011 0.196850,
        -0.382559 0.460849 0.196850,
        -0.388504 0.467951 0.196850,
        -0.449093 0.452661 0.196850,
        -0.389170 0.468558 0.196850,
        -0.396576 0.473697 0.196850,
        -0.445068 0.460996 0.196850,
        -0.450973 0.453689 0.196850,
        -0.378493 0.452357 0.196850,
        -0.456883 0.455849 0.196850,
        -0.463062 0.456614 0.196850,
        -0.465804 0.456471 0.196850,
        -0.439157 0.468058 0.196850,
        -0.404841 0.476863 0.196850,
        -0.432088 0.473223 0.196850,
        -0.413777 0.477962 0.196850,
        -0.423478 0.476713 0.196850,
        -0.472311 0.454930 0.196850,
        -0.478185 0.451811 0.196850,
        -0.482720 0.447766 0.196850,
        -0.342298 0.441374 0.196850,
        -0.339078 0.433325 0.196850,
        -0.337872 0.424724 0.196850,
        -0.471224 0.382696 0.200787,
        -0.467304 0.377860 0.200787,
        -0.473604 0.406011 0.200787,
        -0.478185 0.451811 0.200787,
        -0.472311 0.454930 0.200787,
        -0.473706 0.471145 0.200787,
        -0.457264 0.471900 0.200787,
        -0.449093 0.452661 0.200787,
        -0.445068 0.460996 0.200787,
        -0.422474 0.396787 0.200787,
        -0.422474 0.399422 0.200787,
        -0.444830 0.405870 0.200787,
        -0.447314 0.406646 0.200787,
        -0.479348 0.409549 0.200787,
        -0.477194 0.389348 0.200787,
        -0.473868 0.388353 0.200787,
        -0.463326 0.472427 0.200787,
        -0.440876 0.402695 0.200787,
        -0.439644 0.400578 0.200787,
        -0.422617 0.394044 0.200787,
        -0.385576 0.418926 0.200787,
        -0.393746 0.432894 0.200787,
        -0.429063 0.414445 0.200787,
        -0.449093 0.406802 0.200787,
        -0.451625 0.406483 0.200787,
        -0.455123 0.422630 0.200787,
        -0.453930 0.405586 0.200787,
        -0.460944 0.420404 0.200787,
        -0.455996 0.404131 0.200787,
        -0.466333 0.416659 0.200787,
        -0.457169 0.402879 0.200787,
        -0.470691 0.411678 0.200787,
        -0.458501 0.400676 0.200787,
        -0.459240 0.398183 0.200787,
        -0.459333 0.395612 0.200787,
        -0.439262 0.421636 0.200787,
        -0.445624 0.423216 0.200787,
        -0.448830 0.423406 0.200787,
        -0.442646 0.404520 0.200787,
        -0.376879 0.445018 0.200787,
        -0.374770 0.445018 0.200787,
        -0.363965 0.459250 0.200787,
        -0.369757 0.444399 0.200787,
        -0.362667 0.458813 0.200787,
        -0.365157 0.442627 0.200787,
        -0.354824 0.454920 0.200787,
        -0.347677 0.448873 0.200787,
        -0.451861 0.478193 0.200787,
        -0.439157 0.468058 0.200787,
        -0.445667 0.483497 0.200787,
        -0.432088 0.473223 0.200787,
        -0.438310 0.487961 0.200787,
        -0.465804 0.456471 0.200787,
        -0.463062 0.456614 0.200787,
        -0.460294 0.472263 0.200787,
        -0.456883 0.455849 0.200787,
        -0.450973 0.453689 0.200787,
        -0.458810 0.393155 0.200787,
        -0.457735 0.390956 0.200787,
        -0.433670 0.418639 0.200787,
        -0.347624 0.399686 0.200787,
        -0.359911 0.410146 0.200787,
        -0.354796 0.393615 0.200787,
        -0.363807 0.406964 0.200787,
        -0.362838 0.389680 0.200787,
        -0.368458 0.404809 0.200787,
        -0.371608 0.387826 0.200787,
        -0.373189 0.403903 0.200787,
        -0.387157 0.387826 0.200787,
        -0.385049 0.403903 0.200787,
        -0.388643 0.388065 0.200787,
        -0.361070 0.439772 0.200787,
        -0.358032 0.436380 0.200787,
        -0.342298 0.441374 0.200787,
        -0.355581 0.431833 0.200787,
        -0.339078 0.433325 0.200787,
        -0.354342 0.426771 0.200787,
        -0.337872 0.424724 0.200787,
        -0.354213 0.424460 0.200787,
        -0.339083 0.415315 0.200787,
        -0.354846 0.419328 0.200787,
        -0.342394 0.406971 0.200787,
        -0.356663 0.414631 0.200787,
        -0.359563 0.410520 0.200787,
        -0.378197 0.480070 0.200787,
        -0.388504 0.467951 0.200787,
        -0.369162 0.469509 0.200787,
        -0.382559 0.460849 0.200787,
        -0.378493 0.452357 0.200787,
        -0.488631 0.436638 0.200787,
        -0.505947 0.432265 0.200787,
        -0.489418 0.430258 0.200787,
        -0.506022 0.429731 0.200787,
        -0.489102 0.426196 0.200787,
        -0.504748 0.419413 0.200787,
        -0.487213 0.419746 0.200787,
        -0.500973 0.409600 0.200787,
        -0.484073 0.414404 0.200787,
        -0.494952 0.401004 0.200787,
        -0.486720 0.393986 0.200787,
        -0.438947 0.398181 0.200787,
        -0.438854 0.395627 0.200787,
        -0.424159 0.387538 0.200787,
        -0.439413 0.393080 0.200787,
        -0.427277 0.381664 0.200787,
        -0.440581 0.390775 0.200787,
        -0.431322 0.377128 0.200787,
        -0.442237 0.388870 0.200787,
        -0.436572 0.373475 0.200787,
        -0.444250 0.387454 0.200787,
        -0.442450 0.371217 0.200787,
        -0.446541 0.386562 0.200787,
        -0.448830 0.370431 0.200787,
        -0.449093 0.386244 0.200787,
        -0.449844 0.370450 0.200787,
        -0.449543 0.386254 0.200787,
        -0.456067 0.371420 0.200787,
        -0.451909 0.386640 0.200787,
        -0.462148 0.373974 0.200787,
        -0.454292 0.387663 0.200787,
        -0.456308 0.389209 0.200787,
        -0.426093 0.492407 0.200787,
        -0.423478 0.476713 0.200787,
        -0.414041 0.493776 0.200787,
        -0.413777 0.477962 0.200787,
        -0.401717 0.492304 0.200787,
        -0.404841 0.476863 0.200787,
        -0.388624 0.487282 0.200787,
        -0.396576 0.473697 0.200787,
        -0.389170 0.468558 0.200787,
        -0.483470 0.467355 0.200787,
        -0.491853 0.461463 0.200787,
        -0.482720 0.447766 0.200787,
        -0.493635 0.459777 0.200787,
        -0.486374 0.442517 0.200787,
        -0.499969 0.451657 0.200787,
        -0.504176 0.442170 0.200787,
        -0.386374 0.404148 0.200787,
        -0.392708 0.390590 0.200787,
        -0.392095 0.389967 0.200787,
        -0.385583 0.403973 0.200787,
        -0.390386 0.388751 0.200787,
        -0.394801 0.395996 0.200787,
        -0.394551 0.394033 0.200787,
        -0.393857 0.392246 0.200787,
        -0.388673 0.403904 0.200787,
        -0.390481 0.403190 0.200787,
        -0.394734 0.397036 0.200787,
        -0.392102 0.402041 0.200787,
        -0.393191 0.400840 0.200787,
        -0.394205 0.399042 0.200787,
        -0.386631 0.404166 0.200787,
        -0.449093 0.406802 0.196850,
        -0.447314 0.406646 0.196850,
        -0.444830 0.405870 0.196850,
        -0.442646 0.404520 0.196850,
        -0.440876 0.402695 0.196850,
        -0.439644 0.400578 0.196850,
        -0.438947 0.398181 0.196850,
        -0.438854 0.395627 0.196850,
        -0.439413 0.393080 0.196850,
        -0.440581 0.390775 0.196850,
        -0.442237 0.388870 0.196850,
        -0.444250 0.387454 0.196850,
        -0.446541 0.386562 0.196850,
        -0.449093 0.386244 0.196850,
        -0.449543 0.386254 0.196850,
        -0.451909 0.386640 0.196850,
        -0.454292 0.387663 0.196850,
        -0.456308 0.389209 0.196850,
        -0.457735 0.390956 0.196850,
        -0.458810 0.393155 0.196850,
        -0.459333 0.395612 0.196850,
        -0.459240 0.398183 0.196850,
        -0.458501 0.400676 0.196850,
        -0.457169 0.402879 0.196850,
        -0.455996 0.404131 0.196850,
        -0.453930 0.405586 0.196850,
        -0.451625 0.406483 0.196850,
      ]
    }
    coordIndex [
      145, 146, 147, -1,
      148, 149, 150, -1,
      151, 152, 153, -1,
      154, 155, 156, -1,
      156, 155, 157, -1,
      158, 159, 147, -1,
      147, 159, 160, -1,
      147, 160, 145, -1,
      150, 149, 161, -1,
      162, 163, 164, -1,
      165, 166, 155, -1,
      155, 166, 167, -1,
      155, 167, 157, -1,
      157, 167, 168, -1,
      169, 170, 171, -1,
      171, 170, 172, -1,
      171, 172, 173, -1,
      173, 172, 174, -1,
      173, 174, 175, -1,
      175, 174, 176, -1,
      175, 176, 177, -1,
      177, 176, 147, -1,
      177, 147, 178, -1,
      178, 147, 179, -1,
      180, 181, 169, -1,
      169, 181, 182, -1,
      169, 182, 170, -1,
      154, 156, 164, -1,
      164, 156, 183, -1,
      164, 183, 162, -1,
      184, 185, 186, -1,
      186, 185, 187, -1,
      186, 187, 188, -1,
      188, 187, 189, -1,
      188, 189, 190, -1,
      190, 189, 191, -1,
      151, 153, 192, -1,
      192, 153, 193, -1,
      192, 193, 194, -1,
      194, 193, 195, -1,
      194, 195, 196, -1,
      149, 197, 161, -1,
      161, 197, 198, -1,
      161, 198, 199, -1,
      199, 198, 200, -1,
      199, 200, 151, -1,
      151, 200, 201, -1,
      151, 201, 152, -1,
      179, 147, 202, -1,
      202, 147, 146, -1,
      202, 146, 203, -1,
      168, 167, 169, -1,
      169, 167, 204, -1,
      169, 204, 180, -1,
      205, 206, 207, -1,
      207, 206, 208, -1,
      207, 208, 209, -1,
      209, 208, 210, -1,
      209, 210, 211, -1,
      211, 210, 212, -1,
      211, 212, 213, -1,
      213, 212, 214, -1,
      213, 214, 215, -1,
      189, 216, 191, -1,
      191, 216, 217, -1,
      191, 217, 218, -1,
      218, 217, 219, -1,
      218, 219, 220, -1,
      220, 219, 221, -1,
      220, 221, 222, -1,
      222, 221, 223, -1,
      222, 223, 224, -1,
      224, 223, 225, -1,
      224, 225, 226, -1,
      226, 225, 227, -1,
      226, 227, 205, -1,
      205, 227, 228, -1,
      205, 228, 206, -1,
      229, 230, 231, -1,
      231, 230, 232, -1,
      231, 232, 186, -1,
      186, 232, 233, -1,
      186, 233, 184, -1,
      234, 235, 236, -1,
      236, 235, 237, -1,
      236, 237, 238, -1,
      238, 237, 239, -1,
      238, 239, 240, -1,
      240, 239, 241, -1,
      240, 241, 242, -1,
      242, 241, 243, -1,
      242, 243, 158, -1,
      158, 243, 244, -1,
      158, 244, 159, -1,
      163, 245, 164, -1,
      164, 245, 246, -1,
      164, 246, 247, -1,
      247, 246, 248, -1,
      247, 248, 249, -1,
      249, 248, 250, -1,
      249, 250, 251, -1,
      251, 250, 252, -1,
      251, 252, 253, -1,
      253, 252, 254, -1,
      253, 254, 255, -1,
      255, 254, 256, -1,
      255, 256, 257, -1,
      257, 256, 258, -1,
      257, 258, 259, -1,
      259, 258, 260, -1,
      259, 260, 261, -1,
      261, 260, 262, -1,
      261, 262, 263, -1,
      263, 262, 264, -1,
      263, 264, 146, -1,
      146, 264, 265, -1,
      146, 265, 203, -1,
      196, 195, 266, -1,
      266, 195, 267, -1,
      266, 267, 268, -1,
      268, 267, 269, -1,
      268, 269, 270, -1,
      270, 269, 271, -1,
      270, 271, 272, -1,
      272, 271, 273, -1,
      272, 273, 229, -1,
      229, 273, 274, -1,
      229, 274, 230, -1,
      150, 275, 148, -1,
      148, 275, 276, -1,
      148, 276, 277, -1,
      277, 276, 278, -1,
      277, 278, 279, -1,
      279, 278, 280, -1,
      279, 280, 234, -1,
      234, 280, 281, -1,
      234, 281, 235, -1,
      282, 283, 284, -1,
      214, 285, 215, -1,
      215, 285, 282, -1,
      215, 282, 286, -1,
      286, 282, 284, -1,
      287, 288, 282, -1,
      282, 288, 289, -1,
      282, 289, 283, -1,
      290, 291, 292, -1,
      291, 293, 292, -1,
      292, 293, 294, -1,
      292, 294, 295, -1,
      287, 282, 292, -1,
      292, 282, 296, -1,
      292, 296, 290, -1,
      142, 220, 143, -1,
      143, 220, 222, -1,
      143, 222, 144, -1,
      5, 191, 142, -1,
      142, 191, 218, -1,
      142, 218, 220, -1,
      5, 6, 191, -1,
      191, 6, 7, -1,
      191, 7, 190, -1,
      190, 7, 13, -1,
      190, 13, 188, -1,
      188, 13, 12, -1,
      188, 12, 186, -1,
      186, 12, 11, -1,
      186, 11, 231, -1,
      231, 11, 10, -1,
      231, 10, 229, -1,
      229, 10, 272, -1,
      272, 10, 9, -1,
      9, 8, 272, -1,
      272, 8, 17, -1,
      272, 17, 270, -1,
      270, 17, 16, -1,
      270, 16, 268, -1,
      26, 194, 25, -1,
      25, 194, 196, -1,
      25, 196, 14, -1,
      14, 196, 266, -1,
      14, 266, 15, -1,
      15, 266, 268, -1,
      15, 268, 16, -1,
      194, 26, 27, -1,
      194, 27, 192, -1,
      192, 27, 29, -1,
      192, 29, 151, -1,
      151, 29, 28, -1,
      151, 28, 199, -1,
      199, 28, 22, -1,
      199, 22, 161, -1,
      161, 22, 21, -1,
      161, 21, 150, -1,
      150, 21, 24, -1,
      150, 24, 275, -1,
      275, 24, 23, -1,
      275, 23, 276, -1,
      276, 23, 20, -1,
      276, 20, 278, -1,
      4, 281, 18, -1,
      18, 281, 280, -1,
      18, 280, 19, -1,
      19, 280, 278, -1,
      19, 278, 20, -1,
      4, 3, 281, -1,
      281, 3, 33, -1,
      281, 33, 235, -1,
      235, 33, 32, -1,
      235, 32, 237, -1,
      34, 241, 239, -1,
      237, 32, 31, -1,
      237, 31, 239, -1,
      239, 31, 30, -1,
      239, 30, 34, -1,
      241, 34, 243, -1,
      243, 34, 35, -1,
      243, 35, 39, -1,
      243, 39, 38, -1,
      243, 38, 244, -1,
      244, 38, 37, -1,
      244, 37, 159, -1,
      159, 37, 36, -1,
      159, 36, 160, -1,
      160, 36, 43, -1,
      160, 43, 145, -1,
      43, 42, 145, -1,
      145, 42, 41, -1,
      145, 41, 146, -1,
      146, 41, 40, -1,
      146, 40, 263, -1,
      263, 40, 45, -1,
      263, 45, 261, -1,
      45, 44, 261, -1,
      261, 44, 49, -1,
      261, 49, 259, -1,
      259, 49, 48, -1,
      259, 48, 257, -1,
      81, 154, 164, -1,
      257, 48, 47, -1,
      257, 47, 255, -1,
      255, 47, 46, -1,
      255, 46, 253, -1,
      46, 54, 253, -1,
      253, 54, 53, -1,
      253, 53, 251, -1,
      251, 53, 52, -1,
      251, 52, 249, -1,
      249, 52, 51, -1,
      249, 51, 247, -1,
      247, 51, 50, -1,
      247, 50, 164, -1,
      164, 50, 80, -1,
      164, 80, 81, -1,
      155, 154, 69, -1,
      69, 154, 81, -1,
      165, 155, 59, -1,
      59, 155, 69, -1,
      113, 166, 96, -1,
      96, 166, 165, -1,
      96, 165, 59, -1,
      166, 113, 167, -1,
      167, 113, 2, -1,
      167, 2, 1, -1,
      167, 1, 0, -1,
      167, 0, 204, -1,
      204, 0, 116, -1,
      204, 116, 180, -1,
      116, 91, 180, -1,
      180, 91, 90, -1,
      180, 90, 181, -1,
      181, 90, 93, -1,
      181, 93, 182, -1,
      182, 93, 99, -1,
      182, 99, 170, -1,
      170, 99, 101, -1,
      170, 101, 172, -1,
      172, 101, 105, -1,
      172, 105, 174, -1,
      105, 119, 174, -1,
      174, 119, 118, -1,
      174, 118, 176, -1,
      176, 118, 122, -1,
      176, 122, 147, -1,
      107, 236, 238, -1,
      147, 122, 121, -1,
      147, 121, 158, -1,
      158, 121, 120, -1,
      158, 120, 242, -1,
      242, 120, 117, -1,
      242, 117, 240, -1,
      240, 117, 104, -1,
      240, 104, 238, -1,
      238, 104, 106, -1,
      238, 106, 107, -1,
      236, 107, 103, -1,
      236, 103, 234, -1,
      234, 103, 102, -1,
      234, 102, 279, -1,
      279, 102, 100, -1,
      279, 100, 277, -1,
      100, 141, 277, -1,
      277, 141, 140, -1,
      277, 140, 148, -1,
      148, 140, 139, -1,
      148, 139, 149, -1,
      149, 139, 133, -1,
      149, 133, 197, -1,
      197, 133, 132, -1,
      197, 132, 198, -1,
      198, 132, 131, -1,
      198, 131, 200, -1,
      200, 131, 129, -1,
      200, 129, 201, -1,
      201, 129, 125, -1,
      201, 125, 152, -1,
      152, 125, 128, -1,
      152, 128, 153, -1,
      153, 128, 134, -1,
      153, 134, 193, -1,
      193, 134, 136, -1,
      193, 136, 195, -1,
      195, 136, 138, -1,
      195, 138, 267, -1,
      267, 138, 137, -1,
      267, 137, 269, -1,
      112, 184, 92, -1,
      92, 184, 233, -1,
      92, 233, 130, -1,
      130, 233, 232, -1,
      130, 232, 123, -1,
      123, 232, 230, -1,
      123, 230, 124, -1,
      124, 230, 274, -1,
      124, 274, 126, -1,
      126, 274, 273, -1,
      126, 273, 127, -1,
      127, 273, 271, -1,
      127, 271, 135, -1,
      135, 271, 269, -1,
      135, 269, 137, -1,
      185, 184, 114, -1,
      114, 184, 112, -1,
      185, 114, 115, -1,
      185, 115, 187, -1,
      187, 115, 109, -1,
      187, 109, 189, -1,
      189, 109, 108, -1,
      189, 108, 216, -1,
      216, 108, 111, -1,
      216, 111, 217, -1,
      217, 111, 110, -1,
      217, 110, 219, -1,
      219, 110, 98, -1,
      219, 98, 221, -1,
      221, 98, 97, -1,
      221, 97, 223, -1,
      97, 95, 223, -1,
      223, 95, 225, -1,
      95, 94, 225, -1,
      225, 94, 73, -1,
      225, 73, 227, -1,
      227, 73, 72, -1,
      227, 72, 228, -1,
      228, 72, 89, -1,
      228, 89, 206, -1,
      206, 89, 88, -1,
      206, 88, 208, -1,
      208, 88, 87, -1,
      208, 87, 210, -1,
      210, 87, 86, -1,
      210, 86, 212, -1,
      214, 212, 85, -1,
      85, 212, 86, -1,
      214, 85, 65, -1,
      214, 65, 285, -1,
      285, 65, 64, -1,
      285, 64, 282, -1,
      282, 64, 63, -1,
      282, 63, 296, -1,
      296, 63, 58, -1,
      296, 58, 290, -1,
      290, 58, 57, -1,
      290, 57, 291, -1,
      291, 57, 62, -1,
      291, 62, 293, -1,
      293, 62, 71, -1,
      293, 71, 294, -1,
      294, 71, 70, -1,
      294, 70, 295, -1,
      295, 70, 68, -1,
      295, 68, 292, -1,
      292, 68, 67, -1,
      292, 67, 287, -1,
      287, 67, 79, -1,
      287, 79, 288, -1,
      288, 79, 78, -1,
      288, 78, 289, -1,
      289, 78, 77, -1,
      289, 77, 283, -1,
      283, 77, 76, -1,
      283, 76, 284, -1,
      284, 76, 75, -1,
      284, 75, 286, -1,
      286, 75, 74, -1,
      286, 74, 215, -1,
      215, 74, 84, -1,
      215, 84, 213, -1,
      211, 213, 83, -1,
      83, 213, 84, -1,
      211, 83, 82, -1,
      211, 82, 209, -1,
      209, 82, 61, -1,
      209, 61, 207, -1,
      207, 61, 60, -1,
      207, 60, 205, -1,
      205, 60, 66, -1,
      205, 66, 226, -1,
      226, 66, 56, -1,
      226, 56, 224, -1,
      224, 56, 222, -1,
      222, 56, 55, -1,
      222, 55, 144, -1,
      168, 297, 298, -1,
      168, 298, 157, -1,
      157, 298, 299, -1,
      157, 299, 156, -1,
      156, 299, 300, -1,
      156, 300, 183, -1,
      183, 300, 301, -1,
      183, 301, 162, -1,
      162, 301, 302, -1,
      162, 302, 163, -1,
      163, 302, 303, -1,
      163, 303, 245, -1,
      245, 303, 304, -1,
      245, 304, 246, -1,
      246, 304, 305, -1,
      246, 305, 248, -1,
      248, 305, 306, -1,
      248, 306, 250, -1,
      250, 306, 307, -1,
      250, 307, 252, -1,
      252, 307, 308, -1,
      252, 308, 254, -1,
      254, 308, 309, -1,
      254, 309, 256, -1,
      256, 309, 310, -1,
      256, 310, 258, -1,
      258, 310, 311, -1,
      258, 311, 260, -1,
      260, 311, 312, -1,
      260, 312, 262, -1,
      262, 312, 313, -1,
      262, 313, 264, -1,
      264, 313, 314, -1,
      264, 314, 265, -1,
      265, 314, 315, -1,
      265, 315, 203, -1,
      203, 315, 316, -1,
      203, 316, 202, -1,
      202, 316, 317, -1,
      202, 317, 179, -1,
      179, 317, 318, -1,
      179, 318, 178, -1,
      178, 318, 319, -1,
      178, 319, 177, -1,
      177, 319, 320, -1,
      177, 320, 175, -1,
      175, 320, 321, -1,
      175, 321, 173, -1,
      173, 321, 322, -1,
      173, 322, 171, -1,
      171, 322, 323, -1,
      171, 323, 169, -1,
      169, 323, 297, -1,
      169, 297, 168, -1,
    ]
  }
}

Shape {
  appearance Appearance {
    material Material {
      diffuseColor 0.2510 0.2510 0.2510
      specularColor 0.1255 0.1255 0.1255
      ambientIntensity 0.2
      transparency 0.0000
      shininess 0.5
    }
  }
  geometry IndexedFaceSet {
    ccw TRUE
    solid FALSE
    coord DEF co Coordinate {
      point [
        -0.449093 0.406802 0.196850,
        -0.447314 0.406646 0.196850,
        -0.444830 0.405870 0.196850,
        -0.442646 0.404520 0.196850,
        -0.440876 0.402695 0.196850,
        -0.439644 0.400578 0.196850,
        -0.438947 0.398181 0.196850,
        -0.438854 0.395627 0.196850,
        -0.439413 0.393080 0.196850,
        -0.440581 0.390775 0.196850,
        -0.442237 0.388870 0.196850,
        -0.444250 0.387454 0.196850,
        -0.446541 0.386562 0.196850,
        -0.449093 0.386244 0.196850,
        -0.449543 0.386254 0.196850,
        -0.451909 0.386640 0.196850,
        -0.454292 0.387663 0.196850,
        -0.456308 0.389209 0.196850,
        -0.457735 0.390956 0.196850,
        -0.458810 0.393155 0.196850,
        -0.459333 0.395612 0.196850,
        -0.459240 0.398183 0.196850,
        -0.458501 0.400676 0.196850,
        -0.457169 0.402879 0.196850,
        -0.455996 0.404131 0.196850,
        -0.453930 0.405586 0.196850,
        -0.451625 0.406483 0.196850,
      ]
    }
    coordIndex [
      14, 24, 23, -1,
      0, 26, 14, -1,
      14, 26, 25, -1,
      14, 25, 24, -1,
      19, 18, 23, -1,
      23, 18, 17, -1,
      0, 14, 1, -1,
      1, 14, 13, -1,
      1, 13, 12, -1,
      9, 5, 10, -1,
      10, 5, 4, -1,
      10, 4, 3, -1,
      12, 11, 1, -1,
      1, 11, 10, -1,
      1, 10, 2, -1,
      2, 10, 3, -1,
      22, 21, 23, -1,
      23, 21, 20, -1,
      23, 20, 19, -1,
      17, 16, 23, -1,
      23, 16, 15, -1,
      23, 15, 14, -1,
      8, 7, 9, -1,
      9, 7, 6, -1,
      9, 6, 5, -1,
    ]
  }
}
