#VRML V2.0 utf8

Shape {
  appearance Appearance {
    material Material {
      diffuseColor 0.2980 0.2980 0.2980
      specularColor 0.0902 0.0902 0.0902
      ambientIntensity 0.2
      transparency 0.0000
      shininess 0.5
    }
  }
  geometry IndexedFaceSet {
    ccw TRUE
    solid FALSE
    coord DEF co Coordinate {
      point [
        -0.866142 -0.629921 0.157480,
        -0.984252 -0.511811 0.275591,
        -0.866142 -0.629921 0.078740,
        -0.984252 -0.511811 0.000000,
        -0.669291 -0.826772 0.078740,
        -0.511811 -0.984252 0.000000,
        -0.669291 -0.826772 0.157480,
        -0.511811 -0.984252 0.275591,
        -0.669291 0.826772 0.157480,
        -0.511811 0.984252 0.275591,
        -0.669291 0.826772 0.078740,
        -0.511811 0.984252 0.000000,
        -0.866142 0.629921 0.078740,
        -0.984252 0.511811 0.000000,
        -0.866142 0.629921 0.157480,
        -0.984252 0.511811 0.275591,
        0.511811 0.984252 0.275591,
        0.511811 0.984252 0.000000,
        0.511811 -0.984252 0.275591,
        0.511811 -0.984252 0.000000,
        0.866142 -0.629921 0.157480,
        0.984252 -0.511811 0.275591,
        0.669291 -0.826772 0.157480,
        0.669291 -0.826772 0.078740,
        0.866142 -0.629921 0.078740,
        0.984252 -0.511811 0.000000,
        0.984252 0.511811 0.275591,
        0.984252 0.511811 0.000000,
        0.669291 0.826772 0.157480,
        0.866142 0.629921 0.157480,
        0.866142 0.629921 0.078740,
        0.669291 0.826772 0.078740,
      ]
    }
    coordIndex [
      0, 1, 2, -1,
      2, 1, 3, -1,
      2, 3, 4, -1,
      4, 3, 5, -1,
      4, 5, 6, -1,
      6, 5, 7, -1,
      6, 7, 0, -1,
      0, 7, 1, -1,
      8, 9, 10, -1,
      10, 9, 11, -1,
      10, 11, 12, -1,
      12, 11, 13, -1,
      12, 13, 14, -1,
      14, 13, 15, -1,
      14, 15, 8, -1,
      8, 15, 9, -1,
      9, 16, 11, -1,
      11, 16, 17, -1,
      1, 15, 3, -1,
      3, 15, 13, -1,
      18, 7, 19, -1,
      19, 7, 5, -1,
      20, 21, 22, -1,
      22, 21, 18, -1,
      22, 18, 23, -1,
      23, 18, 19, -1,
      23, 19, 24, -1,
      24, 19, 25, -1,
      24, 25, 20, -1,
      20, 25, 21, -1,
      26, 21, 27, -1,
      27, 21, 25, -1,
      28, 16, 29, -1,
      29, 16, 26, -1,
      29, 26, 30, -1,
      30, 26, 27, -1,
      30, 27, 31, -1,
      31, 27, 17, -1,
      31, 17, 28, -1,
      28, 17, 16, -1,
      7, 18, 1, -1,
      1, 18, 21, -1,
      1, 21, 15, -1,
      15, 21, 26, -1,
      15, 26, 9, -1,
      9, 26, 16, -1,
      25, 19, 27, -1,
      27, 19, 5, -1,
      27, 5, 17, -1,
      17, 5, 3, -1,
      17, 3, 11, -1,
      11, 3, 13, -1,
    ]
  }
}

Shape {
  appearance Appearance {
    material Material {
      diffuseColor 0.7686 0.7686 0.7686
      specularColor 0.6157 0.6157 0.6157
      ambientIntensity 0.2
      transparency 0.0000
      shininess 0.5
    }
  }
  geometry IndexedFaceSet {
    ccw TRUE
    solid FALSE
    coord DEF co Coordinate {
      point [
        -0.866142 -0.629921 0.157480,
        -0.866142 -0.629921 0.078740,
        -0.669291 -0.826772 0.078740,
        -0.669291 -0.826772 0.157480,
        -0.669291 0.826772 0.157480,
        -0.669291 0.826772 0.078740,
        -0.866142 0.629921 0.078740,
        -0.866142 0.629921 0.157480,
        0.866142 -0.629921 0.157480,
        0.669291 -0.826772 0.157480,
        0.669291 -0.826772 0.078740,
        0.866142 -0.629921 0.078740,
        0.669291 0.826772 0.157480,
        0.866142 0.629921 0.157480,
        0.866142 0.629921 0.078740,
        0.669291 0.826772 0.078740,
        1.014799 0.826772 0.078740,
        1.014799 0.629921 0.078740,
        1.014799 0.826772 0.157480,
        1.014799 0.629921 0.157480,
        1.279528 0.826772 0.059055,
        1.279528 0.826772 -0.019685,
        1.189925 0.826772 0.059055,
        1.189925 0.826772 -0.019685,
        1.279528 0.629921 0.059055,
        1.189925 0.629921 0.059055,
        1.279528 0.629921 -0.019685,
        1.189925 0.629921 -0.019685,
        1.180889 0.826772 0.060106,
        1.162817 0.826772 -0.016532,
        1.172335 0.826772 0.063203,
        1.137156 0.826772 -0.007242,
        1.164721 0.826772 0.068180,
        1.114313 0.826772 0.007691,
        1.164721 0.629921 0.068180,
        1.172335 0.629921 0.063203,
        1.180889 0.629921 0.060106,
        1.114313 0.629921 0.007691,
        1.137156 0.629921 -0.007242,
        1.162817 0.629921 -0.016532,
        1.090411 0.826772 0.130105,
        1.040003 0.826772 0.069615,
        1.090411 0.629921 0.130105,
        1.040003 0.629921 0.069615,
        1.023835 0.826772 0.077689,
        1.041907 0.826772 0.154328,
        1.032389 0.826772 0.074593,
        1.067568 0.826772 0.145037,
        1.067568 0.629921 0.145037,
        1.041907 0.629921 0.154328,
        1.032389 0.629921 0.074593,
        1.023835 0.629921 0.077689,
        1.014799 -0.629921 0.078740,
        1.014799 -0.826772 0.078740,
        1.014799 -0.629921 0.157480,
        1.014799 -0.826772 0.157480,
        1.279528 -0.629921 0.059055,
        1.279528 -0.629921 -0.019685,
        1.189925 -0.629921 0.059055,
        1.189925 -0.629921 -0.019685,
        1.279528 -0.826772 0.059055,
        1.189925 -0.826772 0.059055,
        1.279528 -0.826772 -0.019685,
        1.189925 -0.826772 -0.019685,
        1.180889 -0.629921 0.060106,
        1.162817 -0.629921 -0.016532,
        1.172335 -0.629921 0.063203,
        1.137156 -0.629921 -0.007242,
        1.164721 -0.629921 0.068180,
        1.114313 -0.629921 0.007691,
        1.164721 -0.826772 0.068180,
        1.172335 -0.826772 0.063203,
        1.180889 -0.826772 0.060106,
        1.114313 -0.826772 0.007691,
        1.137156 -0.826772 -0.007242,
        1.162817 -0.826772 -0.016532,
        1.090411 -0.629921 0.130105,
        1.040003 -0.629921 0.069615,
        1.090411 -0.826772 0.130105,
        1.040003 -0.826772 0.069615,
        1.023835 -0.629921 0.077689,
        1.041907 -0.629921 0.154328,
        1.032389 -0.629921 0.074593,
        1.067568 -0.629921 0.145037,
        1.067568 -0.826772 0.145037,
        1.041907 -0.826772 0.154328,
        1.032389 -0.826772 0.074593,
        1.023835 -0.826772 0.077689,
        -1.014799 0.629921 0.078740,
        -1.014799 0.826772 0.078740,
        -1.014799 0.629921 0.157480,
        -1.014799 0.826772 0.157480,
        -1.279528 0.629921 0.059055,
        -1.279528 0.629921 -0.019685,
        -1.189925 0.629921 0.059055,
        -1.189925 0.629921 -0.019685,
        -1.279528 0.826772 0.059055,
        -1.189925 0.826772 0.059055,
        -1.279528 0.826772 -0.019685,
        -1.189925 0.826772 -0.019685,
        -1.180889 0.629921 0.060106,
        -1.162817 0.629921 -0.016532,
        -1.172335 0.629921 0.063203,
        -1.137156 0.629921 -0.007242,
        -1.164721 0.629921 0.068180,
        -1.114313 0.629921 0.007691,
        -1.164721 0.826772 0.068180,
        -1.172335 0.826772 0.063203,
        -1.180889 0.826772 0.060106,
        -1.114313 0.826772 0.007691,
        -1.137156 0.826772 -0.007242,
        -1.162817 0.826772 -0.016532,
        -1.090411 0.629921 0.130105,
        -1.040003 0.629921 0.069615,
        -1.090411 0.826772 0.130105,
        -1.040003 0.826772 0.069615,
        -1.023835 0.629921 0.077689,
        -1.041907 0.629921 0.154328,
        -1.032389 0.629921 0.074593,
        -1.067568 0.629921 0.145037,
        -1.067568 0.826772 0.145037,
        -1.041907 0.826772 0.154328,
        -1.032389 0.826772 0.074593,
        -1.023835 0.826772 0.077689,
        -1.014799 -0.826772 0.078740,
        -1.014799 -0.629921 0.078740,
        -1.014799 -0.826772 0.157480,
        -1.014799 -0.629921 0.157480,
        -1.279528 -0.826772 0.059055,
        -1.279528 -0.826772 -0.019685,
        -1.189925 -0.826772 0.059055,
        -1.189925 -0.826772 -0.019685,
        -1.279528 -0.629921 0.059055,
        -1.189925 -0.629921 0.059055,
        -1.279528 -0.629921 -0.019685,
        -1.189925 -0.629921 -0.019685,
        -1.180889 -0.826772 0.060106,
        -1.162817 -0.826772 -0.016532,
        -1.172335 -0.826772 0.063203,
        -1.137156 -0.826772 -0.007242,
        -1.164721 -0.826772 0.068180,
        -1.114313 -0.826772 0.007691,
        -1.164721 -0.629921 0.068180,
        -1.172335 -0.629921 0.063203,
        -1.180889 -0.629921 0.060106,
        -1.114313 -0.629921 0.007691,
        -1.137156 -0.629921 -0.007242,
        -1.162817 -0.629921 -0.016532,
        -1.090411 -0.826772 0.130105,
        -1.040003 -0.826772 0.069615,
        -1.090411 -0.629921 0.130105,
        -1.040003 -0.629921 0.069615,
        -1.023835 -0.826772 0.077689,
        -1.041907 -0.826772 0.154328,
        -1.032389 -0.826772 0.074593,
        -1.067568 -0.826772 0.145037,
        -1.067568 -0.629921 0.145037,
        -1.041907 -0.629921 0.154328,
        -1.032389 -0.629921 0.074593,
        -1.023835 -0.629921 0.077689,
      ]
    }
    coordIndex [
      16, 17, 15, -1,
      15, 17, 14, -1,
      18, 16, 12, -1,
      12, 16, 15, -1,
      19, 18, 13, -1,
      13, 18, 12, -1,
      17, 19, 14, -1,
      14, 19, 13, -1,
      20, 21, 22, -1,
      22, 21, 23, -1,
      24, 20, 25, -1,
      25, 20, 22, -1,
      26, 24, 27, -1,
      27, 24, 25, -1,
      21, 26, 23, -1,
      23, 26, 27, -1,
      22, 23, 28, -1,
      28, 23, 29, -1,
      28, 29, 30, -1,
      30, 29, 31, -1,
      30, 31, 32, -1,
      32, 31, 33, -1,
      32, 34, 30, -1,
      30, 34, 35, -1,
      30, 35, 28, -1,
      28, 35, 36, -1,
      28, 36, 22, -1,
      22, 36, 25, -1,
      34, 37, 35, -1,
      35, 37, 38, -1,
      35, 38, 36, -1,
      36, 38, 39, -1,
      36, 39, 25, -1,
      25, 39, 27, -1,
      23, 27, 39, -1,
      23, 39, 29, -1,
      29, 39, 38, -1,
      29, 38, 31, -1,
      31, 38, 37, -1,
      31, 37, 33, -1,
      32, 33, 40, -1,
      40, 33, 41, -1,
      34, 32, 42, -1,
      42, 32, 40, -1,
      37, 34, 43, -1,
      43, 34, 42, -1,
      33, 37, 41, -1,
      41, 37, 43, -1,
      16, 18, 44, -1,
      44, 18, 45, -1,
      44, 45, 46, -1,
      46, 45, 47, -1,
      46, 47, 41, -1,
      41, 47, 40, -1,
      42, 40, 47, -1,
      42, 47, 48, -1,
      48, 47, 45, -1,
      48, 45, 49, -1,
      49, 45, 18, -1,
      49, 18, 19, -1,
      43, 42, 50, -1,
      50, 42, 48, -1,
      50, 48, 51, -1,
      51, 48, 49, -1,
      51, 49, 17, -1,
      17, 49, 19, -1,
      17, 16, 51, -1,
      51, 16, 44, -1,
      51, 44, 50, -1,
      50, 44, 46, -1,
      50, 46, 43, -1,
      43, 46, 41, -1,
      20, 24, 21, -1,
      21, 24, 26, -1,
      52, 53, 11, -1,
      11, 53, 10, -1,
      54, 52, 8, -1,
      8, 52, 11, -1,
      55, 54, 9, -1,
      9, 54, 8, -1,
      53, 55, 10, -1,
      10, 55, 9, -1,
      56, 57, 58, -1,
      58, 57, 59, -1,
      60, 56, 61, -1,
      61, 56, 58, -1,
      62, 60, 63, -1,
      63, 60, 61, -1,
      57, 62, 59, -1,
      59, 62, 63, -1,
      58, 59, 64, -1,
      64, 59, 65, -1,
      64, 65, 66, -1,
      66, 65, 67, -1,
      66, 67, 68, -1,
      68, 67, 69, -1,
      68, 70, 66, -1,
      66, 70, 71, -1,
      66, 71, 64, -1,
      64, 71, 72, -1,
      64, 72, 58, -1,
      58, 72, 61, -1,
      70, 73, 71, -1,
      71, 73, 74, -1,
      71, 74, 72, -1,
      72, 74, 75, -1,
      72, 75, 61, -1,
      61, 75, 63, -1,
      59, 63, 75, -1,
      59, 75, 65, -1,
      65, 75, 74, -1,
      65, 74, 67, -1,
      67, 74, 73, -1,
      67, 73, 69, -1,
      68, 69, 76, -1,
      76, 69, 77, -1,
      70, 68, 78, -1,
      78, 68, 76, -1,
      73, 70, 79, -1,
      79, 70, 78, -1,
      69, 73, 77, -1,
      77, 73, 79, -1,
      52, 54, 80, -1,
      80, 54, 81, -1,
      80, 81, 82, -1,
      82, 81, 83, -1,
      82, 83, 77, -1,
      77, 83, 76, -1,
      78, 76, 83, -1,
      78, 83, 84, -1,
      84, 83, 81, -1,
      84, 81, 85, -1,
      85, 81, 54, -1,
      85, 54, 55, -1,
      79, 78, 86, -1,
      86, 78, 84, -1,
      86, 84, 87, -1,
      87, 84, 85, -1,
      87, 85, 53, -1,
      53, 85, 55, -1,
      53, 52, 87, -1,
      87, 52, 80, -1,
      87, 80, 86, -1,
      86, 80, 82, -1,
      86, 82, 79, -1,
      79, 82, 77, -1,
      56, 60, 57, -1,
      57, 60, 62, -1,
      6, 88, 5, -1,
      5, 88, 89, -1,
      7, 90, 6, -1,
      6, 90, 88, -1,
      4, 91, 7, -1,
      7, 91, 90, -1,
      5, 89, 4, -1,
      4, 89, 91, -1,
      92, 93, 94, -1,
      94, 93, 95, -1,
      96, 92, 97, -1,
      97, 92, 94, -1,
      98, 96, 99, -1,
      99, 96, 97, -1,
      93, 98, 95, -1,
      95, 98, 99, -1,
      94, 95, 100, -1,
      100, 95, 101, -1,
      100, 101, 102, -1,
      102, 101, 103, -1,
      102, 103, 104, -1,
      104, 103, 105, -1,
      104, 106, 102, -1,
      102, 106, 107, -1,
      102, 107, 100, -1,
      100, 107, 108, -1,
      100, 108, 94, -1,
      94, 108, 97, -1,
      106, 109, 107, -1,
      107, 109, 110, -1,
      107, 110, 108, -1,
      108, 110, 111, -1,
      108, 111, 97, -1,
      97, 111, 99, -1,
      95, 99, 111, -1,
      95, 111, 101, -1,
      101, 111, 110, -1,
      101, 110, 103, -1,
      103, 110, 109, -1,
      103, 109, 105, -1,
      104, 105, 112, -1,
      112, 105, 113, -1,
      106, 104, 114, -1,
      114, 104, 112, -1,
      109, 106, 115, -1,
      115, 106, 114, -1,
      105, 109, 113, -1,
      113, 109, 115, -1,
      88, 90, 116, -1,
      116, 90, 117, -1,
      116, 117, 118, -1,
      118, 117, 119, -1,
      118, 119, 113, -1,
      113, 119, 112, -1,
      114, 112, 119, -1,
      114, 119, 120, -1,
      120, 119, 117, -1,
      120, 117, 121, -1,
      121, 117, 90, -1,
      121, 90, 91, -1,
      115, 114, 122, -1,
      122, 114, 120, -1,
      122, 120, 123, -1,
      123, 120, 121, -1,
      123, 121, 89, -1,
      89, 121, 91, -1,
      89, 88, 123, -1,
      123, 88, 116, -1,
      123, 116, 122, -1,
      122, 116, 118, -1,
      122, 118, 115, -1,
      115, 118, 113, -1,
      92, 96, 93, -1,
      93, 96, 98, -1,
      2, 124, 1, -1,
      1, 124, 125, -1,
      3, 126, 2, -1,
      2, 126, 124, -1,
      0, 127, 3, -1,
      3, 127, 126, -1,
      1, 125, 0, -1,
      0, 125, 127, -1,
      128, 129, 130, -1,
      130, 129, 131, -1,
      132, 128, 133, -1,
      133, 128, 130, -1,
      134, 132, 135, -1,
      135, 132, 133, -1,
      129, 134, 131, -1,
      131, 134, 135, -1,
      130, 131, 136, -1,
      136, 131, 137, -1,
      136, 137, 138, -1,
      138, 137, 139, -1,
      138, 139, 140, -1,
      140, 139, 141, -1,
      140, 142, 138, -1,
      138, 142, 143, -1,
      138, 143, 136, -1,
      136, 143, 144, -1,
      136, 144, 130, -1,
      130, 144, 133, -1,
      142, 145, 143, -1,
      143, 145, 146, -1,
      143, 146, 144, -1,
      144, 146, 147, -1,
      144, 147, 133, -1,
      133, 147, 135, -1,
      131, 135, 147, -1,
      131, 147, 137, -1,
      137, 147, 146, -1,
      137, 146, 139, -1,
      139, 146, 145, -1,
      139, 145, 141, -1,
      140, 141, 148, -1,
      148, 141, 149, -1,
      142, 140, 150, -1,
      150, 140, 148, -1,
      145, 142, 151, -1,
      151, 142, 150, -1,
      141, 145, 149, -1,
      149, 145, 151, -1,
      124, 126, 152, -1,
      152, 126, 153, -1,
      152, 153, 154, -1,
      154, 153, 155, -1,
      154, 155, 149, -1,
      149, 155, 148, -1,
      150, 148, 155, -1,
      150, 155, 156, -1,
      156, 155, 153, -1,
      156, 153, 157, -1,
      157, 153, 126, -1,
      157, 126, 127, -1,
      151, 150, 158, -1,
      158, 150, 156, -1,
      158, 156, 159, -1,
      159, 156, 157, -1,
      159, 157, 125, -1,
      125, 157, 127, -1,
      125, 124, 159, -1,
      159, 124, 152, -1,
      159, 152, 158, -1,
      158, 152, 154, -1,
      158, 154, 151, -1,
      151, 154, 149, -1,
      128, 132, 129, -1,
      129, 132, 134, -1,
    ]
  }
}

Shape {
  appearance Appearance {
    material Material {
      diffuseColor 0.9490 0.7608 0.1804
      specularColor 0.7608 0.6078 0.1451
      ambientIntensity 0.2
      transparency 0.0000
      shininess 0.5
    }
  }
  geometry IndexedFaceSet {
    ccw TRUE
    solid FALSE
    coord DEF co Coordinate {
      point [
        0.387493 0.069642 0.393701,
        0.393009 0.023323 0.393701,
        0.000000 0.000000 0.393701,
        0.393701 0.000000 0.393701,
        0.393009 -0.023323 0.393701,
        0.338994 0.200209 0.393701,
        0.360294 0.158710 0.393701,
        0.376536 0.114983 0.393701,
        0.248066 0.305718 0.393701,
        0.282483 0.274233 0.393701,
        0.312935 0.238898 0.393701,
        0.126091 0.372963 0.393701,
        0.169317 0.355432 0.393701,
        0.210167 0.332912 0.393701,
        -0.011667 0.393528 0.393701,
        0.034959 0.392146 0.393701,
        0.081094 0.385258 0.393701,
        -0.147964 0.364839 0.393701,
        -0.103774 0.379778 0.393701,
        -0.058129 0.389386 0.393701,
        -0.265741 0.290485 0.393701,
        -0.229519 0.319877 0.393701,
        -0.190076 0.344778 0.393701,
        -0.350259 0.179775 0.393701,
        -0.326538 0.219940 0.393701,
        -0.298233 0.257017 0.393701,
        -0.390937 0.046564 0.393701,
        -0.382686 0.092475 0.393701,
        -0.369063 0.137087 0.393701,
        -0.382686 -0.092475 0.393701,
        -0.390937 -0.046564 0.393701,
        -0.393701 0.000000 0.393701,
        -0.326538 -0.219940 0.393701,
        -0.350259 -0.179775 0.393701,
        -0.369063 -0.137087 0.393701,
        -0.229519 -0.319877 0.393701,
        -0.265741 -0.290485 0.393701,
        -0.298233 -0.257017 0.393701,
        -0.103774 -0.379778 0.393701,
        -0.147964 -0.364839 0.393701,
        -0.190076 -0.344778 0.393701,
        0.034959 -0.392146 0.393701,
        -0.011667 -0.393528 0.393701,
        -0.058129 -0.389386 0.393701,
        0.169317 -0.355432 0.393701,
        0.126091 -0.372963 0.393701,
        0.081094 -0.385258 0.393701,
        0.282483 -0.274233 0.393701,
        0.248066 -0.305718 0.393701,
        0.210167 -0.332912 0.393701,
        0.360294 -0.158710 0.393701,
        0.338994 -0.200209 0.393701,
        0.312935 -0.238898 0.393701,
        0.387493 -0.069642 0.393701,
        0.376536 -0.114983 0.393701,
        -0.392320 -0.032944 0.551181,
        -0.388187 -0.065657 0.551181,
        -0.390605 -0.046522 0.551181,
        -0.368825 -0.136993 0.551181,
        -0.371802 -0.129475 0.551181,
        -0.381332 -0.097909 0.551181,
        -0.382496 -0.092434 0.551181,
        -0.359663 -0.160133 0.551181,
        -0.349981 -0.179637 0.551181,
        -0.345003 -0.189667 0.551181,
        -0.327922 -0.217871 0.551181,
        -0.308541 -0.244546 0.551181,
        -0.326460 -0.219883 0.551181,
        -0.286996 -0.269507 0.551181,
        -0.297971 -0.256791 0.551181,
        -0.229348 -0.319630 0.551181,
        -0.238031 -0.313594 0.551181,
        -0.263437 -0.292577 0.551181,
        -0.265659 -0.290401 0.551181,
        -0.210956 -0.332413 0.551181,
        -0.189941 -0.344545 0.551181,
        -0.182400 -0.348899 0.551181,
        -0.152565 -0.362938 0.551181,
        -0.121660 -0.374432 0.551181,
        -0.147902 -0.364672 0.551181,
        -0.089902 -0.383299 0.551181,
        -0.103683 -0.379451 0.551181,
        -0.011660 -0.393198 0.551181,
        -0.024721 -0.392924 0.551181,
        -0.057513 -0.389477 0.551181,
        -0.058124 -0.389361 0.551181,
        0.008245 -0.393615 0.551181,
        0.034946 -0.391935 0.551181,
        0.041153 -0.391544 0.551181,
        0.073772 -0.386727 0.551181,
        0.105874 -0.379198 0.551181,
        0.081039 -0.385023 0.551181,
        0.169283 -0.355367 0.551181,
        0.167630 -0.356231 0.551181,
        0.137233 -0.369009 0.551181,
        0.125992 -0.372661 0.551181,
        0.196850 -0.340955 0.551181,
        0.209982 -0.332621 0.551181,
        0.224691 -0.323287 0.551181,
        0.247982 -0.305607 0.551181,
        0.250954 -0.303352 0.551181,
        0.275458 -0.281289 0.551181,
        0.298030 -0.257252 0.551181,
        0.282271 -0.274033 0.551181,
        0.338855 -0.200133 0.551181,
        0.336757 -0.203948 0.551181,
        0.318511 -0.231411 0.551181,
        0.312715 -0.238724 0.551181,
        0.352643 -0.175053 0.551181,
        0.359981 -0.158571 0.551181,
        0.366054 -0.144931 0.551181,
        0.376489 -0.114967 0.551181,
        0.376897 -0.113792 0.551181,
        0.385098 -0.081855 0.551181,
        0.390596 -0.049344 0.551181,
        0.387172 -0.069588 0.551181,
        0.392783 0.023304 0.551181,
        0.393356 0.016487 0.551181,
        0.393356 -0.016487 0.551181,
        0.392783 -0.023304 0.551181,
        0.390596 0.049344 0.551181,
        0.387172 0.069588 0.551181,
        0.385098 0.081855 0.551181,
        0.376897 0.113792 0.551181,
        0.366054 0.144931 0.551181,
        0.376489 0.114967 0.551181,
        0.352643 0.175053 0.551181,
        0.359981 0.158571 0.551181,
        0.312715 0.238724 0.551181,
        0.318511 0.231411 0.551181,
        0.336757 0.203948 0.551181,
        0.338855 0.200133 0.551181,
        0.298030 0.257252 0.551181,
        0.282271 0.274033 0.551181,
        0.275458 0.281289 0.551181,
        0.250954 0.303352 0.551181,
        0.224691 0.323287 0.551181,
        0.247982 0.305607 0.551181,
        0.196850 0.340955 0.551181,
        0.209982 0.332621 0.551181,
        0.125992 0.372661 0.551181,
        0.137233 0.369009 0.551181,
        0.167630 0.356231 0.551181,
        0.169283 0.355367 0.551181,
        0.105874 0.379198 0.551181,
        0.081039 0.385023 0.551181,
        0.073772 0.386727 0.551181,
        0.041153 0.391544 0.551181,
        -0.024721 0.392924 0.551181,
        -0.011660 0.393198 0.551181,
        0.008245 0.393615 0.551181,
        0.034946 0.391935 0.551181,
        -0.089902 0.383299 0.551181,
        -0.058124 0.389361 0.551181,
        -0.057513 0.389477 0.551181,
        -0.121660 0.374432 0.551181,
        -0.103683 0.379451 0.551181,
        -0.189941 0.344545 0.551181,
        -0.182400 0.348899 0.551181,
        -0.152565 0.362938 0.551181,
        -0.147902 0.364672 0.551181,
        -0.210956 0.332413 0.551181,
        -0.229348 0.319630 0.551181,
        -0.238031 0.313594 0.551181,
        -0.263437 0.292577 0.551181,
        -0.286996 0.269507 0.551181,
        -0.265659 0.290401 0.551181,
        -0.308541 0.244546 0.551181,
        -0.297971 0.256791 0.551181,
        -0.349981 0.179637 0.551181,
        -0.345003 0.189667 0.551181,
        -0.327922 0.217871 0.551181,
        -0.326460 0.219883 0.551181,
        -0.359663 0.160133 0.551181,
        -0.368825 0.136993 0.551181,
        -0.371802 0.129475 0.551181,
        -0.381332 0.097909 0.551181,
        -0.388187 0.065657 0.551181,
        -0.382496 0.092434 0.551181,
        -0.393701 0.000000 0.551181,
        -0.392320 0.032944 0.551181,
        -0.390605 0.046522 0.551181,
        -0.349369 0.059091 0.590551,
        -0.353088 0.029650 0.590551,
        0.000000 0.000000 0.590551,
        -0.354331 0.000000 0.590551,
        -0.353088 -0.029650 0.590551,
        -0.323697 0.144119 0.590551,
        -0.334622 0.116528 0.590551,
        -0.343199 0.088119 0.590551,
        -0.277687 0.220092 0.590551,
        -0.295130 0.196083 0.590551,
        -0.310502 0.170700 0.590551,
        -0.214228 0.282235 0.590551,
        -0.237094 0.263319 0.590551,
        -0.258296 0.242556 0.590551,
        -0.137309 0.326644 0.590551,
        -0.164160 0.314009 0.590551,
        -0.189860 0.299171 0.590551,
        -0.051762 0.350530 0.590551,
        -0.080912 0.344969 0.590551,
        -0.109494 0.336989 0.590551,
        0.037038 0.352390 0.590551,
        0.007420 0.354253 0.590551,
        -0.022248 0.353631 0.590551,
        0.123510 0.332108 0.590551,
        0.095287 0.341278 0.590551,
        0.066395 0.348055 0.590551,
        0.202221 0.290958 0.590551,
        0.177165 0.306859 0.590551,
        0.150867 0.320608 0.590551,
        0.268227 0.231527 0.590551,
        0.247912 0.253159 0.590551,
        0.225859 0.273017 0.590551,
        0.317378 0.157548 0.590551,
        0.303082 0.183553 0.590551,
        0.286659 0.208270 0.590551,
        0.346588 0.073670 0.590551,
        0.339208 0.102413 0.590551,
        0.329448 0.130438 0.590551,
        0.354020 -0.014838 0.590551,
        0.354020 0.014838 0.590551,
        0.351537 0.044409 0.590551,
        0.339208 -0.102413 0.590551,
        0.346588 -0.073670 0.590551,
        0.351537 -0.044409 0.590551,
        0.303082 -0.183553 0.590551,
        0.317378 -0.157548 0.590551,
        0.329448 -0.130438 0.590551,
        0.247912 -0.253159 0.590551,
        0.268227 -0.231527 0.590551,
        0.286659 -0.208270 0.590551,
        0.177165 -0.306859 0.590551,
        0.202221 -0.290958 0.590551,
        0.225859 -0.273017 0.590551,
        0.095287 -0.341278 0.590551,
        0.123510 -0.332108 0.590551,
        0.150867 -0.320608 0.590551,
        0.007420 -0.354253 0.590551,
        0.037038 -0.352390 0.590551,
        0.066395 -0.348055 0.590551,
        -0.080912 -0.344969 0.590551,
        -0.051762 -0.350530 0.590551,
        -0.022248 -0.353631 0.590551,
        -0.164160 -0.314009 0.590551,
        -0.137309 -0.326644 0.590551,
        -0.109494 -0.336989 0.590551,
        -0.237094 -0.263319 0.590551,
        -0.214228 -0.282235 0.590551,
        -0.189860 -0.299171 0.590551,
        -0.295130 -0.196083 0.590551,
        -0.277687 -0.220092 0.590551,
        -0.258296 -0.242556 0.590551,
        -0.334622 -0.116528 0.590551,
        -0.323697 -0.144119 0.590551,
        -0.310502 -0.170700 0.590551,
        -0.349369 -0.059091 0.590551,
        -0.343199 -0.088119 0.590551,
        -0.380033 -0.097576 0.561371,
        -0.386865 -0.065433 0.561371,
        -0.370535 -0.129034 0.561371,
        -0.358438 -0.159587 0.561371,
        -0.343827 -0.189020 0.561371,
        -0.326804 -0.217128 0.561371,
        -0.307489 -0.243713 0.561371,
        -0.286018 -0.268589 0.561371,
        -0.262540 -0.291580 0.561371,
        -0.237220 -0.312526 0.561371,
        -0.210237 -0.331280 0.561371,
        -0.181778 -0.347710 0.561371,
        -0.152045 -0.361702 0.561371,
        -0.121246 -0.373156 0.561371,
        -0.089596 -0.381993 0.561371,
        -0.057317 -0.388150 0.561371,
        -0.024637 -0.391585 0.561371,
        0.008217 -0.392273 0.561371,
        0.041013 -0.390210 0.561371,
        0.073521 -0.385409 0.561371,
        0.105513 -0.377906 0.561371,
        0.136765 -0.367751 0.561371,
        0.167059 -0.355017 0.561371,
        0.196180 -0.339793 0.561371,
        0.223925 -0.322185 0.561371,
        0.250099 -0.302318 0.561371,
        0.274519 -0.280330 0.561371,
        0.297014 -0.256376 0.561371,
        0.317425 -0.230623 0.561371,
        0.335610 -0.203253 0.561371,
        0.351441 -0.174457 0.561371,
        0.364806 -0.144437 0.561371,
        0.375613 -0.113404 0.561371,
        0.383785 -0.081576 0.561371,
        0.389265 -0.049176 0.561371,
        0.392015 -0.016430 0.561371,
        0.392015 0.016430 0.561371,
        0.389265 0.049176 0.561371,
        0.383785 0.081576 0.561371,
        0.375613 0.113404 0.561371,
        0.364806 0.144437 0.561371,
        0.351441 0.174457 0.561371,
        0.335610 0.203253 0.561371,
        0.317425 0.230623 0.561371,
        0.297014 0.256376 0.561371,
        0.274519 0.280330 0.561371,
        0.250099 0.302318 0.561371,
        0.223925 0.322185 0.561371,
        0.196180 0.339793 0.561371,
        0.167059 0.355017 0.561371,
        0.136765 0.367751 0.561371,
        0.105513 0.377906 0.561371,
        0.073521 0.385409 0.561371,
        0.041013 0.390210 0.561371,
        0.008217 0.392273 0.561371,
        -0.024637 0.391585 0.561371,
        -0.057317 0.388150 0.561371,
        -0.089596 0.381993 0.561371,
        -0.121246 0.373156 0.561371,
        -0.152045 0.361702 0.561371,
        -0.181778 0.347710 0.561371,
        -0.210237 0.331280 0.561371,
        -0.237220 0.312526 0.561371,
        -0.262540 0.291580 0.561371,
        -0.286018 0.268589 0.561371,
        -0.307489 0.243713 0.561371,
        -0.326804 0.217128 0.561371,
        -0.343827 0.189020 0.561371,
        -0.358438 0.159587 0.561371,
        -0.370535 0.129034 0.561371,
        -0.380033 0.097576 0.561371,
        -0.386865 0.065433 0.561371,
        -0.390983 0.032832 0.561371,
        -0.392359 0.000000 0.561371,
        -0.390983 -0.032832 0.561371,
        -0.387064 0.032503 0.570866,
        -0.382987 0.064777 0.570866,
        -0.376223 0.096598 0.570866,
        -0.366820 0.127741 0.570866,
        -0.354845 0.157987 0.570866,
        -0.340380 0.187126 0.570866,
        -0.323528 0.214952 0.570866,
        -0.304407 0.241270 0.570866,
        -0.283150 0.265896 0.570866,
        -0.259908 0.288657 0.570866,
        -0.234842 0.309393 0.570866,
        -0.208129 0.327959 0.570866,
        -0.179956 0.344225 0.570866,
        -0.150521 0.358076 0.570866,
        -0.120030 0.369415 0.570866,
        -0.088698 0.378163 0.570866,
        -0.056743 0.384259 0.570866,
        -0.024389 0.387660 0.570866,
        0.008135 0.388341 0.570866,
        0.040602 0.386298 0.570866,
        0.072784 0.381546 0.570866,
        0.104456 0.374118 0.570866,
        0.135394 0.364065 0.570866,
        0.165384 0.351459 0.570866,
        0.194213 0.336387 0.570866,
        0.221680 0.318956 0.570866,
        0.247592 0.299287 0.570866,
        0.271768 0.277520 0.570866,
        0.294037 0.253806 0.570866,
        0.314243 0.228311 0.570866,
        0.332246 0.201215 0.570866,
        0.347918 0.172708 0.570866,
        0.361150 0.142989 0.570866,
        0.371848 0.112267 0.570866,
        0.379938 0.080758 0.570866,
        0.385363 0.048683 0.570866,
        0.388085 0.016266 0.570866,
        0.388085 -0.016266 0.570866,
        0.385363 -0.048683 0.570866,
        0.379938 -0.080758 0.570866,
        0.371848 -0.112267 0.570866,
        0.361150 -0.142989 0.570866,
        0.347918 -0.172708 0.570866,
        0.332246 -0.201215 0.570866,
        0.314243 -0.228311 0.570866,
        0.294037 -0.253806 0.570866,
        0.271768 -0.277520 0.570866,
        0.247592 -0.299287 0.570866,
        0.221680 -0.318956 0.570866,
        0.194213 -0.336387 0.570866,
        0.165384 -0.351459 0.570866,
        0.135394 -0.364065 0.570866,
        0.104456 -0.374118 0.570866,
        0.072784 -0.381546 0.570866,
        0.040602 -0.386298 0.570866,
        0.008135 -0.388341 0.570866,
        -0.024389 -0.387660 0.570866,
        -0.056743 -0.384259 0.570866,
        -0.088698 -0.378163 0.570866,
        -0.120030 -0.369415 0.570866,
        -0.150521 -0.358076 0.570866,
        -0.179956 -0.344225 0.570866,
        -0.208129 -0.327959 0.570866,
        -0.234842 -0.309393 0.570866,
        -0.259908 -0.288657 0.570866,
        -0.283150 -0.265896 0.570866,
        -0.304407 -0.241270 0.570866,
        -0.323528 -0.214952 0.570866,
        -0.340380 -0.187126 0.570866,
        -0.354845 -0.157987 0.570866,
        -0.366820 -0.127741 0.570866,
        -0.376223 -0.096598 0.570866,
        -0.382987 -0.064777 0.570866,
        -0.387064 -0.032503 0.570866,
        -0.388426 0.000000 0.570866,
        -0.380829 0.031979 0.579020,
        -0.376818 0.063734 0.579020,
        -0.370163 0.095042 0.579020,
        -0.360912 0.125683 0.579020,
        -0.349129 0.155443 0.579020,
        -0.334898 0.184111 0.579020,
        -0.318317 0.211489 0.579020,
        -0.299504 0.237384 0.579020,
        -0.278590 0.261613 0.579020,
        -0.255721 0.284007 0.579020,
        -0.231059 0.304409 0.579020,
        -0.204777 0.322676 0.579020,
        -0.177057 0.338680 0.579020,
        -0.148097 0.352308 0.579020,
        -0.118097 0.363465 0.579020,
        -0.087269 0.372072 0.579020,
        -0.055828 0.378070 0.579020,
        -0.023996 0.381415 0.579020,
        0.008004 0.382086 0.579020,
        0.039948 0.380076 0.579020,
        0.071611 0.375400 0.579020,
        0.102773 0.368091 0.579020,
        0.133214 0.358201 0.579020,
        0.162720 0.345797 0.579020,
        0.191085 0.330969 0.579020,
        0.218109 0.313818 0.579020,
        0.243604 0.294467 0.579020,
        0.267390 0.273050 0.579020,
        0.289300 0.249717 0.579020,
        0.309181 0.224633 0.579020,
        0.326894 0.197974 0.579020,
        0.342314 0.169926 0.579020,
        0.355332 0.140686 0.579020,
        0.365858 0.110459 0.579020,
        0.373818 0.079457 0.579020,
        0.379156 0.047898 0.579020,
        0.381834 0.016004 0.579020,
        0.381834 -0.016004 0.579020,
        0.379156 -0.047898 0.579020,
        0.373818 -0.079457 0.579020,
        0.365858 -0.110459 0.579020,
        0.355332 -0.140686 0.579020,
        0.342314 -0.169926 0.579020,
        0.326894 -0.197974 0.579020,
        0.309181 -0.224633 0.579020,
        0.289300 -0.249717 0.579020,
        0.267390 -0.273050 0.579020,
        0.243604 -0.294467 0.579020,
        0.218109 -0.313818 0.579020,
        0.191085 -0.330969 0.579020,
        0.162720 -0.345797 0.579020,
        0.133214 -0.358201 0.579020,
        0.102773 -0.368091 0.579020,
        0.071611 -0.375400 0.579020,
        0.039948 -0.380076 0.579020,
        0.008004 -0.382086 0.579020,
        -0.023996 -0.381415 0.579020,
        -0.055828 -0.378070 0.579020,
        -0.087269 -0.372072 0.579020,
        -0.118097 -0.363465 0.579020,
        -0.148097 -0.352308 0.579020,
        -0.177057 -0.338680 0.579020,
        -0.204777 -0.322676 0.579020,
        -0.231059 -0.304409 0.579020,
        -0.255721 -0.284007 0.579020,
        -0.278590 -0.261613 0.579020,
        -0.299504 -0.237384 0.579020,
        -0.318317 -0.211489 0.579020,
        -0.334898 -0.184111 0.579020,
        -0.349129 -0.155443 0.579020,
        -0.360912 -0.125683 0.579020,
        -0.370163 -0.095042 0.579020,
        -0.376818 -0.063734 0.579020,
        -0.380829 -0.031979 0.579020,
        -0.382170 0.000000 0.579020,
        -0.372704 0.031297 0.585277,
        -0.368778 0.062374 0.585277,
        -0.362265 0.093014 0.585277,
        -0.353212 0.123001 0.585277,
        -0.341680 0.152126 0.585277,
        -0.327752 0.180183 0.585277,
        -0.311526 0.206977 0.585277,
        -0.293114 0.232319 0.585277,
        -0.272646 0.256031 0.585277,
        -0.250265 0.277948 0.585277,
        -0.226130 0.297915 0.585277,
        -0.200407 0.315792 0.585277,
        -0.173280 0.331454 0.585277,
        -0.144937 0.344791 0.585277,
        -0.115577 0.355710 0.585277,
        -0.085407 0.364134 0.585277,
        -0.054637 0.370004 0.585277,
        -0.023485 0.373278 0.585277,
        0.007833 0.373934 0.585277,
        0.039095 0.371967 0.585277,
        0.070083 0.367391 0.585277,
        0.100580 0.360238 0.585277,
        0.130371 0.350558 0.585277,
        0.159248 0.338420 0.585277,
        0.187008 0.323907 0.585277,
        0.213456 0.307123 0.585277,
        0.238407 0.288184 0.585277,
        0.261685 0.267224 0.585277,
        0.283128 0.244390 0.585277,
        0.302585 0.219841 0.585277,
        0.319920 0.193750 0.585277,
        0.335010 0.166300 0.585277,
        0.347751 0.137684 0.585277,
        0.358053 0.108102 0.585277,
        0.365843 0.077762 0.585277,
        0.371067 0.046877 0.585277,
        0.373688 0.015662 0.585277,
        0.373688 -0.015662 0.585277,
        0.371067 -0.046877 0.585277,
        0.365843 -0.077762 0.585277,
        0.358053 -0.108102 0.585277,
        0.347751 -0.137684 0.585277,
        0.335010 -0.166300 0.585277,
        0.319920 -0.193750 0.585277,
        0.302585 -0.219841 0.585277,
        0.283128 -0.244390 0.585277,
        0.261685 -0.267224 0.585277,
        0.238407 -0.288184 0.585277,
        0.213456 -0.307123 0.585277,
        0.187008 -0.323907 0.585277,
        0.159248 -0.338420 0.585277,
        0.130371 -0.350558 0.585277,
        0.100580 -0.360238 0.585277,
        0.070083 -0.367391 0.585277,
        0.039095 -0.371967 0.585277,
        0.007833 -0.373934 0.585277,
        -0.023485 -0.373278 0.585277,
        -0.054637 -0.370004 0.585277,
        -0.085407 -0.364134 0.585277,
        -0.115577 -0.355710 0.585277,
        -0.144937 -0.344791 0.585277,
        -0.173280 -0.331454 0.585277,
        -0.200407 -0.315792 0.585277,
        -0.226130 -0.297915 0.585277,
        -0.250265 -0.277948 0.585277,
        -0.272646 -0.256031 0.585277,
        -0.293114 -0.232319 0.585277,
        -0.311526 -0.206977 0.585277,
        -0.327752 -0.180183 0.585277,
        -0.341680 -0.152126 0.585277,
        -0.353212 -0.123001 0.585277,
        -0.362265 -0.093014 0.585277,
        -0.368778 -0.062374 0.585277,
        -0.372704 -0.031297 0.585277,
        -0.374016 0.000000 0.585277,
        -0.363242 0.030502 0.589210,
        -0.359416 0.060791 0.589210,
        -0.353069 0.090652 0.589210,
        -0.344244 0.119879 0.589210,
        -0.333006 0.148264 0.589210,
        -0.319431 0.175609 0.589210,
        -0.303617 0.201722 0.589210,
        -0.285672 0.226421 0.589210,
        -0.265724 0.249531 0.589210,
        -0.243912 0.270891 0.589210,
        -0.220389 0.290352 0.589210,
        -0.195320 0.307775 0.589210,
        -0.168881 0.323039 0.589210,
        -0.141257 0.336038 0.589210,
        -0.112643 0.346680 0.589210,
        -0.083239 0.354889 0.589210,
        -0.053250 0.360610 0.589210,
        -0.022889 0.363801 0.589210,
        0.007634 0.364441 0.589210,
        0.038103 0.362524 0.589210,
        0.068304 0.358064 0.589210,
        0.098027 0.351093 0.589210,
        0.127062 0.341658 0.589210,
        0.155205 0.329828 0.589210,
        0.182260 0.315684 0.589210,
        0.208037 0.299326 0.589210,
        0.232354 0.280868 0.589210,
        0.255042 0.260440 0.589210,
        0.275940 0.238185 0.589210,
        0.294903 0.214260 0.589210,
        0.311798 0.188831 0.589210,
        0.326505 0.162079 0.589210,
        0.338922 0.134189 0.589210,
        0.348963 0.105358 0.589210,
        0.356555 0.075788 0.589210,
        0.361646 0.045687 0.589210,
        0.364201 0.015265 0.589210,
        0.364201 -0.015265 0.589210,
        0.361646 -0.045687 0.589210,
        0.356555 -0.075788 0.589210,
        0.348963 -0.105358 0.589210,
        0.338922 -0.134189 0.589210,
        0.326505 -0.162079 0.589210,
        0.311798 -0.188831 0.589210,
        0.294903 -0.214260 0.589210,
        0.275940 -0.238185 0.589210,
        0.255042 -0.260440 0.589210,
        0.232354 -0.280868 0.589210,
        0.208037 -0.299326 0.589210,
        0.182260 -0.315684 0.589210,
        0.155205 -0.329828 0.589210,
        0.127062 -0.341658 0.589210,
        0.098027 -0.351093 0.589210,
        0.068304 -0.358064 0.589210,
        0.038103 -0.362524 0.589210,
        0.007634 -0.364441 0.589210,
        -0.022889 -0.363801 0.589210,
        -0.053250 -0.360610 0.589210,
        -0.083239 -0.354889 0.589210,
        -0.112643 -0.346680 0.589210,
        -0.141257 -0.336038 0.589210,
        -0.168881 -0.323039 0.589210,
        -0.195320 -0.307775 0.589210,
        -0.220389 -0.290352 0.589210,
        -0.243912 -0.270891 0.589210,
        -0.265724 -0.249531 0.589210,
        -0.285672 -0.226421 0.589210,
        -0.303617 -0.201722 0.589210,
        -0.319431 -0.175609 0.589210,
        -0.333006 -0.148264 0.589210,
        -0.344244 -0.119879 0.589210,
        -0.353069 -0.090652 0.589210,
        -0.359416 -0.060791 0.589210,
        -0.363242 -0.030502 0.589210,
        -0.364520 0.000000 0.589210,
      ]
    }
    coordIndex [
      0, 1, 2, -1,
      2, 1, 3, -1,
      2, 3, 4, -1,
      5, 6, 2, -1,
      2, 6, 7, -1,
      2, 7, 0, -1,
      8, 9, 2, -1,
      2, 9, 10, -1,
      2, 10, 5, -1,
      11, 12, 2, -1,
      2, 12, 13, -1,
      2, 13, 8, -1,
      14, 15, 2, -1,
      2, 15, 16, -1,
      2, 16, 11, -1,
      17, 18, 2, -1,
      2, 18, 19, -1,
      2, 19, 14, -1,
      20, 21, 2, -1,
      2, 21, 22, -1,
      2, 22, 17, -1,
      23, 24, 2, -1,
      2, 24, 25, -1,
      2, 25, 20, -1,
      26, 27, 2, -1,
      2, 27, 28, -1,
      2, 28, 23, -1,
      29, 30, 2, -1,
      2, 30, 31, -1,
      2, 31, 26, -1,
      32, 33, 2, -1,
      2, 33, 34, -1,
      2, 34, 29, -1,
      35, 36, 2, -1,
      2, 36, 37, -1,
      2, 37, 32, -1,
      38, 39, 2, -1,
      2, 39, 40, -1,
      2, 40, 35, -1,
      41, 42, 2, -1,
      2, 42, 43, -1,
      2, 43, 38, -1,
      44, 45, 2, -1,
      2, 45, 46, -1,
      2, 46, 41, -1,
      47, 48, 2, -1,
      2, 48, 49, -1,
      2, 49, 44, -1,
      50, 51, 2, -1,
      2, 51, 52, -1,
      2, 52, 47, -1,
      4, 53, 2, -1,
      2, 53, 54, -1,
      2, 54, 50, -1,
      31, 30, 55, -1,
      29, 56, 30, -1,
      30, 56, 57, -1,
      30, 57, 55, -1,
      58, 59, 34, -1,
      34, 59, 60, -1,
      34, 60, 29, -1,
      29, 60, 61, -1,
      29, 61, 56, -1,
      58, 34, 62, -1,
      62, 34, 33, -1,
      62, 33, 63, -1,
      63, 33, 64, -1,
      64, 33, 32, -1,
      64, 32, 65, -1,
      37, 66, 32, -1,
      32, 66, 67, -1,
      32, 67, 65, -1,
      36, 68, 37, -1,
      37, 68, 69, -1,
      37, 69, 66, -1,
      70, 71, 35, -1,
      35, 71, 72, -1,
      35, 72, 36, -1,
      36, 72, 73, -1,
      36, 73, 68, -1,
      70, 35, 74, -1,
      74, 35, 40, -1,
      74, 40, 75, -1,
      75, 40, 76, -1,
      76, 40, 39, -1,
      76, 39, 77, -1,
      38, 78, 39, -1,
      39, 78, 79, -1,
      39, 79, 77, -1,
      43, 80, 38, -1,
      38, 80, 81, -1,
      38, 81, 78, -1,
      82, 83, 42, -1,
      42, 83, 84, -1,
      42, 84, 43, -1,
      43, 84, 85, -1,
      43, 85, 80, -1,
      82, 42, 86, -1,
      86, 42, 41, -1,
      86, 41, 87, -1,
      87, 41, 88, -1,
      88, 41, 46, -1,
      88, 46, 89, -1,
      45, 90, 46, -1,
      46, 90, 91, -1,
      46, 91, 89, -1,
      92, 93, 44, -1,
      44, 93, 94, -1,
      44, 94, 45, -1,
      45, 94, 95, -1,
      45, 95, 90, -1,
      92, 44, 96, -1,
      96, 44, 49, -1,
      96, 49, 97, -1,
      97, 49, 98, -1,
      98, 49, 48, -1,
      98, 48, 99, -1,
      99, 48, 100, -1,
      100, 48, 47, -1,
      100, 47, 101, -1,
      52, 102, 47, -1,
      47, 102, 103, -1,
      47, 103, 101, -1,
      104, 105, 51, -1,
      51, 105, 106, -1,
      51, 106, 52, -1,
      52, 106, 107, -1,
      52, 107, 102, -1,
      104, 51, 108, -1,
      108, 51, 50, -1,
      108, 50, 109, -1,
      109, 50, 110, -1,
      110, 50, 54, -1,
      110, 54, 111, -1,
      111, 54, 112, -1,
      112, 54, 53, -1,
      112, 53, 113, -1,
      4, 114, 53, -1,
      53, 114, 115, -1,
      53, 115, 113, -1,
      1, 116, 117, -1,
      1, 117, 3, -1,
      3, 117, 118, -1,
      3, 118, 4, -1,
      4, 118, 119, -1,
      4, 119, 114, -1,
      116, 1, 120, -1,
      120, 1, 0, -1,
      120, 0, 121, -1,
      121, 0, 122, -1,
      122, 0, 7, -1,
      122, 7, 123, -1,
      6, 124, 7, -1,
      7, 124, 125, -1,
      7, 125, 123, -1,
      5, 126, 6, -1,
      6, 126, 127, -1,
      6, 127, 124, -1,
      128, 129, 10, -1,
      10, 129, 130, -1,
      10, 130, 5, -1,
      5, 130, 131, -1,
      5, 131, 126, -1,
      128, 10, 132, -1,
      132, 10, 9, -1,
      132, 9, 133, -1,
      133, 9, 134, -1,
      134, 9, 8, -1,
      134, 8, 135, -1,
      13, 136, 8, -1,
      8, 136, 137, -1,
      8, 137, 135, -1,
      12, 138, 13, -1,
      13, 138, 139, -1,
      13, 139, 136, -1,
      140, 141, 11, -1,
      11, 141, 142, -1,
      11, 142, 12, -1,
      12, 142, 143, -1,
      12, 143, 138, -1,
      140, 11, 144, -1,
      144, 11, 16, -1,
      144, 16, 145, -1,
      145, 16, 146, -1,
      146, 16, 15, -1,
      146, 15, 147, -1,
      148, 149, 14, -1,
      14, 149, 150, -1,
      14, 150, 15, -1,
      15, 150, 151, -1,
      15, 151, 147, -1,
      18, 152, 19, -1,
      19, 152, 153, -1,
      19, 153, 14, -1,
      14, 153, 154, -1,
      14, 154, 148, -1,
      17, 155, 18, -1,
      18, 155, 156, -1,
      18, 156, 152, -1,
      157, 158, 22, -1,
      22, 158, 159, -1,
      22, 159, 17, -1,
      17, 159, 160, -1,
      17, 160, 155, -1,
      157, 22, 161, -1,
      161, 22, 21, -1,
      161, 21, 162, -1,
      162, 21, 163, -1,
      163, 21, 20, -1,
      163, 20, 164, -1,
      25, 165, 20, -1,
      20, 165, 166, -1,
      20, 166, 164, -1,
      24, 167, 25, -1,
      25, 167, 168, -1,
      25, 168, 165, -1,
      169, 170, 23, -1,
      23, 170, 171, -1,
      23, 171, 24, -1,
      24, 171, 172, -1,
      24, 172, 167, -1,
      169, 23, 173, -1,
      173, 23, 28, -1,
      173, 28, 174, -1,
      174, 28, 175, -1,
      175, 28, 27, -1,
      175, 27, 176, -1,
      26, 177, 27, -1,
      27, 177, 178, -1,
      27, 178, 176, -1,
      55, 179, 31, -1,
      31, 179, 180, -1,
      31, 180, 26, -1,
      26, 180, 181, -1,
      26, 181, 177, -1,
      182, 183, 184, -1,
      184, 183, 185, -1,
      184, 185, 186, -1,
      187, 188, 184, -1,
      184, 188, 189, -1,
      184, 189, 182, -1,
      190, 191, 184, -1,
      184, 191, 192, -1,
      184, 192, 187, -1,
      193, 194, 184, -1,
      184, 194, 195, -1,
      184, 195, 190, -1,
      196, 197, 184, -1,
      184, 197, 198, -1,
      184, 198, 193, -1,
      199, 200, 184, -1,
      184, 200, 201, -1,
      184, 201, 196, -1,
      202, 203, 184, -1,
      184, 203, 204, -1,
      184, 204, 199, -1,
      205, 206, 184, -1,
      184, 206, 207, -1,
      184, 207, 202, -1,
      208, 209, 184, -1,
      184, 209, 210, -1,
      184, 210, 205, -1,
      211, 212, 184, -1,
      184, 212, 213, -1,
      184, 213, 208, -1,
      214, 215, 184, -1,
      184, 215, 216, -1,
      184, 216, 211, -1,
      217, 218, 184, -1,
      184, 218, 219, -1,
      184, 219, 214, -1,
      220, 221, 184, -1,
      184, 221, 222, -1,
      184, 222, 217, -1,
      223, 224, 184, -1,
      184, 224, 225, -1,
      184, 225, 220, -1,
      226, 227, 184, -1,
      184, 227, 228, -1,
      184, 228, 223, -1,
      229, 230, 184, -1,
      184, 230, 231, -1,
      184, 231, 226, -1,
      232, 233, 184, -1,
      184, 233, 234, -1,
      184, 234, 229, -1,
      235, 236, 184, -1,
      184, 236, 237, -1,
      184, 237, 232, -1,
      238, 239, 184, -1,
      184, 239, 240, -1,
      184, 240, 235, -1,
      241, 242, 184, -1,
      184, 242, 243, -1,
      184, 243, 238, -1,
      244, 245, 184, -1,
      184, 245, 246, -1,
      184, 246, 241, -1,
      247, 248, 184, -1,
      184, 248, 249, -1,
      184, 249, 244, -1,
      250, 251, 184, -1,
      184, 251, 252, -1,
      184, 252, 247, -1,
      253, 254, 184, -1,
      184, 254, 255, -1,
      184, 255, 250, -1,
      186, 256, 184, -1,
      184, 256, 257, -1,
      184, 257, 253, -1,
      61, 258, 259, -1,
      61, 60, 258, -1,
      258, 60, 59, -1,
      258, 59, 260, -1,
      260, 59, 58, -1,
      260, 58, 261, -1,
      261, 58, 62, -1,
      261, 62, 262, -1,
      262, 62, 63, -1,
      63, 64, 262, -1,
      262, 64, 65, -1,
      262, 65, 263, -1,
      263, 65, 67, -1,
      263, 67, 264, -1,
      67, 66, 264, -1,
      264, 66, 69, -1,
      264, 69, 265, -1,
      69, 68, 265, -1,
      265, 68, 73, -1,
      265, 73, 266, -1,
      73, 72, 266, -1,
      266, 72, 71, -1,
      266, 71, 267, -1,
      267, 71, 70, -1,
      267, 70, 268, -1,
      268, 70, 74, -1,
      268, 74, 269, -1,
      269, 74, 75, -1,
      75, 76, 269, -1,
      269, 76, 77, -1,
      269, 77, 270, -1,
      270, 77, 79, -1,
      270, 79, 271, -1,
      271, 79, 78, -1,
      271, 78, 272, -1,
      272, 78, 81, -1,
      81, 80, 272, -1,
      272, 80, 85, -1,
      272, 85, 273, -1,
      85, 84, 273, -1,
      273, 84, 83, -1,
      273, 83, 274, -1,
      274, 83, 82, -1,
      274, 82, 275, -1,
      275, 82, 86, -1,
      275, 86, 276, -1,
      276, 86, 87, -1,
      87, 88, 276, -1,
      276, 88, 89, -1,
      276, 89, 277, -1,
      277, 89, 91, -1,
      277, 91, 278, -1,
      278, 91, 90, -1,
      278, 90, 279, -1,
      279, 90, 95, -1,
      95, 94, 279, -1,
      279, 94, 93, -1,
      279, 93, 280, -1,
      280, 93, 92, -1,
      280, 92, 281, -1,
      92, 96, 281, -1,
      281, 96, 97, -1,
      281, 97, 282, -1,
      97, 98, 282, -1,
      282, 98, 99, -1,
      282, 99, 283, -1,
      99, 100, 283, -1,
      283, 100, 101, -1,
      283, 101, 284, -1,
      284, 101, 103, -1,
      284, 103, 285, -1,
      285, 103, 102, -1,
      285, 102, 286, -1,
      286, 102, 107, -1,
      107, 106, 286, -1,
      286, 106, 105, -1,
      286, 105, 287, -1,
      287, 105, 104, -1,
      287, 104, 288, -1,
      288, 104, 108, -1,
      288, 108, 289, -1,
      289, 108, 109, -1,
      109, 110, 289, -1,
      289, 110, 111, -1,
      289, 111, 290, -1,
      111, 112, 290, -1,
      290, 112, 113, -1,
      290, 113, 291, -1,
      291, 113, 115, -1,
      291, 115, 292, -1,
      292, 115, 114, -1,
      292, 114, 293, -1,
      293, 114, 119, -1,
      119, 118, 293, -1,
      293, 118, 117, -1,
      293, 117, 294, -1,
      294, 117, 116, -1,
      294, 116, 295, -1,
      295, 116, 120, -1,
      295, 120, 296, -1,
      296, 120, 121, -1,
      121, 122, 296, -1,
      296, 122, 123, -1,
      296, 123, 297, -1,
      297, 123, 125, -1,
      297, 125, 298, -1,
      125, 124, 298, -1,
      298, 124, 127, -1,
      298, 127, 299, -1,
      127, 126, 299, -1,
      299, 126, 131, -1,
      299, 131, 300, -1,
      131, 130, 300, -1,
      300, 130, 129, -1,
      300, 129, 301, -1,
      301, 129, 128, -1,
      301, 128, 302, -1,
      302, 128, 132, -1,
      302, 132, 303, -1,
      303, 132, 133, -1,
      133, 134, 303, -1,
      303, 134, 135, -1,
      303, 135, 304, -1,
      304, 135, 137, -1,
      304, 137, 305, -1,
      305, 137, 136, -1,
      305, 136, 306, -1,
      306, 136, 139, -1,
      139, 138, 306, -1,
      306, 138, 143, -1,
      306, 143, 307, -1,
      143, 142, 307, -1,
      307, 142, 141, -1,
      307, 141, 308, -1,
      308, 141, 140, -1,
      308, 140, 309, -1,
      309, 140, 144, -1,
      309, 144, 310, -1,
      310, 144, 145, -1,
      145, 146, 310, -1,
      310, 146, 147, -1,
      310, 147, 311, -1,
      311, 147, 151, -1,
      311, 151, 312, -1,
      312, 151, 150, -1,
      312, 150, 313, -1,
      313, 150, 149, -1,
      149, 148, 313, -1,
      313, 148, 154, -1,
      313, 154, 314, -1,
      314, 154, 153, -1,
      314, 153, 315, -1,
      153, 152, 315, -1,
      315, 152, 156, -1,
      315, 156, 316, -1,
      156, 155, 316, -1,
      316, 155, 160, -1,
      316, 160, 317, -1,
      160, 159, 317, -1,
      317, 159, 158, -1,
      317, 158, 318, -1,
      318, 158, 157, -1,
      318, 157, 319, -1,
      319, 157, 161, -1,
      319, 161, 320, -1,
      320, 161, 162, -1,
      162, 163, 320, -1,
      320, 163, 164, -1,
      320, 164, 321, -1,
      321, 164, 166, -1,
      321, 166, 322, -1,
      322, 166, 165, -1,
      322, 165, 323, -1,
      323, 165, 168, -1,
      168, 167, 323, -1,
      323, 167, 172, -1,
      323, 172, 324, -1,
      172, 171, 324, -1,
      324, 171, 170, -1,
      324, 170, 325, -1,
      325, 170, 169, -1,
      325, 169, 326, -1,
      326, 169, 173, -1,
      326, 173, 327, -1,
      327, 173, 174, -1,
      174, 175, 327, -1,
      327, 175, 176, -1,
      327, 176, 328, -1,
      328, 176, 178, -1,
      328, 178, 329, -1,
      329, 178, 177, -1,
      329, 177, 330, -1,
      330, 177, 181, -1,
      181, 180, 330, -1,
      330, 180, 179, -1,
      330, 179, 331, -1,
      331, 179, 55, -1,
      331, 55, 332, -1,
      332, 55, 57, -1,
      332, 57, 259, -1,
      259, 57, 56, -1,
      259, 56, 61, -1,
      331, 333, 330, -1,
      330, 333, 334, -1,
      330, 334, 329, -1,
      329, 334, 335, -1,
      329, 335, 328, -1,
      328, 335, 336, -1,
      328, 336, 327, -1,
      327, 336, 337, -1,
      327, 337, 326, -1,
      326, 337, 338, -1,
      326, 338, 325, -1,
      325, 338, 339, -1,
      325, 339, 324, -1,
      324, 339, 340, -1,
      324, 340, 323, -1,
      323, 340, 341, -1,
      323, 341, 322, -1,
      322, 341, 342, -1,
      322, 342, 321, -1,
      321, 342, 343, -1,
      321, 343, 320, -1,
      320, 343, 344, -1,
      320, 344, 319, -1,
      319, 344, 345, -1,
      319, 345, 318, -1,
      318, 345, 346, -1,
      318, 346, 317, -1,
      317, 346, 347, -1,
      317, 347, 316, -1,
      316, 347, 348, -1,
      316, 348, 315, -1,
      315, 348, 349, -1,
      315, 349, 314, -1,
      314, 349, 350, -1,
      314, 350, 313, -1,
      313, 350, 351, -1,
      313, 351, 312, -1,
      312, 351, 352, -1,
      312, 352, 311, -1,
      311, 352, 353, -1,
      311, 353, 310, -1,
      310, 353, 354, -1,
      310, 354, 309, -1,
      309, 354, 355, -1,
      309, 355, 308, -1,
      308, 355, 356, -1,
      308, 356, 307, -1,
      307, 356, 357, -1,
      307, 357, 306, -1,
      306, 357, 358, -1,
      306, 358, 305, -1,
      305, 358, 359, -1,
      305, 359, 304, -1,
      304, 359, 360, -1,
      304, 360, 303, -1,
      303, 360, 361, -1,
      303, 361, 302, -1,
      302, 361, 362, -1,
      302, 362, 301, -1,
      301, 362, 363, -1,
      301, 363, 300, -1,
      300, 363, 364, -1,
      300, 364, 299, -1,
      299, 364, 365, -1,
      299, 365, 298, -1,
      298, 365, 366, -1,
      298, 366, 297, -1,
      297, 366, 367, -1,
      297, 367, 296, -1,
      296, 367, 368, -1,
      296, 368, 295, -1,
      295, 368, 369, -1,
      295, 369, 294, -1,
      294, 369, 370, -1,
      294, 370, 293, -1,
      293, 370, 371, -1,
      293, 371, 292, -1,
      292, 371, 372, -1,
      292, 372, 291, -1,
      291, 372, 373, -1,
      291, 373, 290, -1,
      290, 373, 374, -1,
      290, 374, 289, -1,
      289, 374, 375, -1,
      289, 375, 288, -1,
      288, 375, 376, -1,
      288, 376, 287, -1,
      287, 376, 377, -1,
      287, 377, 286, -1,
      286, 377, 378, -1,
      286, 378, 285, -1,
      285, 378, 379, -1,
      285, 379, 284, -1,
      284, 379, 380, -1,
      284, 380, 283, -1,
      283, 380, 381, -1,
      283, 381, 282, -1,
      282, 381, 382, -1,
      282, 382, 281, -1,
      281, 382, 383, -1,
      281, 383, 280, -1,
      280, 383, 384, -1,
      280, 384, 279, -1,
      279, 384, 385, -1,
      279, 385, 278, -1,
      278, 385, 386, -1,
      278, 386, 277, -1,
      277, 386, 387, -1,
      277, 387, 276, -1,
      276, 387, 388, -1,
      276, 388, 275, -1,
      275, 388, 389, -1,
      275, 389, 274, -1,
      274, 389, 390, -1,
      274, 390, 273, -1,
      273, 390, 391, -1,
      273, 391, 272, -1,
      272, 391, 392, -1,
      272, 392, 271, -1,
      271, 392, 393, -1,
      271, 393, 270, -1,
      270, 393, 394, -1,
      270, 394, 269, -1,
      269, 394, 395, -1,
      269, 395, 268, -1,
      268, 395, 396, -1,
      268, 396, 267, -1,
      267, 396, 397, -1,
      267, 397, 266, -1,
      266, 397, 398, -1,
      266, 398, 265, -1,
      265, 398, 399, -1,
      265, 399, 264, -1,
      264, 399, 400, -1,
      264, 400, 263, -1,
      263, 400, 401, -1,
      263, 401, 262, -1,
      262, 401, 402, -1,
      262, 402, 261, -1,
      261, 402, 403, -1,
      261, 403, 260, -1,
      260, 403, 404, -1,
      260, 404, 258, -1,
      258, 404, 405, -1,
      258, 405, 259, -1,
      259, 405, 406, -1,
      259, 406, 332, -1,
      332, 406, 407, -1,
      332, 407, 331, -1,
      331, 407, 333, -1,
      407, 408, 333, -1,
      333, 408, 409, -1,
      333, 409, 334, -1,
      334, 409, 410, -1,
      334, 410, 335, -1,
      335, 410, 411, -1,
      335, 411, 336, -1,
      336, 411, 412, -1,
      336, 412, 337, -1,
      337, 412, 413, -1,
      337, 413, 338, -1,
      338, 413, 414, -1,
      338, 414, 339, -1,
      339, 414, 415, -1,
      339, 415, 340, -1,
      340, 415, 416, -1,
      340, 416, 341, -1,
      341, 416, 417, -1,
      341, 417, 342, -1,
      342, 417, 418, -1,
      342, 418, 343, -1,
      343, 418, 419, -1,
      343, 419, 344, -1,
      344, 419, 420, -1,
      344, 420, 345, -1,
      345, 420, 421, -1,
      345, 421, 346, -1,
      346, 421, 422, -1,
      346, 422, 347, -1,
      347, 422, 423, -1,
      347, 423, 348, -1,
      348, 423, 424, -1,
      348, 424, 349, -1,
      349, 424, 425, -1,
      349, 425, 350, -1,
      350, 425, 426, -1,
      350, 426, 351, -1,
      351, 426, 427, -1,
      351, 427, 352, -1,
      352, 427, 428, -1,
      352, 428, 353, -1,
      353, 428, 429, -1,
      353, 429, 354, -1,
      354, 429, 430, -1,
      354, 430, 355, -1,
      355, 430, 431, -1,
      355, 431, 356, -1,
      356, 431, 432, -1,
      356, 432, 357, -1,
      357, 432, 433, -1,
      357, 433, 358, -1,
      358, 433, 434, -1,
      358, 434, 359, -1,
      359, 434, 435, -1,
      359, 435, 360, -1,
      360, 435, 436, -1,
      360, 436, 361, -1,
      361, 436, 437, -1,
      361, 437, 362, -1,
      362, 437, 438, -1,
      362, 438, 363, -1,
      363, 438, 439, -1,
      363, 439, 364, -1,
      364, 439, 440, -1,
      364, 440, 365, -1,
      365, 440, 441, -1,
      365, 441, 366, -1,
      366, 441, 442, -1,
      366, 442, 367, -1,
      367, 442, 443, -1,
      367, 443, 368, -1,
      368, 443, 444, -1,
      368, 444, 369, -1,
      369, 444, 445, -1,
      369, 445, 370, -1,
      370, 445, 446, -1,
      370, 446, 371, -1,
      371, 446, 447, -1,
      371, 447, 372, -1,
      372, 447, 448, -1,
      372, 448, 373, -1,
      373, 448, 449, -1,
      373, 449, 374, -1,
      374, 449, 450, -1,
      374, 450, 375, -1,
      375, 450, 451, -1,
      375, 451, 376, -1,
      376, 451, 452, -1,
      376, 452, 377, -1,
      377, 452, 453, -1,
      377, 453, 378, -1,
      378, 453, 454, -1,
      378, 454, 379, -1,
      379, 454, 455, -1,
      379, 455, 380, -1,
      380, 455, 456, -1,
      380, 456, 381, -1,
      381, 456, 457, -1,
      381, 457, 382, -1,
      382, 457, 458, -1,
      382, 458, 383, -1,
      383, 458, 459, -1,
      383, 459, 384, -1,
      384, 459, 460, -1,
      384, 460, 385, -1,
      385, 460, 461, -1,
      385, 461, 386, -1,
      386, 461, 462, -1,
      386, 462, 387, -1,
      387, 462, 463, -1,
      387, 463, 388, -1,
      388, 463, 464, -1,
      388, 464, 389, -1,
      389, 464, 465, -1,
      389, 465, 390, -1,
      390, 465, 466, -1,
      390, 466, 391, -1,
      391, 466, 467, -1,
      391, 467, 392, -1,
      392, 467, 468, -1,
      392, 468, 393, -1,
      393, 468, 469, -1,
      393, 469, 394, -1,
      394, 469, 470, -1,
      394, 470, 395, -1,
      395, 470, 471, -1,
      395, 471, 396, -1,
      396, 471, 472, -1,
      396, 472, 397, -1,
      397, 472, 473, -1,
      397, 473, 398, -1,
      398, 473, 474, -1,
      398, 474, 399, -1,
      399, 474, 475, -1,
      399, 475, 400, -1,
      400, 475, 476, -1,
      400, 476, 401, -1,
      401, 476, 477, -1,
      401, 477, 402, -1,
      402, 477, 478, -1,
      402, 478, 403, -1,
      403, 478, 479, -1,
      403, 479, 404, -1,
      404, 479, 480, -1,
      404, 480, 405, -1,
      405, 480, 481, -1,
      405, 481, 406, -1,
      406, 481, 482, -1,
      406, 482, 407, -1,
      407, 482, 408, -1,
      482, 483, 408, -1,
      408, 483, 484, -1,
      408, 484, 409, -1,
      409, 484, 485, -1,
      409, 485, 410, -1,
      410, 485, 486, -1,
      410, 486, 411, -1,
      411, 486, 487, -1,
      411, 487, 412, -1,
      412, 487, 488, -1,
      412, 488, 413, -1,
      413, 488, 489, -1,
      413, 489, 414, -1,
      414, 489, 490, -1,
      414, 490, 415, -1,
      415, 490, 491, -1,
      415, 491, 416, -1,
      416, 491, 492, -1,
      416, 492, 417, -1,
      417, 492, 493, -1,
      417, 493, 418, -1,
      418, 493, 494, -1,
      418, 494, 419, -1,
      419, 494, 495, -1,
      419, 495, 420, -1,
      420, 495, 496, -1,
      420, 496, 421, -1,
      421, 496, 497, -1,
      421, 497, 422, -1,
      422, 497, 498, -1,
      422, 498, 423, -1,
      423, 498, 499, -1,
      423, 499, 424, -1,
      424, 499, 500, -1,
      424, 500, 425, -1,
      425, 500, 501, -1,
      425, 501, 426, -1,
      426, 501, 502, -1,
      426, 502, 427, -1,
      427, 502, 503, -1,
      427, 503, 428, -1,
      428, 503, 504, -1,
      428, 504, 429, -1,
      429, 504, 505, -1,
      429, 505, 430, -1,
      430, 505, 506, -1,
      430, 506, 431, -1,
      431, 506, 507, -1,
      431, 507, 432, -1,
      432, 507, 508, -1,
      432, 508, 433, -1,
      433, 508, 509, -1,
      433, 509, 434, -1,
      434, 509, 510, -1,
      434, 510, 435, -1,
      435, 510, 511, -1,
      435, 511, 436, -1,
      436, 511, 512, -1,
      436, 512, 437, -1,
      437, 512, 513, -1,
      437, 513, 438, -1,
      438, 513, 514, -1,
      438, 514, 439, -1,
      439, 514, 515, -1,
      439, 515, 440, -1,
      440, 515, 516, -1,
      440, 516, 441, -1,
      441, 516, 517, -1,
      441, 517, 442, -1,
      442, 517, 518, -1,
      442, 518, 443, -1,
      443, 518, 519, -1,
      443, 519, 444, -1,
      444, 519, 520, -1,
      444, 520, 445, -1,
      445, 520, 521, -1,
      445, 521, 446, -1,
      446, 521, 522, -1,
      446, 522, 447, -1,
      447, 522, 523, -1,
      447, 523, 448, -1,
      448, 523, 524, -1,
      448, 524, 449, -1,
      449, 524, 525, -1,
      449, 525, 450, -1,
      450, 525, 526, -1,
      450, 526, 451, -1,
      451, 526, 527, -1,
      451, 527, 452, -1,
      452, 527, 528, -1,
      452, 528, 453, -1,
      453, 528, 529, -1,
      453, 529, 454, -1,
      454, 529, 530, -1,
      454, 530, 455, -1,
      455, 530, 531, -1,
      455, 531, 456, -1,
      456, 531, 532, -1,
      456, 532, 457, -1,
      457, 532, 533, -1,
      457, 533, 458, -1,
      458, 533, 534, -1,
      458, 534, 459, -1,
      459, 534, 535, -1,
      459, 535, 460, -1,
      460, 535, 536, -1,
      460, 536, 461, -1,
      461, 536, 537, -1,
      461, 537, 462, -1,
      462, 537, 538, -1,
      462, 538, 463, -1,
      463, 538, 539, -1,
      463, 539, 464, -1,
      464, 539, 540, -1,
      464, 540, 465, -1,
      465, 540, 541, -1,
      465, 541, 466, -1,
      466, 541, 542, -1,
      466, 542, 467, -1,
      467, 542, 543, -1,
      467, 543, 468, -1,
      468, 543, 544, -1,
      468, 544, 469, -1,
      469, 544, 545, -1,
      469, 545, 470, -1,
      470, 545, 546, -1,
      470, 546, 471, -1,
      471, 546, 547, -1,
      471, 547, 472, -1,
      472, 547, 548, -1,
      472, 548, 473, -1,
      473, 548, 549, -1,
      473, 549, 474, -1,
      474, 549, 550, -1,
      474, 550, 475, -1,
      475, 550, 551, -1,
      475, 551, 476, -1,
      476, 551, 552, -1,
      476, 552, 477, -1,
      477, 552, 553, -1,
      477, 553, 478, -1,
      478, 553, 554, -1,
      478, 554, 479, -1,
      479, 554, 555, -1,
      479, 555, 480, -1,
      480, 555, 556, -1,
      480, 556, 481, -1,
      481, 556, 557, -1,
      481, 557, 482, -1,
      482, 557, 483, -1,
      557, 558, 483, -1,
      483, 558, 559, -1,
      483, 559, 484, -1,
      484, 559, 560, -1,
      484, 560, 485, -1,
      485, 560, 561, -1,
      485, 561, 486, -1,
      486, 561, 562, -1,
      486, 562, 487, -1,
      487, 562, 563, -1,
      487, 563, 488, -1,
      488, 563, 564, -1,
      488, 564, 489, -1,
      489, 564, 565, -1,
      489, 565, 490, -1,
      490, 565, 566, -1,
      490, 566, 491, -1,
      491, 566, 567, -1,
      491, 567, 492, -1,
      492, 567, 568, -1,
      492, 568, 493, -1,
      493, 568, 569, -1,
      493, 569, 494, -1,
      494, 569, 570, -1,
      494, 570, 495, -1,
      495, 570, 571, -1,
      495, 571, 496, -1,
      496, 571, 572, -1,
      496, 572, 497, -1,
      497, 572, 573, -1,
      497, 573, 498, -1,
      498, 573, 574, -1,
      498, 574, 499, -1,
      499, 574, 575, -1,
      499, 575, 500, -1,
      500, 575, 576, -1,
      500, 576, 501, -1,
      501, 576, 577, -1,
      501, 577, 502, -1,
      502, 577, 578, -1,
      502, 578, 503, -1,
      503, 578, 579, -1,
      503, 579, 504, -1,
      504, 579, 580, -1,
      504, 580, 505, -1,
      505, 580, 581, -1,
      505, 581, 506, -1,
      506, 581, 582, -1,
      506, 582, 507, -1,
      507, 582, 583, -1,
      507, 583, 508, -1,
      508, 583, 584, -1,
      508, 584, 509, -1,
      509, 584, 585, -1,
      509, 585, 510, -1,
      510, 585, 586, -1,
      510, 586, 511, -1,
      511, 586, 587, -1,
      511, 587, 512, -1,
      512, 587, 588, -1,
      512, 588, 513, -1,
      513, 588, 589, -1,
      513, 589, 514, -1,
      514, 589, 590, -1,
      514, 590, 515, -1,
      515, 590, 591, -1,
      515, 591, 516, -1,
      516, 591, 592, -1,
      516, 592, 517, -1,
      517, 592, 593, -1,
      517, 593, 518, -1,
      518, 593, 594, -1,
      518, 594, 519, -1,
      519, 594, 595, -1,
      519, 595, 520, -1,
      520, 595, 596, -1,
      520, 596, 521, -1,
      521, 596, 597, -1,
      521, 597, 522, -1,
      522, 597, 598, -1,
      522, 598, 523, -1,
      523, 598, 599, -1,
      523, 599, 524, -1,
      524, 599, 600, -1,
      524, 600, 525, -1,
      525, 600, 601, -1,
      525, 601, 526, -1,
      526, 601, 602, -1,
      526, 602, 527, -1,
      527, 602, 603, -1,
      527, 603, 528, -1,
      528, 603, 604, -1,
      528, 604, 529, -1,
      529, 604, 605, -1,
      529, 605, 530, -1,
      530, 605, 606, -1,
      530, 606, 531, -1,
      531, 606, 607, -1,
      531, 607, 532, -1,
      532, 607, 608, -1,
      532, 608, 533, -1,
      533, 608, 609, -1,
      533, 609, 534, -1,
      534, 609, 610, -1,
      534, 610, 535, -1,
      535, 610, 611, -1,
      535, 611, 536, -1,
      536, 611, 612, -1,
      536, 612, 537, -1,
      537, 612, 613, -1,
      537, 613, 538, -1,
      538, 613, 614, -1,
      538, 614, 539, -1,
      539, 614, 615, -1,
      539, 615, 540, -1,
      540, 615, 616, -1,
      540, 616, 541, -1,
      541, 616, 617, -1,
      541, 617, 542, -1,
      542, 617, 618, -1,
      542, 618, 543, -1,
      543, 618, 619, -1,
      543, 619, 544, -1,
      544, 619, 620, -1,
      544, 620, 545, -1,
      545, 620, 621, -1,
      545, 621, 546, -1,
      546, 621, 622, -1,
      546, 622, 547, -1,
      547, 622, 623, -1,
      547, 623, 548, -1,
      548, 623, 624, -1,
      548, 624, 549, -1,
      549, 624, 625, -1,
      549, 625, 550, -1,
      550, 625, 626, -1,
      550, 626, 551, -1,
      551, 626, 627, -1,
      551, 627, 552, -1,
      552, 627, 628, -1,
      552, 628, 553, -1,
      553, 628, 629, -1,
      553, 629, 554, -1,
      554, 629, 630, -1,
      554, 630, 555, -1,
      555, 630, 631, -1,
      555, 631, 556, -1,
      556, 631, 632, -1,
      556, 632, 557, -1,
      557, 632, 558, -1,
      632, 183, 558, -1,
      558, 183, 182, -1,
      558, 182, 559, -1,
      559, 182, 189, -1,
      559, 189, 560, -1,
      560, 189, 188, -1,
      560, 188, 561, -1,
      561, 188, 187, -1,
      561, 187, 562, -1,
      562, 187, 192, -1,
      562, 192, 563, -1,
      563, 192, 191, -1,
      563, 191, 564, -1,
      564, 191, 190, -1,
      564, 190, 565, -1,
      565, 190, 195, -1,
      565, 195, 566, -1,
      566, 195, 194, -1,
      566, 194, 567, -1,
      567, 194, 193, -1,
      567, 193, 568, -1,
      568, 193, 198, -1,
      568, 198, 569, -1,
      569, 198, 197, -1,
      569, 197, 570, -1,
      570, 197, 196, -1,
      570, 196, 571, -1,
      571, 196, 201, -1,
      571, 201, 572, -1,
      572, 201, 200, -1,
      572, 200, 573, -1,
      573, 200, 199, -1,
      573, 199, 574, -1,
      574, 199, 204, -1,
      574, 204, 575, -1,
      575, 204, 203, -1,
      575, 203, 576, -1,
      576, 203, 202, -1,
      576, 202, 577, -1,
      577, 202, 207, -1,
      577, 207, 578, -1,
      578, 207, 206, -1,
      578, 206, 579, -1,
      579, 206, 205, -1,
      579, 205, 580, -1,
      580, 205, 210, -1,
      580, 210, 581, -1,
      581, 210, 209, -1,
      581, 209, 582, -1,
      582, 209, 208, -1,
      582, 208, 583, -1,
      583, 208, 213, -1,
      583, 213, 584, -1,
      584, 213, 212, -1,
      584, 212, 585, -1,
      585, 212, 211, -1,
      585, 211, 586, -1,
      586, 211, 216, -1,
      586, 216, 587, -1,
      587, 216, 215, -1,
      587, 215, 588, -1,
      588, 215, 214, -1,
      588, 214, 589, -1,
      589, 214, 219, -1,
      589, 219, 590, -1,
      590, 219, 218, -1,
      590, 218, 591, -1,
      591, 218, 217, -1,
      591, 217, 592, -1,
      592, 217, 222, -1,
      592, 222, 593, -1,
      593, 222, 221, -1,
      593, 221, 594, -1,
      594, 221, 220, -1,
      594, 220, 595, -1,
      595, 220, 225, -1,
      595, 225, 596, -1,
      596, 225, 224, -1,
      596, 224, 597, -1,
      597, 224, 223, -1,
      597, 223, 598, -1,
      598, 223, 228, -1,
      598, 228, 599, -1,
      599, 228, 227, -1,
      599, 227, 600, -1,
      600, 227, 226, -1,
      600, 226, 601, -1,
      601, 226, 231, -1,
      601, 231, 602, -1,
      602, 231, 230, -1,
      602, 230, 603, -1,
      603, 230, 229, -1,
      603, 229, 604, -1,
      604, 229, 234, -1,
      604, 234, 605, -1,
      605, 234, 233, -1,
      605, 233, 606, -1,
      606, 233, 232, -1,
      606, 232, 607, -1,
      607, 232, 237, -1,
      607, 237, 608, -1,
      608, 237, 236, -1,
      608, 236, 609, -1,
      609, 236, 235, -1,
      609, 235, 610, -1,
      610, 235, 240, -1,
      610, 240, 611, -1,
      611, 240, 239, -1,
      611, 239, 612, -1,
      612, 239, 238, -1,
      612, 238, 613, -1,
      613, 238, 243, -1,
      613, 243, 614, -1,
      614, 243, 242, -1,
      614, 242, 615, -1,
      615, 242, 241, -1,
      615, 241, 616, -1,
      616, 241, 246, -1,
      616, 246, 617, -1,
      617, 246, 245, -1,
      617, 245, 618, -1,
      618, 245, 244, -1,
      618, 244, 619, -1,
      619, 244, 249, -1,
      619, 249, 620, -1,
      620, 249, 248, -1,
      620, 248, 621, -1,
      621, 248, 247, -1,
      621, 247, 622, -1,
      622, 247, 252, -1,
      622, 252, 623, -1,
      623, 252, 251, -1,
      623, 251, 624, -1,
      624, 251, 250, -1,
      624, 250, 625, -1,
      625, 250, 255, -1,
      625, 255, 626, -1,
      626, 255, 254, -1,
      626, 254, 627, -1,
      627, 254, 253, -1,
      627, 253, 628, -1,
      628, 253, 257, -1,
      628, 257, 629, -1,
      629, 257, 256, -1,
      629, 256, 630, -1,
      630, 256, 186, -1,
      630, 186, 631, -1,
      631, 186, 185, -1,
      631, 185, 632, -1,
      632, 185, 183, -1,
    ]
  }
}

Shape {
  appearance Appearance {
    material Material {
      diffuseColor 0.8314 0.8392 0.8314
      specularColor 0.4980 0.5020 0.4980
      ambientIntensity 0.2
      transparency 0.0000
      shininess 0.5
    }
  }
  geometry IndexedFaceSet {
    ccw TRUE
    solid FALSE
    coord DEF co Coordinate {
      point [
        -0.984252 -0.511811 0.275591,
        -0.984252 -0.511811 0.000000,
        -0.511811 -0.984252 0.000000,
        -0.511811 -0.984252 0.275591,
        -0.511811 0.984252 0.275591,
        -0.511811 0.984252 0.000000,
        -0.984252 0.511811 0.000000,
        -0.984252 0.511811 0.275591,
        0.511811 0.984252 0.275591,
        0.511811 0.984252 0.000000,
        0.511811 -0.984252 0.275591,
        0.511811 -0.984252 0.000000,
        0.984252 -0.511811 0.275591,
        0.984252 -0.511811 0.000000,
        0.984252 0.511811 0.275591,
        0.984252 0.511811 0.000000,
        0.448210 -0.761750 0.314961,
        0.432067 -0.768437 0.314961,
        0.511811 -0.984252 0.314961,
        0.414241 -0.770762 0.314961,
        -0.511811 -0.984252 0.314961,
        -0.414241 -0.770762 0.314961,
        -0.432067 -0.768437 0.314961,
        -0.448210 -0.761750 0.314961,
        -0.462459 -0.750789 0.314961,
        -0.984252 -0.511811 0.314961,
        -0.750789 -0.462459 0.314961,
        -0.761750 -0.448210 0.314961,
        0.761750 0.448210 0.314961,
        0.768437 0.432067 0.314961,
        0.984252 0.511811 0.314961,
        0.770762 0.414241 0.314961,
        0.984252 -0.511811 0.314961,
        0.770762 -0.414241 0.314961,
        0.768437 -0.432067 0.314961,
        -0.768437 -0.432067 0.314961,
        -0.770762 -0.414241 0.314961,
        -0.984252 0.511811 0.314961,
        -0.770762 0.414241 0.314961,
        -0.768437 0.432067 0.314961,
        -0.761750 0.448210 0.314961,
        -0.750789 0.462459 0.314961,
        -0.511811 0.984252 0.314961,
        -0.462459 0.750789 0.314961,
        -0.448210 0.761750 0.314961,
        0.761750 -0.448210 0.314961,
        0.750789 -0.462459 0.314961,
        0.462459 -0.750789 0.314961,
        0.432067 0.768437 0.314961,
        0.448210 0.761750 0.314961,
        0.511811 0.984252 0.314961,
        0.462459 0.750789 0.314961,
        0.750789 0.462459 0.314961,
        -0.432067 0.768437 0.314961,
        -0.414241 0.770762 0.314961,
        0.414241 0.770762 0.314961,
        -1.023622 0.511811 0.000000,
        -1.023622 0.511811 0.275591,
        -1.022280 0.511811 0.285780,
        -1.018347 0.511811 0.295276,
        -1.012091 0.511811 0.303430,
        -1.003937 0.511811 0.309686,
        -0.994442 0.511811 0.313619,
        -1.023622 -0.511811 0.000000,
        -1.023622 -0.511811 0.275591,
        -1.022280 -0.511811 0.285780,
        -1.003937 -0.511811 0.309686,
        -0.994442 -0.511811 0.313619,
        -1.012091 -0.511811 0.303430,
        -1.018347 -0.511811 0.295276,
        -0.511811 -1.023622 0.000000,
        -0.511811 -1.023622 0.275591,
        -0.511811 -1.022280 0.285780,
        -0.511811 -1.018347 0.295276,
        -0.511811 -1.012091 0.303430,
        -0.511811 -1.003937 0.309686,
        -0.511811 -0.994442 0.313619,
        0.511811 -1.023622 0.000000,
        0.511811 -1.023622 0.275591,
        0.511811 -0.994442 0.313619,
        0.511811 -1.003937 0.309686,
        0.511811 -1.012091 0.303430,
        0.511811 -1.018347 0.295276,
        0.511811 -1.022280 0.285780,
        1.023622 -0.511811 0.000000,
        1.023622 -0.511811 0.275591,
        1.022280 -0.511811 0.285780,
        1.018347 -0.511811 0.295276,
        1.012091 -0.511811 0.303430,
        1.003937 -0.511811 0.309686,
        0.994442 -0.511811 0.313619,
        1.023622 0.511811 0.000000,
        1.023622 0.511811 0.275591,
        1.022280 0.511811 0.285780,
        1.003937 0.511811 0.309686,
        0.994442 0.511811 0.313619,
        1.012091 0.511811 0.303430,
        1.018347 0.511811 0.295276,
        0.511811 1.023622 0.138861,
        0.511811 1.023622 0.000000,
        0.511811 1.023622 0.140104,
        0.511811 1.023622 0.158602,
        0.511811 1.023622 0.176917,
        0.511811 1.023622 0.242004,
        0.511811 1.023622 0.251946,
        0.511811 1.023622 0.275591,
        0.511811 1.022280 0.285780,
        0.511811 1.018347 0.295276,
        0.511811 1.012091 0.303430,
        0.511811 1.003937 0.309686,
        0.511811 0.994442 0.313619,
        -0.511811 0.994442 0.313619,
        -0.511811 1.023622 0.251946,
        -0.511811 1.023622 0.242004,
        -0.511811 1.023622 0.176917,
        -0.511811 1.023622 0.158602,
        -0.511811 1.003937 0.309686,
        -0.511811 1.012091 0.303430,
        -0.511811 1.018347 0.295276,
        -0.511811 1.022280 0.285780,
        -0.511811 1.023622 0.275591,
        -0.511811 1.023622 0.140104,
        -0.511811 1.023622 0.138861,
        -0.511811 1.023622 0.000000,
        0.066609 1.023622 0.275591,
        0.004676 1.023622 0.275591,
        0.000850 1.023622 0.275591,
        -0.041713 1.023622 0.275591,
        -0.053230 1.023622 0.275591,
        -0.082352 1.023622 0.275591,
        -0.097820 1.023622 0.275591,
        -0.157901 1.023622 0.275591,
        -0.177314 1.023622 0.275591,
        -0.237395 1.023622 0.275591,
        -0.404244 1.023622 0.275591,
        -0.438350 0.726680 0.334646,
        -0.726680 0.438350 0.334646,
        -0.410104 0.658489 0.452756,
        -0.658489 0.410104 0.452756,
        -0.736666 0.414241 0.334646,
        -0.736666 -0.414241 0.334646,
        -0.668475 0.385995 0.452756,
        -0.668475 -0.385995 0.452756,
        -0.658489 -0.410104 0.452756,
        -0.726680 -0.438350 0.334646,
        -0.410104 -0.658489 0.452756,
        -0.438350 -0.726680 0.334646,
        -0.385995 -0.668475 0.452756,
        -0.414241 -0.736666 0.334646,
        0.385995 -0.668475 0.452756,
        0.414241 -0.736666 0.334646,
        0.410104 -0.658489 0.452756,
        0.438350 -0.726680 0.334646,
        0.658489 -0.410104 0.452756,
        0.726680 -0.438350 0.334646,
        0.668475 -0.385995 0.452756,
        0.736666 -0.414241 0.334646,
        0.668475 0.385995 0.452756,
        0.736666 0.414241 0.334646,
        0.658489 0.410104 0.452756,
        0.726680 0.438350 0.334646,
        0.410104 0.658489 0.452756,
        0.438350 0.726680 0.334646,
        0.385995 0.668475 0.452756,
        0.414241 0.736666 0.334646,
        -0.385995 0.668475 0.452756,
        -0.414241 0.736666 0.334646,
        0.634380 0.385995 0.472441,
        0.413386 0.000000 0.472441,
        0.634380 -0.385995 0.472441,
        0.406347 -0.075959 0.472441,
        0.385471 -0.149332 0.472441,
        0.351468 0.217620 0.472441,
        0.385471 0.149332 0.472441,
        0.406347 0.075959 0.472441,
        0.351468 -0.217620 0.472441,
        0.305496 -0.278496 0.472441,
        0.385995 -0.634380 0.472441,
        0.249120 -0.329889 0.472441,
        0.184262 -0.370048 0.472441,
        -0.113128 -0.397605 0.472441,
        -0.184262 -0.370048 0.472441,
        -0.385995 -0.634380 0.472441,
        -0.249120 -0.329889 0.472441,
        -0.634380 -0.385995 0.472441,
        -0.305496 -0.278496 0.472441,
        -0.351468 -0.217620 0.472441,
        -0.385471 -0.149332 0.472441,
        -0.406347 -0.075959 0.472441,
        -0.634380 0.385995 0.472441,
        -0.413386 0.000000 0.472441,
        -0.406347 0.075959 0.472441,
        -0.385471 0.149332 0.472441,
        -0.351468 0.217620 0.472441,
        -0.305496 0.278496 0.472441,
        -0.385995 0.634380 0.472441,
        -0.249120 0.329889 0.472441,
        -0.184262 0.370048 0.472441,
        -0.113128 0.397605 0.472441,
        -0.038143 0.411622 0.472441,
        0.385995 0.634380 0.472441,
        0.038143 0.411622 0.472441,
        0.113128 0.397605 0.472441,
        0.113128 -0.397605 0.472441,
        0.038143 -0.411622 0.472441,
        -0.038143 -0.411622 0.472441,
        0.184262 0.370048 0.472441,
        0.249120 0.329889 0.472441,
        0.305496 0.278496 0.472441,
      ]
    }
    coordIndex [
      12, 10, 3, -1,
      7, 4, 8, -1,
      7, 8, 0, -1,
      0, 8, 3, -1,
      3, 8, 14, -1,
      3, 14, 12, -1,
      16, 17, 18, -1,
      18, 17, 19, -1,
      18, 19, 20, -1,
      20, 19, 21, -1,
      20, 21, 22, -1,
      22, 23, 20, -1,
      20, 23, 24, -1,
      20, 24, 25, -1,
      25, 24, 26, -1,
      25, 26, 27, -1,
      28, 29, 30, -1,
      30, 29, 31, -1,
      30, 31, 32, -1,
      32, 31, 33, -1,
      32, 33, 34, -1,
      27, 35, 25, -1,
      25, 35, 36, -1,
      25, 36, 37, -1,
      37, 36, 38, -1,
      37, 38, 39, -1,
      39, 40, 37, -1,
      37, 40, 41, -1,
      37, 41, 42, -1,
      42, 41, 43, -1,
      42, 43, 44, -1,
      34, 45, 32, -1,
      32, 45, 46, -1,
      32, 46, 18, -1,
      18, 46, 47, -1,
      18, 47, 16, -1,
      48, 49, 50, -1,
      50, 49, 51, -1,
      50, 51, 30, -1,
      30, 51, 52, -1,
      30, 52, 28, -1,
      44, 53, 42, -1,
      42, 53, 54, -1,
      42, 54, 50, -1,
      50, 54, 55, -1,
      50, 55, 48, -1,
      37, 42, 7, -1,
      7, 42, 4, -1,
      6, 56, 7, -1,
      7, 56, 57, -1,
      57, 58, 7, -1,
      7, 58, 59, -1,
      7, 59, 60, -1,
      60, 61, 7, -1,
      7, 61, 62, -1,
      7, 62, 37, -1,
      63, 1, 64, -1,
      64, 1, 0, -1,
      64, 0, 65, -1,
      66, 0, 67, -1,
      67, 0, 25, -1,
      66, 68, 0, -1,
      0, 68, 69, -1,
      0, 69, 65, -1,
      20, 25, 3, -1,
      3, 25, 0, -1,
      2, 70, 3, -1,
      3, 70, 71, -1,
      71, 72, 3, -1,
      3, 72, 73, -1,
      3, 73, 74, -1,
      74, 75, 3, -1,
      3, 75, 76, -1,
      3, 76, 20, -1,
      77, 11, 78, -1,
      78, 11, 10, -1,
      18, 79, 10, -1,
      10, 79, 80, -1,
      10, 80, 81, -1,
      81, 82, 10, -1,
      10, 82, 83, -1,
      10, 83, 78, -1,
      32, 18, 12, -1,
      12, 18, 10, -1,
      13, 84, 12, -1,
      12, 84, 85, -1,
      85, 86, 12, -1,
      12, 86, 87, -1,
      12, 87, 88, -1,
      88, 89, 12, -1,
      12, 89, 90, -1,
      12, 90, 32, -1,
      91, 15, 92, -1,
      92, 15, 14, -1,
      92, 14, 93, -1,
      94, 14, 95, -1,
      95, 14, 30, -1,
      94, 96, 14, -1,
      14, 96, 97, -1,
      14, 97, 93, -1,
      50, 30, 8, -1,
      8, 30, 14, -1,
      8, 9, 98, -1,
      98, 9, 99, -1,
      98, 100, 8, -1,
      8, 100, 101, -1,
      8, 101, 102, -1,
      102, 103, 8, -1,
      8, 103, 104, -1,
      8, 104, 105, -1,
      105, 106, 8, -1,
      8, 106, 107, -1,
      8, 107, 108, -1,
      108, 109, 8, -1,
      8, 109, 110, -1,
      8, 110, 50, -1,
      4, 42, 111, -1,
      112, 113, 4, -1,
      4, 113, 114, -1,
      4, 114, 115, -1,
      111, 116, 4, -1,
      4, 116, 117, -1,
      4, 117, 118, -1,
      118, 119, 4, -1,
      4, 119, 120, -1,
      4, 120, 112, -1,
      115, 121, 4, -1,
      4, 121, 122, -1,
      4, 122, 5, -1,
      5, 122, 123, -1,
      18, 20, 76, -1,
      18, 76, 79, -1,
      79, 76, 75, -1,
      79, 75, 80, -1,
      80, 75, 74, -1,
      80, 74, 81, -1,
      81, 74, 73, -1,
      81, 73, 82, -1,
      82, 73, 72, -1,
      82, 72, 83, -1,
      83, 72, 71, -1,
      83, 71, 78, -1,
      25, 37, 62, -1,
      25, 62, 67, -1,
      67, 62, 61, -1,
      67, 61, 66, -1,
      66, 61, 60, -1,
      66, 60, 68, -1,
      68, 60, 59, -1,
      68, 59, 69, -1,
      69, 59, 58, -1,
      69, 58, 65, -1,
      65, 58, 57, -1,
      65, 57, 64, -1,
      30, 32, 90, -1,
      30, 90, 95, -1,
      95, 90, 89, -1,
      95, 89, 94, -1,
      94, 89, 88, -1,
      94, 88, 96, -1,
      96, 88, 87, -1,
      96, 87, 97, -1,
      97, 87, 86, -1,
      97, 86, 93, -1,
      93, 86, 85, -1,
      93, 85, 92, -1,
      42, 50, 110, -1,
      105, 124, 106, -1,
      106, 124, 125, -1,
      42, 110, 111, -1,
      111, 110, 109, -1,
      111, 109, 116, -1,
      116, 109, 108, -1,
      116, 108, 117, -1,
      117, 108, 107, -1,
      117, 107, 118, -1,
      118, 107, 106, -1,
      118, 106, 119, -1,
      119, 106, 125, -1,
      119, 125, 126, -1,
      126, 127, 119, -1,
      119, 127, 128, -1,
      119, 128, 129, -1,
      129, 130, 119, -1,
      119, 130, 131, -1,
      119, 131, 132, -1,
      132, 133, 119, -1,
      119, 133, 134, -1,
      119, 134, 120, -1,
      135, 136, 137, -1,
      137, 136, 138, -1,
      139, 140, 141, -1,
      141, 140, 142, -1,
      143, 144, 145, -1,
      145, 144, 146, -1,
      147, 148, 149, -1,
      149, 148, 150, -1,
      151, 152, 153, -1,
      153, 152, 154, -1,
      155, 156, 157, -1,
      157, 156, 158, -1,
      159, 160, 161, -1,
      161, 160, 162, -1,
      163, 164, 165, -1,
      165, 164, 166, -1,
      167, 168, 169, -1,
      169, 168, 170, -1,
      169, 170, 171, -1,
      172, 173, 167, -1,
      167, 173, 174, -1,
      167, 174, 168, -1,
      171, 175, 169, -1,
      169, 175, 176, -1,
      169, 176, 177, -1,
      177, 176, 178, -1,
      177, 178, 179, -1,
      180, 181, 182, -1,
      182, 181, 183, -1,
      182, 183, 184, -1,
      184, 183, 185, -1,
      184, 185, 186, -1,
      186, 187, 184, -1,
      184, 187, 188, -1,
      184, 188, 189, -1,
      188, 190, 189, -1,
      189, 190, 191, -1,
      189, 191, 192, -1,
      192, 193, 189, -1,
      189, 193, 194, -1,
      189, 194, 195, -1,
      195, 194, 196, -1,
      195, 196, 197, -1,
      197, 198, 195, -1,
      195, 198, 199, -1,
      195, 199, 200, -1,
      200, 199, 201, -1,
      200, 201, 202, -1,
      179, 203, 177, -1,
      177, 203, 204, -1,
      177, 204, 182, -1,
      182, 204, 205, -1,
      182, 205, 180, -1,
      202, 206, 200, -1,
      200, 206, 207, -1,
      200, 207, 167, -1,
      167, 207, 208, -1,
      167, 208, 172, -1,
    ]
  }
}

Shape {
  appearance Appearance {
    material Material {
      diffuseColor 0.0706 0.0706 0.0706
      specularColor 0.0039 0.0039 0.0039
      ambientIntensity 0.2
      transparency 0.0000
      shininess 0.5
    }
  }
  geometry IndexedFaceSet {
    ccw TRUE
    solid FALSE
    coord DEF co Coordinate {
      point [
        0.000000 0.000000 0.393701,
        0.413386 0.000000 0.472441,
        0.406347 -0.075959 0.472441,
        0.385471 -0.149332 0.472441,
        0.351468 0.217620 0.472441,
        0.385471 0.149332 0.472441,
        0.406347 0.075959 0.472441,
        0.351468 -0.217620 0.472441,
        0.305496 -0.278496 0.472441,
        0.249120 -0.329889 0.472441,
        0.184262 -0.370048 0.472441,
        -0.113128 -0.397605 0.472441,
        -0.184262 -0.370048 0.472441,
        -0.249120 -0.329889 0.472441,
        -0.305496 -0.278496 0.472441,
        -0.351468 -0.217620 0.472441,
        -0.385471 -0.149332 0.472441,
        -0.406347 -0.075959 0.472441,
        -0.413386 0.000000 0.472441,
        -0.406347 0.075959 0.472441,
        -0.385471 0.149332 0.472441,
        -0.351468 0.217620 0.472441,
        -0.305496 0.278496 0.472441,
        -0.249120 0.329889 0.472441,
        -0.184262 0.370048 0.472441,
        -0.113128 0.397605 0.472441,
        -0.038143 0.411622 0.472441,
        0.038143 0.411622 0.472441,
        0.113128 0.397605 0.472441,
        0.113128 -0.397605 0.472441,
        0.038143 -0.411622 0.472441,
        -0.038143 -0.411622 0.472441,
        0.184262 0.370048 0.472441,
        0.249120 0.329889 0.472441,
        0.305496 0.278496 0.472441,
        0.413386 -0.000000 0.393701,
        0.406347 0.075959 0.393701,
        0.385471 0.149332 0.393701,
        0.351468 0.217620 0.393701,
        0.305496 0.278496 0.393701,
        0.249120 0.329889 0.393701,
        0.184262 0.370048 0.393701,
        0.113128 0.397605 0.393701,
        0.038143 0.411622 0.393701,
        -0.038143 0.411622 0.393701,
        -0.113128 0.397605 0.393701,
        -0.184262 0.370048 0.393701,
        -0.249120 0.329889 0.393701,
        -0.305496 0.278496 0.393701,
        -0.351468 0.217620 0.393701,
        -0.385471 0.149332 0.393701,
        -0.406347 0.075959 0.393701,
        -0.413386 0.000000 0.393701,
        -0.406347 -0.075959 0.393701,
        -0.385471 -0.149332 0.393701,
        -0.351468 -0.217620 0.393701,
        -0.305496 -0.278496 0.393701,
        -0.249120 -0.329889 0.393701,
        -0.184262 -0.370048 0.393701,
        -0.113128 -0.397605 0.393701,
        -0.038143 -0.411622 0.393701,
        0.038143 -0.411622 0.393701,
        0.113128 -0.397605 0.393701,
        0.184262 -0.370048 0.393701,
        0.249120 -0.329889 0.393701,
        0.305496 -0.278496 0.393701,
        0.351468 -0.217620 0.393701,
        0.385471 -0.149332 0.393701,
        0.406347 -0.075959 0.393701,
      ]
    }
    coordIndex [
      35, 1, 36, -1,
      36, 1, 6, -1,
      36, 6, 37, -1,
      37, 6, 5, -1,
      37, 5, 38, -1,
      38, 5, 4, -1,
      38, 4, 39, -1,
      39, 4, 34, -1,
      39, 34, 40, -1,
      40, 34, 33, -1,
      40, 33, 41, -1,
      41, 33, 32, -1,
      41, 32, 42, -1,
      42, 32, 28, -1,
      42, 28, 43, -1,
      43, 28, 27, -1,
      43, 27, 44, -1,
      44, 27, 26, -1,
      44, 26, 45, -1,
      45, 26, 25, -1,
      45, 25, 46, -1,
      46, 25, 24, -1,
      46, 24, 47, -1,
      47, 24, 23, -1,
      47, 23, 48, -1,
      48, 23, 22, -1,
      48, 22, 49, -1,
      49, 22, 21, -1,
      49, 21, 50, -1,
      50, 21, 20, -1,
      50, 20, 51, -1,
      51, 20, 19, -1,
      51, 19, 52, -1,
      52, 19, 18, -1,
      52, 18, 53, -1,
      53, 18, 17, -1,
      53, 17, 54, -1,
      54, 17, 16, -1,
      54, 16, 55, -1,
      55, 16, 15, -1,
      55, 15, 56, -1,
      56, 15, 14, -1,
      56, 14, 57, -1,
      57, 14, 13, -1,
      57, 13, 58, -1,
      58, 13, 12, -1,
      58, 12, 59, -1,
      59, 12, 11, -1,
      59, 11, 60, -1,
      60, 11, 31, -1,
      60, 31, 61, -1,
      61, 31, 30, -1,
      61, 30, 62, -1,
      62, 30, 29, -1,
      62, 29, 63, -1,
      63, 29, 10, -1,
      63, 10, 64, -1,
      64, 10, 9, -1,
      64, 9, 65, -1,
      65, 9, 8, -1,
      65, 8, 66, -1,
      66, 8, 7, -1,
      66, 7, 67, -1,
      67, 7, 3, -1,
      67, 3, 68, -1,
      68, 3, 2, -1,
      68, 2, 35, -1,
      35, 2, 1, -1,
      35, 36, 0, -1,
      66, 67, 0, -1,
      0, 67, 68, -1,
      0, 68, 35, -1,
      63, 64, 0, -1,
      0, 64, 65, -1,
      0, 65, 66, -1,
      60, 61, 0, -1,
      0, 61, 62, -1,
      0, 62, 63, -1,
      57, 58, 0, -1,
      0, 58, 59, -1,
      0, 59, 60, -1,
      54, 55, 0, -1,
      0, 55, 56, -1,
      0, 56, 57, -1,
      51, 52, 0, -1,
      0, 52, 53, -1,
      0, 53, 54, -1,
      48, 49, 0, -1,
      0, 49, 50, -1,
      0, 50, 51, -1,
      45, 46, 0, -1,
      0, 46, 47, -1,
      0, 47, 48, -1,
      42, 43, 0, -1,
      0, 43, 44, -1,
      0, 44, 45, -1,
      39, 40, 0, -1,
      0, 40, 41, -1,
      0, 41, 42, -1,
      36, 37, 0, -1,
      0, 37, 38, -1,
      0, 38, 39, -1,
    ]
  }
}

Shape {
  appearance Appearance {
    material Material {
      diffuseColor 0.8314 0.8392 0.8314
      specularColor 0.4980 0.5020 0.4980
      ambientIntensity 0.2
      transparency 0.0000
      shininess 0.5
    }
  }
  geometry IndexedFaceSet {
    ccw TRUE
    solid FALSE
    coord DEF co Coordinate {
      point [
        -0.511811 0.984252 0.275591,
        -0.511811 0.984252 0.000000,
        0.511811 0.984252 0.275591,
        0.511811 0.984252 0.000000,
        0.448210 -0.761750 0.314961,
        0.432067 -0.768437 0.314961,
        0.414241 -0.770762 0.314961,
        -0.414241 -0.770762 0.314961,
        -0.432067 -0.768437 0.314961,
        -0.448210 -0.761750 0.314961,
        -0.462459 -0.750789 0.314961,
        -0.750789 -0.462459 0.314961,
        -0.761750 -0.448210 0.314961,
        0.761750 0.448210 0.314961,
        0.768437 0.432067 0.314961,
        0.770762 0.414241 0.314961,
        0.770762 -0.414241 0.314961,
        0.768437 -0.432067 0.314961,
        -0.768437 -0.432067 0.314961,
        -0.770762 -0.414241 0.314961,
        -0.770762 0.414241 0.314961,
        -0.768437 0.432067 0.314961,
        -0.761750 0.448210 0.314961,
        -0.750789 0.462459 0.314961,
        -0.462459 0.750789 0.314961,
        -0.448210 0.761750 0.314961,
        0.761750 -0.448210 0.314961,
        0.750789 -0.462459 0.314961,
        0.462459 -0.750789 0.314961,
        0.432067 0.768437 0.314961,
        0.448210 0.761750 0.314961,
        0.462459 0.750789 0.314961,
        0.750789 0.462459 0.314961,
        -0.432067 0.768437 0.314961,
        -0.414241 0.770762 0.314961,
        0.414241 0.770762 0.314961,
        0.511811 1.023622 0.138861,
        0.511811 1.023622 0.000000,
        0.511811 1.023622 0.140104,
        0.511811 1.023622 0.158602,
        0.511811 1.023622 0.176917,
        0.511811 1.023622 0.242004,
        0.511811 1.023622 0.251946,
        0.511811 1.023622 0.275591,
        -0.511811 1.023622 0.251946,
        -0.511811 1.023622 0.242004,
        -0.511811 1.023622 0.176917,
        -0.511811 1.023622 0.158602,
        -0.511811 1.023622 0.275591,
        -0.511811 1.023622 0.140104,
        -0.511811 1.023622 0.138861,
        -0.511811 1.023622 0.000000,
        0.066609 1.023622 0.275591,
        0.004676 1.023622 0.275591,
        0.000850 1.023622 0.275591,
        -0.041713 1.023622 0.275591,
        -0.053230 1.023622 0.275591,
        -0.082352 1.023622 0.275591,
        -0.097820 1.023622 0.275591,
        -0.157901 1.023622 0.275591,
        -0.177314 1.023622 0.275591,
        -0.237395 1.023622 0.275591,
        -0.404244 1.023622 0.275591,
        -0.438350 0.726680 0.334646,
        -0.726680 0.438350 0.334646,
        -0.410104 0.658489 0.452756,
        -0.658489 0.410104 0.452756,
        -0.736666 0.414241 0.334646,
        -0.736666 -0.414241 0.334646,
        -0.668475 0.385995 0.452756,
        -0.668475 -0.385995 0.452756,
        -0.658489 -0.410104 0.452756,
        -0.726680 -0.438350 0.334646,
        -0.410104 -0.658489 0.452756,
        -0.438350 -0.726680 0.334646,
        -0.385995 -0.668475 0.452756,
        -0.414241 -0.736666 0.334646,
        0.385995 -0.668475 0.452756,
        0.414241 -0.736666 0.334646,
        0.410104 -0.658489 0.452756,
        0.438350 -0.726680 0.334646,
        0.658489 -0.410104 0.452756,
        0.726680 -0.438350 0.334646,
        0.668475 -0.385995 0.452756,
        0.736666 -0.414241 0.334646,
        0.668475 0.385995 0.452756,
        0.736666 0.414241 0.334646,
        0.658489 0.410104 0.452756,
        0.726680 0.438350 0.334646,
        0.410104 0.658489 0.452756,
        0.438350 0.726680 0.334646,
        0.385995 0.668475 0.452756,
        0.414241 0.736666 0.334646,
        -0.385995 0.668475 0.452756,
        -0.414241 0.736666 0.334646,
        0.634380 0.385995 0.472441,
        0.634380 -0.385995 0.472441,
        0.385995 -0.634380 0.472441,
        -0.385995 -0.634380 0.472441,
        -0.634380 -0.385995 0.472441,
        -0.634380 0.385995 0.472441,
        -0.385995 0.634380 0.472441,
        0.385995 0.634380 0.472441,
        0.730222 -0.441891 0.328118,
        0.441891 -0.730222 0.328118,
        0.731104 -0.442774 0.326492,
        0.442774 -0.731104 0.326492,
        0.734565 -0.446235 0.322736,
        0.446235 -0.734565 0.322736,
        0.736870 -0.448539 0.320235,
        0.448539 -0.736870 0.320235,
        0.739554 -0.451223 0.318663,
        0.451223 -0.739554 0.318663,
        0.743584 -0.455254 0.316302,
        0.455254 -0.743584 0.316302,
        0.745021 -0.456691 0.316035,
        0.456691 -0.745021 0.316035,
        0.738210 -0.434619 0.325850,
        0.736114 -0.423348 0.333602,
        0.742923 -0.414241 0.326492,
        0.742181 -0.425031 0.325850,
        0.751077 -0.414241 0.320235,
        0.745164 -0.438633 0.319933,
        0.753182 -0.443263 0.316224,
        0.749937 -0.427109 0.319933,
        0.758880 -0.429506 0.316224,
        0.760572 -0.414241 0.316302,
        0.732729 -0.431519 0.333602,
        0.732767 -0.431476 0.333595,
        0.736110 -0.423405 0.333595,
        0.423348 -0.736114 0.333602,
        0.414241 -0.742923 0.326492,
        0.429506 -0.758880 0.316224,
        0.431519 -0.732729 0.333602,
        0.438633 -0.745164 0.319933,
        0.434619 -0.738210 0.325850,
        0.443263 -0.753182 0.316224,
        0.431476 -0.732767 0.333595,
        0.423405 -0.736110 0.333595,
        0.425031 -0.742181 0.325850,
        0.427109 -0.749937 0.319933,
        0.414241 -0.760572 0.316302,
        0.414241 -0.751077 0.320235,
        0.742923 0.414241 0.326492,
        0.751077 0.414241 0.320235,
        0.760572 0.414241 0.316302,
        0.666723 -0.394604 0.453803,
        0.666702 -0.394654 0.453803,
        0.663358 -0.402727 0.453803,
        0.663337 -0.402778 0.453803,
        0.406776 -0.655161 0.459267,
        0.655161 -0.406776 0.459267,
        0.405598 -0.653983 0.460781,
        0.653983 -0.405598 0.460781,
        0.402443 -0.650828 0.464835,
        0.650828 -0.402443 0.464835,
        0.399837 -0.648222 0.466978,
        0.648222 -0.399837 0.466978,
        0.397382 -0.645767 0.468997,
        0.645767 -0.397382 0.468997,
        0.393165 -0.641550 0.470947,
        0.641550 -0.393165 0.470947,
        0.391817 -0.640202 0.471570,
        0.640202 -0.391817 0.471570,
        0.402778 -0.663337 0.453803,
        0.402727 -0.663358 0.453803,
        0.394654 -0.666702 0.453803,
        0.394604 -0.666723 0.453803,
        -0.414241 -0.742923 0.326492,
        -0.414241 -0.751077 0.320235,
        -0.414241 -0.760572 0.316302,
        0.736114 0.423348 0.333602,
        0.758880 0.429506 0.316224,
        0.731104 0.442774 0.326492,
        0.732729 0.431519 0.333602,
        0.738210 0.434619 0.325850,
        0.736870 0.448539 0.320235,
        0.745164 0.438633 0.319933,
        0.743584 0.455254 0.316302,
        0.753182 0.443263 0.316224,
        0.732767 0.431476 0.333595,
        0.736110 0.423405 0.333595,
        0.742181 0.425031 0.325850,
        0.749937 0.427109 0.319933,
        0.644520 -0.385995 0.470947,
        0.642614 -0.385995 0.471570,
        0.642333 -0.388126 0.471570,
        0.659832 -0.400690 0.459267,
        0.662768 -0.393602 0.459267,
        0.650483 -0.385995 0.468997,
        0.649935 -0.390163 0.468997,
        0.653955 -0.385995 0.466978,
        0.656848 -0.392015 0.464835,
        0.657641 -0.385995 0.464835,
        0.641511 -0.390112 0.471570,
        0.648326 -0.394046 0.468997,
        0.654524 -0.397625 0.464835,
        0.662102 -0.385995 0.460781,
        0.663770 -0.385995 0.459267,
        0.390112 -0.641511 0.471570,
        0.393602 -0.662768 0.459267,
        0.400690 -0.659832 0.459267,
        0.394046 -0.648326 0.468997,
        0.397625 -0.654524 0.464835,
        0.385995 -0.642614 0.471570,
        0.388126 -0.642333 0.471570,
        0.385995 -0.644520 0.470947,
        0.390163 -0.649935 0.468997,
        0.385995 -0.650483 0.468997,
        0.392015 -0.656848 0.464835,
        0.385995 -0.653955 0.466978,
        0.385995 -0.663770 0.459267,
        0.385995 -0.662102 0.460781,
        0.385995 -0.657641 0.464835,
        -0.431519 -0.732729 0.333602,
        -0.442774 -0.731104 0.326492,
        -0.443263 -0.753182 0.316224,
        -0.423348 -0.736114 0.333602,
        -0.425031 -0.742181 0.325850,
        -0.427109 -0.749937 0.319933,
        -0.429506 -0.758880 0.316224,
        -0.423405 -0.736110 0.333595,
        -0.431476 -0.732767 0.333595,
        -0.434619 -0.738210 0.325850,
        -0.438633 -0.745164 0.319933,
        -0.455254 -0.743584 0.316302,
        -0.448539 -0.736870 0.320235,
        0.442774 0.731104 0.326492,
        0.448539 0.736870 0.320235,
        0.455254 0.743584 0.316302,
        0.665030 0.398691 0.453803,
        0.663337 0.402778 0.453803,
        0.662159 0.404557 0.453548,
        0.667149 0.392512 0.453548,
        0.666723 0.394604 0.453803,
        0.642614 0.385995 0.471570,
        0.644520 0.385995 0.470947,
        0.650483 0.385995 0.468997,
        0.653955 0.385995 0.466978,
        0.657641 0.385995 0.464835,
        0.662102 0.385995 0.460781,
        0.663770 0.385995 0.459267,
        -0.385995 -0.642614 0.471570,
        -0.385995 -0.644520 0.470947,
        -0.385995 -0.650483 0.468997,
        -0.385995 -0.653955 0.466978,
        -0.385995 -0.657641 0.464835,
        -0.385995 -0.662102 0.460781,
        -0.385995 -0.663770 0.459267,
        -0.398691 -0.665030 0.453803,
        -0.394604 -0.666723 0.453803,
        -0.392512 -0.667149 0.453548,
        -0.404557 -0.662159 0.453548,
        -0.402778 -0.663337 0.453803,
        -0.731104 -0.442774 0.326492,
        -0.736870 -0.448539 0.320235,
        -0.743584 -0.455254 0.316302,
        0.431519 0.732729 0.333602,
        0.443263 0.753182 0.316224,
        0.414241 0.742923 0.326492,
        0.423348 0.736114 0.333602,
        0.425031 0.742181 0.325850,
        0.414241 0.751077 0.320235,
        0.427109 0.749937 0.319933,
        0.414241 0.760572 0.316302,
        0.429506 0.758880 0.316224,
        0.423405 0.736110 0.333595,
        0.431476 0.732767 0.333595,
        0.434619 0.738210 0.325850,
        0.438633 0.745164 0.319933,
        0.641987 0.389146 0.471570,
        0.641226 0.390569 0.471570,
        0.658817 0.402323 0.459267,
        0.661532 0.397242 0.459267,
        0.663205 0.391728 0.459267,
        0.645767 0.397382 0.468997,
        0.641550 0.393165 0.470947,
        0.640202 0.391817 0.471570,
        0.642456 0.387601 0.471570,
        0.647769 0.394941 0.468997,
        0.649257 0.392157 0.468997,
        0.650174 0.389137 0.468997,
        0.653983 0.405598 0.460781,
        0.650828 0.402443 0.464835,
        0.653721 0.398918 0.464835,
        0.648222 0.399837 0.466978,
        0.657194 0.390533 0.464835,
        0.655870 0.394896 0.464835,
        0.655161 0.406776 0.459267,
        -0.389146 -0.641987 0.471570,
        -0.387601 -0.642456 0.471570,
        -0.391728 -0.663205 0.459267,
        -0.397242 -0.661532 0.459267,
        -0.402323 -0.658817 0.459267,
        -0.406776 -0.655161 0.459267,
        -0.391817 -0.640202 0.471570,
        -0.390569 -0.641226 0.471570,
        -0.393165 -0.641550 0.470947,
        -0.389137 -0.650174 0.468997,
        -0.392157 -0.649257 0.468997,
        -0.394941 -0.647769 0.468997,
        -0.397382 -0.645767 0.468997,
        -0.390533 -0.657194 0.464835,
        -0.398918 -0.653721 0.464835,
        -0.394896 -0.655870 0.464835,
        -0.399837 -0.648222 0.466978,
        -0.402443 -0.650828 0.464835,
        -0.405598 -0.653983 0.460781,
        -0.736114 -0.423348 0.333602,
        -0.742923 -0.414241 0.326492,
        -0.758880 -0.429506 0.316224,
        -0.732729 -0.431519 0.333602,
        -0.738210 -0.434619 0.325850,
        -0.745164 -0.438633 0.319933,
        -0.753182 -0.443263 0.316224,
        -0.732767 -0.431476 0.333595,
        -0.736110 -0.423405 0.333595,
        -0.742181 -0.425031 0.325850,
        -0.749937 -0.427109 0.319933,
        -0.760572 -0.414241 0.316302,
        -0.751077 -0.414241 0.320235,
        -0.414241 0.742923 0.326492,
        -0.414241 0.751077 0.320235,
        -0.414241 0.760572 0.316302,
        0.398691 0.665030 0.453803,
        0.394604 0.666723 0.453803,
        0.392512 0.667149 0.453548,
        0.404557 0.662159 0.453548,
        0.402778 0.663337 0.453803,
        0.391817 0.640202 0.471570,
        0.393165 0.641550 0.470947,
        0.397382 0.645767 0.468997,
        0.399837 0.648222 0.466978,
        0.402443 0.650828 0.464835,
        0.405598 0.653983 0.460781,
        0.406776 0.655161 0.459267,
        -0.655161 -0.406776 0.459267,
        -0.653983 -0.405598 0.460781,
        -0.650828 -0.402443 0.464835,
        -0.648222 -0.399837 0.466978,
        -0.645767 -0.397382 0.468997,
        -0.641550 -0.393165 0.470947,
        -0.640202 -0.391817 0.471570,
        -0.663337 -0.402778 0.453803,
        -0.663358 -0.402727 0.453803,
        -0.666702 -0.394654 0.453803,
        -0.666723 -0.394604 0.453803,
        -0.742923 0.414241 0.326492,
        -0.751077 0.414241 0.320235,
        -0.760572 0.414241 0.316302,
        -0.731104 0.442774 0.326492,
        -0.442774 0.731104 0.326492,
        -0.736870 0.448539 0.320235,
        -0.448539 0.736870 0.320235,
        -0.743584 0.455254 0.316302,
        -0.455254 0.743584 0.316302,
        -0.423348 0.736114 0.333602,
        -0.429506 0.758880 0.316224,
        -0.431519 0.732729 0.333602,
        -0.434619 0.738210 0.325850,
        -0.438633 0.745164 0.319933,
        -0.443263 0.753182 0.316224,
        -0.431476 0.732767 0.333595,
        -0.423405 0.736110 0.333595,
        -0.425031 0.742181 0.325850,
        -0.427109 0.749937 0.319933,
        0.389146 0.641987 0.471570,
        0.387601 0.642456 0.471570,
        0.391728 0.663205 0.459267,
        0.397242 0.661532 0.459267,
        0.402323 0.658817 0.459267,
        0.385995 0.650483 0.468997,
        0.385995 0.644520 0.470947,
        0.385995 0.642614 0.471570,
        0.390569 0.641226 0.471570,
        0.389137 0.650174 0.468997,
        0.392157 0.649257 0.468997,
        0.394941 0.647769 0.468997,
        0.385995 0.662102 0.460781,
        0.385995 0.657641 0.464835,
        0.390533 0.657194 0.464835,
        0.385995 0.653955 0.466978,
        0.398918 0.653721 0.464835,
        0.394896 0.655870 0.464835,
        0.385995 0.663770 0.459267,
        -0.641511 -0.390112 0.471570,
        -0.662768 -0.393602 0.459267,
        -0.659832 -0.400690 0.459267,
        -0.648326 -0.394046 0.468997,
        -0.654524 -0.397625 0.464835,
        -0.642614 -0.385995 0.471570,
        -0.642333 -0.388126 0.471570,
        -0.644520 -0.385995 0.470947,
        -0.649935 -0.390163 0.468997,
        -0.650483 -0.385995 0.468997,
        -0.656848 -0.392015 0.464835,
        -0.653955 -0.385995 0.466978,
        -0.663770 -0.385995 0.459267,
        -0.662102 -0.385995 0.460781,
        -0.657641 -0.385995 0.464835,
        -0.732729 0.431519 0.333602,
        -0.753182 0.443263 0.316224,
        -0.736114 0.423348 0.333602,
        -0.742181 0.425031 0.325850,
        -0.749937 0.427109 0.319933,
        -0.758880 0.429506 0.316224,
        -0.736110 0.423405 0.333595,
        -0.732767 0.431476 0.333595,
        -0.738210 0.434619 0.325850,
        -0.745164 0.438633 0.319933,
        -0.398691 0.665030 0.453803,
        -0.402778 0.663337 0.453803,
        -0.404557 0.662159 0.453548,
        -0.392512 0.667149 0.453548,
        -0.394604 0.666723 0.453803,
        -0.385995 0.663770 0.459267,
        -0.385995 0.662102 0.460781,
        -0.385995 0.657641 0.464835,
        -0.385995 0.653955 0.466978,
        -0.385995 0.650483 0.468997,
        -0.385995 0.644520 0.470947,
        -0.385995 0.642614 0.471570,
        -0.663770 0.385995 0.459267,
        -0.662102 0.385995 0.460781,
        -0.657641 0.385995 0.464835,
        -0.653955 0.385995 0.466978,
        -0.650483 0.385995 0.468997,
        -0.644520 0.385995 0.470947,
        -0.642614 0.385995 0.471570,
        -0.662159 0.404557 0.453548,
        -0.663337 0.402778 0.453803,
        -0.665030 0.398691 0.453803,
        -0.666723 0.394604 0.453803,
        -0.667149 0.392512 0.453548,
        -0.389146 0.641987 0.471570,
        -0.390569 0.641226 0.471570,
        -0.402323 0.658817 0.459267,
        -0.397242 0.661532 0.459267,
        -0.391728 0.663205 0.459267,
        -0.397382 0.645767 0.468997,
        -0.393165 0.641550 0.470947,
        -0.391817 0.640202 0.471570,
        -0.387601 0.642456 0.471570,
        -0.394941 0.647769 0.468997,
        -0.392157 0.649257 0.468997,
        -0.389137 0.650174 0.468997,
        -0.405598 0.653983 0.460781,
        -0.402443 0.650828 0.464835,
        -0.398918 0.653721 0.464835,
        -0.399837 0.648222 0.466978,
        -0.390533 0.657194 0.464835,
        -0.394896 0.655870 0.464835,
        -0.406776 0.655161 0.459267,
        -0.641987 0.389146 0.471570,
        -0.642456 0.387601 0.471570,
        -0.663205 0.391728 0.459267,
        -0.661532 0.397242 0.459267,
        -0.658817 0.402323 0.459267,
        -0.655161 0.406776 0.459267,
        -0.640202 0.391817 0.471570,
        -0.641226 0.390569 0.471570,
        -0.641550 0.393165 0.470947,
        -0.650174 0.389137 0.468997,
        -0.649257 0.392157 0.468997,
        -0.647769 0.394941 0.468997,
        -0.645767 0.397382 0.468997,
        -0.657194 0.390533 0.464835,
        -0.653721 0.398918 0.464835,
        -0.655870 0.394896 0.464835,
        -0.648222 0.399837 0.466978,
        -0.650828 0.402443 0.464835,
        -0.653983 0.405598 0.460781,
        -0.036502 1.023622 0.177606,
        -0.028723 1.023622 0.176917,
        -0.041713 1.023622 0.176917,
        -0.020428 1.023622 0.241864,
        -0.021644 1.023622 0.242004,
        0.000850 1.023622 0.242004,
        -0.041713 1.023622 0.241165,
        -0.041713 1.023622 0.242004,
        -0.038896 1.023622 0.242004,
        -0.193240 1.023622 0.240698,
        -0.217017 1.023622 0.176917,
        -0.237395 1.023622 0.176917,
        -0.183338 1.023622 0.075091,
        -0.183791 1.023622 0.138861,
        -0.177314 1.023622 0.138861,
        0.099829 1.023622 0.168983,
        0.095851 1.023622 0.158602,
        0.066609 1.023622 0.158602,
        0.092653 1.023622 0.138861,
        0.066609 1.023622 0.138861,
        0.066609 1.023622 0.140104,
        0.277089 1.023622 0.138861,
        0.221258 1.023622 0.138861,
        0.218837 1.023622 0.140104,
        0.382878 1.023622 0.156650,
        0.382475 1.023622 0.158602,
        0.267063 1.023622 0.250239,
        0.262550 1.023622 0.251946,
        0.161614 1.023622 0.236719,
        0.146860 1.023622 0.219465,
        0.066609 1.023622 0.242004,
        0.137277 1.023622 0.200567,
        0.134578 1.023622 0.199626,
        0.204627 1.023622 0.258735,
        0.185787 1.023622 0.251946,
        0.066609 1.023622 0.251946,
        0.181830 1.023622 0.250520,
        0.169355 1.023622 0.242004,
        0.246010 1.023622 0.258206,
        0.223383 1.023622 0.260841,
        0.279892 1.023622 0.242004,
        0.278159 1.023622 0.243467,
        0.361336 1.023622 0.203067,
        0.357229 1.023622 0.206833,
        0.341878 1.023622 0.216959,
        0.324836 1.023622 0.222909,
        0.308808 1.023622 0.224556,
        0.288926 1.023622 0.234378,
        0.303572 1.023622 0.224234,
        0.298340 1.023622 0.223570,
        0.379176 1.023622 0.174586,
        0.378050 1.023622 0.176917,
        0.371398 1.023622 0.190683,
        0.383109 1.023622 0.151301,
        0.381957 1.023622 0.140104,
        0.381829 1.023622 0.138861,
        0.297530 1.023622 0.049936,
        0.308003 1.023622 0.054431,
        0.316860 1.023622 0.061213,
        0.323570 1.023622 0.069623,
        0.180470 1.023622 0.105279,
        0.175115 1.023622 0.131153,
        0.183617 1.023622 0.104110,
        0.186453 1.023622 0.102186,
        0.109771 1.023622 0.097443,
        0.122779 1.023622 0.086697,
        0.066609 1.023622 0.000000,
        0.136774 1.023622 0.080143,
        0.151359 1.023622 0.077243,
        0.092659 1.023622 0.138589,
        0.095001 1.023622 0.123687,
        0.100969 1.023622 0.109389,
        0.242144 1.023622 0.077456,
        0.247589 1.023622 0.067333,
        0.254693 1.023622 0.059474,
        0.263811 1.023622 0.053230,
        0.177118 1.023622 0.105663,
        0.176675 1.023622 0.105627,
        0.175311 1.023622 0.105315,
        0.178229 1.023622 0.077433,
        0.180459 1.023622 0.077780,
        0.183479 1.023622 0.078905,
        0.186472 1.023622 0.080954,
        0.187863 1.023622 0.082367,
        0.273997 1.023622 0.049406,
        0.285010 1.023622 0.048131,
        0.286790 1.023622 0.048178,
        0.375543 1.023622 0.118254,
        0.381469 1.023622 0.135358,
        0.328055 1.023622 0.079407,
        0.335906 1.023622 0.081942,
        0.352039 1.023622 0.090564,
        0.364333 1.023622 0.101525,
        0.366035 1.023622 0.103512,
        0.191336 1.023622 0.091645,
        0.191273 1.023622 0.092881,
        0.239113 1.023622 0.097904,
        0.190474 1.023622 0.096375,
        0.188816 1.023622 0.099553,
        0.130257 1.023622 0.116322,
        0.125199 1.023622 0.123391,
        0.122006 1.023622 0.131487,
        0.179551 1.023622 0.138861,
        0.189802 1.023622 0.085253,
        0.190954 1.023622 0.088355,
        0.239417 1.023622 0.088684,
        0.239145 1.023622 0.093350,
        0.174389 1.023622 0.105188,
        0.153895 1.023622 0.105043,
        0.145756 1.023622 0.106536,
        0.137688 1.023622 0.110191,
        0.130907 1.023622 0.115633,
        0.121044 1.023622 0.138861,
        0.120883 1.023622 0.140104,
        0.180266 1.023622 0.140104,
        0.120853 1.023622 0.140332,
        0.352522 1.023622 0.140104,
        0.353927 1.023622 0.145059,
        0.189062 1.023622 0.155390,
        0.354411 1.023622 0.152009,
        0.353553 1.023622 0.158602,
        0.121041 1.023622 0.144265,
        0.123104 1.023622 0.153031,
        0.126044 1.023622 0.158602,
        0.267830 1.023622 0.136487,
        0.258206 1.023622 0.131236,
        0.250314 1.023622 0.123944,
        0.305307 1.023622 0.134643,
        0.295219 1.023622 0.138414,
        0.352169 1.023622 0.138861,
        0.291354 1.023622 0.138861,
        0.284361 1.023622 0.139670,
        0.278802 1.023622 0.139300,
        0.350757 1.023622 0.133881,
        0.322264 1.023622 0.119695,
        0.314669 1.023622 0.128245,
        0.345356 1.023622 0.124528,
        0.337246 1.023622 0.116085,
        0.327383 1.023622 0.109917,
        0.159767 1.023622 0.176133,
        0.349012 1.023622 0.173133,
        0.352980 1.023622 0.163002,
        0.156124 1.023622 0.176107,
        0.127271 1.023622 0.160927,
        0.132528 1.023622 0.166889,
        0.139559 1.023622 0.171868,
        0.147487 1.023622 0.174981,
        0.346341 1.023622 0.176917,
        0.284457 1.023622 0.190225,
        0.287785 1.023622 0.192070,
        0.168145 1.023622 0.201522,
        0.177888 1.023622 0.214250,
        0.181306 1.023622 0.217485,
        0.194128 1.023622 0.226290,
        0.208427 1.023622 0.231689,
        0.297973 1.023622 0.195853,
        0.308546 1.023622 0.197227,
        0.313216 1.023622 0.197021,
        0.159918 1.023622 0.176917,
        0.161773 1.023622 0.186541,
        0.223122 1.023622 0.233512,
        0.224964 1.023622 0.233500,
        0.277889 1.023622 0.203820,
        0.240174 1.023622 0.231401,
        0.267771 1.023622 0.216084,
        0.255081 1.023622 0.225404,
        0.324482 1.023622 0.194454,
        0.334680 1.023622 0.189153,
        0.342639 1.023622 0.182162,
        0.094473 1.023622 0.155007,
        0.092614 1.023622 0.140587,
        0.092625 1.023622 0.140104,
        0.121118 1.023622 0.192694,
        0.108931 1.023622 0.182074,
        0.066609 1.023622 0.176917,
        0.105346 1.023622 0.176917,
        -0.233899 1.023622 0.096013,
        -0.230701 1.023622 0.089408,
        -0.237395 1.023622 0.000000,
        -0.225892 1.023622 0.083762,
        -0.219546 1.023622 0.134989,
        -0.237395 1.023622 0.138861,
        -0.211835 1.023622 0.137867,
        -0.203379 1.023622 0.138861,
        -0.219233 1.023622 0.079048,
        -0.211926 1.023622 0.076234,
        -0.177314 1.023622 0.000000,
        -0.200956 1.023622 0.074966,
        -0.226222 1.023622 0.130362,
        -0.228426 1.023622 0.128180,
        -0.232362 1.023622 0.122580,
        -0.234700 1.023622 0.116465,
        -0.235721 1.023622 0.107567,
        -0.235502 1.023622 0.103503,
        -0.177314 1.023622 0.140104,
        -0.183793 1.023622 0.139145,
        -0.202065 1.023622 0.139015,
        -0.237395 1.023622 0.140104,
        -0.170232 1.023622 0.138861,
        -0.170183 1.023622 0.131873,
        -0.171290 1.023622 0.082480,
        -0.171238 1.023622 0.075177,
        -0.157901 1.023622 0.082574,
        -0.168168 1.023622 0.104050,
        -0.168220 1.023622 0.111386,
        -0.157901 1.023622 0.111459,
        -0.157901 1.023622 0.104123,
        -0.145261 1.023622 0.104213,
        -0.145108 1.023622 0.082665,
        -0.157901 1.023622 0.131960,
        -0.145458 1.023622 0.132048,
        -0.145313 1.023622 0.111548,
        -0.170235 1.023622 0.139241,
        -0.157901 1.023622 0.140104,
        -0.097820 1.023622 0.140104,
        -0.137242 1.023622 0.139475,
        -0.157901 1.023622 0.139329,
        -0.097820 1.023622 0.108836,
        -0.105234 1.023622 0.087009,
        -0.107411 1.023622 0.086928,
        -0.106190 1.023622 0.083236,
        -0.106403 1.023622 0.083234,
        -0.106782 1.023622 0.084800,
        -0.157901 1.023622 0.000000,
        -0.157901 1.023622 0.075271,
        -0.097820 1.023622 0.000000,
        -0.136788 1.023622 0.075421,
        -0.103604 1.023622 0.061606,
        -0.097820 1.023622 0.138861,
        -0.120149 1.023622 0.121290,
        -0.137237 1.023622 0.138861,
        -0.128467 1.023622 0.121231,
        -0.107331 1.023622 0.068720,
        -0.049167 1.023622 0.077647,
        -0.049226 1.023622 0.085932,
        -0.041713 1.023622 0.138861,
        -0.041713 1.023622 0.000000,
        -0.053230 1.023622 0.000000,
        -0.053230 1.023622 0.076186,
        -0.050618 1.023622 0.114627,
        -0.052047 1.023622 0.116800,
        -0.053230 1.023622 0.138861,
        -0.053230 1.023622 0.083653,
        -0.053230 1.023622 0.100634,
        -0.052098 1.023622 0.084105,
        -0.052969 1.023622 0.100809,
        -0.051666 1.023622 0.102191,
        -0.050774 1.023622 0.103594,
        -0.049845 1.023622 0.105995,
        -0.049441 1.023622 0.109444,
        -0.049717 1.023622 0.112042,
        -0.054777 1.023622 0.075630,
        -0.077509 1.023622 0.095851,
        -0.078984 1.023622 0.093644,
        -0.078121 1.023622 0.112811,
        -0.053230 1.023622 0.117875,
        -0.054652 1.023622 0.119167,
        -0.056612 1.023622 0.120354,
        -0.060919 1.023622 0.121985,
        -0.067351 1.023622 0.122712,
        -0.082352 1.023622 0.138861,
        -0.080141 1.023622 0.088267,
        -0.079740 1.023622 0.085060,
        -0.082352 1.023622 0.000000,
        -0.078740 1.023622 0.082523,
        -0.077233 1.023622 0.080417,
        -0.068854 1.023622 0.075694,
        -0.061559 1.023622 0.074874,
        -0.072976 1.023622 0.122173,
        -0.078176 1.023622 0.120605,
        -0.074913 1.023622 0.078414,
        -0.073074 1.023622 0.077299,
        -0.066519 1.023622 0.116201,
        -0.064143 1.023622 0.116040,
        -0.057715 1.023622 0.110106,
        -0.061993 1.023622 0.115487,
        -0.060187 1.023622 0.114543,
        -0.057781 1.023622 0.109039,
        -0.058090 1.023622 0.107790,
        -0.058661 1.023622 0.106704,
        -0.059437 1.023622 0.105837,
        -0.062253 1.023622 0.104048,
        -0.072120 1.023622 0.115479,
        -0.067203 1.023622 0.101852,
        -0.076646 1.023622 0.113689,
        -0.070301 1.023622 0.100573,
        -0.075608 1.023622 0.097572,
        -0.058969 1.023622 0.113481,
        -0.058273 1.023622 0.112465,
        -0.057870 1.023622 0.111385,
        -0.057102 1.023622 0.082108,
        -0.061496 1.023622 0.096063,
        -0.056730 1.023622 0.098289,
        -0.062391 1.023622 0.081418,
        -0.062746 1.023622 0.081418,
        -0.066749 1.023622 0.093819,
        -0.066862 1.023622 0.081849,
        -0.071899 1.023622 0.087540,
        -0.071828 1.023622 0.088539,
        -0.068937 1.023622 0.082592,
        -0.069672 1.023622 0.083031,
        -0.070599 1.023622 0.083842,
        -0.071306 1.023622 0.084872,
        -0.071722 1.023622 0.086011,
        -0.071472 1.023622 0.089794,
        -0.070859 1.023622 0.090862,
        -0.069867 1.023622 0.091910,
        -0.237395 1.023622 0.242004,
        -0.177314 1.023622 0.242004,
        -0.184398 1.023622 0.240761,
        -0.157901 1.023622 0.176917,
        -0.159562 1.023622 0.176917,
        -0.177314 1.023622 0.222550,
        -0.159547 1.023622 0.176880,
        -0.157901 1.023622 0.158602,
        -0.168684 1.023622 0.176815,
        -0.177314 1.023622 0.158602,
        -0.168720 1.023622 0.176917,
        -0.177314 1.023622 0.176917,
        -0.177314 1.023622 0.194275,
        -0.174965 1.023622 0.194292,
        -0.201637 1.023622 0.194102,
        -0.207907 1.023622 0.176917,
        -0.208046 1.023622 0.176536,
        -0.217183 1.023622 0.176471,
        -0.237395 1.023622 0.158602,
        -0.088674 1.023622 0.206235,
        -0.097820 1.023622 0.176917,
        -0.088726 1.023622 0.213570,
        -0.097820 1.023622 0.242004,
        -0.082352 1.023622 0.242004,
        -0.090741 1.023622 0.241425,
        -0.090689 1.023622 0.234057,
        -0.082352 1.023622 0.213615,
        -0.082352 1.023622 0.206280,
        -0.065767 1.023622 0.206397,
        -0.082352 1.023622 0.184731,
        -0.065614 1.023622 0.184849,
        -0.082352 1.023622 0.234116,
        -0.065964 1.023622 0.234233,
        -0.065819 1.023622 0.213733,
        -0.057293 1.023622 0.177606,
        -0.053230 1.023622 0.176917,
        -0.082352 1.023622 0.176917,
        -0.091796 1.023622 0.184664,
        -0.091744 1.023622 0.177361,
        -0.082352 1.023622 0.177428,
        -0.053230 1.023622 0.242004,
        -0.057748 1.023622 0.241659,
        -0.082352 1.023622 0.241485,
        0.031162 1.023622 0.242290,
        0.031164 1.023622 0.242004,
        0.004676 1.023622 0.242004,
        0.031564 1.023622 0.185539,
        0.006054 1.023622 0.185358,
        0.006106 1.023622 0.178055,
        0.004676 1.023622 0.176917,
        0.039885 1.023622 0.178294,
        0.004676 1.023622 0.251946,
        0.039430 1.023622 0.242348,
        0.039433 1.023622 0.242004,
        -0.044916 1.023622 0.240211,
        -0.044855 1.023622 0.231566,
        -0.030994 1.023622 0.184193,
        -0.038244 1.023622 0.185494,
        -0.041713 1.023622 0.232900,
        -0.041713 1.023622 0.187024,
        -0.044144 1.023622 0.231956,
        -0.044548 1.023622 0.188274,
        -0.037665 1.023622 0.234474,
        -0.029785 1.023622 0.235472,
        -0.005414 1.023622 0.209281,
        -0.012817 1.023622 0.189714,
        -0.016980 1.023622 0.186724,
        -0.012280 1.023622 0.228489,
        -0.008755 1.023622 0.223660,
        -0.016669 1.023622 0.232060,
        -0.021723 1.023622 0.234356,
        -0.027304 1.023622 0.235390,
        -0.006556 1.023622 0.218164,
        -0.005467 1.023622 0.206922,
        -0.006446 1.023622 0.200504,
        -0.021530 1.023622 0.184926,
        -0.027980 1.023622 0.184101,
        -0.008480 1.023622 0.195324,
        -0.011572 1.023622 0.190964,
        -0.029854 1.023622 0.242938,
        -0.038220 1.023622 0.242206,
        -0.041713 1.023622 0.251946,
        0.000850 1.023622 0.222311,
        -0.001472 1.023622 0.227638,
        -0.006160 1.023622 0.233674,
        -0.007706 1.023622 0.235131,
        -0.013725 1.023622 0.239302,
        0.001620 1.023622 0.220544,
        0.003131 1.023622 0.212191,
        0.003267 1.023622 0.208852,
        -0.022870 1.023622 0.176951,
        -0.015938 1.023622 0.178429,
        0.000850 1.023622 0.176917,
        -0.009913 1.023622 0.181322,
        -0.004788 1.023622 0.185641,
        -0.000522 1.023622 0.191639,
        0.000850 1.023622 0.195198,
        0.002054 1.023622 0.198321,
        -0.026732 1.023622 0.176741,
        -0.041713 1.023622 0.158602,
        -0.023490 1.023622 0.176917,
        0.000850 1.023622 0.158602,
        -0.044492 1.023622 0.180349,
        -0.043395 1.023622 0.179812,
        -0.041713 1.023622 0.179274,
        0.006103 1.023622 0.083737,
        0.006155 1.023622 0.076435,
        0.004676 1.023622 0.000000,
        0.004676 1.023622 0.138861,
        0.007210 1.023622 0.133131,
        0.007170 1.023622 0.138861,
        0.040606 1.023622 0.076679,
        0.032132 1.023622 0.105471,
        0.032285 1.023622 0.083923,
        0.009225 1.023622 0.105309,
        0.009173 1.023622 0.112644,
        0.032080 1.023622 0.112807,
        0.031935 1.023622 0.133306,
        0.007158 1.023622 0.140499,
        0.007161 1.023622 0.140104,
        0.004676 1.023622 0.140104,
        0.004676 1.023622 0.158602,
        0.040151 1.023622 0.140733,
        0.040156 1.023622 0.140104,
        0.040164 1.023622 0.138861,
        -0.093525 1.023622 0.121478,
        -0.084552 1.023622 0.121542,
        -0.079827 1.023622 0.091275,
        -0.085784 1.023622 0.062028,
        -0.085733 1.023622 0.054889,
        -0.100276 1.023622 0.057791,
        -0.097820 1.023622 0.056051,
        -0.097515 1.023622 0.055835,
        -0.090330 1.023622 0.061079,
        -0.091866 1.023622 0.061202,
        -0.097820 1.023622 0.087077,
        -0.087422 1.023622 0.061479,
        -0.094361 1.023622 0.054599,
        -0.090903 1.023622 0.054198,
        -0.089132 1.023622 0.054274,
        -0.093635 1.023622 0.061741,
        -0.095144 1.023622 0.062650,
        -0.096750 1.023622 0.064264,
        -0.097820 1.023622 0.066124,
        -0.098595 1.023622 0.067472,
        -0.102174 1.023622 0.075765,
        -0.404244 1.023622 0.138861,
        -0.404244 1.023622 0.000000,
        -0.248178 1.023622 0.074631,
        -0.239042 1.023622 0.074696,
        -0.263893 1.023622 0.138577,
        -0.272735 1.023622 0.138514,
        -0.296677 1.023622 0.074287,
        -0.287541 1.023622 0.074352,
        -0.281132 1.023622 0.091918,
        -0.254459 1.023622 0.092107,
        -0.404244 1.023622 0.140104,
        -0.404244 1.023622 0.158602,
        -0.404244 1.023622 0.176917,
        -0.404244 1.023622 0.242004,
        -0.156007 1.023622 0.205687,
        -0.154405 1.023622 0.198197,
        -0.152868 1.023622 0.224764,
        -0.155206 1.023622 0.218650,
        -0.157901 1.023622 0.242004,
        -0.156227 1.023622 0.209751,
        -0.151207 1.023622 0.191593,
        -0.146397 1.023622 0.185946,
        -0.139739 1.023622 0.181232,
        -0.122571 1.023622 0.241200,
        -0.132341 1.023622 0.240051,
        -0.140052 1.023622 0.237173,
        -0.132432 1.023622 0.178419,
        -0.121462 1.023622 0.177150,
        -0.103844 1.023622 0.177275,
        -0.104298 1.023622 0.241329,
        -0.146728 1.023622 0.232546,
        -0.148931 1.023622 0.230364,
        -0.053230 1.023622 0.158602,
        -0.082352 1.023622 0.158602,
        -0.097820 1.023622 0.158602,
        -0.053230 1.023622 0.251946,
        -0.082352 1.023622 0.251946,
        -0.097820 1.023622 0.251946,
        -0.157901 1.023622 0.251946,
        -0.177314 1.023622 0.251946,
        -0.237395 1.023622 0.251946,
        -0.404244 1.023622 0.251946,
        -0.003288 1.023622 0.095860,
        -0.004904 1.023622 0.098149,
        -0.006241 1.023622 0.111094,
        -0.038283 1.023622 0.076120,
        0.000850 1.023622 0.000000,
        -0.030260 1.023622 0.076177,
        -0.026820 1.023622 0.122580,
        -0.030217 1.023622 0.121541,
        -0.032883 1.023622 0.120010,
        -0.035018 1.023622 0.117963,
        -0.024028 1.023622 0.116210,
        -0.021278 1.023622 0.116522,
        -0.016896 1.023622 0.103453,
        -0.036649 1.023622 0.115377,
        -0.037890 1.023622 0.111752,
        -0.038492 1.023622 0.105560,
        -0.006296 1.023622 0.118888,
        -0.007919 1.023622 0.119815,
        0.000850 1.023622 0.138861,
        -0.013894 1.023622 0.122093,
        -0.022078 1.023622 0.123033,
        -0.007372 1.023622 0.100265,
        -0.010795 1.023622 0.101993,
        -0.011820 1.023622 0.114543,
        -0.016857 1.023622 0.116130,
        -0.002991 1.023622 0.082146,
        -0.002016 1.023622 0.084837,
        -0.001611 1.023622 0.088628,
        -0.008136 1.023622 0.076983,
        -0.005472 1.023622 0.078874,
        -0.004660 1.023622 0.079700,
        -0.001639 1.023622 0.089571,
        -0.002171 1.023622 0.093036,
        -0.030467 1.023622 0.105256,
        -0.030220 1.023622 0.108759,
        -0.029415 1.023622 0.111641,
        -0.028488 1.023622 0.113306,
        -0.030310 1.023622 0.083250,
        -0.030098 1.023622 0.083252,
        -0.020057 1.023622 0.075602,
        -0.016024 1.023622 0.075197,
        -0.011199 1.023622 0.075796,
        -0.027288 1.023622 0.114610,
        -0.025875 1.023622 0.115542,
        -0.028825 1.023622 0.081346,
        -0.026270 1.023622 0.078638,
        -0.023337 1.023622 0.076735,
        0.000850 1.023622 0.140104,
        -0.041713 1.023622 0.140104,
        -0.053230 1.023622 0.140104,
        -0.082352 1.023622 0.140104,
        0.000850 1.023622 0.251946,
        -0.029756 1.023622 0.242939,
      ]
    }
    coordIndex [
      82, 80, 103, -1,
      103, 80, 104, -1,
      103, 104, 105, -1,
      105, 104, 106, -1,
      105, 106, 107, -1,
      107, 106, 108, -1,
      107, 108, 109, -1,
      109, 108, 110, -1,
      109, 110, 111, -1,
      111, 110, 112, -1,
      111, 112, 113, -1,
      113, 112, 114, -1,
      113, 114, 115, -1,
      115, 114, 116, -1,
      115, 116, 27, -1,
      27, 116, 28, -1,
      103, 105, 117, -1,
      84, 118, 119, -1,
      119, 118, 120, -1,
      119, 120, 121, -1,
      122, 123, 124, -1,
      124, 123, 125, -1,
      124, 125, 126, -1,
      126, 125, 16, -1,
      82, 103, 127, -1,
      127, 103, 117, -1,
      127, 117, 128, -1,
      128, 117, 120, -1,
      128, 120, 129, -1,
      129, 120, 118, -1,
      105, 107, 117, -1,
      117, 107, 122, -1,
      117, 122, 120, -1,
      120, 122, 124, -1,
      120, 124, 121, -1,
      121, 124, 126, -1,
      107, 109, 122, -1,
      122, 109, 111, -1,
      122, 111, 123, -1,
      123, 111, 113, -1,
      123, 113, 115, -1,
      16, 125, 17, -1,
      17, 125, 123, -1,
      17, 123, 26, -1,
      26, 123, 115, -1,
      26, 115, 27, -1,
      130, 78, 131, -1,
      132, 5, 4, -1,
      104, 80, 133, -1,
      134, 108, 135, -1,
      135, 108, 106, -1,
      135, 106, 104, -1,
      116, 114, 136, -1,
      136, 114, 112, -1,
      136, 112, 134, -1,
      134, 112, 110, -1,
      134, 110, 108, -1,
      104, 133, 135, -1,
      135, 133, 137, -1,
      135, 137, 138, -1,
      138, 139, 135, -1,
      135, 139, 140, -1,
      135, 140, 134, -1,
      134, 140, 132, -1,
      134, 132, 136, -1,
      136, 132, 4, -1,
      136, 4, 116, -1,
      116, 4, 28, -1,
      6, 5, 141, -1,
      141, 5, 132, -1,
      141, 132, 142, -1,
      142, 132, 140, -1,
      142, 140, 131, -1,
      131, 140, 139, -1,
      131, 139, 130, -1,
      130, 139, 138, -1,
      86, 84, 143, -1,
      143, 84, 119, -1,
      143, 119, 144, -1,
      144, 119, 121, -1,
      144, 121, 145, -1,
      145, 121, 126, -1,
      145, 126, 15, -1,
      15, 126, 16, -1,
      83, 146, 84, -1,
      84, 146, 118, -1,
      118, 146, 129, -1,
      129, 146, 147, -1,
      129, 147, 128, -1,
      128, 147, 148, -1,
      128, 148, 127, -1,
      148, 149, 127, -1,
      127, 149, 81, -1,
      127, 81, 82, -1,
      79, 81, 150, -1,
      150, 81, 151, -1,
      150, 151, 152, -1,
      152, 151, 153, -1,
      152, 153, 154, -1,
      154, 153, 155, -1,
      154, 155, 156, -1,
      156, 155, 157, -1,
      156, 157, 158, -1,
      158, 157, 159, -1,
      158, 159, 160, -1,
      160, 159, 161, -1,
      160, 161, 162, -1,
      162, 161, 163, -1,
      162, 163, 97, -1,
      97, 163, 96, -1,
      79, 164, 80, -1,
      80, 164, 133, -1,
      133, 164, 137, -1,
      137, 164, 165, -1,
      137, 165, 138, -1,
      138, 165, 166, -1,
      138, 166, 130, -1,
      166, 167, 130, -1,
      130, 167, 77, -1,
      130, 77, 78, -1,
      78, 76, 131, -1,
      131, 76, 168, -1,
      131, 168, 142, -1,
      142, 168, 169, -1,
      142, 169, 141, -1,
      141, 169, 170, -1,
      141, 170, 6, -1,
      6, 170, 7, -1,
      171, 86, 143, -1,
      172, 14, 13, -1,
      173, 88, 174, -1,
      173, 175, 176, -1,
      176, 175, 177, -1,
      176, 177, 178, -1,
      178, 177, 179, -1,
      178, 179, 32, -1,
      173, 174, 175, -1,
      175, 174, 180, -1,
      175, 180, 181, -1,
      181, 182, 175, -1,
      175, 182, 183, -1,
      175, 183, 177, -1,
      177, 183, 172, -1,
      177, 172, 179, -1,
      179, 172, 13, -1,
      179, 13, 32, -1,
      15, 14, 145, -1,
      145, 14, 172, -1,
      145, 172, 144, -1,
      144, 172, 183, -1,
      144, 183, 143, -1,
      143, 183, 182, -1,
      143, 182, 171, -1,
      171, 182, 181, -1,
      184, 185, 186, -1,
      149, 148, 187, -1,
      188, 147, 146, -1,
      184, 186, 189, -1,
      189, 186, 190, -1,
      189, 190, 191, -1,
      191, 190, 192, -1,
      191, 192, 193, -1,
      96, 163, 194, -1,
      194, 163, 161, -1,
      194, 161, 195, -1,
      195, 161, 159, -1,
      195, 159, 196, -1,
      196, 159, 157, -1,
      193, 192, 197, -1,
      197, 192, 188, -1,
      197, 188, 198, -1,
      198, 188, 146, -1,
      198, 146, 83, -1,
      148, 147, 187, -1,
      187, 147, 188, -1,
      187, 188, 196, -1,
      196, 188, 192, -1,
      196, 192, 195, -1,
      195, 192, 190, -1,
      195, 190, 194, -1,
      194, 190, 186, -1,
      194, 186, 96, -1,
      185, 96, 186, -1,
      81, 149, 151, -1,
      151, 149, 187, -1,
      151, 187, 153, -1,
      153, 187, 196, -1,
      153, 196, 155, -1,
      155, 196, 157, -1,
      160, 162, 199, -1,
      167, 166, 200, -1,
      201, 165, 164, -1,
      160, 199, 158, -1,
      158, 199, 202, -1,
      158, 202, 156, -1,
      156, 202, 203, -1,
      156, 203, 154, -1,
      97, 204, 205, -1,
      205, 204, 206, -1,
      205, 206, 207, -1,
      207, 206, 208, -1,
      207, 208, 209, -1,
      209, 208, 210, -1,
      154, 203, 152, -1,
      152, 203, 201, -1,
      152, 201, 150, -1,
      150, 201, 164, -1,
      150, 164, 79, -1,
      166, 165, 200, -1,
      200, 165, 201, -1,
      200, 201, 209, -1,
      209, 201, 203, -1,
      209, 203, 207, -1,
      207, 203, 202, -1,
      207, 202, 205, -1,
      205, 202, 199, -1,
      205, 199, 97, -1,
      162, 97, 199, -1,
      77, 167, 211, -1,
      211, 167, 200, -1,
      211, 200, 212, -1,
      212, 200, 209, -1,
      212, 209, 213, -1,
      213, 209, 210, -1,
      214, 74, 215, -1,
      216, 9, 8, -1,
      168, 76, 217, -1,
      168, 218, 169, -1,
      169, 218, 219, -1,
      169, 219, 170, -1,
      170, 219, 220, -1,
      170, 220, 7, -1,
      168, 217, 218, -1,
      218, 217, 221, -1,
      218, 221, 222, -1,
      222, 223, 218, -1,
      218, 223, 224, -1,
      218, 224, 219, -1,
      219, 224, 216, -1,
      219, 216, 220, -1,
      220, 216, 8, -1,
      220, 8, 7, -1,
      10, 9, 225, -1,
      225, 9, 216, -1,
      225, 216, 226, -1,
      226, 216, 224, -1,
      226, 224, 215, -1,
      215, 224, 223, -1,
      215, 223, 214, -1,
      214, 223, 222, -1,
      90, 88, 227, -1,
      227, 88, 173, -1,
      227, 173, 228, -1,
      228, 173, 176, -1,
      228, 176, 229, -1,
      229, 176, 178, -1,
      229, 178, 31, -1,
      31, 178, 32, -1,
      171, 181, 230, -1,
      230, 181, 180, -1,
      230, 180, 231, -1,
      231, 180, 174, -1,
      231, 174, 232, -1,
      232, 174, 88, -1,
      232, 88, 87, -1,
      85, 86, 233, -1,
      233, 86, 171, -1,
      233, 171, 234, -1,
      234, 171, 230, -1,
      95, 96, 235, -1,
      235, 96, 185, -1,
      235, 185, 236, -1,
      236, 185, 184, -1,
      236, 184, 237, -1,
      237, 184, 189, -1,
      237, 189, 238, -1,
      238, 189, 191, -1,
      238, 191, 239, -1,
      239, 191, 193, -1,
      239, 193, 240, -1,
      240, 193, 197, -1,
      240, 197, 241, -1,
      241, 197, 198, -1,
      241, 198, 85, -1,
      85, 198, 83, -1,
      97, 98, 204, -1,
      204, 98, 242, -1,
      204, 242, 206, -1,
      206, 242, 243, -1,
      206, 243, 208, -1,
      208, 243, 244, -1,
      208, 244, 210, -1,
      210, 244, 245, -1,
      210, 245, 213, -1,
      213, 245, 246, -1,
      213, 246, 212, -1,
      212, 246, 247, -1,
      212, 247, 211, -1,
      211, 247, 248, -1,
      211, 248, 77, -1,
      77, 248, 75, -1,
      214, 222, 249, -1,
      249, 222, 221, -1,
      249, 221, 250, -1,
      250, 221, 217, -1,
      250, 217, 251, -1,
      251, 217, 76, -1,
      251, 76, 75, -1,
      73, 74, 252, -1,
      252, 74, 214, -1,
      252, 214, 253, -1,
      253, 214, 249, -1,
      74, 72, 215, -1,
      215, 72, 254, -1,
      215, 254, 226, -1,
      226, 254, 255, -1,
      226, 255, 225, -1,
      225, 255, 256, -1,
      225, 256, 10, -1,
      10, 256, 11, -1,
      257, 90, 227, -1,
      258, 30, 29, -1,
      259, 92, 260, -1,
      259, 261, 262, -1,
      262, 261, 263, -1,
      262, 263, 264, -1,
      264, 263, 265, -1,
      264, 265, 35, -1,
      259, 260, 261, -1,
      261, 260, 266, -1,
      261, 266, 267, -1,
      267, 268, 261, -1,
      261, 268, 269, -1,
      261, 269, 263, -1,
      263, 269, 258, -1,
      263, 258, 265, -1,
      265, 258, 29, -1,
      265, 29, 35, -1,
      31, 30, 229, -1,
      229, 30, 258, -1,
      229, 258, 228, -1,
      228, 258, 269, -1,
      228, 269, 227, -1,
      227, 269, 268, -1,
      227, 268, 257, -1,
      257, 268, 267, -1,
      95, 270, 271, -1,
      232, 272, 231, -1,
      231, 272, 273, -1,
      231, 273, 230, -1,
      230, 273, 234, -1,
      234, 273, 274, -1,
      234, 274, 233, -1,
      233, 274, 241, -1,
      233, 241, 85, -1,
      275, 276, 271, -1,
      271, 276, 277, -1,
      271, 277, 95, -1,
      95, 235, 278, -1,
      278, 235, 236, -1,
      270, 95, 278, -1,
      275, 271, 279, -1,
      279, 271, 270, -1,
      279, 270, 280, -1,
      280, 270, 278, -1,
      280, 278, 281, -1,
      281, 278, 236, -1,
      281, 236, 237, -1,
      282, 283, 284, -1,
      284, 283, 285, -1,
      237, 286, 281, -1,
      281, 286, 287, -1,
      281, 287, 280, -1,
      280, 287, 284, -1,
      280, 284, 279, -1,
      279, 284, 285, -1,
      279, 285, 275, -1,
      232, 87, 272, -1,
      272, 87, 288, -1,
      272, 288, 282, -1,
      237, 238, 286, -1,
      286, 238, 239, -1,
      286, 239, 240, -1,
      282, 284, 272, -1,
      272, 284, 287, -1,
      272, 287, 273, -1,
      273, 287, 286, -1,
      273, 286, 274, -1,
      274, 286, 240, -1,
      274, 240, 241, -1,
      98, 289, 290, -1,
      251, 291, 250, -1,
      250, 291, 292, -1,
      250, 292, 249, -1,
      249, 292, 253, -1,
      253, 292, 293, -1,
      253, 293, 252, -1,
      252, 293, 294, -1,
      252, 294, 73, -1,
      244, 243, 290, -1,
      290, 243, 242, -1,
      290, 242, 98, -1,
      98, 295, 296, -1,
      296, 295, 297, -1,
      289, 98, 296, -1,
      244, 290, 298, -1,
      298, 290, 289, -1,
      298, 289, 299, -1,
      299, 289, 296, -1,
      299, 296, 300, -1,
      300, 296, 297, -1,
      300, 297, 301, -1,
      247, 246, 302, -1,
      302, 246, 245, -1,
      301, 303, 300, -1,
      300, 303, 304, -1,
      300, 304, 299, -1,
      299, 304, 302, -1,
      299, 302, 298, -1,
      298, 302, 245, -1,
      298, 245, 244, -1,
      251, 75, 291, -1,
      291, 75, 248, -1,
      291, 248, 247, -1,
      301, 305, 303, -1,
      303, 305, 306, -1,
      303, 306, 307, -1,
      247, 302, 291, -1,
      291, 302, 304, -1,
      291, 304, 292, -1,
      292, 304, 303, -1,
      292, 303, 293, -1,
      293, 303, 307, -1,
      293, 307, 294, -1,
      308, 68, 309, -1,
      310, 18, 12, -1,
      254, 72, 311, -1,
      254, 312, 255, -1,
      255, 312, 313, -1,
      255, 313, 256, -1,
      256, 313, 314, -1,
      256, 314, 11, -1,
      254, 311, 312, -1,
      312, 311, 315, -1,
      312, 315, 316, -1,
      316, 317, 312, -1,
      312, 317, 318, -1,
      312, 318, 313, -1,
      313, 318, 310, -1,
      313, 310, 314, -1,
      314, 310, 12, -1,
      314, 12, 11, -1,
      19, 18, 319, -1,
      319, 18, 310, -1,
      319, 310, 320, -1,
      320, 310, 318, -1,
      320, 318, 309, -1,
      309, 318, 317, -1,
      309, 317, 308, -1,
      308, 317, 316, -1,
      94, 92, 321, -1,
      321, 92, 259, -1,
      321, 259, 322, -1,
      322, 259, 262, -1,
      322, 262, 323, -1,
      323, 262, 264, -1,
      323, 264, 34, -1,
      34, 264, 35, -1,
      257, 267, 324, -1,
      324, 267, 266, -1,
      324, 266, 325, -1,
      325, 266, 260, -1,
      325, 260, 326, -1,
      326, 260, 92, -1,
      326, 92, 91, -1,
      89, 90, 327, -1,
      327, 90, 257, -1,
      327, 257, 328, -1,
      328, 257, 324, -1,
      102, 95, 329, -1,
      329, 95, 277, -1,
      329, 277, 330, -1,
      330, 277, 276, -1,
      330, 276, 331, -1,
      331, 276, 275, -1,
      331, 275, 332, -1,
      332, 275, 285, -1,
      332, 285, 333, -1,
      333, 285, 283, -1,
      333, 283, 334, -1,
      334, 283, 282, -1,
      334, 282, 335, -1,
      335, 282, 288, -1,
      335, 288, 89, -1,
      89, 288, 87, -1,
      71, 73, 336, -1,
      336, 73, 294, -1,
      336, 294, 337, -1,
      337, 294, 307, -1,
      337, 307, 338, -1,
      338, 307, 306, -1,
      338, 306, 339, -1,
      339, 306, 305, -1,
      339, 305, 340, -1,
      340, 305, 301, -1,
      340, 301, 341, -1,
      341, 301, 297, -1,
      341, 297, 342, -1,
      342, 297, 295, -1,
      342, 295, 99, -1,
      99, 295, 98, -1,
      71, 343, 72, -1,
      72, 343, 311, -1,
      311, 343, 315, -1,
      315, 343, 344, -1,
      315, 344, 316, -1,
      316, 344, 345, -1,
      316, 345, 308, -1,
      345, 346, 308, -1,
      308, 346, 70, -1,
      308, 70, 68, -1,
      68, 67, 309, -1,
      309, 67, 347, -1,
      309, 347, 320, -1,
      320, 347, 348, -1,
      320, 348, 319, -1,
      319, 348, 349, -1,
      319, 349, 19, -1,
      19, 349, 20, -1,
      64, 63, 350, -1,
      350, 63, 351, -1,
      350, 351, 352, -1,
      352, 351, 353, -1,
      352, 353, 354, -1,
      354, 353, 355, -1,
      354, 355, 23, -1,
      23, 355, 24, -1,
      356, 94, 321, -1,
      357, 33, 25, -1,
      351, 63, 358, -1,
      351, 359, 353, -1,
      353, 359, 360, -1,
      353, 360, 355, -1,
      355, 360, 361, -1,
      355, 361, 24, -1,
      351, 358, 359, -1,
      359, 358, 362, -1,
      359, 362, 363, -1,
      363, 364, 359, -1,
      359, 364, 365, -1,
      359, 365, 360, -1,
      360, 365, 357, -1,
      360, 357, 361, -1,
      361, 357, 25, -1,
      361, 25, 24, -1,
      34, 33, 323, -1,
      323, 33, 357, -1,
      323, 357, 322, -1,
      322, 357, 365, -1,
      322, 365, 321, -1,
      321, 365, 364, -1,
      321, 364, 356, -1,
      356, 364, 363, -1,
      102, 366, 367, -1,
      326, 368, 325, -1,
      325, 368, 369, -1,
      325, 369, 324, -1,
      324, 369, 328, -1,
      328, 369, 370, -1,
      328, 370, 327, -1,
      327, 370, 335, -1,
      327, 335, 89, -1,
      371, 372, 367, -1,
      367, 372, 373, -1,
      367, 373, 102, -1,
      102, 329, 374, -1,
      374, 329, 330, -1,
      366, 102, 374, -1,
      371, 367, 375, -1,
      375, 367, 366, -1,
      375, 366, 376, -1,
      376, 366, 374, -1,
      376, 374, 377, -1,
      377, 374, 330, -1,
      377, 330, 331, -1,
      378, 379, 380, -1,
      380, 379, 381, -1,
      331, 382, 377, -1,
      377, 382, 383, -1,
      377, 383, 376, -1,
      376, 383, 380, -1,
      376, 380, 375, -1,
      375, 380, 381, -1,
      375, 381, 371, -1,
      326, 91, 368, -1,
      368, 91, 384, -1,
      368, 384, 378, -1,
      331, 332, 382, -1,
      382, 332, 333, -1,
      382, 333, 334, -1,
      378, 380, 368, -1,
      368, 380, 383, -1,
      368, 383, 369, -1,
      369, 383, 382, -1,
      369, 382, 370, -1,
      370, 382, 334, -1,
      370, 334, 335, -1,
      341, 342, 385, -1,
      346, 345, 386, -1,
      387, 344, 343, -1,
      341, 385, 340, -1,
      340, 385, 388, -1,
      340, 388, 339, -1,
      339, 388, 389, -1,
      339, 389, 338, -1,
      99, 390, 391, -1,
      391, 390, 392, -1,
      391, 392, 393, -1,
      393, 392, 394, -1,
      393, 394, 395, -1,
      395, 394, 396, -1,
      338, 389, 337, -1,
      337, 389, 387, -1,
      337, 387, 336, -1,
      336, 387, 343, -1,
      336, 343, 71, -1,
      345, 344, 386, -1,
      386, 344, 387, -1,
      386, 387, 395, -1,
      395, 387, 389, -1,
      395, 389, 393, -1,
      393, 389, 388, -1,
      393, 388, 391, -1,
      391, 388, 385, -1,
      391, 385, 99, -1,
      342, 99, 385, -1,
      70, 346, 397, -1,
      397, 346, 386, -1,
      397, 386, 398, -1,
      398, 386, 395, -1,
      398, 395, 399, -1,
      399, 395, 396, -1,
      400, 64, 350, -1,
      401, 22, 21, -1,
      347, 67, 402, -1,
      347, 403, 348, -1,
      348, 403, 404, -1,
      348, 404, 349, -1,
      349, 404, 405, -1,
      349, 405, 20, -1,
      347, 402, 403, -1,
      403, 402, 406, -1,
      403, 406, 407, -1,
      407, 408, 403, -1,
      403, 408, 409, -1,
      403, 409, 404, -1,
      404, 409, 401, -1,
      404, 401, 405, -1,
      405, 401, 21, -1,
      405, 21, 20, -1,
      23, 22, 354, -1,
      354, 22, 401, -1,
      354, 401, 352, -1,
      352, 401, 409, -1,
      352, 409, 350, -1,
      350, 409, 408, -1,
      350, 408, 400, -1,
      400, 408, 407, -1,
      356, 363, 410, -1,
      410, 363, 362, -1,
      410, 362, 411, -1,
      411, 362, 358, -1,
      411, 358, 412, -1,
      412, 358, 63, -1,
      412, 63, 65, -1,
      93, 94, 413, -1,
      413, 94, 356, -1,
      413, 356, 414, -1,
      414, 356, 410, -1,
      91, 93, 384, -1,
      384, 93, 415, -1,
      384, 415, 378, -1,
      378, 415, 416, -1,
      378, 416, 379, -1,
      379, 416, 417, -1,
      379, 417, 381, -1,
      381, 417, 418, -1,
      381, 418, 371, -1,
      371, 418, 419, -1,
      371, 419, 372, -1,
      372, 419, 420, -1,
      372, 420, 373, -1,
      373, 420, 421, -1,
      373, 421, 102, -1,
      102, 421, 101, -1,
      69, 70, 422, -1,
      422, 70, 397, -1,
      422, 397, 423, -1,
      423, 397, 398, -1,
      423, 398, 424, -1,
      424, 398, 399, -1,
      424, 399, 425, -1,
      425, 399, 396, -1,
      425, 396, 426, -1,
      426, 396, 394, -1,
      426, 394, 427, -1,
      427, 394, 392, -1,
      427, 392, 428, -1,
      428, 392, 390, -1,
      428, 390, 100, -1,
      100, 390, 99, -1,
      66, 64, 429, -1,
      429, 64, 400, -1,
      429, 400, 430, -1,
      430, 400, 407, -1,
      430, 407, 431, -1,
      431, 407, 406, -1,
      431, 406, 432, -1,
      432, 406, 402, -1,
      432, 402, 433, -1,
      433, 402, 67, -1,
      433, 67, 69, -1,
      101, 434, 435, -1,
      412, 436, 411, -1,
      411, 436, 437, -1,
      411, 437, 410, -1,
      410, 437, 414, -1,
      414, 437, 438, -1,
      414, 438, 413, -1,
      413, 438, 415, -1,
      413, 415, 93, -1,
      439, 440, 435, -1,
      435, 440, 441, -1,
      435, 441, 101, -1,
      101, 421, 442, -1,
      442, 421, 420, -1,
      434, 101, 442, -1,
      439, 435, 443, -1,
      443, 435, 434, -1,
      443, 434, 444, -1,
      444, 434, 442, -1,
      444, 442, 445, -1,
      445, 442, 420, -1,
      445, 420, 419, -1,
      446, 447, 448, -1,
      448, 447, 449, -1,
      419, 450, 445, -1,
      445, 450, 451, -1,
      445, 451, 444, -1,
      444, 451, 448, -1,
      444, 448, 443, -1,
      443, 448, 449, -1,
      443, 449, 439, -1,
      412, 65, 436, -1,
      436, 65, 452, -1,
      436, 452, 446, -1,
      419, 418, 450, -1,
      450, 418, 417, -1,
      450, 417, 416, -1,
      446, 448, 436, -1,
      436, 448, 451, -1,
      436, 451, 437, -1,
      437, 451, 450, -1,
      437, 450, 438, -1,
      438, 450, 416, -1,
      438, 416, 415, -1,
      100, 453, 454, -1,
      433, 455, 432, -1,
      432, 455, 456, -1,
      432, 456, 431, -1,
      431, 456, 430, -1,
      430, 456, 457, -1,
      430, 457, 429, -1,
      429, 457, 458, -1,
      429, 458, 66, -1,
      426, 427, 454, -1,
      454, 427, 428, -1,
      454, 428, 100, -1,
      100, 459, 460, -1,
      460, 459, 461, -1,
      453, 100, 460, -1,
      426, 454, 462, -1,
      462, 454, 453, -1,
      462, 453, 463, -1,
      463, 453, 460, -1,
      463, 460, 464, -1,
      464, 460, 461, -1,
      464, 461, 465, -1,
      423, 424, 466, -1,
      466, 424, 425, -1,
      465, 467, 464, -1,
      464, 467, 468, -1,
      464, 468, 463, -1,
      463, 468, 466, -1,
      463, 466, 462, -1,
      462, 466, 425, -1,
      462, 425, 426, -1,
      433, 69, 455, -1,
      455, 69, 422, -1,
      455, 422, 423, -1,
      465, 469, 467, -1,
      467, 469, 470, -1,
      467, 470, 471, -1,
      423, 466, 455, -1,
      455, 466, 468, -1,
      455, 468, 456, -1,
      456, 468, 467, -1,
      456, 467, 457, -1,
      457, 467, 471, -1,
      457, 471, 458, -1,
      100, 101, 459, -1,
      459, 101, 441, -1,
      459, 441, 461, -1,
      461, 441, 440, -1,
      461, 440, 465, -1,
      465, 440, 439, -1,
      465, 439, 469, -1,
      469, 439, 449, -1,
      469, 449, 470, -1,
      470, 449, 447, -1,
      470, 447, 471, -1,
      471, 447, 446, -1,
      471, 446, 458, -1,
      458, 446, 452, -1,
      458, 452, 66, -1,
      66, 452, 65, -1,
      472, 473, 474, -1,
      475, 476, 477, -1,
      478, 479, 480, -1,
      481, 482, 483, -1,
      484, 485, 486, -1,
      487, 488, 489, -1,
      490, 491, 492, -1,
      493, 494, 495, -1,
      496, 497, 39, -1,
      498, 499, 42, -1,
      500, 501, 502, -1,
      502, 501, 503, -1,
      502, 503, 504, -1,
      505, 506, 507, -1,
      507, 506, 508, -1,
      507, 508, 502, -1,
      502, 508, 509, -1,
      502, 509, 500, -1,
      42, 499, 43, -1,
      499, 510, 43, -1,
      43, 510, 511, -1,
      43, 511, 52, -1,
      52, 511, 505, -1,
      41, 512, 42, -1,
      42, 512, 513, -1,
      42, 513, 498, -1,
      514, 515, 41, -1,
      515, 516, 41, -1,
      41, 516, 517, -1,
      41, 517, 512, -1,
      512, 517, 518, -1,
      512, 518, 519, -1,
      519, 518, 520, -1,
      519, 520, 521, -1,
      39, 497, 40, -1,
      497, 522, 40, -1,
      40, 522, 523, -1,
      40, 523, 41, -1,
      41, 523, 524, -1,
      41, 524, 514, -1,
      496, 39, 525, -1,
      525, 39, 38, -1,
      525, 38, 526, -1,
      526, 38, 36, -1,
      526, 36, 527, -1,
      528, 529, 37, -1,
      37, 529, 530, -1,
      37, 530, 531, -1,
      532, 533, 534, -1,
      534, 533, 535, -1,
      536, 537, 538, -1,
      538, 537, 539, -1,
      538, 539, 540, -1,
      490, 541, 491, -1,
      491, 541, 542, -1,
      491, 542, 538, -1,
      538, 542, 543, -1,
      538, 543, 536, -1,
      544, 545, 538, -1,
      538, 545, 546, -1,
      538, 546, 547, -1,
      532, 548, 533, -1,
      533, 548, 549, -1,
      533, 549, 550, -1,
      540, 551, 538, -1,
      538, 551, 552, -1,
      538, 552, 544, -1,
      552, 553, 544, -1,
      544, 553, 554, -1,
      544, 554, 555, -1,
      547, 556, 538, -1,
      538, 556, 557, -1,
      538, 557, 37, -1,
      37, 557, 558, -1,
      37, 558, 528, -1,
      37, 559, 36, -1,
      36, 559, 560, -1,
      36, 560, 527, -1,
      531, 561, 37, -1,
      37, 561, 562, -1,
      37, 562, 563, -1,
      563, 564, 37, -1,
      37, 564, 565, -1,
      37, 565, 559, -1,
      566, 567, 568, -1,
      568, 567, 569, -1,
      568, 569, 533, -1,
      533, 569, 570, -1,
      533, 570, 535, -1,
      571, 572, 533, -1,
      533, 572, 573, -1,
      533, 573, 574, -1,
      555, 575, 544, -1,
      544, 575, 576, -1,
      544, 576, 577, -1,
      577, 576, 566, -1,
      577, 566, 578, -1,
      578, 566, 568, -1,
      550, 579, 533, -1,
      533, 579, 580, -1,
      533, 580, 581, -1,
      581, 582, 533, -1,
      533, 582, 583, -1,
      533, 583, 571, -1,
      573, 584, 574, -1,
      574, 584, 585, -1,
      574, 585, 586, -1,
      586, 585, 587, -1,
      588, 495, 589, -1,
      589, 495, 590, -1,
      589, 590, 591, -1,
      591, 590, 592, -1,
      587, 593, 586, -1,
      586, 593, 594, -1,
      586, 594, 590, -1,
      590, 594, 595, -1,
      590, 595, 592, -1,
      493, 596, 494, -1,
      494, 596, 597, -1,
      494, 597, 598, -1,
      599, 600, 601, -1,
      601, 600, 602, -1,
      601, 602, 588, -1,
      588, 602, 603, -1,
      588, 603, 495, -1,
      495, 603, 604, -1,
      495, 604, 493, -1,
      605, 606, 601, -1,
      601, 606, 607, -1,
      601, 607, 599, -1,
      605, 608, 606, -1,
      606, 608, 609, -1,
      606, 609, 610, -1,
      611, 612, 613, -1,
      613, 592, 611, -1,
      611, 592, 595, -1,
      611, 595, 614, -1,
      614, 595, 615, -1,
      615, 616, 614, -1,
      614, 616, 617, -1,
      614, 617, 618, -1,
      619, 620, 621, -1,
      622, 623, 620, -1,
      623, 624, 620, -1,
      620, 624, 625, -1,
      620, 625, 626, -1,
      621, 627, 619, -1,
      619, 627, 628, -1,
      619, 628, 629, -1,
      612, 611, 619, -1,
      619, 611, 630, -1,
      619, 630, 620, -1,
      620, 630, 631, -1,
      620, 631, 622, -1,
      626, 632, 620, -1,
      620, 632, 633, -1,
      620, 633, 634, -1,
      634, 633, 635, -1,
      634, 635, 636, -1,
      636, 635, 637, -1,
      638, 639, 629, -1,
      629, 639, 640, -1,
      629, 640, 619, -1,
      641, 642, 492, -1,
      492, 642, 643, -1,
      492, 643, 490, -1,
      504, 644, 502, -1,
      502, 644, 645, -1,
      502, 645, 646, -1,
      646, 645, 647, -1,
      646, 647, 487, -1,
      648, 649, 650, -1,
      650, 649, 651, -1,
      652, 653, 654, -1,
      654, 653, 655, -1,
      651, 656, 650, -1,
      650, 656, 657, -1,
      650, 657, 658, -1,
      658, 657, 659, -1,
      658, 659, 484, -1,
      652, 660, 653, -1,
      653, 660, 661, -1,
      653, 661, 662, -1,
      662, 663, 653, -1,
      653, 663, 664, -1,
      653, 664, 650, -1,
      650, 664, 665, -1,
      650, 665, 648, -1,
      486, 485, 666, -1,
      485, 667, 666, -1,
      666, 667, 668, -1,
      666, 668, 669, -1,
      669, 668, 655, -1,
      486, 670, 671, -1,
      486, 672, 673, -1,
      674, 672, 675, -1,
      675, 672, 486, -1,
      675, 486, 676, -1,
      676, 486, 671, -1,
      676, 671, 677, -1,
      675, 678, 674, -1,
      674, 678, 679, -1,
      674, 679, 680, -1,
      671, 681, 677, -1,
      677, 681, 682, -1,
      677, 682, 683, -1,
      670, 486, 684, -1,
      684, 486, 666, -1,
      684, 666, 685, -1,
      686, 687, 685, -1,
      685, 687, 688, -1,
      685, 688, 684, -1,
      689, 690, 691, -1,
      692, 693, 690, -1,
      690, 693, 694, -1,
      690, 694, 691, -1,
      484, 486, 658, -1,
      658, 486, 673, -1,
      658, 673, 695, -1,
      695, 673, 696, -1,
      695, 696, 697, -1,
      697, 696, 698, -1,
      697, 698, 699, -1,
      700, 701, 702, -1,
      702, 701, 703, -1,
      702, 703, 698, -1,
      698, 703, 704, -1,
      698, 704, 699, -1,
      705, 706, 707, -1,
      708, 709, 710, -1,
      711, 712, 707, -1,
      707, 712, 713, -1,
      714, 715, 716, -1,
      716, 715, 717, -1,
      716, 717, 706, -1,
      706, 717, 718, -1,
      706, 718, 719, -1,
      719, 720, 706, -1,
      706, 720, 721, -1,
      706, 721, 707, -1,
      707, 721, 722, -1,
      707, 722, 711, -1,
      710, 709, 723, -1,
      724, 725, 726, -1,
      712, 727, 713, -1,
      713, 727, 728, -1,
      713, 728, 729, -1,
      729, 730, 713, -1,
      713, 730, 731, -1,
      713, 731, 732, -1,
      733, 734, 735, -1,
      735, 734, 736, -1,
      735, 736, 737, -1,
      735, 738, 709, -1,
      709, 738, 739, -1,
      709, 739, 723, -1,
      731, 740, 732, -1,
      732, 740, 741, -1,
      732, 741, 726, -1,
      737, 742, 735, -1,
      735, 742, 743, -1,
      735, 743, 738, -1,
      744, 745, 746, -1,
      746, 745, 747, -1,
      746, 747, 748, -1,
      746, 749, 744, -1,
      744, 749, 750, -1,
      744, 750, 751, -1,
      751, 752, 744, -1,
      744, 752, 753, -1,
      744, 753, 754, -1,
      754, 753, 755, -1,
      754, 755, 756, -1,
      756, 755, 757, -1,
      756, 757, 726, -1,
      726, 757, 758, -1,
      726, 758, 724, -1,
      759, 760, 748, -1,
      748, 760, 761, -1,
      748, 761, 746, -1,
      762, 763, 714, -1,
      714, 763, 764, -1,
      714, 764, 715, -1,
      762, 765, 763, -1,
      763, 765, 766, -1,
      763, 766, 767, -1,
      767, 766, 768, -1,
      767, 769, 770, -1,
      768, 771, 767, -1,
      767, 771, 772, -1,
      767, 772, 773, -1,
      773, 774, 767, -1,
      767, 774, 775, -1,
      767, 775, 769, -1,
      770, 776, 767, -1,
      767, 776, 777, -1,
      767, 777, 778, -1,
      779, 780, 481, -1,
      481, 780, 781, -1,
      782, 783, 784, -1,
      785, 786, 787, -1,
      787, 786, 788, -1,
      787, 788, 789, -1,
      788, 790, 789, -1,
      789, 790, 791, -1,
      789, 791, 792, -1,
      793, 791, 794, -1,
      794, 791, 790, -1,
      794, 790, 795, -1,
      795, 790, 788, -1,
      795, 788, 796, -1,
      796, 788, 797, -1,
      796, 797, 482, -1,
      798, 799, 800, -1,
      800, 799, 801, -1,
      802, 803, 801, -1,
      801, 803, 804, -1,
      801, 804, 800, -1,
      800, 804, 805, -1,
      806, 807, 808, -1,
      808, 807, 809, -1,
      804, 810, 805, -1,
      805, 810, 811, -1,
      805, 811, 812, -1,
      813, 814, 815, -1,
      806, 808, 798, -1,
      798, 808, 816, -1,
      798, 816, 799, -1,
      799, 816, 817, -1,
      799, 817, 815, -1,
      815, 817, 818, -1,
      815, 818, 813, -1,
      819, 820, 802, -1,
      802, 820, 821, -1,
      802, 821, 803, -1,
      822, 823, 824, -1,
      824, 823, 825, -1,
      824, 825, 826, -1,
      826, 827, 828, -1,
      828, 827, 829, -1,
      822, 830, 831, -1,
      831, 830, 507, -1,
      831, 507, 832, -1,
      832, 507, 502, -1,
      832, 502, 829, -1,
      829, 502, 646, -1,
      829, 646, 828, -1,
      479, 478, 819, -1,
      819, 478, 833, -1,
      819, 833, 834, -1,
      835, 836, 837, -1,
      837, 836, 838, -1,
      837, 838, 839, -1,
      839, 838, 840, -1,
      839, 840, 834, -1,
      834, 840, 814, -1,
      834, 814, 819, -1,
      819, 814, 813, -1,
      819, 813, 820, -1,
      841, 842, 843, -1,
      837, 844, 845, -1,
      846, 847, 848, -1,
      848, 847, 849, -1,
      842, 850, 843, -1,
      843, 850, 849, -1,
      843, 849, 851, -1,
      851, 849, 847, -1,
      841, 843, 837, -1,
      837, 843, 852, -1,
      837, 852, 853, -1,
      845, 854, 837, -1,
      837, 854, 855, -1,
      837, 855, 835, -1,
      853, 856, 837, -1,
      837, 856, 857, -1,
      837, 857, 844, -1,
      858, 859, 860, -1,
      860, 859, 480, -1,
      861, 862, 477, -1,
      477, 862, 863, -1,
      863, 864, 477, -1,
      477, 864, 865, -1,
      477, 865, 475, -1,
      861, 477, 866, -1,
      866, 477, 824, -1,
      866, 824, 867, -1,
      826, 828, 824, -1,
      824, 828, 868, -1,
      824, 868, 867, -1,
      869, 870, 871, -1,
      871, 870, 872, -1,
      871, 872, 873, -1,
      873, 874, 871, -1,
      871, 874, 875, -1,
      871, 875, 828, -1,
      828, 875, 876, -1,
      828, 876, 868, -1,
      473, 877, 878, -1,
      878, 877, 879, -1,
      878, 879, 880, -1,
      840, 881, 814, -1,
      814, 881, 882, -1,
      814, 882, 474, -1,
      474, 882, 883, -1,
      474, 883, 472, -1,
      884, 885, 886, -1,
      884, 887, 888, -1,
      888, 887, 889, -1,
      886, 885, 538, -1,
      538, 885, 890, -1,
      538, 890, 491, -1,
      891, 892, 893, -1,
      893, 892, 884, -1,
      893, 884, 894, -1,
      894, 884, 888, -1,
      894, 888, 895, -1,
      895, 888, 896, -1,
      897, 898, 899, -1,
      899, 898, 889, -1,
      897, 900, 901, -1,
      901, 900, 489, -1,
      901, 489, 902, -1,
      890, 903, 491, -1,
      491, 903, 902, -1,
      491, 902, 492, -1,
      492, 902, 489, -1,
      492, 489, 641, -1,
      641, 489, 488, -1,
      691, 701, 689, -1,
      689, 701, 700, -1,
      689, 700, 904, -1,
      904, 700, 905, -1,
      725, 906, 726, -1,
      726, 906, 733, -1,
      726, 733, 732, -1,
      732, 733, 735, -1,
      732, 735, 907, -1,
      907, 735, 908, -1,
      699, 909, 697, -1,
      697, 909, 910, -1,
      697, 910, 911, -1,
      912, 913, 914, -1,
      700, 732, 905, -1,
      905, 732, 907, -1,
      905, 907, 914, -1,
      914, 907, 915, -1,
      914, 915, 912, -1,
      911, 916, 697, -1,
      697, 916, 917, -1,
      697, 917, 735, -1,
      735, 917, 918, -1,
      735, 918, 908, -1,
      913, 919, 914, -1,
      914, 919, 920, -1,
      914, 920, 921, -1,
      921, 922, 914, -1,
      914, 922, 923, -1,
      914, 923, 924, -1,
      50, 925, 51, -1,
      51, 925, 926, -1,
      927, 928, 650, -1,
      650, 928, 653, -1,
      653, 928, 929, -1,
      653, 929, 925, -1,
      925, 929, 930, -1,
      925, 930, 926, -1,
      926, 930, 931, -1,
      926, 931, 932, -1,
      933, 934, 932, -1,
      932, 934, 927, -1,
      932, 927, 926, -1,
      926, 927, 650, -1,
      655, 653, 669, -1,
      669, 653, 925, -1,
      669, 925, 935, -1,
      935, 925, 50, -1,
      935, 50, 49, -1,
      482, 797, 483, -1,
      483, 797, 936, -1,
      483, 936, 937, -1,
      937, 936, 47, -1,
      937, 47, 46, -1,
      481, 483, 779, -1,
      779, 483, 937, -1,
      779, 937, 938, -1,
      938, 937, 46, -1,
      938, 46, 45, -1,
      939, 940, 782, -1,
      941, 942, 943, -1,
      943, 942, 944, -1,
      940, 945, 782, -1,
      782, 945, 946, -1,
      782, 946, 947, -1,
      801, 948, 943, -1,
      943, 948, 949, -1,
      943, 949, 950, -1,
      947, 951, 782, -1,
      782, 951, 952, -1,
      782, 952, 799, -1,
      799, 952, 953, -1,
      799, 953, 801, -1,
      801, 953, 954, -1,
      801, 954, 948, -1,
      950, 955, 943, -1,
      943, 955, 956, -1,
      943, 956, 941, -1,
      781, 780, 784, -1,
      784, 780, 943, -1,
      784, 943, 782, -1,
      782, 943, 944, -1,
      782, 944, 939, -1,
      473, 878, 474, -1,
      474, 878, 957, -1,
      474, 957, 814, -1,
      814, 957, 958, -1,
      814, 958, 815, -1,
      815, 958, 959, -1,
      815, 959, 799, -1,
      799, 959, 786, -1,
      799, 786, 782, -1,
      782, 786, 785, -1,
      782, 785, 783, -1,
      480, 479, 860, -1,
      860, 479, 819, -1,
      860, 819, 960, -1,
      960, 819, 802, -1,
      960, 802, 961, -1,
      961, 802, 801, -1,
      961, 801, 962, -1,
      962, 801, 943, -1,
      962, 943, 963, -1,
      963, 943, 780, -1,
      963, 780, 964, -1,
      964, 780, 779, -1,
      964, 779, 965, -1,
      965, 779, 938, -1,
      965, 938, 966, -1,
      966, 938, 45, -1,
      966, 45, 44, -1,
      967, 968, 969, -1,
      708, 970, 971, -1,
      971, 970, 972, -1,
      973, 974, 707, -1,
      707, 974, 975, -1,
      707, 975, 976, -1,
      977, 978, 979, -1,
      976, 980, 707, -1,
      707, 980, 981, -1,
      707, 981, 982, -1,
      983, 984, 985, -1,
      985, 984, 986, -1,
      985, 986, 707, -1,
      707, 986, 987, -1,
      707, 987, 973, -1,
      968, 988, 969, -1,
      969, 988, 989, -1,
      969, 989, 990, -1,
      990, 989, 979, -1,
      990, 979, 991, -1,
      991, 979, 978, -1,
      710, 705, 708, -1,
      708, 705, 707, -1,
      708, 707, 970, -1,
      970, 707, 982, -1,
      992, 993, 971, -1,
      971, 993, 994, -1,
      995, 996, 971, -1,
      971, 996, 997, -1,
      971, 997, 992, -1,
      985, 998, 999, -1,
      1000, 1001, 979, -1,
      979, 1001, 1002, -1,
      979, 1002, 1003, -1,
      972, 1004, 1005, -1,
      1006, 1007, 971, -1,
      971, 1007, 1008, -1,
      971, 1008, 995, -1,
      983, 985, 969, -1,
      969, 985, 999, -1,
      969, 999, 967, -1,
      1003, 1009, 979, -1,
      979, 1009, 1010, -1,
      979, 1010, 977, -1,
      1005, 1011, 972, -1,
      972, 1011, 1012, -1,
      972, 1012, 971, -1,
      971, 1012, 1013, -1,
      971, 1013, 1006, -1,
      884, 886, 887, -1,
      887, 886, 971, -1,
      887, 971, 985, -1,
      985, 971, 994, -1,
      985, 994, 998, -1,
      889, 887, 899, -1,
      899, 887, 985, -1,
      899, 985, 1014, -1,
      1014, 985, 707, -1,
      1014, 707, 1015, -1,
      1015, 707, 713, -1,
      1015, 713, 1016, -1,
      1016, 713, 732, -1,
      1016, 732, 1017, -1,
      1017, 732, 700, -1,
      1017, 700, 686, -1,
      686, 700, 702, -1,
      686, 702, 687, -1,
      897, 899, 900, -1,
      900, 899, 1014, -1,
      900, 1014, 880, -1,
      880, 1014, 1015, -1,
      880, 1015, 878, -1,
      878, 1015, 1016, -1,
      878, 1016, 957, -1,
      957, 1016, 1017, -1,
      957, 1017, 958, -1,
      958, 1017, 686, -1,
      958, 686, 959, -1,
      959, 686, 685, -1,
      959, 685, 786, -1,
      786, 685, 666, -1,
      786, 666, 788, -1,
      788, 666, 669, -1,
      788, 669, 797, -1,
      797, 669, 935, -1,
      797, 935, 936, -1,
      936, 935, 49, -1,
      936, 49, 47, -1,
      822, 824, 830, -1,
      830, 824, 477, -1,
      830, 477, 1018, -1,
      1018, 477, 476, -1,
      1018, 476, 860, -1,
      860, 476, 1019, -1,
      860, 1019, 858, -1,
      487, 489, 646, -1,
      646, 489, 900, -1,
      646, 900, 828, -1,
      828, 900, 880, -1,
      828, 880, 871, -1,
      871, 880, 879, -1,
      871, 879, 869, -1,
      505, 507, 52, -1,
      52, 507, 830, -1,
      52, 830, 53, -1,
      53, 830, 1018, -1,
      53, 1018, 54, -1,
      54, 1018, 860, -1,
      54, 860, 55, -1,
      55, 860, 960, -1,
      55, 960, 56, -1,
      56, 960, 961, -1,
      56, 961, 57, -1,
      57, 961, 962, -1,
      57, 962, 58, -1,
      58, 962, 963, -1,
      58, 963, 59, -1,
      59, 963, 964, -1,
      59, 964, 60, -1,
      60, 964, 965, -1,
      60, 965, 61, -1,
      61, 965, 966, -1,
      61, 966, 62, -1,
      62, 966, 44, -1,
      62, 44, 48, -1,
      1, 3, 0, -1,
      0, 3, 2, -1,
      1, 51, 926, -1,
      926, 650, 1, -1,
      1, 650, 658, -1,
      1, 658, 695, -1,
      708, 971, 3, -1,
      695, 697, 1, -1,
      1, 697, 735, -1,
      1, 735, 3, -1,
      3, 735, 709, -1,
      3, 709, 708, -1,
      971, 886, 3, -1,
      3, 886, 538, -1,
      3, 538, 37, -1,
    ]
  }
}

Shape {
  appearance Appearance {
    material Material {
      diffuseColor 0.0000 0.0000 0.0000
      specularColor 0.0000 0.0000 0.0000
      ambientIntensity 0.2
      transparency 0.0000
      shininess 0.5
    }
  }
  geometry IndexedFaceSet {
    ccw TRUE
    solid FALSE
    coord DEF co Coordinate {
      point [
        -0.036502 1.023622 0.177606,
        -0.028723 1.023622 0.176917,
        -0.020428 1.023622 0.241864,
        -0.021644 1.023622 0.242004,
        -0.041713 1.023622 0.241165,
        -0.038896 1.023622 0.242004,
        -0.088674 1.023622 0.206235,
        -0.088726 1.023622 0.213570,
        -0.090741 1.023622 0.241425,
        -0.090689 1.023622 0.234057,
        -0.082352 1.023622 0.213615,
        -0.082352 1.023622 0.206280,
        -0.065767 1.023622 0.206397,
        -0.082352 1.023622 0.184731,
        -0.065614 1.023622 0.184849,
        -0.082352 1.023622 0.234116,
        -0.065964 1.023622 0.234233,
        -0.065819 1.023622 0.213733,
        -0.057293 1.023622 0.177606,
        -0.091796 1.023622 0.184664,
        -0.091744 1.023622 0.177361,
        -0.082352 1.023622 0.177428,
        -0.057748 1.023622 0.241659,
        -0.082352 1.023622 0.241485,
        0.031162 1.023622 0.242290,
        0.031164 1.023622 0.242004,
        0.031564 1.023622 0.185539,
        0.006054 1.023622 0.185358,
        0.006106 1.023622 0.178055,
        0.039885 1.023622 0.178294,
        0.039430 1.023622 0.242348,
        0.039433 1.023622 0.242004,
        -0.044916 1.023622 0.240211,
        -0.044855 1.023622 0.231566,
        -0.030994 1.023622 0.184193,
        -0.038244 1.023622 0.185494,
        -0.041713 1.023622 0.232900,
        -0.041713 1.023622 0.187024,
        -0.044144 1.023622 0.231956,
        -0.044548 1.023622 0.188274,
        -0.037665 1.023622 0.234474,
        -0.029785 1.023622 0.235472,
        -0.005414 1.023622 0.209281,
        -0.012817 1.023622 0.189714,
        -0.016980 1.023622 0.186724,
        -0.012280 1.023622 0.228489,
        -0.008755 1.023622 0.223660,
        -0.016669 1.023622 0.232060,
        -0.021723 1.023622 0.234356,
        -0.027304 1.023622 0.235390,
        -0.006556 1.023622 0.218164,
        -0.005467 1.023622 0.206922,
        -0.006446 1.023622 0.200504,
        -0.021530 1.023622 0.184926,
        -0.027980 1.023622 0.184101,
        -0.008480 1.023622 0.195324,
        -0.011572 1.023622 0.190964,
        -0.029854 1.023622 0.242938,
        -0.038220 1.023622 0.242206,
        0.000850 1.023622 0.222311,
        -0.001472 1.023622 0.227638,
        -0.006160 1.023622 0.233674,
        -0.007706 1.023622 0.235131,
        -0.013725 1.023622 0.239302,
        0.001620 1.023622 0.220544,
        0.003131 1.023622 0.212191,
        0.003267 1.023622 0.208852,
        -0.022870 1.023622 0.176951,
        -0.015938 1.023622 0.178429,
        -0.009913 1.023622 0.181322,
        -0.004788 1.023622 0.185641,
        -0.000522 1.023622 0.191639,
        0.000850 1.023622 0.195198,
        0.002054 1.023622 0.198321,
        -0.026732 1.023622 0.176741,
        -0.023490 1.023622 0.176917,
        -0.044492 1.023622 0.180349,
        -0.043395 1.023622 0.179812,
        -0.041713 1.023622 0.179274,
        -0.156007 1.023622 0.205687,
        -0.154405 1.023622 0.198197,
        -0.152868 1.023622 0.224764,
        -0.155206 1.023622 0.218650,
        -0.156227 1.023622 0.209751,
        -0.151207 1.023622 0.191593,
        -0.146397 1.023622 0.185946,
        -0.139739 1.023622 0.181232,
        -0.122571 1.023622 0.241200,
        -0.132341 1.023622 0.240051,
        -0.140052 1.023622 0.237173,
        -0.132432 1.023622 0.178419,
        -0.121462 1.023622 0.177150,
        -0.103844 1.023622 0.177275,
        -0.104298 1.023622 0.241329,
        -0.146728 1.023622 0.232546,
        -0.148931 1.023622 0.230364,
        -0.029756 1.023622 0.242939,
        0.006054 1.024016 0.185358,
        0.006106 1.024016 0.178055,
        0.031564 1.024016 0.185539,
        0.031162 1.024016 0.242290,
        0.039430 1.024016 0.242348,
        0.039885 1.024016 0.178294,
        -0.044492 1.024016 0.180349,
        -0.043395 1.024016 0.179812,
        -0.026732 1.024016 0.176741,
        -0.036502 1.024016 0.177606,
        -0.044548 1.024016 0.188274,
        -0.038244 1.024016 0.185494,
        -0.030994 1.024016 0.184193,
        -0.027980 1.024016 0.184101,
        -0.021530 1.024016 0.184926,
        -0.016980 1.024016 0.186724,
        -0.012817 1.024016 0.189714,
        -0.011572 1.024016 0.190964,
        -0.008480 1.024016 0.195324,
        -0.006446 1.024016 0.200504,
        -0.005467 1.024016 0.206922,
        -0.005414 1.024016 0.209281,
        -0.006556 1.024016 0.218164,
        -0.008755 1.024016 0.223660,
        -0.012280 1.024016 0.228489,
        -0.016669 1.024016 0.232060,
        -0.021723 1.024016 0.234356,
        -0.027304 1.024016 0.235390,
        -0.029785 1.024016 0.235472,
        -0.044855 1.024016 0.231566,
        -0.044144 1.024016 0.231956,
        -0.037665 1.024016 0.234474,
        -0.044916 1.024016 0.240211,
        -0.038220 1.024016 0.242206,
        -0.029854 1.024016 0.242938,
        -0.029756 1.024016 0.242939,
        -0.020428 1.024016 0.241864,
        -0.013725 1.024016 0.239302,
        -0.007706 1.024016 0.235131,
        -0.006160 1.024016 0.233674,
        -0.001472 1.024016 0.227638,
        0.001620 1.024016 0.220544,
        0.003131 1.024016 0.212191,
        0.003267 1.024016 0.208852,
        -0.004788 1.024016 0.185641,
        -0.000522 1.024016 0.191639,
        0.002054 1.024016 0.198321,
        -0.022870 1.024016 0.176951,
        -0.015938 1.024016 0.178429,
        -0.009913 1.024016 0.181322,
        -0.091796 1.024016 0.184664,
        -0.091744 1.024016 0.177361,
        -0.065614 1.024016 0.184849,
        -0.065767 1.024016 0.206397,
        -0.088674 1.024016 0.206235,
        -0.088726 1.024016 0.213570,
        -0.065819 1.024016 0.213733,
        -0.065964 1.024016 0.234233,
        -0.090689 1.024016 0.234057,
        -0.090741 1.024016 0.241425,
        -0.057748 1.024016 0.241659,
        -0.057293 1.024016 0.177606,
        -0.143773 1.024016 0.194935,
        -0.140555 1.024016 0.190999,
        -0.146397 1.024016 0.185946,
        -0.139370 1.024016 0.189938,
        -0.139739 1.024016 0.181232,
        -0.135108 1.024016 0.187190,
        -0.132432 1.024016 0.178419,
        -0.129618 1.024016 0.185274,
        -0.121462 1.024016 0.177150,
        -0.121465 1.024016 0.184453,
        -0.103844 1.024016 0.177275,
        -0.112165 1.024016 0.184519,
        -0.104298 1.024016 0.241329,
        -0.112515 1.024016 0.233902,
        -0.122571 1.024016 0.241200,
        -0.122192 1.024016 0.233834,
        -0.132341 1.024016 0.240051,
        -0.130426 1.024016 0.232867,
        -0.140052 1.024016 0.237173,
        -0.135969 1.024016 0.230824,
        -0.146728 1.024016 0.232546,
        -0.140635 1.024016 0.227677,
        -0.148931 1.024016 0.230364,
        -0.142357 1.024016 0.225963,
        -0.152868 1.024016 0.224764,
        -0.144827 1.024016 0.222370,
        -0.155206 1.024016 0.218650,
        -0.146613 1.024016 0.217706,
        -0.156227 1.024016 0.209751,
        -0.147531 1.024016 0.209583,
        -0.156007 1.024016 0.205687,
        -0.147292 1.024016 0.205541,
        -0.154405 1.024016 0.198197,
        -0.146009 1.024016 0.199678,
        -0.151207 1.024016 0.191593,
        -0.122192 1.023622 0.233834,
        -0.112515 1.023622 0.233902,
        -0.112165 1.023622 0.184519,
        -0.121465 1.023622 0.184453,
        -0.140555 1.023622 0.190999,
        -0.139370 1.023622 0.189938,
        -0.135108 1.023622 0.187190,
        -0.129618 1.023622 0.185274,
        -0.147531 1.023622 0.209583,
        -0.147292 1.023622 0.205541,
        -0.146009 1.023622 0.199678,
        -0.143773 1.023622 0.194935,
        -0.140635 1.023622 0.227677,
        -0.142357 1.023622 0.225963,
        -0.144827 1.023622 0.222370,
        -0.146613 1.023622 0.217706,
        -0.130426 1.023622 0.232867,
        -0.135969 1.023622 0.230824,
      ]
    }
    coordIndex [
      97, 98, 27, -1,
      27, 98, 28, -1,
      99, 97, 26, -1,
      26, 97, 27, -1,
      99, 26, 100, -1,
      100, 26, 25, -1,
      100, 25, 24, -1,
      101, 100, 30, -1,
      30, 100, 24, -1,
      29, 102, 31, -1,
      31, 102, 101, -1,
      31, 101, 30, -1,
      98, 102, 28, -1,
      28, 102, 29, -1,
      100, 101, 99, -1,
      99, 101, 102, -1,
      99, 102, 97, -1,
      97, 102, 98, -1,
      76, 103, 104, -1,
      105, 74, 1, -1,
      105, 1, 106, -1,
      1, 0, 106, -1,
      106, 0, 78, -1,
      106, 78, 104, -1,
      104, 78, 77, -1,
      104, 77, 76, -1,
      107, 103, 39, -1,
      39, 103, 76, -1,
      107, 39, 37, -1,
      107, 37, 108, -1,
      37, 35, 108, -1,
      108, 35, 34, -1,
      108, 34, 109, -1,
      109, 34, 54, -1,
      109, 54, 110, -1,
      110, 54, 53, -1,
      110, 53, 111, -1,
      111, 53, 44, -1,
      111, 44, 112, -1,
      112, 44, 43, -1,
      112, 43, 113, -1,
      113, 43, 56, -1,
      113, 56, 114, -1,
      114, 56, 55, -1,
      114, 55, 115, -1,
      115, 55, 52, -1,
      115, 52, 116, -1,
      116, 52, 51, -1,
      116, 51, 117, -1,
      117, 51, 42, -1,
      117, 42, 118, -1,
      118, 42, 50, -1,
      118, 50, 119, -1,
      119, 50, 46, -1,
      119, 46, 120, -1,
      120, 46, 45, -1,
      120, 45, 121, -1,
      121, 45, 47, -1,
      121, 47, 122, -1,
      122, 47, 48, -1,
      122, 48, 123, -1,
      123, 48, 49, -1,
      123, 49, 124, -1,
      124, 49, 41, -1,
      124, 41, 125, -1,
      33, 126, 127, -1,
      125, 41, 40, -1,
      125, 40, 128, -1,
      128, 40, 36, -1,
      128, 36, 127, -1,
      127, 36, 38, -1,
      127, 38, 33, -1,
      129, 126, 32, -1,
      32, 126, 33, -1,
      5, 130, 4, -1,
      4, 130, 129, -1,
      4, 129, 32, -1,
      5, 58, 130, -1,
      130, 58, 57, -1,
      130, 57, 131, -1,
      131, 57, 96, -1,
      131, 96, 132, -1,
      133, 132, 3, -1,
      3, 132, 96, -1,
      3, 2, 133, -1,
      133, 2, 63, -1,
      133, 63, 134, -1,
      134, 63, 62, -1,
      134, 62, 135, -1,
      135, 62, 61, -1,
      135, 61, 136, -1,
      136, 61, 60, -1,
      136, 60, 137, -1,
      137, 60, 59, -1,
      137, 59, 138, -1,
      59, 64, 138, -1,
      138, 64, 65, -1,
      138, 65, 139, -1,
      139, 65, 66, -1,
      139, 66, 140, -1,
      70, 141, 142, -1,
      140, 66, 73, -1,
      140, 73, 143, -1,
      143, 73, 72, -1,
      143, 72, 142, -1,
      142, 72, 71, -1,
      142, 71, 70, -1,
      74, 105, 75, -1,
      75, 105, 144, -1,
      75, 144, 67, -1,
      67, 144, 145, -1,
      67, 145, 68, -1,
      68, 145, 146, -1,
      68, 146, 69, -1,
      69, 146, 141, -1,
      69, 141, 70, -1,
      127, 126, 129, -1,
      122, 135, 121, -1,
      121, 135, 136, -1,
      121, 136, 120, -1,
      120, 136, 137, -1,
      120, 137, 119, -1,
      127, 129, 128, -1,
      128, 129, 130, -1,
      128, 130, 125, -1,
      125, 130, 131, -1,
      125, 131, 124, -1,
      124, 131, 132, -1,
      124, 132, 123, -1,
      123, 132, 133, -1,
      123, 133, 122, -1,
      122, 133, 134, -1,
      122, 134, 135, -1,
      140, 118, 139, -1,
      139, 118, 119, -1,
      139, 119, 138, -1,
      138, 119, 137, -1,
      103, 107, 104, -1,
      104, 107, 108, -1,
      104, 108, 106, -1,
      106, 108, 109, -1,
      106, 109, 105, -1,
      105, 109, 110, -1,
      105, 110, 144, -1,
      144, 110, 111, -1,
      144, 111, 145, -1,
      145, 111, 112, -1,
      145, 112, 146, -1,
      146, 112, 113, -1,
      146, 113, 141, -1,
      141, 113, 114, -1,
      141, 114, 142, -1,
      142, 114, 115, -1,
      142, 115, 143, -1,
      143, 115, 116, -1,
      143, 116, 140, -1,
      140, 116, 117, -1,
      140, 117, 118, -1,
      147, 148, 19, -1,
      19, 148, 20, -1,
      14, 149, 13, -1,
      13, 149, 147, -1,
      13, 147, 19, -1,
      150, 149, 12, -1,
      12, 149, 14, -1,
      6, 151, 11, -1,
      11, 151, 150, -1,
      11, 150, 12, -1,
      152, 151, 7, -1,
      7, 151, 6, -1,
      17, 153, 10, -1,
      10, 153, 152, -1,
      10, 152, 7, -1,
      154, 153, 16, -1,
      16, 153, 17, -1,
      9, 155, 15, -1,
      15, 155, 154, -1,
      15, 154, 16, -1,
      156, 155, 8, -1,
      8, 155, 9, -1,
      22, 157, 23, -1,
      23, 157, 156, -1,
      23, 156, 8, -1,
      158, 157, 18, -1,
      18, 157, 22, -1,
      20, 148, 21, -1,
      21, 148, 158, -1,
      21, 158, 18, -1,
      158, 148, 147, -1,
      147, 149, 158, -1,
      158, 149, 150, -1,
      158, 150, 157, -1,
      155, 156, 154, -1,
      154, 156, 157, -1,
      154, 157, 153, -1,
      153, 157, 150, -1,
      153, 150, 152, -1,
      152, 150, 151, -1,
      159, 160, 161, -1,
      161, 160, 162, -1,
      161, 162, 163, -1,
      163, 162, 164, -1,
      163, 164, 165, -1,
      165, 164, 166, -1,
      165, 166, 167, -1,
      167, 166, 168, -1,
      167, 168, 169, -1,
      169, 168, 170, -1,
      169, 170, 171, -1,
      171, 170, 172, -1,
      171, 172, 173, -1,
      173, 172, 174, -1,
      173, 174, 175, -1,
      175, 174, 176, -1,
      175, 176, 177, -1,
      177, 176, 178, -1,
      177, 178, 179, -1,
      179, 178, 180, -1,
      179, 180, 181, -1,
      181, 180, 182, -1,
      181, 182, 183, -1,
      183, 182, 184, -1,
      183, 184, 185, -1,
      185, 184, 186, -1,
      185, 186, 187, -1,
      187, 186, 188, -1,
      187, 188, 189, -1,
      189, 188, 190, -1,
      189, 190, 191, -1,
      191, 190, 192, -1,
      191, 192, 193, -1,
      193, 192, 159, -1,
      193, 159, 161, -1,
      167, 169, 91, -1,
      91, 169, 92, -1,
      167, 91, 90, -1,
      167, 90, 165, -1,
      165, 90, 86, -1,
      165, 86, 163, -1,
      163, 86, 85, -1,
      163, 85, 161, -1,
      161, 85, 84, -1,
      161, 84, 193, -1,
      193, 84, 80, -1,
      193, 80, 191, -1,
      191, 80, 79, -1,
      191, 79, 189, -1,
      189, 79, 83, -1,
      189, 83, 187, -1,
      187, 83, 82, -1,
      187, 82, 185, -1,
      185, 82, 81, -1,
      185, 81, 183, -1,
      183, 81, 95, -1,
      183, 95, 181, -1,
      181, 95, 94, -1,
      181, 94, 179, -1,
      179, 94, 89, -1,
      179, 89, 177, -1,
      177, 89, 88, -1,
      177, 88, 175, -1,
      175, 88, 87, -1,
      175, 87, 173, -1,
      171, 173, 93, -1,
      93, 173, 87, -1,
      169, 171, 92, -1,
      92, 171, 93, -1,
      174, 172, 194, -1,
      194, 172, 195, -1,
      172, 170, 195, -1,
      195, 170, 196, -1,
      170, 168, 196, -1,
      196, 168, 197, -1,
      160, 198, 199, -1,
      160, 199, 162, -1,
      162, 199, 200, -1,
      162, 200, 164, -1,
      164, 200, 201, -1,
      164, 201, 166, -1,
      166, 201, 197, -1,
      166, 197, 168, -1,
      188, 202, 203, -1,
      188, 203, 190, -1,
      190, 203, 204, -1,
      190, 204, 192, -1,
      192, 204, 205, -1,
      192, 205, 159, -1,
      159, 205, 198, -1,
      159, 198, 160, -1,
      180, 206, 207, -1,
      180, 207, 182, -1,
      182, 207, 208, -1,
      182, 208, 184, -1,
      184, 208, 209, -1,
      184, 209, 186, -1,
      186, 209, 202, -1,
      186, 202, 188, -1,
      174, 194, 210, -1,
      174, 210, 176, -1,
      176, 210, 211, -1,
      176, 211, 178, -1,
      178, 211, 206, -1,
      178, 206, 180, -1,
    ]
  }
}

Shape {
  appearance Appearance {
    material Material {
      diffuseColor 0.8314 0.8392 0.8314
      specularColor 0.4980 0.5020 0.4980
      ambientIntensity 0.2
      transparency 0.0000
      shininess 0.5
    }
  }
  geometry IndexedFaceSet {
    ccw TRUE
    solid FALSE
    coord DEF co Coordinate {
      point [
        -0.122192 1.023622 0.233834,
        -0.112515 1.023622 0.233902,
        -0.112165 1.023622 0.184519,
        -0.121465 1.023622 0.184453,
        -0.140555 1.023622 0.190999,
        -0.139370 1.023622 0.189938,
        -0.135108 1.023622 0.187190,
        -0.129618 1.023622 0.185274,
        -0.147531 1.023622 0.209583,
        -0.147292 1.023622 0.205541,
        -0.146009 1.023622 0.199678,
        -0.143773 1.023622 0.194935,
        -0.140635 1.023622 0.227677,
        -0.142357 1.023622 0.225963,
        -0.144827 1.023622 0.222370,
        -0.146613 1.023622 0.217706,
        -0.130426 1.023622 0.232867,
        -0.135969 1.023622 0.230824,
      ]
    }
    coordIndex [
      1, 2, 0, -1,
      0, 2, 3, -1,
      0, 3, 7, -1,
      7, 6, 0, -1,
      0, 6, 5, -1,
      0, 5, 4, -1,
      4, 11, 0, -1,
      0, 11, 10, -1,
      0, 10, 9, -1,
      9, 8, 0, -1,
      0, 8, 15, -1,
      0, 15, 14, -1,
      14, 13, 0, -1,
      0, 13, 12, -1,
      0, 12, 16, -1,
      16, 12, 17, -1,
    ]
  }
}

Shape {
  appearance Appearance {
    material Material {
      diffuseColor 0.0000 0.0000 0.0000
      specularColor 0.0000 0.0000 0.0000
      ambientIntensity 0.2
      transparency 0.0000
      shininess 0.5
    }
  }
  geometry IndexedFaceSet {
    ccw TRUE
    solid FALSE
    coord DEF co Coordinate {
      point [
        -0.193240 1.023622 0.240698,
        -0.217017 1.023622 0.176917,
        -0.184398 1.023622 0.240761,
        -0.159562 1.023622 0.176917,
        -0.177314 1.023622 0.222550,
        -0.159547 1.023622 0.176880,
        -0.168684 1.023622 0.176815,
        -0.168720 1.023622 0.176917,
        -0.177314 1.023622 0.194275,
        -0.174965 1.023622 0.194292,
        -0.201637 1.023622 0.194102,
        -0.207907 1.023622 0.176917,
        -0.208046 1.023622 0.176536,
        -0.217183 1.023622 0.176471,
        -0.177636 1.024016 0.201510,
        -0.187403 1.024016 0.228066,
        -0.184398 1.024016 0.240761,
        -0.159547 1.024016 0.176880,
        -0.168684 1.024016 0.176815,
        -0.174965 1.024016 0.194292,
        -0.187972 1.024016 0.229974,
        -0.188483 1.024016 0.232545,
        -0.193240 1.024016 0.240698,
        -0.188680 1.024016 0.232543,
        -0.189178 1.024016 0.229830,
        -0.189646 1.024016 0.228050,
        -0.199135 1.024016 0.201358,
        -0.217183 1.024016 0.176471,
        -0.208046 1.024016 0.176536,
        -0.201637 1.024016 0.194102,
        -0.177636 1.023622 0.201510,
        -0.199135 1.023622 0.201358,
        -0.189646 1.023622 0.228050,
        -0.188680 1.023622 0.232543,
        -0.189178 1.023622 0.229830,
        -0.188483 1.023622 0.232545,
        -0.187403 1.023622 0.228066,
        -0.187972 1.023622 0.229974,
      ]
    }
    coordIndex [
      14, 15, 16, -1,
      17, 18, 19, -1,
      15, 20, 16, -1,
      16, 20, 21, -1,
      16, 21, 22, -1,
      22, 21, 23, -1,
      22, 23, 24, -1,
      24, 25, 22, -1,
      22, 25, 26, -1,
      22, 26, 27, -1,
      28, 27, 29, -1,
      29, 27, 26, -1,
      29, 26, 19, -1,
      19, 26, 14, -1,
      19, 14, 17, -1,
      17, 14, 16, -1,
      0, 22, 1, -1,
      1, 22, 27, -1,
      1, 27, 13, -1,
      16, 22, 2, -1,
      2, 22, 0, -1,
      3, 5, 17, -1,
      3, 17, 4, -1,
      4, 17, 16, -1,
      4, 16, 2, -1,
      18, 17, 6, -1,
      6, 17, 5, -1,
      9, 19, 7, -1,
      7, 19, 18, -1,
      7, 18, 6, -1,
      10, 29, 8, -1,
      8, 29, 19, -1,
      8, 19, 9, -1,
      29, 10, 28, -1,
      28, 10, 11, -1,
      28, 11, 12, -1,
      27, 28, 13, -1,
      13, 28, 12, -1,
      14, 26, 30, -1,
      30, 26, 31, -1,
      26, 25, 31, -1,
      31, 25, 32, -1,
      23, 33, 34, -1,
      23, 34, 24, -1,
      24, 34, 32, -1,
      24, 32, 25, -1,
      23, 21, 33, -1,
      33, 21, 35, -1,
      15, 36, 37, -1,
      15, 37, 20, -1,
      20, 37, 35, -1,
      20, 35, 21, -1,
      15, 14, 36, -1,
      36, 14, 30, -1,
    ]
  }
}

Shape {
  appearance Appearance {
    material Material {
      diffuseColor 0.8314 0.8392 0.8314
      specularColor 0.4980 0.5020 0.4980
      ambientIntensity 0.2
      transparency 0.0000
      shininess 0.5
    }
  }
  geometry IndexedFaceSet {
    ccw TRUE
    solid FALSE
    coord DEF co Coordinate {
      point [
        -0.177636 1.023622 0.201510,
        -0.199135 1.023622 0.201358,
        -0.189646 1.023622 0.228050,
        -0.188680 1.023622 0.232543,
        -0.189178 1.023622 0.229830,
        -0.188483 1.023622 0.232545,
        -0.187403 1.023622 0.228066,
        -0.187972 1.023622 0.229974,
      ]
    }
    coordIndex [
      3, 5, 4, -1,
      4, 5, 7, -1,
      4, 7, 2, -1,
      2, 7, 6, -1,
      2, 6, 1, -1,
      1, 6, 0, -1,
    ]
  }
}

Shape {
  appearance Appearance {
    material Material {
      diffuseColor 0.0000 0.0000 0.0000
      specularColor 0.0000 0.0000 0.0000
      ambientIntensity 0.2
      transparency 0.0000
      shininess 0.5
    }
  }
  geometry IndexedFaceSet {
    ccw TRUE
    solid FALSE
    coord DEF co Coordinate {
      point [
        0.006103 1.023622 0.083737,
        0.006155 1.023622 0.076435,
        0.007210 1.023622 0.133131,
        0.007170 1.023622 0.138861,
        0.040606 1.023622 0.076679,
        0.032132 1.023622 0.105471,
        0.032285 1.023622 0.083923,
        0.009225 1.023622 0.105309,
        0.009173 1.023622 0.112644,
        0.032080 1.023622 0.112807,
        0.031935 1.023622 0.133306,
        0.007158 1.023622 0.140499,
        0.007161 1.023622 0.140104,
        0.040151 1.023622 0.140733,
        0.040156 1.023622 0.140104,
        0.040164 1.023622 0.138861,
        -0.003288 1.023622 0.095860,
        -0.004904 1.023622 0.098149,
        -0.006241 1.023622 0.111094,
        -0.038283 1.023622 0.076120,
        -0.030260 1.023622 0.076177,
        -0.026820 1.023622 0.122580,
        -0.030217 1.023622 0.121541,
        -0.032883 1.023622 0.120010,
        -0.035018 1.023622 0.117963,
        -0.024028 1.023622 0.116210,
        -0.021278 1.023622 0.116522,
        -0.016896 1.023622 0.103453,
        -0.036649 1.023622 0.115377,
        -0.037890 1.023622 0.111752,
        -0.038492 1.023622 0.105560,
        -0.006296 1.023622 0.118888,
        -0.007919 1.023622 0.119815,
        -0.013894 1.023622 0.122093,
        -0.022078 1.023622 0.123033,
        -0.007372 1.023622 0.100265,
        -0.010795 1.023622 0.101993,
        -0.011820 1.023622 0.114543,
        -0.016857 1.023622 0.116130,
        -0.002991 1.023622 0.082146,
        -0.002016 1.023622 0.084837,
        -0.001611 1.023622 0.088628,
        -0.008136 1.023622 0.076983,
        -0.005472 1.023622 0.078874,
        -0.004660 1.023622 0.079700,
        -0.001639 1.023622 0.089571,
        -0.002171 1.023622 0.093036,
        -0.030467 1.023622 0.105256,
        -0.030220 1.023622 0.108759,
        -0.029415 1.023622 0.111641,
        -0.028488 1.023622 0.113306,
        -0.030310 1.023622 0.083250,
        -0.030098 1.023622 0.083252,
        -0.020057 1.023622 0.075602,
        -0.016024 1.023622 0.075197,
        -0.011199 1.023622 0.075796,
        -0.027288 1.023622 0.114610,
        -0.025875 1.023622 0.115542,
        -0.028825 1.023622 0.081346,
        -0.026270 1.023622 0.078638,
        -0.023337 1.023622 0.076735,
        0.006103 1.024016 0.083737,
        0.006155 1.024016 0.076435,
        0.032285 1.024016 0.083923,
        0.032132 1.024016 0.105471,
        0.009225 1.024016 0.105309,
        0.009173 1.024016 0.112644,
        0.032080 1.024016 0.112807,
        0.031935 1.024016 0.133306,
        0.007210 1.024016 0.133131,
        0.007158 1.024016 0.140499,
        0.040151 1.024016 0.140733,
        0.040606 1.024016 0.076679,
        -0.030260 1.024016 0.076177,
        -0.038283 1.024016 0.076120,
        -0.030310 1.024016 0.083250,
        -0.038492 1.024016 0.105560,
        -0.030467 1.024016 0.105256,
        -0.012930 1.024016 0.095775,
        -0.014807 1.024016 0.096663,
        -0.030098 1.024016 0.083252,
        -0.025883 1.024016 0.084467,
        -0.028825 1.024016 0.081346,
        -0.023607 1.024016 0.082951,
        -0.019704 1.024016 0.097768,
        -0.030423 1.024016 0.099133,
        -0.030392 1.024016 0.094744,
        -0.030380 1.024016 0.094211,
        -0.029838 1.024016 0.090635,
        -0.028641 1.024016 0.087781,
        -0.026887 1.024016 0.085436,
        -0.030220 1.024016 0.108759,
        -0.037890 1.024016 0.111752,
        -0.029415 1.024016 0.111641,
        -0.036649 1.024016 0.115377,
        -0.028488 1.024016 0.113306,
        -0.035018 1.024016 0.117963,
        -0.027288 1.024016 0.114610,
        -0.032883 1.024016 0.120010,
        -0.025875 1.024016 0.115542,
        -0.030217 1.024016 0.121541,
        -0.024028 1.024016 0.116210,
        -0.026820 1.024016 0.122580,
        -0.021278 1.024016 0.116522,
        -0.022078 1.024016 0.123033,
        -0.016857 1.024016 0.116130,
        -0.013894 1.024016 0.122093,
        -0.011820 1.024016 0.114543,
        -0.007919 1.024016 0.119815,
        -0.006241 1.024016 0.111094,
        -0.006296 1.024016 0.118888,
        -0.011363 1.024016 0.084561,
        -0.005472 1.024016 0.078874,
        -0.012041 1.024016 0.083871,
        -0.008136 1.024016 0.076983,
        -0.013632 1.024016 0.082768,
        -0.011199 1.024016 0.075796,
        -0.015442 1.024016 0.082089,
        -0.016024 1.024016 0.075197,
        -0.018150 1.024016 0.081764,
        -0.020057 1.024016 0.075602,
        -0.021169 1.024016 0.082082,
        -0.023337 1.024016 0.076735,
        -0.026270 1.024016 0.078638,
        -0.009831 1.024016 0.090498,
        -0.001639 1.024016 0.089571,
        -0.009754 1.024016 0.089225,
        -0.001611 1.024016 0.088628,
        -0.009944 1.024016 0.087382,
        -0.002016 1.024016 0.084837,
        -0.010461 1.024016 0.085920,
        -0.002991 1.024016 0.082146,
        -0.004660 1.024016 0.079700,
        -0.016896 1.024016 0.103453,
        -0.010795 1.024016 0.101993,
        -0.011923 1.024016 0.095006,
        -0.007372 1.024016 0.100265,
        -0.010954 1.024016 0.093824,
        -0.004904 1.024016 0.098149,
        -0.010240 1.024016 0.092333,
        -0.003288 1.024016 0.095860,
        -0.002171 1.024016 0.093036,
        -0.011923 1.023622 0.095006,
        -0.012930 1.023622 0.095775,
        -0.014807 1.023622 0.096663,
        -0.019704 1.023622 0.097768,
        -0.009754 1.023622 0.089225,
        -0.009831 1.023622 0.090498,
        -0.010240 1.023622 0.092333,
        -0.010954 1.023622 0.093824,
        -0.012041 1.023622 0.083871,
        -0.011363 1.023622 0.084561,
        -0.010461 1.023622 0.085920,
        -0.009944 1.023622 0.087382,
        -0.018150 1.023622 0.081764,
        -0.015442 1.023622 0.082089,
        -0.013632 1.023622 0.082768,
        -0.026887 1.023622 0.085436,
        -0.025883 1.023622 0.084467,
        -0.023607 1.023622 0.082951,
        -0.021169 1.023622 0.082082,
        -0.030392 1.023622 0.094744,
        -0.030380 1.023622 0.094211,
        -0.029838 1.023622 0.090635,
        -0.028641 1.023622 0.087781,
        -0.030423 1.023622 0.099133,
      ]
    }
    coordIndex [
      61, 62, 0, -1,
      0, 62, 1, -1,
      63, 61, 6, -1,
      6, 61, 0, -1,
      64, 63, 5, -1,
      5, 63, 6, -1,
      65, 64, 7, -1,
      7, 64, 5, -1,
      66, 65, 8, -1,
      8, 65, 7, -1,
      67, 66, 9, -1,
      9, 66, 8, -1,
      68, 67, 10, -1,
      10, 67, 9, -1,
      69, 68, 2, -1,
      2, 68, 10, -1,
      69, 2, 3, -1,
      69, 3, 70, -1,
      70, 3, 12, -1,
      70, 12, 11, -1,
      71, 70, 13, -1,
      13, 70, 11, -1,
      4, 72, 15, -1,
      15, 72, 71, -1,
      15, 71, 14, -1,
      14, 71, 13, -1,
      62, 72, 1, -1,
      1, 72, 4, -1,
      72, 62, 61, -1,
      61, 63, 72, -1,
      72, 63, 64, -1,
      72, 64, 71, -1,
      69, 70, 68, -1,
      68, 70, 71, -1,
      68, 71, 67, -1,
      67, 71, 64, -1,
      67, 64, 66, -1,
      66, 64, 65, -1,
      73, 74, 75, -1,
      75, 74, 76, -1,
      77, 78, 79, -1,
      80, 81, 82, -1,
      82, 81, 83, -1,
      84, 85, 76, -1,
      76, 85, 86, -1,
      86, 87, 76, -1,
      76, 87, 88, -1,
      76, 88, 75, -1,
      75, 88, 89, -1,
      75, 89, 80, -1,
      80, 89, 90, -1,
      80, 90, 81, -1,
      79, 84, 77, -1,
      77, 84, 76, -1,
      77, 76, 91, -1,
      91, 76, 92, -1,
      91, 92, 93, -1,
      93, 92, 94, -1,
      93, 94, 95, -1,
      95, 94, 96, -1,
      95, 96, 97, -1,
      97, 96, 98, -1,
      97, 98, 99, -1,
      99, 98, 100, -1,
      99, 100, 101, -1,
      101, 100, 102, -1,
      101, 102, 103, -1,
      103, 102, 104, -1,
      103, 104, 105, -1,
      105, 104, 106, -1,
      105, 106, 107, -1,
      107, 106, 108, -1,
      107, 108, 109, -1,
      109, 108, 110, -1,
      111, 112, 113, -1,
      113, 112, 114, -1,
      113, 114, 115, -1,
      115, 114, 116, -1,
      115, 116, 117, -1,
      117, 116, 118, -1,
      117, 118, 119, -1,
      119, 118, 120, -1,
      119, 120, 121, -1,
      121, 120, 122, -1,
      121, 122, 83, -1,
      83, 122, 123, -1,
      83, 123, 82, -1,
      124, 125, 126, -1,
      126, 125, 127, -1,
      126, 127, 128, -1,
      128, 127, 129, -1,
      128, 129, 130, -1,
      130, 129, 131, -1,
      130, 131, 111, -1,
      111, 131, 132, -1,
      111, 132, 112, -1,
      77, 133, 78, -1,
      78, 133, 134, -1,
      78, 134, 135, -1,
      135, 134, 136, -1,
      135, 136, 137, -1,
      137, 136, 138, -1,
      137, 138, 139, -1,
      139, 138, 140, -1,
      139, 140, 124, -1,
      124, 140, 141, -1,
      124, 141, 125, -1,
      104, 34, 33, -1,
      104, 33, 106, -1,
      106, 33, 32, -1,
      106, 32, 108, -1,
      108, 32, 31, -1,
      108, 31, 110, -1,
      109, 110, 18, -1,
      18, 110, 31, -1,
      109, 18, 37, -1,
      109, 37, 107, -1,
      107, 37, 38, -1,
      107, 38, 105, -1,
      105, 38, 26, -1,
      105, 26, 103, -1,
      103, 26, 25, -1,
      103, 25, 101, -1,
      101, 25, 57, -1,
      101, 57, 99, -1,
      99, 57, 56, -1,
      99, 56, 97, -1,
      97, 56, 50, -1,
      97, 50, 95, -1,
      95, 50, 49, -1,
      95, 49, 93, -1,
      93, 49, 48, -1,
      93, 48, 91, -1,
      91, 48, 47, -1,
      91, 47, 77, -1,
      133, 77, 27, -1,
      27, 77, 47, -1,
      133, 27, 36, -1,
      133, 36, 134, -1,
      134, 36, 35, -1,
      134, 35, 136, -1,
      136, 35, 17, -1,
      136, 17, 138, -1,
      138, 17, 16, -1,
      138, 16, 140, -1,
      140, 16, 46, -1,
      140, 46, 141, -1,
      141, 46, 45, -1,
      141, 45, 125, -1,
      125, 45, 41, -1,
      125, 41, 127, -1,
      127, 41, 40, -1,
      127, 40, 129, -1,
      129, 40, 39, -1,
      129, 39, 131, -1,
      131, 39, 44, -1,
      131, 44, 132, -1,
      132, 44, 43, -1,
      132, 43, 112, -1,
      112, 43, 42, -1,
      112, 42, 114, -1,
      114, 42, 55, -1,
      114, 55, 116, -1,
      116, 55, 54, -1,
      116, 54, 118, -1,
      118, 54, 53, -1,
      118, 53, 120, -1,
      120, 53, 60, -1,
      120, 60, 122, -1,
      122, 60, 59, -1,
      122, 59, 123, -1,
      123, 59, 58, -1,
      123, 58, 82, -1,
      82, 58, 52, -1,
      82, 52, 80, -1,
      75, 80, 51, -1,
      51, 80, 52, -1,
      73, 75, 20, -1,
      20, 75, 51, -1,
      74, 73, 19, -1,
      19, 73, 20, -1,
      76, 74, 30, -1,
      30, 74, 19, -1,
      76, 30, 29, -1,
      76, 29, 92, -1,
      92, 29, 28, -1,
      92, 28, 94, -1,
      94, 28, 24, -1,
      94, 24, 96, -1,
      96, 24, 23, -1,
      96, 23, 98, -1,
      98, 23, 22, -1,
      98, 22, 100, -1,
      100, 22, 21, -1,
      100, 21, 102, -1,
      102, 21, 34, -1,
      102, 34, 104, -1,
      135, 142, 143, -1,
      135, 143, 78, -1,
      78, 143, 144, -1,
      78, 144, 79, -1,
      79, 144, 145, -1,
      79, 145, 84, -1,
      126, 146, 147, -1,
      126, 147, 124, -1,
      124, 147, 148, -1,
      124, 148, 139, -1,
      139, 148, 149, -1,
      139, 149, 137, -1,
      137, 149, 142, -1,
      137, 142, 135, -1,
      113, 150, 151, -1,
      113, 151, 111, -1,
      111, 151, 152, -1,
      111, 152, 130, -1,
      130, 152, 153, -1,
      130, 153, 128, -1,
      128, 153, 146, -1,
      128, 146, 126, -1,
      119, 154, 155, -1,
      119, 155, 117, -1,
      117, 155, 156, -1,
      117, 156, 115, -1,
      115, 156, 150, -1,
      115, 150, 113, -1,
      90, 157, 158, -1,
      90, 158, 81, -1,
      81, 158, 159, -1,
      81, 159, 83, -1,
      83, 159, 160, -1,
      83, 160, 121, -1,
      121, 160, 154, -1,
      121, 154, 119, -1,
      86, 161, 162, -1,
      86, 162, 87, -1,
      87, 162, 163, -1,
      87, 163, 88, -1,
      88, 163, 164, -1,
      88, 164, 89, -1,
      89, 164, 157, -1,
      89, 157, 90, -1,
      86, 85, 161, -1,
      161, 85, 165, -1,
      85, 84, 165, -1,
      165, 84, 145, -1,
    ]
  }
}

Shape {
  appearance Appearance {
    material Material {
      diffuseColor 0.8314 0.8392 0.8314
      specularColor 0.4980 0.5020 0.4980
      ambientIntensity 0.2
      transparency 0.0000
      shininess 0.5
    }
  }
  geometry IndexedFaceSet {
    ccw TRUE
    solid FALSE
    coord DEF co Coordinate {
      point [
        -0.011923 1.023622 0.095006,
        -0.012930 1.023622 0.095775,
        -0.014807 1.023622 0.096663,
        -0.019704 1.023622 0.097768,
        -0.009754 1.023622 0.089225,
        -0.009831 1.023622 0.090498,
        -0.010240 1.023622 0.092333,
        -0.010954 1.023622 0.093824,
        -0.012041 1.023622 0.083871,
        -0.011363 1.023622 0.084561,
        -0.010461 1.023622 0.085920,
        -0.009944 1.023622 0.087382,
        -0.018150 1.023622 0.081764,
        -0.015442 1.023622 0.082089,
        -0.013632 1.023622 0.082768,
        -0.026887 1.023622 0.085436,
        -0.025883 1.023622 0.084467,
        -0.023607 1.023622 0.082951,
        -0.021169 1.023622 0.082082,
        -0.030392 1.023622 0.094744,
        -0.030380 1.023622 0.094211,
        -0.029838 1.023622 0.090635,
        -0.028641 1.023622 0.087781,
        -0.030423 1.023622 0.099133,
      ]
    }
    coordIndex [
      20, 19, 0, -1,
      19, 23, 3, -1,
      3, 2, 19, -1,
      19, 2, 1, -1,
      19, 1, 0, -1,
      20, 0, 21, -1,
      21, 0, 7, -1,
      21, 7, 22, -1,
      9, 8, 16, -1,
      9, 16, 10, -1,
      17, 16, 18, -1,
      18, 16, 12, -1,
      7, 6, 22, -1,
      22, 6, 5, -1,
      22, 5, 15, -1,
      15, 5, 4, -1,
      15, 4, 16, -1,
      16, 4, 11, -1,
      16, 11, 10, -1,
      8, 14, 16, -1,
      16, 14, 13, -1,
      16, 13, 12, -1,
    ]
  }
}

Shape {
  appearance Appearance {
    material Material {
      diffuseColor 0.0000 0.0000 0.0000
      specularColor 0.0000 0.0000 0.0000
      ambientIntensity 0.2
      transparency 0.0000
      shininess 0.5
    }
  }
  geometry IndexedFaceSet {
    ccw TRUE
    solid FALSE
    coord DEF co Coordinate {
      point [
        -0.183338 1.023622 0.075091,
        -0.183791 1.023622 0.138861,
        -0.233899 1.023622 0.096013,
        -0.230701 1.023622 0.089408,
        -0.225892 1.023622 0.083762,
        -0.219546 1.023622 0.134989,
        -0.211835 1.023622 0.137867,
        -0.203379 1.023622 0.138861,
        -0.219233 1.023622 0.079048,
        -0.211926 1.023622 0.076234,
        -0.200956 1.023622 0.074966,
        -0.226222 1.023622 0.130362,
        -0.228426 1.023622 0.128180,
        -0.232362 1.023622 0.122580,
        -0.234700 1.023622 0.116465,
        -0.235721 1.023622 0.107567,
        -0.235502 1.023622 0.103503,
        -0.183793 1.023622 0.139145,
        -0.202065 1.023622 0.139015,
        -0.170232 1.023622 0.138861,
        -0.170183 1.023622 0.131873,
        -0.171290 1.023622 0.082480,
        -0.171238 1.023622 0.075177,
        -0.157901 1.023622 0.082574,
        -0.168168 1.023622 0.104050,
        -0.168220 1.023622 0.111386,
        -0.157901 1.023622 0.111459,
        -0.157901 1.023622 0.104123,
        -0.145261 1.023622 0.104213,
        -0.145108 1.023622 0.082665,
        -0.157901 1.023622 0.131960,
        -0.145458 1.023622 0.132048,
        -0.145313 1.023622 0.111548,
        -0.170235 1.023622 0.139241,
        -0.137242 1.023622 0.139475,
        -0.157901 1.023622 0.139329,
        -0.097820 1.023622 0.108836,
        -0.105234 1.023622 0.087009,
        -0.107411 1.023622 0.086928,
        -0.106190 1.023622 0.083236,
        -0.106403 1.023622 0.083234,
        -0.106782 1.023622 0.084800,
        -0.157901 1.023622 0.075271,
        -0.136788 1.023622 0.075421,
        -0.103604 1.023622 0.061606,
        -0.120149 1.023622 0.121290,
        -0.137237 1.023622 0.138861,
        -0.128467 1.023622 0.121231,
        -0.107331 1.023622 0.068720,
        -0.049167 1.023622 0.077647,
        -0.049226 1.023622 0.085932,
        -0.053230 1.023622 0.076186,
        -0.050618 1.023622 0.114627,
        -0.052047 1.023622 0.116800,
        -0.053230 1.023622 0.083653,
        -0.053230 1.023622 0.100634,
        -0.052098 1.023622 0.084105,
        -0.052969 1.023622 0.100809,
        -0.051666 1.023622 0.102191,
        -0.050774 1.023622 0.103594,
        -0.049845 1.023622 0.105995,
        -0.049441 1.023622 0.109444,
        -0.049717 1.023622 0.112042,
        -0.054777 1.023622 0.075630,
        -0.077509 1.023622 0.095851,
        -0.078984 1.023622 0.093644,
        -0.078121 1.023622 0.112811,
        -0.053230 1.023622 0.117875,
        -0.054652 1.023622 0.119167,
        -0.056612 1.023622 0.120354,
        -0.060919 1.023622 0.121985,
        -0.067351 1.023622 0.122712,
        -0.080141 1.023622 0.088267,
        -0.079740 1.023622 0.085060,
        -0.078740 1.023622 0.082523,
        -0.077233 1.023622 0.080417,
        -0.068854 1.023622 0.075694,
        -0.061559 1.023622 0.074874,
        -0.072976 1.023622 0.122173,
        -0.078176 1.023622 0.120605,
        -0.074913 1.023622 0.078414,
        -0.073074 1.023622 0.077299,
        -0.066519 1.023622 0.116201,
        -0.064143 1.023622 0.116040,
        -0.057715 1.023622 0.110106,
        -0.061993 1.023622 0.115487,
        -0.060187 1.023622 0.114543,
        -0.057781 1.023622 0.109039,
        -0.058090 1.023622 0.107790,
        -0.058661 1.023622 0.106704,
        -0.059437 1.023622 0.105837,
        -0.062253 1.023622 0.104048,
        -0.072120 1.023622 0.115479,
        -0.067203 1.023622 0.101852,
        -0.076646 1.023622 0.113689,
        -0.070301 1.023622 0.100573,
        -0.075608 1.023622 0.097572,
        -0.058969 1.023622 0.113481,
        -0.058273 1.023622 0.112465,
        -0.057870 1.023622 0.111385,
        -0.057102 1.023622 0.082108,
        -0.061496 1.023622 0.096063,
        -0.056730 1.023622 0.098289,
        -0.062391 1.023622 0.081418,
        -0.062746 1.023622 0.081418,
        -0.066749 1.023622 0.093819,
        -0.066862 1.023622 0.081849,
        -0.071899 1.023622 0.087540,
        -0.071828 1.023622 0.088539,
        -0.068937 1.023622 0.082592,
        -0.069672 1.023622 0.083031,
        -0.070599 1.023622 0.083842,
        -0.071306 1.023622 0.084872,
        -0.071722 1.023622 0.086011,
        -0.071472 1.023622 0.089794,
        -0.070859 1.023622 0.090862,
        -0.069867 1.023622 0.091910,
        -0.093525 1.023622 0.121478,
        -0.084552 1.023622 0.121542,
        -0.079827 1.023622 0.091275,
        -0.085784 1.023622 0.062028,
        -0.085733 1.023622 0.054889,
        -0.100276 1.023622 0.057791,
        -0.097820 1.023622 0.056051,
        -0.097515 1.023622 0.055835,
        -0.090330 1.023622 0.061079,
        -0.091866 1.023622 0.061202,
        -0.097820 1.023622 0.087077,
        -0.087422 1.023622 0.061479,
        -0.094361 1.023622 0.054599,
        -0.090903 1.023622 0.054198,
        -0.089132 1.023622 0.054274,
        -0.093635 1.023622 0.061741,
        -0.095144 1.023622 0.062650,
        -0.096750 1.023622 0.064264,
        -0.097820 1.023622 0.066124,
        -0.098595 1.023622 0.067472,
        -0.102174 1.023622 0.075765,
        -0.049226 1.024016 0.085932,
        -0.052098 1.024016 0.084105,
        -0.062391 1.024016 0.081418,
        -0.057102 1.024016 0.082108,
        -0.049167 1.024016 0.077647,
        -0.061559 1.024016 0.074874,
        -0.054777 1.024016 0.075630,
        -0.068854 1.024016 0.075694,
        -0.073074 1.024016 0.077299,
        -0.074913 1.024016 0.078414,
        -0.077233 1.024016 0.080417,
        -0.078740 1.024016 0.082523,
        -0.079740 1.024016 0.085060,
        -0.080141 1.024016 0.088267,
        -0.079827 1.024016 0.091275,
        -0.078984 1.024016 0.093644,
        -0.077509 1.024016 0.095851,
        -0.075608 1.024016 0.097572,
        -0.070301 1.024016 0.100573,
        -0.067203 1.024016 0.101852,
        -0.062253 1.024016 0.104048,
        -0.059437 1.024016 0.105837,
        -0.058661 1.024016 0.106704,
        -0.058090 1.024016 0.107790,
        -0.057781 1.024016 0.109039,
        -0.057715 1.024016 0.110106,
        -0.057870 1.024016 0.111385,
        -0.058273 1.024016 0.112465,
        -0.058969 1.024016 0.113481,
        -0.060187 1.024016 0.114543,
        -0.061993 1.024016 0.115487,
        -0.064143 1.024016 0.116040,
        -0.066519 1.024016 0.116201,
        -0.072120 1.024016 0.115479,
        -0.076646 1.024016 0.113689,
        -0.078121 1.024016 0.112811,
        -0.078176 1.024016 0.120605,
        -0.072976 1.024016 0.122173,
        -0.067351 1.024016 0.122712,
        -0.060919 1.024016 0.121985,
        -0.056612 1.024016 0.120354,
        -0.054652 1.024016 0.119167,
        -0.052047 1.024016 0.116800,
        -0.050618 1.024016 0.114627,
        -0.049717 1.024016 0.112042,
        -0.049441 1.024016 0.109444,
        -0.049845 1.024016 0.105995,
        -0.050774 1.024016 0.103594,
        -0.051666 1.024016 0.102191,
        -0.061496 1.024016 0.096063,
        -0.056730 1.024016 0.098289,
        -0.052969 1.024016 0.100809,
        -0.066749 1.024016 0.093819,
        -0.069867 1.024016 0.091910,
        -0.070859 1.024016 0.090862,
        -0.071472 1.024016 0.089794,
        -0.071828 1.024016 0.088539,
        -0.071899 1.024016 0.087540,
        -0.071722 1.024016 0.086011,
        -0.071306 1.024016 0.084872,
        -0.070599 1.024016 0.083842,
        -0.069672 1.024016 0.083031,
        -0.068937 1.024016 0.082592,
        -0.066862 1.024016 0.081849,
        -0.062746 1.024016 0.081418,
        -0.120149 1.024016 0.121290,
        -0.128467 1.024016 0.121231,
        -0.107411 1.024016 0.086928,
        -0.106782 1.024016 0.084800,
        -0.106403 1.024016 0.083234,
        -0.106190 1.024016 0.083236,
        -0.105234 1.024016 0.087009,
        -0.093525 1.024016 0.121478,
        -0.084552 1.024016 0.121542,
        -0.102174 1.024016 0.075765,
        -0.098595 1.024016 0.067472,
        -0.096750 1.024016 0.064264,
        -0.095144 1.024016 0.062650,
        -0.093635 1.024016 0.061741,
        -0.091866 1.024016 0.061202,
        -0.090330 1.024016 0.061079,
        -0.087422 1.024016 0.061479,
        -0.085784 1.024016 0.062028,
        -0.085733 1.024016 0.054889,
        -0.089132 1.024016 0.054274,
        -0.090903 1.024016 0.054198,
        -0.094361 1.024016 0.054599,
        -0.097515 1.024016 0.055835,
        -0.100276 1.024016 0.057791,
        -0.103604 1.024016 0.061606,
        -0.107331 1.024016 0.068720,
        -0.171290 1.024016 0.082480,
        -0.171238 1.024016 0.075177,
        -0.145108 1.024016 0.082665,
        -0.145261 1.024016 0.104213,
        -0.168168 1.024016 0.104050,
        -0.168220 1.024016 0.111386,
        -0.145313 1.024016 0.111548,
        -0.145458 1.024016 0.132048,
        -0.170183 1.024016 0.131873,
        -0.170235 1.024016 0.139241,
        -0.137242 1.024016 0.139475,
        -0.136788 1.024016 0.075421,
        -0.223267 1.024016 0.092751,
        -0.220049 1.024016 0.088815,
        -0.225892 1.024016 0.083762,
        -0.218864 1.024016 0.087754,
        -0.219233 1.024016 0.079048,
        -0.214602 1.024016 0.085006,
        -0.211926 1.024016 0.076234,
        -0.209112 1.024016 0.083089,
        -0.200956 1.024016 0.074966,
        -0.200959 1.024016 0.082269,
        -0.183338 1.024016 0.075091,
        -0.191659 1.024016 0.082335,
        -0.183793 1.024016 0.139145,
        -0.192009 1.024016 0.131718,
        -0.202065 1.024016 0.139015,
        -0.201686 1.024016 0.131650,
        -0.211835 1.024016 0.137867,
        -0.209920 1.024016 0.130682,
        -0.219546 1.024016 0.134989,
        -0.215463 1.024016 0.128640,
        -0.226222 1.024016 0.130362,
        -0.220129 1.024016 0.125493,
        -0.228426 1.024016 0.128180,
        -0.221852 1.024016 0.123778,
        -0.232362 1.024016 0.122580,
        -0.224321 1.024016 0.120185,
        -0.234700 1.024016 0.116465,
        -0.226107 1.024016 0.115521,
        -0.235721 1.024016 0.107567,
        -0.227025 1.024016 0.107399,
        -0.235502 1.024016 0.103503,
        -0.226786 1.024016 0.103356,
        -0.233899 1.024016 0.096013,
        -0.225504 1.024016 0.097494,
        -0.230701 1.024016 0.089408,
        -0.201686 1.023622 0.131650,
        -0.192009 1.023622 0.131718,
        -0.191659 1.023622 0.082335,
        -0.200959 1.023622 0.082269,
        -0.220049 1.023622 0.088815,
        -0.218864 1.023622 0.087754,
        -0.214602 1.023622 0.085006,
        -0.209112 1.023622 0.083089,
        -0.227025 1.023622 0.107399,
        -0.226786 1.023622 0.103356,
        -0.225504 1.023622 0.097494,
        -0.223267 1.023622 0.092751,
        -0.220129 1.023622 0.125493,
        -0.221852 1.023622 0.123778,
        -0.224321 1.023622 0.120185,
        -0.226107 1.023622 0.115521,
        -0.209920 1.023622 0.130682,
        -0.215463 1.023622 0.128640,
      ]
    }
    coordIndex [
      50, 138, 139, -1,
      140, 103, 100, -1,
      140, 100, 141, -1,
      141, 100, 54, -1,
      141, 54, 139, -1,
      139, 54, 56, -1,
      139, 56, 50, -1,
      142, 138, 49, -1,
      49, 138, 50, -1,
      77, 143, 144, -1,
      142, 49, 51, -1,
      142, 51, 144, -1,
      144, 51, 63, -1,
      144, 63, 77, -1,
      143, 77, 76, -1,
      143, 76, 145, -1,
      145, 76, 81, -1,
      145, 81, 146, -1,
      146, 81, 80, -1,
      146, 80, 147, -1,
      147, 80, 75, -1,
      147, 75, 148, -1,
      148, 75, 74, -1,
      148, 74, 149, -1,
      149, 74, 73, -1,
      149, 73, 150, -1,
      150, 73, 72, -1,
      150, 72, 151, -1,
      151, 72, 119, -1,
      151, 119, 152, -1,
      152, 119, 65, -1,
      152, 65, 153, -1,
      153, 65, 64, -1,
      153, 64, 154, -1,
      154, 64, 96, -1,
      154, 96, 155, -1,
      155, 96, 95, -1,
      155, 95, 156, -1,
      156, 95, 93, -1,
      156, 93, 157, -1,
      157, 93, 91, -1,
      157, 91, 158, -1,
      158, 91, 90, -1,
      158, 90, 159, -1,
      159, 90, 89, -1,
      159, 89, 160, -1,
      160, 89, 88, -1,
      160, 88, 161, -1,
      161, 88, 87, -1,
      161, 87, 162, -1,
      162, 87, 84, -1,
      162, 84, 163, -1,
      163, 84, 99, -1,
      163, 99, 164, -1,
      164, 99, 98, -1,
      164, 98, 165, -1,
      165, 98, 97, -1,
      165, 97, 166, -1,
      166, 97, 86, -1,
      166, 86, 167, -1,
      167, 86, 85, -1,
      167, 85, 168, -1,
      168, 85, 83, -1,
      168, 83, 169, -1,
      169, 83, 82, -1,
      169, 82, 170, -1,
      170, 82, 92, -1,
      170, 92, 171, -1,
      171, 92, 94, -1,
      171, 94, 172, -1,
      172, 94, 66, -1,
      172, 66, 173, -1,
      174, 173, 79, -1,
      79, 173, 66, -1,
      174, 79, 78, -1,
      174, 78, 175, -1,
      175, 78, 71, -1,
      175, 71, 176, -1,
      176, 71, 70, -1,
      176, 70, 177, -1,
      177, 70, 69, -1,
      177, 69, 178, -1,
      178, 69, 68, -1,
      178, 68, 179, -1,
      180, 179, 67, -1,
      67, 179, 68, -1,
      67, 53, 180, -1,
      180, 53, 52, -1,
      180, 52, 181, -1,
      181, 52, 62, -1,
      181, 62, 182, -1,
      182, 62, 61, -1,
      182, 61, 183, -1,
      183, 61, 60, -1,
      183, 60, 184, -1,
      184, 60, 59, -1,
      184, 59, 185, -1,
      185, 59, 58, -1,
      185, 58, 186, -1,
      101, 187, 188, -1,
      186, 58, 57, -1,
      186, 57, 189, -1,
      189, 57, 55, -1,
      189, 55, 188, -1,
      188, 55, 102, -1,
      188, 102, 101, -1,
      187, 101, 105, -1,
      187, 105, 190, -1,
      190, 105, 116, -1,
      190, 116, 191, -1,
      191, 116, 115, -1,
      191, 115, 192, -1,
      192, 115, 114, -1,
      192, 114, 193, -1,
      193, 114, 108, -1,
      193, 108, 194, -1,
      194, 108, 107, -1,
      194, 107, 195, -1,
      195, 107, 113, -1,
      195, 113, 196, -1,
      196, 113, 112, -1,
      196, 112, 197, -1,
      197, 112, 111, -1,
      197, 111, 198, -1,
      198, 111, 110, -1,
      198, 110, 199, -1,
      199, 110, 109, -1,
      199, 109, 200, -1,
      200, 109, 106, -1,
      200, 106, 201, -1,
      201, 106, 104, -1,
      201, 104, 202, -1,
      202, 104, 103, -1,
      202, 103, 140, -1,
      165, 166, 179, -1,
      179, 166, 178, -1,
      178, 166, 167, -1,
      178, 167, 177, -1,
      197, 148, 149, -1,
      190, 157, 187, -1,
      187, 157, 158, -1,
      183, 184, 161, -1,
      161, 184, 185, -1,
      161, 185, 160, -1,
      160, 185, 186, -1,
      160, 186, 159, -1,
      159, 186, 189, -1,
      159, 189, 158, -1,
      158, 189, 188, -1,
      158, 188, 187, -1,
      197, 149, 196, -1,
      196, 149, 150, -1,
      196, 150, 195, -1,
      195, 150, 151, -1,
      195, 151, 194, -1,
      194, 151, 152, -1,
      194, 152, 193, -1,
      193, 152, 153, -1,
      193, 153, 192, -1,
      192, 153, 154, -1,
      192, 154, 191, -1,
      191, 154, 155, -1,
      191, 155, 190, -1,
      190, 155, 156, -1,
      190, 156, 157, -1,
      148, 197, 147, -1,
      147, 197, 198, -1,
      147, 198, 146, -1,
      143, 140, 144, -1,
      144, 140, 141, -1,
      144, 141, 142, -1,
      142, 141, 139, -1,
      142, 139, 138, -1,
      167, 168, 177, -1,
      177, 168, 169, -1,
      177, 169, 176, -1,
      176, 169, 170, -1,
      176, 170, 175, -1,
      175, 170, 171, -1,
      175, 171, 174, -1,
      174, 171, 172, -1,
      174, 172, 173, -1,
      198, 199, 146, -1,
      146, 199, 200, -1,
      146, 200, 145, -1,
      145, 200, 201, -1,
      145, 201, 143, -1,
      143, 201, 202, -1,
      143, 202, 140, -1,
      179, 180, 165, -1,
      165, 180, 181, -1,
      165, 181, 164, -1,
      164, 181, 182, -1,
      164, 182, 163, -1,
      163, 182, 183, -1,
      163, 183, 162, -1,
      162, 183, 161, -1,
      203, 204, 45, -1,
      45, 204, 47, -1,
      205, 203, 38, -1,
      38, 203, 45, -1,
      205, 38, 41, -1,
      205, 41, 206, -1,
      206, 41, 40, -1,
      206, 40, 207, -1,
      208, 207, 39, -1,
      39, 207, 40, -1,
      209, 208, 37, -1,
      37, 208, 39, -1,
      117, 210, 36, -1,
      36, 210, 209, -1,
      36, 209, 37, -1,
      211, 210, 118, -1,
      118, 210, 117, -1,
      137, 212, 127, -1,
      127, 212, 211, -1,
      127, 211, 118, -1,
      213, 212, 136, -1,
      136, 212, 137, -1,
      213, 136, 135, -1,
      213, 135, 214, -1,
      135, 134, 214, -1,
      214, 134, 133, -1,
      214, 133, 215, -1,
      215, 133, 132, -1,
      215, 132, 216, -1,
      216, 132, 126, -1,
      216, 126, 217, -1,
      217, 126, 125, -1,
      217, 125, 218, -1,
      218, 125, 128, -1,
      218, 128, 219, -1,
      219, 128, 120, -1,
      219, 120, 220, -1,
      221, 220, 121, -1,
      121, 220, 120, -1,
      221, 121, 131, -1,
      221, 131, 222, -1,
      222, 131, 130, -1,
      222, 130, 223, -1,
      223, 130, 129, -1,
      223, 129, 224, -1,
      224, 129, 124, -1,
      224, 124, 225, -1,
      225, 124, 123, -1,
      225, 123, 226, -1,
      123, 122, 226, -1,
      226, 122, 44, -1,
      226, 44, 227, -1,
      227, 44, 48, -1,
      227, 48, 228, -1,
      204, 228, 47, -1,
      47, 228, 48, -1,
      206, 207, 228, -1,
      204, 203, 228, -1,
      228, 203, 205, -1,
      228, 205, 206, -1,
      210, 211, 209, -1,
      209, 211, 212, -1,
      209, 212, 208, -1,
      207, 208, 228, -1,
      228, 208, 212, -1,
      228, 212, 227, -1,
      212, 213, 227, -1,
      227, 213, 214, -1,
      227, 214, 226, -1,
      226, 214, 215, -1,
      226, 215, 225, -1,
      225, 215, 216, -1,
      225, 216, 224, -1,
      224, 216, 217, -1,
      224, 217, 223, -1,
      223, 217, 218, -1,
      223, 218, 222, -1,
      222, 218, 219, -1,
      222, 219, 221, -1,
      221, 219, 220, -1,
      229, 230, 21, -1,
      21, 230, 22, -1,
      29, 231, 23, -1,
      23, 231, 229, -1,
      23, 229, 21, -1,
      232, 231, 28, -1,
      28, 231, 29, -1,
      24, 233, 27, -1,
      27, 233, 232, -1,
      27, 232, 28, -1,
      234, 233, 25, -1,
      25, 233, 24, -1,
      32, 235, 26, -1,
      26, 235, 234, -1,
      26, 234, 25, -1,
      236, 235, 31, -1,
      31, 235, 32, -1,
      20, 237, 30, -1,
      30, 237, 236, -1,
      30, 236, 31, -1,
      237, 20, 238, -1,
      238, 20, 19, -1,
      238, 19, 33, -1,
      34, 239, 35, -1,
      35, 239, 238, -1,
      35, 238, 33, -1,
      43, 240, 46, -1,
      46, 240, 239, -1,
      46, 239, 34, -1,
      22, 230, 42, -1,
      42, 230, 240, -1,
      42, 240, 43, -1,
      240, 230, 229, -1,
      229, 231, 240, -1,
      240, 231, 232, -1,
      240, 232, 239, -1,
      237, 238, 236, -1,
      236, 238, 239, -1,
      236, 239, 235, -1,
      235, 239, 232, -1,
      235, 232, 234, -1,
      234, 232, 233, -1,
      241, 242, 243, -1,
      243, 242, 244, -1,
      243, 244, 245, -1,
      245, 244, 246, -1,
      245, 246, 247, -1,
      247, 246, 248, -1,
      247, 248, 249, -1,
      249, 248, 250, -1,
      249, 250, 251, -1,
      251, 250, 252, -1,
      251, 252, 253, -1,
      253, 252, 254, -1,
      253, 254, 255, -1,
      255, 254, 256, -1,
      255, 256, 257, -1,
      257, 256, 258, -1,
      257, 258, 259, -1,
      259, 258, 260, -1,
      259, 260, 261, -1,
      261, 260, 262, -1,
      261, 262, 263, -1,
      263, 262, 264, -1,
      263, 264, 265, -1,
      265, 264, 266, -1,
      265, 266, 267, -1,
      267, 266, 268, -1,
      267, 268, 269, -1,
      269, 268, 270, -1,
      269, 270, 271, -1,
      271, 270, 272, -1,
      271, 272, 273, -1,
      273, 272, 274, -1,
      273, 274, 275, -1,
      275, 274, 241, -1,
      275, 241, 243, -1,
      249, 251, 10, -1,
      10, 251, 0, -1,
      249, 10, 9, -1,
      249, 9, 247, -1,
      247, 9, 8, -1,
      247, 8, 245, -1,
      245, 8, 4, -1,
      245, 4, 243, -1,
      243, 4, 3, -1,
      243, 3, 275, -1,
      275, 3, 2, -1,
      275, 2, 273, -1,
      273, 2, 16, -1,
      273, 16, 271, -1,
      271, 16, 15, -1,
      271, 15, 269, -1,
      269, 15, 14, -1,
      269, 14, 267, -1,
      267, 14, 13, -1,
      267, 13, 265, -1,
      265, 13, 12, -1,
      265, 12, 263, -1,
      263, 12, 11, -1,
      263, 11, 261, -1,
      18, 255, 7, -1,
      7, 255, 257, -1,
      7, 257, 6, -1,
      6, 257, 259, -1,
      6, 259, 5, -1,
      5, 259, 261, -1,
      5, 261, 11, -1,
      253, 255, 17, -1,
      17, 255, 18, -1,
      0, 251, 1, -1,
      1, 251, 253, -1,
      1, 253, 17, -1,
      256, 254, 276, -1,
      276, 254, 277, -1,
      254, 252, 277, -1,
      277, 252, 278, -1,
      252, 250, 278, -1,
      278, 250, 279, -1,
      242, 280, 281, -1,
      242, 281, 244, -1,
      244, 281, 282, -1,
      244, 282, 246, -1,
      246, 282, 283, -1,
      246, 283, 248, -1,
      248, 283, 279, -1,
      248, 279, 250, -1,
      270, 284, 285, -1,
      270, 285, 272, -1,
      272, 285, 286, -1,
      272, 286, 274, -1,
      274, 286, 287, -1,
      274, 287, 241, -1,
      241, 287, 280, -1,
      241, 280, 242, -1,
      262, 288, 289, -1,
      262, 289, 264, -1,
      264, 289, 290, -1,
      264, 290, 266, -1,
      266, 290, 291, -1,
      266, 291, 268, -1,
      268, 291, 284, -1,
      268, 284, 270, -1,
      256, 276, 292, -1,
      256, 292, 258, -1,
      258, 292, 293, -1,
      258, 293, 260, -1,
      260, 293, 288, -1,
      260, 288, 262, -1,
    ]
  }
}

Shape {
  appearance Appearance {
    material Material {
      diffuseColor 0.8314 0.8392 0.8314
      specularColor 0.4980 0.5020 0.4980
      ambientIntensity 0.2
      transparency 0.0000
      shininess 0.5
    }
  }
  geometry IndexedFaceSet {
    ccw TRUE
    solid FALSE
    coord DEF co Coordinate {
      point [
        -0.201686 1.023622 0.131650,
        -0.192009 1.023622 0.131718,
        -0.191659 1.023622 0.082335,
        -0.200959 1.023622 0.082269,
        -0.220049 1.023622 0.088815,
        -0.218864 1.023622 0.087754,
        -0.214602 1.023622 0.085006,
        -0.209112 1.023622 0.083089,
        -0.227025 1.023622 0.107399,
        -0.226786 1.023622 0.103356,
        -0.225504 1.023622 0.097494,
        -0.223267 1.023622 0.092751,
        -0.220129 1.023622 0.125493,
        -0.221852 1.023622 0.123778,
        -0.224321 1.023622 0.120185,
        -0.226107 1.023622 0.115521,
        -0.209920 1.023622 0.130682,
        -0.215463 1.023622 0.128640,
      ]
    }
    coordIndex [
      1, 2, 0, -1,
      0, 2, 3, -1,
      0, 3, 7, -1,
      7, 6, 0, -1,
      0, 6, 5, -1,
      0, 5, 4, -1,
      4, 11, 0, -1,
      0, 11, 10, -1,
      0, 10, 9, -1,
      9, 8, 0, -1,
      0, 8, 15, -1,
      0, 15, 14, -1,
      14, 13, 0, -1,
      0, 13, 12, -1,
      0, 12, 16, -1,
      16, 12, 17, -1,
    ]
  }
}

Shape {
  appearance Appearance {
    material Material {
      diffuseColor 0.0000 0.0000 0.0000
      specularColor 0.0000 0.0000 0.0000
      ambientIntensity 0.2
      transparency 0.0000
      shininess 0.5
    }
  }
  geometry IndexedFaceSet {
    ccw TRUE
    solid FALSE
    coord DEF co Coordinate {
      point [
        -0.248178 1.023622 0.074631,
        -0.239042 1.023622 0.074696,
        -0.263893 1.023622 0.138577,
        -0.272735 1.023622 0.138514,
        -0.296677 1.023622 0.074287,
        -0.287541 1.023622 0.074352,
        -0.281132 1.023622 0.091918,
        -0.254459 1.023622 0.092107,
        -0.257130 1.024016 0.099326,
        -0.266898 1.024016 0.125881,
        -0.263893 1.024016 0.138577,
        -0.239042 1.024016 0.074696,
        -0.248178 1.024016 0.074631,
        -0.254459 1.024016 0.092107,
        -0.267466 1.024016 0.127789,
        -0.267977 1.024016 0.130361,
        -0.272735 1.024016 0.138514,
        -0.268174 1.024016 0.130359,
        -0.268672 1.024016 0.127646,
        -0.269141 1.024016 0.125866,
        -0.278629 1.024016 0.099173,
        -0.296677 1.024016 0.074287,
        -0.287541 1.024016 0.074352,
        -0.281132 1.024016 0.091918,
        -0.257130 1.023622 0.099326,
        -0.278629 1.023622 0.099173,
        -0.269141 1.023622 0.125866,
        -0.268174 1.023622 0.130359,
        -0.268672 1.023622 0.127646,
        -0.267977 1.023622 0.130361,
        -0.266898 1.023622 0.125881,
        -0.267466 1.023622 0.127789,
      ]
    }
    coordIndex [
      8, 9, 10, -1,
      11, 12, 13, -1,
      9, 14, 10, -1,
      10, 14, 15, -1,
      10, 15, 16, -1,
      16, 15, 17, -1,
      16, 17, 18, -1,
      18, 19, 16, -1,
      16, 19, 20, -1,
      16, 20, 21, -1,
      22, 21, 23, -1,
      23, 21, 20, -1,
      23, 20, 13, -1,
      13, 20, 8, -1,
      13, 8, 11, -1,
      11, 8, 10, -1,
      16, 21, 3, -1,
      3, 21, 4, -1,
      10, 16, 2, -1,
      2, 16, 3, -1,
      11, 10, 1, -1,
      1, 10, 2, -1,
      12, 11, 0, -1,
      0, 11, 1, -1,
      13, 12, 7, -1,
      7, 12, 0, -1,
      23, 13, 6, -1,
      6, 13, 7, -1,
      22, 23, 5, -1,
      5, 23, 6, -1,
      21, 22, 4, -1,
      4, 22, 5, -1,
      8, 20, 24, -1,
      24, 20, 25, -1,
      20, 19, 25, -1,
      25, 19, 26, -1,
      17, 27, 28, -1,
      17, 28, 18, -1,
      18, 28, 26, -1,
      18, 26, 19, -1,
      17, 15, 27, -1,
      27, 15, 29, -1,
      9, 30, 31, -1,
      9, 31, 14, -1,
      14, 31, 29, -1,
      14, 29, 15, -1,
      9, 8, 30, -1,
      30, 8, 24, -1,
    ]
  }
}

Shape {
  appearance Appearance {
    material Material {
      diffuseColor 0.8314 0.8392 0.8314
      specularColor 0.4980 0.5020 0.4980
      ambientIntensity 0.2
      transparency 0.0000
      shininess 0.5
    }
  }
  geometry IndexedFaceSet {
    ccw TRUE
    solid FALSE
    coord DEF co Coordinate {
      point [
        -0.257130 1.023622 0.099326,
        -0.278629 1.023622 0.099173,
        -0.269141 1.023622 0.125866,
        -0.268174 1.023622 0.130359,
        -0.268672 1.023622 0.127646,
        -0.267977 1.023622 0.130361,
        -0.266898 1.023622 0.125881,
        -0.267466 1.023622 0.127789,
      ]
    }
    coordIndex [
      3, 5, 4, -1,
      4, 5, 7, -1,
      4, 7, 2, -1,
      2, 7, 6, -1,
      2, 6, 1, -1,
      1, 6, 0, -1,
    ]
  }
}

Shape {
  appearance Appearance {
    material Material {
      diffuseColor 0.0000 0.0000 0.0000
      specularColor 0.0000 0.0000 0.0000
      ambientIntensity 0.2
      transparency 0.0000
      shininess 0.5
    }
  }
  geometry IndexedFaceSet {
    ccw TRUE
    solid FALSE
    coord DEF co Coordinate {
      point [
        0.099829 1.023622 0.168983,
        0.095851 1.023622 0.158602,
        0.092653 1.023622 0.138861,
        0.277089 1.023622 0.138861,
        0.221258 1.023622 0.138861,
        0.218837 1.023622 0.140104,
        0.382878 1.023622 0.156650,
        0.382475 1.023622 0.158602,
        0.267063 1.023622 0.250239,
        0.262550 1.023622 0.251946,
        0.161614 1.023622 0.236719,
        0.146860 1.023622 0.219465,
        0.137277 1.023622 0.200567,
        0.134578 1.023622 0.199626,
        0.204627 1.023622 0.258735,
        0.185787 1.023622 0.251946,
        0.181830 1.023622 0.250520,
        0.169355 1.023622 0.242004,
        0.246010 1.023622 0.258206,
        0.223383 1.023622 0.260841,
        0.279892 1.023622 0.242004,
        0.278159 1.023622 0.243467,
        0.361336 1.023622 0.203067,
        0.357229 1.023622 0.206833,
        0.341878 1.023622 0.216959,
        0.324836 1.023622 0.222909,
        0.308808 1.023622 0.224556,
        0.288926 1.023622 0.234378,
        0.303572 1.023622 0.224234,
        0.298340 1.023622 0.223570,
        0.379176 1.023622 0.174586,
        0.378050 1.023622 0.176917,
        0.371398 1.023622 0.190683,
        0.383109 1.023622 0.151301,
        0.381957 1.023622 0.140104,
        0.381829 1.023622 0.138861,
        0.297530 1.023622 0.049936,
        0.308003 1.023622 0.054431,
        0.316860 1.023622 0.061213,
        0.323570 1.023622 0.069623,
        0.180470 1.023622 0.105279,
        0.175115 1.023622 0.131153,
        0.183617 1.023622 0.104110,
        0.186453 1.023622 0.102186,
        0.109771 1.023622 0.097443,
        0.122779 1.023622 0.086697,
        0.136774 1.023622 0.080143,
        0.151359 1.023622 0.077243,
        0.092659 1.023622 0.138589,
        0.095001 1.023622 0.123687,
        0.100969 1.023622 0.109389,
        0.242144 1.023622 0.077456,
        0.247589 1.023622 0.067333,
        0.254693 1.023622 0.059474,
        0.263811 1.023622 0.053230,
        0.177118 1.023622 0.105663,
        0.176675 1.023622 0.105627,
        0.175311 1.023622 0.105315,
        0.178229 1.023622 0.077433,
        0.180459 1.023622 0.077780,
        0.183479 1.023622 0.078905,
        0.186472 1.023622 0.080954,
        0.187863 1.023622 0.082367,
        0.273997 1.023622 0.049406,
        0.285010 1.023622 0.048131,
        0.286790 1.023622 0.048178,
        0.375543 1.023622 0.118254,
        0.381469 1.023622 0.135358,
        0.328055 1.023622 0.079407,
        0.335906 1.023622 0.081942,
        0.352039 1.023622 0.090564,
        0.364333 1.023622 0.101525,
        0.366035 1.023622 0.103512,
        0.191336 1.023622 0.091645,
        0.191273 1.023622 0.092881,
        0.239113 1.023622 0.097904,
        0.190474 1.023622 0.096375,
        0.188816 1.023622 0.099553,
        0.130257 1.023622 0.116322,
        0.125199 1.023622 0.123391,
        0.122006 1.023622 0.131487,
        0.179551 1.023622 0.138861,
        0.189802 1.023622 0.085253,
        0.190954 1.023622 0.088355,
        0.239417 1.023622 0.088684,
        0.239145 1.023622 0.093350,
        0.174389 1.023622 0.105188,
        0.153895 1.023622 0.105043,
        0.145756 1.023622 0.106536,
        0.137688 1.023622 0.110191,
        0.130907 1.023622 0.115633,
        0.121044 1.023622 0.138861,
        0.120883 1.023622 0.140104,
        0.180266 1.023622 0.140104,
        0.120853 1.023622 0.140332,
        0.352522 1.023622 0.140104,
        0.353927 1.023622 0.145059,
        0.189062 1.023622 0.155390,
        0.354411 1.023622 0.152009,
        0.353553 1.023622 0.158602,
        0.121041 1.023622 0.144265,
        0.123104 1.023622 0.153031,
        0.126044 1.023622 0.158602,
        0.267830 1.023622 0.136487,
        0.258206 1.023622 0.131236,
        0.250314 1.023622 0.123944,
        0.305307 1.023622 0.134643,
        0.295219 1.023622 0.138414,
        0.352169 1.023622 0.138861,
        0.291354 1.023622 0.138861,
        0.284361 1.023622 0.139670,
        0.278802 1.023622 0.139300,
        0.350757 1.023622 0.133881,
        0.322264 1.023622 0.119695,
        0.314669 1.023622 0.128245,
        0.345356 1.023622 0.124528,
        0.337246 1.023622 0.116085,
        0.327383 1.023622 0.109917,
        0.159767 1.023622 0.176133,
        0.349012 1.023622 0.173133,
        0.352980 1.023622 0.163002,
        0.156124 1.023622 0.176107,
        0.127271 1.023622 0.160927,
        0.132528 1.023622 0.166889,
        0.139559 1.023622 0.171868,
        0.147487 1.023622 0.174981,
        0.346341 1.023622 0.176917,
        0.284457 1.023622 0.190225,
        0.287785 1.023622 0.192070,
        0.168145 1.023622 0.201522,
        0.177888 1.023622 0.214250,
        0.181306 1.023622 0.217485,
        0.194128 1.023622 0.226290,
        0.208427 1.023622 0.231689,
        0.297973 1.023622 0.195853,
        0.308546 1.023622 0.197227,
        0.313216 1.023622 0.197021,
        0.159918 1.023622 0.176917,
        0.161773 1.023622 0.186541,
        0.223122 1.023622 0.233512,
        0.224964 1.023622 0.233500,
        0.277889 1.023622 0.203820,
        0.240174 1.023622 0.231401,
        0.267771 1.023622 0.216084,
        0.255081 1.023622 0.225404,
        0.324482 1.023622 0.194454,
        0.334680 1.023622 0.189153,
        0.342639 1.023622 0.182162,
        0.094473 1.023622 0.155007,
        0.092614 1.023622 0.140587,
        0.092625 1.023622 0.140104,
        0.121118 1.023622 0.192694,
        0.108931 1.023622 0.182074,
        0.105346 1.023622 0.176917,
        0.323570 1.024016 0.069623,
        0.316860 1.024016 0.061213,
        0.327383 1.024016 0.109917,
        0.175115 1.024016 0.131153,
        0.189062 1.024016 0.155390,
        0.250314 1.024016 0.123944,
        0.281278 1.024016 0.110554,
        0.277055 1.024016 0.109021,
        0.120853 1.024016 0.140332,
        0.122006 1.024016 0.131487,
        0.095001 1.024016 0.123687,
        0.273401 1.024016 0.106531,
        0.270482 1.024016 0.103244,
        0.239113 1.024016 0.097904,
        0.337246 1.024016 0.116085,
        0.335906 1.024016 0.081942,
        0.328055 1.024016 0.079407,
        0.268520 1.024016 0.099496,
        0.267499 1.024016 0.095268,
        0.239145 1.024016 0.093350,
        0.267522 1.024016 0.091010,
        0.297062 1.024016 0.080064,
        0.293445 1.024016 0.077530,
        0.308003 1.024016 0.054431,
        0.289245 1.024016 0.075942,
        0.159767 1.024016 0.176133,
        0.156124 1.024016 0.176107,
        0.137277 1.024016 0.200567,
        0.147487 1.024016 0.174981,
        0.134578 1.024016 0.199626,
        0.139559 1.024016 0.171868,
        0.121118 1.024016 0.192694,
        0.108931 1.024016 0.182074,
        0.287785 1.024016 0.192070,
        0.284457 1.024016 0.190225,
        0.298340 1.024016 0.223570,
        0.277889 1.024016 0.203820,
        0.288926 1.024016 0.234378,
        0.267771 1.024016 0.216084,
        0.278159 1.024016 0.243467,
        0.255081 1.024016 0.225404,
        0.267063 1.024016 0.250239,
        0.288831 1.024016 0.110593,
        0.295219 1.024016 0.138414,
        0.292863 1.024016 0.109207,
        0.305307 1.024016 0.134643,
        0.296520 1.024016 0.106848,
        0.314669 1.024016 0.128245,
        0.299541 1.024016 0.103624,
        0.322264 1.024016 0.119695,
        0.301696 1.024016 0.099690,
        0.302785 1.024016 0.095324,
        0.100969 1.024016 0.109389,
        0.125199 1.024016 0.123391,
        0.109771 1.024016 0.097443,
        0.246010 1.024016 0.258206,
        0.240174 1.024016 0.231401,
        0.223383 1.024016 0.260841,
        0.161614 1.024016 0.236719,
        0.177888 1.024016 0.214250,
        0.146860 1.024016 0.219465,
        0.168145 1.024016 0.201522,
        0.161773 1.024016 0.186541,
        0.345356 1.024016 0.124528,
        0.364333 1.024016 0.101525,
        0.352039 1.024016 0.090564,
        0.352980 1.024016 0.163002,
        0.382878 1.024016 0.156650,
        0.354411 1.024016 0.152009,
        0.383109 1.024016 0.151301,
        0.353927 1.024016 0.145059,
        0.381469 1.024016 0.135358,
        0.350757 1.024016 0.133881,
        0.375543 1.024016 0.118254,
        0.366035 1.024016 0.103512,
        0.267830 1.024016 0.136487,
        0.278802 1.024016 0.139300,
        0.284361 1.024016 0.139670,
        0.132528 1.024016 0.166889,
        0.127271 1.024016 0.160927,
        0.099829 1.024016 0.168983,
        0.123104 1.024016 0.153031,
        0.094473 1.024016 0.155007,
        0.121041 1.024016 0.144265,
        0.092614 1.024016 0.140587,
        0.092659 1.024016 0.138589,
        0.130257 1.024016 0.116322,
        0.130907 1.024016 0.115633,
        0.122779 1.024016 0.086697,
        0.137688 1.024016 0.110191,
        0.136774 1.024016 0.080143,
        0.145756 1.024016 0.106536,
        0.151359 1.024016 0.077243,
        0.153895 1.024016 0.105043,
        0.178229 1.024016 0.077433,
        0.174389 1.024016 0.105188,
        0.180459 1.024016 0.077780,
        0.297973 1.024016 0.195853,
        0.303572 1.024016 0.224234,
        0.308546 1.024016 0.197227,
        0.308808 1.024016 0.224556,
        0.313216 1.024016 0.197021,
        0.324836 1.024016 0.222909,
        0.324482 1.024016 0.194454,
        0.341878 1.024016 0.216959,
        0.334680 1.024016 0.189153,
        0.357229 1.024016 0.206833,
        0.342639 1.024016 0.182162,
        0.361336 1.024016 0.203067,
        0.349012 1.024016 0.173133,
        0.371398 1.024016 0.190683,
        0.379176 1.024016 0.174586,
        0.224964 1.024016 0.233500,
        0.223122 1.024016 0.233512,
        0.204627 1.024016 0.258735,
        0.208427 1.024016 0.231689,
        0.181830 1.024016 0.250520,
        0.194128 1.024016 0.226290,
        0.181306 1.024016 0.217485,
        0.299939 1.024016 0.083391,
        0.301851 1.024016 0.087164,
        0.302813 1.024016 0.091369,
        0.285020 1.024016 0.110982,
        0.258206 1.024016 0.131236,
        0.297530 1.024016 0.049936,
        0.286790 1.024016 0.048178,
        0.285272 1.024016 0.075459,
        0.285010 1.024016 0.048131,
        0.281424 1.024016 0.075847,
        0.273997 1.024016 0.049406,
        0.277404 1.024016 0.077228,
        0.263811 1.024016 0.053230,
        0.273838 1.024016 0.079530,
        0.254693 1.024016 0.059474,
        0.270812 1.024016 0.082752,
        0.247589 1.024016 0.067333,
        0.268652 1.024016 0.086650,
        0.242144 1.024016 0.077456,
        0.239417 1.024016 0.088684,
        0.176675 1.024016 0.105627,
        0.187863 1.024016 0.082367,
        0.186472 1.024016 0.080954,
        0.180470 1.024016 0.105279,
        0.183617 1.024016 0.104110,
        0.191273 1.024016 0.092881,
        0.191336 1.024016 0.091645,
        0.190954 1.024016 0.088355,
        0.189802 1.024016 0.085253,
        0.175311 1.024016 0.105315,
        0.183479 1.024016 0.078905,
        0.177118 1.024016 0.105663,
        0.186453 1.024016 0.102186,
        0.188816 1.024016 0.099553,
        0.190474 1.024016 0.096375,
        0.285020 1.023622 0.110982,
        0.281278 1.023622 0.110554,
        0.277055 1.023622 0.109021,
        0.273401 1.023622 0.106531,
        0.270482 1.023622 0.103244,
        0.268520 1.023622 0.099496,
        0.267499 1.023622 0.095268,
        0.267522 1.023622 0.091010,
        0.268652 1.023622 0.086650,
        0.270812 1.023622 0.082752,
        0.273838 1.023622 0.079530,
        0.277404 1.023622 0.077228,
        0.281424 1.023622 0.075847,
        0.285272 1.023622 0.075459,
        0.289245 1.023622 0.075942,
        0.293445 1.023622 0.077530,
        0.297062 1.023622 0.080064,
        0.299939 1.023622 0.083391,
        0.301851 1.023622 0.087164,
        0.302813 1.023622 0.091369,
        0.302785 1.023622 0.095324,
        0.301696 1.023622 0.099690,
        0.299541 1.023622 0.103624,
        0.296520 1.023622 0.106848,
        0.292863 1.023622 0.109207,
        0.288831 1.023622 0.110593,
      ]
    }
    coordIndex [
      154, 155, 156, -1,
      157, 158, 159, -1,
      160, 161, 157, -1,
      162, 163, 164, -1,
      161, 165, 157, -1,
      157, 165, 166, -1,
      157, 166, 167, -1,
      168, 169, 156, -1,
      156, 169, 170, -1,
      156, 170, 154, -1,
      166, 171, 167, -1,
      167, 171, 172, -1,
      167, 172, 173, -1,
      173, 172, 174, -1,
      175, 155, 176, -1,
      176, 155, 177, -1,
      176, 177, 178, -1,
      179, 180, 181, -1,
      181, 180, 182, -1,
      181, 182, 183, -1,
      183, 182, 184, -1,
      183, 184, 185, -1,
      185, 184, 186, -1,
      187, 188, 189, -1,
      189, 188, 190, -1,
      189, 190, 191, -1,
      191, 190, 192, -1,
      191, 192, 193, -1,
      193, 192, 194, -1,
      193, 194, 195, -1,
      196, 197, 198, -1,
      198, 197, 199, -1,
      198, 199, 200, -1,
      200, 199, 201, -1,
      200, 201, 202, -1,
      202, 201, 203, -1,
      202, 203, 204, -1,
      204, 203, 156, -1,
      204, 156, 205, -1,
      164, 163, 206, -1,
      206, 163, 207, -1,
      206, 207, 208, -1,
      195, 194, 209, -1,
      209, 194, 210, -1,
      209, 210, 211, -1,
      212, 213, 214, -1,
      214, 213, 215, -1,
      214, 215, 181, -1,
      181, 215, 216, -1,
      181, 216, 179, -1,
      217, 218, 168, -1,
      168, 218, 219, -1,
      168, 219, 169, -1,
      220, 221, 222, -1,
      222, 221, 223, -1,
      222, 223, 224, -1,
      224, 223, 225, -1,
      224, 225, 226, -1,
      226, 225, 227, -1,
      226, 227, 217, -1,
      217, 227, 228, -1,
      217, 228, 218, -1,
      229, 230, 196, -1,
      196, 230, 231, -1,
      196, 231, 197, -1,
      184, 232, 186, -1,
      186, 232, 233, -1,
      186, 233, 234, -1,
      234, 233, 235, -1,
      234, 235, 236, -1,
      236, 235, 237, -1,
      236, 237, 238, -1,
      238, 237, 162, -1,
      238, 162, 239, -1,
      239, 162, 164, -1,
      207, 240, 208, -1,
      208, 240, 241, -1,
      208, 241, 242, -1,
      242, 241, 243, -1,
      242, 243, 244, -1,
      244, 243, 245, -1,
      244, 245, 246, -1,
      246, 245, 247, -1,
      246, 247, 248, -1,
      248, 247, 249, -1,
      248, 249, 250, -1,
      187, 189, 251, -1,
      251, 189, 252, -1,
      251, 252, 253, -1,
      253, 252, 254, -1,
      253, 254, 255, -1,
      255, 254, 256, -1,
      255, 256, 257, -1,
      257, 256, 258, -1,
      257, 258, 259, -1,
      259, 258, 260, -1,
      259, 260, 261, -1,
      261, 260, 262, -1,
      261, 262, 263, -1,
      263, 262, 264, -1,
      263, 264, 220, -1,
      220, 264, 265, -1,
      220, 265, 221, -1,
      210, 266, 211, -1,
      211, 266, 267, -1,
      211, 267, 268, -1,
      268, 267, 269, -1,
      268, 269, 270, -1,
      270, 269, 271, -1,
      270, 271, 212, -1,
      212, 271, 272, -1,
      212, 272, 213, -1,
      175, 273, 155, -1,
      155, 273, 274, -1,
      155, 274, 156, -1,
      156, 274, 275, -1,
      156, 275, 205, -1,
      160, 157, 276, -1,
      276, 157, 159, -1,
      276, 159, 196, -1,
      196, 159, 277, -1,
      196, 277, 229, -1,
      177, 278, 178, -1,
      178, 278, 279, -1,
      178, 279, 280, -1,
      280, 279, 281, -1,
      280, 281, 282, -1,
      282, 281, 283, -1,
      282, 283, 284, -1,
      284, 283, 285, -1,
      284, 285, 286, -1,
      286, 285, 287, -1,
      286, 287, 288, -1,
      288, 287, 289, -1,
      288, 289, 290, -1,
      290, 289, 291, -1,
      290, 291, 174, -1,
      174, 291, 292, -1,
      174, 292, 173, -1,
      293, 294, 295, -1,
      296, 297, 298, -1,
      299, 300, 293, -1,
      293, 300, 301, -1,
      293, 301, 294, -1,
      249, 302, 250, -1,
      250, 302, 293, -1,
      250, 293, 303, -1,
      303, 293, 295, -1,
      299, 293, 298, -1,
      298, 293, 304, -1,
      298, 304, 296, -1,
      297, 305, 298, -1,
      298, 305, 306, -1,
      298, 306, 307, -1,
      238, 149, 148, -1,
      153, 186, 234, -1,
      238, 148, 236, -1,
      236, 148, 1, -1,
      236, 1, 234, -1,
      234, 1, 0, -1,
      234, 0, 153, -1,
      153, 152, 186, -1,
      186, 152, 151, -1,
      186, 151, 185, -1,
      185, 151, 13, -1,
      185, 13, 183, -1,
      183, 13, 12, -1,
      183, 12, 181, -1,
      181, 12, 11, -1,
      181, 11, 214, -1,
      214, 11, 10, -1,
      214, 10, 212, -1,
      19, 211, 268, -1,
      212, 10, 17, -1,
      212, 17, 270, -1,
      17, 16, 270, -1,
      270, 16, 15, -1,
      270, 15, 268, -1,
      268, 15, 14, -1,
      268, 14, 19, -1,
      21, 193, 195, -1,
      211, 19, 18, -1,
      211, 18, 209, -1,
      209, 18, 9, -1,
      209, 9, 195, -1,
      195, 9, 8, -1,
      195, 8, 21, -1,
      29, 189, 191, -1,
      193, 21, 20, -1,
      193, 20, 191, -1,
      191, 20, 27, -1,
      191, 27, 29, -1,
      189, 29, 28, -1,
      189, 28, 252, -1,
      252, 28, 26, -1,
      252, 26, 254, -1,
      254, 26, 25, -1,
      254, 25, 256, -1,
      256, 25, 24, -1,
      256, 24, 258, -1,
      258, 24, 23, -1,
      258, 23, 260, -1,
      260, 23, 22, -1,
      260, 22, 262, -1,
      33, 223, 221, -1,
      262, 22, 32, -1,
      262, 32, 264, -1,
      264, 32, 31, -1,
      264, 31, 265, -1,
      31, 30, 265, -1,
      265, 30, 7, -1,
      265, 7, 221, -1,
      221, 7, 6, -1,
      221, 6, 33, -1,
      35, 225, 34, -1,
      34, 225, 223, -1,
      34, 223, 33, -1,
      35, 67, 225, -1,
      225, 67, 66, -1,
      225, 66, 227, -1,
      227, 66, 72, -1,
      227, 72, 228, -1,
      228, 72, 71, -1,
      228, 71, 218, -1,
      218, 71, 70, -1,
      218, 70, 219, -1,
      219, 70, 69, -1,
      219, 69, 169, -1,
      169, 69, 68, -1,
      169, 68, 170, -1,
      170, 68, 39, -1,
      170, 39, 154, -1,
      154, 39, 38, -1,
      154, 38, 155, -1,
      155, 38, 37, -1,
      155, 37, 177, -1,
      177, 37, 36, -1,
      177, 36, 278, -1,
      278, 36, 65, -1,
      278, 65, 279, -1,
      279, 65, 64, -1,
      279, 64, 281, -1,
      281, 64, 63, -1,
      281, 63, 283, -1,
      283, 63, 54, -1,
      283, 54, 285, -1,
      285, 54, 53, -1,
      285, 53, 287, -1,
      287, 53, 52, -1,
      287, 52, 289, -1,
      289, 52, 51, -1,
      289, 51, 291, -1,
      291, 51, 84, -1,
      291, 84, 292, -1,
      292, 84, 85, -1,
      292, 85, 173, -1,
      167, 173, 75, -1,
      75, 173, 85, -1,
      157, 167, 41, -1,
      41, 167, 75, -1,
      97, 158, 93, -1,
      93, 158, 157, -1,
      93, 157, 81, -1,
      81, 157, 41, -1,
      4, 105, 159, -1,
      4, 159, 5, -1,
      5, 159, 158, -1,
      5, 158, 97, -1,
      110, 231, 230, -1,
      159, 105, 104, -1,
      159, 104, 277, -1,
      277, 104, 103, -1,
      277, 103, 229, -1,
      229, 103, 3, -1,
      229, 3, 230, -1,
      230, 3, 111, -1,
      230, 111, 110, -1,
      197, 231, 109, -1,
      109, 231, 110, -1,
      109, 107, 197, -1,
      197, 107, 106, -1,
      197, 106, 199, -1,
      199, 106, 114, -1,
      199, 114, 201, -1,
      201, 114, 113, -1,
      201, 113, 203, -1,
      203, 113, 117, -1,
      203, 117, 156, -1,
      95, 224, 108, -1,
      108, 224, 226, -1,
      108, 226, 112, -1,
      112, 226, 217, -1,
      112, 217, 115, -1,
      115, 217, 168, -1,
      115, 168, 116, -1,
      116, 168, 156, -1,
      116, 156, 117, -1,
      95, 96, 224, -1,
      224, 96, 98, -1,
      224, 98, 222, -1,
      220, 222, 99, -1,
      99, 222, 98, -1,
      99, 120, 220, -1,
      220, 120, 119, -1,
      220, 119, 263, -1,
      263, 119, 126, -1,
      263, 126, 261, -1,
      126, 147, 261, -1,
      261, 147, 146, -1,
      261, 146, 259, -1,
      259, 146, 145, -1,
      259, 145, 257, -1,
      257, 145, 136, -1,
      257, 136, 255, -1,
      255, 136, 135, -1,
      255, 135, 253, -1,
      253, 135, 134, -1,
      253, 134, 251, -1,
      251, 134, 128, -1,
      251, 128, 187, -1,
      187, 128, 127, -1,
      187, 127, 188, -1,
      188, 127, 141, -1,
      188, 141, 190, -1,
      190, 141, 143, -1,
      190, 143, 192, -1,
      192, 143, 144, -1,
      192, 144, 194, -1,
      194, 144, 142, -1,
      194, 142, 210, -1,
      210, 142, 140, -1,
      210, 140, 266, -1,
      266, 140, 139, -1,
      266, 139, 267, -1,
      267, 139, 133, -1,
      267, 133, 269, -1,
      269, 133, 132, -1,
      269, 132, 271, -1,
      271, 132, 131, -1,
      271, 131, 272, -1,
      272, 131, 130, -1,
      272, 130, 213, -1,
      213, 130, 129, -1,
      213, 129, 215, -1,
      215, 129, 138, -1,
      215, 138, 216, -1,
      216, 138, 179, -1,
      179, 138, 137, -1,
      179, 137, 118, -1,
      180, 179, 121, -1,
      121, 179, 118, -1,
      180, 121, 125, -1,
      180, 125, 182, -1,
      182, 125, 124, -1,
      182, 124, 184, -1,
      184, 124, 123, -1,
      184, 123, 232, -1,
      232, 123, 122, -1,
      232, 122, 233, -1,
      233, 122, 102, -1,
      233, 102, 235, -1,
      102, 101, 235, -1,
      235, 101, 100, -1,
      235, 100, 237, -1,
      237, 100, 94, -1,
      237, 94, 162, -1,
      94, 92, 162, -1,
      162, 92, 91, -1,
      162, 91, 163, -1,
      91, 80, 163, -1,
      163, 80, 79, -1,
      163, 79, 207, -1,
      207, 79, 78, -1,
      207, 78, 240, -1,
      240, 78, 90, -1,
      240, 90, 241, -1,
      241, 90, 89, -1,
      241, 89, 243, -1,
      243, 89, 88, -1,
      243, 88, 245, -1,
      245, 88, 87, -1,
      245, 87, 247, -1,
      249, 247, 86, -1,
      86, 247, 87, -1,
      249, 86, 57, -1,
      249, 57, 302, -1,
      302, 57, 56, -1,
      302, 56, 293, -1,
      293, 56, 55, -1,
      293, 55, 304, -1,
      304, 55, 40, -1,
      304, 40, 296, -1,
      296, 40, 42, -1,
      296, 42, 297, -1,
      297, 42, 43, -1,
      297, 43, 305, -1,
      305, 43, 77, -1,
      305, 77, 306, -1,
      306, 77, 76, -1,
      306, 76, 307, -1,
      307, 76, 74, -1,
      307, 74, 298, -1,
      298, 74, 73, -1,
      298, 73, 299, -1,
      299, 73, 83, -1,
      299, 83, 300, -1,
      300, 83, 82, -1,
      300, 82, 301, -1,
      301, 82, 62, -1,
      301, 62, 294, -1,
      294, 62, 61, -1,
      294, 61, 295, -1,
      295, 61, 60, -1,
      295, 60, 303, -1,
      303, 60, 59, -1,
      303, 59, 250, -1,
      250, 59, 58, -1,
      250, 58, 248, -1,
      246, 248, 47, -1,
      47, 248, 58, -1,
      246, 47, 46, -1,
      246, 46, 244, -1,
      244, 46, 45, -1,
      244, 45, 242, -1,
      242, 45, 44, -1,
      242, 44, 208, -1,
      208, 44, 50, -1,
      208, 50, 206, -1,
      206, 50, 49, -1,
      206, 49, 164, -1,
      164, 49, 48, -1,
      164, 48, 239, -1,
      239, 48, 2, -1,
      239, 2, 238, -1,
      238, 2, 150, -1,
      238, 150, 149, -1,
      276, 308, 309, -1,
      276, 309, 160, -1,
      160, 309, 310, -1,
      160, 310, 161, -1,
      161, 310, 311, -1,
      161, 311, 165, -1,
      165, 311, 312, -1,
      165, 312, 166, -1,
      166, 312, 313, -1,
      166, 313, 171, -1,
      171, 313, 314, -1,
      171, 314, 172, -1,
      172, 314, 315, -1,
      172, 315, 174, -1,
      174, 315, 316, -1,
      174, 316, 290, -1,
      290, 316, 317, -1,
      290, 317, 288, -1,
      288, 317, 318, -1,
      288, 318, 286, -1,
      286, 318, 319, -1,
      286, 319, 284, -1,
      284, 319, 320, -1,
      284, 320, 282, -1,
      282, 320, 321, -1,
      282, 321, 280, -1,
      280, 321, 322, -1,
      280, 322, 178, -1,
      178, 322, 323, -1,
      178, 323, 176, -1,
      176, 323, 324, -1,
      176, 324, 175, -1,
      175, 324, 325, -1,
      175, 325, 273, -1,
      273, 325, 326, -1,
      273, 326, 274, -1,
      274, 326, 327, -1,
      274, 327, 275, -1,
      275, 327, 328, -1,
      275, 328, 205, -1,
      205, 328, 329, -1,
      205, 329, 204, -1,
      204, 329, 330, -1,
      204, 330, 202, -1,
      202, 330, 331, -1,
      202, 331, 200, -1,
      200, 331, 332, -1,
      200, 332, 198, -1,
      198, 332, 333, -1,
      198, 333, 196, -1,
      196, 333, 308, -1,
      196, 308, 276, -1,
    ]
  }
}

Shape {
  appearance Appearance {
    material Material {
      diffuseColor 0.8314 0.8392 0.8314
      specularColor 0.4980 0.5020 0.4980
      ambientIntensity 0.2
      transparency 0.0000
      shininess 0.5
    }
  }
  geometry IndexedFaceSet {
    ccw TRUE
    solid FALSE
    coord DEF co Coordinate {
      point [
        -0.984252 -0.511811 0.275591,
        -0.984252 -0.511811 0.000000,
        -0.511811 -0.984252 0.000000,
        -0.511811 -0.984252 0.275591,
        -0.984252 0.511811 0.000000,
        -0.984252 0.511811 0.275591,
        0.511811 -0.984252 0.275591,
        0.511811 -0.984252 0.000000,
        0.984252 -0.511811 0.275591,
        0.984252 -0.511811 0.000000,
        0.984252 0.511811 0.275591,
        0.984252 0.511811 0.000000,
        -1.023622 0.511811 0.000000,
        -1.023622 0.511811 0.275591,
        -1.023622 -0.511811 0.000000,
        -1.023622 -0.511811 0.275591,
        -0.511811 -1.023622 0.000000,
        -0.511811 -1.023622 0.275591,
        0.511811 -1.023622 0.000000,
        0.511811 -1.023622 0.275591,
        1.023622 -0.511811 0.000000,
        1.023622 -0.511811 0.275591,
        1.023622 0.511811 0.000000,
        1.023622 0.511811 0.275591,
        0.285020 1.023622 0.110982,
        0.281278 1.023622 0.110554,
        0.277055 1.023622 0.109021,
        0.273401 1.023622 0.106531,
        0.270482 1.023622 0.103244,
        0.268520 1.023622 0.099496,
        0.267499 1.023622 0.095268,
        0.267522 1.023622 0.091010,
        0.268652 1.023622 0.086650,
        0.270812 1.023622 0.082752,
        0.273838 1.023622 0.079530,
        0.277404 1.023622 0.077228,
        0.281424 1.023622 0.075847,
        0.285272 1.023622 0.075459,
        0.289245 1.023622 0.075942,
        0.293445 1.023622 0.077530,
        0.297062 1.023622 0.080064,
        0.299939 1.023622 0.083391,
        0.301851 1.023622 0.087164,
        0.302813 1.023622 0.091369,
        0.302785 1.023622 0.095324,
        0.301696 1.023622 0.099690,
        0.299541 1.023622 0.103624,
        0.296520 1.023622 0.106848,
        0.292863 1.023622 0.109207,
        0.288831 1.023622 0.110593,
      ]
    }
    coordIndex [
      43, 49, 44, -1,
      44, 49, 48, -1,
      30, 29, 35, -1,
      35, 29, 28, -1,
      35, 28, 27, -1,
      48, 47, 44, -1,
      44, 47, 46, -1,
      44, 46, 45, -1,
      43, 42, 49, -1,
      49, 42, 41, -1,
      49, 41, 40, -1,
      35, 34, 30, -1,
      30, 34, 33, -1,
      30, 33, 31, -1,
      31, 33, 32, -1,
      49, 37, 24, -1,
      24, 37, 36, -1,
      24, 36, 25, -1,
      25, 36, 35, -1,
      25, 35, 26, -1,
      26, 35, 27, -1,
      40, 39, 49, -1,
      49, 39, 38, -1,
      49, 38, 37, -1,
      20, 22, 21, -1,
      21, 22, 23, -1,
      11, 9, 10, -1,
      10, 9, 8, -1,
      9, 11, 20, -1,
      20, 11, 22, -1,
      16, 18, 17, -1,
      17, 18, 19, -1,
      7, 2, 6, -1,
      6, 2, 3, -1,
      16, 2, 18, -1,
      18, 2, 7, -1,
      1, 4, 0, -1,
      0, 4, 5, -1,
      12, 14, 13, -1,
      13, 14, 15, -1,
      14, 12, 1, -1,
      1, 12, 4, -1,
    ]
  }
}
